run_idx,arm,block,step_idx,step_ms,used
1,d2,0,0,9.348708,0
1,d2,0,1,8.278500,0
1,d2,0,2,8.209000,0
1,d2,0,3,8.201584,0
1,d2,0,4,8.195584,0
1,d2,0,5,8.152583,0
1,d2,0,6,8.172583,0
1,d2,0,7,8.184208,0
1,d2,0,8,8.194625,1
1,d2,0,9,8.144625,1
1,d2,0,10,8.195791,1
1,d2,0,11,8.183459,1
1,d2,0,12,8.174917,1
1,d2,0,13,8.170458,1
1,d2,0,14,8.180500,1
1,d2,0,15,8.184708,1
1,d2,0,16,8.227667,1
1,d2,0,17,8.162709,1
1,d2,0,18,8.300792,1
1,d2,0,19,8.132000,1
1,d2,0,20,8.225375,1
1,d2,0,21,8.169334,1
1,d2,0,22,8.244667,1
1,d2,0,23,8.182833,1
1,d2,0,24,8.206375,1
1,d2,0,25,8.174875,1
1,d2,0,26,8.251916,1
1,d2,0,27,8.148667,1
1,d2,0,28,8.199625,1
1,d2,0,29,8.175542,1
1,d2,0,30,8.223209,1
1,d2,0,31,8.182083,1
1,d2,0,32,8.202167,1
1,d2,0,33,8.173125,1
1,d2,0,34,8.195959,1
1,d2,0,35,8.183708,1
1,d2,0,36,8.181750,1
1,d2,0,37,8.114792,1
1,d2,0,38,8.204833,1
1,d2,0,39,8.175417,1
1,d2,0,40,8.180625,1
1,d2,0,41,8.198667,1
1,d2,0,42,8.198167,1
1,d2,0,43,8.164833,1
1,d2,0,44,8.198417,1
1,d2,0,45,8.180875,1
1,d2,0,46,8.200041,1
1,d2,0,47,8.198583,1
1,d2,0,48,8.205542,1
1,d2,0,49,8.161000,1
1,d2,0,50,8.193500,1
1,d2,0,51,8.202208,1
1,d2,0,52,8.180500,1
1,d2,0,53,8.196583,1
1,d2,0,54,8.166500,1
1,d2,0,55,8.177667,1
1,d2,0,56,8.166000,1
1,d2,0,57,8.186083,1
1,d2,0,58,8.172292,1
1,d2,0,59,8.208750,1
1,d2,0,60,8.191125,1
1,d2,0,61,8.165666,1
1,d2,0,62,8.172417,1
1,d2,0,63,8.193334,1
1,d2,0,64,8.194291,1
1,d2,0,65,8.214625,1
1,d2,0,66,8.187042,1
1,d2,0,67,8.204709,1
1,d2,0,68,8.175833,1
1,d2,0,69,8.202083,1
1,d2,0,70,8.168250,1
1,d2,0,71,8.221958,1
1,d2,0,72,8.172500,1
1,d2,0,73,8.236833,1
1,d2,0,74,8.169042,1
1,d2,0,75,8.219500,1
1,d2,0,76,8.174708,1
1,d2,0,77,8.241791,1
1,d2,0,78,8.270292,1
1,d2,0,79,8.251916,1
1,d2,0,80,8.173250,1
1,d2,0,81,8.211416,1
1,d2,0,82,8.181375,1
1,d2,0,83,8.249583,1
1,d2,0,84,8.183875,1
1,d2,0,85,8.229667,1
1,d2,0,86,8.178458,1
1,d2,0,87,8.225583,1
1,d2,0,88,8.183041,1
1,d2,0,89,8.205875,1
1,d2,0,90,8.201792,1
1,d2,0,91,8.307916,1
1,d2,0,92,8.191916,1
1,d2,0,93,8.239667,1
1,d2,0,94,8.200791,1
1,d2,0,95,8.229709,1
1,d2,0,96,8.198167,1
1,d2,0,97,8.221167,1
1,d2,0,98,8.197083,1
1,d2,0,99,8.222292,1
1,d2,0,100,8.187875,1
1,d2,0,101,8.245042,1
1,d2,0,102,8.259083,1
1,d2,0,103,8.247500,1
1,d2,0,104,8.177458,1
1,d2,0,105,8.225875,1
1,d2,0,106,8.186084,1
1,d2,0,107,8.233875,1
1,d2,0,108,8.248875,1
1,d2,0,109,8.276916,1
1,d2,0,110,8.335875,1
1,d2,0,111,8.215917,1
1,d2,0,112,8.213791,1
1,d2,0,113,8.192500,1
1,d2,0,114,8.209291,1
1,d2,0,115,8.203500,1
1,d2,0,116,8.209167,1
1,d2,0,117,8.189375,1
1,d2,0,118,8.196167,1
1,d2,0,119,8.201667,1
1,d2,0,120,8.212083,1
1,d2,0,121,8.197167,1
1,d2,0,122,8.191292,1
1,d2,0,123,8.244041,1
1,d2,0,124,8.190500,1
1,d2,0,125,8.202667,1
1,d2,0,126,8.202292,1
1,d2,0,127,8.155083,1
1,d2,0,128,8.191834,1
1,d2,0,129,8.214708,1
1,d2,0,130,8.161708,1
1,d2,0,131,8.176833,1
1,d2,0,132,8.206833,1
1,d2,0,133,8.179708,1
1,d2,0,134,8.218125,1
1,d2,0,135,8.213125,1
1,d2,0,136,8.209042,1
1,d2,0,137,8.185667,1
1,d2,0,138,8.232042,1
1,d2,0,139,8.266833,1
1,d2,0,140,8.339500,1
1,d2,0,141,8.223709,1
1,d2,0,142,8.252541,1
1,d2,0,143,8.203583,1
1,d2,0,144,8.233667,1
1,d2,0,145,8.172958,1
1,d2,0,146,8.266917,1
1,d2,0,147,8.312833,1
1,d2,0,148,8.244000,1
1,d2,0,149,8.220625,1
1,d2,0,150,8.322333,1
1,d2,0,151,8.180208,1
1,d2,0,152,8.241625,1
1,d2,0,153,8.221542,1
1,d2,0,154,8.266167,1
1,d2,0,155,8.206042,1
1,d2,0,156,8.230292,1
1,d2,0,157,8.192875,1
1,d2,0,158,8.242458,1
1,d2,0,159,8.160833,1
2,d1,0,0,9.425042,0
2,d1,0,1,8.209417,0
2,d1,0,2,8.319417,0
2,d1,0,3,8.145750,0
2,d1,0,4,8.176958,0
2,d1,0,5,8.248875,0
2,d1,0,6,8.170417,0
2,d1,0,7,8.112417,0
2,d1,0,8,8.176834,1
2,d1,0,9,8.149333,1
2,d1,0,10,8.162750,1
2,d1,0,11,8.198042,1
2,d1,0,12,8.146667,1
2,d1,0,13,8.145125,1
2,d1,0,14,8.187083,1
2,d1,0,15,8.119000,1
2,d1,0,16,8.133375,1
2,d1,0,17,8.345292,1
2,d1,0,18,8.136333,1
2,d1,0,19,8.159417,1
2,d1,0,20,8.337458,1
2,d1,0,21,8.156041,1
2,d1,0,22,8.119000,1
2,d1,0,23,8.572708,1
2,d1,0,24,8.182916,1
2,d1,0,25,8.167125,1
2,d1,0,26,8.323542,1
2,d1,0,27,8.154750,1
2,d1,0,28,8.259709,1
2,d1,0,29,8.553041,1
2,d1,0,30,8.124417,1
2,d1,0,31,8.157833,1
2,d1,0,32,8.268333,1
2,d1,0,33,8.156459,1
2,d1,0,34,8.158583,1
2,d1,0,35,8.564000,1
2,d1,0,36,8.151625,1
2,d1,0,37,8.151667,1
2,d1,0,38,8.337292,1
2,d1,0,39,8.132834,1
2,d1,0,40,8.115250,1
2,d1,0,41,8.394250,1
2,d1,0,42,8.195208,1
2,d1,0,43,8.183625,1
2,d1,0,44,8.402375,1
2,d1,0,45,8.157584,1
2,d1,0,46,8.165916,1
2,d1,0,47,8.300417,1
2,d1,0,48,8.151958,1
2,d1,0,49,8.204541,1
2,d1,0,50,8.236250,1
2,d1,0,51,8.134417,1
2,d1,0,52,8.165125,1
2,d1,0,53,8.485791,1
2,d1,0,54,8.166166,1
2,d1,0,55,8.294958,1
2,d1,0,56,8.374541,1
2,d1,0,57,8.127208,1
2,d1,0,58,8.147667,1
2,d1,0,59,8.573584,1
2,d1,0,60,8.212250,1
2,d1,0,61,8.163334,1
2,d1,0,62,8.443291,1
2,d1,0,63,8.137166,1
2,d1,0,64,8.187042,1
2,d1,0,65,8.518166,1
2,d1,0,66,8.222334,1
2,d1,0,67,8.249417,1
2,d1,0,68,8.555250,1
2,d1,0,69,8.147709,1
2,d1,0,70,8.172875,1
2,d1,0,71,8.559084,1
2,d1,0,72,8.152000,1
2,d1,0,73,8.406000,1
2,d1,0,74,8.739750,1
2,d1,0,75,8.215375,1
2,d1,0,76,8.175500,1
2,d1,0,77,8.508916,1
2,d1,0,78,8.130833,1
2,d1,0,79,8.207958,1
2,d1,0,80,8.476542,1
2,d1,0,81,8.187958,1
2,d1,0,82,8.134709,1
2,d1,0,83,8.418250,1
2,d1,0,84,8.137125,1
2,d1,0,85,8.289958,1
2,d1,0,86,8.480375,1
2,d1,0,87,8.296167,1
2,d1,0,88,8.319708,1
2,d1,0,89,8.645667,1
2,d1,0,90,8.113792,1
2,d1,0,91,8.310875,1
2,d1,0,92,8.451583,1
2,d1,0,93,8.160167,1
2,d1,0,94,8.108917,1
2,d1,0,95,8.471834,1
2,d1,0,96,8.121500,1
2,d1,0,97,8.506250,1
2,d1,0,98,8.503208,1
2,d1,0,99,8.260167,1
2,d1,0,100,8.268375,1
2,d1,0,101,8.470292,1
2,d1,0,102,8.204500,1
2,d1,0,103,8.232917,1
2,d1,0,104,8.546084,1
2,d1,0,105,8.432000,1
2,d1,0,106,8.243750,1
2,d1,0,107,8.661542,1
2,d1,0,108,8.189542,1
2,d1,0,109,8.184875,1
2,d1,0,110,8.494000,1
2,d1,0,111,8.212750,1
2,d1,0,112,8.328625,1
2,d1,0,113,8.529791,1
2,d1,0,114,8.223250,1
2,d1,0,115,8.193292,1
2,d1,0,116,8.502833,1
2,d1,0,117,8.294375,1
2,d1,0,118,8.271750,1
2,d1,0,119,8.617875,1
2,d1,0,120,8.260750,1
2,d1,0,121,8.249833,1
2,d1,0,122,8.496625,1
2,d1,0,123,8.172375,1
2,d1,0,124,8.293958,1
2,d1,0,125,8.579875,1
2,d1,0,126,8.163208,1
2,d1,0,127,8.247375,1
2,d1,0,128,8.615333,1
2,d1,0,129,8.211416,1
2,d1,0,130,8.297708,1
2,d1,0,131,8.556792,1
2,d1,0,132,8.209917,1
2,d1,0,133,8.314333,1
2,d1,0,134,8.530417,1
2,d1,0,135,8.214542,1
2,d1,0,136,8.397084,1
2,d1,0,137,8.405334,1
2,d1,0,138,8.113916,1
2,d1,0,139,8.236292,1
2,d1,0,140,8.368125,1
2,d1,0,141,8.130334,1
2,d1,0,142,8.219334,1
2,d1,0,143,8.385292,1
2,d1,0,144,8.104458,1
2,d1,0,145,8.112958,1
2,d1,0,146,8.431125,1
2,d1,0,147,8.104375,1
2,d1,0,148,8.166708,1
2,d1,0,149,8.318625,1
2,d1,0,150,8.042541,1
2,d1,0,151,8.264500,1
2,d1,0,152,8.366500,1
2,d1,0,153,8.151250,1
2,d1,0,154,8.253209,1
2,d1,0,155,8.440625,1
2,d1,0,156,8.038833,1
2,d1,0,157,8.258375,1
2,d1,0,158,8.444167,1
2,d1,0,159,8.177667,1
3,ship,0,0,9.373458,0
3,ship,0,1,8.469666,0
3,ship,0,2,8.325375,0
3,ship,0,3,8.299167,0
3,ship,0,4,8.244250,0
3,ship,0,5,8.266208,0
3,ship,0,6,8.189958,0
3,ship,0,7,8.250250,0
3,ship,0,8,8.214792,1
3,ship,0,9,8.295709,1
3,ship,0,10,8.195333,1
3,ship,0,11,8.234916,1
3,ship,0,12,8.204083,1
3,ship,0,13,8.222042,1
3,ship,0,14,8.217125,1
3,ship,0,15,8.229917,1
3,ship,0,16,8.204125,1
3,ship,0,17,8.238167,1
3,ship,0,18,8.219875,1
3,ship,0,19,8.241500,1
3,ship,0,20,8.229542,1
3,ship,0,21,8.284000,1
3,ship,0,22,8.223083,1
3,ship,0,23,8.289875,1
3,ship,0,24,8.242708,1
3,ship,0,25,8.246166,1
3,ship,0,26,8.223959,1
3,ship,0,27,8.219166,1
3,ship,0,28,8.219833,1
3,ship,0,29,8.223875,1
3,ship,0,30,8.210583,1
3,ship,0,31,8.234916,1
3,ship,0,32,8.213750,1
3,ship,0,33,8.219291,1
3,ship,0,34,8.198834,1
3,ship,0,35,8.240583,1
3,ship,0,36,8.224834,1
3,ship,0,37,8.205000,1
3,ship,0,38,8.207750,1
3,ship,0,39,8.223334,1
3,ship,0,40,8.248125,1
3,ship,0,41,8.205125,1
3,ship,0,42,8.223667,1
3,ship,0,43,8.213583,1
3,ship,0,44,8.247250,1
3,ship,0,45,8.223084,1
3,ship,0,46,8.214375,1
3,ship,0,47,8.183334,1
3,ship,0,48,8.221750,1
3,ship,0,49,8.221792,1
3,ship,0,50,8.215750,1
3,ship,0,51,8.227625,1
3,ship,0,52,8.234250,1
3,ship,0,53,8.210250,1
3,ship,0,54,8.230791,1
3,ship,0,55,8.232958,1
3,ship,0,56,8.247708,1
3,ship,0,57,8.244792,1
3,ship,0,58,8.244417,1
3,ship,0,59,8.196334,1
3,ship,0,60,8.234042,1
3,ship,0,61,8.217875,1
3,ship,0,62,8.226625,1
3,ship,0,63,8.212333,1
3,ship,0,64,8.241792,1
3,ship,0,65,8.201292,1
3,ship,0,66,8.230292,1
3,ship,0,67,8.208834,1
3,ship,0,68,8.297042,1
3,ship,0,69,8.226125,1
3,ship,0,70,8.229167,1
3,ship,0,71,8.257208,1
3,ship,0,72,8.295500,1
3,ship,0,73,8.232958,1
3,ship,0,74,8.236333,1
3,ship,0,75,8.234958,1
3,ship,0,76,8.253125,1
3,ship,0,77,8.263792,1
3,ship,0,78,8.261833,1
3,ship,0,79,8.220458,1
3,ship,0,80,8.282208,1
3,ship,0,81,8.206541,1
3,ship,0,82,8.263541,1
3,ship,0,83,8.229500,1
3,ship,0,84,8.272541,1
3,ship,0,85,8.214958,1
3,ship,0,86,8.281292,1
3,ship,0,87,8.322083,1
3,ship,0,88,8.376250,1
3,ship,0,89,8.263708,1
3,ship,0,90,8.305750,1
3,ship,0,91,8.225833,1
3,ship,0,92,8.306084,1
3,ship,0,93,8.235333,1
3,ship,0,94,8.290750,1
3,ship,0,95,8.297792,1
3,ship,0,96,8.275375,1
3,ship,0,97,8.240459,1
3,ship,0,98,8.301292,1
3,ship,0,99,8.227333,1
3,ship,0,100,8.277958,1
3,ship,0,101,8.221792,1
3,ship,0,102,8.282750,1
3,ship,0,103,8.255541,1
3,ship,0,104,8.265584,1
3,ship,0,105,8.248084,1
3,ship,0,106,8.284041,1
3,ship,0,107,8.255833,1
3,ship,0,108,8.294833,1
3,ship,0,109,8.214959,1
3,ship,0,110,8.255917,1
3,ship,0,111,8.248958,1
3,ship,0,112,8.253542,1
3,ship,0,113,8.238166,1
3,ship,0,114,8.248584,1
3,ship,0,115,8.237125,1
3,ship,0,116,8.277250,1
3,ship,0,117,8.333625,1
3,ship,0,118,8.363333,1
3,ship,0,119,8.330750,1
3,ship,0,120,8.295375,1
3,ship,0,121,8.296292,1
3,ship,0,122,8.251833,1
3,ship,0,123,8.247833,1
3,ship,0,124,8.253125,1
3,ship,0,125,8.252958,1
3,ship,0,126,8.259209,1
3,ship,0,127,8.244917,1
3,ship,0,128,8.278791,1
3,ship,0,129,8.242417,1
3,ship,0,130,8.292500,1
3,ship,0,131,8.252750,1
3,ship,0,132,8.295916,1
3,ship,0,133,8.254334,1
3,ship,0,134,8.291166,1
3,ship,0,135,8.226041,1
3,ship,0,136,8.281209,1
3,ship,0,137,8.231250,1
3,ship,0,138,8.252667,1
3,ship,0,139,8.228750,1
3,ship,0,140,8.280167,1
3,ship,0,141,8.218208,1
3,ship,0,142,8.300125,1
3,ship,0,143,8.268375,1
3,ship,0,144,8.257959,1
3,ship,0,145,8.246250,1
3,ship,0,146,8.244542,1
3,ship,0,147,8.317584,1
3,ship,0,148,8.286208,1
3,ship,0,149,8.217833,1
3,ship,0,150,8.251750,1
3,ship,0,151,8.238500,1
3,ship,0,152,8.264625,1
3,ship,0,153,8.256292,1
3,ship,0,154,8.250750,1
3,ship,0,155,8.242958,1
3,ship,0,156,8.249500,1
3,ship,0,157,8.252041,1
3,ship,0,158,8.281667,1
3,ship,0,159,8.259792,1
4,ctl,0,0,9.354750,0
4,ctl,0,1,8.355625,0
4,ctl,0,2,8.398166,0
4,ctl,0,3,8.264083,0
4,ctl,0,4,8.369708,0
4,ctl,0,5,8.240292,0
4,ctl,0,6,8.286625,0
4,ctl,0,7,8.195875,0
4,ctl,0,8,8.261917,1
4,ctl,0,9,8.213583,1
4,ctl,0,10,8.248083,1
4,ctl,0,11,8.191291,1
4,ctl,0,12,8.322417,1
4,ctl,0,13,8.230125,1
4,ctl,0,14,8.222291,1
4,ctl,0,15,8.213167,1
4,ctl,0,16,8.272750,1
4,ctl,0,17,8.223125,1
4,ctl,0,18,8.257625,1
4,ctl,0,19,8.208625,1
4,ctl,0,20,8.242375,1
4,ctl,0,21,8.229417,1
4,ctl,0,22,8.233000,1
4,ctl,0,23,8.240833,1
4,ctl,0,24,8.232917,1
4,ctl,0,25,8.211042,1
4,ctl,0,26,8.244958,1
4,ctl,0,27,8.235792,1
4,ctl,0,28,8.252375,1
4,ctl,0,29,8.209791,1
4,ctl,0,30,8.253917,1
4,ctl,0,31,8.258916,1
4,ctl,0,32,8.238417,1
4,ctl,0,33,8.233042,1
4,ctl,0,34,8.249125,1
4,ctl,0,35,8.216875,1
4,ctl,0,36,8.240584,1
4,ctl,0,37,8.249625,1
4,ctl,0,38,8.267833,1
4,ctl,0,39,8.234375,1
4,ctl,0,40,8.288541,1
4,ctl,0,41,8.263208,1
4,ctl,0,42,8.249875,1
4,ctl,0,43,8.241958,1
4,ctl,0,44,8.255041,1
4,ctl,0,45,8.242333,1
4,ctl,0,46,8.244833,1
4,ctl,0,47,8.218708,1
4,ctl,0,48,8.258667,1
4,ctl,0,49,8.242666,1
4,ctl,0,50,8.259042,1
4,ctl,0,51,8.253125,1
4,ctl,0,52,8.246958,1
4,ctl,0,53,8.251542,1
4,ctl,0,54,8.240334,1
4,ctl,0,55,8.252583,1
4,ctl,0,56,8.227417,1
4,ctl,0,57,8.219875,1
4,ctl,0,58,8.227542,1
4,ctl,0,59,8.251417,1
4,ctl,0,60,8.233459,1
4,ctl,0,61,8.256625,1
4,ctl,0,62,8.270042,1
4,ctl,0,63,8.273500,1
4,ctl,0,64,8.224125,1
4,ctl,0,65,8.250041,1
4,ctl,0,66,8.235250,1
4,ctl,0,67,8.262916,1
4,ctl,0,68,8.230333,1
4,ctl,0,69,8.266333,1
4,ctl,0,70,8.244208,1
4,ctl,0,71,8.271542,1
4,ctl,0,72,8.254417,1
4,ctl,0,73,8.266125,1
4,ctl,0,74,8.236750,1
4,ctl,0,75,8.246958,1
4,ctl,0,76,8.239875,1
4,ctl,0,77,8.260458,1
4,ctl,0,78,8.266958,1
4,ctl,0,79,8.258583,1
4,ctl,0,80,8.237167,1
4,ctl,0,81,8.262834,1
4,ctl,0,82,8.256041,1
4,ctl,0,83,8.251917,1
4,ctl,0,84,8.235167,1
4,ctl,0,85,8.277750,1
4,ctl,0,86,8.261166,1
4,ctl,0,87,8.299958,1
4,ctl,0,88,8.387708,1
4,ctl,0,89,8.280750,1
4,ctl,0,90,8.251584,1
4,ctl,0,91,8.253458,1
4,ctl,0,92,8.230084,1
4,ctl,0,93,8.243459,1
4,ctl,0,94,8.249125,1
4,ctl,0,95,8.239875,1
4,ctl,0,96,8.243083,1
4,ctl,0,97,8.262209,1
4,ctl,0,98,8.307667,1
4,ctl,0,99,8.263875,1
4,ctl,0,100,8.225375,1
4,ctl,0,101,8.264000,1
4,ctl,0,102,8.267833,1
4,ctl,0,103,8.256250,1
4,ctl,0,104,8.227584,1
4,ctl,0,105,8.341916,1
4,ctl,0,106,8.254375,1
4,ctl,0,107,8.274708,1
4,ctl,0,108,8.228583,1
4,ctl,0,109,8.288250,1
4,ctl,0,110,8.240917,1
4,ctl,0,111,8.263250,1
4,ctl,0,112,8.241000,1
4,ctl,0,113,8.315041,1
4,ctl,0,114,8.238042,1
4,ctl,0,115,8.355875,1
4,ctl,0,116,8.238208,1
4,ctl,0,117,8.288083,1
4,ctl,0,118,8.335208,1
4,ctl,0,119,8.419250,1
4,ctl,0,120,8.369292,1
4,ctl,0,121,8.286333,1
4,ctl,0,122,8.235000,1
4,ctl,0,123,8.268375,1
4,ctl,0,124,8.248875,1
4,ctl,0,125,8.268375,1
4,ctl,0,126,8.258417,1
4,ctl,0,127,8.255041,1
4,ctl,0,128,8.266833,1
4,ctl,0,129,8.263666,1
4,ctl,0,130,8.261208,1
4,ctl,0,131,8.293250,1
4,ctl,0,132,8.249500,1
4,ctl,0,133,8.311542,1
4,ctl,0,134,8.248000,1
4,ctl,0,135,8.253625,1
4,ctl,0,136,8.264708,1
4,ctl,0,137,8.293541,1
4,ctl,0,138,8.251833,1
4,ctl,0,139,8.274500,1
4,ctl,0,140,8.248250,1
4,ctl,0,141,8.258333,1
4,ctl,0,142,8.255417,1
4,ctl,0,143,8.284666,1
4,ctl,0,144,8.291583,1
4,ctl,0,145,8.271167,1
4,ctl,0,146,8.246916,1
4,ctl,0,147,8.266708,1
4,ctl,0,148,8.344500,1
4,ctl,0,149,8.313167,1
4,ctl,0,150,8.265292,1
4,ctl,0,151,8.278959,1
4,ctl,0,152,8.250584,1
4,ctl,0,153,8.288459,1
4,ctl,0,154,8.264541,1
4,ctl,0,155,8.267416,1
4,ctl,0,156,8.286625,1
4,ctl,0,157,8.327167,1
4,ctl,0,158,8.283459,1
4,ctl,0,159,8.289042,1
5,d2,1,0,9.300542,0
5,d2,1,1,8.258834,0
5,d2,1,2,8.230125,0
5,d2,1,3,8.173334,0
5,d2,1,4,8.203625,0
5,d2,1,5,8.167375,0
5,d2,1,6,8.243792,0
5,d2,1,7,8.275500,0
5,d2,1,8,8.163917,1
5,d2,1,9,8.159708,1
5,d2,1,10,8.167917,1
5,d2,1,11,8.137958,1
5,d2,1,12,8.174791,1
5,d2,1,13,8.165375,1
5,d2,1,14,8.200750,1
5,d2,1,15,8.132834,1
5,d2,1,16,8.213125,1
5,d2,1,17,8.177500,1
5,d2,1,18,8.278084,1
5,d2,1,19,8.155125,1
5,d2,1,20,8.223958,1
5,d2,1,21,8.153708,1
5,d2,1,22,8.184792,1
5,d2,1,23,8.164458,1
5,d2,1,24,8.173250,1
5,d2,1,25,8.163500,1
5,d2,1,26,8.166667,1
5,d2,1,27,8.167792,1
5,d2,1,28,8.159958,1
5,d2,1,29,8.175834,1
5,d2,1,30,8.177959,1
5,d2,1,31,8.164083,1
5,d2,1,32,8.186916,1
5,d2,1,33,8.162291,1
5,d2,1,34,8.176458,1
5,d2,1,35,8.166625,1
5,d2,1,36,8.214958,1
5,d2,1,37,8.185792,1
5,d2,1,38,8.199167,1
5,d2,1,39,8.174875,1
5,d2,1,40,8.207667,1
5,d2,1,41,8.176208,1
5,d2,1,42,8.183083,1
5,d2,1,43,8.194416,1
5,d2,1,44,8.185709,1
5,d2,1,45,8.211583,1
5,d2,1,46,8.141916,1
5,d2,1,47,8.186417,1
5,d2,1,48,8.172292,1
5,d2,1,49,8.177084,1
5,d2,1,50,8.154375,1
5,d2,1,51,8.176000,1
5,d2,1,52,8.183375,1
5,d2,1,53,8.177750,1
5,d2,1,54,8.158708,1
5,d2,1,55,8.177958,1
5,d2,1,56,8.178125,1
5,d2,1,57,8.204750,1
5,d2,1,58,8.183875,1
5,d2,1,59,8.153000,1
5,d2,1,60,8.200500,1
5,d2,1,61,8.194417,1
5,d2,1,62,8.160000,1
5,d2,1,63,8.216250,1
5,d2,1,64,8.177875,1
5,d2,1,65,8.231417,1
5,d2,1,66,8.183084,1
5,d2,1,67,8.246625,1
5,d2,1,68,8.260292,1
5,d2,1,69,8.274125,1
5,d2,1,70,8.176250,1
5,d2,1,71,8.236042,1
5,d2,1,72,8.212459,1
5,d2,1,73,8.235083,1
5,d2,1,74,8.222541,1
5,d2,1,75,8.291166,1
5,d2,1,76,8.164042,1
5,d2,1,77,8.221500,1
5,d2,1,78,8.173791,1
5,d2,1,79,8.187875,1
5,d2,1,80,8.170417,1
5,d2,1,81,8.209708,1
5,d2,1,82,8.174041,1
5,d2,1,83,8.206167,1
5,d2,1,84,8.164959,1
5,d2,1,85,8.211459,1
5,d2,1,86,8.199041,1
5,d2,1,87,8.208625,1
5,d2,1,88,8.197666,1
5,d2,1,89,8.215000,1
5,d2,1,90,8.198792,1
5,d2,1,91,8.195000,1
5,d2,1,92,8.216000,1
5,d2,1,93,8.218834,1
5,d2,1,94,8.198875,1
5,d2,1,95,8.223875,1
5,d2,1,96,8.202583,1
5,d2,1,97,8.195958,1
5,d2,1,98,8.236125,1
5,d2,1,99,8.361334,1
5,d2,1,100,8.264208,1
5,d2,1,101,8.236625,1
5,d2,1,102,8.193833,1
5,d2,1,103,8.187084,1
5,d2,1,104,8.217375,1
5,d2,1,105,8.218042,1
5,d2,1,106,8.177666,1
5,d2,1,107,8.205542,1
5,d2,1,108,8.216250,1
5,d2,1,109,8.200584,1
5,d2,1,110,8.227084,1
5,d2,1,111,8.199000,1
5,d2,1,112,8.213666,1
5,d2,1,113,8.207417,1
5,d2,1,114,8.224875,1
5,d2,1,115,8.195042,1
5,d2,1,116,8.234416,1
5,d2,1,117,8.182708,1
5,d2,1,118,8.216791,1
5,d2,1,119,8.135208,1
5,d2,1,120,8.212833,1
5,d2,1,121,8.282291,1
5,d2,1,122,8.242792,1
5,d2,1,123,8.176875,1
5,d2,1,124,8.208583,1
5,d2,1,125,8.191166,1
5,d2,1,126,8.235042,1
5,d2,1,127,8.202208,1
5,d2,1,128,8.224583,1
5,d2,1,129,8.276792,1
5,d2,1,130,8.327417,1
5,d2,1,131,8.344334,1
5,d2,1,132,8.273208,1
5,d2,1,133,8.213750,1
5,d2,1,134,8.195458,1
5,d2,1,135,8.188167,1
5,d2,1,136,8.190666,1
5,d2,1,137,8.182417,1
5,d2,1,138,8.217375,1
5,d2,1,139,8.212791,1
5,d2,1,140,8.195875,1
5,d2,1,141,8.200625,1
5,d2,1,142,8.206834,1
5,d2,1,143,8.277250,1
5,d2,1,144,8.242458,1
5,d2,1,145,8.323292,1
5,d2,1,146,8.198500,1
5,d2,1,147,8.291416,1
5,d2,1,148,8.266750,1
5,d2,1,149,8.189416,1
5,d2,1,150,8.229917,1
5,d2,1,151,8.182750,1
5,d2,1,152,8.207584,1
5,d2,1,153,8.222417,1
5,d2,1,154,8.233833,1
5,d2,1,155,8.189417,1
5,d2,1,156,8.212333,1
5,d2,1,157,8.180959,1
5,d2,1,158,8.249625,1
5,d2,1,159,8.210500,1
6,d1,1,0,9.269750,0
6,d1,1,1,8.292250,0
6,d1,1,2,8.215459,0
6,d1,1,3,8.224250,0
6,d1,1,4,8.159750,0
6,d1,1,5,8.386417,0
6,d1,1,6,8.181459,0
6,d1,1,7,8.188958,0
6,d1,1,8,8.223333,1
6,d1,1,9,8.205375,1
6,d1,1,10,8.287416,1
6,d1,1,11,8.262875,1
6,d1,1,12,8.210792,1
6,d1,1,13,8.132208,1
6,d1,1,14,8.328417,1
6,d1,1,15,8.125333,1
6,d1,1,16,8.250375,1
6,d1,1,17,8.402167,1
6,d1,1,18,8.258708,1
6,d1,1,19,8.192667,1
6,d1,1,20,8.464125,1
6,d1,1,21,8.125750,1
6,d1,1,22,8.423916,1
6,d1,1,23,8.572333,1
6,d1,1,24,8.248417,1
6,d1,1,25,8.192000,1
6,d1,1,26,8.472542,1
6,d1,1,27,8.131000,1
6,d1,1,28,8.366041,1
6,d1,1,29,8.562167,1
6,d1,1,30,8.278042,1
6,d1,1,31,8.175667,1
6,d1,1,32,8.360292,1
6,d1,1,33,8.141958,1
6,d1,1,34,8.307458,1
6,d1,1,35,8.552458,1
6,d1,1,36,8.298833,1
6,d1,1,37,8.147084,1
6,d1,1,38,8.481084,1
6,d1,1,39,8.114083,1
6,d1,1,40,8.248542,1
6,d1,1,41,8.505250,1
6,d1,1,42,8.286958,1
6,d1,1,43,8.203541,1
6,d1,1,44,8.558959,1
6,d1,1,45,8.122333,1
6,d1,1,46,8.299167,1
6,d1,1,47,8.320250,1
6,d1,1,48,8.257416,1
6,d1,1,49,8.177708,1
6,d1,1,50,8.382375,1
6,d1,1,51,8.130625,1
6,d1,1,52,8.316833,1
6,d1,1,53,8.489708,1
6,d1,1,54,8.341584,1
6,d1,1,55,8.286458,1
6,d1,1,56,8.508083,1
6,d1,1,57,8.133625,1
6,d1,1,58,8.296875,1
6,d1,1,59,8.539125,1
6,d1,1,60,8.300709,1
6,d1,1,61,8.164208,1
6,d1,1,62,8.629250,1
6,d1,1,63,8.175000,1
6,d1,1,64,8.289416,1
6,d1,1,65,8.558709,1
6,d1,1,66,8.327958,1
6,d1,1,67,8.255000,1
6,d1,1,68,8.666125,1
6,d1,1,69,8.191459,1
6,d1,1,70,8.285292,1
6,d1,1,71,8.587542,1
6,d1,1,72,8.283833,1
6,d1,1,73,8.335208,1
6,d1,1,74,8.728792,1
6,d1,1,75,8.143667,1
6,d1,1,76,8.268250,1
6,d1,1,77,8.470250,1
6,d1,1,78,8.228625,1
6,d1,1,79,8.149916,1
6,d1,1,80,8.618250,1
6,d1,1,81,8.137583,1
6,d1,1,82,8.281042,1
6,d1,1,83,8.376000,1
6,d1,1,84,8.264084,1
6,d1,1,85,8.331417,1
6,d1,1,86,8.690042,1
6,d1,1,87,8.212042,1
6,d1,1,88,8.437416,1
6,d1,1,89,8.528708,1
6,d1,1,90,8.327125,1
6,d1,1,91,8.257291,1
6,d1,1,92,8.585250,1
6,d1,1,93,8.143208,1
6,d1,1,94,8.316791,1
6,d1,1,95,8.527583,1
6,d1,1,96,8.280417,1
6,d1,1,97,8.421417,1
6,d1,1,98,8.656792,1
6,d1,1,99,8.296708,1
6,d1,1,100,8.288458,1
6,d1,1,101,8.577208,1
6,d1,1,102,8.210541,1
6,d1,1,103,8.283916,1
6,d1,1,104,8.525417,1
6,d1,1,105,8.323000,1
6,d1,1,106,8.312791,1
6,d1,1,107,8.693625,1
6,d1,1,108,8.360625,1
6,d1,1,109,8.274000,1
6,d1,1,110,8.530584,1
6,d1,1,111,8.188541,1
6,d1,1,112,8.412666,1
6,d1,1,113,8.526583,1
6,d1,1,114,8.136209,1
6,d1,1,115,8.195417,1
6,d1,1,116,8.608875,1
6,d1,1,117,8.233125,1
6,d1,1,118,8.224416,1
6,d1,1,119,8.543459,1
6,d1,1,120,8.209458,1
6,d1,1,121,8.212708,1
6,d1,1,122,8.432084,1
6,d1,1,123,8.211375,1
6,d1,1,124,8.276667,1
6,d1,1,125,8.391541,1
6,d1,1,126,8.042959,1
6,d1,1,127,8.145833,1
6,d1,1,128,8.374250,1
6,d1,1,129,8.116041,1
6,d1,1,130,8.129792,1
6,d1,1,131,8.378250,1
6,d1,1,132,8.045500,1
6,d1,1,133,8.248750,1
6,d1,1,134,8.407500,1
6,d1,1,135,8.036042,1
6,d1,1,136,8.300666,1
6,d1,1,137,8.379875,1
6,d1,1,138,8.063209,1
6,d1,1,139,8.256542,1
6,d1,1,140,8.438541,1
6,d1,1,141,8.092041,1
6,d1,1,142,8.247292,1
6,d1,1,143,8.398125,1
6,d1,1,144,8.095083,1
6,d1,1,145,8.051250,1
6,d1,1,146,8.465833,1
6,d1,1,147,8.169833,1
6,d1,1,148,8.353708,1
6,d1,1,149,8.391709,1
6,d1,1,150,8.187875,1
6,d1,1,151,8.320375,1
6,d1,1,152,8.484042,1
6,d1,1,153,8.164875,1
6,d1,1,154,8.318833,1
6,d1,1,155,8.481583,1
6,d1,1,156,8.156791,1
6,d1,1,157,8.274833,1
6,d1,1,158,8.388875,1
6,d1,1,159,8.154875,1
7,ctl,1,0,9.543041,0
7,ctl,1,1,8.371292,0
7,ctl,1,2,8.237375,0
7,ctl,1,3,8.235000,0
7,ctl,1,4,8.239125,0
7,ctl,1,5,8.267417,0
7,ctl,1,6,8.242209,0
7,ctl,1,7,8.221458,0
7,ctl,1,8,8.212750,1
7,ctl,1,9,8.242000,1
7,ctl,1,10,8.195666,1
7,ctl,1,11,8.250666,1
7,ctl,1,12,8.221208,1
7,ctl,1,13,8.236667,1
7,ctl,1,14,8.232875,1
7,ctl,1,15,8.250333,1
7,ctl,1,16,8.230875,1
7,ctl,1,17,8.240167,1
7,ctl,1,18,8.246833,1
7,ctl,1,19,8.229583,1
7,ctl,1,20,8.217167,1
7,ctl,1,21,8.229500,1
7,ctl,1,22,8.254667,1
7,ctl,1,23,8.217084,1
7,ctl,1,24,8.260125,1
7,ctl,1,25,8.214209,1
7,ctl,1,26,8.213541,1
7,ctl,1,27,8.233917,1
7,ctl,1,28,8.227333,1
7,ctl,1,29,8.218792,1
7,ctl,1,30,8.240583,1
7,ctl,1,31,8.215625,1
7,ctl,1,32,8.232375,1
7,ctl,1,33,8.223250,1
7,ctl,1,34,8.249500,1
7,ctl,1,35,8.218667,1
7,ctl,1,36,8.251375,1
7,ctl,1,37,8.226041,1
7,ctl,1,38,8.240584,1
7,ctl,1,39,8.232917,1
7,ctl,1,40,8.242292,1
7,ctl,1,41,8.232125,1
7,ctl,1,42,8.244333,1
7,ctl,1,43,8.236292,1
7,ctl,1,44,8.243375,1
7,ctl,1,45,8.223000,1
7,ctl,1,46,8.259875,1
7,ctl,1,47,8.250208,1
7,ctl,1,48,8.271292,1
7,ctl,1,49,8.231375,1
7,ctl,1,50,8.267625,1
7,ctl,1,51,8.249875,1
7,ctl,1,52,8.256292,1
7,ctl,1,53,8.214917,1
7,ctl,1,54,8.292250,1
7,ctl,1,55,8.227375,1
7,ctl,1,56,8.257875,1
7,ctl,1,57,8.199291,1
7,ctl,1,58,8.271083,1
7,ctl,1,59,8.235750,1
7,ctl,1,60,8.273542,1
7,ctl,1,61,8.220000,1
7,ctl,1,62,8.264042,1
7,ctl,1,63,8.323042,1
7,ctl,1,64,8.286542,1
7,ctl,1,65,8.253375,1
7,ctl,1,66,8.288250,1
7,ctl,1,67,8.231125,1
7,ctl,1,68,8.285833,1
7,ctl,1,69,8.239416,1
7,ctl,1,70,8.282333,1
7,ctl,1,71,8.262917,1
7,ctl,1,72,8.285750,1
7,ctl,1,73,8.233500,1
7,ctl,1,74,8.286875,1
7,ctl,1,75,8.247000,1
7,ctl,1,76,8.254583,1
7,ctl,1,77,8.245750,1
7,ctl,1,78,8.247167,1
7,ctl,1,79,8.235833,1
7,ctl,1,80,8.239583,1
7,ctl,1,81,8.242833,1
7,ctl,1,82,8.276250,1
7,ctl,1,83,8.237916,1
7,ctl,1,84,8.264000,1
7,ctl,1,85,8.229458,1
7,ctl,1,86,8.275167,1
7,ctl,1,87,8.258875,1
7,ctl,1,88,8.362583,1
7,ctl,1,89,8.299791,1
7,ctl,1,90,8.244125,1
7,ctl,1,91,8.239333,1
7,ctl,1,92,8.250084,1
7,ctl,1,93,8.238917,1
7,ctl,1,94,8.244208,1
7,ctl,1,95,8.244500,1
7,ctl,1,96,8.257834,1
7,ctl,1,97,8.268584,1
7,ctl,1,98,8.238542,1
7,ctl,1,99,8.232875,1
7,ctl,1,100,8.247583,1
7,ctl,1,101,8.259584,1
7,ctl,1,102,8.237667,1
7,ctl,1,103,8.246292,1
7,ctl,1,104,8.243250,1
7,ctl,1,105,8.254417,1
7,ctl,1,106,8.246750,1
7,ctl,1,107,8.235709,1
7,ctl,1,108,8.246750,1
7,ctl,1,109,8.253250,1
7,ctl,1,110,8.238833,1
7,ctl,1,111,8.247334,1
7,ctl,1,112,8.245917,1
7,ctl,1,113,8.247750,1
7,ctl,1,114,8.235958,1
7,ctl,1,115,8.222958,1
7,ctl,1,116,8.244791,1
7,ctl,1,117,8.261875,1
7,ctl,1,118,8.314333,1
7,ctl,1,119,8.323041,1
7,ctl,1,120,8.438000,1
7,ctl,1,121,8.278042,1
7,ctl,1,122,8.272458,1
7,ctl,1,123,8.242500,1
7,ctl,1,124,8.245458,1
7,ctl,1,125,8.271959,1
7,ctl,1,126,8.245166,1
7,ctl,1,127,8.276167,1
7,ctl,1,128,8.261959,1
7,ctl,1,129,8.242292,1
7,ctl,1,130,8.251417,1
7,ctl,1,131,8.270250,1
7,ctl,1,132,8.261792,1
7,ctl,1,133,8.262375,1
7,ctl,1,134,8.243792,1
7,ctl,1,135,8.277792,1
7,ctl,1,136,8.269000,1
7,ctl,1,137,8.232458,1
7,ctl,1,138,8.302042,1
7,ctl,1,139,8.314667,1
7,ctl,1,140,8.341833,1
7,ctl,1,141,8.258750,1
7,ctl,1,142,8.255417,1
7,ctl,1,143,8.252334,1
7,ctl,1,144,8.258042,1
7,ctl,1,145,8.295000,1
7,ctl,1,146,8.238958,1
7,ctl,1,147,8.280375,1
7,ctl,1,148,8.317667,1
7,ctl,1,149,8.299208,1
7,ctl,1,150,8.334125,1
7,ctl,1,151,8.237708,1
7,ctl,1,152,8.246917,1
7,ctl,1,153,8.267625,1
7,ctl,1,154,8.229417,1
7,ctl,1,155,8.292833,1
7,ctl,1,156,8.241417,1
7,ctl,1,157,8.292750,1
7,ctl,1,158,8.261625,1
7,ctl,1,159,8.280708,1
8,ship,1,0,9.470000,0
8,ship,1,1,8.368625,0
8,ship,1,2,8.276416,0
8,ship,1,3,8.242583,0
8,ship,1,4,8.267958,0
8,ship,1,5,8.223708,0
8,ship,1,6,8.275542,0
8,ship,1,7,8.203583,0
8,ship,1,8,8.267833,1
8,ship,1,9,8.237875,1
8,ship,1,10,8.247917,1
8,ship,1,11,8.218084,1
8,ship,1,12,8.268583,1
8,ship,1,13,8.198000,1
8,ship,1,14,8.272916,1
8,ship,1,15,8.210542,1
8,ship,1,16,8.243125,1
8,ship,1,17,8.195209,1
8,ship,1,18,8.351375,1
8,ship,1,19,8.191500,1
8,ship,1,20,8.256875,1
8,ship,1,21,8.230167,1
8,ship,1,22,8.299167,1
8,ship,1,23,8.217250,1
8,ship,1,24,8.264625,1
8,ship,1,25,8.206792,1
8,ship,1,26,8.257042,1
8,ship,1,27,8.211417,1
8,ship,1,28,8.222875,1
8,ship,1,29,8.218875,1
8,ship,1,30,8.214459,1
8,ship,1,31,8.227208,1
8,ship,1,32,8.246417,1
8,ship,1,33,8.239167,1
8,ship,1,34,8.239750,1
8,ship,1,35,8.243416,1
8,ship,1,36,8.211292,1
8,ship,1,37,8.266792,1
8,ship,1,38,8.245250,1
8,ship,1,39,8.289417,1
8,ship,1,40,8.294250,1
8,ship,1,41,8.272667,1
8,ship,1,42,8.303250,1
8,ship,1,43,8.272750,1
8,ship,1,44,8.269292,1
8,ship,1,45,8.269208,1
8,ship,1,46,8.240333,1
8,ship,1,47,8.246208,1
8,ship,1,48,8.229250,1
8,ship,1,49,8.228417,1
8,ship,1,50,8.258583,1
8,ship,1,51,8.248292,1
8,ship,1,52,8.226167,1
8,ship,1,53,8.228750,1
8,ship,1,54,8.269583,1
8,ship,1,55,8.235333,1
8,ship,1,56,8.260292,1
8,ship,1,57,8.246125,1
8,ship,1,58,8.277291,1
8,ship,1,59,8.250833,1
8,ship,1,60,8.247708,1
8,ship,1,61,8.227167,1
8,ship,1,62,8.296625,1
8,ship,1,63,8.252334,1
8,ship,1,64,8.237500,1
8,ship,1,65,8.268833,1
8,ship,1,66,8.258125,1
8,ship,1,67,8.239125,1
8,ship,1,68,8.257000,1
8,ship,1,69,8.247292,1
8,ship,1,70,8.308416,1
8,ship,1,71,8.245416,1
8,ship,1,72,8.265167,1
8,ship,1,73,8.253417,1
8,ship,1,74,8.205000,1
8,ship,1,75,8.256417,1
8,ship,1,76,8.187125,1
8,ship,1,77,8.235333,1
8,ship,1,78,8.218000,1
8,ship,1,79,8.236000,1
8,ship,1,80,8.224875,1
8,ship,1,81,8.297750,1
8,ship,1,82,8.335875,1
8,ship,1,83,8.284375,1
8,ship,1,84,8.220458,1
8,ship,1,85,8.253583,1
8,ship,1,86,8.242500,1
8,ship,1,87,8.264834,1
8,ship,1,88,8.241000,1
8,ship,1,89,8.240834,1
8,ship,1,90,8.235209,1
8,ship,1,91,8.242375,1
8,ship,1,92,8.235625,1
8,ship,1,93,8.256000,1
8,ship,1,94,8.244500,1
8,ship,1,95,8.256458,1
8,ship,1,96,8.259959,1
8,ship,1,97,8.278541,1
8,ship,1,98,8.250708,1
8,ship,1,99,8.282583,1
8,ship,1,100,8.253916,1
8,ship,1,101,8.271875,1
8,ship,1,102,8.263334,1
8,ship,1,103,8.256500,1
8,ship,1,104,8.222375,1
8,ship,1,105,8.268666,1
8,ship,1,106,8.232667,1
8,ship,1,107,8.305917,1
8,ship,1,108,8.227917,1
8,ship,1,109,8.291042,1
8,ship,1,110,8.200291,1
8,ship,1,111,8.270666,1
8,ship,1,112,8.324667,1
8,ship,1,113,8.438875,1
8,ship,1,114,8.358791,1
8,ship,1,115,8.311167,1
8,ship,1,116,8.248375,1
8,ship,1,117,8.279542,1
8,ship,1,118,8.243959,1
8,ship,1,119,8.300791,1
8,ship,1,120,8.243125,1
8,ship,1,121,8.285334,1
8,ship,1,122,8.263875,1
8,ship,1,123,8.295625,1
8,ship,1,124,8.243375,1
8,ship,1,125,8.296000,1
8,ship,1,126,8.331791,1
8,ship,1,127,8.312667,1
8,ship,1,128,8.328750,1
8,ship,1,129,8.322208,1
8,ship,1,130,8.344750,1
8,ship,1,131,8.297542,1
8,ship,1,132,8.246500,1
8,ship,1,133,8.314875,1
8,ship,1,134,8.230750,1
8,ship,1,135,8.316250,1
8,ship,1,136,8.241291,1
8,ship,1,137,8.289875,1
8,ship,1,138,8.264458,1
8,ship,1,139,8.325583,1
8,ship,1,140,8.251208,1
8,ship,1,141,8.303417,1
8,ship,1,142,8.280208,1
8,ship,1,143,8.404042,1
8,ship,1,144,8.292416,1
8,ship,1,145,8.299916,1
8,ship,1,146,8.290000,1
8,ship,1,147,8.291791,1
8,ship,1,148,8.242500,1
8,ship,1,149,8.298584,1
8,ship,1,150,8.274042,1
8,ship,1,151,8.262667,1
8,ship,1,152,8.255584,1
8,ship,1,153,8.292166,1
8,ship,1,154,8.239500,1
8,ship,1,155,8.265667,1
8,ship,1,156,8.237542,1
8,ship,1,157,8.256417,1
8,ship,1,158,8.241500,1
8,ship,1,159,8.274625,1
9,d2,2,0,9.416250,0
9,d2,2,1,8.273834,0
9,d2,2,2,8.219917,0
9,d2,2,3,8.210084,0
9,d2,2,4,8.194041,0
9,d2,2,5,8.178250,0
9,d2,2,6,8.177541,0
9,d2,2,7,8.158209,0
9,d2,2,8,8.197625,1
9,d2,2,9,8.177916,1
9,d2,2,10,8.179792,1
9,d2,2,11,8.163542,1
9,d2,2,12,8.172250,1
9,d2,2,13,8.163958,1
9,d2,2,14,8.191459,1
9,d2,2,15,8.144833,1
9,d2,2,16,8.173916,1
9,d2,2,17,8.166666,1
9,d2,2,18,8.169625,1
9,d2,2,19,8.191166,1
9,d2,2,20,8.175625,1
9,d2,2,21,8.191625,1
9,d2,2,22,8.142916,1
9,d2,2,23,8.192542,1
9,d2,2,24,8.150167,1
9,d2,2,25,8.175625,1
9,d2,2,26,8.162083,1
9,d2,2,27,8.202416,1
9,d2,2,28,8.140125,1
9,d2,2,29,8.186875,1
9,d2,2,30,8.161125,1
9,d2,2,31,8.206708,1
9,d2,2,32,8.183292,1
9,d2,2,33,8.222833,1
9,d2,2,34,8.166250,1
9,d2,2,35,8.193458,1
9,d2,2,36,8.162042,1
9,d2,2,37,8.225542,1
9,d2,2,38,8.166792,1
9,d2,2,39,8.239792,1
9,d2,2,40,8.186708,1
9,d2,2,41,8.238334,1
9,d2,2,42,8.177167,1
9,d2,2,43,8.235375,1
9,d2,2,44,8.235917,1
9,d2,2,45,8.252792,1
9,d2,2,46,8.158041,1
9,d2,2,47,8.223834,1
9,d2,2,48,8.164583,1
9,d2,2,49,8.210167,1
9,d2,2,50,8.168166,1
9,d2,2,51,8.223750,1
9,d2,2,52,8.185250,1
9,d2,2,53,8.193625,1
9,d2,2,54,8.177417,1
9,d2,2,55,8.210167,1
9,d2,2,56,8.191708,1
9,d2,2,57,8.217125,1
9,d2,2,58,8.200458,1
9,d2,2,59,8.206000,1
9,d2,2,60,8.233958,1
9,d2,2,61,8.186541,1
9,d2,2,62,8.175792,1
9,d2,2,63,8.178083,1
9,d2,2,64,8.177875,1
9,d2,2,65,8.184917,1
9,d2,2,66,8.187084,1
9,d2,2,67,8.210291,1
9,d2,2,68,8.191292,1
9,d2,2,69,8.211709,1
9,d2,2,70,8.203333,1
9,d2,2,71,8.186792,1
9,d2,2,72,8.187000,1
9,d2,2,73,8.141666,1
9,d2,2,74,8.175834,1
9,d2,2,75,8.170583,1
9,d2,2,76,8.200750,1
9,d2,2,77,8.168333,1
9,d2,2,78,8.205875,1
9,d2,2,79,8.229458,1
9,d2,2,80,8.239250,1
9,d2,2,81,8.178375,1
9,d2,2,82,8.196125,1
9,d2,2,83,8.201458,1
9,d2,2,84,8.220583,1
9,d2,2,85,8.182041,1
9,d2,2,86,8.204334,1
9,d2,2,87,8.188542,1
9,d2,2,88,8.252750,1
9,d2,2,89,8.341250,1
9,d2,2,90,8.227208,1
9,d2,2,91,8.220500,1
9,d2,2,92,8.255500,1
9,d2,2,93,8.176875,1
9,d2,2,94,8.232792,1
9,d2,2,95,8.145500,1
9,d2,2,96,8.189709,1
9,d2,2,97,8.170291,1
9,d2,2,98,8.181875,1
9,d2,2,99,8.201167,1
9,d2,2,100,8.191000,1
9,d2,2,101,8.184625,1
9,d2,2,102,8.196417,1
9,d2,2,103,8.200208,1
9,d2,2,104,8.206584,1
9,d2,2,105,8.196709,1
9,d2,2,106,8.190667,1
9,d2,2,107,8.248250,1
9,d2,2,108,8.221125,1
9,d2,2,109,8.177250,1
9,d2,2,110,8.212208,1
9,d2,2,111,8.209125,1
9,d2,2,112,8.198750,1
9,d2,2,113,8.180708,1
9,d2,2,114,8.195542,1
9,d2,2,115,8.164875,1
9,d2,2,116,8.205000,1
9,d2,2,117,8.190167,1
9,d2,2,118,8.245917,1
9,d2,2,119,8.273083,1
9,d2,2,120,8.427000,1
9,d2,2,121,8.256417,1
9,d2,2,122,8.255083,1
9,d2,2,123,8.231792,1
9,d2,2,124,8.235792,1
9,d2,2,125,8.191917,1
9,d2,2,126,8.234625,1
9,d2,2,127,8.190334,1
9,d2,2,128,8.219792,1
9,d2,2,129,8.196042,1
9,d2,2,130,8.249250,1
9,d2,2,131,8.183333,1
9,d2,2,132,8.224375,1
9,d2,2,133,8.195167,1
9,d2,2,134,8.247375,1
9,d2,2,135,8.238333,1
9,d2,2,136,8.237792,1
9,d2,2,137,8.171875,1
9,d2,2,138,8.198208,1
9,d2,2,139,8.246292,1
9,d2,2,140,8.239125,1
9,d2,2,141,8.229875,1
9,d2,2,142,8.247958,1
9,d2,2,143,8.214667,1
9,d2,2,144,8.184458,1
9,d2,2,145,8.186709,1
9,d2,2,146,8.211792,1
9,d2,2,147,8.230292,1
9,d2,2,148,8.197834,1
9,d2,2,149,8.298542,1
9,d2,2,150,8.251833,1
9,d2,2,151,8.241750,1
9,d2,2,152,8.230750,1
9,d2,2,153,8.228708,1
9,d2,2,154,8.199083,1
9,d2,2,155,8.230750,1
9,d2,2,156,8.192958,1
9,d2,2,157,8.197000,1
9,d2,2,158,8.193041,1
9,d2,2,159,8.222833,1
10,ship,2,0,9.527084,0
10,ship,2,1,8.282666,0
10,ship,2,2,8.250541,0
10,ship,2,3,8.289709,0
10,ship,2,4,8.187541,0
10,ship,2,5,8.261667,0
10,ship,2,6,8.376167,0
10,ship,2,7,8.290291,0
10,ship,2,8,8.337125,1
10,ship,2,9,8.301416,1
10,ship,2,10,8.363291,1
10,ship,2,11,8.310334,1
10,ship,2,12,8.429000,1
10,ship,2,13,8.366375,1
10,ship,2,14,8.327750,1
10,ship,2,15,8.274625,1
10,ship,2,16,8.244792,1
10,ship,2,17,8.243125,1
10,ship,2,18,8.232458,1
10,ship,2,19,8.227541,1
10,ship,2,20,8.233917,1
10,ship,2,21,8.241959,1
10,ship,2,22,8.210208,1
10,ship,2,23,8.254708,1
10,ship,2,24,8.208042,1
10,ship,2,25,8.222292,1
10,ship,2,26,8.176291,1
10,ship,2,27,8.222583,1
10,ship,2,28,8.229417,1
10,ship,2,29,8.223625,1
10,ship,2,30,8.219542,1
10,ship,2,31,8.264500,1
10,ship,2,32,8.209417,1
10,ship,2,33,8.237458,1
10,ship,2,34,8.204125,1
10,ship,2,35,8.227875,1
10,ship,2,36,8.208250,1
10,ship,2,37,8.221958,1
10,ship,2,38,8.227000,1
10,ship,2,39,8.240125,1
10,ship,2,40,8.212375,1
10,ship,2,41,8.251209,1
10,ship,2,42,8.272666,1
10,ship,2,43,8.280417,1
10,ship,2,44,8.231500,1
10,ship,2,45,8.289375,1
10,ship,2,46,8.224958,1
10,ship,2,47,8.261458,1
10,ship,2,48,8.260542,1
10,ship,2,49,8.259917,1
10,ship,2,50,8.212166,1
10,ship,2,51,8.255083,1
10,ship,2,52,8.239541,1
10,ship,2,53,8.262625,1
10,ship,2,54,8.235833,1
10,ship,2,55,8.267791,1
10,ship,2,56,8.234792,1
10,ship,2,57,8.256292,1
10,ship,2,58,8.233875,1
10,ship,2,59,8.242125,1
10,ship,2,60,8.216875,1
10,ship,2,61,8.249416,1
10,ship,2,62,8.200667,1
10,ship,2,63,8.243916,1
10,ship,2,64,8.227959,1
10,ship,2,65,8.245334,1
10,ship,2,66,8.294583,1
10,ship,2,67,8.289959,1
10,ship,2,68,8.263333,1
10,ship,2,69,8.267875,1
10,ship,2,70,8.242625,1
10,ship,2,71,8.251750,1
10,ship,2,72,8.231917,1
10,ship,2,73,8.307959,1
10,ship,2,74,8.228458,1
10,ship,2,75,8.215042,1
10,ship,2,76,8.271500,1
10,ship,2,77,8.337125,1
10,ship,2,78,8.302375,1
10,ship,2,79,8.367417,1
10,ship,2,80,8.317750,1
10,ship,2,81,8.293792,1
10,ship,2,82,8.264791,1
10,ship,2,83,8.299167,1
10,ship,2,84,8.245708,1
10,ship,2,85,8.264708,1
10,ship,2,86,8.265167,1
10,ship,2,87,8.255791,1
10,ship,2,88,8.250833,1
10,ship,2,89,8.249917,1
10,ship,2,90,8.251708,1
10,ship,2,91,8.265500,1
10,ship,2,92,8.194292,1
10,ship,2,93,8.399166,1
10,ship,2,94,8.308084,1
10,ship,2,95,8.327958,1
10,ship,2,96,8.252500,1
10,ship,2,97,8.327625,1
10,ship,2,98,8.325125,1
10,ship,2,99,8.239333,1
10,ship,2,100,8.187375,1
10,ship,2,101,8.318292,1
10,ship,2,102,8.248959,1
10,ship,2,103,8.281459,1
10,ship,2,104,8.267416,1
10,ship,2,105,8.268834,1
10,ship,2,106,8.248834,1
10,ship,2,107,8.262625,1
10,ship,2,108,8.268500,1
10,ship,2,109,8.244750,1
10,ship,2,110,8.278000,1
10,ship,2,111,8.249417,1
10,ship,2,112,8.275958,1
10,ship,2,113,8.247458,1
10,ship,2,114,8.317875,1
10,ship,2,115,8.260292,1
10,ship,2,116,8.254292,1
10,ship,2,117,8.255125,1
10,ship,2,118,8.247125,1
10,ship,2,119,8.259500,1
10,ship,2,120,8.264458,1
10,ship,2,121,8.261750,1
10,ship,2,122,8.263292,1
10,ship,2,123,8.264333,1
10,ship,2,124,8.276667,1
10,ship,2,125,8.238084,1
10,ship,2,126,8.247500,1
10,ship,2,127,8.318125,1
10,ship,2,128,8.366667,1
10,ship,2,129,8.391958,1
10,ship,2,130,8.253541,1
10,ship,2,131,8.227583,1
10,ship,2,132,8.262458,1
10,ship,2,133,8.225167,1
10,ship,2,134,8.272708,1
10,ship,2,135,8.232958,1
10,ship,2,136,8.274708,1
10,ship,2,137,8.284292,1
10,ship,2,138,8.260042,1
10,ship,2,139,8.253791,1
10,ship,2,140,8.257458,1
10,ship,2,141,8.269125,1
10,ship,2,142,8.244000,1
10,ship,2,143,8.246208,1
10,ship,2,144,8.253208,1
10,ship,2,145,8.272542,1
10,ship,2,146,8.235458,1
10,ship,2,147,8.228292,1
10,ship,2,148,8.271584,1
10,ship,2,149,8.232625,1
10,ship,2,150,8.229875,1
10,ship,2,151,8.256416,1
10,ship,2,152,8.266833,1
10,ship,2,153,8.250083,1
10,ship,2,154,8.246083,1
10,ship,2,155,8.258375,1
10,ship,2,156,8.232041,1
10,ship,2,157,8.222292,1
10,ship,2,158,8.284083,1
10,ship,2,159,8.253500,1
11,d1,2,0,9.290208,0
11,d1,2,1,8.230000,0
11,d1,2,2,8.223125,0
11,d1,2,3,8.145417,0
11,d1,2,4,8.133834,0
11,d1,2,5,8.262458,0
11,d1,2,6,8.121125,0
11,d1,2,7,8.138250,0
11,d1,2,8,8.157083,1
11,d1,2,9,8.131500,1
11,d1,2,10,8.078125,1
11,d1,2,11,8.193167,1
11,d1,2,12,8.091042,1
11,d1,2,13,8.122875,1
11,d1,2,14,8.109417,1
11,d1,2,15,8.126584,1
11,d1,2,16,8.127375,1
11,d1,2,17,8.393334,1
11,d1,2,18,8.145333,1
11,d1,2,19,8.179458,1
11,d1,2,20,8.344042,1
11,d1,2,21,8.167542,1
11,d1,2,22,8.099667,1
11,d1,2,23,8.560083,1
11,d1,2,24,8.095792,1
11,d1,2,25,8.174583,1
11,d1,2,26,8.297166,1
11,d1,2,27,8.155125,1
11,d1,2,28,8.217500,1
11,d1,2,29,8.577500,1
11,d1,2,30,8.109042,1
11,d1,2,31,8.184625,1
11,d1,2,32,8.244750,1
11,d1,2,33,8.158458,1
11,d1,2,34,8.202958,1
11,d1,2,35,8.565000,1
11,d1,2,36,8.126875,1
11,d1,2,37,8.166459,1
11,d1,2,38,8.325041,1
11,d1,2,39,8.165000,1
11,d1,2,40,8.118958,1
11,d1,2,41,8.390750,1
11,d1,2,42,8.145500,1
11,d1,2,43,8.202500,1
11,d1,2,44,8.415709,1
11,d1,2,45,8.153458,1
11,d1,2,46,8.149750,1
11,d1,2,47,8.297583,1
11,d1,2,48,8.137750,1
11,d1,2,49,8.230167,1
11,d1,2,50,8.267209,1
11,d1,2,51,8.194541,1
11,d1,2,52,8.172583,1
11,d1,2,53,8.487166,1
11,d1,2,54,8.160750,1
11,d1,2,55,8.323083,1
11,d1,2,56,8.351041,1
11,d1,2,57,8.153792,1
11,d1,2,58,8.139000,1
11,d1,2,59,8.558584,1
11,d1,2,60,8.147958,1
11,d1,2,61,8.160834,1
11,d1,2,62,8.462125,1
11,d1,2,63,8.159542,1
11,d1,2,64,8.151125,1
11,d1,2,65,8.519792,1
11,d1,2,66,8.239500,1
11,d1,2,67,8.251166,1
11,d1,2,68,8.524709,1
11,d1,2,69,8.152625,1
11,d1,2,70,8.135333,1
11,d1,2,71,8.531834,1
11,d1,2,72,8.102209,1
11,d1,2,73,8.303583,1
11,d1,2,74,8.543333,1
11,d1,2,75,8.126542,1
11,d1,2,76,8.109875,1
11,d1,2,77,8.439416,1
11,d1,2,78,8.108583,1
11,d1,2,79,8.195042,1
11,d1,2,80,8.576500,1
11,d1,2,81,8.150042,1
11,d1,2,82,8.124791,1
11,d1,2,83,8.365375,1
11,d1,2,84,8.090667,1
11,d1,2,85,8.262333,1
11,d1,2,86,8.424916,1
11,d1,2,87,8.115084,1
11,d1,2,88,8.276833,1
11,d1,2,89,8.459500,1
11,d1,2,90,8.146542,1
11,d1,2,91,8.224708,1
11,d1,2,92,8.476625,1
11,d1,2,93,8.144500,1
11,d1,2,94,8.138792,1
11,d1,2,95,8.564042,1
11,d1,2,96,8.155167,1
11,d1,2,97,8.372834,1
11,d1,2,98,8.498333,1
11,d1,2,99,8.213667,1
11,d1,2,100,8.191625,1
11,d1,2,101,8.398250,1
11,d1,2,102,8.136875,1
11,d1,2,103,8.185000,1
11,d1,2,104,8.478250,1
11,d1,2,105,8.131208,1
11,d1,2,106,8.219250,1
11,d1,2,107,8.529208,1
11,d1,2,108,8.175500,1
11,d1,2,109,8.191917,1
11,d1,2,110,8.567166,1
11,d1,2,111,8.322500,1
11,d1,2,112,8.324542,1
11,d1,2,113,8.463750,1
11,d1,2,114,8.146667,1
11,d1,2,115,8.145667,1
11,d1,2,116,8.464417,1
11,d1,2,117,8.194917,1
11,d1,2,118,8.275083,1
11,d1,2,119,8.503875,1
11,d1,2,120,8.156292,1
11,d1,2,121,8.171083,1
11,d1,2,122,8.409292,1
11,d1,2,123,8.131625,1
11,d1,2,124,8.290250,1
11,d1,2,125,8.514333,1
11,d1,2,126,8.144167,1
11,d1,2,127,8.215792,1
11,d1,2,128,8.480417,1
11,d1,2,129,8.233875,1
11,d1,2,130,8.244334,1
11,d1,2,131,8.489084,1
11,d1,2,132,8.148500,1
11,d1,2,133,8.384000,1
11,d1,2,134,8.519625,1
11,d1,2,135,8.173667,1
11,d1,2,136,8.331500,1
11,d1,2,137,8.467959,1
11,d1,2,138,8.103834,1
11,d1,2,139,8.281375,1
11,d1,2,140,8.527167,1
11,d1,2,141,8.196167,1
11,d1,2,142,8.303166,1
11,d1,2,143,8.407666,1
11,d1,2,144,8.212459,1
11,d1,2,145,8.150167,1
11,d1,2,146,8.498292,1
11,d1,2,147,8.155875,1
11,d1,2,148,8.294917,1
11,d1,2,149,8.259834,1
11,d1,2,150,8.054708,1
11,d1,2,151,8.220375,1
11,d1,2,152,8.343542,1
11,d1,2,153,8.046583,1
11,d1,2,154,8.234500,1
11,d1,2,155,8.372750,1
11,d1,2,156,8.072292,1
11,d1,2,157,8.197208,1
11,d1,2,158,8.247833,1
11,d1,2,159,8.047291,1
12,ctl,2,0,9.426375,0
12,ctl,2,1,8.374292,0
12,ctl,2,2,8.220125,0
12,ctl,2,3,8.238584,0
12,ctl,2,4,8.209166,0
12,ctl,2,5,8.239750,0
12,ctl,2,6,8.194625,0
12,ctl,2,7,8.235250,0
12,ctl,2,8,8.222750,1
12,ctl,2,9,8.243166,1
12,ctl,2,10,8.218583,1
12,ctl,2,11,8.241125,1
12,ctl,2,12,8.202458,1
12,ctl,2,13,8.229375,1
12,ctl,2,14,8.229208,1
12,ctl,2,15,8.234125,1
12,ctl,2,16,8.196792,1
12,ctl,2,17,8.257333,1
12,ctl,2,18,8.238792,1
12,ctl,2,19,8.231083,1
12,ctl,2,20,8.230375,1
12,ctl,2,21,8.246959,1
12,ctl,2,22,8.222459,1
12,ctl,2,23,8.231417,1
12,ctl,2,24,8.212125,1
12,ctl,2,25,8.211458,1
12,ctl,2,26,8.219875,1
12,ctl,2,27,8.215708,1
12,ctl,2,28,8.194084,1
12,ctl,2,29,8.284250,1
12,ctl,2,30,8.189458,1
12,ctl,2,31,8.289417,1
12,ctl,2,32,8.192833,1
12,ctl,2,33,8.261083,1
12,ctl,2,34,8.203333,1
12,ctl,2,35,8.260458,1
12,ctl,2,36,8.251833,1
12,ctl,2,37,8.257667,1
12,ctl,2,38,8.224125,1
12,ctl,2,39,8.324083,1
12,ctl,2,40,8.192250,1
12,ctl,2,41,8.257333,1
12,ctl,2,42,8.230833,1
12,ctl,2,43,8.273875,1
12,ctl,2,44,8.219875,1
12,ctl,2,45,8.243375,1
12,ctl,2,46,8.218541,1
12,ctl,2,47,8.254916,1
12,ctl,2,48,8.220750,1
12,ctl,2,49,8.284000,1
12,ctl,2,50,8.219625,1
12,ctl,2,51,8.255208,1
12,ctl,2,52,8.218917,1
12,ctl,2,53,8.265917,1
12,ctl,2,54,8.228500,1
12,ctl,2,55,8.249209,1
12,ctl,2,56,8.301458,1
12,ctl,2,57,8.280958,1
12,ctl,2,58,8.222041,1
12,ctl,2,59,8.262875,1
12,ctl,2,60,8.233125,1
12,ctl,2,61,8.253416,1
12,ctl,2,62,8.232792,1
12,ctl,2,63,8.262917,1
12,ctl,2,64,8.219416,1
12,ctl,2,65,8.254958,1
12,ctl,2,66,8.201875,1
12,ctl,2,67,8.250625,1
12,ctl,2,68,8.220959,1
12,ctl,2,69,8.240417,1
12,ctl,2,70,8.227208,1
12,ctl,2,71,8.244750,1
12,ctl,2,72,8.221708,1
12,ctl,2,73,8.238042,1
12,ctl,2,74,8.222875,1
12,ctl,2,75,8.247000,1
12,ctl,2,76,8.246625,1
12,ctl,2,77,8.260041,1
12,ctl,2,78,8.254375,1
12,ctl,2,79,8.258333,1
12,ctl,2,80,8.345791,1
12,ctl,2,81,8.261333,1
12,ctl,2,82,8.222167,1
12,ctl,2,83,8.247459,1
12,ctl,2,84,8.256000,1
12,ctl,2,85,8.242125,1
12,ctl,2,86,8.233708,1
12,ctl,2,87,8.233292,1
12,ctl,2,88,8.231875,1
12,ctl,2,89,8.248042,1
12,ctl,2,90,8.232208,1
12,ctl,2,91,8.221125,1
12,ctl,2,92,8.225875,1
12,ctl,2,93,8.223875,1
12,ctl,2,94,8.231000,1
12,ctl,2,95,8.219333,1
12,ctl,2,96,8.250750,1
12,ctl,2,97,8.228584,1
12,ctl,2,98,8.244333,1
12,ctl,2,99,8.228333,1
12,ctl,2,100,8.253709,1
12,ctl,2,101,8.213541,1
12,ctl,2,102,8.235084,1
12,ctl,2,103,8.221291,1
12,ctl,2,104,8.229375,1
12,ctl,2,105,8.237959,1
12,ctl,2,106,8.253916,1
12,ctl,2,107,8.215500,1
12,ctl,2,108,8.257958,1
12,ctl,2,109,8.236584,1
12,ctl,2,110,8.289708,1
12,ctl,2,111,8.403625,1
12,ctl,2,112,8.319500,1
12,ctl,2,113,8.257417,1
12,ctl,2,114,8.236584,1
12,ctl,2,115,8.238584,1
12,ctl,2,116,8.229041,1
12,ctl,2,117,8.247625,1
12,ctl,2,118,8.233125,1
12,ctl,2,119,8.228500,1
12,ctl,2,120,8.247750,1
12,ctl,2,121,8.228584,1
12,ctl,2,122,8.287500,1
12,ctl,2,123,8.221542,1
12,ctl,2,124,8.298250,1
12,ctl,2,125,8.222708,1
12,ctl,2,126,8.293209,1
12,ctl,2,127,8.239625,1
12,ctl,2,128,8.287000,1
12,ctl,2,129,8.216917,1
12,ctl,2,130,8.293792,1
12,ctl,2,131,8.236625,1
12,ctl,2,132,8.279333,1
12,ctl,2,133,8.238625,1
12,ctl,2,134,8.321459,1
12,ctl,2,135,8.316834,1
12,ctl,2,136,8.281708,1
12,ctl,2,137,8.242791,1
12,ctl,2,138,8.305375,1
12,ctl,2,139,8.237625,1
12,ctl,2,140,8.318250,1
12,ctl,2,141,8.369541,1
12,ctl,2,142,8.412000,1
12,ctl,2,143,8.241875,1
12,ctl,2,144,8.344417,1
12,ctl,2,145,8.211750,1
12,ctl,2,146,8.283792,1
12,ctl,2,147,8.264375,1
12,ctl,2,148,8.276541,1
12,ctl,2,149,8.244667,1
12,ctl,2,150,8.304959,1
12,ctl,2,151,8.230500,1
12,ctl,2,152,8.260458,1
12,ctl,2,153,8.259625,1
12,ctl,2,154,8.257792,1
12,ctl,2,155,8.257916,1
12,ctl,2,156,8.292500,1
12,ctl,2,157,8.268750,1
12,ctl,2,158,8.289417,1
12,ctl,2,159,8.235625,1
13,d2,3,0,28.659417,0
13,d2,3,1,8.541584,0
13,d2,3,2,8.362167,0
13,d2,3,3,8.207625,0
13,d2,3,4,8.141958,0
13,d2,3,5,8.147833,0
13,d2,3,6,8.134333,0
13,d2,3,7,8.147375,0
13,d2,3,8,8.129917,1
13,d2,3,9,8.139625,1
13,d2,3,10,8.121000,1
13,d2,3,11,8.414458,1
13,d2,3,12,8.438125,1
13,d2,3,13,9.811916,1
13,d2,3,14,8.559709,1
13,d2,3,15,8.222333,1
13,d2,3,16,8.161833,1
13,d2,3,17,8.210166,1
13,d2,3,18,8.169208,1
13,d2,3,19,8.180292,1
13,d2,3,20,8.186666,1
13,d2,3,21,8.171250,1
13,d2,3,22,8.177167,1
13,d2,3,23,8.124625,1
13,d2,3,24,8.158459,1
13,d2,3,25,8.195292,1
13,d2,3,26,8.173875,1
13,d2,3,27,8.147250,1
13,d2,3,28,8.159125,1
13,d2,3,29,8.162625,1
13,d2,3,30,8.183042,1
13,d2,3,31,8.162250,1
13,d2,3,32,8.163584,1
13,d2,3,33,8.144875,1
13,d2,3,34,8.195583,1
13,d2,3,35,8.137875,1
13,d2,3,36,8.179167,1
13,d2,3,37,8.116958,1
13,d2,3,38,8.205875,1
13,d2,3,39,8.143667,1
13,d2,3,40,8.206584,1
13,d2,3,41,8.162958,1
13,d2,3,42,8.273875,1
13,d2,3,43,8.148250,1
13,d2,3,44,8.201083,1
13,d2,3,45,8.162042,1
13,d2,3,46,8.198500,1
13,d2,3,47,8.171167,1
13,d2,3,48,8.202625,1
13,d2,3,49,8.141375,1
13,d2,3,50,8.197125,1
13,d2,3,51,8.148542,1
13,d2,3,52,8.200042,1
13,d2,3,53,8.185417,1
13,d2,3,54,8.207917,1
13,d2,3,55,8.186459,1
13,d2,3,56,8.207208,1
13,d2,3,57,8.205000,1
13,d2,3,58,8.217667,1
13,d2,3,59,8.221167,1
13,d2,3,60,8.246083,1
13,d2,3,61,8.189250,1
13,d2,3,62,8.224458,1
13,d2,3,63,8.188625,1
13,d2,3,64,8.184791,1
13,d2,3,65,8.199375,1
13,d2,3,66,8.202167,1
13,d2,3,67,8.184250,1
13,d2,3,68,8.207375,1
13,d2,3,69,8.181333,1
13,d2,3,70,8.200292,1
13,d2,3,71,8.227833,1
13,d2,3,72,8.238750,1
13,d2,3,73,8.206583,1
13,d2,3,74,8.177375,1
13,d2,3,75,8.189084,1
13,d2,3,76,8.174708,1
13,d2,3,77,8.180666,1
13,d2,3,78,8.202458,1
13,d2,3,79,8.202500,1
13,d2,3,80,8.133708,1
13,d2,3,81,8.193583,1
13,d2,3,82,8.162541,1
13,d2,3,83,8.212167,1
13,d2,3,84,8.214292,1
13,d2,3,85,8.211333,1
13,d2,3,86,8.167167,1
13,d2,3,87,8.218959,1
13,d2,3,88,8.205834,1
13,d2,3,89,8.264792,1
13,d2,3,90,8.357417,1
13,d2,3,91,8.281083,1
13,d2,3,92,8.218041,1
13,d2,3,93,8.221334,1
13,d2,3,94,8.219208,1
13,d2,3,95,8.234209,1
13,d2,3,96,8.188208,1
13,d2,3,97,8.225209,1
13,d2,3,98,8.180500,1
13,d2,3,99,8.209834,1
13,d2,3,100,8.167500,1
13,d2,3,101,8.236500,1
13,d2,3,102,8.219917,1
13,d2,3,103,8.223791,1
13,d2,3,104,8.198333,1
13,d2,3,105,8.224292,1
13,d2,3,106,8.189666,1
13,d2,3,107,8.307292,1
13,d2,3,108,8.190125,1
13,d2,3,109,8.198792,1
13,d2,3,110,8.193875,1
13,d2,3,111,8.232125,1
13,d2,3,112,8.177458,1
13,d2,3,113,8.210750,1
13,d2,3,114,8.180542,1
13,d2,3,115,8.208958,1
13,d2,3,116,8.199958,1
13,d2,3,117,8.207875,1
13,d2,3,118,8.178042,1
13,d2,3,119,8.202583,1
13,d2,3,120,8.277750,1
13,d2,3,121,8.299250,1
13,d2,3,122,8.315125,1
13,d2,3,123,8.295917,1
13,d2,3,124,8.224083,1
13,d2,3,125,8.217667,1
13,d2,3,126,8.241875,1
13,d2,3,127,8.230666,1
13,d2,3,128,8.192667,1
13,d2,3,129,8.191916,1
13,d2,3,130,8.203792,1
13,d2,3,131,8.190625,1
13,d2,3,132,8.217875,1
13,d2,3,133,8.187459,1
13,d2,3,134,8.242708,1
13,d2,3,135,8.234625,1
13,d2,3,136,8.196000,1
13,d2,3,137,8.222792,1
13,d2,3,138,8.223000,1
13,d2,3,139,8.191792,1
13,d2,3,140,8.219542,1
13,d2,3,141,8.200250,1
13,d2,3,142,8.209125,1
13,d2,3,143,8.228875,1
13,d2,3,144,8.235791,1
13,d2,3,145,8.222375,1
13,d2,3,146,8.254666,1
13,d2,3,147,8.204042,1
13,d2,3,148,8.205292,1
13,d2,3,149,8.198542,1
13,d2,3,150,8.235708,1
13,d2,3,151,8.218708,1
13,d2,3,152,8.211375,1
13,d2,3,153,8.226208,1
13,d2,3,154,8.217792,1
13,d2,3,155,8.203333,1
13,d2,3,156,8.243417,1
13,d2,3,157,8.187416,1
13,d2,3,158,8.235083,1
13,d2,3,159,8.180167,1
14,ship,3,0,9.430125,0
14,ship,3,1,8.445625,0
14,ship,3,2,8.261708,0
14,ship,3,3,8.247083,0
14,ship,3,4,8.251083,0
14,ship,3,5,8.264708,0
14,ship,3,6,8.213875,0
14,ship,3,7,8.216125,0
14,ship,3,8,8.244041,1
14,ship,3,9,8.251417,1
14,ship,3,10,8.220750,1
14,ship,3,11,8.224042,1
14,ship,3,12,8.234458,1
14,ship,3,13,8.237250,1
14,ship,3,14,8.208333,1
14,ship,3,15,8.218083,1
14,ship,3,16,8.221208,1
14,ship,3,17,8.231083,1
14,ship,3,18,8.224958,1
14,ship,3,19,8.237958,1
14,ship,3,20,8.235375,1
14,ship,3,21,8.203708,1
14,ship,3,22,8.204916,1
14,ship,3,23,8.233042,1
14,ship,3,24,8.251917,1
14,ship,3,25,8.218041,1
14,ship,3,26,8.217500,1
14,ship,3,27,8.206833,1
14,ship,3,28,8.219666,1
14,ship,3,29,8.224459,1
14,ship,3,30,8.241542,1
14,ship,3,31,8.227291,1
14,ship,3,32,8.244750,1
14,ship,3,33,8.187125,1
14,ship,3,34,8.243375,1
14,ship,3,35,8.211291,1
14,ship,3,36,8.227750,1
14,ship,3,37,8.232417,1
14,ship,3,38,8.229250,1
14,ship,3,39,8.225625,1
14,ship,3,40,8.241667,1
14,ship,3,41,8.226250,1
14,ship,3,42,8.250750,1
14,ship,3,43,8.237833,1
14,ship,3,44,8.297583,1
14,ship,3,45,8.246959,1
14,ship,3,46,8.285500,1
14,ship,3,47,8.224500,1
14,ship,3,48,8.268667,1
14,ship,3,49,8.213584,1
14,ship,3,50,8.274167,1
14,ship,3,51,8.223542,1
14,ship,3,52,8.310250,1
14,ship,3,53,8.219208,1
14,ship,3,54,8.285166,1
14,ship,3,55,8.212292,1
14,ship,3,56,8.257959,1
14,ship,3,57,8.235375,1
14,ship,3,58,8.267000,1
14,ship,3,59,8.284625,1
14,ship,3,60,8.278750,1
14,ship,3,61,8.230083,1
14,ship,3,62,8.319792,1
14,ship,3,63,8.220333,1
14,ship,3,64,8.268375,1
14,ship,3,65,8.224667,1
14,ship,3,66,8.267000,1
14,ship,3,67,8.253209,1
14,ship,3,68,8.310084,1
14,ship,3,69,8.262291,1
14,ship,3,70,8.299250,1
14,ship,3,71,8.231791,1
14,ship,3,72,8.259583,1
14,ship,3,73,8.223000,1
14,ship,3,74,8.281625,1
14,ship,3,75,8.243208,1
14,ship,3,76,8.280541,1
14,ship,3,77,8.227708,1
14,ship,3,78,8.263375,1
14,ship,3,79,8.229834,1
14,ship,3,80,8.249208,1
14,ship,3,81,8.237625,1
14,ship,3,82,8.305875,1
14,ship,3,83,8.338667,1
14,ship,3,84,8.289917,1
14,ship,3,85,8.223583,1
14,ship,3,86,8.282292,1
14,ship,3,87,8.245792,1
14,ship,3,88,8.257750,1
14,ship,3,89,8.235334,1
14,ship,3,90,8.261084,1
14,ship,3,91,8.231417,1
14,ship,3,92,8.275458,1
14,ship,3,93,8.271084,1
14,ship,3,94,8.275625,1
14,ship,3,95,8.238542,1
14,ship,3,96,8.262417,1
14,ship,3,97,8.236833,1
14,ship,3,98,8.265208,1
14,ship,3,99,8.260875,1
14,ship,3,100,8.281917,1
14,ship,3,101,8.258333,1
14,ship,3,102,8.284792,1
14,ship,3,103,8.270542,1
14,ship,3,104,8.242958,1
14,ship,3,105,8.239333,1
14,ship,3,106,8.247917,1
14,ship,3,107,8.268583,1
14,ship,3,108,8.266500,1
14,ship,3,109,8.253625,1
14,ship,3,110,8.274666,1
14,ship,3,111,8.240958,1
14,ship,3,112,8.262875,1
14,ship,3,113,8.334291,1
14,ship,3,114,8.380125,1
14,ship,3,115,8.275083,1
14,ship,3,116,8.279541,1
14,ship,3,117,8.262375,1
14,ship,3,118,8.384375,1
14,ship,3,119,8.272250,1
14,ship,3,120,8.356208,1
14,ship,3,121,8.251625,1
14,ship,3,122,8.270750,1
14,ship,3,123,8.264833,1
14,ship,3,124,8.250625,1
14,ship,3,125,8.239958,1
14,ship,3,126,8.249500,1
14,ship,3,127,8.260125,1
14,ship,3,128,8.268958,1
14,ship,3,129,8.262500,1
14,ship,3,130,8.284584,1
14,ship,3,131,8.266250,1
14,ship,3,132,8.250625,1
14,ship,3,133,8.248708,1
14,ship,3,134,8.231708,1
14,ship,3,135,8.229042,1
14,ship,3,136,8.267917,1
14,ship,3,137,8.244666,1
14,ship,3,138,8.243417,1
14,ship,3,139,8.245334,1
14,ship,3,140,8.257958,1
14,ship,3,141,8.247959,1
14,ship,3,142,8.266875,1
14,ship,3,143,8.324417,1
14,ship,3,144,8.321583,1
14,ship,3,145,8.300958,1
14,ship,3,146,8.304000,1
14,ship,3,147,8.239959,1
14,ship,3,148,8.241084,1
14,ship,3,149,8.237000,1
14,ship,3,150,8.246875,1
14,ship,3,151,8.233916,1
14,ship,3,152,8.251625,1
14,ship,3,153,8.231625,1
14,ship,3,154,8.293875,1
14,ship,3,155,8.237208,1
14,ship,3,156,8.252500,1
14,ship,3,157,8.260292,1
14,ship,3,158,8.269667,1
14,ship,3,159,8.284958,1
15,ctl,3,0,20.847458,0
15,ctl,3,1,8.389500,0
15,ctl,3,2,8.231625,0
15,ctl,3,3,8.226083,0
15,ctl,3,4,8.218083,0
15,ctl,3,5,8.217750,0
15,ctl,3,6,8.225292,0
15,ctl,3,7,8.228958,0
15,ctl,3,8,8.243167,1
15,ctl,3,9,8.221375,1
15,ctl,3,10,8.230625,1
15,ctl,3,11,8.221916,1
15,ctl,3,12,8.219208,1
15,ctl,3,13,8.225375,1
15,ctl,3,14,8.229083,1
15,ctl,3,15,8.221125,1
15,ctl,3,16,8.256583,1
15,ctl,3,17,8.261417,1
15,ctl,3,18,8.231000,1
15,ctl,3,19,8.218166,1
15,ctl,3,20,8.229666,1
15,ctl,3,21,8.247417,1
15,ctl,3,22,8.243208,1
15,ctl,3,23,8.208959,1
15,ctl,3,24,8.236375,1
15,ctl,3,25,8.213083,1
15,ctl,3,26,8.218000,1
15,ctl,3,27,8.210375,1
15,ctl,3,28,8.225208,1
15,ctl,3,29,8.225583,1
15,ctl,3,30,8.237334,1
15,ctl,3,31,8.225375,1
15,ctl,3,32,8.234333,1
15,ctl,3,33,8.219083,1
15,ctl,3,34,8.246958,1
15,ctl,3,35,8.223459,1
15,ctl,3,36,8.268458,1
15,ctl,3,37,8.223083,1
15,ctl,3,38,8.260792,1
15,ctl,3,39,8.195042,1
15,ctl,3,40,8.231542,1
15,ctl,3,41,8.242667,1
15,ctl,3,42,8.251084,1
15,ctl,3,43,8.216375,1
15,ctl,3,44,8.238750,1
15,ctl,3,45,8.226667,1
15,ctl,3,46,8.261333,1
15,ctl,3,47,8.239709,1
15,ctl,3,48,8.257292,1
15,ctl,3,49,8.258042,1
15,ctl,3,50,8.263417,1
15,ctl,3,51,8.199958,1
15,ctl,3,52,8.227334,1
15,ctl,3,53,8.197583,1
15,ctl,3,54,8.245875,1
15,ctl,3,55,8.235084,1
15,ctl,3,56,8.229792,1
15,ctl,3,57,8.220958,1
15,ctl,3,58,8.224417,1
15,ctl,3,59,8.243459,1
15,ctl,3,60,8.250792,1
15,ctl,3,61,8.237750,1
15,ctl,3,62,8.239875,1
15,ctl,3,63,8.229083,1
15,ctl,3,64,8.250042,1
15,ctl,3,65,8.249959,1
15,ctl,3,66,8.243833,1
15,ctl,3,67,8.219959,1
15,ctl,3,68,8.239792,1
15,ctl,3,69,8.255667,1
15,ctl,3,70,8.240167,1
15,ctl,3,71,8.231416,1
15,ctl,3,72,8.244834,1
15,ctl,3,73,8.230375,1
15,ctl,3,74,8.235541,1
15,ctl,3,75,8.230000,1
15,ctl,3,76,8.241625,1
15,ctl,3,77,8.227459,1
15,ctl,3,78,8.278291,1
15,ctl,3,79,8.214666,1
15,ctl,3,80,8.256375,1
15,ctl,3,81,8.233042,1
15,ctl,3,82,8.245792,1
15,ctl,3,83,8.243292,1
15,ctl,3,84,8.260125,1
15,ctl,3,85,8.221917,1
15,ctl,3,86,8.240083,1
15,ctl,3,87,8.229083,1
15,ctl,3,88,8.282875,1
15,ctl,3,89,8.230166,1
15,ctl,3,90,8.325167,1
15,ctl,3,91,8.365583,1
15,ctl,3,92,8.324792,1
15,ctl,3,93,8.304291,1
15,ctl,3,94,8.285583,1
15,ctl,3,95,8.266209,1
15,ctl,3,96,8.272250,1
15,ctl,3,97,8.247167,1
15,ctl,3,98,8.246750,1
15,ctl,3,99,8.228167,1
15,ctl,3,100,8.236625,1
15,ctl,3,101,8.229291,1
15,ctl,3,102,8.260834,1
15,ctl,3,103,8.252834,1
15,ctl,3,104,8.264500,1
15,ctl,3,105,8.233709,1
15,ctl,3,106,8.264000,1
15,ctl,3,107,8.240458,1
15,ctl,3,108,8.274750,1
15,ctl,3,109,8.238250,1
15,ctl,3,110,8.264333,1
15,ctl,3,111,8.272291,1
15,ctl,3,112,8.291459,1
15,ctl,3,113,8.240875,1
15,ctl,3,114,8.251250,1
15,ctl,3,115,8.277000,1
15,ctl,3,116,8.237916,1
15,ctl,3,117,8.251959,1
15,ctl,3,118,8.276750,1
15,ctl,3,119,8.263125,1
15,ctl,3,120,8.250625,1
15,ctl,3,121,8.293958,1
15,ctl,3,122,8.382209,1
15,ctl,3,123,8.333542,1
15,ctl,3,124,8.310375,1
15,ctl,3,125,8.280542,1
15,ctl,3,126,8.262125,1
15,ctl,3,127,8.258459,1
15,ctl,3,128,8.257250,1
15,ctl,3,129,8.275625,1
15,ctl,3,130,8.253916,1
15,ctl,3,131,8.260084,1
15,ctl,3,132,8.265333,1
15,ctl,3,133,8.249167,1
15,ctl,3,134,8.238250,1
15,ctl,3,135,8.292917,1
15,ctl,3,136,8.239875,1
15,ctl,3,137,8.300959,1
15,ctl,3,138,8.243667,1
15,ctl,3,139,8.248834,1
15,ctl,3,140,8.251958,1
15,ctl,3,141,8.263667,1
15,ctl,3,142,8.238625,1
15,ctl,3,143,8.248416,1
15,ctl,3,144,8.258125,1
15,ctl,3,145,8.276166,1
15,ctl,3,146,8.230042,1
15,ctl,3,147,8.289708,1
15,ctl,3,148,8.250750,1
15,ctl,3,149,8.258167,1
15,ctl,3,150,8.256083,1
15,ctl,3,151,8.241708,1
15,ctl,3,152,8.321209,1
15,ctl,3,153,8.321833,1
15,ctl,3,154,8.283208,1
15,ctl,3,155,8.322917,1
15,ctl,3,156,8.281709,1
15,ctl,3,157,8.300333,1
15,ctl,3,158,8.277291,1
15,ctl,3,159,8.318916,1
16,d1,3,0,9.259625,0
16,d1,3,1,8.224167,0
16,d1,3,2,8.185625,0
16,d1,3,3,8.136584,0
16,d1,3,4,8.111125,0
16,d1,3,5,8.240042,0
16,d1,3,6,8.175333,0
16,d1,3,7,8.141000,0
16,d1,3,8,8.170625,1
16,d1,3,9,8.117041,1
16,d1,3,10,8.165209,1
16,d1,3,11,8.183083,1
16,d1,3,12,8.136541,1
16,d1,3,13,8.156583,1
16,d1,3,14,8.182500,1
16,d1,3,15,8.072792,1
16,d1,3,16,8.115083,1
16,d1,3,17,8.389791,1
16,d1,3,18,8.123375,1
16,d1,3,19,8.119042,1
16,d1,3,20,8.357292,1
16,d1,3,21,8.114833,1
16,d1,3,22,8.174750,1
16,d1,3,23,8.537292,1
16,d1,3,24,8.162875,1
16,d1,3,25,8.101583,1
16,d1,3,26,8.359458,1
16,d1,3,27,8.111750,1
16,d1,3,28,8.293208,1
16,d1,3,29,8.511084,1
16,d1,3,30,8.151792,1
16,d1,3,31,8.124667,1
16,d1,3,32,8.312166,1
16,d1,3,33,8.134250,1
16,d1,3,34,8.167167,1
16,d1,3,35,8.533083,1
16,d1,3,36,8.170750,1
16,d1,3,37,8.102291,1
16,d1,3,38,8.371084,1
16,d1,3,39,8.111666,1
16,d1,3,40,8.168667,1
16,d1,3,41,8.377250,1
16,d1,3,42,8.177417,1
16,d1,3,43,8.172625,1
16,d1,3,44,8.496708,1
16,d1,3,45,8.120167,1
16,d1,3,46,8.179000,1
16,d1,3,47,8.294875,1
16,d1,3,48,8.173334,1
16,d1,3,49,8.201708,1
16,d1,3,50,8.265584,1
16,d1,3,51,8.127792,1
16,d1,3,52,8.198542,1
16,d1,3,53,8.481875,1
16,d1,3,54,8.194000,1
16,d1,3,55,8.295042,1
16,d1,3,56,8.345459,1
16,d1,3,57,8.120875,1
16,d1,3,58,8.170958,1
16,d1,3,59,8.523916,1
16,d1,3,60,8.195125,1
16,d1,3,61,8.157917,1
16,d1,3,62,8.471875,1
16,d1,3,63,8.151542,1
16,d1,3,64,8.183417,1
16,d1,3,65,8.488291,1
16,d1,3,66,8.232458,1
16,d1,3,67,8.236208,1
16,d1,3,68,8.550917,1
16,d1,3,69,8.166583,1
16,d1,3,70,8.193375,1
16,d1,3,71,8.631959,1
16,d1,3,72,8.296375,1
16,d1,3,73,8.303291,1
16,d1,3,74,8.668209,1
16,d1,3,75,8.137917,1
16,d1,3,76,8.177584,1
16,d1,3,77,8.555916,1
16,d1,3,78,8.147750,1
16,d1,3,79,8.143042,1
16,d1,3,80,8.526791,1
16,d1,3,81,8.143208,1
16,d1,3,82,8.157375,1
16,d1,3,83,8.375958,1
16,d1,3,84,8.134541,1
16,d1,3,85,8.277292,1
16,d1,3,86,8.498542,1
16,d1,3,87,8.134709,1
16,d1,3,88,8.289958,1
16,d1,3,89,8.490917,1
16,d1,3,90,8.156959,1
16,d1,3,91,8.256375,1
16,d1,3,92,8.480959,1
16,d1,3,93,8.165958,1
16,d1,3,94,8.141042,1
16,d1,3,95,8.450750,1
16,d1,3,96,8.144500,1
16,d1,3,97,8.391708,1
16,d1,3,98,8.478000,1
16,d1,3,99,8.187917,1
16,d1,3,100,8.174500,1
16,d1,3,101,8.459000,1
16,d1,3,102,8.279125,1
16,d1,3,103,8.253125,1
16,d1,3,104,8.470041,1
16,d1,3,105,8.168542,1
16,d1,3,106,8.213292,1
16,d1,3,107,8.527833,1
16,d1,3,108,8.196667,1
16,d1,3,109,8.122084,1
16,d1,3,110,8.479125,1
16,d1,3,111,8.125666,1
16,d1,3,112,8.323000,1
16,d1,3,113,8.469250,1
16,d1,3,114,8.161542,1
16,d1,3,115,8.139333,1
16,d1,3,116,8.479542,1
16,d1,3,117,8.202042,1
16,d1,3,118,8.272792,1
16,d1,3,119,8.482958,1
16,d1,3,120,8.132000,1
16,d1,3,121,8.167000,1
16,d1,3,122,8.382084,1
16,d1,3,123,8.160500,1
16,d1,3,124,8.285458,1
16,d1,3,125,8.502583,1
16,d1,3,126,8.112333,1
16,d1,3,127,8.196625,1
16,d1,3,128,8.466666,1
16,d1,3,129,8.162958,1
16,d1,3,130,8.194416,1
16,d1,3,131,8.529250,1
16,d1,3,132,8.183916,1
16,d1,3,133,8.493833,1
16,d1,3,134,8.556584,1
16,d1,3,135,8.158833,1
16,d1,3,136,8.330958,1
16,d1,3,137,8.426250,1
16,d1,3,138,8.115333,1
16,d1,3,139,8.306792,1
16,d1,3,140,8.550708,1
16,d1,3,141,8.149500,1
16,d1,3,142,8.309458,1
16,d1,3,143,8.455708,1
16,d1,3,144,8.105250,1
16,d1,3,145,8.165125,1
16,d1,3,146,8.495167,1
16,d1,3,147,8.137709,1
16,d1,3,148,8.263250,1
16,d1,3,149,8.370250,1
16,d1,3,150,8.143500,1
16,d1,3,151,8.344875,1
16,d1,3,152,8.442041,1
16,d1,3,153,8.153834,1
16,d1,3,154,8.302500,1
16,d1,3,155,8.486417,1
16,d1,3,156,8.153375,1
16,d1,3,157,8.324167,1
16,d1,3,158,8.444708,1
16,d1,3,159,8.144750,1
17,d1,4,0,9.255291,0
17,d1,4,1,8.219625,0
17,d1,4,2,8.211334,0
17,d1,4,3,8.113917,0
17,d1,4,4,8.120125,0
17,d1,4,5,8.271792,0
17,d1,4,6,8.141250,0
17,d1,4,7,8.108917,0
17,d1,4,8,8.133667,1
17,d1,4,9,8.122167,1
17,d1,4,10,8.109958,1
17,d1,4,11,8.197500,1
17,d1,4,12,8.097375,1
17,d1,4,13,8.132125,1
17,d1,4,14,8.143041,1
17,d1,4,15,8.148667,1
17,d1,4,16,8.122208,1
17,d1,4,17,8.439834,1
17,d1,4,18,8.129584,1
17,d1,4,19,8.180666,1
17,d1,4,20,8.305709,1
17,d1,4,21,8.178917,1
17,d1,4,22,8.126166,1
17,d1,4,23,8.615875,1
17,d1,4,24,8.213875,1
17,d1,4,25,8.132708,1
17,d1,4,26,8.301125,1
17,d1,4,27,8.202417,1
17,d1,4,28,8.241541,1
17,d1,4,29,8.544417,1
17,d1,4,30,8.127500,1
17,d1,4,31,8.170208,1
17,d1,4,32,8.247541,1
17,d1,4,33,8.150417,1
17,d1,4,34,8.161333,1
17,d1,4,35,8.540750,1
17,d1,4,36,8.168709,1
17,d1,4,37,8.130666,1
17,d1,4,38,8.360292,1
17,d1,4,39,8.145209,1
17,d1,4,40,8.148875,1
17,d1,4,41,8.356208,1
17,d1,4,42,8.174958,1
17,d1,4,43,8.179750,1
17,d1,4,44,8.432958,1
17,d1,4,45,8.103750,1
17,d1,4,46,8.133333,1
17,d1,4,47,8.296750,1
17,d1,4,48,8.137042,1
17,d1,4,49,8.220750,1
17,d1,4,50,8.249416,1
17,d1,4,51,8.122416,1
17,d1,4,52,8.173375,1
17,d1,4,53,8.499125,1
17,d1,4,54,8.165875,1
17,d1,4,55,8.342750,1
17,d1,4,56,8.367500,1
17,d1,4,57,8.177417,1
17,d1,4,58,8.147209,1
17,d1,4,59,8.543792,1
17,d1,4,60,8.161375,1
17,d1,4,61,8.133958,1
17,d1,4,62,8.455208,1
17,d1,4,63,8.148208,1
17,d1,4,64,8.151792,1
17,d1,4,65,8.514833,1
17,d1,4,66,8.311250,1
17,d1,4,67,8.278667,1
17,d1,4,68,8.532834,1
17,d1,4,69,8.167334,1
17,d1,4,70,8.178667,1
17,d1,4,71,8.557500,1
17,d1,4,72,8.114375,1
17,d1,4,73,8.331792,1
17,d1,4,74,8.562791,1
17,d1,4,75,8.158041,1
17,d1,4,76,8.144125,1
17,d1,4,77,8.464292,1
17,d1,4,78,8.151584,1
17,d1,4,79,8.222583,1
17,d1,4,80,8.473042,1
17,d1,4,81,8.146167,1
17,d1,4,82,8.125083,1
17,d1,4,83,8.374833,1
17,d1,4,84,8.126083,1
17,d1,4,85,8.264916,1
17,d1,4,86,8.468459,1
17,d1,4,87,8.197541,1
17,d1,4,88,8.404167,1
17,d1,4,89,8.552333,1
17,d1,4,90,8.156125,1
17,d1,4,91,8.278458,1
17,d1,4,92,8.474084,1
17,d1,4,93,8.133792,1
17,d1,4,94,8.158125,1
17,d1,4,95,8.451500,1
17,d1,4,96,8.157000,1
17,d1,4,97,8.388209,1
17,d1,4,98,8.513084,1
17,d1,4,99,8.202666,1
17,d1,4,100,8.193625,1
17,d1,4,101,8.424417,1
17,d1,4,102,8.178833,1
17,d1,4,103,8.179334,1
17,d1,4,104,8.468834,1
17,d1,4,105,8.112792,1
17,d1,4,106,8.248208,1
17,d1,4,107,8.514833,1
17,d1,4,108,8.189375,1
17,d1,4,109,8.147084,1
17,d1,4,110,8.482750,1
17,d1,4,111,8.131750,1
17,d1,4,112,8.370500,1
17,d1,4,113,8.475917,1
17,d1,4,114,8.191833,1
17,d1,4,115,8.145125,1
17,d1,4,116,8.475833,1
17,d1,4,117,8.136500,1
17,d1,4,118,8.313584,1
17,d1,4,119,8.638375,1
17,d1,4,120,8.283667,1
17,d1,4,121,8.174958,1
17,d1,4,122,8.457875,1
17,d1,4,123,8.133167,1
17,d1,4,124,8.310333,1
17,d1,4,125,8.463750,1
17,d1,4,126,8.143333,1
17,d1,4,127,8.185708,1
17,d1,4,128,8.490542,1
17,d1,4,129,8.158041,1
17,d1,4,130,8.223583,1
17,d1,4,131,8.422750,1
17,d1,4,132,8.166500,1
17,d1,4,133,8.302458,1
17,d1,4,134,8.530875,1
17,d1,4,135,8.141041,1
17,d1,4,136,8.355208,1
17,d1,4,137,8.428417,1
17,d1,4,138,8.176083,1
17,d1,4,139,8.292875,1
17,d1,4,140,8.596833,1
17,d1,4,141,8.151792,1
17,d1,4,142,8.337625,1
17,d1,4,143,8.408875,1
17,d1,4,144,8.156625,1
17,d1,4,145,8.129083,1
17,d1,4,146,8.477791,1
17,d1,4,147,8.141125,1
17,d1,4,148,8.364792,1
17,d1,4,149,8.387250,1
17,d1,4,150,8.173209,1
17,d1,4,151,8.311459,1
17,d1,4,152,8.449166,1
17,d1,4,153,8.167875,1
17,d1,4,154,8.303625,1
17,d1,4,155,8.455417,1
17,d1,4,156,8.146459,1
17,d1,4,157,8.335583,1
17,d1,4,158,8.382417,1
17,d1,4,159,8.170834,1
18,ctl,4,0,9.321584,0
18,ctl,4,1,8.310041,0
18,ctl,4,2,8.309625,0
18,ctl,4,3,8.421666,0
18,ctl,4,4,8.282000,0
18,ctl,4,5,8.239375,0
18,ctl,4,6,8.219708,0
18,ctl,4,7,8.269250,0
18,ctl,4,8,8.228041,1
18,ctl,4,9,8.207875,1
18,ctl,4,10,8.209500,1
18,ctl,4,11,8.223000,1
18,ctl,4,12,8.198542,1
18,ctl,4,13,8.224917,1
18,ctl,4,14,8.216292,1
18,ctl,4,15,8.237000,1
18,ctl,4,16,8.217292,1
18,ctl,4,17,8.216541,1
18,ctl,4,18,8.214666,1
18,ctl,4,19,8.222625,1
18,ctl,4,20,8.235833,1
18,ctl,4,21,8.230041,1
18,ctl,4,22,8.247250,1
18,ctl,4,23,8.212000,1
18,ctl,4,24,8.212125,1
18,ctl,4,25,8.208334,1
18,ctl,4,26,8.200917,1
18,ctl,4,27,8.213375,1
18,ctl,4,28,8.221334,1
18,ctl,4,29,8.242667,1
18,ctl,4,30,8.218875,1
18,ctl,4,31,8.246875,1
18,ctl,4,32,8.237875,1
18,ctl,4,33,8.285791,1
18,ctl,4,34,8.240083,1
18,ctl,4,35,8.249750,1
18,ctl,4,36,8.244875,1
18,ctl,4,37,8.255708,1
18,ctl,4,38,8.234167,1
18,ctl,4,39,8.249375,1
18,ctl,4,40,8.252416,1
18,ctl,4,41,8.225583,1
18,ctl,4,42,8.240000,1
18,ctl,4,43,8.234917,1
18,ctl,4,44,8.298708,1
18,ctl,4,45,8.297875,1
18,ctl,4,46,8.285916,1
18,ctl,4,47,8.236083,1
18,ctl,4,48,8.237125,1
18,ctl,4,49,8.240541,1
18,ctl,4,50,8.223625,1
18,ctl,4,51,8.238208,1
18,ctl,4,52,8.264083,1
18,ctl,4,53,8.214459,1
18,ctl,4,54,8.255667,1
18,ctl,4,55,8.239291,1
18,ctl,4,56,8.256417,1
18,ctl,4,57,8.228250,1
18,ctl,4,58,8.257333,1
18,ctl,4,59,8.224625,1
18,ctl,4,60,8.260208,1
18,ctl,4,61,8.243542,1
18,ctl,4,62,8.296584,1
18,ctl,4,63,8.253709,1
18,ctl,4,64,8.259375,1
18,ctl,4,65,8.222291,1
18,ctl,4,66,8.265167,1
18,ctl,4,67,8.244792,1
18,ctl,4,68,8.295333,1
18,ctl,4,69,8.243708,1
18,ctl,4,70,8.268167,1
18,ctl,4,71,8.245584,1
18,ctl,4,72,8.260875,1
18,ctl,4,73,8.253625,1
18,ctl,4,74,8.282417,1
18,ctl,4,75,8.249542,1
18,ctl,4,76,8.284375,1
18,ctl,4,77,8.256458,1
18,ctl,4,78,8.273792,1
18,ctl,4,79,8.266500,1
18,ctl,4,80,8.286041,1
18,ctl,4,81,8.277542,1
18,ctl,4,82,8.263958,1
18,ctl,4,83,8.235208,1
18,ctl,4,84,8.287334,1
18,ctl,4,85,8.222417,1
18,ctl,4,86,8.284792,1
18,ctl,4,87,8.232791,1
18,ctl,4,88,8.267791,1
18,ctl,4,89,8.228833,1
18,ctl,4,90,8.257875,1
18,ctl,4,91,8.228167,1
18,ctl,4,92,8.314542,1
18,ctl,4,93,8.303709,1
18,ctl,4,94,8.404458,1
18,ctl,4,95,8.283375,1
18,ctl,4,96,8.309958,1
18,ctl,4,97,8.242083,1
18,ctl,4,98,8.290625,1
18,ctl,4,99,8.266667,1
18,ctl,4,100,8.295708,1
18,ctl,4,101,8.230917,1
18,ctl,4,102,8.294750,1
18,ctl,4,103,8.271667,1
18,ctl,4,104,8.417750,1
18,ctl,4,105,8.266458,1
18,ctl,4,106,8.294417,1
18,ctl,4,107,8.250250,1
18,ctl,4,108,8.287625,1
18,ctl,4,109,8.244500,1
18,ctl,4,110,8.286208,1
18,ctl,4,111,8.324042,1
18,ctl,4,112,8.294917,1
18,ctl,4,113,8.239833,1
18,ctl,4,114,8.354666,1
18,ctl,4,115,8.250542,1
18,ctl,4,116,8.399250,1
18,ctl,4,117,8.248167,1
18,ctl,4,118,8.372291,1
18,ctl,4,119,8.275500,1
18,ctl,4,120,8.366625,1
18,ctl,4,121,8.246375,1
18,ctl,4,122,8.232375,1
18,ctl,4,123,8.292208,1
18,ctl,4,124,8.347708,1
18,ctl,4,125,8.437584,1
18,ctl,4,126,8.314208,1
18,ctl,4,127,8.277500,1
18,ctl,4,128,8.294209,1
18,ctl,4,129,8.264125,1
18,ctl,4,130,8.274209,1
18,ctl,4,131,8.259708,1
18,ctl,4,132,8.255542,1
18,ctl,4,133,8.248708,1
18,ctl,4,134,8.271333,1
18,ctl,4,135,8.224167,1
18,ctl,4,136,8.293666,1
18,ctl,4,137,8.257375,1
18,ctl,4,138,8.247167,1
18,ctl,4,139,8.226625,1
18,ctl,4,140,8.270792,1
18,ctl,4,141,8.244750,1
18,ctl,4,142,8.270875,1
18,ctl,4,143,8.248958,1
18,ctl,4,144,8.256916,1
18,ctl,4,145,8.253209,1
18,ctl,4,146,8.263041,1
18,ctl,4,147,8.259000,1
18,ctl,4,148,8.301125,1
18,ctl,4,149,8.250583,1
18,ctl,4,150,8.304000,1
18,ctl,4,151,8.252208,1
18,ctl,4,152,8.292083,1
18,ctl,4,153,8.250958,1
18,ctl,4,154,8.281750,1
18,ctl,4,155,8.254959,1
18,ctl,4,156,8.270208,1
18,ctl,4,157,8.267042,1
18,ctl,4,158,8.263458,1
18,ctl,4,159,8.259417,1
19,d2,4,0,9.361959,0
19,d2,4,1,8.301958,0
19,d2,4,2,8.214708,0
19,d2,4,3,8.232125,0
19,d2,4,4,8.196959,0
19,d2,4,5,8.172250,0
19,d2,4,6,8.153750,0
19,d2,4,7,8.207875,0
19,d2,4,8,8.180833,1
19,d2,4,9,8.138167,1
19,d2,4,10,8.179459,1
19,d2,4,11,8.149042,1
19,d2,4,12,8.192958,1
19,d2,4,13,8.199458,1
19,d2,4,14,8.201625,1
19,d2,4,15,8.193000,1
19,d2,4,16,8.176083,1
19,d2,4,17,8.173833,1
19,d2,4,18,8.153750,1
19,d2,4,19,8.190500,1
19,d2,4,20,8.181333,1
19,d2,4,21,8.192708,1
19,d2,4,22,8.161375,1
19,d2,4,23,8.158875,1
19,d2,4,24,8.194875,1
19,d2,4,25,8.170333,1
19,d2,4,26,8.169875,1
19,d2,4,27,8.174541,1
19,d2,4,28,8.156542,1
19,d2,4,29,8.180875,1
19,d2,4,30,8.186291,1
19,d2,4,31,8.185958,1
19,d2,4,32,8.198666,1
19,d2,4,33,8.212500,1
19,d2,4,34,8.168459,1
19,d2,4,35,8.184167,1
19,d2,4,36,8.151916,1
19,d2,4,37,8.205750,1
19,d2,4,38,8.165917,1
19,d2,4,39,8.232042,1
19,d2,4,40,8.163958,1
19,d2,4,41,8.239792,1
19,d2,4,42,8.173917,1
19,d2,4,43,8.230250,1
19,d2,4,44,8.265042,1
19,d2,4,45,8.202792,1
19,d2,4,46,8.154958,1
19,d2,4,47,8.173625,1
19,d2,4,48,8.168375,1
19,d2,4,49,8.182750,1
19,d2,4,50,8.157792,1
19,d2,4,51,8.199916,1
19,d2,4,52,8.181333,1
19,d2,4,53,8.200833,1
19,d2,4,54,8.167417,1
19,d2,4,55,8.190291,1
19,d2,4,56,8.155333,1
19,d2,4,57,8.195333,1
19,d2,4,58,8.162208,1
19,d2,4,59,8.188250,1
19,d2,4,60,8.181875,1
19,d2,4,61,8.189458,1
19,d2,4,62,8.211750,1
19,d2,4,63,8.184916,1
19,d2,4,64,8.184334,1
19,d2,4,65,8.166167,1
19,d2,4,66,8.173750,1
19,d2,4,67,8.161000,1
19,d2,4,68,8.184375,1
19,d2,4,69,8.206834,1
19,d2,4,70,8.177500,1
19,d2,4,71,8.207584,1
19,d2,4,72,8.185583,1
19,d2,4,73,8.281500,1
19,d2,4,74,8.243417,1
19,d2,4,75,8.212583,1
19,d2,4,76,8.209542,1
19,d2,4,77,8.183583,1
19,d2,4,78,8.188666,1
19,d2,4,79,8.188667,1
19,d2,4,80,8.185458,1
19,d2,4,81,8.211958,1
19,d2,4,82,8.185583,1
19,d2,4,83,8.151958,1
19,d2,4,84,8.212958,1
19,d2,4,85,8.250208,1
19,d2,4,86,8.197584,1
19,d2,4,87,8.169083,1
19,d2,4,88,8.198708,1
19,d2,4,89,8.178167,1
19,d2,4,90,8.217250,1
19,d2,4,91,8.189500,1
19,d2,4,92,8.204917,1
19,d2,4,93,8.225375,1
19,d2,4,94,8.227750,1
19,d2,4,95,8.180750,1
19,d2,4,96,8.223667,1
19,d2,4,97,8.181291,1
19,d2,4,98,8.285500,1
19,d2,4,99,8.190875,1
19,d2,4,100,8.221292,1
19,d2,4,101,8.213333,1
19,d2,4,102,8.244875,1
19,d2,4,103,8.196125,1
19,d2,4,104,8.290459,1
19,d2,4,105,8.329000,1
19,d2,4,106,8.272084,1
19,d2,4,107,8.189083,1
19,d2,4,108,8.249750,1
19,d2,4,109,8.177834,1
19,d2,4,110,8.307875,1
19,d2,4,111,8.189458,1
19,d2,4,112,8.249500,1
19,d2,4,113,8.187917,1
19,d2,4,114,8.236000,1
19,d2,4,115,8.153083,1
19,d2,4,116,8.273625,1
19,d2,4,117,8.174000,1
19,d2,4,118,8.229167,1
19,d2,4,119,8.183250,1
19,d2,4,120,8.242333,1
19,d2,4,121,8.187834,1
19,d2,4,122,8.264791,1
19,d2,4,123,8.187875,1
19,d2,4,124,8.215334,1
19,d2,4,125,8.201708,1
19,d2,4,126,8.240208,1
19,d2,4,127,8.211250,1
19,d2,4,128,8.188708,1
19,d2,4,129,8.240416,1
19,d2,4,130,8.238417,1
19,d2,4,131,8.224541,1
19,d2,4,132,8.228666,1
19,d2,4,133,8.213000,1
19,d2,4,134,8.252125,1
19,d2,4,135,8.297791,1
19,d2,4,136,8.378625,1
19,d2,4,137,8.243750,1
19,d2,4,138,8.227959,1
19,d2,4,139,8.231125,1
19,d2,4,140,8.282083,1
19,d2,4,141,8.219584,1
19,d2,4,142,8.243375,1
19,d2,4,143,8.232625,1
19,d2,4,144,8.236709,1
19,d2,4,145,8.216416,1
19,d2,4,146,8.252625,1
19,d2,4,147,8.219250,1
19,d2,4,148,8.228209,1
19,d2,4,149,8.215417,1
19,d2,4,150,8.199750,1
19,d2,4,151,8.219083,1
19,d2,4,152,8.211000,1
19,d2,4,153,8.238792,1
19,d2,4,154,8.190541,1
19,d2,4,155,8.221666,1
19,d2,4,156,8.229583,1
19,d2,4,157,8.195708,1
19,d2,4,158,8.270333,1
19,d2,4,159,8.241042,1
20,ship,4,0,9.409666,0
20,ship,4,1,8.373000,0
20,ship,4,2,8.259583,0
20,ship,4,3,8.253708,0
20,ship,4,4,8.262750,0
20,ship,4,5,8.261541,0
20,ship,4,6,8.234291,0
20,ship,4,7,8.217667,0
20,ship,4,8,8.228667,1
20,ship,4,9,8.262292,1
20,ship,4,10,8.241083,1
20,ship,4,11,8.261833,1
20,ship,4,12,8.219375,1
20,ship,4,13,8.247833,1
20,ship,4,14,8.224084,1
20,ship,4,15,8.253833,1
20,ship,4,16,8.262625,1
20,ship,4,17,8.353625,1
20,ship,4,18,8.249125,1
20,ship,4,19,8.256417,1
20,ship,4,20,8.253042,1
20,ship,4,21,8.241750,1
20,ship,4,22,8.235791,1
20,ship,4,23,8.246917,1
20,ship,4,24,8.229500,1
20,ship,4,25,8.238083,1
20,ship,4,26,8.226542,1
20,ship,4,27,8.267500,1
20,ship,4,28,8.236375,1
20,ship,4,29,8.223333,1
20,ship,4,30,8.239542,1
20,ship,4,31,8.221500,1
20,ship,4,32,8.235208,1
20,ship,4,33,8.212208,1
20,ship,4,34,8.275666,1
20,ship,4,35,8.220583,1
20,ship,4,36,8.241750,1
20,ship,4,37,8.212083,1
20,ship,4,38,8.241667,1
20,ship,4,39,8.212958,1
20,ship,4,40,8.260875,1
20,ship,4,41,8.219959,1
20,ship,4,42,8.261542,1
20,ship,4,43,8.243291,1
20,ship,4,44,8.253375,1
20,ship,4,45,8.230042,1
20,ship,4,46,8.268292,1
20,ship,4,47,8.254000,1
20,ship,4,48,8.243084,1
20,ship,4,49,8.235792,1
20,ship,4,50,8.269291,1
20,ship,4,51,8.249958,1
20,ship,4,52,8.246375,1
20,ship,4,53,8.240958,1
20,ship,4,54,8.264541,1
20,ship,4,55,8.242167,1
20,ship,4,56,8.284958,1
20,ship,4,57,8.230542,1
20,ship,4,58,8.270000,1
20,ship,4,59,8.252334,1
20,ship,4,60,8.256333,1
20,ship,4,61,8.214333,1
20,ship,4,62,8.229250,1
20,ship,4,63,8.221209,1
20,ship,4,64,8.260375,1
20,ship,4,65,8.232875,1
20,ship,4,66,8.242834,1
20,ship,4,67,8.291625,1
20,ship,4,68,8.234667,1
20,ship,4,69,8.226458,1
20,ship,4,70,8.338458,1
20,ship,4,71,8.241125,1
20,ship,4,72,8.239500,1
20,ship,4,73,8.219000,1
20,ship,4,74,8.258709,1
20,ship,4,75,8.227708,1
20,ship,4,76,8.251250,1
20,ship,4,77,8.242083,1
20,ship,4,78,8.235417,1
20,ship,4,79,8.231583,1
20,ship,4,80,8.228833,1
20,ship,4,81,8.225875,1
20,ship,4,82,8.290375,1
20,ship,4,83,8.245625,1
20,ship,4,84,8.241459,1
20,ship,4,85,8.236833,1
20,ship,4,86,8.289667,1
20,ship,4,87,8.310000,1
20,ship,4,88,8.399416,1
20,ship,4,89,8.249500,1
20,ship,4,90,8.272459,1
20,ship,4,91,8.238792,1
20,ship,4,92,8.256333,1
20,ship,4,93,8.245625,1
20,ship,4,94,8.252667,1
20,ship,4,95,8.258125,1
20,ship,4,96,8.258583,1
20,ship,4,97,8.259084,1
20,ship,4,98,8.272375,1
20,ship,4,99,8.244084,1
20,ship,4,100,8.248208,1
20,ship,4,101,8.246750,1
20,ship,4,102,8.249833,1
20,ship,4,103,8.245333,1
20,ship,4,104,8.247042,1
20,ship,4,105,8.258417,1
20,ship,4,106,8.257041,1
20,ship,4,107,8.253250,1
20,ship,4,108,8.268292,1
20,ship,4,109,8.234166,1
20,ship,4,110,8.271375,1
20,ship,4,111,8.246375,1
20,ship,4,112,8.298583,1
20,ship,4,113,8.256000,1
20,ship,4,114,8.300666,1
20,ship,4,115,8.279333,1
20,ship,4,116,8.278083,1
20,ship,4,117,8.313666,1
20,ship,4,118,8.350958,1
20,ship,4,119,8.407250,1
20,ship,4,120,8.326916,1
20,ship,4,121,8.268625,1
20,ship,4,122,8.286333,1
20,ship,4,123,8.250459,1
20,ship,4,124,8.267500,1
20,ship,4,125,8.286834,1
20,ship,4,126,8.277458,1
20,ship,4,127,8.288750,1
20,ship,4,128,8.284125,1
20,ship,4,129,8.261375,1
20,ship,4,130,8.287291,1
20,ship,4,131,8.261083,1
20,ship,4,132,8.261750,1
20,ship,4,133,8.266375,1
20,ship,4,134,8.287417,1
20,ship,4,135,8.267958,1
20,ship,4,136,8.259792,1
20,ship,4,137,8.280833,1
20,ship,4,138,8.245708,1
20,ship,4,139,8.258334,1
20,ship,4,140,8.229417,1
20,ship,4,141,8.260542,1
20,ship,4,142,8.324875,1
20,ship,4,143,8.284250,1
20,ship,4,144,8.259417,1
20,ship,4,145,8.261875,1
20,ship,4,146,8.238458,1
20,ship,4,147,8.269375,1
20,ship,4,148,8.355083,1
20,ship,4,149,8.307583,1
20,ship,4,150,8.253791,1
20,ship,4,151,8.281000,1
20,ship,4,152,8.258792,1
20,ship,4,153,8.258042,1
20,ship,4,154,8.287917,1
20,ship,4,155,8.282667,1
20,ship,4,156,8.246125,1
20,ship,4,157,8.281584,1
20,ship,4,158,8.262250,1
20,ship,4,159,8.283083,1
21,ship,5,0,9.445708,0
21,ship,5,1,8.360667,0
21,ship,5,2,8.250750,0
21,ship,5,3,8.230750,0
21,ship,5,4,8.226500,0
21,ship,5,5,8.221250,0
21,ship,5,6,8.219250,0
21,ship,5,7,8.246375,0
21,ship,5,8,8.270625,1
21,ship,5,9,8.224250,1
21,ship,5,10,8.201000,1
21,ship,5,11,8.206625,1
21,ship,5,12,8.228000,1
21,ship,5,13,8.211750,1
21,ship,5,14,8.198375,1
21,ship,5,15,8.214959,1
21,ship,5,16,8.218708,1
21,ship,5,17,8.243875,1
21,ship,5,18,8.230375,1
21,ship,5,19,8.217750,1
21,ship,5,20,8.203625,1
21,ship,5,21,8.243959,1
21,ship,5,22,8.240042,1
21,ship,5,23,8.232959,1
21,ship,5,24,8.207167,1
21,ship,5,25,8.210708,1
21,ship,5,26,8.233083,1
21,ship,5,27,8.223041,1
21,ship,5,28,8.240000,1
21,ship,5,29,8.245500,1
21,ship,5,30,8.232041,1
21,ship,5,31,8.229208,1
21,ship,5,32,8.246333,1
21,ship,5,33,8.218416,1
21,ship,5,34,8.225334,1
21,ship,5,35,8.212583,1
21,ship,5,36,8.242916,1
21,ship,5,37,8.238792,1
21,ship,5,38,8.251125,1
21,ship,5,39,8.227375,1
21,ship,5,40,8.246459,1
21,ship,5,41,8.225083,1
21,ship,5,42,8.247833,1
21,ship,5,43,8.171458,1
21,ship,5,44,8.227208,1
21,ship,5,45,8.218750,1
21,ship,5,46,8.231958,1
21,ship,5,47,8.206084,1
21,ship,5,48,8.255666,1
21,ship,5,49,8.211291,1
21,ship,5,50,8.249541,1
21,ship,5,51,8.243583,1
21,ship,5,52,8.243416,1
21,ship,5,53,8.222375,1
21,ship,5,54,8.248500,1
21,ship,5,55,8.261667,1
21,ship,5,56,8.259708,1
21,ship,5,57,8.221041,1
21,ship,5,58,8.253250,1
21,ship,5,59,8.239750,1
21,ship,5,60,8.261375,1
21,ship,5,61,8.214417,1
21,ship,5,62,8.281958,1
21,ship,5,63,8.205250,1
21,ship,5,64,8.275000,1
21,ship,5,65,8.208333,1
21,ship,5,66,8.268333,1
21,ship,5,67,8.246041,1
21,ship,5,68,8.279875,1
21,ship,5,69,8.203167,1
21,ship,5,70,8.257958,1
21,ship,5,71,8.222458,1
21,ship,5,72,8.288542,1
21,ship,5,73,8.204500,1
21,ship,5,74,8.235292,1
21,ship,5,75,8.230166,1
21,ship,5,76,8.363125,1
21,ship,5,77,8.228625,1
21,ship,5,78,8.295375,1
21,ship,5,79,8.216667,1
21,ship,5,80,8.263625,1
21,ship,5,81,8.792458,1
21,ship,5,82,8.616375,1
21,ship,5,83,8.376875,1
21,ship,5,84,8.591166,1
21,ship,5,85,8.583375,1
21,ship,5,86,8.425333,1
21,ship,5,87,8.216792,1
21,ship,5,88,8.363917,1
21,ship,5,89,8.248167,1
21,ship,5,90,8.422334,1
21,ship,5,91,8.248042,1
21,ship,5,92,8.388000,1
21,ship,5,93,8.263875,1
21,ship,5,94,8.337750,1
21,ship,5,95,8.257125,1
21,ship,5,96,8.384166,1
21,ship,5,97,8.288750,1
21,ship,5,98,8.355000,1
21,ship,5,99,8.247459,1
21,ship,5,100,8.355708,1
21,ship,5,101,8.267125,1
21,ship,5,102,8.354583,1
21,ship,5,103,8.253667,1
21,ship,5,104,8.405042,1
21,ship,5,105,8.284292,1
21,ship,5,106,8.371375,1
21,ship,5,107,8.267375,1
21,ship,5,108,8.360417,1
21,ship,5,109,8.273500,1
21,ship,5,110,8.370917,1
21,ship,5,111,8.249208,1
21,ship,5,112,8.377084,1
21,ship,5,113,8.333291,1
21,ship,5,114,8.552792,1
21,ship,5,115,8.298417,1
21,ship,5,116,8.365625,1
21,ship,5,117,8.277292,1
21,ship,5,118,8.373417,1
21,ship,5,119,8.284667,1
21,ship,5,120,8.376750,1
21,ship,5,121,8.249916,1
21,ship,5,122,8.385458,1
21,ship,5,123,8.265500,1
21,ship,5,124,8.373042,1
21,ship,5,125,8.260333,1
21,ship,5,126,8.382500,1
21,ship,5,127,8.281917,1
21,ship,5,128,8.370542,1
21,ship,5,129,8.278916,1
21,ship,5,130,8.408000,1
21,ship,5,131,8.273459,1
21,ship,5,132,8.353209,1
21,ship,5,133,8.236500,1
21,ship,5,134,8.408250,1
21,ship,5,135,8.274375,1
21,ship,5,136,8.372334,1
21,ship,5,137,8.281250,1
21,ship,5,138,8.400208,1
21,ship,5,139,8.269792,1
21,ship,5,140,8.398417,1
21,ship,5,141,8.285792,1
21,ship,5,142,8.384625,1
21,ship,5,143,8.340250,1
21,ship,5,144,8.390542,1
21,ship,5,145,8.265417,1
21,ship,5,146,8.416500,1
21,ship,5,147,8.291333,1
21,ship,5,148,8.375250,1
21,ship,5,149,8.274917,1
21,ship,5,150,8.392542,1
21,ship,5,151,8.287083,1
21,ship,5,152,8.385791,1
21,ship,5,153,8.265375,1
21,ship,5,154,8.390292,1
21,ship,5,155,8.261209,1
21,ship,5,156,8.418625,1
21,ship,5,157,8.261542,1
21,ship,5,158,8.396167,1
21,ship,5,159,8.294500,1
22,d2,5,0,9.308500,0
22,d2,5,1,8.302708,0
22,d2,5,2,8.192959,0
22,d2,5,3,8.202833,0
22,d2,5,4,8.151625,0
22,d2,5,5,8.211041,0
22,d2,5,6,8.162208,0
22,d2,5,7,8.202875,0
22,d2,5,8,8.179458,1
22,d2,5,9,8.202708,1
22,d2,5,10,8.153375,1
22,d2,5,11,8.265917,1
22,d2,5,12,8.222166,1
22,d2,5,13,8.203625,1
22,d2,5,14,8.155292,1
22,d2,5,15,8.207333,1
22,d2,5,16,8.169583,1
22,d2,5,17,8.215375,1
22,d2,5,18,8.166333,1
22,d2,5,19,8.215166,1
22,d2,5,20,8.196583,1
22,d2,5,21,8.214417,1
22,d2,5,22,8.142625,1
22,d2,5,23,8.184084,1
22,d2,5,24,8.167417,1
22,d2,5,25,8.193042,1
22,d2,5,26,8.185791,1
22,d2,5,27,8.174916,1
22,d2,5,28,8.171417,1
22,d2,5,29,8.183334,1
22,d2,5,30,8.185458,1
22,d2,5,31,8.196417,1
22,d2,5,32,8.180542,1
22,d2,5,33,8.222542,1
22,d2,5,34,8.171500,1
22,d2,5,35,8.183708,1
22,d2,5,36,8.183167,1
22,d2,5,37,8.196833,1
22,d2,5,38,8.197166,1
22,d2,5,39,8.193833,1
22,d2,5,40,8.137542,1
22,d2,5,41,8.213375,1
22,d2,5,42,8.213709,1
22,d2,5,43,8.210334,1
22,d2,5,44,8.209042,1
22,d2,5,45,8.182083,1
22,d2,5,46,8.174083,1
22,d2,5,47,8.168333,1
22,d2,5,48,8.196791,1
22,d2,5,49,8.186542,1
22,d2,5,50,8.177125,1
22,d2,5,51,8.208208,1
22,d2,5,52,8.204375,1
22,d2,5,53,8.176000,1
22,d2,5,54,8.171791,1
22,d2,5,55,8.183500,1
22,d2,5,56,8.243250,1
22,d2,5,57,8.169125,1
22,d2,5,58,8.181750,1
22,d2,5,59,8.162500,1
22,d2,5,60,8.174000,1
22,d2,5,61,8.234875,1
22,d2,5,62,8.184084,1
22,d2,5,63,8.172625,1
22,d2,5,64,8.165000,1
22,d2,5,65,8.187667,1
22,d2,5,66,8.216875,1
22,d2,5,67,8.167459,1
22,d2,5,68,8.180708,1
22,d2,5,69,8.192833,1
22,d2,5,70,8.224500,1
22,d2,5,71,8.179833,1
22,d2,5,72,8.235416,1
22,d2,5,73,8.270875,1
22,d2,5,74,8.238792,1
22,d2,5,75,8.175083,1
22,d2,5,76,8.204792,1
22,d2,5,77,8.188542,1
22,d2,5,78,8.215167,1
22,d2,5,79,8.163792,1
22,d2,5,80,8.210292,1
22,d2,5,81,8.214667,1
22,d2,5,82,8.239459,1
22,d2,5,83,8.182958,1
22,d2,5,84,8.207791,1
22,d2,5,85,8.145041,1
22,d2,5,86,8.202042,1
22,d2,5,87,8.192666,1
22,d2,5,88,8.201667,1
22,d2,5,89,8.213416,1
22,d2,5,90,8.208000,1
22,d2,5,91,8.183375,1
22,d2,5,92,8.222667,1
22,d2,5,93,8.194125,1
22,d2,5,94,8.209208,1
22,d2,5,95,8.192750,1
22,d2,5,96,8.180125,1
22,d2,5,97,8.195583,1
22,d2,5,98,8.215916,1
22,d2,5,99,8.223250,1
22,d2,5,100,8.210917,1
22,d2,5,101,8.198334,1
22,d2,5,102,8.194333,1
22,d2,5,103,8.251250,1
22,d2,5,104,8.331375,1
22,d2,5,105,8.248167,1
22,d2,5,106,8.207792,1
22,d2,5,107,8.216500,1
22,d2,5,108,8.222083,1
22,d2,5,109,8.225709,1
22,d2,5,110,8.182666,1
22,d2,5,111,8.208584,1
22,d2,5,112,8.198666,1
22,d2,5,113,8.228958,1
22,d2,5,114,8.189958,1
22,d2,5,115,8.193834,1
22,d2,5,116,8.205333,1
22,d2,5,117,8.222542,1
22,d2,5,118,8.188167,1
22,d2,5,119,8.249417,1
22,d2,5,120,8.172417,1
22,d2,5,121,8.205875,1
22,d2,5,122,8.203375,1
22,d2,5,123,8.250666,1
22,d2,5,124,8.191500,1
22,d2,5,125,8.224375,1
22,d2,5,126,8.277166,1
22,d2,5,127,8.228125,1
22,d2,5,128,8.242959,1
22,d2,5,129,8.223541,1
22,d2,5,130,8.200792,1
22,d2,5,131,8.192375,1
22,d2,5,132,8.198500,1
22,d2,5,133,8.237416,1
22,d2,5,134,8.284375,1
22,d2,5,135,8.358458,1
22,d2,5,136,8.261208,1
22,d2,5,137,8.275667,1
22,d2,5,138,8.213167,1
22,d2,5,139,8.247709,1
22,d2,5,140,8.223208,1
22,d2,5,141,8.261250,1
22,d2,5,142,8.205958,1
22,d2,5,143,8.241625,1
22,d2,5,144,8.193917,1
22,d2,5,145,8.278375,1
22,d2,5,146,8.215708,1
22,d2,5,147,8.278541,1
22,d2,5,148,8.190500,1
22,d2,5,149,8.248458,1
22,d2,5,150,8.220750,1
22,d2,5,151,8.228083,1
22,d2,5,152,8.217792,1
22,d2,5,153,8.242916,1
22,d2,5,154,8.202208,1
22,d2,5,155,8.263666,1
22,d2,5,156,8.209834,1
22,d2,5,157,8.215666,1
22,d2,5,158,8.165292,1
22,d2,5,159,8.257375,1
23,d1,5,0,9.362250,0
23,d1,5,1,8.253916,0
23,d1,5,2,8.200292,0
23,d1,5,3,8.147875,0
23,d1,5,4,8.126375,0
23,d1,5,5,8.278750,0
23,d1,5,6,8.119125,0
23,d1,5,7,8.149084,0
23,d1,5,8,8.129166,1
23,d1,5,9,8.131791,1
23,d1,5,10,8.096750,1
23,d1,5,11,8.185125,1
23,d1,5,12,8.099959,1
23,d1,5,13,8.136875,1
23,d1,5,14,8.128584,1
23,d1,5,15,8.100333,1
23,d1,5,16,8.115459,1
23,d1,5,17,8.383042,1
23,d1,5,18,8.097375,1
23,d1,5,19,8.126458,1
23,d1,5,20,8.298375,1
23,d1,5,21,8.126208,1
23,d1,5,22,8.095417,1
23,d1,5,23,8.521458,1
23,d1,5,24,8.113083,1
23,d1,5,25,8.116584,1
23,d1,5,26,8.301833,1
23,d1,5,27,8.112666,1
23,d1,5,28,8.210084,1
23,d1,5,29,8.534416,1
23,d1,5,30,8.105458,1
23,d1,5,31,8.158959,1
23,d1,5,32,8.249000,1
23,d1,5,33,8.129042,1
23,d1,5,34,8.122916,1
23,d1,5,35,8.549084,1
23,d1,5,36,8.136292,1
23,d1,5,37,8.125542,1
23,d1,5,38,8.335750,1
23,d1,5,39,8.134250,1
23,d1,5,40,8.124209,1
23,d1,5,41,8.370583,1
23,d1,5,42,8.157708,1
23,d1,5,43,8.175334,1
23,d1,5,44,8.401209,1
23,d1,5,45,8.126167,1
23,d1,5,46,8.164750,1
23,d1,5,47,8.296542,1
23,d1,5,48,8.118958,1
23,d1,5,49,8.207209,1
23,d1,5,50,8.255000,1
23,d1,5,51,8.142500,1
23,d1,5,52,8.134500,1
23,d1,5,53,8.442750,1
23,d1,5,54,8.194666,1
23,d1,5,55,8.286334,1
23,d1,5,56,8.375709,1
23,d1,5,57,8.111042,1
23,d1,5,58,8.167542,1
23,d1,5,59,8.498459,1
23,d1,5,60,8.165000,1
23,d1,5,61,8.130666,1
23,d1,5,62,8.467750,1
23,d1,5,63,8.129750,1
23,d1,5,64,8.173500,1
23,d1,5,65,8.491625,1
23,d1,5,66,8.250500,1
23,d1,5,67,8.200584,1
23,d1,5,68,8.551708,1
23,d1,5,69,8.110166,1
23,d1,5,70,8.146708,1
23,d1,5,71,8.517375,1
23,d1,5,72,8.136083,1
23,d1,5,73,8.272666,1
23,d1,5,74,8.564667,1
23,d1,5,75,8.119375,1
23,d1,5,76,8.129792,1
23,d1,5,77,8.435250,1
23,d1,5,78,8.150000,1
23,d1,5,79,8.151667,1
23,d1,5,80,8.554667,1
23,d1,5,81,8.131583,1
23,d1,5,82,8.176834,1
23,d1,5,83,8.356167,1
23,d1,5,84,8.169084,1
23,d1,5,85,8.275875,1
23,d1,5,86,8.464292,1
23,d1,5,87,8.127334,1
23,d1,5,88,8.356125,1
23,d1,5,89,8.630834,1
23,d1,5,90,8.200000,1
23,d1,5,91,8.252083,1
23,d1,5,92,8.481458,1
23,d1,5,93,8.164291,1
23,d1,5,94,8.159625,1
23,d1,5,95,8.463000,1
23,d1,5,96,8.155666,1
23,d1,5,97,8.401791,1
23,d1,5,98,8.497292,1
23,d1,5,99,8.237125,1
23,d1,5,100,8.208458,1
23,d1,5,101,8.415709,1
23,d1,5,102,8.189500,1
23,d1,5,103,8.188334,1
23,d1,5,104,8.526417,1
23,d1,5,105,8.116291,1
23,d1,5,106,8.262250,1
23,d1,5,107,8.544833,1
23,d1,5,108,8.269458,1
23,d1,5,109,8.127750,1
23,d1,5,110,8.488833,1
23,d1,5,111,8.126625,1
23,d1,5,112,8.354375,1
23,d1,5,113,8.451083,1
23,d1,5,114,8.143625,1
23,d1,5,115,8.133083,1
23,d1,5,116,8.601792,1
23,d1,5,117,8.182666,1
23,d1,5,118,8.312083,1
23,d1,5,119,8.606042,1
23,d1,5,120,8.225917,1
23,d1,5,121,8.217333,1
23,d1,5,122,8.467875,1
23,d1,5,123,8.142917,1
23,d1,5,124,8.290708,1
23,d1,5,125,8.475584,1
23,d1,5,126,8.140291,1
23,d1,5,127,8.203958,1
23,d1,5,128,8.503625,1
23,d1,5,129,8.107875,1
23,d1,5,130,8.221500,1
23,d1,5,131,8.454042,1
23,d1,5,132,8.161000,1
23,d1,5,133,8.316709,1
23,d1,5,134,8.514375,1
23,d1,5,135,8.149666,1
23,d1,5,136,8.346583,1
23,d1,5,137,8.399792,1
23,d1,5,138,8.154125,1
23,d1,5,139,8.262541,1
23,d1,5,140,8.498792,1
23,d1,5,141,8.133667,1
23,d1,5,142,8.331750,1
23,d1,5,143,8.413209,1
23,d1,5,144,8.134750,1
23,d1,5,145,8.155667,1
23,d1,5,146,8.577125,1
23,d1,5,147,8.099084,1
23,d1,5,148,8.375334,1
23,d1,5,149,8.485333,1
23,d1,5,150,8.143375,1
23,d1,5,151,8.308750,1
23,d1,5,152,8.569042,1
23,d1,5,153,8.130292,1
23,d1,5,154,8.360750,1
23,d1,5,155,8.479208,1
23,d1,5,156,8.190792,1
23,d1,5,157,8.299750,1
23,d1,5,158,8.448375,1
23,d1,5,159,8.125417,1
24,ctl,5,0,9.364792,0
24,ctl,5,1,8.333958,0
24,ctl,5,2,8.274083,0
24,ctl,5,3,8.221458,0
24,ctl,5,4,8.250042,0
24,ctl,5,5,8.233584,0
24,ctl,5,6,8.245458,0
24,ctl,5,7,8.216000,0
24,ctl,5,8,8.335500,1
24,ctl,5,9,8.235708,1
24,ctl,5,10,8.330750,1
24,ctl,5,11,8.239833,1
24,ctl,5,12,8.245500,1
24,ctl,5,13,8.211042,1
24,ctl,5,14,8.242333,1
24,ctl,5,15,8.252458,1
24,ctl,5,16,8.242750,1
24,ctl,5,17,8.256792,1
24,ctl,5,18,8.226916,1
24,ctl,5,19,8.247333,1
24,ctl,5,20,8.204542,1
24,ctl,5,21,8.242000,1
24,ctl,5,22,8.212792,1
24,ctl,5,23,8.240750,1
24,ctl,5,24,8.213625,1
24,ctl,5,25,8.230042,1
24,ctl,5,26,8.218792,1
24,ctl,5,27,8.229416,1
24,ctl,5,28,8.235125,1
24,ctl,5,29,8.235542,1
24,ctl,5,30,8.231750,1
24,ctl,5,31,8.245250,1
24,ctl,5,32,8.226000,1
24,ctl,5,33,8.263750,1
24,ctl,5,34,8.226709,1
24,ctl,5,35,8.260791,1
24,ctl,5,36,8.240417,1
24,ctl,5,37,8.251875,1
24,ctl,5,38,8.214125,1
24,ctl,5,39,8.223000,1
24,ctl,5,40,8.233917,1
24,ctl,5,41,8.255416,1
24,ctl,5,42,8.228667,1
24,ctl,5,43,8.255625,1
24,ctl,5,44,8.218250,1
24,ctl,5,45,8.278875,1
24,ctl,5,46,8.227834,1
24,ctl,5,47,8.299625,1
24,ctl,5,48,8.299250,1
24,ctl,5,49,8.288750,1
24,ctl,5,50,8.314958,1
24,ctl,5,51,8.284667,1
24,ctl,5,52,8.211375,1
24,ctl,5,53,8.230708,1
24,ctl,5,54,8.214333,1
24,ctl,5,55,8.240125,1
24,ctl,5,56,8.198292,1
24,ctl,5,57,8.286500,1
24,ctl,5,58,8.175834,1
24,ctl,5,59,8.231667,1
24,ctl,5,60,8.163250,1
24,ctl,5,61,8.280916,1
24,ctl,5,62,8.258167,1
24,ctl,5,63,8.311584,1
24,ctl,5,64,8.238791,1
24,ctl,5,65,8.260125,1
24,ctl,5,66,8.229542,1
24,ctl,5,67,8.274208,1
24,ctl,5,68,8.207583,1
24,ctl,5,69,8.265166,1
24,ctl,5,70,8.271458,1
24,ctl,5,71,8.318208,1
24,ctl,5,72,8.242167,1
24,ctl,5,73,8.258334,1
24,ctl,5,74,8.231500,1
24,ctl,5,75,8.313625,1
24,ctl,5,76,8.227750,1
24,ctl,5,77,8.243708,1
24,ctl,5,78,8.214416,1
24,ctl,5,79,8.236083,1
24,ctl,5,80,8.267458,1
24,ctl,5,81,8.244209,1
24,ctl,5,82,8.259917,1
24,ctl,5,83,8.212042,1
24,ctl,5,84,8.267542,1
24,ctl,5,85,8.238000,1
24,ctl,5,86,8.219709,1
24,ctl,5,87,8.270583,1
24,ctl,5,88,8.253875,1
24,ctl,5,89,8.288375,1
24,ctl,5,90,8.230417,1
24,ctl,5,91,8.292041,1
24,ctl,5,92,8.255708,1
24,ctl,5,93,8.264125,1
24,ctl,5,94,8.219333,1
24,ctl,5,95,8.247667,1
24,ctl,5,96,8.236709,1
24,ctl,5,97,8.256333,1
24,ctl,5,98,8.292292,1
24,ctl,5,99,8.283500,1
24,ctl,5,100,8.237750,1
24,ctl,5,101,8.286167,1
24,ctl,5,102,8.335291,1
24,ctl,5,103,8.323292,1
24,ctl,5,104,8.255709,1
24,ctl,5,105,8.229375,1
24,ctl,5,106,8.256167,1
24,ctl,5,107,8.314167,1
24,ctl,5,108,8.249166,1
24,ctl,5,109,8.241625,1
24,ctl,5,110,8.241458,1
24,ctl,5,111,8.272167,1
24,ctl,5,112,8.218250,1
24,ctl,5,113,8.227417,1
24,ctl,5,114,8.246041,1
24,ctl,5,115,8.277833,1
24,ctl,5,116,8.289708,1
24,ctl,5,117,8.266916,1
24,ctl,5,118,8.259750,1
24,ctl,5,119,8.269375,1
24,ctl,5,120,8.285458,1
24,ctl,5,121,8.256000,1
24,ctl,5,122,8.309500,1
24,ctl,5,123,8.266500,1
24,ctl,5,124,8.264291,1
24,ctl,5,125,8.252042,1
24,ctl,5,126,8.281000,1
24,ctl,5,127,8.267167,1
24,ctl,5,128,8.276333,1
24,ctl,5,129,8.248667,1
24,ctl,5,130,8.264708,1
24,ctl,5,131,8.273708,1
24,ctl,5,132,8.270500,1
24,ctl,5,133,8.399875,1
24,ctl,5,134,8.316667,1
24,ctl,5,135,8.257709,1
24,ctl,5,136,8.241166,1
24,ctl,5,137,8.254084,1
24,ctl,5,138,8.276833,1
24,ctl,5,139,8.256334,1
24,ctl,5,140,8.274333,1
24,ctl,5,141,8.250792,1
24,ctl,5,142,8.251041,1
24,ctl,5,143,8.214084,1
24,ctl,5,144,8.265709,1
24,ctl,5,145,8.224166,1
24,ctl,5,146,8.278500,1
24,ctl,5,147,8.205166,1
24,ctl,5,148,8.278833,1
24,ctl,5,149,8.317666,1
24,ctl,5,150,8.296709,1
24,ctl,5,151,8.264542,1
24,ctl,5,152,8.266084,1
24,ctl,5,153,8.245458,1
24,ctl,5,154,8.286125,1
24,ctl,5,155,8.238042,1
24,ctl,5,156,8.261542,1
24,ctl,5,157,8.267875,1
24,ctl,5,158,8.273541,1
24,ctl,5,159,8.283250,1
25,d1,6,0,9.302958,0
25,d1,6,1,8.247833,0
25,d1,6,2,8.230000,0
25,d1,6,3,8.116459,0
25,d1,6,4,8.145834,0
25,d1,6,5,8.259000,0
25,d1,6,6,8.145667,0
25,d1,6,7,8.137083,0
25,d1,6,8,8.145458,1
25,d1,6,9,8.128792,1
25,d1,6,10,8.134666,1
25,d1,6,11,8.218500,1
25,d1,6,12,8.146250,1
25,d1,6,13,8.143875,1
25,d1,6,14,8.165750,1
25,d1,6,15,8.086750,1
25,d1,6,16,8.111500,1
25,d1,6,17,8.387417,1
25,d1,6,18,8.116792,1
25,d1,6,19,8.147750,1
25,d1,6,20,8.321250,1
25,d1,6,21,8.142709,1
25,d1,6,22,8.107208,1
25,d1,6,23,8.547208,1
25,d1,6,24,8.116417,1
25,d1,6,25,8.117791,1
25,d1,6,26,8.279917,1
25,d1,6,27,8.138458,1
25,d1,6,28,8.227875,1
25,d1,6,29,8.564250,1
25,d1,6,30,8.125458,1
25,d1,6,31,8.156500,1
25,d1,6,32,8.262250,1
25,d1,6,33,8.166666,1
25,d1,6,34,8.140625,1
25,d1,6,35,8.554167,1
25,d1,6,36,8.149958,1
25,d1,6,37,8.153709,1
25,d1,6,38,8.328000,1
25,d1,6,39,8.124625,1
25,d1,6,40,8.132625,1
25,d1,6,41,8.410083,1
25,d1,6,42,8.141959,1
25,d1,6,43,8.170916,1
25,d1,6,44,8.421500,1
25,d1,6,45,8.147459,1
25,d1,6,46,8.142291,1
25,d1,6,47,8.285500,1
25,d1,6,48,8.131750,1
25,d1,6,49,8.213875,1
25,d1,6,50,8.293625,1
25,d1,6,51,8.136083,1
25,d1,6,52,8.162791,1
25,d1,6,53,8.505667,1
25,d1,6,54,8.144792,1
25,d1,6,55,8.314292,1
25,d1,6,56,8.346167,1
25,d1,6,57,8.148500,1
25,d1,6,58,8.125750,1
25,d1,6,59,8.493625,1
25,d1,6,60,8.155625,1
25,d1,6,61,8.145500,1
25,d1,6,62,8.422958,1
25,d1,6,63,8.149833,1
25,d1,6,64,8.140875,1
25,d1,6,65,8.522000,1
25,d1,6,66,8.242459,1
25,d1,6,67,8.260625,1
25,d1,6,68,8.502500,1
25,d1,6,69,8.151250,1
25,d1,6,70,8.103791,1
25,d1,6,71,8.574875,1
25,d1,6,72,8.110916,1
25,d1,6,73,8.350333,1
25,d1,6,74,8.545291,1
25,d1,6,75,8.171792,1
25,d1,6,76,8.137292,1
25,d1,6,77,8.473875,1
25,d1,6,78,8.132292,1
25,d1,6,79,8.189167,1
25,d1,6,80,8.507167,1
25,d1,6,81,8.142500,1
25,d1,6,82,8.141000,1
25,d1,6,83,8.394542,1
25,d1,6,84,8.130458,1
25,d1,6,85,8.291916,1
25,d1,6,86,8.447833,1
25,d1,6,87,8.273916,1
25,d1,6,88,8.352167,1
25,d1,6,89,8.524792,1
25,d1,6,90,8.152208,1
25,d1,6,91,8.274000,1
25,d1,6,92,8.442333,1
25,d1,6,93,8.158084,1
25,d1,6,94,8.132166,1
25,d1,6,95,8.470208,1
25,d1,6,96,8.124208,1
25,d1,6,97,8.399084,1
25,d1,6,98,8.477209,1
25,d1,6,99,8.232000,1
25,d1,6,100,8.192334,1
25,d1,6,101,8.456458,1
25,d1,6,102,8.167416,1
25,d1,6,103,8.192750,1
25,d1,6,104,8.467375,1
25,d1,6,105,8.164541,1
25,d1,6,106,8.206416,1
25,d1,6,107,8.532375,1
25,d1,6,108,8.180000,1
25,d1,6,109,8.164500,1
25,d1,6,110,8.482791,1
25,d1,6,111,8.180916,1
25,d1,6,112,8.354917,1
25,d1,6,113,8.490292,1
25,d1,6,114,8.138333,1
25,d1,6,115,8.167125,1
25,d1,6,116,8.447666,1
25,d1,6,117,8.257250,1
25,d1,6,118,8.381291,1
25,d1,6,119,8.583791,1
25,d1,6,120,8.134541,1
25,d1,6,121,8.163125,1
25,d1,6,122,8.311500,1
25,d1,6,123,8.228625,1
25,d1,6,124,8.356292,1
25,d1,6,125,8.446209,1
25,d1,6,126,8.116958,1
25,d1,6,127,8.207833,1
25,d1,6,128,8.397583,1
25,d1,6,129,8.088709,1
25,d1,6,130,8.138292,1
25,d1,6,131,8.448375,1
25,d1,6,132,8.114292,1
25,d1,6,133,8.375166,1
25,d1,6,134,8.496250,1
25,d1,6,135,8.130000,1
25,d1,6,136,8.423375,1
25,d1,6,137,8.502708,1
25,d1,6,138,8.213791,1
25,d1,6,139,8.359917,1
25,d1,6,140,8.529833,1
25,d1,6,141,8.286791,1
25,d1,6,142,8.449041,1
25,d1,6,143,8.521125,1
25,d1,6,144,8.199083,1
25,d1,6,145,8.192542,1
25,d1,6,146,8.499125,1
25,d1,6,147,8.232542,1
25,d1,6,148,8.302958,1
25,d1,6,149,8.394750,1
25,d1,6,150,8.153416,1
25,d1,6,151,8.336125,1
25,d1,6,152,8.456583,1
25,d1,6,153,8.157750,1
25,d1,6,154,8.359750,1
25,d1,6,155,8.509334,1
25,d1,6,156,8.177250,1
25,d1,6,157,8.316250,1
25,d1,6,158,8.380375,1
25,d1,6,159,8.174500,1
26,ship,6,0,9.336291,0
26,ship,6,1,8.370375,0
26,ship,6,2,8.285584,0
26,ship,6,3,8.256500,0
26,ship,6,4,8.221125,0
26,ship,6,5,8.306708,0
26,ship,6,6,8.246958,0
26,ship,6,7,8.275625,0
26,ship,6,8,8.226958,1
26,ship,6,9,8.238958,1
26,ship,6,10,8.232875,1
26,ship,6,11,8.246916,1
26,ship,6,12,8.199250,1
26,ship,6,13,8.242958,1
26,ship,6,14,8.215792,1
26,ship,6,15,8.230833,1
26,ship,6,16,8.229709,1
26,ship,6,17,8.230375,1
26,ship,6,18,8.204917,1
26,ship,6,19,8.222458,1
26,ship,6,20,8.225875,1
26,ship,6,21,8.219083,1
26,ship,6,22,8.226500,1
26,ship,6,23,8.209291,1
26,ship,6,24,8.240167,1
26,ship,6,25,8.221000,1
26,ship,6,26,8.206000,1
26,ship,6,27,8.349542,1
26,ship,6,28,8.220625,1
26,ship,6,29,8.219667,1
26,ship,6,30,8.262250,1
26,ship,6,31,8.231791,1
26,ship,6,32,8.278833,1
26,ship,6,33,8.252375,1
26,ship,6,34,8.263792,1
26,ship,6,35,8.210667,1
26,ship,6,36,8.231167,1
26,ship,6,37,8.191292,1
26,ship,6,38,8.233375,1
26,ship,6,39,8.334750,1
26,ship,6,40,8.251916,1
26,ship,6,41,8.220667,1
26,ship,6,42,8.258875,1
26,ship,6,43,8.234500,1
26,ship,6,44,8.253417,1
26,ship,6,45,8.214250,1
26,ship,6,46,8.241959,1
26,ship,6,47,8.250667,1
26,ship,6,48,8.241167,1
26,ship,6,49,8.220917,1
26,ship,6,50,8.250834,1
26,ship,6,51,8.243250,1
26,ship,6,52,8.243833,1
26,ship,6,53,8.230583,1
26,ship,6,54,8.297500,1
26,ship,6,55,8.216209,1
26,ship,6,56,8.273458,1
26,ship,6,57,8.225417,1
26,ship,6,58,8.270333,1
26,ship,6,59,8.207375,1
26,ship,6,60,8.257500,1
26,ship,6,61,8.212500,1
26,ship,6,62,8.280542,1
26,ship,6,63,8.213458,1
26,ship,6,64,8.287500,1
26,ship,6,65,8.215625,1
26,ship,6,66,8.282000,1
26,ship,6,67,8.307916,1
26,ship,6,68,8.299500,1
26,ship,6,69,8.230042,1
26,ship,6,70,8.250292,1
26,ship,6,71,8.192542,1
26,ship,6,72,8.239458,1
26,ship,6,73,8.262458,1
26,ship,6,74,8.228667,1
26,ship,6,75,8.225917,1
26,ship,6,76,8.259875,1
26,ship,6,77,8.230666,1
26,ship,6,78,8.247917,1
26,ship,6,79,8.230792,1
26,ship,6,80,8.229667,1
26,ship,6,81,8.231708,1
26,ship,6,82,8.263292,1
26,ship,6,83,8.240542,1
26,ship,6,84,8.266333,1
26,ship,6,85,8.233917,1
26,ship,6,86,8.249041,1
26,ship,6,87,8.323959,1
26,ship,6,88,8.382583,1
26,ship,6,89,8.241750,1
26,ship,6,90,8.246542,1
26,ship,6,91,8.238542,1
26,ship,6,92,8.221917,1
26,ship,6,93,8.215917,1
26,ship,6,94,8.214292,1
26,ship,6,95,8.246333,1
26,ship,6,96,8.259000,1
26,ship,6,97,8.222709,1
26,ship,6,98,8.278333,1
26,ship,6,99,8.257000,1
26,ship,6,100,8.255500,1
26,ship,6,101,8.229167,1
26,ship,6,102,8.263333,1
26,ship,6,103,8.245375,1
26,ship,6,104,8.281833,1
26,ship,6,105,8.245917,1
26,ship,6,106,8.275750,1
26,ship,6,107,8.266916,1
26,ship,6,108,8.228250,1
26,ship,6,109,8.235834,1
26,ship,6,110,8.247375,1
26,ship,6,111,8.228750,1
26,ship,6,112,8.259208,1
26,ship,6,113,8.244708,1
26,ship,6,114,8.250583,1
26,ship,6,115,8.256083,1
26,ship,6,116,8.257750,1
26,ship,6,117,8.285708,1
26,ship,6,118,8.308000,1
26,ship,6,119,8.453125,1
26,ship,6,120,8.320083,1
26,ship,6,121,8.219834,1
26,ship,6,122,8.243750,1
26,ship,6,123,8.256792,1
26,ship,6,124,8.235125,1
26,ship,6,125,8.262334,1
26,ship,6,126,8.256916,1
26,ship,6,127,8.249417,1
26,ship,6,128,8.265292,1
26,ship,6,129,8.290667,1
26,ship,6,130,8.266584,1
26,ship,6,131,8.291958,1
26,ship,6,132,8.241791,1
26,ship,6,133,8.256959,1
26,ship,6,134,8.234083,1
26,ship,6,135,8.240792,1
26,ship,6,136,8.259833,1
26,ship,6,137,8.266292,1
26,ship,6,138,8.223875,1
26,ship,6,139,8.259209,1
26,ship,6,140,8.248208,1
26,ship,6,141,8.263333,1
26,ship,6,142,8.259292,1
26,ship,6,143,8.287875,1
26,ship,6,144,8.279958,1
26,ship,6,145,8.291959,1
26,ship,6,146,8.214333,1
26,ship,6,147,8.284875,1
26,ship,6,148,8.340750,1
26,ship,6,149,8.289083,1
26,ship,6,150,8.238708,1
26,ship,6,151,8.286375,1
26,ship,6,152,8.237500,1
26,ship,6,153,8.281584,1
26,ship,6,154,8.258792,1
26,ship,6,155,8.282792,1
26,ship,6,156,8.247500,1
26,ship,6,157,8.259750,1
26,ship,6,158,8.270375,1
26,ship,6,159,8.287916,1
27,d2,6,0,9.329208,0
27,d2,6,1,8.283250,0
27,d2,6,2,8.206416,0
27,d2,6,3,8.214583,0
27,d2,6,4,8.160625,0
27,d2,6,5,8.191375,0
27,d2,6,6,8.169209,0
27,d2,6,7,8.199541,0
27,d2,6,8,8.153208,1
27,d2,6,9,8.162250,1
27,d2,6,10,8.136125,1
27,d2,6,11,8.181667,1
27,d2,6,12,8.143708,1
27,d2,6,13,8.173917,1
27,d2,6,14,8.186292,1
27,d2,6,15,8.197791,1
27,d2,6,16,8.161500,1
27,d2,6,17,8.173250,1
27,d2,6,18,8.146000,1
27,d2,6,19,8.187667,1
27,d2,6,20,8.145125,1
27,d2,6,21,8.165042,1
27,d2,6,22,8.190083,1
27,d2,6,23,8.188375,1
27,d2,6,24,8.152542,1
27,d2,6,25,8.177625,1
27,d2,6,26,8.164917,1
27,d2,6,27,8.158167,1
27,d2,6,28,8.173375,1
27,d2,6,29,8.171833,1
27,d2,6,30,8.163250,1
27,d2,6,31,8.179709,1
27,d2,6,32,8.166000,1
27,d2,6,33,8.171125,1
27,d2,6,34,8.188166,1
27,d2,6,35,8.193625,1
27,d2,6,36,8.201458,1
27,d2,6,37,8.139125,1
27,d2,6,38,8.209250,1
27,d2,6,39,8.163041,1
27,d2,6,40,8.179625,1
27,d2,6,41,8.170000,1
27,d2,6,42,8.199500,1
27,d2,6,43,8.178125,1
27,d2,6,44,8.201542,1
27,d2,6,45,8.182000,1
27,d2,6,46,8.215750,1
27,d2,6,47,8.179250,1
27,d2,6,48,8.204042,1
27,d2,6,49,8.209500,1
27,d2,6,50,8.234792,1
27,d2,6,51,8.172209,1
27,d2,6,52,8.183417,1
27,d2,6,53,8.145292,1
27,d2,6,54,8.207833,1
27,d2,6,55,8.171291,1
27,d2,6,56,8.226625,1
27,d2,6,57,8.178583,1
27,d2,6,58,8.212333,1
27,d2,6,59,8.198291,1
27,d2,6,60,8.299500,1
27,d2,6,61,8.163000,1
27,d2,6,62,8.213750,1
27,d2,6,63,8.163792,1
27,d2,6,64,8.216125,1
27,d2,6,65,8.181125,1
27,d2,6,66,8.216875,1
27,d2,6,67,8.187250,1
27,d2,6,68,8.220625,1
27,d2,6,69,8.181542,1
27,d2,6,70,8.204750,1
27,d2,6,71,8.158792,1
27,d2,6,72,8.216375,1
27,d2,6,73,8.185958,1
27,d2,6,74,8.247542,1
27,d2,6,75,8.157334,1
27,d2,6,76,8.176958,1
27,d2,6,77,8.253709,1
27,d2,6,78,8.256625,1
27,d2,6,79,8.184000,1
27,d2,6,80,8.218083,1
27,d2,6,81,8.201417,1
27,d2,6,82,8.207958,1
27,d2,6,83,8.175125,1
27,d2,6,84,8.179500,1
27,d2,6,85,8.189917,1
27,d2,6,86,8.186292,1
27,d2,6,87,8.182833,1
27,d2,6,88,8.201083,1
27,d2,6,89,8.207834,1
27,d2,6,90,8.219833,1
27,d2,6,91,8.196333,1
27,d2,6,92,8.195875,1
27,d2,6,93,8.177292,1
27,d2,6,94,8.185833,1
27,d2,6,95,8.182958,1
27,d2,6,96,8.201500,1
27,d2,6,97,8.206875,1
27,d2,6,98,8.216459,1
27,d2,6,99,8.226875,1
27,d2,6,100,8.194375,1
27,d2,6,101,8.183417,1
27,d2,6,102,8.186916,1
27,d2,6,103,8.191917,1
27,d2,6,104,8.179459,1
27,d2,6,105,8.233667,1
27,d2,6,106,8.198209,1
27,d2,6,107,8.223542,1
27,d2,6,108,8.302583,1
27,d2,6,109,8.369334,1
27,d2,6,110,8.249792,1
27,d2,6,111,8.250750,1
27,d2,6,112,8.214709,1
27,d2,6,113,8.226167,1
27,d2,6,114,8.201500,1
27,d2,6,115,8.193000,1
27,d2,6,116,8.192917,1
27,d2,6,117,8.236375,1
27,d2,6,118,8.173750,1
27,d2,6,119,8.228292,1
27,d2,6,120,8.200125,1
27,d2,6,121,8.269916,1
27,d2,6,122,8.202208,1
27,d2,6,123,8.260958,1
27,d2,6,124,8.197791,1
27,d2,6,125,8.194542,1
27,d2,6,126,8.284625,1
27,d2,6,127,8.267542,1
27,d2,6,128,8.195750,1
27,d2,6,129,8.287500,1
27,d2,6,130,8.191458,1
27,d2,6,131,8.203333,1
27,d2,6,132,8.182500,1
27,d2,6,133,8.220208,1
27,d2,6,134,8.222250,1
27,d2,6,135,8.195667,1
27,d2,6,136,8.191792,1
27,d2,6,137,8.221833,1
27,d2,6,138,8.281667,1
27,d2,6,139,8.342625,1
27,d2,6,140,8.245833,1
27,d2,6,141,8.238584,1
27,d2,6,142,8.227375,1
27,d2,6,143,8.208833,1
27,d2,6,144,8.185459,1
27,d2,6,145,8.203458,1
27,d2,6,146,8.218208,1
27,d2,6,147,8.227166,1
27,d2,6,148,8.192750,1
27,d2,6,149,8.202666,1
27,d2,6,150,8.205292,1
27,d2,6,151,8.192125,1
27,d2,6,152,8.188792,1
27,d2,6,153,8.308708,1
27,d2,6,154,8.185125,1
27,d2,6,155,8.234208,1
27,d2,6,156,8.194583,1
27,d2,6,157,8.197375,1
27,d2,6,158,8.220375,1
27,d2,6,159,8.251458,1
28,ctl,6,0,9.360125,0
28,ctl,6,1,8.319666,0
28,ctl,6,2,8.294875,0
28,ctl,6,3,8.359250,0
28,ctl,6,4,8.271958,0
28,ctl,6,5,8.229583,0
28,ctl,6,6,8.244000,0
28,ctl,6,7,8.265375,0
28,ctl,6,8,8.261625,1
28,ctl,6,9,8.234417,1
28,ctl,6,10,8.230083,1
28,ctl,6,11,8.234625,1
28,ctl,6,12,8.258708,1
28,ctl,6,13,8.196416,1
28,ctl,6,14,8.261167,1
28,ctl,6,15,8.229042,1
28,ctl,6,16,8.242250,1
28,ctl,6,17,8.214500,1
28,ctl,6,18,8.211334,1
28,ctl,6,19,8.242459,1
28,ctl,6,20,8.229791,1
28,ctl,6,21,8.244458,1
28,ctl,6,22,8.226375,1
28,ctl,6,23,8.216584,1
28,ctl,6,24,8.240042,1
28,ctl,6,25,8.225500,1
28,ctl,6,26,8.219917,1
28,ctl,6,27,8.234875,1
28,ctl,6,28,8.230875,1
28,ctl,6,29,8.227667,1
28,ctl,6,30,8.241916,1
28,ctl,6,31,8.244000,1
28,ctl,6,32,8.254667,1
28,ctl,6,33,8.241250,1
28,ctl,6,34,8.220916,1
28,ctl,6,35,8.240792,1
28,ctl,6,36,8.241000,1
28,ctl,6,37,8.218042,1
28,ctl,6,38,8.238292,1
28,ctl,6,39,8.242875,1
28,ctl,6,40,8.227375,1
28,ctl,6,41,8.259625,1
28,ctl,6,42,8.209000,1
28,ctl,6,43,8.252292,1
28,ctl,6,44,8.234916,1
28,ctl,6,45,8.234833,1
28,ctl,6,46,8.217500,1
28,ctl,6,47,8.255916,1
28,ctl,6,48,8.208208,1
28,ctl,6,49,8.245875,1
28,ctl,6,50,8.228167,1
28,ctl,6,51,8.253291,1
28,ctl,6,52,8.224375,1
28,ctl,6,53,8.261500,1
28,ctl,6,54,8.228500,1
28,ctl,6,55,8.233042,1
28,ctl,6,56,8.241458,1
28,ctl,6,57,8.273042,1
28,ctl,6,58,8.248875,1
28,ctl,6,59,8.256917,1
28,ctl,6,60,8.228458,1
28,ctl,6,61,8.265750,1
28,ctl,6,62,8.233375,1
28,ctl,6,63,8.275750,1
28,ctl,6,64,8.222833,1
28,ctl,6,65,8.277333,1
28,ctl,6,66,8.217459,1
28,ctl,6,67,8.304916,1
28,ctl,6,68,8.232209,1
28,ctl,6,69,8.271250,1
28,ctl,6,70,8.220333,1
28,ctl,6,71,8.291583,1
28,ctl,6,72,8.189334,1
28,ctl,6,73,8.266459,1
28,ctl,6,74,8.302333,1
28,ctl,6,75,8.267958,1
28,ctl,6,76,8.231500,1
28,ctl,6,77,8.312834,1
28,ctl,6,78,8.232167,1
28,ctl,6,79,8.281375,1
28,ctl,6,80,8.229750,1
28,ctl,6,81,8.271417,1
28,ctl,6,82,8.248875,1
28,ctl,6,83,8.235041,1
28,ctl,6,84,8.223333,1
28,ctl,6,85,8.247333,1
28,ctl,6,86,8.232625,1
28,ctl,6,87,8.231792,1
28,ctl,6,88,8.234584,1
28,ctl,6,89,8.227916,1
28,ctl,6,90,8.229375,1
28,ctl,6,91,8.250291,1
28,ctl,6,92,8.228291,1
28,ctl,6,93,8.277625,1
28,ctl,6,94,8.367250,1
28,ctl,6,95,8.293250,1
28,ctl,6,96,8.248083,1
28,ctl,6,97,8.261792,1
28,ctl,6,98,8.211250,1
28,ctl,6,99,8.238666,1
28,ctl,6,100,8.213375,1
28,ctl,6,101,8.239458,1
28,ctl,6,102,8.216208,1
28,ctl,6,103,8.255792,1
28,ctl,6,104,8.237958,1
28,ctl,6,105,8.254584,1
28,ctl,6,106,8.259500,1
28,ctl,6,107,8.258625,1
28,ctl,6,108,8.226709,1
28,ctl,6,109,8.285500,1
28,ctl,6,110,8.239333,1
28,ctl,6,111,8.280875,1
28,ctl,6,112,8.233666,1
28,ctl,6,113,8.340208,1
28,ctl,6,114,8.284875,1
28,ctl,6,115,8.271041,1
28,ctl,6,116,8.259417,1
28,ctl,6,117,8.295792,1
28,ctl,6,118,8.258875,1
28,ctl,6,119,8.264209,1
28,ctl,6,120,8.244333,1
28,ctl,6,121,8.224417,1
28,ctl,6,122,8.235667,1
28,ctl,6,123,8.366709,1
28,ctl,6,124,8.333792,1
28,ctl,6,125,8.452042,1
28,ctl,6,126,8.428917,1
28,ctl,6,127,8.300375,1
28,ctl,6,128,8.253458,1
28,ctl,6,129,8.238541,1
28,ctl,6,130,8.246541,1
28,ctl,6,131,8.289375,1
28,ctl,6,132,8.252625,1
28,ctl,6,133,8.237084,1
28,ctl,6,134,8.243625,1
28,ctl,6,135,8.246709,1
28,ctl,6,136,8.283458,1
28,ctl,6,137,8.262375,1
28,ctl,6,138,8.253292,1
28,ctl,6,139,8.253208,1
28,ctl,6,140,8.278041,1
28,ctl,6,141,8.254125,1
28,ctl,6,142,8.320375,1
28,ctl,6,143,8.245750,1
28,ctl,6,144,8.234792,1
28,ctl,6,145,8.232041,1
28,ctl,6,146,8.275541,1
28,ctl,6,147,8.221083,1
28,ctl,6,148,8.266125,1
28,ctl,6,149,8.245125,1
28,ctl,6,150,8.275333,1
28,ctl,6,151,8.231167,1
28,ctl,6,152,8.253500,1
28,ctl,6,153,8.233834,1
28,ctl,6,154,8.250000,1
28,ctl,6,155,8.272667,1
28,ctl,6,156,8.288417,1
28,ctl,6,157,8.249584,1
28,ctl,6,158,8.239000,1
28,ctl,6,159,8.218083,1
29,d1,7,0,9.306583,0
29,d1,7,1,8.220667,0
29,d1,7,2,8.221709,0
29,d1,7,3,8.242417,0
29,d1,7,4,8.175833,0
29,d1,7,5,8.226292,0
29,d1,7,6,8.239875,0
29,d1,7,7,8.093000,0
29,d1,7,8,8.155708,1
29,d1,7,9,8.103792,1
29,d1,7,10,8.166750,1
29,d1,7,11,8.200291,1
29,d1,7,12,8.140417,1
29,d1,7,13,8.157792,1
29,d1,7,14,8.187458,1
29,d1,7,15,8.088084,1
29,d1,7,16,8.115584,1
29,d1,7,17,8.364958,1
29,d1,7,18,8.149083,1
29,d1,7,19,8.121000,1
29,d1,7,20,8.356083,1
29,d1,7,21,8.114000,1
29,d1,7,22,8.098000,1
29,d1,7,23,8.525959,1
29,d1,7,24,8.135458,1
29,d1,7,25,8.123834,1
29,d1,7,26,8.341667,1
29,d1,7,27,8.157917,1
29,d1,7,28,8.223541,1
29,d1,7,29,8.517792,1
29,d1,7,30,8.119958,1
29,d1,7,31,8.110167,1
29,d1,7,32,8.256208,1
29,d1,7,33,8.112875,1
29,d1,7,34,8.159083,1
29,d1,7,35,8.520458,1
29,d1,7,36,8.144166,1
29,d1,7,37,8.095125,1
29,d1,7,38,8.311792,1
29,d1,7,39,8.160209,1
29,d1,7,40,8.117291,1
29,d1,7,41,8.351375,1
29,d1,7,42,8.132875,1
29,d1,7,43,8.164541,1
29,d1,7,44,8.412458,1
29,d1,7,45,8.097042,1
29,d1,7,46,8.143750,1
29,d1,7,47,8.316417,1
29,d1,7,48,8.121209,1
29,d1,7,49,8.198041,1
29,d1,7,50,8.224209,1
29,d1,7,51,8.146708,1
29,d1,7,52,8.140541,1
29,d1,7,53,8.441083,1
29,d1,7,54,8.157125,1
29,d1,7,55,8.301458,1
29,d1,7,56,8.317084,1
29,d1,7,57,8.136208,1
29,d1,7,58,8.132625,1
29,d1,7,59,8.504834,1
29,d1,7,60,8.171084,1
29,d1,7,61,8.156959,1
29,d1,7,62,8.442625,1
29,d1,7,63,8.129917,1
29,d1,7,64,8.145041,1
29,d1,7,65,8.482708,1
29,d1,7,66,8.194333,1
29,d1,7,67,8.229375,1
29,d1,7,68,8.504792,1
29,d1,7,69,8.155709,1
29,d1,7,70,8.121916,1
29,d1,7,71,8.594833,1
29,d1,7,72,8.095292,1
29,d1,7,73,8.344750,1
29,d1,7,74,8.645167,1
29,d1,7,75,8.155500,1
29,d1,7,76,8.139625,1
29,d1,7,77,8.486042,1
29,d1,7,78,8.214083,1
29,d1,7,79,8.268375,1
29,d1,7,80,8.486417,1
29,d1,7,81,8.180250,1
29,d1,7,82,8.136916,1
29,d1,7,83,8.398125,1
29,d1,7,84,8.141583,1
29,d1,7,85,8.284750,1
29,d1,7,86,8.454792,1
29,d1,7,87,8.181375,1
29,d1,7,88,8.310959,1
29,d1,7,89,8.556916,1
29,d1,7,90,8.113375,1
29,d1,7,91,8.272625,1
29,d1,7,92,8.442500,1
29,d1,7,93,8.184542,1
29,d1,7,94,8.225709,1
29,d1,7,95,8.499208,1
29,d1,7,96,8.171250,1
29,d1,7,97,8.415416,1
29,d1,7,98,8.463625,1
29,d1,7,99,8.234750,1
29,d1,7,100,8.217250,1
29,d1,7,101,8.473625,1
29,d1,7,102,8.189834,1
29,d1,7,103,8.218959,1
29,d1,7,104,8.436875,1
29,d1,7,105,8.209792,1
29,d1,7,106,8.221042,1
29,d1,7,107,8.668459,1
29,d1,7,108,8.229417,1
29,d1,7,109,8.222083,1
29,d1,7,110,8.622750,1
29,d1,7,111,8.217417,1
29,d1,7,112,8.315416,1
29,d1,7,113,8.527083,1
29,d1,7,114,8.128916,1
29,d1,7,115,8.173542,1
29,d1,7,116,8.463833,1
29,d1,7,117,8.199375,1
29,d1,7,118,8.265667,1
29,d1,7,119,8.602416,1
29,d1,7,120,8.116084,1
29,d1,7,121,8.200417,1
29,d1,7,122,8.384083,1
29,d1,7,123,8.267417,1
29,d1,7,124,8.269125,1
29,d1,7,125,8.512500,1
29,d1,7,126,8.110583,1
29,d1,7,127,8.228375,1
29,d1,7,128,8.463708,1
29,d1,7,129,8.156750,1
29,d1,7,130,8.178042,1
29,d1,7,131,8.494209,1
29,d1,7,132,8.165250,1
29,d1,7,133,8.361541,1
29,d1,7,134,8.466584,1
29,d1,7,135,8.187334,1
29,d1,7,136,8.317291,1
29,d1,7,137,8.433875,1
29,d1,7,138,8.146500,1
29,d1,7,139,8.348042,1
29,d1,7,140,8.560916,1
29,d1,7,141,8.176500,1
29,d1,7,142,8.285209,1
29,d1,7,143,8.469958,1
29,d1,7,144,8.143375,1
29,d1,7,145,8.192709,1
29,d1,7,146,8.463000,1
29,d1,7,147,8.162084,1
29,d1,7,148,8.299417,1
29,d1,7,149,8.399166,1
29,d1,7,150,8.146709,1
29,d1,7,151,8.308625,1
29,d1,7,152,8.436875,1
29,d1,7,153,8.176583,1
29,d1,7,154,8.293584,1
29,d1,7,155,8.493791,1
29,d1,7,156,8.149250,1
29,d1,7,157,8.303709,1
29,d1,7,158,8.408875,1
29,d1,7,159,8.227208,1
30,ctl,7,0,13.447875,0
30,ctl,7,1,8.332167,0
30,ctl,7,2,8.213667,0
30,ctl,7,3,8.160208,0
30,ctl,7,4,8.154958,0
30,ctl,7,5,8.119417,0
30,ctl,7,6,8.199834,0
30,ctl,7,7,8.152959,0
30,ctl,7,8,8.248542,1
30,ctl,7,9,8.274708,1
30,ctl,7,10,8.223209,1
30,ctl,7,11,8.140375,1
30,ctl,7,12,8.123417,1
30,ctl,7,13,8.000750,1
30,ctl,7,14,8.243709,1
30,ctl,7,15,8.201584,1
30,ctl,7,16,8.229959,1
30,ctl,7,17,8.208250,1
30,ctl,7,18,8.239833,1
30,ctl,7,19,8.232583,1
30,ctl,7,20,8.263083,1
30,ctl,7,21,8.236417,1
30,ctl,7,22,8.276625,1
30,ctl,7,23,8.204208,1
30,ctl,7,24,8.246500,1
30,ctl,7,25,8.235500,1
30,ctl,7,26,8.251792,1
30,ctl,7,27,8.245625,1
30,ctl,7,28,8.310334,1
30,ctl,7,29,8.206000,1
30,ctl,7,30,8.245500,1
30,ctl,7,31,8.234292,1
30,ctl,7,32,8.238041,1
30,ctl,7,33,8.229083,1
30,ctl,7,34,8.261958,1
30,ctl,7,35,8.242625,1
30,ctl,7,36,8.243958,1
30,ctl,7,37,8.244250,1
30,ctl,7,38,8.260708,1
30,ctl,7,39,8.237833,1
30,ctl,7,40,8.240916,1
30,ctl,7,41,8.225250,1
30,ctl,7,42,8.247709,1
30,ctl,7,43,8.245042,1
30,ctl,7,44,8.240125,1
30,ctl,7,45,8.251709,1
30,ctl,7,46,8.241250,1
30,ctl,7,47,8.287750,1
30,ctl,7,48,8.353750,1
30,ctl,7,49,8.259292,1
30,ctl,7,50,8.342209,1
30,ctl,7,51,8.234500,1
30,ctl,7,52,8.235250,1
30,ctl,7,53,8.244500,1
30,ctl,7,54,8.229541,1
30,ctl,7,55,8.225125,1
30,ctl,7,56,8.238417,1
30,ctl,7,57,8.272417,1
30,ctl,7,58,8.240000,1
30,ctl,7,59,8.231708,1
30,ctl,7,60,8.260916,1
30,ctl,7,61,8.260041,1
30,ctl,7,62,8.265708,1
30,ctl,7,63,8.232250,1
30,ctl,7,64,8.216167,1
30,ctl,7,65,8.313708,1
30,ctl,7,66,8.229792,1
30,ctl,7,67,8.259792,1
30,ctl,7,68,8.251166,1
30,ctl,7,69,8.259166,1
30,ctl,7,70,8.242834,1
30,ctl,7,71,8.242459,1
30,ctl,7,72,8.248292,1
30,ctl,7,73,8.251417,1
30,ctl,7,74,8.319458,1
30,ctl,7,75,8.235667,1
30,ctl,7,76,8.220834,1
30,ctl,7,77,8.249042,1
30,ctl,7,78,8.236292,1
30,ctl,7,79,8.262041,1
30,ctl,7,80,8.234167,1
30,ctl,7,81,8.249750,1
30,ctl,7,82,8.226791,1
30,ctl,7,83,8.258125,1
30,ctl,7,84,8.227417,1
30,ctl,7,85,8.268000,1
30,ctl,7,86,8.228625,1
30,ctl,7,87,8.245292,1
30,ctl,7,88,8.208917,1
30,ctl,7,89,8.245125,1
30,ctl,7,90,8.211000,1
30,ctl,7,91,8.246666,1
30,ctl,7,92,8.407541,1
30,ctl,7,93,8.281709,1
30,ctl,7,94,8.248959,1
30,ctl,7,95,8.254292,1
30,ctl,7,96,8.260542,1
30,ctl,7,97,8.260667,1
30,ctl,7,98,8.210833,1
30,ctl,7,99,8.323375,1
30,ctl,7,100,8.253084,1
30,ctl,7,101,8.275000,1
30,ctl,7,102,8.245208,1
30,ctl,7,103,8.258083,1
30,ctl,7,104,8.240208,1
30,ctl,7,105,8.239917,1
30,ctl,7,106,8.229500,1
30,ctl,7,107,8.270042,1
30,ctl,7,108,8.239042,1
30,ctl,7,109,8.279542,1
30,ctl,7,110,8.213000,1
30,ctl,7,111,8.246958,1
30,ctl,7,112,8.224541,1
30,ctl,7,113,8.244166,1
30,ctl,7,114,8.258209,1
30,ctl,7,115,8.278833,1
30,ctl,7,116,8.241291,1
30,ctl,7,117,8.286042,1
30,ctl,7,118,8.250792,1
30,ctl,7,119,8.269084,1
30,ctl,7,120,8.237167,1
30,ctl,7,121,8.246042,1
30,ctl,7,122,8.280708,1
30,ctl,7,123,8.436083,1
30,ctl,7,124,8.391166,1
30,ctl,7,125,8.278959,1
30,ctl,7,126,8.279959,1
30,ctl,7,127,8.262042,1
30,ctl,7,128,8.249041,1
30,ctl,7,129,8.261708,1
30,ctl,7,130,8.240166,1
30,ctl,7,131,8.282042,1
30,ctl,7,132,8.243000,1
30,ctl,7,133,8.278875,1
30,ctl,7,134,8.261208,1
30,ctl,7,135,8.261375,1
30,ctl,7,136,8.198709,1
30,ctl,7,137,8.242125,1
30,ctl,7,138,8.226208,1
30,ctl,7,139,8.240583,1
30,ctl,7,140,8.263250,1
30,ctl,7,141,8.287708,1
30,ctl,7,142,8.276083,1
30,ctl,7,143,8.270333,1
30,ctl,7,144,8.237709,1
30,ctl,7,145,8.266792,1
30,ctl,7,146,8.272125,1
30,ctl,7,147,8.261125,1
30,ctl,7,148,8.246458,1
30,ctl,7,149,8.257750,1
30,ctl,7,150,8.248875,1
30,ctl,7,151,8.261000,1
30,ctl,7,152,8.276875,1
30,ctl,7,153,8.277333,1
30,ctl,7,154,8.257917,1
30,ctl,7,155,8.266959,1
30,ctl,7,156,8.258083,1
30,ctl,7,157,8.270750,1
30,ctl,7,158,8.237834,1
30,ctl,7,159,8.269000,1
31,d2,7,0,9.382708,0
31,d2,7,1,8.292334,0
31,d2,7,2,8.186875,0
31,d2,7,3,8.168125,0
31,d2,7,4,8.150125,0
31,d2,7,5,8.201458,0
31,d2,7,6,8.155416,0
31,d2,7,7,8.181250,0
31,d2,7,8,8.215875,1
31,d2,7,9,8.181083,1
31,d2,7,10,8.188542,1
31,d2,7,11,8.181792,1
31,d2,7,12,8.187750,1
31,d2,7,13,8.183416,1
31,d2,7,14,8.212375,1
31,d2,7,15,8.185375,1
31,d2,7,16,8.180667,1
31,d2,7,17,8.167792,1
31,d2,7,18,8.169334,1
31,d2,7,19,8.169958,1
31,d2,7,20,8.235584,1
31,d2,7,21,8.173958,1
31,d2,7,22,8.187208,1
31,d2,7,23,8.163208,1
31,d2,7,24,8.207334,1
31,d2,7,25,8.164875,1
31,d2,7,26,8.218625,1
31,d2,7,27,8.189500,1
31,d2,7,28,8.200667,1
31,d2,7,29,8.191542,1
31,d2,7,30,8.179709,1
31,d2,7,31,8.152250,1
31,d2,7,32,8.207542,1
31,d2,7,33,8.163125,1
31,d2,7,34,8.169209,1
31,d2,7,35,8.167334,1
31,d2,7,36,8.203833,1
31,d2,7,37,8.195000,1
31,d2,7,38,8.313541,1
31,d2,7,39,8.173250,1
31,d2,7,40,8.209458,1
31,d2,7,41,8.175208,1
31,d2,7,42,8.214959,1
31,d2,7,43,8.165500,1
31,d2,7,44,8.207625,1
31,d2,7,45,8.177875,1
31,d2,7,46,8.215459,1
31,d2,7,47,8.178167,1
31,d2,7,48,8.218833,1
31,d2,7,49,8.188167,1
31,d2,7,50,8.220375,1
31,d2,7,51,8.213459,1
31,d2,7,52,8.185709,1
31,d2,7,53,8.177375,1
31,d2,7,54,8.168084,1
31,d2,7,55,8.148834,1
31,d2,7,56,8.188375,1
31,d2,7,57,8.180208,1
31,d2,7,58,8.187750,1
31,d2,7,59,8.166333,1
31,d2,7,60,8.170583,1
31,d2,7,61,8.171708,1
31,d2,7,62,8.187042,1
31,d2,7,63,8.185625,1
31,d2,7,64,8.191083,1
31,d2,7,65,8.161500,1
31,d2,7,66,8.195917,1
31,d2,7,67,8.176958,1
31,d2,7,68,8.198625,1
31,d2,7,69,8.162459,1
31,d2,7,70,8.163458,1
31,d2,7,71,8.175750,1
31,d2,7,72,8.177875,1
31,d2,7,73,8.178500,1
31,d2,7,74,8.181833,1
31,d2,7,75,8.166959,1
31,d2,7,76,8.171291,1
31,d2,7,77,8.184875,1
31,d2,7,78,8.158375,1
31,d2,7,79,8.172708,1
31,d2,7,80,8.166209,1
31,d2,7,81,8.169291,1
31,d2,7,82,8.176792,1
31,d2,7,83,8.251458,1
31,d2,7,84,8.343667,1
31,d2,7,85,8.226791,1
31,d2,7,86,8.201125,1
31,d2,7,87,8.221500,1
31,d2,7,88,8.185333,1
31,d2,7,89,8.220917,1
31,d2,7,90,8.211208,1
31,d2,7,91,8.217833,1
31,d2,7,92,8.196083,1
31,d2,7,93,8.233833,1
31,d2,7,94,8.160375,1
31,d2,7,95,8.230833,1
31,d2,7,96,8.204334,1
31,d2,7,97,8.237875,1
31,d2,7,98,8.289750,1
31,d2,7,99,8.345500,1
31,d2,7,100,8.223125,1
31,d2,7,101,8.229958,1
31,d2,7,102,8.209916,1
31,d2,7,103,8.332542,1
31,d2,7,104,8.190875,1
31,d2,7,105,8.228292,1
31,d2,7,106,8.175708,1
31,d2,7,107,8.241125,1
31,d2,7,108,8.192875,1
31,d2,7,109,8.224250,1
31,d2,7,110,8.195042,1
31,d2,7,111,8.227209,1
31,d2,7,112,8.194125,1
31,d2,7,113,8.233708,1
31,d2,7,114,8.240333,1
31,d2,7,115,8.293584,1
31,d2,7,116,8.283917,1
31,d2,7,117,8.256208,1
31,d2,7,118,8.227292,1
31,d2,7,119,8.219167,1
31,d2,7,120,8.191167,1
31,d2,7,121,8.213541,1
31,d2,7,122,8.196375,1
31,d2,7,123,8.214917,1
31,d2,7,124,8.199041,1
31,d2,7,125,8.194334,1
31,d2,7,126,8.196333,1
31,d2,7,127,8.210083,1
31,d2,7,128,8.228667,1
31,d2,7,129,8.213333,1
31,d2,7,130,8.175541,1
31,d2,7,131,8.222791,1
31,d2,7,132,8.218541,1
31,d2,7,133,8.234125,1
31,d2,7,134,8.204959,1
31,d2,7,135,8.211167,1
31,d2,7,136,8.208041,1
31,d2,7,137,8.223709,1
31,d2,7,138,8.230084,1
31,d2,7,139,8.214750,1
31,d2,7,140,8.206334,1
31,d2,7,141,8.205083,1
31,d2,7,142,8.220458,1
31,d2,7,143,8.218833,1
31,d2,7,144,8.253750,1
31,d2,7,145,8.370209,1
31,d2,7,146,8.226208,1
31,d2,7,147,8.196417,1
31,d2,7,148,8.204250,1
31,d2,7,149,8.251833,1
31,d2,7,150,8.228542,1
31,d2,7,151,8.195958,1
31,d2,7,152,8.226459,1
31,d2,7,153,8.205167,1
31,d2,7,154,8.231334,1
31,d2,7,155,8.219875,1
31,d2,7,156,8.238417,1
31,d2,7,157,8.162625,1
31,d2,7,158,8.241791,1
31,d2,7,159,8.224750,1
32,ship,7,0,9.841709,0
32,ship,7,1,8.369709,0
32,ship,7,2,8.259917,0
32,ship,7,3,8.235584,0
32,ship,7,4,8.206083,0
32,ship,7,5,8.233583,0
32,ship,7,6,8.246708,0
32,ship,7,7,8.212042,0
32,ship,7,8,8.269209,1
32,ship,7,9,8.273000,1
32,ship,7,10,8.235417,1
32,ship,7,11,8.181917,1
32,ship,7,12,8.212292,1
32,ship,7,13,8.205666,1
32,ship,7,14,8.220792,1
32,ship,7,15,8.228041,1
32,ship,7,16,8.181000,1
32,ship,7,17,8.214208,1
32,ship,7,18,8.212208,1
32,ship,7,19,8.208250,1
32,ship,7,20,8.196083,1
32,ship,7,21,8.191125,1
32,ship,7,22,8.198291,1
32,ship,7,23,8.199375,1
32,ship,7,24,8.204000,1
32,ship,7,25,8.207042,1
32,ship,7,26,8.201000,1
32,ship,7,27,8.217583,1
32,ship,7,28,8.183541,1
32,ship,7,29,8.217542,1
32,ship,7,30,8.194625,1
32,ship,7,31,8.207708,1
32,ship,7,32,8.275500,1
32,ship,7,33,8.241208,1
32,ship,7,34,8.186000,1
32,ship,7,35,8.279291,1
32,ship,7,36,8.211541,1
32,ship,7,37,8.400750,1
32,ship,7,38,8.409459,1
32,ship,7,39,8.457750,1
32,ship,7,40,8.416583,1
32,ship,7,41,8.392958,1
32,ship,7,42,8.256333,1
32,ship,7,43,8.278917,1
32,ship,7,44,8.225375,1
32,ship,7,45,8.264500,1
32,ship,7,46,8.194542,1
32,ship,7,47,8.249667,1
32,ship,7,48,8.198125,1
32,ship,7,49,8.283709,1
32,ship,7,50,8.230875,1
32,ship,7,51,8.250791,1
32,ship,7,52,8.219708,1
32,ship,7,53,8.252292,1
32,ship,7,54,8.380375,1
32,ship,7,55,8.463958,1
32,ship,7,56,8.434042,1
32,ship,7,57,8.298208,1
32,ship,7,58,8.168375,1
32,ship,7,59,8.344250,1
32,ship,7,60,8.243000,1
32,ship,7,61,8.353291,1
32,ship,7,62,8.220625,1
32,ship,7,63,8.277042,1
32,ship,7,64,8.186833,1
32,ship,7,65,8.239875,1
32,ship,7,66,8.211541,1
32,ship,7,67,8.246958,1
32,ship,7,68,8.178291,1
32,ship,7,69,8.328958,1
32,ship,7,70,8.273667,1
32,ship,7,71,8.260834,1
32,ship,7,72,8.261292,1
32,ship,7,73,8.243625,1
32,ship,7,74,8.232333,1
32,ship,7,75,8.264750,1
32,ship,7,76,8.234958,1
32,ship,7,77,8.266709,1
32,ship,7,78,8.256208,1
32,ship,7,79,8.237500,1
32,ship,7,80,8.226125,1
32,ship,7,81,8.266625,1
32,ship,7,82,8.239708,1
32,ship,7,83,8.246459,1
32,ship,7,84,8.205583,1
32,ship,7,85,8.246167,1
32,ship,7,86,8.225959,1
32,ship,7,87,8.243250,1
32,ship,7,88,8.236667,1
32,ship,7,89,8.266209,1
32,ship,7,90,8.242875,1
32,ship,7,91,8.256708,1
32,ship,7,92,8.242625,1
32,ship,7,93,8.312583,1
32,ship,7,94,8.234791,1
32,ship,7,95,8.246000,1
32,ship,7,96,8.255084,1
32,ship,7,97,8.284708,1
32,ship,7,98,8.237792,1
32,ship,7,99,8.279709,1
32,ship,7,100,8.362709,1
32,ship,7,101,8.333458,1
32,ship,7,102,8.238416,1
32,ship,7,103,8.251125,1
32,ship,7,104,8.230167,1
32,ship,7,105,8.245625,1
32,ship,7,106,8.223375,1
32,ship,7,107,8.252417,1
32,ship,7,108,8.244584,1
32,ship,7,109,8.242167,1
32,ship,7,110,8.234959,1
32,ship,7,111,8.248750,1
32,ship,7,112,8.236333,1
32,ship,7,113,8.275125,1
32,ship,7,114,8.270167,1
32,ship,7,115,8.278417,1
32,ship,7,116,8.254209,1
32,ship,7,117,8.240166,1
32,ship,7,118,8.249125,1
32,ship,7,119,8.242333,1
32,ship,7,120,8.254250,1
32,ship,7,121,8.265833,1
32,ship,7,122,8.263042,1
32,ship,7,123,8.260042,1
32,ship,7,124,8.312750,1
32,ship,7,125,8.251084,1
32,ship,7,126,8.256375,1
32,ship,7,127,8.249667,1
32,ship,7,128,8.258750,1
32,ship,7,129,8.270625,1
32,ship,7,130,8.361542,1
32,ship,7,131,8.413833,1
32,ship,7,132,8.279042,1
32,ship,7,133,8.245500,1
32,ship,7,134,8.232875,1
32,ship,7,135,8.234625,1
32,ship,7,136,8.235792,1
32,ship,7,137,8.263959,1
32,ship,7,138,8.259250,1
32,ship,7,139,8.258250,1
32,ship,7,140,8.241791,1
32,ship,7,141,8.223417,1
32,ship,7,142,8.241958,1
32,ship,7,143,8.229500,1
32,ship,7,144,8.254042,1
32,ship,7,145,8.230250,1
32,ship,7,146,8.263500,1
32,ship,7,147,8.216541,1
32,ship,7,148,8.246583,1
32,ship,7,149,8.207416,1
32,ship,7,150,8.238875,1
32,ship,7,151,8.268625,1
32,ship,7,152,8.253833,1
32,ship,7,153,8.251292,1
32,ship,7,154,8.263375,1
32,ship,7,155,8.234041,1
32,ship,7,156,8.267166,1
32,ship,7,157,8.253375,1
32,ship,7,158,8.299834,1
32,ship,7,159,8.251583,1
33,d1,8,0,9.989083,0
33,d1,8,1,8.287250,0
33,d1,8,2,8.064250,0
33,d1,8,3,8.204750,0
33,d1,8,4,8.101792,0
33,d1,8,5,8.404708,0
33,d1,8,6,8.130083,0
33,d1,8,7,8.366958,0
33,d1,8,8,8.242125,1
33,d1,8,9,8.263250,1
33,d1,8,10,8.095041,1
33,d1,8,11,8.401500,1
33,d1,8,12,8.105959,1
33,d1,8,13,8.256334,1
33,d1,8,14,8.145292,1
33,d1,8,15,8.291667,1
33,d1,8,16,8.121583,1
33,d1,8,17,8.372208,1
33,d1,8,18,7.996792,1
33,d1,8,19,8.003042,1
33,d1,8,20,8.201875,1
33,d1,8,21,8.110458,1
33,d1,8,22,8.024042,1
33,d1,8,23,8.553541,1
33,d1,8,24,8.074583,1
33,d1,8,25,8.158959,1
33,d1,8,26,8.285708,1
33,d1,8,27,8.075250,1
33,d1,8,28,8.228667,1
33,d1,8,29,8.536125,1
33,d1,8,30,8.122500,1
33,d1,8,31,8.093792,1
33,d1,8,32,8.057458,1
33,d1,8,33,8.104333,1
33,d1,8,34,8.138292,1
33,d1,8,35,8.480667,1
33,d1,8,36,8.100625,1
33,d1,8,37,8.117000,1
33,d1,8,38,8.318125,1
33,d1,8,39,8.099209,1
33,d1,8,40,8.118500,1
33,d1,8,41,8.356792,1
33,d1,8,42,8.135750,1
33,d1,8,43,8.187292,1
33,d1,8,44,8.414708,1
33,d1,8,45,8.110167,1
33,d1,8,46,8.156250,1
33,d1,8,47,8.262833,1
33,d1,8,48,8.082833,1
33,d1,8,49,8.126333,1
33,d1,8,50,8.257542,1
33,d1,8,51,8.078625,1
33,d1,8,52,8.151750,1
33,d1,8,53,8.427083,1
33,d1,8,54,8.173583,1
33,d1,8,55,8.278958,1
33,d1,8,56,8.340667,1
33,d1,8,57,8.087875,1
33,d1,8,58,8.118041,1
33,d1,8,59,8.477875,1
33,d1,8,60,8.121000,1
33,d1,8,61,8.081625,1
33,d1,8,62,8.406167,1
33,d1,8,63,8.093792,1
33,d1,8,64,8.134375,1
33,d1,8,65,8.449542,1
33,d1,8,66,8.160083,1
33,d1,8,67,8.195458,1
33,d1,8,68,8.473041,1
33,d1,8,69,8.133542,1
33,d1,8,70,8.184375,1
33,d1,8,71,8.601208,1
33,d1,8,72,8.133000,1
33,d1,8,73,8.274125,1
33,d1,8,74,8.541625,1
33,d1,8,75,8.089666,1
33,d1,8,76,8.140584,1
33,d1,8,77,8.411208,1
33,d1,8,78,8.136666,1
33,d1,8,79,8.187083,1
33,d1,8,80,8.486583,1
33,d1,8,81,8.174750,1
33,d1,8,82,8.118375,1
33,d1,8,83,8.318792,1
33,d1,8,84,8.215500,1
33,d1,8,85,8.201167,1
33,d1,8,86,8.471958,1
33,d1,8,87,8.081083,1
33,d1,8,88,8.290250,1
33,d1,8,89,8.485292,1
33,d1,8,90,8.278292,1
33,d1,8,91,8.244041,1
33,d1,8,92,8.456291,1
33,d1,8,93,8.088458,1
33,d1,8,94,8.133375,1
33,d1,8,95,8.393250,1
33,d1,8,96,8.120000,1
33,d1,8,97,8.323791,1
33,d1,8,98,8.439292,1
33,d1,8,99,8.161959,1
33,d1,8,100,8.179750,1
33,d1,8,101,8.432209,1
33,d1,8,102,8.049500,1
33,d1,8,103,8.032250,1
33,d1,8,104,8.448584,1
33,d1,8,105,8.094834,1
33,d1,8,106,8.327917,1
33,d1,8,107,8.518500,1
33,d1,8,108,8.164459,1
33,d1,8,109,8.144791,1
33,d1,8,110,8.447000,1
33,d1,8,111,7.968625,1
33,d1,8,112,8.296875,1
33,d1,8,113,8.450458,1
33,d1,8,114,8.133584,1
33,d1,8,115,8.026500,1
33,d1,8,116,8.376125,1
33,d1,8,117,8.092917,1
33,d1,8,118,8.223250,1
33,d1,8,119,8.394416,1
33,d1,8,120,8.160708,1
33,d1,8,121,8.270000,1
33,d1,8,122,8.466875,1
33,d1,8,123,8.026792,1
33,d1,8,124,8.237834,1
33,d1,8,125,8.401875,1
33,d1,8,126,8.108375,1
33,d1,8,127,8.177083,1
33,d1,8,128,8.459625,1
33,d1,8,129,8.055875,1
33,d1,8,130,8.163000,1
33,d1,8,131,8.430083,1
33,d1,8,132,8.092875,1
33,d1,8,133,8.390250,1
33,d1,8,134,8.521250,1
33,d1,8,135,8.096250,1
33,d1,8,136,8.326167,1
33,d1,8,137,8.427625,1
33,d1,8,138,8.141542,1
33,d1,8,139,8.269042,1
33,d1,8,140,8.447750,1
33,d1,8,141,8.144375,1
33,d1,8,142,8.274542,1
33,d1,8,143,8.385709,1
33,d1,8,144,8.113042,1
33,d1,8,145,8.133167,1
33,d1,8,146,8.453417,1
33,d1,8,147,8.067625,1
33,d1,8,148,8.221375,1
33,d1,8,149,8.305125,1
33,d1,8,150,8.152166,1
33,d1,8,151,8.306833,1
33,d1,8,152,8.439667,1
33,d1,8,153,8.095083,1
33,d1,8,154,8.187250,1
33,d1,8,155,8.279958,1
33,d1,8,156,7.943542,1
33,d1,8,157,8.207083,1
33,d1,8,158,8.321916,1
33,d1,8,159,8.001292,1
34,ctl,8,0,9.381959,0
34,ctl,8,1,8.352875,0
34,ctl,8,2,8.313292,0
34,ctl,8,3,8.232042,0
34,ctl,8,4,8.238792,0
34,ctl,8,5,8.227125,0
34,ctl,8,6,8.275417,0
34,ctl,8,7,8.350958,0
34,ctl,8,8,8.279917,1
34,ctl,8,9,8.222416,1
34,ctl,8,10,8.267084,1
34,ctl,8,11,8.226292,1
34,ctl,8,12,8.234500,1
34,ctl,8,13,8.208625,1
34,ctl,8,14,8.233041,1
34,ctl,8,15,8.246334,1
34,ctl,8,16,8.245584,1
34,ctl,8,17,8.213833,1
34,ctl,8,18,8.255292,1
34,ctl,8,19,8.216792,1
34,ctl,8,20,8.238542,1
34,ctl,8,21,8.226709,1
34,ctl,8,22,8.236542,1
34,ctl,8,23,8.234541,1
34,ctl,8,24,8.268000,1
34,ctl,8,25,8.246167,1
34,ctl,8,26,8.249292,1
34,ctl,8,27,8.222791,1
34,ctl,8,28,8.243500,1
34,ctl,8,29,8.235167,1
34,ctl,8,30,8.211709,1
34,ctl,8,31,8.240167,1
34,ctl,8,32,8.209000,1
34,ctl,8,33,8.229000,1
34,ctl,8,34,8.217000,1
34,ctl,8,35,8.207041,1
34,ctl,8,36,8.198958,1
34,ctl,8,37,8.283083,1
34,ctl,8,38,8.267375,1
34,ctl,8,39,8.229250,1
34,ctl,8,40,8.219959,1
34,ctl,8,41,8.237541,1
34,ctl,8,42,8.223583,1
34,ctl,8,43,8.267250,1
34,ctl,8,44,8.224042,1
34,ctl,8,45,8.207833,1
34,ctl,8,46,8.234334,1
34,ctl,8,47,8.244291,1
34,ctl,8,48,8.203792,1
34,ctl,8,49,8.243667,1
34,ctl,8,50,8.232500,1
34,ctl,8,51,8.234542,1
34,ctl,8,52,8.231416,1
34,ctl,8,53,8.236083,1
34,ctl,8,54,8.227208,1
34,ctl,8,55,8.240083,1
34,ctl,8,56,8.237417,1
34,ctl,8,57,8.228000,1
34,ctl,8,58,8.236541,1
34,ctl,8,59,8.233000,1
34,ctl,8,60,8.245084,1
34,ctl,8,61,8.240250,1
34,ctl,8,62,8.208708,1
34,ctl,8,63,8.254958,1
34,ctl,8,64,8.243208,1
34,ctl,8,65,8.250625,1
34,ctl,8,66,8.277834,1
34,ctl,8,67,8.326375,1
34,ctl,8,68,8.332709,1
34,ctl,8,69,8.284250,1
34,ctl,8,70,8.235125,1
34,ctl,8,71,8.319792,1
34,ctl,8,72,8.242166,1
34,ctl,8,73,8.277375,1
34,ctl,8,74,8.252792,1
34,ctl,8,75,8.279792,1
34,ctl,8,76,8.236084,1
34,ctl,8,77,8.287541,1
34,ctl,8,78,8.226708,1
34,ctl,8,79,8.259084,1
34,ctl,8,80,8.235083,1
34,ctl,8,81,8.272500,1
34,ctl,8,82,8.236667,1
34,ctl,8,83,8.270125,1
34,ctl,8,84,8.220541,1
34,ctl,8,85,8.240292,1
34,ctl,8,86,8.234958,1
34,ctl,8,87,8.257542,1
34,ctl,8,88,8.221292,1
34,ctl,8,89,8.235583,1
34,ctl,8,90,8.223042,1
34,ctl,8,91,8.289125,1
34,ctl,8,92,8.231208,1
34,ctl,8,93,8.264875,1
34,ctl,8,94,8.247459,1
34,ctl,8,95,8.255041,1
34,ctl,8,96,8.219875,1
34,ctl,8,97,8.265333,1
34,ctl,8,98,8.308875,1
34,ctl,8,99,8.426875,1
34,ctl,8,100,8.267666,1
34,ctl,8,101,8.272833,1
34,ctl,8,102,8.235000,1
34,ctl,8,103,8.254667,1
34,ctl,8,104,8.241125,1
34,ctl,8,105,8.260791,1
34,ctl,8,106,8.255084,1
34,ctl,8,107,8.293583,1
34,ctl,8,108,8.243375,1
34,ctl,8,109,8.243875,1
34,ctl,8,110,8.250458,1
34,ctl,8,111,8.291000,1
34,ctl,8,112,8.336375,1
34,ctl,8,113,8.262667,1
34,ctl,8,114,8.274792,1
34,ctl,8,115,8.280792,1
34,ctl,8,116,8.242416,1
34,ctl,8,117,8.261583,1
34,ctl,8,118,8.243708,1
34,ctl,8,119,8.282375,1
34,ctl,8,120,8.258459,1
34,ctl,8,121,8.282708,1
34,ctl,8,122,8.251334,1
34,ctl,8,123,8.259333,1
34,ctl,8,124,8.237125,1
34,ctl,8,125,8.261084,1
34,ctl,8,126,8.267666,1
34,ctl,8,127,8.272625,1
34,ctl,8,128,8.311917,1
34,ctl,8,129,8.340250,1
34,ctl,8,130,8.428792,1
34,ctl,8,131,8.299916,1
34,ctl,8,132,8.253708,1
34,ctl,8,133,8.254625,1
34,ctl,8,134,8.255583,1
34,ctl,8,135,8.282042,1
34,ctl,8,136,8.263583,1
34,ctl,8,137,8.293958,1
34,ctl,8,138,8.269917,1
34,ctl,8,139,8.260291,1
34,ctl,8,140,8.233375,1
34,ctl,8,141,8.244334,1
34,ctl,8,142,8.267542,1
34,ctl,8,143,8.262875,1
34,ctl,8,144,8.278333,1
34,ctl,8,145,8.266584,1
34,ctl,8,146,8.271625,1
34,ctl,8,147,8.284250,1
34,ctl,8,148,8.256458,1
34,ctl,8,149,8.246916,1
34,ctl,8,150,8.261000,1
34,ctl,8,151,8.249000,1
34,ctl,8,152,8.279833,1
34,ctl,8,153,8.248542,1
34,ctl,8,154,8.297542,1
34,ctl,8,155,8.252959,1
34,ctl,8,156,8.278250,1
34,ctl,8,157,8.251500,1
34,ctl,8,158,8.295375,1
34,ctl,8,159,8.285750,1
35,ship,8,0,9.348125,0
35,ship,8,1,8.276791,0
35,ship,8,2,8.172750,0
35,ship,8,3,8.141459,0
35,ship,8,4,8.142792,0
35,ship,8,5,8.146958,0
35,ship,8,6,8.131791,0
35,ship,8,7,8.104875,0
35,ship,8,8,8.108875,1
35,ship,8,9,8.114792,1
35,ship,8,10,8.165375,1
35,ship,8,11,8.145333,1
35,ship,8,12,8.143666,1
35,ship,8,13,8.149583,1
35,ship,8,14,8.180708,1
35,ship,8,15,8.231208,1
35,ship,8,16,8.214916,1
35,ship,8,17,8.211542,1
35,ship,8,18,8.137875,1
35,ship,8,19,8.110458,1
35,ship,8,20,8.049375,1
35,ship,8,21,8.248583,1
35,ship,8,22,8.228125,1
35,ship,8,23,8.270250,1
35,ship,8,24,8.232041,1
35,ship,8,25,8.261959,1
35,ship,8,26,8.224625,1
35,ship,8,27,8.250042,1
35,ship,8,28,8.208625,1
35,ship,8,29,8.214417,1
35,ship,8,30,8.215167,1
35,ship,8,31,8.269000,1
35,ship,8,32,8.244417,1
35,ship,8,33,8.259208,1
35,ship,8,34,8.236583,1
35,ship,8,35,8.237417,1
35,ship,8,36,8.238084,1
35,ship,8,37,8.231583,1
35,ship,8,38,8.216333,1
35,ship,8,39,8.262667,1
35,ship,8,40,8.187166,1
35,ship,8,41,8.243875,1
35,ship,8,42,8.230541,1
35,ship,8,43,8.243625,1
35,ship,8,44,8.252166,1
35,ship,8,45,8.246917,1
35,ship,8,46,8.207041,1
35,ship,8,47,8.236333,1
35,ship,8,48,8.236583,1
35,ship,8,49,8.215542,1
35,ship,8,50,8.254792,1
35,ship,8,51,8.242667,1
35,ship,8,52,8.240625,1
35,ship,8,53,8.253583,1
35,ship,8,54,8.255875,1
35,ship,8,55,8.219500,1
35,ship,8,56,8.246583,1
35,ship,8,57,8.258958,1
35,ship,8,58,8.288166,1
35,ship,8,59,8.215500,1
35,ship,8,60,8.239708,1
35,ship,8,61,8.217459,1
35,ship,8,62,8.251834,1
35,ship,8,63,8.208166,1
35,ship,8,64,8.224083,1
35,ship,8,65,8.221416,1
35,ship,8,66,8.237500,1
35,ship,8,67,8.218916,1
35,ship,8,68,8.265083,1
35,ship,8,69,8.223084,1
35,ship,8,70,8.254084,1
35,ship,8,71,8.226584,1
35,ship,8,72,8.240125,1
35,ship,8,73,8.210375,1
35,ship,8,74,8.313334,1
35,ship,8,75,8.353375,1
35,ship,8,76,8.261084,1
35,ship,8,77,8.246417,1
35,ship,8,78,8.245667,1
35,ship,8,79,8.250875,1
35,ship,8,80,8.266792,1
35,ship,8,81,8.229666,1
35,ship,8,82,8.260583,1
35,ship,8,83,8.241416,1
35,ship,8,84,8.236875,1
35,ship,8,85,8.204875,1
35,ship,8,86,8.271750,1
35,ship,8,87,8.218458,1
35,ship,8,88,8.256375,1
35,ship,8,89,8.203000,1
35,ship,8,90,8.267333,1
35,ship,8,91,8.211459,1
35,ship,8,92,8.282084,1
35,ship,8,93,8.216458,1
35,ship,8,94,8.255584,1
35,ship,8,95,8.242000,1
35,ship,8,96,8.273333,1
35,ship,8,97,8.193792,1
35,ship,8,98,8.334458,1
35,ship,8,99,8.233875,1
35,ship,8,100,8.301125,1
35,ship,8,101,8.335209,1
35,ship,8,102,8.291250,1
35,ship,8,103,8.233250,1
35,ship,8,104,8.322917,1
35,ship,8,105,8.314792,1
35,ship,8,106,8.493417,1
35,ship,8,107,8.364250,1
35,ship,8,108,8.321834,1
35,ship,8,109,8.327792,1
35,ship,8,110,8.321917,1
35,ship,8,111,8.337542,1
35,ship,8,112,8.258125,1
35,ship,8,113,8.281708,1
35,ship,8,114,8.262584,1
35,ship,8,115,8.211708,1
35,ship,8,116,8.244250,1
35,ship,8,117,8.251708,1
35,ship,8,118,8.241416,1
35,ship,8,119,8.247125,1
35,ship,8,120,8.263708,1
35,ship,8,121,8.234625,1
35,ship,8,122,8.259417,1
35,ship,8,123,8.233042,1
35,ship,8,124,8.231916,1
35,ship,8,125,8.227625,1
35,ship,8,126,8.288292,1
35,ship,8,127,8.238833,1
35,ship,8,128,8.245959,1
35,ship,8,129,8.250708,1
35,ship,8,130,8.263333,1
35,ship,8,131,8.247167,1
35,ship,8,132,8.292000,1
35,ship,8,133,8.250292,1
35,ship,8,134,8.235125,1
35,ship,8,135,8.291209,1
35,ship,8,136,8.378959,1
35,ship,8,137,8.341708,1
35,ship,8,138,8.271708,1
35,ship,8,139,8.250542,1
35,ship,8,140,8.329333,1
35,ship,8,141,8.261000,1
35,ship,8,142,8.265417,1
35,ship,8,143,8.237125,1
35,ship,8,144,8.269333,1
35,ship,8,145,8.254292,1
35,ship,8,146,8.269166,1
35,ship,8,147,8.265125,1
35,ship,8,148,8.273625,1
35,ship,8,149,8.270958,1
35,ship,8,150,8.301292,1
35,ship,8,151,8.270250,1
35,ship,8,152,8.293916,1
35,ship,8,153,8.270167,1
35,ship,8,154,8.295625,1
35,ship,8,155,8.293666,1
35,ship,8,156,8.284125,1
35,ship,8,157,8.274917,1
35,ship,8,158,8.290667,1
35,ship,8,159,8.267375,1
36,d2,8,0,9.280583,0
36,d2,8,1,8.283500,0
36,d2,8,2,8.204292,0
36,d2,8,3,8.191708,0
36,d2,8,4,8.192583,0
36,d2,8,5,8.203875,0
36,d2,8,6,8.185333,0
36,d2,8,7,8.183750,0
36,d2,8,8,8.177959,1
36,d2,8,9,8.190167,1
36,d2,8,10,8.172542,1
36,d2,8,11,8.160167,1
36,d2,8,12,8.174500,1
36,d2,8,13,8.172791,1
36,d2,8,14,8.184250,1
36,d2,8,15,8.148750,1
36,d2,8,16,8.176625,1
36,d2,8,17,8.166500,1
36,d2,8,18,8.198875,1
36,d2,8,19,8.169417,1
36,d2,8,20,8.184500,1
36,d2,8,21,8.126792,1
36,d2,8,22,8.182250,1
36,d2,8,23,8.185000,1
36,d2,8,24,8.180125,1
36,d2,8,25,8.166000,1
36,d2,8,26,8.210459,1
36,d2,8,27,8.219709,1
36,d2,8,28,8.213667,1
36,d2,8,29,8.193333,1
36,d2,8,30,8.197542,1
36,d2,8,31,8.162250,1
36,d2,8,32,8.221958,1
36,d2,8,33,8.179042,1
36,d2,8,34,8.215875,1
36,d2,8,35,8.175875,1
36,d2,8,36,8.238209,1
36,d2,8,37,8.170125,1
36,d2,8,38,8.241875,1
36,d2,8,39,8.184125,1
36,d2,8,40,8.317625,1
36,d2,8,41,8.236209,1
36,d2,8,42,8.222583,1
36,d2,8,43,8.165000,1
36,d2,8,44,8.311291,1
36,d2,8,45,8.182375,1
36,d2,8,46,8.220291,1
36,d2,8,47,8.164792,1
36,d2,8,48,8.221375,1
36,d2,8,49,8.161667,1
36,d2,8,50,8.224209,1
36,d2,8,51,8.177000,1
36,d2,8,52,8.180708,1
36,d2,8,53,8.175541,1
36,d2,8,54,8.238625,1
36,d2,8,55,8.151375,1
36,d2,8,56,8.216917,1
36,d2,8,57,8.164208,1
36,d2,8,58,8.191542,1
36,d2,8,59,8.167625,1
36,d2,8,60,8.222875,1
36,d2,8,61,8.174542,1
36,d2,8,62,8.189625,1
36,d2,8,63,8.182791,1
36,d2,8,64,8.191375,1
36,d2,8,65,8.193209,1
36,d2,8,66,8.193416,1
36,d2,8,67,8.179250,1
36,d2,8,68,8.191833,1
36,d2,8,69,8.181708,1
36,d2,8,70,8.196500,1
36,d2,8,71,8.166959,1
36,d2,8,72,8.177375,1
36,d2,8,73,8.193792,1
36,d2,8,74,8.199375,1
36,d2,8,75,8.202500,1
36,d2,8,76,8.161542,1
36,d2,8,77,8.176750,1
36,d2,8,78,8.206959,1
36,d2,8,79,8.177500,1
36,d2,8,80,8.193083,1
36,d2,8,81,8.206375,1
36,d2,8,82,8.170500,1
36,d2,8,83,8.248125,1
36,d2,8,84,8.340375,1
36,d2,8,85,8.197333,1
36,d2,8,86,8.206917,1
36,d2,8,87,8.197250,1
36,d2,8,88,8.206625,1
36,d2,8,89,8.192667,1
36,d2,8,90,8.181833,1
36,d2,8,91,8.234625,1
36,d2,8,92,8.186708,1
36,d2,8,93,8.225208,1
36,d2,8,94,8.226958,1
36,d2,8,95,8.213708,1
36,d2,8,96,8.184750,1
36,d2,8,97,8.223917,1
36,d2,8,98,8.187584,1
36,d2,8,99,8.238917,1
36,d2,8,100,8.170834,1
36,d2,8,101,8.294167,1
36,d2,8,102,8.193916,1
36,d2,8,103,8.220041,1
36,d2,8,104,8.175833,1
36,d2,8,105,8.254500,1
36,d2,8,106,8.204750,1
36,d2,8,107,8.282584,1
36,d2,8,108,8.221541,1
36,d2,8,109,8.235875,1
36,d2,8,110,8.189084,1
36,d2,8,111,8.205334,1
36,d2,8,112,8.156834,1
36,d2,8,113,8.174167,1
36,d2,8,114,8.296041,1
36,d2,8,115,8.386625,1
36,d2,8,116,8.242208,1
36,d2,8,117,8.247291,1
36,d2,8,118,8.203417,1
36,d2,8,119,8.224625,1
36,d2,8,120,8.227417,1
36,d2,8,121,8.229583,1
36,d2,8,122,8.237541,1
36,d2,8,123,8.251333,1
36,d2,8,124,8.163584,1
36,d2,8,125,8.230375,1
36,d2,8,126,8.237708,1
36,d2,8,127,8.232625,1
36,d2,8,128,8.207084,1
36,d2,8,129,8.226708,1
36,d2,8,130,8.201250,1
36,d2,8,131,8.238375,1
36,d2,8,132,8.212417,1
36,d2,8,133,8.221208,1
36,d2,8,134,8.203167,1
36,d2,8,135,8.269750,1
36,d2,8,136,8.194833,1
36,d2,8,137,8.210500,1
36,d2,8,138,8.200417,1
36,d2,8,139,8.201458,1
36,d2,8,140,8.243625,1
36,d2,8,141,8.189875,1
36,d2,8,142,8.219083,1
36,d2,8,143,8.207708,1
36,d2,8,144,8.285125,1
36,d2,8,145,8.326667,1
36,d2,8,146,8.216583,1
36,d2,8,147,8.241750,1
36,d2,8,148,8.235833,1
36,d2,8,149,8.210875,1
36,d2,8,150,8.211708,1
36,d2,8,151,8.216541,1
36,d2,8,152,8.212583,1
36,d2,8,153,8.230834,1
36,d2,8,154,8.223084,1
36,d2,8,155,8.209542,1
36,d2,8,156,8.238625,1
36,d2,8,157,8.222417,1
36,d2,8,158,8.247416,1
36,d2,8,159,8.204500,1
37,d2,9,0,9.404333,0
37,d2,9,1,8.543292,0
37,d2,9,2,8.203500,0
37,d2,9,3,8.338125,0
37,d2,9,4,8.217750,0
37,d2,9,5,8.341750,0
37,d2,9,6,8.191750,0
37,d2,9,7,8.558125,0
37,d2,9,8,8.220834,1
37,d2,9,9,8.271042,1
37,d2,9,10,8.202333,1
37,d2,9,11,8.293250,1
37,d2,9,12,8.173667,1
37,d2,9,13,8.322542,1
37,d2,9,14,8.192542,1
37,d2,9,15,8.311875,1
37,d2,9,16,8.212875,1
37,d2,9,17,8.335584,1
37,d2,9,18,8.190000,1
37,d2,9,19,8.295167,1
37,d2,9,20,8.228959,1
37,d2,9,21,8.382417,1
37,d2,9,22,8.224083,1
37,d2,9,23,8.323292,1
37,d2,9,24,8.182500,1
37,d2,9,25,8.314500,1
37,d2,9,26,8.196583,1
37,d2,9,27,8.336542,1
37,d2,9,28,8.192416,1
37,d2,9,29,8.326708,1
37,d2,9,30,8.196875,1
37,d2,9,31,8.329041,1
37,d2,9,32,8.180833,1
37,d2,9,33,8.305375,1
37,d2,9,34,8.229833,1
37,d2,9,35,8.322375,1
37,d2,9,36,8.198041,1
37,d2,9,37,8.298792,1
37,d2,9,38,8.218833,1
37,d2,9,39,8.311792,1
37,d2,9,40,8.222667,1
37,d2,9,41,8.321917,1
37,d2,9,42,8.206833,1
37,d2,9,43,8.296958,1
37,d2,9,44,8.204084,1
37,d2,9,45,8.330792,1
37,d2,9,46,8.228000,1
37,d2,9,47,8.332792,1
37,d2,9,48,8.239917,1
37,d2,9,49,8.339417,1
37,d2,9,50,8.189500,1
37,d2,9,51,8.272834,1
37,d2,9,52,8.225458,1
37,d2,9,53,8.328584,1
37,d2,9,54,8.232500,1
37,d2,9,55,8.256916,1
37,d2,9,56,8.204583,1
37,d2,9,57,8.320458,1
37,d2,9,58,8.206625,1
37,d2,9,59,8.359583,1
37,d2,9,60,8.224541,1
37,d2,9,61,8.284708,1
37,d2,9,62,8.221291,1
37,d2,9,63,8.325375,1
37,d2,9,64,8.238625,1
37,d2,9,65,8.258792,1
37,d2,9,66,8.242208,1
37,d2,9,67,8.286750,1
37,d2,9,68,8.233791,1
37,d2,9,69,8.300458,1
37,d2,9,70,8.207875,1
37,d2,9,71,8.394542,1
37,d2,9,72,8.222833,1
37,d2,9,73,8.294625,1
37,d2,9,74,8.249292,1
37,d2,9,75,8.269209,1
37,d2,9,76,8.251084,1
37,d2,9,77,8.293209,1
37,d2,9,78,8.229959,1
37,d2,9,79,8.294917,1
37,d2,9,80,8.224833,1
37,d2,9,81,8.277333,1
37,d2,9,82,8.293625,1
37,d2,9,83,8.407291,1
37,d2,9,84,8.242916,1
37,d2,9,85,8.288167,1
37,d2,9,86,8.256500,1
37,d2,9,87,8.300916,1
37,d2,9,88,8.229417,1
37,d2,9,89,8.286667,1
37,d2,9,90,8.248542,1
37,d2,9,91,8.273542,1
37,d2,9,92,8.259334,1
37,d2,9,93,8.271917,1
37,d2,9,94,8.239291,1
37,d2,9,95,8.346125,1
37,d2,9,96,8.240541,1
37,d2,9,97,8.412208,1
37,d2,9,98,8.258042,1
37,d2,9,99,8.328917,1
37,d2,9,100,8.245959,1
37,d2,9,101,8.344084,1
37,d2,9,102,8.261916,1
37,d2,9,103,8.417875,1
37,d2,9,104,8.257541,1
37,d2,9,105,8.338959,1
37,d2,9,106,8.244208,1
37,d2,9,107,8.340666,1
37,d2,9,108,8.286250,1
37,d2,9,109,8.414542,1
37,d2,9,110,8.260709,1
37,d2,9,111,8.357917,1
37,d2,9,112,8.304750,1
37,d2,9,113,8.433833,1
37,d2,9,114,8.444542,1
37,d2,9,115,8.353625,1
37,d2,9,116,8.314833,1
37,d2,9,117,8.310125,1
37,d2,9,118,8.303292,1
37,d2,9,119,8.354000,1
37,d2,9,120,8.252916,1
37,d2,9,121,8.357958,1
37,d2,9,122,8.276167,1
37,d2,9,123,8.317125,1
37,d2,9,124,8.284458,1
37,d2,9,125,8.379000,1
37,d2,9,126,8.277459,1
37,d2,9,127,8.384000,1
37,d2,9,128,8.262792,1
37,d2,9,129,8.321917,1
37,d2,9,130,8.247834,1
37,d2,9,131,8.356750,1
37,d2,9,132,8.254000,1
37,d2,9,133,8.356584,1
37,d2,9,134,8.260666,1
37,d2,9,135,8.383667,1
37,d2,9,136,8.312000,1
37,d2,9,137,8.368167,1
37,d2,9,138,8.268708,1
37,d2,9,139,8.323084,1
37,d2,9,140,8.258375,1
37,d2,9,141,8.302584,1
37,d2,9,142,8.291125,1
37,d2,9,143,8.433667,1
37,d2,9,144,8.337417,1
37,d2,9,145,8.281125,1
37,d2,9,146,8.294625,1
37,d2,9,147,8.309959,1
37,d2,9,148,8.273500,1
37,d2,9,149,8.323375,1
37,d2,9,150,8.341459,1
37,d2,9,151,8.255166,1
37,d2,9,152,8.346167,1
37,d2,9,153,8.248458,1
37,d2,9,154,8.387500,1
37,d2,9,155,8.265750,1
37,d2,9,156,8.330208,1
37,d2,9,157,8.243208,1
37,d2,9,158,8.370542,1
37,d2,9,159,8.233833,1
38,ship,9,0,9.375125,0
38,ship,9,1,8.332917,0
38,ship,9,2,8.261750,0
38,ship,9,3,8.212875,0
38,ship,9,4,8.249833,0
38,ship,9,5,8.232041,0
38,ship,9,6,8.247542,0
38,ship,9,7,8.222166,0
38,ship,9,8,8.215958,1
38,ship,9,9,8.205417,1
38,ship,9,10,8.245959,1
38,ship,9,11,8.215208,1
38,ship,9,12,8.244791,1
38,ship,9,13,8.192959,1
38,ship,9,14,8.252500,1
38,ship,9,15,8.193166,1
38,ship,9,16,8.216417,1
38,ship,9,17,8.228250,1
38,ship,9,18,8.261250,1
38,ship,9,19,8.245917,1
38,ship,9,20,8.250000,1
38,ship,9,21,8.200500,1
38,ship,9,22,8.258125,1
38,ship,9,23,8.211041,1
38,ship,9,24,8.232667,1
38,ship,9,25,8.198500,1
38,ship,9,26,8.228791,1
38,ship,9,27,8.223500,1
38,ship,9,28,8.234083,1
38,ship,9,29,8.232083,1
38,ship,9,30,8.221708,1
38,ship,9,31,8.218125,1
38,ship,9,32,8.257583,1
38,ship,9,33,8.213917,1
38,ship,9,34,8.234250,1
38,ship,9,35,8.215625,1
38,ship,9,36,8.259042,1
38,ship,9,37,8.200125,1
38,ship,9,38,8.220042,1
38,ship,9,39,8.231000,1
38,ship,9,40,8.241250,1
38,ship,9,41,8.254416,1
38,ship,9,42,8.237750,1
38,ship,9,43,8.221208,1
38,ship,9,44,8.243875,1
38,ship,9,45,8.272125,1
38,ship,9,46,8.204875,1
38,ship,9,47,8.222791,1
38,ship,9,48,8.225250,1
38,ship,9,49,8.246125,1
38,ship,9,50,8.219500,1
38,ship,9,51,8.241875,1
38,ship,9,52,8.238041,1
38,ship,9,53,8.242875,1
38,ship,9,54,8.245958,1
38,ship,9,55,8.313708,1
38,ship,9,56,8.243209,1
38,ship,9,57,8.226375,1
38,ship,9,58,8.193458,1
38,ship,9,59,8.247791,1
38,ship,9,60,8.190458,1
38,ship,9,61,8.254375,1
38,ship,9,62,8.231334,1
38,ship,9,63,8.249250,1
38,ship,9,64,8.254916,1
38,ship,9,65,8.273833,1
38,ship,9,66,8.244250,1
38,ship,9,67,8.264542,1
38,ship,9,68,8.240250,1
38,ship,9,69,8.279375,1
38,ship,9,70,8.189250,1
38,ship,9,71,8.235750,1
38,ship,9,72,8.210334,1
38,ship,9,73,8.251958,1
38,ship,9,74,8.217542,1
38,ship,9,75,8.281041,1
38,ship,9,76,8.232625,1
38,ship,9,77,8.302208,1
38,ship,9,78,8.217291,1
38,ship,9,79,8.271709,1
38,ship,9,80,8.234334,1
38,ship,9,81,8.287750,1
38,ship,9,82,8.246583,1
38,ship,9,83,8.295083,1
38,ship,9,84,8.319459,1
38,ship,9,85,8.432458,1
38,ship,9,86,8.259375,1
38,ship,9,87,8.280167,1
38,ship,9,88,8.259291,1
38,ship,9,89,8.275375,1
38,ship,9,90,8.235708,1
38,ship,9,91,8.318666,1
38,ship,9,92,8.272875,1
38,ship,9,93,8.372334,1
38,ship,9,94,8.244333,1
38,ship,9,95,8.274125,1
38,ship,9,96,8.250042,1
38,ship,9,97,8.248500,1
38,ship,9,98,8.226916,1
38,ship,9,99,8.251000,1
38,ship,9,100,8.242125,1
38,ship,9,101,8.256750,1
38,ship,9,102,8.246625,1
38,ship,9,103,8.271416,1
38,ship,9,104,8.231584,1
38,ship,9,105,8.250500,1
38,ship,9,106,8.241417,1
38,ship,9,107,8.292625,1
38,ship,9,108,8.222333,1
38,ship,9,109,8.254791,1
38,ship,9,110,8.235958,1
38,ship,9,111,8.260375,1
38,ship,9,112,8.232959,1
38,ship,9,113,8.241417,1
38,ship,9,114,8.258875,1
38,ship,9,115,8.333500,1
38,ship,9,116,8.446375,1
38,ship,9,117,8.317459,1
38,ship,9,118,8.226375,1
38,ship,9,119,8.262083,1
38,ship,9,120,8.227250,1
38,ship,9,121,8.241833,1
38,ship,9,122,8.232166,1
38,ship,9,123,8.268458,1
38,ship,9,124,8.221291,1
38,ship,9,125,8.238459,1
38,ship,9,126,8.247792,1
38,ship,9,127,8.240041,1
38,ship,9,128,8.252458,1
38,ship,9,129,8.266000,1
38,ship,9,130,8.271292,1
38,ship,9,131,8.266167,1
38,ship,9,132,8.246042,1
38,ship,9,133,8.269208,1
38,ship,9,134,8.260041,1
38,ship,9,135,8.273375,1
38,ship,9,136,8.246834,1
38,ship,9,137,8.279000,1
38,ship,9,138,8.260125,1
38,ship,9,139,8.267000,1
38,ship,9,140,8.224208,1
38,ship,9,141,8.264125,1
38,ship,9,142,8.251834,1
38,ship,9,143,8.253792,1
38,ship,9,144,8.249750,1
38,ship,9,145,8.332250,1
38,ship,9,146,8.301834,1
38,ship,9,147,8.270667,1
38,ship,9,148,8.245584,1
38,ship,9,149,8.250334,1
38,ship,9,150,8.263083,1
38,ship,9,151,8.259417,1
38,ship,9,152,8.248041,1
38,ship,9,153,8.270292,1
38,ship,9,154,8.261750,1
38,ship,9,155,8.251750,1
38,ship,9,156,8.286459,1
38,ship,9,157,8.269750,1
38,ship,9,158,8.301458,1
38,ship,9,159,8.222458,1
39,d1,9,0,9.261625,0
39,d1,9,1,8.231500,0
39,d1,9,2,8.189667,0
39,d1,9,3,8.136459,0
39,d1,9,4,8.105375,0
39,d1,9,5,8.260792,0
39,d1,9,6,8.124750,0
39,d1,9,7,8.193875,0
39,d1,9,8,8.158291,1
39,d1,9,9,8.098625,1
39,d1,9,10,8.135959,1
39,d1,9,11,8.199708,1
39,d1,9,12,8.131917,1
39,d1,9,13,8.120958,1
39,d1,9,14,8.189042,1
39,d1,9,15,8.089375,1
39,d1,9,16,8.140375,1
39,d1,9,17,8.344208,1
39,d1,9,18,8.153250,1
39,d1,9,19,8.130375,1
39,d1,9,20,8.334750,1
39,d1,9,21,8.119625,1
39,d1,9,22,8.155083,1
39,d1,9,23,8.523917,1
39,d1,9,24,8.145500,1
39,d1,9,25,8.129458,1
39,d1,9,26,8.355167,1
39,d1,9,27,8.087333,1
39,d1,9,28,8.238875,1
39,d1,9,29,8.525667,1
39,d1,9,30,8.181583,1
39,d1,9,31,8.141667,1
39,d1,9,32,8.311917,1
39,d1,9,33,8.093458,1
39,d1,9,34,8.209084,1
39,d1,9,35,8.527125,1
39,d1,9,36,8.190459,1
39,d1,9,37,8.099917,1
39,d1,9,38,8.468541,1
39,d1,9,39,8.192583,1
39,d1,9,40,8.172500,1
39,d1,9,41,8.355458,1
39,d1,9,42,8.181875,1
39,d1,9,43,8.184375,1
39,d1,9,44,8.474958,1
39,d1,9,45,8.132083,1
39,d1,9,46,8.189625,1
39,d1,9,47,8.321167,1
39,d1,9,48,8.171125,1
39,d1,9,49,8.187250,1
39,d1,9,50,8.271708,1
39,d1,9,51,8.085333,1
39,d1,9,52,8.193125,1
39,d1,9,53,8.442917,1
39,d1,9,54,8.163583,1
39,d1,9,55,8.293375,1
39,d1,9,56,8.345500,1
39,d1,9,57,8.082458,1
39,d1,9,58,8.132541,1
39,d1,9,59,8.541375,1
39,d1,9,60,8.190750,1
39,d1,9,61,8.110291,1
39,d1,9,62,8.452000,1
39,d1,9,63,8.144625,1
39,d1,9,64,8.177000,1
39,d1,9,65,8.481000,1
39,d1,9,66,8.222709,1
39,d1,9,67,8.251166,1
39,d1,9,68,8.581583,1
39,d1,9,69,8.115042,1
39,d1,9,70,8.161708,1
39,d1,9,71,8.527000,1
39,d1,9,72,8.146750,1
39,d1,9,73,8.285792,1
39,d1,9,74,8.579792,1
39,d1,9,75,8.133625,1
39,d1,9,76,8.162958,1
39,d1,9,77,8.431250,1
39,d1,9,78,8.122083,1
39,d1,9,79,8.170709,1
39,d1,9,80,8.502083,1
39,d1,9,81,8.118042,1
39,d1,9,82,8.152709,1
39,d1,9,83,8.361375,1
39,d1,9,84,8.175125,1
39,d1,9,85,8.255958,1
39,d1,9,86,8.439917,1
39,d1,9,87,8.146291,1
39,d1,9,88,8.306125,1
39,d1,9,89,8.462500,1
39,d1,9,90,8.166958,1
39,d1,9,91,8.251333,1
39,d1,9,92,8.471375,1
39,d1,9,93,8.148833,1
39,d1,9,94,8.137042,1
39,d1,9,95,8.427625,1
39,d1,9,96,8.162875,1
39,d1,9,97,8.377875,1
39,d1,9,98,8.577084,1
39,d1,9,99,8.369958,1
39,d1,9,100,8.189792,1
39,d1,9,101,8.428458,1
39,d1,9,102,8.190292,1
39,d1,9,103,8.189500,1
39,d1,9,104,8.457709,1
39,d1,9,105,8.147833,1
39,d1,9,106,8.232375,1
39,d1,9,107,8.547625,1
39,d1,9,108,8.192791,1
39,d1,9,109,8.156167,1
39,d1,9,110,8.479750,1
39,d1,9,111,8.153833,1
39,d1,9,112,8.298750,1
39,d1,9,113,8.483959,1
39,d1,9,114,8.158667,1
39,d1,9,115,8.172250,1
39,d1,9,116,8.476000,1
39,d1,9,117,8.186959,1
39,d1,9,118,8.255750,1
39,d1,9,119,8.501416,1
39,d1,9,120,8.161791,1
39,d1,9,121,8.152625,1
39,d1,9,122,8.393833,1
39,d1,9,123,8.135250,1
39,d1,9,124,8.285250,1
39,d1,9,125,8.480584,1
39,d1,9,126,8.184500,1
39,d1,9,127,8.210042,1
39,d1,9,128,8.519750,1
39,d1,9,129,8.195292,1
39,d1,9,130,8.348458,1
39,d1,9,131,8.520959,1
39,d1,9,132,8.152791,1
39,d1,9,133,8.338250,1
39,d1,9,134,8.485250,1
39,d1,9,135,8.201208,1
39,d1,9,136,8.340167,1
39,d1,9,137,8.428375,1
39,d1,9,138,8.181542,1
39,d1,9,139,8.296750,1
39,d1,9,140,8.455750,1
39,d1,9,141,8.164750,1
39,d1,9,142,8.275542,1
39,d1,9,143,8.516458,1
39,d1,9,144,8.153834,1
39,d1,9,145,8.149166,1
39,d1,9,146,8.448291,1
39,d1,9,147,8.174083,1
39,d1,9,148,8.275834,1
39,d1,9,149,8.398292,1
39,d1,9,150,8.139542,1
39,d1,9,151,8.334708,1
39,d1,9,152,8.430000,1
39,d1,9,153,8.144500,1
39,d1,9,154,8.288208,1
39,d1,9,155,8.500292,1
39,d1,9,156,8.132917,1
39,d1,9,157,8.326459,1
39,d1,9,158,8.347833,1
39,d1,9,159,8.160416,1
40,ctl,9,0,16.084542,0
40,ctl,9,1,8.363959,0
40,ctl,9,2,8.279458,0
40,ctl,9,3,8.213792,0
40,ctl,9,4,8.240959,0
40,ctl,9,5,8.238583,0
40,ctl,9,6,8.212958,0
40,ctl,9,7,8.249125,0
40,ctl,9,8,8.235209,1
40,ctl,9,9,8.263542,1
40,ctl,9,10,8.195208,1
40,ctl,9,11,8.255375,1
40,ctl,9,12,8.237333,1
40,ctl,9,13,8.223291,1
40,ctl,9,14,8.216417,1
40,ctl,9,15,8.227125,1
40,ctl,9,16,8.230416,1
40,ctl,9,17,8.242458,1
40,ctl,9,18,8.208709,1
40,ctl,9,19,8.247834,1
40,ctl,9,20,8.210792,1
40,ctl,9,21,8.252584,1
40,ctl,9,22,8.220792,1
40,ctl,9,23,8.261875,1
40,ctl,9,24,8.149750,1
40,ctl,9,25,8.172500,1
40,ctl,9,26,8.177791,1
40,ctl,9,27,8.301208,1
40,ctl,9,28,8.305083,1
40,ctl,9,29,8.190875,1
40,ctl,9,30,8.144875,1
40,ctl,9,31,8.206208,1
40,ctl,9,32,8.164041,1
40,ctl,9,33,8.210333,1
40,ctl,9,34,8.151042,1
40,ctl,9,35,8.178375,1
40,ctl,9,36,8.258417,1
40,ctl,9,37,8.258875,1
40,ctl,9,38,8.236125,1
40,ctl,9,39,8.204291,1
40,ctl,9,40,8.216667,1
40,ctl,9,41,8.374000,1
40,ctl,9,42,8.306417,1
40,ctl,9,43,8.298833,1
40,ctl,9,44,8.281250,1
40,ctl,9,45,8.349917,1
40,ctl,9,46,8.373291,1
40,ctl,9,47,8.477000,1
40,ctl,9,48,8.265667,1
40,ctl,9,49,8.313791,1
40,ctl,9,50,8.270000,1
40,ctl,9,51,8.318750,1
40,ctl,9,52,8.235459,1
40,ctl,9,53,8.312791,1
40,ctl,9,54,8.250834,1
40,ctl,9,55,8.266417,1
40,ctl,9,56,8.235042,1
40,ctl,9,57,8.248333,1
40,ctl,9,58,8.217709,1
40,ctl,9,59,8.253833,1
40,ctl,9,60,8.263459,1
40,ctl,9,61,8.307542,1
40,ctl,9,62,8.255500,1
40,ctl,9,63,8.284083,1
40,ctl,9,64,8.259708,1
40,ctl,9,65,8.293125,1
40,ctl,9,66,8.243625,1
40,ctl,9,67,8.297833,1
40,ctl,9,68,8.244875,1
40,ctl,9,69,8.275875,1
40,ctl,9,70,8.230416,1
40,ctl,9,71,8.265875,1
40,ctl,9,72,8.250250,1
40,ctl,9,73,8.273875,1
40,ctl,9,74,8.228334,1
40,ctl,9,75,8.227250,1
40,ctl,9,76,8.279500,1
40,ctl,9,77,8.229958,1
40,ctl,9,78,8.245667,1
40,ctl,9,79,8.229250,1
40,ctl,9,80,8.237792,1
40,ctl,9,81,8.267875,1
40,ctl,9,82,8.205042,1
40,ctl,9,83,8.244334,1
40,ctl,9,84,8.227334,1
40,ctl,9,85,8.237583,1
40,ctl,9,86,8.292459,1
40,ctl,9,87,8.271583,1
40,ctl,9,88,8.215291,1
40,ctl,9,89,8.252709,1
40,ctl,9,90,8.309667,1
40,ctl,9,91,8.397709,1
40,ctl,9,92,8.272084,1
40,ctl,9,93,8.254542,1
40,ctl,9,94,8.244541,1
40,ctl,9,95,8.260750,1
40,ctl,9,96,8.272792,1
40,ctl,9,97,8.271375,1
40,ctl,9,98,8.251708,1
40,ctl,9,99,8.213958,1
40,ctl,9,100,8.235334,1
40,ctl,9,101,8.278917,1
40,ctl,9,102,8.275750,1
40,ctl,9,103,8.251875,1
40,ctl,9,104,8.253208,1
40,ctl,9,105,8.296333,1
40,ctl,9,106,8.267792,1
40,ctl,9,107,8.282708,1
40,ctl,9,108,8.249125,1
40,ctl,9,109,8.220000,1
40,ctl,9,110,8.283375,1
40,ctl,9,111,8.389333,1
40,ctl,9,112,8.311125,1
40,ctl,9,113,8.344959,1
40,ctl,9,114,8.338583,1
40,ctl,9,115,8.263292,1
40,ctl,9,116,8.277041,1
40,ctl,9,117,8.277083,1
40,ctl,9,118,8.272958,1
40,ctl,9,119,8.259042,1
40,ctl,9,120,8.273750,1
40,ctl,9,121,8.314291,1
40,ctl,9,122,8.403542,1
40,ctl,9,123,8.348583,1
40,ctl,9,124,8.225667,1
40,ctl,9,125,8.244416,1
40,ctl,9,126,8.240541,1
40,ctl,9,127,8.303041,1
40,ctl,9,128,8.285916,1
40,ctl,9,129,8.364292,1
40,ctl,9,130,8.212000,1
40,ctl,9,131,8.184209,1
40,ctl,9,132,8.198000,1
40,ctl,9,133,8.221959,1
40,ctl,9,134,8.122959,1
40,ctl,9,135,8.243209,1
40,ctl,9,136,8.303250,1
40,ctl,9,137,8.239666,1
40,ctl,9,138,8.277917,1
40,ctl,9,139,8.258500,1
40,ctl,9,140,8.313666,1
40,ctl,9,141,8.246125,1
40,ctl,9,142,8.285292,1
40,ctl,9,143,8.265417,1
40,ctl,9,144,8.306375,1
40,ctl,9,145,8.243875,1
40,ctl,9,146,8.254125,1
40,ctl,9,147,8.274209,1
40,ctl,9,148,8.303875,1
40,ctl,9,149,8.267167,1
40,ctl,9,150,8.275333,1
40,ctl,9,151,8.296541,1
40,ctl,9,152,8.288750,1
40,ctl,9,153,8.281083,1
40,ctl,9,154,8.280750,1
40,ctl,9,155,8.262958,1
40,ctl,9,156,8.348041,1
40,ctl,9,157,8.265583,1
40,ctl,9,158,8.306167,1
40,ctl,9,159,8.253833,1
