tier,tier_label,seq,M,N,K,a_dtype,out_dtype,path,nax,kernel,bm,bn,bk,wm,wn,parts,psize,swizzle_log,grid_x,grid_y,grid_z,group_x,group_y,group_z,threadgroups,threads_per_tg,tg_per_core,gflop,predicate,site
2,observed-M4Pro,0,512,1024,2048,bfloat16,float32,splitk,False,steel_gemm_splitk_nt_bfloat16_float32_bm32_bn32_bk16_wm2_wn2_MN_taligned_K_taligned,32,32,16,2,2,2,1024,0,32,16,2,32,2,2,1024,128,51.2,2.1475,matmul.cpp:898 (non-NAX split-K),"attn wk / wv  (K and V projections, all 40 layers)"
1,derived-M5Max,0,512,1024,2048,bfloat16,bfloat16,regular,True,steel_gemm_fused_nax_nt_bfloat16_bfloat16_bm64_bn128_bk256_wm2_wn4,64,128,256,2,4,,,2,32,2,1,32,4,2,64,256,1.6,2.1475,matmul.cpp:957 (NAX regular),"attn wk / wv  (K and V projections, all 40 layers)"
2,observed-M4Pro,1,512,1024,2048,bfloat16,float32,splitk,False,steel_gemm_splitk_nt_bfloat16_float32_bm32_bn32_bk16_wm2_wn2_MN_taligned_K_taligned,32,32,16,2,2,2,1024,0,32,16,2,32,2,2,1024,128,51.2,2.1475,matmul.cpp:898 (non-NAX split-K),"attn wk / wv  (K and V projections, all 40 layers)"
1,derived-M5Max,1,512,1024,2048,bfloat16,bfloat16,regular,True,steel_gemm_fused_nax_nt_bfloat16_bfloat16_bm64_bn128_bk256_wm2_wn4,64,128,256,2,4,,,2,32,2,1,32,4,2,64,256,1.6,2.1475,matmul.cpp:957 (NAX regular),"attn wk / wv  (K and V projections, all 40 layers)"
2,observed-M4Pro,2,512,6144,2048,bfloat16,bfloat16,regular,False,steel_gemm_fused_nt_bfloat16_bfloat16_bm64_bn64_bk16_wm2_wn2,64,64,16,2,2,,,0,96,8,1,32,2,2,768,128,38.4,12.8849,matmul.cpp:957 fallthrough (non-NAX regular),"attn wq, full-attention layers"
1,derived-M5Max,2,512,6144,2048,bfloat16,bfloat16,regular,True,steel_gemm_fused_nax_nt_bfloat16_bfloat16_bm64_bn128_bk256_wm2_wn4,64,128,256,2,4,,,2,192,2,1,32,4,2,384,256,9.6,12.8849,matmul.cpp:957 (NAX regular),"attn wq, full-attention layers"
2,observed-M4Pro,3,512,48,2048,bfloat16,float32,splitk,False,steel_gemm_splitk_nt_bfloat16_float32_bm32_bn32_bk16_wm2_wn2_MN_naligned_K_taligned,32,32,16,2,2,4,512,0,2,16,4,32,2,2,128,128,6.4,0.1007,matmul.cpp:898 (non-NAX split-K),"attn g_proj (per-head gate), full-attention layers"
1,derived-M5Max,3,512,48,2048,bfloat16,float32,splitk,True,steel_gemm_splitk_nax_nt_bfloat16_float32_bm64_bn64_bk256_wm2_wn2,64,64,256,2,2,2,1024,1,16,1,1,32,2,2,16,128,0.4,0.1007,matmul.cpp:922 (NAX split-K),"attn g_proj (per-head gate), full-attention layers"
2,observed-M4Pro,4,512,2048,6144,bfloat16,bfloat16,regular,False,steel_gemm_fused_nt_bfloat16_bfloat16_bm64_bn64_bk16_wm2_wn2,64,64,16,2,2,,,0,32,8,1,32,2,2,256,128,12.8,12.8849,matmul.cpp:957 fallthrough (non-NAX regular),"attn wo, full-attention layers"
1,derived-M5Max,4,512,2048,6144,bfloat16,float32,splitk,True,steel_gemm_splitk_nax_nt_bfloat16_float32_bm64_bn64_bk512_wm2_wn2,64,64,512,2,2,2,4096,1,512,1,1,32,2,2,512,128,12.8,12.8849,matmul.cpp:922 (NAX split-K),"attn wo, full-attention layers"
2,observed-M4Pro,5,512,8192,2048,bfloat16,bfloat16,regular,False,steel_gemm_fused_nt_bfloat16_bfloat16_bm64_bn64_bk16_wm2_wn2,64,64,16,2,2,,,0,128,8,1,32,2,2,1024,128,51.2,17.1799,matmul.cpp:957 fallthrough (non-NAX regular),"attn wq, sliding-window layers + layer-0 dense gate/up"
1,derived-M5Max,5,512,8192,2048,bfloat16,bfloat16,regular,True,steel_gemm_fused_nax_nt_bfloat16_bfloat16_bm64_bn128_bk256_wm2_wn4,64,128,256,2,4,,,2,256,2,1,32,4,2,512,256,12.8,17.1799,matmul.cpp:957 (NAX regular),"attn wq, sliding-window layers + layer-0 dense gate/up"
2,observed-M4Pro,6,512,8192,2048,bfloat16,bfloat16,regular,False,steel_gemm_fused_nt_bfloat16_bfloat16_bm64_bn64_bk16_wm2_wn2,64,64,16,2,2,,,0,128,8,1,32,2,2,1024,128,51.2,17.1799,matmul.cpp:957 fallthrough (non-NAX regular),"attn wq, sliding-window layers + layer-0 dense gate/up"
1,derived-M5Max,6,512,8192,2048,bfloat16,bfloat16,regular,True,steel_gemm_fused_nax_nt_bfloat16_bfloat16_bm64_bn128_bk256_wm2_wn4,64,128,256,2,4,,,2,256,2,1,32,4,2,512,256,12.8,17.1799,matmul.cpp:957 (NAX regular),"attn wq, sliding-window layers + layer-0 dense gate/up"
2,observed-M4Pro,7,512,2048,8192,bfloat16,bfloat16,regular,False,steel_gemm_fused_nt_bfloat16_bfloat16_bm64_bn64_bk16_wm2_wn2,64,64,16,2,2,,,0,32,8,1,32,2,2,256,128,12.8,17.1799,matmul.cpp:957 fallthrough (non-NAX regular),"attn wo, sliding-window layers + layer-0 dense down"
1,derived-M5Max,7,512,2048,8192,bfloat16,float32,splitk,True,steel_gemm_splitk_nax_nt_bfloat16_float32_bm64_bn64_bk512_wm2_wn2,64,64,512,2,2,2,4096,1,512,1,1,32,2,2,512,128,12.8,17.1799,matmul.cpp:922 (NAX split-K),"attn wo, sliding-window layers + layer-0 dense down"
2,observed-M4Pro,8,512,1024,2048,bfloat16,float32,splitk,False,steel_gemm_splitk_nt_bfloat16_float32_bm32_bn32_bk16_wm2_wn2_MN_taligned_K_taligned,32,32,16,2,2,2,1024,0,32,16,2,32,2,2,1024,128,51.2,2.1475,matmul.cpp:898 (non-NAX split-K),"attn wk / wv  (K and V projections, all 40 layers)"
1,derived-M5Max,8,512,1024,2048,bfloat16,bfloat16,regular,True,steel_gemm_fused_nax_nt_bfloat16_bfloat16_bm64_bn128_bk256_wm2_wn4,64,128,256,2,4,,,2,32,2,1,32,4,2,64,256,1.6,2.1475,matmul.cpp:957 (NAX regular),"attn wk / wv  (K and V projections, all 40 layers)"
2,observed-M4Pro,9,512,1024,2048,bfloat16,float32,splitk,False,steel_gemm_splitk_nt_bfloat16_float32_bm32_bn32_bk16_wm2_wn2_MN_taligned_K_taligned,32,32,16,2,2,2,1024,0,32,16,2,32,2,2,1024,128,51.2,2.1475,matmul.cpp:898 (non-NAX split-K),"attn wk / wv  (K and V projections, all 40 layers)"
1,derived-M5Max,9,512,1024,2048,bfloat16,bfloat16,regular,True,steel_gemm_fused_nax_nt_bfloat16_bfloat16_bm64_bn128_bk256_wm2_wn4,64,128,256,2,4,,,2,32,2,1,32,4,2,64,256,1.6,2.1475,matmul.cpp:957 (NAX regular),"attn wk / wv  (K and V projections, all 40 layers)"
2,observed-M4Pro,10,512,8192,2048,bfloat16,bfloat16,regular,False,steel_gemm_fused_nt_bfloat16_bfloat16_bm64_bn64_bk16_wm2_wn2,64,64,16,2,2,,,0,128,8,1,32,2,2,1024,128,51.2,17.1799,matmul.cpp:957 fallthrough (non-NAX regular),"attn wq, sliding-window layers + layer-0 dense gate/up"
1,derived-M5Max,10,512,8192,2048,bfloat16,bfloat16,regular,True,steel_gemm_fused_nax_nt_bfloat16_bfloat16_bm64_bn128_bk256_wm2_wn4,64,128,256,2,4,,,2,256,2,1,32,4,2,512,256,12.8,17.1799,matmul.cpp:957 (NAX regular),"attn wq, sliding-window layers + layer-0 dense gate/up"
2,observed-M4Pro,11,512,64,2048,bfloat16,float32,splitk,False,steel_gemm_splitk_nt_bfloat16_float32_bm32_bn32_bk16_wm2_wn2_MN_taligned_K_taligned,32,32,16,2,2,4,512,0,2,16,4,32,2,2,128,128,6.4,0.1342,matmul.cpp:898 (non-NAX split-K),"attn g_proj (per-head gate), sliding-window layers"
1,derived-M5Max,11,512,64,2048,bfloat16,float32,splitk,True,steel_gemm_splitk_nax_nt_bfloat16_float32_bm64_bn64_bk256_wm2_wn2,64,64,256,2,2,2,1024,1,16,1,1,32,2,2,16,128,0.4,0.1342,matmul.cpp:922 (NAX split-K),"attn g_proj (per-head gate), sliding-window layers"
2,observed-M4Pro,12,512,2048,8192,bfloat16,bfloat16,regular,False,steel_gemm_fused_nt_bfloat16_bfloat16_bm64_bn64_bk16_wm2_wn2,64,64,16,2,2,,,0,32,8,1,32,2,2,256,128,12.8,17.1799,matmul.cpp:957 fallthrough (non-NAX regular),"attn wo, sliding-window layers + layer-0 dense down"
1,derived-M5Max,12,512,2048,8192,bfloat16,float32,splitk,True,steel_gemm_splitk_nax_nt_bfloat16_float32_bm64_bn64_bk512_wm2_wn2,64,64,512,2,2,2,4096,1,512,1,1,32,2,2,512,128,12.8,17.1799,matmul.cpp:922 (NAX split-K),"attn wo, sliding-window layers + layer-0 dense down"
2,observed-M4Pro,13,512,256,2048,bfloat16,float32,splitk,False,steel_gemm_splitk_nt_bfloat16_float32_bm32_bn32_bk16_wm2_wn2_MN_taligned_K_taligned,32,32,16,2,2,2,1024,0,8,16,2,32,2,2,256,128,12.8,0.5369,matmul.cpp:898 (non-NAX split-K),MoE router logits GEMM (38 MoE layers)
1,derived-M5Max,13,512,256,2048,bfloat16,float32,splitk,True,steel_gemm_splitk_nax_nt_bfloat16_float32_bm64_bn64_bk256_wm2_wn2,64,64,256,2,2,2,1024,1,64,1,1,32,2,2,64,128,1.6,0.5369,matmul.cpp:922 (NAX split-K),MoE router logits GEMM (38 MoE layers)
2,observed-M4Pro,14,512,1024,2048,bfloat16,float32,splitk,False,steel_gemm_splitk_nt_bfloat16_float32_bm32_bn32_bk16_wm2_wn2_MN_taligned_K_taligned,32,32,16,2,2,2,1024,0,32,16,2,32,2,2,1024,128,51.2,2.1475,matmul.cpp:898 (non-NAX split-K),"attn wk / wv  (K and V projections, all 40 layers)"
1,derived-M5Max,14,512,1024,2048,bfloat16,bfloat16,regular,True,steel_gemm_fused_nax_nt_bfloat16_bfloat16_bm64_bn128_bk256_wm2_wn4,64,128,256,2,4,,,2,32,2,1,32,4,2,64,256,1.6,2.1475,matmul.cpp:957 (NAX regular),"attn wk / wv  (K and V projections, all 40 layers)"
2,observed-M4Pro,15,512,1024,2048,bfloat16,float32,splitk,False,steel_gemm_splitk_nt_bfloat16_float32_bm32_bn32_bk16_wm2_wn2_MN_taligned_K_taligned,32,32,16,2,2,2,1024,0,32,16,2,32,2,2,1024,128,51.2,2.1475,matmul.cpp:898 (non-NAX split-K),"attn wk / wv  (K and V projections, all 40 layers)"
1,derived-M5Max,15,512,1024,2048,bfloat16,bfloat16,regular,True,steel_gemm_fused_nax_nt_bfloat16_bfloat16_bm64_bn128_bk256_wm2_wn4,64,128,256,2,4,,,2,32,2,1,32,4,2,64,256,1.6,2.1475,matmul.cpp:957 (NAX regular),"attn wk / wv  (K and V projections, all 40 layers)"
2,observed-M4Pro,16,512,8192,2048,bfloat16,bfloat16,regular,False,steel_gemm_fused_nt_bfloat16_bfloat16_bm64_bn64_bk16_wm2_wn2,64,64,16,2,2,,,0,128,8,1,32,2,2,1024,128,51.2,17.1799,matmul.cpp:957 fallthrough (non-NAX regular),"attn wq, sliding-window layers + layer-0 dense gate/up"
1,derived-M5Max,16,512,8192,2048,bfloat16,bfloat16,regular,True,steel_gemm_fused_nax_nt_bfloat16_bfloat16_bm64_bn128_bk256_wm2_wn4,64,128,256,2,4,,,2,256,2,1,32,4,2,512,256,12.8,17.1799,matmul.cpp:957 (NAX regular),"attn wq, sliding-window layers + layer-0 dense gate/up"
2,observed-M4Pro,17,512,64,2048,bfloat16,float32,splitk,False,steel_gemm_splitk_nt_bfloat16_float32_bm32_bn32_bk16_wm2_wn2_MN_taligned_K_taligned,32,32,16,2,2,4,512,0,2,16,4,32,2,2,128,128,6.4,0.1342,matmul.cpp:898 (non-NAX split-K),"attn g_proj (per-head gate), sliding-window layers"
1,derived-M5Max,17,512,64,2048,bfloat16,float32,splitk,True,steel_gemm_splitk_nax_nt_bfloat16_float32_bm64_bn64_bk256_wm2_wn2,64,64,256,2,2,2,1024,1,16,1,1,32,2,2,16,128,0.4,0.1342,matmul.cpp:922 (NAX split-K),"attn g_proj (per-head gate), sliding-window layers"
2,observed-M4Pro,18,512,2048,8192,bfloat16,bfloat16,regular,False,steel_gemm_fused_nt_bfloat16_bfloat16_bm64_bn64_bk16_wm2_wn2,64,64,16,2,2,,,0,32,8,1,32,2,2,256,128,12.8,17.1799,matmul.cpp:957 fallthrough (non-NAX regular),"attn wo, sliding-window layers + layer-0 dense down"
1,derived-M5Max,18,512,2048,8192,bfloat16,float32,splitk,True,steel_gemm_splitk_nax_nt_bfloat16_float32_bm64_bn64_bk512_wm2_wn2,64,64,512,2,2,2,4096,1,512,1,1,32,2,2,512,128,12.8,17.1799,matmul.cpp:922 (NAX split-K),"attn wo, sliding-window layers + layer-0 dense down"
2,observed-M4Pro,19,512,256,2048,bfloat16,float32,splitk,False,steel_gemm_splitk_nt_bfloat16_float32_bm32_bn32_bk16_wm2_wn2_MN_taligned_K_taligned,32,32,16,2,2,2,1024,0,8,16,2,32,2,2,256,128,12.8,0.5369,matmul.cpp:898 (non-NAX split-K),MoE router logits GEMM (38 MoE layers)
1,derived-M5Max,19,512,256,2048,bfloat16,float32,splitk,True,steel_gemm_splitk_nax_nt_bfloat16_float32_bm64_bn64_bk256_wm2_wn2,64,64,256,2,2,2,1024,1,64,1,1,32,2,2,64,128,1.6,0.5369,matmul.cpp:922 (NAX split-K),MoE router logits GEMM (38 MoE layers)
2,observed-M4Pro,20,512,1024,2048,bfloat16,float32,splitk,False,steel_gemm_splitk_nt_bfloat16_float32_bm32_bn32_bk16_wm2_wn2_MN_taligned_K_taligned,32,32,16,2,2,2,1024,0,32,16,2,32,2,2,1024,128,51.2,2.1475,matmul.cpp:898 (non-NAX split-K),"attn wk / wv  (K and V projections, all 40 layers)"
1,derived-M5Max,20,512,1024,2048,bfloat16,bfloat16,regular,True,steel_gemm_fused_nax_nt_bfloat16_bfloat16_bm64_bn128_bk256_wm2_wn4,64,128,256,2,4,,,2,32,2,1,32,4,2,64,256,1.6,2.1475,matmul.cpp:957 (NAX regular),"attn wk / wv  (K and V projections, all 40 layers)"
2,observed-M4Pro,21,512,1024,2048,bfloat16,float32,splitk,False,steel_gemm_splitk_nt_bfloat16_float32_bm32_bn32_bk16_wm2_wn2_MN_taligned_K_taligned,32,32,16,2,2,2,1024,0,32,16,2,32,2,2,1024,128,51.2,2.1475,matmul.cpp:898 (non-NAX split-K),"attn wk / wv  (K and V projections, all 40 layers)"
1,derived-M5Max,21,512,1024,2048,bfloat16,bfloat16,regular,True,steel_gemm_fused_nax_nt_bfloat16_bfloat16_bm64_bn128_bk256_wm2_wn4,64,128,256,2,4,,,2,32,2,1,32,4,2,64,256,1.6,2.1475,matmul.cpp:957 (NAX regular),"attn wk / wv  (K and V projections, all 40 layers)"
2,observed-M4Pro,22,512,8192,2048,bfloat16,bfloat16,regular,False,steel_gemm_fused_nt_bfloat16_bfloat16_bm64_bn64_bk16_wm2_wn2,64,64,16,2,2,,,0,128,8,1,32,2,2,1024,128,51.2,17.1799,matmul.cpp:957 fallthrough (non-NAX regular),"attn wq, sliding-window layers + layer-0 dense gate/up"
1,derived-M5Max,22,512,8192,2048,bfloat16,bfloat16,regular,True,steel_gemm_fused_nax_nt_bfloat16_bfloat16_bm64_bn128_bk256_wm2_wn4,64,128,256,2,4,,,2,256,2,1,32,4,2,512,256,12.8,17.1799,matmul.cpp:957 (NAX regular),"attn wq, sliding-window layers + layer-0 dense gate/up"
2,observed-M4Pro,23,512,64,2048,bfloat16,float32,splitk,False,steel_gemm_splitk_nt_bfloat16_float32_bm32_bn32_bk16_wm2_wn2_MN_taligned_K_taligned,32,32,16,2,2,4,512,0,2,16,4,32,2,2,128,128,6.4,0.1342,matmul.cpp:898 (non-NAX split-K),"attn g_proj (per-head gate), sliding-window layers"
1,derived-M5Max,23,512,64,2048,bfloat16,float32,splitk,True,steel_gemm_splitk_nax_nt_bfloat16_float32_bm64_bn64_bk256_wm2_wn2,64,64,256,2,2,2,1024,1,16,1,1,32,2,2,16,128,0.4,0.1342,matmul.cpp:922 (NAX split-K),"attn g_proj (per-head gate), sliding-window layers"
2,observed-M4Pro,24,512,2048,8192,bfloat16,bfloat16,regular,False,steel_gemm_fused_nt_bfloat16_bfloat16_bm64_bn64_bk16_wm2_wn2,64,64,16,2,2,,,0,32,8,1,32,2,2,256,128,12.8,17.1799,matmul.cpp:957 fallthrough (non-NAX regular),"attn wo, sliding-window layers + layer-0 dense down"
1,derived-M5Max,24,512,2048,8192,bfloat16,float32,splitk,True,steel_gemm_splitk_nax_nt_bfloat16_float32_bm64_bn64_bk512_wm2_wn2,64,64,512,2,2,2,4096,1,512,1,1,32,2,2,512,128,12.8,17.1799,matmul.cpp:922 (NAX split-K),"attn wo, sliding-window layers + layer-0 dense down"
2,observed-M4Pro,25,512,256,2048,bfloat16,float32,splitk,False,steel_gemm_splitk_nt_bfloat16_float32_bm32_bn32_bk16_wm2_wn2_MN_taligned_K_taligned,32,32,16,2,2,2,1024,0,8,16,2,32,2,2,256,128,12.8,0.5369,matmul.cpp:898 (non-NAX split-K),MoE router logits GEMM (38 MoE layers)
1,derived-M5Max,25,512,256,2048,bfloat16,float32,splitk,True,steel_gemm_splitk_nax_nt_bfloat16_float32_bm64_bn64_bk256_wm2_wn2,64,64,256,2,2,2,1024,1,64,1,1,32,2,2,64,128,1.6,0.5369,matmul.cpp:922 (NAX split-K),MoE router logits GEMM (38 MoE layers)
2,observed-M4Pro,26,512,1024,2048,bfloat16,float32,splitk,False,steel_gemm_splitk_nt_bfloat16_float32_bm32_bn32_bk16_wm2_wn2_MN_taligned_K_taligned,32,32,16,2,2,2,1024,0,32,16,2,32,2,2,1024,128,51.2,2.1475,matmul.cpp:898 (non-NAX split-K),"attn wk / wv  (K and V projections, all 40 layers)"
1,derived-M5Max,26,512,1024,2048,bfloat16,bfloat16,regular,True,steel_gemm_fused_nax_nt_bfloat16_bfloat16_bm64_bn128_bk256_wm2_wn4,64,128,256,2,4,,,2,32,2,1,32,4,2,64,256,1.6,2.1475,matmul.cpp:957 (NAX regular),"attn wk / wv  (K and V projections, all 40 layers)"
2,observed-M4Pro,27,512,1024,2048,bfloat16,float32,splitk,False,steel_gemm_splitk_nt_bfloat16_float32_bm32_bn32_bk16_wm2_wn2_MN_taligned_K_taligned,32,32,16,2,2,2,1024,0,32,16,2,32,2,2,1024,128,51.2,2.1475,matmul.cpp:898 (non-NAX split-K),"attn wk / wv  (K and V projections, all 40 layers)"
1,derived-M5Max,27,512,1024,2048,bfloat16,bfloat16,regular,True,steel_gemm_fused_nax_nt_bfloat16_bfloat16_bm64_bn128_bk256_wm2_wn4,64,128,256,2,4,,,2,32,2,1,32,4,2,64,256,1.6,2.1475,matmul.cpp:957 (NAX regular),"attn wk / wv  (K and V projections, all 40 layers)"
2,observed-M4Pro,28,512,6144,2048,bfloat16,bfloat16,regular,False,steel_gemm_fused_nt_bfloat16_bfloat16_bm64_bn64_bk16_wm2_wn2,64,64,16,2,2,,,0,96,8,1,32,2,2,768,128,38.4,12.8849,matmul.cpp:957 fallthrough (non-NAX regular),"attn wq, full-attention layers"
1,derived-M5Max,28,512,6144,2048,bfloat16,bfloat16,regular,True,steel_gemm_fused_nax_nt_bfloat16_bfloat16_bm64_bn128_bk256_wm2_wn4,64,128,256,2,4,,,2,192,2,1,32,4,2,384,256,9.6,12.8849,matmul.cpp:957 (NAX regular),"attn wq, full-attention layers"
2,observed-M4Pro,29,512,48,2048,bfloat16,float32,splitk,False,steel_gemm_splitk_nt_bfloat16_float32_bm32_bn32_bk16_wm2_wn2_MN_naligned_K_taligned,32,32,16,2,2,4,512,0,2,16,4,32,2,2,128,128,6.4,0.1007,matmul.cpp:898 (non-NAX split-K),"attn g_proj (per-head gate), full-attention layers"
1,derived-M5Max,29,512,48,2048,bfloat16,float32,splitk,True,steel_gemm_splitk_nax_nt_bfloat16_float32_bm64_bn64_bk256_wm2_wn2,64,64,256,2,2,2,1024,1,16,1,1,32,2,2,16,128,0.4,0.1007,matmul.cpp:922 (NAX split-K),"attn g_proj (per-head gate), full-attention layers"
2,observed-M4Pro,30,512,2048,6144,bfloat16,bfloat16,regular,False,steel_gemm_fused_nt_bfloat16_bfloat16_bm64_bn64_bk16_wm2_wn2,64,64,16,2,2,,,0,32,8,1,32,2,2,256,128,12.8,12.8849,matmul.cpp:957 fallthrough (non-NAX regular),"attn wo, full-attention layers"
1,derived-M5Max,30,512,2048,6144,bfloat16,float32,splitk,True,steel_gemm_splitk_nax_nt_bfloat16_float32_bm64_bn64_bk512_wm2_wn2,64,64,512,2,2,2,4096,1,512,1,1,32,2,2,512,128,12.8,12.8849,matmul.cpp:922 (NAX split-K),"attn wo, full-attention layers"
2,observed-M4Pro,31,512,256,2048,bfloat16,float32,splitk,False,steel_gemm_splitk_nt_bfloat16_float32_bm32_bn32_bk16_wm2_wn2_MN_taligned_K_taligned,32,32,16,2,2,2,1024,0,8,16,2,32,2,2,256,128,12.8,0.5369,matmul.cpp:898 (non-NAX split-K),MoE router logits GEMM (38 MoE layers)
1,derived-M5Max,31,512,256,2048,bfloat16,float32,splitk,True,steel_gemm_splitk_nax_nt_bfloat16_float32_bm64_bn64_bk256_wm2_wn2,64,64,256,2,2,2,1024,1,64,1,1,32,2,2,64,128,1.6,0.5369,matmul.cpp:922 (NAX split-K),MoE router logits GEMM (38 MoE layers)
2,observed-M4Pro,32,512,1024,2048,bfloat16,float32,splitk,False,steel_gemm_splitk_nt_bfloat16_float32_bm32_bn32_bk16_wm2_wn2_MN_taligned_K_taligned,32,32,16,2,2,2,1024,0,32,16,2,32,2,2,1024,128,51.2,2.1475,matmul.cpp:898 (non-NAX split-K),"attn wk / wv  (K and V projections, all 40 layers)"
1,derived-M5Max,32,512,1024,2048,bfloat16,bfloat16,regular,True,steel_gemm_fused_nax_nt_bfloat16_bfloat16_bm64_bn128_bk256_wm2_wn4,64,128,256,2,4,,,2,32,2,1,32,4,2,64,256,1.6,2.1475,matmul.cpp:957 (NAX regular),"attn wk / wv  (K and V projections, all 40 layers)"
2,observed-M4Pro,33,512,1024,2048,bfloat16,float32,splitk,False,steel_gemm_splitk_nt_bfloat16_float32_bm32_bn32_bk16_wm2_wn2_MN_taligned_K_taligned,32,32,16,2,2,2,1024,0,32,16,2,32,2,2,1024,128,51.2,2.1475,matmul.cpp:898 (non-NAX split-K),"attn wk / wv  (K and V projections, all 40 layers)"
1,derived-M5Max,33,512,1024,2048,bfloat16,bfloat16,regular,True,steel_gemm_fused_nax_nt_bfloat16_bfloat16_bm64_bn128_bk256_wm2_wn4,64,128,256,2,4,,,2,32,2,1,32,4,2,64,256,1.6,2.1475,matmul.cpp:957 (NAX regular),"attn wk / wv  (K and V projections, all 40 layers)"
2,observed-M4Pro,34,512,8192,2048,bfloat16,bfloat16,regular,False,steel_gemm_fused_nt_bfloat16_bfloat16_bm64_bn64_bk16_wm2_wn2,64,64,16,2,2,,,0,128,8,1,32,2,2,1024,128,51.2,17.1799,matmul.cpp:957 fallthrough (non-NAX regular),"attn wq, sliding-window layers + layer-0 dense gate/up"
1,derived-M5Max,34,512,8192,2048,bfloat16,bfloat16,regular,True,steel_gemm_fused_nax_nt_bfloat16_bfloat16_bm64_bn128_bk256_wm2_wn4,64,128,256,2,4,,,2,256,2,1,32,4,2,512,256,12.8,17.1799,matmul.cpp:957 (NAX regular),"attn wq, sliding-window layers + layer-0 dense gate/up"
2,observed-M4Pro,35,512,64,2048,bfloat16,float32,splitk,False,steel_gemm_splitk_nt_bfloat16_float32_bm32_bn32_bk16_wm2_wn2_MN_taligned_K_taligned,32,32,16,2,2,4,512,0,2,16,4,32,2,2,128,128,6.4,0.1342,matmul.cpp:898 (non-NAX split-K),"attn g_proj (per-head gate), sliding-window layers"
1,derived-M5Max,35,512,64,2048,bfloat16,float32,splitk,True,steel_gemm_splitk_nax_nt_bfloat16_float32_bm64_bn64_bk256_wm2_wn2,64,64,256,2,2,2,1024,1,16,1,1,32,2,2,16,128,0.4,0.1342,matmul.cpp:922 (NAX split-K),"attn g_proj (per-head gate), sliding-window layers"
2,observed-M4Pro,36,512,2048,8192,bfloat16,bfloat16,regular,False,steel_gemm_fused_nt_bfloat16_bfloat16_bm64_bn64_bk16_wm2_wn2,64,64,16,2,2,,,0,32,8,1,32,2,2,256,128,12.8,17.1799,matmul.cpp:957 fallthrough (non-NAX regular),"attn wo, sliding-window layers + layer-0 dense down"
1,derived-M5Max,36,512,2048,8192,bfloat16,float32,splitk,True,steel_gemm_splitk_nax_nt_bfloat16_float32_bm64_bn64_bk512_wm2_wn2,64,64,512,2,2,2,4096,1,512,1,1,32,2,2,512,128,12.8,17.1799,matmul.cpp:922 (NAX split-K),"attn wo, sliding-window layers + layer-0 dense down"
2,observed-M4Pro,37,512,256,2048,bfloat16,float32,splitk,False,steel_gemm_splitk_nt_bfloat16_float32_bm32_bn32_bk16_wm2_wn2_MN_taligned_K_taligned,32,32,16,2,2,2,1024,0,8,16,2,32,2,2,256,128,12.8,0.5369,matmul.cpp:898 (non-NAX split-K),MoE router logits GEMM (38 MoE layers)
1,derived-M5Max,37,512,256,2048,bfloat16,float32,splitk,True,steel_gemm_splitk_nax_nt_bfloat16_float32_bm64_bn64_bk256_wm2_wn2,64,64,256,2,2,2,1024,1,64,1,1,32,2,2,64,128,1.6,0.5369,matmul.cpp:922 (NAX split-K),MoE router logits GEMM (38 MoE layers)
2,observed-M4Pro,38,512,1024,2048,bfloat16,float32,splitk,False,steel_gemm_splitk_nt_bfloat16_float32_bm32_bn32_bk16_wm2_wn2_MN_taligned_K_taligned,32,32,16,2,2,2,1024,0,32,16,2,32,2,2,1024,128,51.2,2.1475,matmul.cpp:898 (non-NAX split-K),"attn wk / wv  (K and V projections, all 40 layers)"
1,derived-M5Max,38,512,1024,2048,bfloat16,bfloat16,regular,True,steel_gemm_fused_nax_nt_bfloat16_bfloat16_bm64_bn128_bk256_wm2_wn4,64,128,256,2,4,,,2,32,2,1,32,4,2,64,256,1.6,2.1475,matmul.cpp:957 (NAX regular),"attn wk / wv  (K and V projections, all 40 layers)"
2,observed-M4Pro,39,512,1024,2048,bfloat16,float32,splitk,False,steel_gemm_splitk_nt_bfloat16_float32_bm32_bn32_bk16_wm2_wn2_MN_taligned_K_taligned,32,32,16,2,2,2,1024,0,32,16,2,32,2,2,1024,128,51.2,2.1475,matmul.cpp:898 (non-NAX split-K),"attn wk / wv  (K and V projections, all 40 layers)"
1,derived-M5Max,39,512,1024,2048,bfloat16,bfloat16,regular,True,steel_gemm_fused_nax_nt_bfloat16_bfloat16_bm64_bn128_bk256_wm2_wn4,64,128,256,2,4,,,2,32,2,1,32,4,2,64,256,1.6,2.1475,matmul.cpp:957 (NAX regular),"attn wk / wv  (K and V projections, all 40 layers)"
2,observed-M4Pro,40,512,8192,2048,bfloat16,bfloat16,regular,False,steel_gemm_fused_nt_bfloat16_bfloat16_bm64_bn64_bk16_wm2_wn2,64,64,16,2,2,,,0,128,8,1,32,2,2,1024,128,51.2,17.1799,matmul.cpp:957 fallthrough (non-NAX regular),"attn wq, sliding-window layers + layer-0 dense gate/up"
1,derived-M5Max,40,512,8192,2048,bfloat16,bfloat16,regular,True,steel_gemm_fused_nax_nt_bfloat16_bfloat16_bm64_bn128_bk256_wm2_wn4,64,128,256,2,4,,,2,256,2,1,32,4,2,512,256,12.8,17.1799,matmul.cpp:957 (NAX regular),"attn wq, sliding-window layers + layer-0 dense gate/up"
2,observed-M4Pro,41,512,64,2048,bfloat16,float32,splitk,False,steel_gemm_splitk_nt_bfloat16_float32_bm32_bn32_bk16_wm2_wn2_MN_taligned_K_taligned,32,32,16,2,2,4,512,0,2,16,4,32,2,2,128,128,6.4,0.1342,matmul.cpp:898 (non-NAX split-K),"attn g_proj (per-head gate), sliding-window layers"
1,derived-M5Max,41,512,64,2048,bfloat16,float32,splitk,True,steel_gemm_splitk_nax_nt_bfloat16_float32_bm64_bn64_bk256_wm2_wn2,64,64,256,2,2,2,1024,1,16,1,1,32,2,2,16,128,0.4,0.1342,matmul.cpp:922 (NAX split-K),"attn g_proj (per-head gate), sliding-window layers"
2,observed-M4Pro,42,512,2048,8192,bfloat16,bfloat16,regular,False,steel_gemm_fused_nt_bfloat16_bfloat16_bm64_bn64_bk16_wm2_wn2,64,64,16,2,2,,,0,32,8,1,32,2,2,256,128,12.8,17.1799,matmul.cpp:957 fallthrough (non-NAX regular),"attn wo, sliding-window layers + layer-0 dense down"
1,derived-M5Max,42,512,2048,8192,bfloat16,float32,splitk,True,steel_gemm_splitk_nax_nt_bfloat16_float32_bm64_bn64_bk512_wm2_wn2,64,64,512,2,2,2,4096,1,512,1,1,32,2,2,512,128,12.8,17.1799,matmul.cpp:922 (NAX split-K),"attn wo, sliding-window layers + layer-0 dense down"
2,observed-M4Pro,43,512,256,2048,bfloat16,float32,splitk,False,steel_gemm_splitk_nt_bfloat16_float32_bm32_bn32_bk16_wm2_wn2_MN_taligned_K_taligned,32,32,16,2,2,2,1024,0,8,16,2,32,2,2,256,128,12.8,0.5369,matmul.cpp:898 (non-NAX split-K),MoE router logits GEMM (38 MoE layers)
1,derived-M5Max,43,512,256,2048,bfloat16,float32,splitk,True,steel_gemm_splitk_nax_nt_bfloat16_float32_bm64_bn64_bk256_wm2_wn2,64,64,256,2,2,2,1024,1,64,1,1,32,2,2,64,128,1.6,0.5369,matmul.cpp:922 (NAX split-K),MoE router logits GEMM (38 MoE layers)
2,observed-M4Pro,44,512,1024,2048,bfloat16,float32,splitk,False,steel_gemm_splitk_nt_bfloat16_float32_bm32_bn32_bk16_wm2_wn2_MN_taligned_K_taligned,32,32,16,2,2,2,1024,0,32,16,2,32,2,2,1024,128,51.2,2.1475,matmul.cpp:898 (non-NAX split-K),"attn wk / wv  (K and V projections, all 40 layers)"
1,derived-M5Max,44,512,1024,2048,bfloat16,bfloat16,regular,True,steel_gemm_fused_nax_nt_bfloat16_bfloat16_bm64_bn128_bk256_wm2_wn4,64,128,256,2,4,,,2,32,2,1,32,4,2,64,256,1.6,2.1475,matmul.cpp:957 (NAX regular),"attn wk / wv  (K and V projections, all 40 layers)"
2,observed-M4Pro,45,512,1024,2048,bfloat16,float32,splitk,False,steel_gemm_splitk_nt_bfloat16_float32_bm32_bn32_bk16_wm2_wn2_MN_taligned_K_taligned,32,32,16,2,2,2,1024,0,32,16,2,32,2,2,1024,128,51.2,2.1475,matmul.cpp:898 (non-NAX split-K),"attn wk / wv  (K and V projections, all 40 layers)"
1,derived-M5Max,45,512,1024,2048,bfloat16,bfloat16,regular,True,steel_gemm_fused_nax_nt_bfloat16_bfloat16_bm64_bn128_bk256_wm2_wn4,64,128,256,2,4,,,2,32,2,1,32,4,2,64,256,1.6,2.1475,matmul.cpp:957 (NAX regular),"attn wk / wv  (K and V projections, all 40 layers)"
2,observed-M4Pro,46,512,8192,2048,bfloat16,bfloat16,regular,False,steel_gemm_fused_nt_bfloat16_bfloat16_bm64_bn64_bk16_wm2_wn2,64,64,16,2,2,,,0,128,8,1,32,2,2,1024,128,51.2,17.1799,matmul.cpp:957 fallthrough (non-NAX regular),"attn wq, sliding-window layers + layer-0 dense gate/up"
1,derived-M5Max,46,512,8192,2048,bfloat16,bfloat16,regular,True,steel_gemm_fused_nax_nt_bfloat16_bfloat16_bm64_bn128_bk256_wm2_wn4,64,128,256,2,4,,,2,256,2,1,32,4,2,512,256,12.8,17.1799,matmul.cpp:957 (NAX regular),"attn wq, sliding-window layers + layer-0 dense gate/up"
2,observed-M4Pro,47,512,64,2048,bfloat16,float32,splitk,False,steel_gemm_splitk_nt_bfloat16_float32_bm32_bn32_bk16_wm2_wn2_MN_taligned_K_taligned,32,32,16,2,2,4,512,0,2,16,4,32,2,2,128,128,6.4,0.1342,matmul.cpp:898 (non-NAX split-K),"attn g_proj (per-head gate), sliding-window layers"
1,derived-M5Max,47,512,64,2048,bfloat16,float32,splitk,True,steel_gemm_splitk_nax_nt_bfloat16_float32_bm64_bn64_bk256_wm2_wn2,64,64,256,2,2,2,1024,1,16,1,1,32,2,2,16,128,0.4,0.1342,matmul.cpp:922 (NAX split-K),"attn g_proj (per-head gate), sliding-window layers"
2,observed-M4Pro,48,512,2048,8192,bfloat16,bfloat16,regular,False,steel_gemm_fused_nt_bfloat16_bfloat16_bm64_bn64_bk16_wm2_wn2,64,64,16,2,2,,,0,32,8,1,32,2,2,256,128,12.8,17.1799,matmul.cpp:957 fallthrough (non-NAX regular),"attn wo, sliding-window layers + layer-0 dense down"
1,derived-M5Max,48,512,2048,8192,bfloat16,float32,splitk,True,steel_gemm_splitk_nax_nt_bfloat16_float32_bm64_bn64_bk512_wm2_wn2,64,64,512,2,2,2,4096,1,512,1,1,32,2,2,512,128,12.8,17.1799,matmul.cpp:922 (NAX split-K),"attn wo, sliding-window layers + layer-0 dense down"
2,observed-M4Pro,49,512,256,2048,bfloat16,float32,splitk,False,steel_gemm_splitk_nt_bfloat16_float32_bm32_bn32_bk16_wm2_wn2_MN_taligned_K_taligned,32,32,16,2,2,2,1024,0,8,16,2,32,2,2,256,128,12.8,0.5369,matmul.cpp:898 (non-NAX split-K),MoE router logits GEMM (38 MoE layers)
1,derived-M5Max,49,512,256,2048,bfloat16,float32,splitk,True,steel_gemm_splitk_nax_nt_bfloat16_float32_bm64_bn64_bk256_wm2_wn2,64,64,256,2,2,2,1024,1,64,1,1,32,2,2,64,128,1.6,0.5369,matmul.cpp:922 (NAX split-K),MoE router logits GEMM (38 MoE layers)
2,observed-M4Pro,50,512,1024,2048,bfloat16,float32,splitk,False,steel_gemm_splitk_nt_bfloat16_float32_bm32_bn32_bk16_wm2_wn2_MN_taligned_K_taligned,32,32,16,2,2,2,1024,0,32,16,2,32,2,2,1024,128,51.2,2.1475,matmul.cpp:898 (non-NAX split-K),"attn wk / wv  (K and V projections, all 40 layers)"
1,derived-M5Max,50,512,1024,2048,bfloat16,bfloat16,regular,True,steel_gemm_fused_nax_nt_bfloat16_bfloat16_bm64_bn128_bk256_wm2_wn4,64,128,256,2,4,,,2,32,2,1,32,4,2,64,256,1.6,2.1475,matmul.cpp:957 (NAX regular),"attn wk / wv  (K and V projections, all 40 layers)"
2,observed-M4Pro,51,512,1024,2048,bfloat16,float32,splitk,False,steel_gemm_splitk_nt_bfloat16_float32_bm32_bn32_bk16_wm2_wn2_MN_taligned_K_taligned,32,32,16,2,2,2,1024,0,32,16,2,32,2,2,1024,128,51.2,2.1475,matmul.cpp:898 (non-NAX split-K),"attn wk / wv  (K and V projections, all 40 layers)"
1,derived-M5Max,51,512,1024,2048,bfloat16,bfloat16,regular,True,steel_gemm_fused_nax_nt_bfloat16_bfloat16_bm64_bn128_bk256_wm2_wn4,64,128,256,2,4,,,2,32,2,1,32,4,2,64,256,1.6,2.1475,matmul.cpp:957 (NAX regular),"attn wk / wv  (K and V projections, all 40 layers)"
2,observed-M4Pro,52,512,6144,2048,bfloat16,bfloat16,regular,False,steel_gemm_fused_nt_bfloat16_bfloat16_bm64_bn64_bk16_wm2_wn2,64,64,16,2,2,,,0,96,8,1,32,2,2,768,128,38.4,12.8849,matmul.cpp:957 fallthrough (non-NAX regular),"attn wq, full-attention layers"
1,derived-M5Max,52,512,6144,2048,bfloat16,bfloat16,regular,True,steel_gemm_fused_nax_nt_bfloat16_bfloat16_bm64_bn128_bk256_wm2_wn4,64,128,256,2,4,,,2,192,2,1,32,4,2,384,256,9.6,12.8849,matmul.cpp:957 (NAX regular),"attn wq, full-attention layers"
2,observed-M4Pro,53,512,48,2048,bfloat16,float32,splitk,False,steel_gemm_splitk_nt_bfloat16_float32_bm32_bn32_bk16_wm2_wn2_MN_naligned_K_taligned,32,32,16,2,2,4,512,0,2,16,4,32,2,2,128,128,6.4,0.1007,matmul.cpp:898 (non-NAX split-K),"attn g_proj (per-head gate), full-attention layers"
1,derived-M5Max,53,512,48,2048,bfloat16,float32,splitk,True,steel_gemm_splitk_nax_nt_bfloat16_float32_bm64_bn64_bk256_wm2_wn2,64,64,256,2,2,2,1024,1,16,1,1,32,2,2,16,128,0.4,0.1007,matmul.cpp:922 (NAX split-K),"attn g_proj (per-head gate), full-attention layers"
2,observed-M4Pro,54,512,2048,6144,bfloat16,bfloat16,regular,False,steel_gemm_fused_nt_bfloat16_bfloat16_bm64_bn64_bk16_wm2_wn2,64,64,16,2,2,,,0,32,8,1,32,2,2,256,128,12.8,12.8849,matmul.cpp:957 fallthrough (non-NAX regular),"attn wo, full-attention layers"
1,derived-M5Max,54,512,2048,6144,bfloat16,float32,splitk,True,steel_gemm_splitk_nax_nt_bfloat16_float32_bm64_bn64_bk512_wm2_wn2,64,64,512,2,2,2,4096,1,512,1,1,32,2,2,512,128,12.8,12.8849,matmul.cpp:922 (NAX split-K),"attn wo, full-attention layers"
2,observed-M4Pro,55,512,256,2048,bfloat16,float32,splitk,False,steel_gemm_splitk_nt_bfloat16_float32_bm32_bn32_bk16_wm2_wn2_MN_taligned_K_taligned,32,32,16,2,2,2,1024,0,8,16,2,32,2,2,256,128,12.8,0.5369,matmul.cpp:898 (non-NAX split-K),MoE router logits GEMM (38 MoE layers)
1,derived-M5Max,55,512,256,2048,bfloat16,float32,splitk,True,steel_gemm_splitk_nax_nt_bfloat16_float32_bm64_bn64_bk256_wm2_wn2,64,64,256,2,2,2,1024,1,64,1,1,32,2,2,64,128,1.6,0.5369,matmul.cpp:922 (NAX split-K),MoE router logits GEMM (38 MoE layers)
2,observed-M4Pro,56,512,1024,2048,bfloat16,float32,splitk,False,steel_gemm_splitk_nt_bfloat16_float32_bm32_bn32_bk16_wm2_wn2_MN_taligned_K_taligned,32,32,16,2,2,2,1024,0,32,16,2,32,2,2,1024,128,51.2,2.1475,matmul.cpp:898 (non-NAX split-K),"attn wk / wv  (K and V projections, all 40 layers)"
1,derived-M5Max,56,512,1024,2048,bfloat16,bfloat16,regular,True,steel_gemm_fused_nax_nt_bfloat16_bfloat16_bm64_bn128_bk256_wm2_wn4,64,128,256,2,4,,,2,32,2,1,32,4,2,64,256,1.6,2.1475,matmul.cpp:957 (NAX regular),"attn wk / wv  (K and V projections, all 40 layers)"
2,observed-M4Pro,57,512,1024,2048,bfloat16,float32,splitk,False,steel_gemm_splitk_nt_bfloat16_float32_bm32_bn32_bk16_wm2_wn2_MN_taligned_K_taligned,32,32,16,2,2,2,1024,0,32,16,2,32,2,2,1024,128,51.2,2.1475,matmul.cpp:898 (non-NAX split-K),"attn wk / wv  (K and V projections, all 40 layers)"
1,derived-M5Max,57,512,1024,2048,bfloat16,bfloat16,regular,True,steel_gemm_fused_nax_nt_bfloat16_bfloat16_bm64_bn128_bk256_wm2_wn4,64,128,256,2,4,,,2,32,2,1,32,4,2,64,256,1.6,2.1475,matmul.cpp:957 (NAX regular),"attn wk / wv  (K and V projections, all 40 layers)"
2,observed-M4Pro,58,512,8192,2048,bfloat16,bfloat16,regular,False,steel_gemm_fused_nt_bfloat16_bfloat16_bm64_bn64_bk16_wm2_wn2,64,64,16,2,2,,,0,128,8,1,32,2,2,1024,128,51.2,17.1799,matmul.cpp:957 fallthrough (non-NAX regular),"attn wq, sliding-window layers + layer-0 dense gate/up"
1,derived-M5Max,58,512,8192,2048,bfloat16,bfloat16,regular,True,steel_gemm_fused_nax_nt_bfloat16_bfloat16_bm64_bn128_bk256_wm2_wn4,64,128,256,2,4,,,2,256,2,1,32,4,2,512,256,12.8,17.1799,matmul.cpp:957 (NAX regular),"attn wq, sliding-window layers + layer-0 dense gate/up"
2,observed-M4Pro,59,512,64,2048,bfloat16,float32,splitk,False,steel_gemm_splitk_nt_bfloat16_float32_bm32_bn32_bk16_wm2_wn2_MN_taligned_K_taligned,32,32,16,2,2,4,512,0,2,16,4,32,2,2,128,128,6.4,0.1342,matmul.cpp:898 (non-NAX split-K),"attn g_proj (per-head gate), sliding-window layers"
1,derived-M5Max,59,512,64,2048,bfloat16,float32,splitk,True,steel_gemm_splitk_nax_nt_bfloat16_float32_bm64_bn64_bk256_wm2_wn2,64,64,256,2,2,2,1024,1,16,1,1,32,2,2,16,128,0.4,0.1342,matmul.cpp:922 (NAX split-K),"attn g_proj (per-head gate), sliding-window layers"
2,observed-M4Pro,60,512,2048,8192,bfloat16,bfloat16,regular,False,steel_gemm_fused_nt_bfloat16_bfloat16_bm64_bn64_bk16_wm2_wn2,64,64,16,2,2,,,0,32,8,1,32,2,2,256,128,12.8,17.1799,matmul.cpp:957 fallthrough (non-NAX regular),"attn wo, sliding-window layers + layer-0 dense down"
1,derived-M5Max,60,512,2048,8192,bfloat16,float32,splitk,True,steel_gemm_splitk_nax_nt_bfloat16_float32_bm64_bn64_bk512_wm2_wn2,64,64,512,2,2,2,4096,1,512,1,1,32,2,2,512,128,12.8,17.1799,matmul.cpp:922 (NAX split-K),"attn wo, sliding-window layers + layer-0 dense down"
2,observed-M4Pro,61,512,256,2048,bfloat16,float32,splitk,False,steel_gemm_splitk_nt_bfloat16_float32_bm32_bn32_bk16_wm2_wn2_MN_taligned_K_taligned,32,32,16,2,2,2,1024,0,8,16,2,32,2,2,256,128,12.8,0.5369,matmul.cpp:898 (non-NAX split-K),MoE router logits GEMM (38 MoE layers)
1,derived-M5Max,61,512,256,2048,bfloat16,float32,splitk,True,steel_gemm_splitk_nax_nt_bfloat16_float32_bm64_bn64_bk256_wm2_wn2,64,64,256,2,2,2,1024,1,64,1,1,32,2,2,64,128,1.6,0.5369,matmul.cpp:922 (NAX split-K),MoE router logits GEMM (38 MoE layers)
2,observed-M4Pro,62,512,1024,2048,bfloat16,float32,splitk,False,steel_gemm_splitk_nt_bfloat16_float32_bm32_bn32_bk16_wm2_wn2_MN_taligned_K_taligned,32,32,16,2,2,2,1024,0,32,16,2,32,2,2,1024,128,51.2,2.1475,matmul.cpp:898 (non-NAX split-K),"attn wk / wv  (K and V projections, all 40 layers)"
1,derived-M5Max,62,512,1024,2048,bfloat16,bfloat16,regular,True,steel_gemm_fused_nax_nt_bfloat16_bfloat16_bm64_bn128_bk256_wm2_wn4,64,128,256,2,4,,,2,32,2,1,32,4,2,64,256,1.6,2.1475,matmul.cpp:957 (NAX regular),"attn wk / wv  (K and V projections, all 40 layers)"
2,observed-M4Pro,63,512,1024,2048,bfloat16,float32,splitk,False,steel_gemm_splitk_nt_bfloat16_float32_bm32_bn32_bk16_wm2_wn2_MN_taligned_K_taligned,32,32,16,2,2,2,1024,0,32,16,2,32,2,2,1024,128,51.2,2.1475,matmul.cpp:898 (non-NAX split-K),"attn wk / wv  (K and V projections, all 40 layers)"
1,derived-M5Max,63,512,1024,2048,bfloat16,bfloat16,regular,True,steel_gemm_fused_nax_nt_bfloat16_bfloat16_bm64_bn128_bk256_wm2_wn4,64,128,256,2,4,,,2,32,2,1,32,4,2,64,256,1.6,2.1475,matmul.cpp:957 (NAX regular),"attn wk / wv  (K and V projections, all 40 layers)"
2,observed-M4Pro,64,512,8192,2048,bfloat16,bfloat16,regular,False,steel_gemm_fused_nt_bfloat16_bfloat16_bm64_bn64_bk16_wm2_wn2,64,64,16,2,2,,,0,128,8,1,32,2,2,1024,128,51.2,17.1799,matmul.cpp:957 fallthrough (non-NAX regular),"attn wq, sliding-window layers + layer-0 dense gate/up"
1,derived-M5Max,64,512,8192,2048,bfloat16,bfloat16,regular,True,steel_gemm_fused_nax_nt_bfloat16_bfloat16_bm64_bn128_bk256_wm2_wn4,64,128,256,2,4,,,2,256,2,1,32,4,2,512,256,12.8,17.1799,matmul.cpp:957 (NAX regular),"attn wq, sliding-window layers + layer-0 dense gate/up"
2,observed-M4Pro,65,512,64,2048,bfloat16,float32,splitk,False,steel_gemm_splitk_nt_bfloat16_float32_bm32_bn32_bk16_wm2_wn2_MN_taligned_K_taligned,32,32,16,2,2,4,512,0,2,16,4,32,2,2,128,128,6.4,0.1342,matmul.cpp:898 (non-NAX split-K),"attn g_proj (per-head gate), sliding-window layers"
1,derived-M5Max,65,512,64,2048,bfloat16,float32,splitk,True,steel_gemm_splitk_nax_nt_bfloat16_float32_bm64_bn64_bk256_wm2_wn2,64,64,256,2,2,2,1024,1,16,1,1,32,2,2,16,128,0.4,0.1342,matmul.cpp:922 (NAX split-K),"attn g_proj (per-head gate), sliding-window layers"
2,observed-M4Pro,66,512,2048,8192,bfloat16,bfloat16,regular,False,steel_gemm_fused_nt_bfloat16_bfloat16_bm64_bn64_bk16_wm2_wn2,64,64,16,2,2,,,0,32,8,1,32,2,2,256,128,12.8,17.1799,matmul.cpp:957 fallthrough (non-NAX regular),"attn wo, sliding-window layers + layer-0 dense down"
1,derived-M5Max,66,512,2048,8192,bfloat16,float32,splitk,True,steel_gemm_splitk_nax_nt_bfloat16_float32_bm64_bn64_bk512_wm2_wn2,64,64,512,2,2,2,4096,1,512,1,1,32,2,2,512,128,12.8,17.1799,matmul.cpp:922 (NAX split-K),"attn wo, sliding-window layers + layer-0 dense down"
2,observed-M4Pro,67,512,256,2048,bfloat16,float32,splitk,False,steel_gemm_splitk_nt_bfloat16_float32_bm32_bn32_bk16_wm2_wn2_MN_taligned_K_taligned,32,32,16,2,2,2,1024,0,8,16,2,32,2,2,256,128,12.8,0.5369,matmul.cpp:898 (non-NAX split-K),MoE router logits GEMM (38 MoE layers)
1,derived-M5Max,67,512,256,2048,bfloat16,float32,splitk,True,steel_gemm_splitk_nax_nt_bfloat16_float32_bm64_bn64_bk256_wm2_wn2,64,64,256,2,2,2,1024,1,64,1,1,32,2,2,64,128,1.6,0.5369,matmul.cpp:922 (NAX split-K),MoE router logits GEMM (38 MoE layers)
2,observed-M4Pro,68,512,1024,2048,bfloat16,float32,splitk,False,steel_gemm_splitk_nt_bfloat16_float32_bm32_bn32_bk16_wm2_wn2_MN_taligned_K_taligned,32,32,16,2,2,2,1024,0,32,16,2,32,2,2,1024,128,51.2,2.1475,matmul.cpp:898 (non-NAX split-K),"attn wk / wv  (K and V projections, all 40 layers)"
1,derived-M5Max,68,512,1024,2048,bfloat16,bfloat16,regular,True,steel_gemm_fused_nax_nt_bfloat16_bfloat16_bm64_bn128_bk256_wm2_wn4,64,128,256,2,4,,,2,32,2,1,32,4,2,64,256,1.6,2.1475,matmul.cpp:957 (NAX regular),"attn wk / wv  (K and V projections, all 40 layers)"
2,observed-M4Pro,69,512,1024,2048,bfloat16,float32,splitk,False,steel_gemm_splitk_nt_bfloat16_float32_bm32_bn32_bk16_wm2_wn2_MN_taligned_K_taligned,32,32,16,2,2,2,1024,0,32,16,2,32,2,2,1024,128,51.2,2.1475,matmul.cpp:898 (non-NAX split-K),"attn wk / wv  (K and V projections, all 40 layers)"
1,derived-M5Max,69,512,1024,2048,bfloat16,bfloat16,regular,True,steel_gemm_fused_nax_nt_bfloat16_bfloat16_bm64_bn128_bk256_wm2_wn4,64,128,256,2,4,,,2,32,2,1,32,4,2,64,256,1.6,2.1475,matmul.cpp:957 (NAX regular),"attn wk / wv  (K and V projections, all 40 layers)"
2,observed-M4Pro,70,512,8192,2048,bfloat16,bfloat16,regular,False,steel_gemm_fused_nt_bfloat16_bfloat16_bm64_bn64_bk16_wm2_wn2,64,64,16,2,2,,,0,128,8,1,32,2,2,1024,128,51.2,17.1799,matmul.cpp:957 fallthrough (non-NAX regular),"attn wq, sliding-window layers + layer-0 dense gate/up"
1,derived-M5Max,70,512,8192,2048,bfloat16,bfloat16,regular,True,steel_gemm_fused_nax_nt_bfloat16_bfloat16_bm64_bn128_bk256_wm2_wn4,64,128,256,2,4,,,2,256,2,1,32,4,2,512,256,12.8,17.1799,matmul.cpp:957 (NAX regular),"attn wq, sliding-window layers + layer-0 dense gate/up"
2,observed-M4Pro,71,512,64,2048,bfloat16,float32,splitk,False,steel_gemm_splitk_nt_bfloat16_float32_bm32_bn32_bk16_wm2_wn2_MN_taligned_K_taligned,32,32,16,2,2,4,512,0,2,16,4,32,2,2,128,128,6.4,0.1342,matmul.cpp:898 (non-NAX split-K),"attn g_proj (per-head gate), sliding-window layers"
1,derived-M5Max,71,512,64,2048,bfloat16,float32,splitk,True,steel_gemm_splitk_nax_nt_bfloat16_float32_bm64_bn64_bk256_wm2_wn2,64,64,256,2,2,2,1024,1,16,1,1,32,2,2,16,128,0.4,0.1342,matmul.cpp:922 (NAX split-K),"attn g_proj (per-head gate), sliding-window layers"
2,observed-M4Pro,72,512,2048,8192,bfloat16,bfloat16,regular,False,steel_gemm_fused_nt_bfloat16_bfloat16_bm64_bn64_bk16_wm2_wn2,64,64,16,2,2,,,0,32,8,1,32,2,2,256,128,12.8,17.1799,matmul.cpp:957 fallthrough (non-NAX regular),"attn wo, sliding-window layers + layer-0 dense down"
1,derived-M5Max,72,512,2048,8192,bfloat16,float32,splitk,True,steel_gemm_splitk_nax_nt_bfloat16_float32_bm64_bn64_bk512_wm2_wn2,64,64,512,2,2,2,4096,1,512,1,1,32,2,2,512,128,12.8,17.1799,matmul.cpp:922 (NAX split-K),"attn wo, sliding-window layers + layer-0 dense down"
2,observed-M4Pro,73,512,256,2048,bfloat16,float32,splitk,False,steel_gemm_splitk_nt_bfloat16_float32_bm32_bn32_bk16_wm2_wn2_MN_taligned_K_taligned,32,32,16,2,2,2,1024,0,8,16,2,32,2,2,256,128,12.8,0.5369,matmul.cpp:898 (non-NAX split-K),MoE router logits GEMM (38 MoE layers)
1,derived-M5Max,73,512,256,2048,bfloat16,float32,splitk,True,steel_gemm_splitk_nax_nt_bfloat16_float32_bm64_bn64_bk256_wm2_wn2,64,64,256,2,2,2,1024,1,64,1,1,32,2,2,64,128,1.6,0.5369,matmul.cpp:922 (NAX split-K),MoE router logits GEMM (38 MoE layers)
2,observed-M4Pro,74,512,1024,2048,bfloat16,float32,splitk,False,steel_gemm_splitk_nt_bfloat16_float32_bm32_bn32_bk16_wm2_wn2_MN_taligned_K_taligned,32,32,16,2,2,2,1024,0,32,16,2,32,2,2,1024,128,51.2,2.1475,matmul.cpp:898 (non-NAX split-K),"attn wk / wv  (K and V projections, all 40 layers)"
1,derived-M5Max,74,512,1024,2048,bfloat16,bfloat16,regular,True,steel_gemm_fused_nax_nt_bfloat16_bfloat16_bm64_bn128_bk256_wm2_wn4,64,128,256,2,4,,,2,32,2,1,32,4,2,64,256,1.6,2.1475,matmul.cpp:957 (NAX regular),"attn wk / wv  (K and V projections, all 40 layers)"
2,observed-M4Pro,75,512,1024,2048,bfloat16,float32,splitk,False,steel_gemm_splitk_nt_bfloat16_float32_bm32_bn32_bk16_wm2_wn2_MN_taligned_K_taligned,32,32,16,2,2,2,1024,0,32,16,2,32,2,2,1024,128,51.2,2.1475,matmul.cpp:898 (non-NAX split-K),"attn wk / wv  (K and V projections, all 40 layers)"
1,derived-M5Max,75,512,1024,2048,bfloat16,bfloat16,regular,True,steel_gemm_fused_nax_nt_bfloat16_bfloat16_bm64_bn128_bk256_wm2_wn4,64,128,256,2,4,,,2,32,2,1,32,4,2,64,256,1.6,2.1475,matmul.cpp:957 (NAX regular),"attn wk / wv  (K and V projections, all 40 layers)"
2,observed-M4Pro,76,512,6144,2048,bfloat16,bfloat16,regular,False,steel_gemm_fused_nt_bfloat16_bfloat16_bm64_bn64_bk16_wm2_wn2,64,64,16,2,2,,,0,96,8,1,32,2,2,768,128,38.4,12.8849,matmul.cpp:957 fallthrough (non-NAX regular),"attn wq, full-attention layers"
1,derived-M5Max,76,512,6144,2048,bfloat16,bfloat16,regular,True,steel_gemm_fused_nax_nt_bfloat16_bfloat16_bm64_bn128_bk256_wm2_wn4,64,128,256,2,4,,,2,192,2,1,32,4,2,384,256,9.6,12.8849,matmul.cpp:957 (NAX regular),"attn wq, full-attention layers"
2,observed-M4Pro,77,512,48,2048,bfloat16,float32,splitk,False,steel_gemm_splitk_nt_bfloat16_float32_bm32_bn32_bk16_wm2_wn2_MN_naligned_K_taligned,32,32,16,2,2,4,512,0,2,16,4,32,2,2,128,128,6.4,0.1007,matmul.cpp:898 (non-NAX split-K),"attn g_proj (per-head gate), full-attention layers"
1,derived-M5Max,77,512,48,2048,bfloat16,float32,splitk,True,steel_gemm_splitk_nax_nt_bfloat16_float32_bm64_bn64_bk256_wm2_wn2,64,64,256,2,2,2,1024,1,16,1,1,32,2,2,16,128,0.4,0.1007,matmul.cpp:922 (NAX split-K),"attn g_proj (per-head gate), full-attention layers"
2,observed-M4Pro,78,512,2048,6144,bfloat16,bfloat16,regular,False,steel_gemm_fused_nt_bfloat16_bfloat16_bm64_bn64_bk16_wm2_wn2,64,64,16,2,2,,,0,32,8,1,32,2,2,256,128,12.8,12.8849,matmul.cpp:957 fallthrough (non-NAX regular),"attn wo, full-attention layers"
1,derived-M5Max,78,512,2048,6144,bfloat16,float32,splitk,True,steel_gemm_splitk_nax_nt_bfloat16_float32_bm64_bn64_bk512_wm2_wn2,64,64,512,2,2,2,4096,1,512,1,1,32,2,2,512,128,12.8,12.8849,matmul.cpp:922 (NAX split-K),"attn wo, full-attention layers"
2,observed-M4Pro,79,512,256,2048,bfloat16,float32,splitk,False,steel_gemm_splitk_nt_bfloat16_float32_bm32_bn32_bk16_wm2_wn2_MN_taligned_K_taligned,32,32,16,2,2,2,1024,0,8,16,2,32,2,2,256,128,12.8,0.5369,matmul.cpp:898 (non-NAX split-K),MoE router logits GEMM (38 MoE layers)
1,derived-M5Max,79,512,256,2048,bfloat16,float32,splitk,True,steel_gemm_splitk_nax_nt_bfloat16_float32_bm64_bn64_bk256_wm2_wn2,64,64,256,2,2,2,1024,1,64,1,1,32,2,2,64,128,1.6,0.5369,matmul.cpp:922 (NAX split-K),MoE router logits GEMM (38 MoE layers)
2,observed-M4Pro,80,512,1024,2048,bfloat16,float32,splitk,False,steel_gemm_splitk_nt_bfloat16_float32_bm32_bn32_bk16_wm2_wn2_MN_taligned_K_taligned,32,32,16,2,2,2,1024,0,32,16,2,32,2,2,1024,128,51.2,2.1475,matmul.cpp:898 (non-NAX split-K),"attn wk / wv  (K and V projections, all 40 layers)"
1,derived-M5Max,80,512,1024,2048,bfloat16,bfloat16,regular,True,steel_gemm_fused_nax_nt_bfloat16_bfloat16_bm64_bn128_bk256_wm2_wn4,64,128,256,2,4,,,2,32,2,1,32,4,2,64,256,1.6,2.1475,matmul.cpp:957 (NAX regular),"attn wk / wv  (K and V projections, all 40 layers)"
2,observed-M4Pro,81,512,1024,2048,bfloat16,float32,splitk,False,steel_gemm_splitk_nt_bfloat16_float32_bm32_bn32_bk16_wm2_wn2_MN_taligned_K_taligned,32,32,16,2,2,2,1024,0,32,16,2,32,2,2,1024,128,51.2,2.1475,matmul.cpp:898 (non-NAX split-K),"attn wk / wv  (K and V projections, all 40 layers)"
1,derived-M5Max,81,512,1024,2048,bfloat16,bfloat16,regular,True,steel_gemm_fused_nax_nt_bfloat16_bfloat16_bm64_bn128_bk256_wm2_wn4,64,128,256,2,4,,,2,32,2,1,32,4,2,64,256,1.6,2.1475,matmul.cpp:957 (NAX regular),"attn wk / wv  (K and V projections, all 40 layers)"
2,observed-M4Pro,82,512,8192,2048,bfloat16,bfloat16,regular,False,steel_gemm_fused_nt_bfloat16_bfloat16_bm64_bn64_bk16_wm2_wn2,64,64,16,2,2,,,0,128,8,1,32,2,2,1024,128,51.2,17.1799,matmul.cpp:957 fallthrough (non-NAX regular),"attn wq, sliding-window layers + layer-0 dense gate/up"
1,derived-M5Max,82,512,8192,2048,bfloat16,bfloat16,regular,True,steel_gemm_fused_nax_nt_bfloat16_bfloat16_bm64_bn128_bk256_wm2_wn4,64,128,256,2,4,,,2,256,2,1,32,4,2,512,256,12.8,17.1799,matmul.cpp:957 (NAX regular),"attn wq, sliding-window layers + layer-0 dense gate/up"
2,observed-M4Pro,83,512,64,2048,bfloat16,float32,splitk,False,steel_gemm_splitk_nt_bfloat16_float32_bm32_bn32_bk16_wm2_wn2_MN_taligned_K_taligned,32,32,16,2,2,4,512,0,2,16,4,32,2,2,128,128,6.4,0.1342,matmul.cpp:898 (non-NAX split-K),"attn g_proj (per-head gate), sliding-window layers"
1,derived-M5Max,83,512,64,2048,bfloat16,float32,splitk,True,steel_gemm_splitk_nax_nt_bfloat16_float32_bm64_bn64_bk256_wm2_wn2,64,64,256,2,2,2,1024,1,16,1,1,32,2,2,16,128,0.4,0.1342,matmul.cpp:922 (NAX split-K),"attn g_proj (per-head gate), sliding-window layers"
2,observed-M4Pro,84,512,2048,8192,bfloat16,bfloat16,regular,False,steel_gemm_fused_nt_bfloat16_bfloat16_bm64_bn64_bk16_wm2_wn2,64,64,16,2,2,,,0,32,8,1,32,2,2,256,128,12.8,17.1799,matmul.cpp:957 fallthrough (non-NAX regular),"attn wo, sliding-window layers + layer-0 dense down"
1,derived-M5Max,84,512,2048,8192,bfloat16,float32,splitk,True,steel_gemm_splitk_nax_nt_bfloat16_float32_bm64_bn64_bk512_wm2_wn2,64,64,512,2,2,2,4096,1,512,1,1,32,2,2,512,128,12.8,17.1799,matmul.cpp:922 (NAX split-K),"attn wo, sliding-window layers + layer-0 dense down"
2,observed-M4Pro,85,512,256,2048,bfloat16,float32,splitk,False,steel_gemm_splitk_nt_bfloat16_float32_bm32_bn32_bk16_wm2_wn2_MN_taligned_K_taligned,32,32,16,2,2,2,1024,0,8,16,2,32,2,2,256,128,12.8,0.5369,matmul.cpp:898 (non-NAX split-K),MoE router logits GEMM (38 MoE layers)
1,derived-M5Max,85,512,256,2048,bfloat16,float32,splitk,True,steel_gemm_splitk_nax_nt_bfloat16_float32_bm64_bn64_bk256_wm2_wn2,64,64,256,2,2,2,1024,1,64,1,1,32,2,2,64,128,1.6,0.5369,matmul.cpp:922 (NAX split-K),MoE router logits GEMM (38 MoE layers)
2,observed-M4Pro,86,512,1024,2048,bfloat16,float32,splitk,False,steel_gemm_splitk_nt_bfloat16_float32_bm32_bn32_bk16_wm2_wn2_MN_taligned_K_taligned,32,32,16,2,2,2,1024,0,32,16,2,32,2,2,1024,128,51.2,2.1475,matmul.cpp:898 (non-NAX split-K),"attn wk / wv  (K and V projections, all 40 layers)"
1,derived-M5Max,86,512,1024,2048,bfloat16,bfloat16,regular,True,steel_gemm_fused_nax_nt_bfloat16_bfloat16_bm64_bn128_bk256_wm2_wn4,64,128,256,2,4,,,2,32,2,1,32,4,2,64,256,1.6,2.1475,matmul.cpp:957 (NAX regular),"attn wk / wv  (K and V projections, all 40 layers)"
2,observed-M4Pro,87,512,1024,2048,bfloat16,float32,splitk,False,steel_gemm_splitk_nt_bfloat16_float32_bm32_bn32_bk16_wm2_wn2_MN_taligned_K_taligned,32,32,16,2,2,2,1024,0,32,16,2,32,2,2,1024,128,51.2,2.1475,matmul.cpp:898 (non-NAX split-K),"attn wk / wv  (K and V projections, all 40 layers)"
1,derived-M5Max,87,512,1024,2048,bfloat16,bfloat16,regular,True,steel_gemm_fused_nax_nt_bfloat16_bfloat16_bm64_bn128_bk256_wm2_wn4,64,128,256,2,4,,,2,32,2,1,32,4,2,64,256,1.6,2.1475,matmul.cpp:957 (NAX regular),"attn wk / wv  (K and V projections, all 40 layers)"
2,observed-M4Pro,88,512,8192,2048,bfloat16,bfloat16,regular,False,steel_gemm_fused_nt_bfloat16_bfloat16_bm64_bn64_bk16_wm2_wn2,64,64,16,2,2,,,0,128,8,1,32,2,2,1024,128,51.2,17.1799,matmul.cpp:957 fallthrough (non-NAX regular),"attn wq, sliding-window layers + layer-0 dense gate/up"
1,derived-M5Max,88,512,8192,2048,bfloat16,bfloat16,regular,True,steel_gemm_fused_nax_nt_bfloat16_bfloat16_bm64_bn128_bk256_wm2_wn4,64,128,256,2,4,,,2,256,2,1,32,4,2,512,256,12.8,17.1799,matmul.cpp:957 (NAX regular),"attn wq, sliding-window layers + layer-0 dense gate/up"
2,observed-M4Pro,89,512,64,2048,bfloat16,float32,splitk,False,steel_gemm_splitk_nt_bfloat16_float32_bm32_bn32_bk16_wm2_wn2_MN_taligned_K_taligned,32,32,16,2,2,4,512,0,2,16,4,32,2,2,128,128,6.4,0.1342,matmul.cpp:898 (non-NAX split-K),"attn g_proj (per-head gate), sliding-window layers"
1,derived-M5Max,89,512,64,2048,bfloat16,float32,splitk,True,steel_gemm_splitk_nax_nt_bfloat16_float32_bm64_bn64_bk256_wm2_wn2,64,64,256,2,2,2,1024,1,16,1,1,32,2,2,16,128,0.4,0.1342,matmul.cpp:922 (NAX split-K),"attn g_proj (per-head gate), sliding-window layers"
2,observed-M4Pro,90,512,2048,8192,bfloat16,bfloat16,regular,False,steel_gemm_fused_nt_bfloat16_bfloat16_bm64_bn64_bk16_wm2_wn2,64,64,16,2,2,,,0,32,8,1,32,2,2,256,128,12.8,17.1799,matmul.cpp:957 fallthrough (non-NAX regular),"attn wo, sliding-window layers + layer-0 dense down"
1,derived-M5Max,90,512,2048,8192,bfloat16,float32,splitk,True,steel_gemm_splitk_nax_nt_bfloat16_float32_bm64_bn64_bk512_wm2_wn2,64,64,512,2,2,2,4096,1,512,1,1,32,2,2,512,128,12.8,17.1799,matmul.cpp:922 (NAX split-K),"attn wo, sliding-window layers + layer-0 dense down"
2,observed-M4Pro,91,512,256,2048,bfloat16,float32,splitk,False,steel_gemm_splitk_nt_bfloat16_float32_bm32_bn32_bk16_wm2_wn2_MN_taligned_K_taligned,32,32,16,2,2,2,1024,0,8,16,2,32,2,2,256,128,12.8,0.5369,matmul.cpp:898 (non-NAX split-K),MoE router logits GEMM (38 MoE layers)
1,derived-M5Max,91,512,256,2048,bfloat16,float32,splitk,True,steel_gemm_splitk_nax_nt_bfloat16_float32_bm64_bn64_bk256_wm2_wn2,64,64,256,2,2,2,1024,1,64,1,1,32,2,2,64,128,1.6,0.5369,matmul.cpp:922 (NAX split-K),MoE router logits GEMM (38 MoE layers)
2,observed-M4Pro,92,512,1024,2048,bfloat16,float32,splitk,False,steel_gemm_splitk_nt_bfloat16_float32_bm32_bn32_bk16_wm2_wn2_MN_taligned_K_taligned,32,32,16,2,2,2,1024,0,32,16,2,32,2,2,1024,128,51.2,2.1475,matmul.cpp:898 (non-NAX split-K),"attn wk / wv  (K and V projections, all 40 layers)"
1,derived-M5Max,92,512,1024,2048,bfloat16,bfloat16,regular,True,steel_gemm_fused_nax_nt_bfloat16_bfloat16_bm64_bn128_bk256_wm2_wn4,64,128,256,2,4,,,2,32,2,1,32,4,2,64,256,1.6,2.1475,matmul.cpp:957 (NAX regular),"attn wk / wv  (K and V projections, all 40 layers)"
2,observed-M4Pro,93,512,1024,2048,bfloat16,float32,splitk,False,steel_gemm_splitk_nt_bfloat16_float32_bm32_bn32_bk16_wm2_wn2_MN_taligned_K_taligned,32,32,16,2,2,2,1024,0,32,16,2,32,2,2,1024,128,51.2,2.1475,matmul.cpp:898 (non-NAX split-K),"attn wk / wv  (K and V projections, all 40 layers)"
1,derived-M5Max,93,512,1024,2048,bfloat16,bfloat16,regular,True,steel_gemm_fused_nax_nt_bfloat16_bfloat16_bm64_bn128_bk256_wm2_wn4,64,128,256,2,4,,,2,32,2,1,32,4,2,64,256,1.6,2.1475,matmul.cpp:957 (NAX regular),"attn wk / wv  (K and V projections, all 40 layers)"
2,observed-M4Pro,94,512,8192,2048,bfloat16,bfloat16,regular,False,steel_gemm_fused_nt_bfloat16_bfloat16_bm64_bn64_bk16_wm2_wn2,64,64,16,2,2,,,0,128,8,1,32,2,2,1024,128,51.2,17.1799,matmul.cpp:957 fallthrough (non-NAX regular),"attn wq, sliding-window layers + layer-0 dense gate/up"
1,derived-M5Max,94,512,8192,2048,bfloat16,bfloat16,regular,True,steel_gemm_fused_nax_nt_bfloat16_bfloat16_bm64_bn128_bk256_wm2_wn4,64,128,256,2,4,,,2,256,2,1,32,4,2,512,256,12.8,17.1799,matmul.cpp:957 (NAX regular),"attn wq, sliding-window layers + layer-0 dense gate/up"
2,observed-M4Pro,95,512,64,2048,bfloat16,float32,splitk,False,steel_gemm_splitk_nt_bfloat16_float32_bm32_bn32_bk16_wm2_wn2_MN_taligned_K_taligned,32,32,16,2,2,4,512,0,2,16,4,32,2,2,128,128,6.4,0.1342,matmul.cpp:898 (non-NAX split-K),"attn g_proj (per-head gate), sliding-window layers"
1,derived-M5Max,95,512,64,2048,bfloat16,float32,splitk,True,steel_gemm_splitk_nax_nt_bfloat16_float32_bm64_bn64_bk256_wm2_wn2,64,64,256,2,2,2,1024,1,16,1,1,32,2,2,16,128,0.4,0.1342,matmul.cpp:922 (NAX split-K),"attn g_proj (per-head gate), sliding-window layers"
2,observed-M4Pro,96,512,2048,8192,bfloat16,bfloat16,regular,False,steel_gemm_fused_nt_bfloat16_bfloat16_bm64_bn64_bk16_wm2_wn2,64,64,16,2,2,,,0,32,8,1,32,2,2,256,128,12.8,17.1799,matmul.cpp:957 fallthrough (non-NAX regular),"attn wo, sliding-window layers + layer-0 dense down"
1,derived-M5Max,96,512,2048,8192,bfloat16,float32,splitk,True,steel_gemm_splitk_nax_nt_bfloat16_float32_bm64_bn64_bk512_wm2_wn2,64,64,512,2,2,2,4096,1,512,1,1,32,2,2,512,128,12.8,17.1799,matmul.cpp:922 (NAX split-K),"attn wo, sliding-window layers + layer-0 dense down"
2,observed-M4Pro,97,512,256,2048,bfloat16,float32,splitk,False,steel_gemm_splitk_nt_bfloat16_float32_bm32_bn32_bk16_wm2_wn2_MN_taligned_K_taligned,32,32,16,2,2,2,1024,0,8,16,2,32,2,2,256,128,12.8,0.5369,matmul.cpp:898 (non-NAX split-K),MoE router logits GEMM (38 MoE layers)
1,derived-M5Max,97,512,256,2048,bfloat16,float32,splitk,True,steel_gemm_splitk_nax_nt_bfloat16_float32_bm64_bn64_bk256_wm2_wn2,64,64,256,2,2,2,1024,1,64,1,1,32,2,2,64,128,1.6,0.5369,matmul.cpp:922 (NAX split-K),MoE router logits GEMM (38 MoE layers)
2,observed-M4Pro,98,512,1024,2048,bfloat16,float32,splitk,False,steel_gemm_splitk_nt_bfloat16_float32_bm32_bn32_bk16_wm2_wn2_MN_taligned_K_taligned,32,32,16,2,2,2,1024,0,32,16,2,32,2,2,1024,128,51.2,2.1475,matmul.cpp:898 (non-NAX split-K),"attn wk / wv  (K and V projections, all 40 layers)"
1,derived-M5Max,98,512,1024,2048,bfloat16,bfloat16,regular,True,steel_gemm_fused_nax_nt_bfloat16_bfloat16_bm64_bn128_bk256_wm2_wn4,64,128,256,2,4,,,2,32,2,1,32,4,2,64,256,1.6,2.1475,matmul.cpp:957 (NAX regular),"attn wk / wv  (K and V projections, all 40 layers)"
2,observed-M4Pro,99,512,1024,2048,bfloat16,float32,splitk,False,steel_gemm_splitk_nt_bfloat16_float32_bm32_bn32_bk16_wm2_wn2_MN_taligned_K_taligned,32,32,16,2,2,2,1024,0,32,16,2,32,2,2,1024,128,51.2,2.1475,matmul.cpp:898 (non-NAX split-K),"attn wk / wv  (K and V projections, all 40 layers)"
1,derived-M5Max,99,512,1024,2048,bfloat16,bfloat16,regular,True,steel_gemm_fused_nax_nt_bfloat16_bfloat16_bm64_bn128_bk256_wm2_wn4,64,128,256,2,4,,,2,32,2,1,32,4,2,64,256,1.6,2.1475,matmul.cpp:957 (NAX regular),"attn wk / wv  (K and V projections, all 40 layers)"
2,observed-M4Pro,100,512,6144,2048,bfloat16,bfloat16,regular,False,steel_gemm_fused_nt_bfloat16_bfloat16_bm64_bn64_bk16_wm2_wn2,64,64,16,2,2,,,0,96,8,1,32,2,2,768,128,38.4,12.8849,matmul.cpp:957 fallthrough (non-NAX regular),"attn wq, full-attention layers"
1,derived-M5Max,100,512,6144,2048,bfloat16,bfloat16,regular,True,steel_gemm_fused_nax_nt_bfloat16_bfloat16_bm64_bn128_bk256_wm2_wn4,64,128,256,2,4,,,2,192,2,1,32,4,2,384,256,9.6,12.8849,matmul.cpp:957 (NAX regular),"attn wq, full-attention layers"
2,observed-M4Pro,101,512,48,2048,bfloat16,float32,splitk,False,steel_gemm_splitk_nt_bfloat16_float32_bm32_bn32_bk16_wm2_wn2_MN_naligned_K_taligned,32,32,16,2,2,4,512,0,2,16,4,32,2,2,128,128,6.4,0.1007,matmul.cpp:898 (non-NAX split-K),"attn g_proj (per-head gate), full-attention layers"
1,derived-M5Max,101,512,48,2048,bfloat16,float32,splitk,True,steel_gemm_splitk_nax_nt_bfloat16_float32_bm64_bn64_bk256_wm2_wn2,64,64,256,2,2,2,1024,1,16,1,1,32,2,2,16,128,0.4,0.1007,matmul.cpp:922 (NAX split-K),"attn g_proj (per-head gate), full-attention layers"
2,observed-M4Pro,102,512,2048,6144,bfloat16,bfloat16,regular,False,steel_gemm_fused_nt_bfloat16_bfloat16_bm64_bn64_bk16_wm2_wn2,64,64,16,2,2,,,0,32,8,1,32,2,2,256,128,12.8,12.8849,matmul.cpp:957 fallthrough (non-NAX regular),"attn wo, full-attention layers"
1,derived-M5Max,102,512,2048,6144,bfloat16,float32,splitk,True,steel_gemm_splitk_nax_nt_bfloat16_float32_bm64_bn64_bk512_wm2_wn2,64,64,512,2,2,2,4096,1,512,1,1,32,2,2,512,128,12.8,12.8849,matmul.cpp:922 (NAX split-K),"attn wo, full-attention layers"
2,observed-M4Pro,103,512,256,2048,bfloat16,float32,splitk,False,steel_gemm_splitk_nt_bfloat16_float32_bm32_bn32_bk16_wm2_wn2_MN_taligned_K_taligned,32,32,16,2,2,2,1024,0,8,16,2,32,2,2,256,128,12.8,0.5369,matmul.cpp:898 (non-NAX split-K),MoE router logits GEMM (38 MoE layers)
1,derived-M5Max,103,512,256,2048,bfloat16,float32,splitk,True,steel_gemm_splitk_nax_nt_bfloat16_float32_bm64_bn64_bk256_wm2_wn2,64,64,256,2,2,2,1024,1,64,1,1,32,2,2,64,128,1.6,0.5369,matmul.cpp:922 (NAX split-K),MoE router logits GEMM (38 MoE layers)
2,observed-M4Pro,104,512,1024,2048,bfloat16,float32,splitk,False,steel_gemm_splitk_nt_bfloat16_float32_bm32_bn32_bk16_wm2_wn2_MN_taligned_K_taligned,32,32,16,2,2,2,1024,0,32,16,2,32,2,2,1024,128,51.2,2.1475,matmul.cpp:898 (non-NAX split-K),"attn wk / wv  (K and V projections, all 40 layers)"
1,derived-M5Max,104,512,1024,2048,bfloat16,bfloat16,regular,True,steel_gemm_fused_nax_nt_bfloat16_bfloat16_bm64_bn128_bk256_wm2_wn4,64,128,256,2,4,,,2,32,2,1,32,4,2,64,256,1.6,2.1475,matmul.cpp:957 (NAX regular),"attn wk / wv  (K and V projections, all 40 layers)"
2,observed-M4Pro,105,512,1024,2048,bfloat16,float32,splitk,False,steel_gemm_splitk_nt_bfloat16_float32_bm32_bn32_bk16_wm2_wn2_MN_taligned_K_taligned,32,32,16,2,2,2,1024,0,32,16,2,32,2,2,1024,128,51.2,2.1475,matmul.cpp:898 (non-NAX split-K),"attn wk / wv  (K and V projections, all 40 layers)"
1,derived-M5Max,105,512,1024,2048,bfloat16,bfloat16,regular,True,steel_gemm_fused_nax_nt_bfloat16_bfloat16_bm64_bn128_bk256_wm2_wn4,64,128,256,2,4,,,2,32,2,1,32,4,2,64,256,1.6,2.1475,matmul.cpp:957 (NAX regular),"attn wk / wv  (K and V projections, all 40 layers)"
2,observed-M4Pro,106,512,8192,2048,bfloat16,bfloat16,regular,False,steel_gemm_fused_nt_bfloat16_bfloat16_bm64_bn64_bk16_wm2_wn2,64,64,16,2,2,,,0,128,8,1,32,2,2,1024,128,51.2,17.1799,matmul.cpp:957 fallthrough (non-NAX regular),"attn wq, sliding-window layers + layer-0 dense gate/up"
1,derived-M5Max,106,512,8192,2048,bfloat16,bfloat16,regular,True,steel_gemm_fused_nax_nt_bfloat16_bfloat16_bm64_bn128_bk256_wm2_wn4,64,128,256,2,4,,,2,256,2,1,32,4,2,512,256,12.8,17.1799,matmul.cpp:957 (NAX regular),"attn wq, sliding-window layers + layer-0 dense gate/up"
2,observed-M4Pro,107,512,64,2048,bfloat16,float32,splitk,False,steel_gemm_splitk_nt_bfloat16_float32_bm32_bn32_bk16_wm2_wn2_MN_taligned_K_taligned,32,32,16,2,2,4,512,0,2,16,4,32,2,2,128,128,6.4,0.1342,matmul.cpp:898 (non-NAX split-K),"attn g_proj (per-head gate), sliding-window layers"
1,derived-M5Max,107,512,64,2048,bfloat16,float32,splitk,True,steel_gemm_splitk_nax_nt_bfloat16_float32_bm64_bn64_bk256_wm2_wn2,64,64,256,2,2,2,1024,1,16,1,1,32,2,2,16,128,0.4,0.1342,matmul.cpp:922 (NAX split-K),"attn g_proj (per-head gate), sliding-window layers"
2,observed-M4Pro,108,512,2048,8192,bfloat16,bfloat16,regular,False,steel_gemm_fused_nt_bfloat16_bfloat16_bm64_bn64_bk16_wm2_wn2,64,64,16,2,2,,,0,32,8,1,32,2,2,256,128,12.8,17.1799,matmul.cpp:957 fallthrough (non-NAX regular),"attn wo, sliding-window layers + layer-0 dense down"
1,derived-M5Max,108,512,2048,8192,bfloat16,float32,splitk,True,steel_gemm_splitk_nax_nt_bfloat16_float32_bm64_bn64_bk512_wm2_wn2,64,64,512,2,2,2,4096,1,512,1,1,32,2,2,512,128,12.8,17.1799,matmul.cpp:922 (NAX split-K),"attn wo, sliding-window layers + layer-0 dense down"
2,observed-M4Pro,109,512,256,2048,bfloat16,float32,splitk,False,steel_gemm_splitk_nt_bfloat16_float32_bm32_bn32_bk16_wm2_wn2_MN_taligned_K_taligned,32,32,16,2,2,2,1024,0,8,16,2,32,2,2,256,128,12.8,0.5369,matmul.cpp:898 (non-NAX split-K),MoE router logits GEMM (38 MoE layers)
1,derived-M5Max,109,512,256,2048,bfloat16,float32,splitk,True,steel_gemm_splitk_nax_nt_bfloat16_float32_bm64_bn64_bk256_wm2_wn2,64,64,256,2,2,2,1024,1,64,1,1,32,2,2,64,128,1.6,0.5369,matmul.cpp:922 (NAX split-K),MoE router logits GEMM (38 MoE layers)
2,observed-M4Pro,110,512,1024,2048,bfloat16,float32,splitk,False,steel_gemm_splitk_nt_bfloat16_float32_bm32_bn32_bk16_wm2_wn2_MN_taligned_K_taligned,32,32,16,2,2,2,1024,0,32,16,2,32,2,2,1024,128,51.2,2.1475,matmul.cpp:898 (non-NAX split-K),"attn wk / wv  (K and V projections, all 40 layers)"
1,derived-M5Max,110,512,1024,2048,bfloat16,bfloat16,regular,True,steel_gemm_fused_nax_nt_bfloat16_bfloat16_bm64_bn128_bk256_wm2_wn4,64,128,256,2,4,,,2,32,2,1,32,4,2,64,256,1.6,2.1475,matmul.cpp:957 (NAX regular),"attn wk / wv  (K and V projections, all 40 layers)"
2,observed-M4Pro,111,512,1024,2048,bfloat16,float32,splitk,False,steel_gemm_splitk_nt_bfloat16_float32_bm32_bn32_bk16_wm2_wn2_MN_taligned_K_taligned,32,32,16,2,2,2,1024,0,32,16,2,32,2,2,1024,128,51.2,2.1475,matmul.cpp:898 (non-NAX split-K),"attn wk / wv  (K and V projections, all 40 layers)"
1,derived-M5Max,111,512,1024,2048,bfloat16,bfloat16,regular,True,steel_gemm_fused_nax_nt_bfloat16_bfloat16_bm64_bn128_bk256_wm2_wn4,64,128,256,2,4,,,2,32,2,1,32,4,2,64,256,1.6,2.1475,matmul.cpp:957 (NAX regular),"attn wk / wv  (K and V projections, all 40 layers)"
2,observed-M4Pro,112,512,8192,2048,bfloat16,bfloat16,regular,False,steel_gemm_fused_nt_bfloat16_bfloat16_bm64_bn64_bk16_wm2_wn2,64,64,16,2,2,,,0,128,8,1,32,2,2,1024,128,51.2,17.1799,matmul.cpp:957 fallthrough (non-NAX regular),"attn wq, sliding-window layers + layer-0 dense gate/up"
1,derived-M5Max,112,512,8192,2048,bfloat16,bfloat16,regular,True,steel_gemm_fused_nax_nt_bfloat16_bfloat16_bm64_bn128_bk256_wm2_wn4,64,128,256,2,4,,,2,256,2,1,32,4,2,512,256,12.8,17.1799,matmul.cpp:957 (NAX regular),"attn wq, sliding-window layers + layer-0 dense gate/up"
2,observed-M4Pro,113,512,64,2048,bfloat16,float32,splitk,False,steel_gemm_splitk_nt_bfloat16_float32_bm32_bn32_bk16_wm2_wn2_MN_taligned_K_taligned,32,32,16,2,2,4,512,0,2,16,4,32,2,2,128,128,6.4,0.1342,matmul.cpp:898 (non-NAX split-K),"attn g_proj (per-head gate), sliding-window layers"
1,derived-M5Max,113,512,64,2048,bfloat16,float32,splitk,True,steel_gemm_splitk_nax_nt_bfloat16_float32_bm64_bn64_bk256_wm2_wn2,64,64,256,2,2,2,1024,1,16,1,1,32,2,2,16,128,0.4,0.1342,matmul.cpp:922 (NAX split-K),"attn g_proj (per-head gate), sliding-window layers"
2,observed-M4Pro,114,512,2048,8192,bfloat16,bfloat16,regular,False,steel_gemm_fused_nt_bfloat16_bfloat16_bm64_bn64_bk16_wm2_wn2,64,64,16,2,2,,,0,32,8,1,32,2,2,256,128,12.8,17.1799,matmul.cpp:957 fallthrough (non-NAX regular),"attn wo, sliding-window layers + layer-0 dense down"
1,derived-M5Max,114,512,2048,8192,bfloat16,float32,splitk,True,steel_gemm_splitk_nax_nt_bfloat16_float32_bm64_bn64_bk512_wm2_wn2,64,64,512,2,2,2,4096,1,512,1,1,32,2,2,512,128,12.8,17.1799,matmul.cpp:922 (NAX split-K),"attn wo, sliding-window layers + layer-0 dense down"
2,observed-M4Pro,115,512,256,2048,bfloat16,float32,splitk,False,steel_gemm_splitk_nt_bfloat16_float32_bm32_bn32_bk16_wm2_wn2_MN_taligned_K_taligned,32,32,16,2,2,2,1024,0,8,16,2,32,2,2,256,128,12.8,0.5369,matmul.cpp:898 (non-NAX split-K),MoE router logits GEMM (38 MoE layers)
1,derived-M5Max,115,512,256,2048,bfloat16,float32,splitk,True,steel_gemm_splitk_nax_nt_bfloat16_float32_bm64_bn64_bk256_wm2_wn2,64,64,256,2,2,2,1024,1,64,1,1,32,2,2,64,128,1.6,0.5369,matmul.cpp:922 (NAX split-K),MoE router logits GEMM (38 MoE layers)
2,observed-M4Pro,116,512,1024,2048,bfloat16,float32,splitk,False,steel_gemm_splitk_nt_bfloat16_float32_bm32_bn32_bk16_wm2_wn2_MN_taligned_K_taligned,32,32,16,2,2,2,1024,0,32,16,2,32,2,2,1024,128,51.2,2.1475,matmul.cpp:898 (non-NAX split-K),"attn wk / wv  (K and V projections, all 40 layers)"
1,derived-M5Max,116,512,1024,2048,bfloat16,bfloat16,regular,True,steel_gemm_fused_nax_nt_bfloat16_bfloat16_bm64_bn128_bk256_wm2_wn4,64,128,256,2,4,,,2,32,2,1,32,4,2,64,256,1.6,2.1475,matmul.cpp:957 (NAX regular),"attn wk / wv  (K and V projections, all 40 layers)"
2,observed-M4Pro,117,512,1024,2048,bfloat16,float32,splitk,False,steel_gemm_splitk_nt_bfloat16_float32_bm32_bn32_bk16_wm2_wn2_MN_taligned_K_taligned,32,32,16,2,2,2,1024,0,32,16,2,32,2,2,1024,128,51.2,2.1475,matmul.cpp:898 (non-NAX split-K),"attn wk / wv  (K and V projections, all 40 layers)"
1,derived-M5Max,117,512,1024,2048,bfloat16,bfloat16,regular,True,steel_gemm_fused_nax_nt_bfloat16_bfloat16_bm64_bn128_bk256_wm2_wn4,64,128,256,2,4,,,2,32,2,1,32,4,2,64,256,1.6,2.1475,matmul.cpp:957 (NAX regular),"attn wk / wv  (K and V projections, all 40 layers)"
2,observed-M4Pro,118,512,8192,2048,bfloat16,bfloat16,regular,False,steel_gemm_fused_nt_bfloat16_bfloat16_bm64_bn64_bk16_wm2_wn2,64,64,16,2,2,,,0,128,8,1,32,2,2,1024,128,51.2,17.1799,matmul.cpp:957 fallthrough (non-NAX regular),"attn wq, sliding-window layers + layer-0 dense gate/up"
1,derived-M5Max,118,512,8192,2048,bfloat16,bfloat16,regular,True,steel_gemm_fused_nax_nt_bfloat16_bfloat16_bm64_bn128_bk256_wm2_wn4,64,128,256,2,4,,,2,256,2,1,32,4,2,512,256,12.8,17.1799,matmul.cpp:957 (NAX regular),"attn wq, sliding-window layers + layer-0 dense gate/up"
2,observed-M4Pro,119,512,64,2048,bfloat16,float32,splitk,False,steel_gemm_splitk_nt_bfloat16_float32_bm32_bn32_bk16_wm2_wn2_MN_taligned_K_taligned,32,32,16,2,2,4,512,0,2,16,4,32,2,2,128,128,6.4,0.1342,matmul.cpp:898 (non-NAX split-K),"attn g_proj (per-head gate), sliding-window layers"
1,derived-M5Max,119,512,64,2048,bfloat16,float32,splitk,True,steel_gemm_splitk_nax_nt_bfloat16_float32_bm64_bn64_bk256_wm2_wn2,64,64,256,2,2,2,1024,1,16,1,1,32,2,2,16,128,0.4,0.1342,matmul.cpp:922 (NAX split-K),"attn g_proj (per-head gate), sliding-window layers"
2,observed-M4Pro,120,512,2048,8192,bfloat16,bfloat16,regular,False,steel_gemm_fused_nt_bfloat16_bfloat16_bm64_bn64_bk16_wm2_wn2,64,64,16,2,2,,,0,32,8,1,32,2,2,256,128,12.8,17.1799,matmul.cpp:957 fallthrough (non-NAX regular),"attn wo, sliding-window layers + layer-0 dense down"
1,derived-M5Max,120,512,2048,8192,bfloat16,float32,splitk,True,steel_gemm_splitk_nax_nt_bfloat16_float32_bm64_bn64_bk512_wm2_wn2,64,64,512,2,2,2,4096,1,512,1,1,32,2,2,512,128,12.8,17.1799,matmul.cpp:922 (NAX split-K),"attn wo, sliding-window layers + layer-0 dense down"
2,observed-M4Pro,121,512,256,2048,bfloat16,float32,splitk,False,steel_gemm_splitk_nt_bfloat16_float32_bm32_bn32_bk16_wm2_wn2_MN_taligned_K_taligned,32,32,16,2,2,2,1024,0,8,16,2,32,2,2,256,128,12.8,0.5369,matmul.cpp:898 (non-NAX split-K),MoE router logits GEMM (38 MoE layers)
1,derived-M5Max,121,512,256,2048,bfloat16,float32,splitk,True,steel_gemm_splitk_nax_nt_bfloat16_float32_bm64_bn64_bk256_wm2_wn2,64,64,256,2,2,2,1024,1,64,1,1,32,2,2,64,128,1.6,0.5369,matmul.cpp:922 (NAX split-K),MoE router logits GEMM (38 MoE layers)
2,observed-M4Pro,122,512,1024,2048,bfloat16,float32,splitk,False,steel_gemm_splitk_nt_bfloat16_float32_bm32_bn32_bk16_wm2_wn2_MN_taligned_K_taligned,32,32,16,2,2,2,1024,0,32,16,2,32,2,2,1024,128,51.2,2.1475,matmul.cpp:898 (non-NAX split-K),"attn wk / wv  (K and V projections, all 40 layers)"
1,derived-M5Max,122,512,1024,2048,bfloat16,bfloat16,regular,True,steel_gemm_fused_nax_nt_bfloat16_bfloat16_bm64_bn128_bk256_wm2_wn4,64,128,256,2,4,,,2,32,2,1,32,4,2,64,256,1.6,2.1475,matmul.cpp:957 (NAX regular),"attn wk / wv  (K and V projections, all 40 layers)"
2,observed-M4Pro,123,512,1024,2048,bfloat16,float32,splitk,False,steel_gemm_splitk_nt_bfloat16_float32_bm32_bn32_bk16_wm2_wn2_MN_taligned_K_taligned,32,32,16,2,2,2,1024,0,32,16,2,32,2,2,1024,128,51.2,2.1475,matmul.cpp:898 (non-NAX split-K),"attn wk / wv  (K and V projections, all 40 layers)"
1,derived-M5Max,123,512,1024,2048,bfloat16,bfloat16,regular,True,steel_gemm_fused_nax_nt_bfloat16_bfloat16_bm64_bn128_bk256_wm2_wn4,64,128,256,2,4,,,2,32,2,1,32,4,2,64,256,1.6,2.1475,matmul.cpp:957 (NAX regular),"attn wk / wv  (K and V projections, all 40 layers)"
2,observed-M4Pro,124,512,6144,2048,bfloat16,bfloat16,regular,False,steel_gemm_fused_nt_bfloat16_bfloat16_bm64_bn64_bk16_wm2_wn2,64,64,16,2,2,,,0,96,8,1,32,2,2,768,128,38.4,12.8849,matmul.cpp:957 fallthrough (non-NAX regular),"attn wq, full-attention layers"
1,derived-M5Max,124,512,6144,2048,bfloat16,bfloat16,regular,True,steel_gemm_fused_nax_nt_bfloat16_bfloat16_bm64_bn128_bk256_wm2_wn4,64,128,256,2,4,,,2,192,2,1,32,4,2,384,256,9.6,12.8849,matmul.cpp:957 (NAX regular),"attn wq, full-attention layers"
2,observed-M4Pro,125,512,48,2048,bfloat16,float32,splitk,False,steel_gemm_splitk_nt_bfloat16_float32_bm32_bn32_bk16_wm2_wn2_MN_naligned_K_taligned,32,32,16,2,2,4,512,0,2,16,4,32,2,2,128,128,6.4,0.1007,matmul.cpp:898 (non-NAX split-K),"attn g_proj (per-head gate), full-attention layers"
1,derived-M5Max,125,512,48,2048,bfloat16,float32,splitk,True,steel_gemm_splitk_nax_nt_bfloat16_float32_bm64_bn64_bk256_wm2_wn2,64,64,256,2,2,2,1024,1,16,1,1,32,2,2,16,128,0.4,0.1007,matmul.cpp:922 (NAX split-K),"attn g_proj (per-head gate), full-attention layers"
2,observed-M4Pro,126,512,2048,6144,bfloat16,bfloat16,regular,False,steel_gemm_fused_nt_bfloat16_bfloat16_bm64_bn64_bk16_wm2_wn2,64,64,16,2,2,,,0,32,8,1,32,2,2,256,128,12.8,12.8849,matmul.cpp:957 fallthrough (non-NAX regular),"attn wo, full-attention layers"
1,derived-M5Max,126,512,2048,6144,bfloat16,float32,splitk,True,steel_gemm_splitk_nax_nt_bfloat16_float32_bm64_bn64_bk512_wm2_wn2,64,64,512,2,2,2,4096,1,512,1,1,32,2,2,512,128,12.8,12.8849,matmul.cpp:922 (NAX split-K),"attn wo, full-attention layers"
2,observed-M4Pro,127,512,256,2048,bfloat16,float32,splitk,False,steel_gemm_splitk_nt_bfloat16_float32_bm32_bn32_bk16_wm2_wn2_MN_taligned_K_taligned,32,32,16,2,2,2,1024,0,8,16,2,32,2,2,256,128,12.8,0.5369,matmul.cpp:898 (non-NAX split-K),MoE router logits GEMM (38 MoE layers)
1,derived-M5Max,127,512,256,2048,bfloat16,float32,splitk,True,steel_gemm_splitk_nax_nt_bfloat16_float32_bm64_bn64_bk256_wm2_wn2,64,64,256,2,2,2,1024,1,64,1,1,32,2,2,64,128,1.6,0.5369,matmul.cpp:922 (NAX split-K),MoE router logits GEMM (38 MoE layers)
2,observed-M4Pro,128,512,1024,2048,bfloat16,float32,splitk,False,steel_gemm_splitk_nt_bfloat16_float32_bm32_bn32_bk16_wm2_wn2_MN_taligned_K_taligned,32,32,16,2,2,2,1024,0,32,16,2,32,2,2,1024,128,51.2,2.1475,matmul.cpp:898 (non-NAX split-K),"attn wk / wv  (K and V projections, all 40 layers)"
1,derived-M5Max,128,512,1024,2048,bfloat16,bfloat16,regular,True,steel_gemm_fused_nax_nt_bfloat16_bfloat16_bm64_bn128_bk256_wm2_wn4,64,128,256,2,4,,,2,32,2,1,32,4,2,64,256,1.6,2.1475,matmul.cpp:957 (NAX regular),"attn wk / wv  (K and V projections, all 40 layers)"
2,observed-M4Pro,129,512,1024,2048,bfloat16,float32,splitk,False,steel_gemm_splitk_nt_bfloat16_float32_bm32_bn32_bk16_wm2_wn2_MN_taligned_K_taligned,32,32,16,2,2,2,1024,0,32,16,2,32,2,2,1024,128,51.2,2.1475,matmul.cpp:898 (non-NAX split-K),"attn wk / wv  (K and V projections, all 40 layers)"
1,derived-M5Max,129,512,1024,2048,bfloat16,bfloat16,regular,True,steel_gemm_fused_nax_nt_bfloat16_bfloat16_bm64_bn128_bk256_wm2_wn4,64,128,256,2,4,,,2,32,2,1,32,4,2,64,256,1.6,2.1475,matmul.cpp:957 (NAX regular),"attn wk / wv  (K and V projections, all 40 layers)"
2,observed-M4Pro,130,512,8192,2048,bfloat16,bfloat16,regular,False,steel_gemm_fused_nt_bfloat16_bfloat16_bm64_bn64_bk16_wm2_wn2,64,64,16,2,2,,,0,128,8,1,32,2,2,1024,128,51.2,17.1799,matmul.cpp:957 fallthrough (non-NAX regular),"attn wq, sliding-window layers + layer-0 dense gate/up"
1,derived-M5Max,130,512,8192,2048,bfloat16,bfloat16,regular,True,steel_gemm_fused_nax_nt_bfloat16_bfloat16_bm64_bn128_bk256_wm2_wn4,64,128,256,2,4,,,2,256,2,1,32,4,2,512,256,12.8,17.1799,matmul.cpp:957 (NAX regular),"attn wq, sliding-window layers + layer-0 dense gate/up"
2,observed-M4Pro,131,512,64,2048,bfloat16,float32,splitk,False,steel_gemm_splitk_nt_bfloat16_float32_bm32_bn32_bk16_wm2_wn2_MN_taligned_K_taligned,32,32,16,2,2,4,512,0,2,16,4,32,2,2,128,128,6.4,0.1342,matmul.cpp:898 (non-NAX split-K),"attn g_proj (per-head gate), sliding-window layers"
1,derived-M5Max,131,512,64,2048,bfloat16,float32,splitk,True,steel_gemm_splitk_nax_nt_bfloat16_float32_bm64_bn64_bk256_wm2_wn2,64,64,256,2,2,2,1024,1,16,1,1,32,2,2,16,128,0.4,0.1342,matmul.cpp:922 (NAX split-K),"attn g_proj (per-head gate), sliding-window layers"
2,observed-M4Pro,132,512,2048,8192,bfloat16,bfloat16,regular,False,steel_gemm_fused_nt_bfloat16_bfloat16_bm64_bn64_bk16_wm2_wn2,64,64,16,2,2,,,0,32,8,1,32,2,2,256,128,12.8,17.1799,matmul.cpp:957 fallthrough (non-NAX regular),"attn wo, sliding-window layers + layer-0 dense down"
1,derived-M5Max,132,512,2048,8192,bfloat16,float32,splitk,True,steel_gemm_splitk_nax_nt_bfloat16_float32_bm64_bn64_bk512_wm2_wn2,64,64,512,2,2,2,4096,1,512,1,1,32,2,2,512,128,12.8,17.1799,matmul.cpp:922 (NAX split-K),"attn wo, sliding-window layers + layer-0 dense down"
2,observed-M4Pro,133,512,256,2048,bfloat16,float32,splitk,False,steel_gemm_splitk_nt_bfloat16_float32_bm32_bn32_bk16_wm2_wn2_MN_taligned_K_taligned,32,32,16,2,2,2,1024,0,8,16,2,32,2,2,256,128,12.8,0.5369,matmul.cpp:898 (non-NAX split-K),MoE router logits GEMM (38 MoE layers)
1,derived-M5Max,133,512,256,2048,bfloat16,float32,splitk,True,steel_gemm_splitk_nax_nt_bfloat16_float32_bm64_bn64_bk256_wm2_wn2,64,64,256,2,2,2,1024,1,64,1,1,32,2,2,64,128,1.6,0.5369,matmul.cpp:922 (NAX split-K),MoE router logits GEMM (38 MoE layers)
2,observed-M4Pro,134,512,1024,2048,bfloat16,float32,splitk,False,steel_gemm_splitk_nt_bfloat16_float32_bm32_bn32_bk16_wm2_wn2_MN_taligned_K_taligned,32,32,16,2,2,2,1024,0,32,16,2,32,2,2,1024,128,51.2,2.1475,matmul.cpp:898 (non-NAX split-K),"attn wk / wv  (K and V projections, all 40 layers)"
1,derived-M5Max,134,512,1024,2048,bfloat16,bfloat16,regular,True,steel_gemm_fused_nax_nt_bfloat16_bfloat16_bm64_bn128_bk256_wm2_wn4,64,128,256,2,4,,,2,32,2,1,32,4,2,64,256,1.6,2.1475,matmul.cpp:957 (NAX regular),"attn wk / wv  (K and V projections, all 40 layers)"
2,observed-M4Pro,135,512,1024,2048,bfloat16,float32,splitk,False,steel_gemm_splitk_nt_bfloat16_float32_bm32_bn32_bk16_wm2_wn2_MN_taligned_K_taligned,32,32,16,2,2,2,1024,0,32,16,2,32,2,2,1024,128,51.2,2.1475,matmul.cpp:898 (non-NAX split-K),"attn wk / wv  (K and V projections, all 40 layers)"
1,derived-M5Max,135,512,1024,2048,bfloat16,bfloat16,regular,True,steel_gemm_fused_nax_nt_bfloat16_bfloat16_bm64_bn128_bk256_wm2_wn4,64,128,256,2,4,,,2,32,2,1,32,4,2,64,256,1.6,2.1475,matmul.cpp:957 (NAX regular),"attn wk / wv  (K and V projections, all 40 layers)"
2,observed-M4Pro,136,512,8192,2048,bfloat16,bfloat16,regular,False,steel_gemm_fused_nt_bfloat16_bfloat16_bm64_bn64_bk16_wm2_wn2,64,64,16,2,2,,,0,128,8,1,32,2,2,1024,128,51.2,17.1799,matmul.cpp:957 fallthrough (non-NAX regular),"attn wq, sliding-window layers + layer-0 dense gate/up"
1,derived-M5Max,136,512,8192,2048,bfloat16,bfloat16,regular,True,steel_gemm_fused_nax_nt_bfloat16_bfloat16_bm64_bn128_bk256_wm2_wn4,64,128,256,2,4,,,2,256,2,1,32,4,2,512,256,12.8,17.1799,matmul.cpp:957 (NAX regular),"attn wq, sliding-window layers + layer-0 dense gate/up"
2,observed-M4Pro,137,512,64,2048,bfloat16,float32,splitk,False,steel_gemm_splitk_nt_bfloat16_float32_bm32_bn32_bk16_wm2_wn2_MN_taligned_K_taligned,32,32,16,2,2,4,512,0,2,16,4,32,2,2,128,128,6.4,0.1342,matmul.cpp:898 (non-NAX split-K),"attn g_proj (per-head gate), sliding-window layers"
1,derived-M5Max,137,512,64,2048,bfloat16,float32,splitk,True,steel_gemm_splitk_nax_nt_bfloat16_float32_bm64_bn64_bk256_wm2_wn2,64,64,256,2,2,2,1024,1,16,1,1,32,2,2,16,128,0.4,0.1342,matmul.cpp:922 (NAX split-K),"attn g_proj (per-head gate), sliding-window layers"
2,observed-M4Pro,138,512,2048,8192,bfloat16,bfloat16,regular,False,steel_gemm_fused_nt_bfloat16_bfloat16_bm64_bn64_bk16_wm2_wn2,64,64,16,2,2,,,0,32,8,1,32,2,2,256,128,12.8,17.1799,matmul.cpp:957 fallthrough (non-NAX regular),"attn wo, sliding-window layers + layer-0 dense down"
1,derived-M5Max,138,512,2048,8192,bfloat16,float32,splitk,True,steel_gemm_splitk_nax_nt_bfloat16_float32_bm64_bn64_bk512_wm2_wn2,64,64,512,2,2,2,4096,1,512,1,1,32,2,2,512,128,12.8,17.1799,matmul.cpp:922 (NAX split-K),"attn wo, sliding-window layers + layer-0 dense down"
2,observed-M4Pro,139,512,256,2048,bfloat16,float32,splitk,False,steel_gemm_splitk_nt_bfloat16_float32_bm32_bn32_bk16_wm2_wn2_MN_taligned_K_taligned,32,32,16,2,2,2,1024,0,8,16,2,32,2,2,256,128,12.8,0.5369,matmul.cpp:898 (non-NAX split-K),MoE router logits GEMM (38 MoE layers)
1,derived-M5Max,139,512,256,2048,bfloat16,float32,splitk,True,steel_gemm_splitk_nax_nt_bfloat16_float32_bm64_bn64_bk256_wm2_wn2,64,64,256,2,2,2,1024,1,64,1,1,32,2,2,64,128,1.6,0.5369,matmul.cpp:922 (NAX split-K),MoE router logits GEMM (38 MoE layers)
2,observed-M4Pro,140,512,1024,2048,bfloat16,float32,splitk,False,steel_gemm_splitk_nt_bfloat16_float32_bm32_bn32_bk16_wm2_wn2_MN_taligned_K_taligned,32,32,16,2,2,2,1024,0,32,16,2,32,2,2,1024,128,51.2,2.1475,matmul.cpp:898 (non-NAX split-K),"attn wk / wv  (K and V projections, all 40 layers)"
1,derived-M5Max,140,512,1024,2048,bfloat16,bfloat16,regular,True,steel_gemm_fused_nax_nt_bfloat16_bfloat16_bm64_bn128_bk256_wm2_wn4,64,128,256,2,4,,,2,32,2,1,32,4,2,64,256,1.6,2.1475,matmul.cpp:957 (NAX regular),"attn wk / wv  (K and V projections, all 40 layers)"
2,observed-M4Pro,141,512,1024,2048,bfloat16,float32,splitk,False,steel_gemm_splitk_nt_bfloat16_float32_bm32_bn32_bk16_wm2_wn2_MN_taligned_K_taligned,32,32,16,2,2,2,1024,0,32,16,2,32,2,2,1024,128,51.2,2.1475,matmul.cpp:898 (non-NAX split-K),"attn wk / wv  (K and V projections, all 40 layers)"
1,derived-M5Max,141,512,1024,2048,bfloat16,bfloat16,regular,True,steel_gemm_fused_nax_nt_bfloat16_bfloat16_bm64_bn128_bk256_wm2_wn4,64,128,256,2,4,,,2,32,2,1,32,4,2,64,256,1.6,2.1475,matmul.cpp:957 (NAX regular),"attn wk / wv  (K and V projections, all 40 layers)"
2,observed-M4Pro,142,512,8192,2048,bfloat16,bfloat16,regular,False,steel_gemm_fused_nt_bfloat16_bfloat16_bm64_bn64_bk16_wm2_wn2,64,64,16,2,2,,,0,128,8,1,32,2,2,1024,128,51.2,17.1799,matmul.cpp:957 fallthrough (non-NAX regular),"attn wq, sliding-window layers + layer-0 dense gate/up"
1,derived-M5Max,142,512,8192,2048,bfloat16,bfloat16,regular,True,steel_gemm_fused_nax_nt_bfloat16_bfloat16_bm64_bn128_bk256_wm2_wn4,64,128,256,2,4,,,2,256,2,1,32,4,2,512,256,12.8,17.1799,matmul.cpp:957 (NAX regular),"attn wq, sliding-window layers + layer-0 dense gate/up"
2,observed-M4Pro,143,512,64,2048,bfloat16,float32,splitk,False,steel_gemm_splitk_nt_bfloat16_float32_bm32_bn32_bk16_wm2_wn2_MN_taligned_K_taligned,32,32,16,2,2,4,512,0,2,16,4,32,2,2,128,128,6.4,0.1342,matmul.cpp:898 (non-NAX split-K),"attn g_proj (per-head gate), sliding-window layers"
1,derived-M5Max,143,512,64,2048,bfloat16,float32,splitk,True,steel_gemm_splitk_nax_nt_bfloat16_float32_bm64_bn64_bk256_wm2_wn2,64,64,256,2,2,2,1024,1,16,1,1,32,2,2,16,128,0.4,0.1342,matmul.cpp:922 (NAX split-K),"attn g_proj (per-head gate), sliding-window layers"
2,observed-M4Pro,144,512,2048,8192,bfloat16,bfloat16,regular,False,steel_gemm_fused_nt_bfloat16_bfloat16_bm64_bn64_bk16_wm2_wn2,64,64,16,2,2,,,0,32,8,1,32,2,2,256,128,12.8,17.1799,matmul.cpp:957 fallthrough (non-NAX regular),"attn wo, sliding-window layers + layer-0 dense down"
1,derived-M5Max,144,512,2048,8192,bfloat16,float32,splitk,True,steel_gemm_splitk_nax_nt_bfloat16_float32_bm64_bn64_bk512_wm2_wn2,64,64,512,2,2,2,4096,1,512,1,1,32,2,2,512,128,12.8,17.1799,matmul.cpp:922 (NAX split-K),"attn wo, sliding-window layers + layer-0 dense down"
2,observed-M4Pro,145,512,256,2048,bfloat16,float32,splitk,False,steel_gemm_splitk_nt_bfloat16_float32_bm32_bn32_bk16_wm2_wn2_MN_taligned_K_taligned,32,32,16,2,2,2,1024,0,8,16,2,32,2,2,256,128,12.8,0.5369,matmul.cpp:898 (non-NAX split-K),MoE router logits GEMM (38 MoE layers)
1,derived-M5Max,145,512,256,2048,bfloat16,float32,splitk,True,steel_gemm_splitk_nax_nt_bfloat16_float32_bm64_bn64_bk256_wm2_wn2,64,64,256,2,2,2,1024,1,64,1,1,32,2,2,64,128,1.6,0.5369,matmul.cpp:922 (NAX split-K),MoE router logits GEMM (38 MoE layers)
2,observed-M4Pro,146,512,1024,2048,bfloat16,float32,splitk,False,steel_gemm_splitk_nt_bfloat16_float32_bm32_bn32_bk16_wm2_wn2_MN_taligned_K_taligned,32,32,16,2,2,2,1024,0,32,16,2,32,2,2,1024,128,51.2,2.1475,matmul.cpp:898 (non-NAX split-K),"attn wk / wv  (K and V projections, all 40 layers)"
1,derived-M5Max,146,512,1024,2048,bfloat16,bfloat16,regular,True,steel_gemm_fused_nax_nt_bfloat16_bfloat16_bm64_bn128_bk256_wm2_wn4,64,128,256,2,4,,,2,32,2,1,32,4,2,64,256,1.6,2.1475,matmul.cpp:957 (NAX regular),"attn wk / wv  (K and V projections, all 40 layers)"
2,observed-M4Pro,147,512,1024,2048,bfloat16,float32,splitk,False,steel_gemm_splitk_nt_bfloat16_float32_bm32_bn32_bk16_wm2_wn2_MN_taligned_K_taligned,32,32,16,2,2,2,1024,0,32,16,2,32,2,2,1024,128,51.2,2.1475,matmul.cpp:898 (non-NAX split-K),"attn wk / wv  (K and V projections, all 40 layers)"
1,derived-M5Max,147,512,1024,2048,bfloat16,bfloat16,regular,True,steel_gemm_fused_nax_nt_bfloat16_bfloat16_bm64_bn128_bk256_wm2_wn4,64,128,256,2,4,,,2,32,2,1,32,4,2,64,256,1.6,2.1475,matmul.cpp:957 (NAX regular),"attn wk / wv  (K and V projections, all 40 layers)"
2,observed-M4Pro,148,512,6144,2048,bfloat16,bfloat16,regular,False,steel_gemm_fused_nt_bfloat16_bfloat16_bm64_bn64_bk16_wm2_wn2,64,64,16,2,2,,,0,96,8,1,32,2,2,768,128,38.4,12.8849,matmul.cpp:957 fallthrough (non-NAX regular),"attn wq, full-attention layers"
1,derived-M5Max,148,512,6144,2048,bfloat16,bfloat16,regular,True,steel_gemm_fused_nax_nt_bfloat16_bfloat16_bm64_bn128_bk256_wm2_wn4,64,128,256,2,4,,,2,192,2,1,32,4,2,384,256,9.6,12.8849,matmul.cpp:957 (NAX regular),"attn wq, full-attention layers"
2,observed-M4Pro,149,512,48,2048,bfloat16,float32,splitk,False,steel_gemm_splitk_nt_bfloat16_float32_bm32_bn32_bk16_wm2_wn2_MN_naligned_K_taligned,32,32,16,2,2,4,512,0,2,16,4,32,2,2,128,128,6.4,0.1007,matmul.cpp:898 (non-NAX split-K),"attn g_proj (per-head gate), full-attention layers"
1,derived-M5Max,149,512,48,2048,bfloat16,float32,splitk,True,steel_gemm_splitk_nax_nt_bfloat16_float32_bm64_bn64_bk256_wm2_wn2,64,64,256,2,2,2,1024,1,16,1,1,32,2,2,16,128,0.4,0.1007,matmul.cpp:922 (NAX split-K),"attn g_proj (per-head gate), full-attention layers"
2,observed-M4Pro,150,512,2048,6144,bfloat16,bfloat16,regular,False,steel_gemm_fused_nt_bfloat16_bfloat16_bm64_bn64_bk16_wm2_wn2,64,64,16,2,2,,,0,32,8,1,32,2,2,256,128,12.8,12.8849,matmul.cpp:957 fallthrough (non-NAX regular),"attn wo, full-attention layers"
1,derived-M5Max,150,512,2048,6144,bfloat16,float32,splitk,True,steel_gemm_splitk_nax_nt_bfloat16_float32_bm64_bn64_bk512_wm2_wn2,64,64,512,2,2,2,4096,1,512,1,1,32,2,2,512,128,12.8,12.8849,matmul.cpp:922 (NAX split-K),"attn wo, full-attention layers"
2,observed-M4Pro,151,512,256,2048,bfloat16,float32,splitk,False,steel_gemm_splitk_nt_bfloat16_float32_bm32_bn32_bk16_wm2_wn2_MN_taligned_K_taligned,32,32,16,2,2,2,1024,0,8,16,2,32,2,2,256,128,12.8,0.5369,matmul.cpp:898 (non-NAX split-K),MoE router logits GEMM (38 MoE layers)
1,derived-M5Max,151,512,256,2048,bfloat16,float32,splitk,True,steel_gemm_splitk_nax_nt_bfloat16_float32_bm64_bn64_bk256_wm2_wn2,64,64,256,2,2,2,1024,1,64,1,1,32,2,2,64,128,1.6,0.5369,matmul.cpp:922 (NAX split-K),MoE router logits GEMM (38 MoE layers)
2,observed-M4Pro,152,512,1024,2048,bfloat16,float32,splitk,False,steel_gemm_splitk_nt_bfloat16_float32_bm32_bn32_bk16_wm2_wn2_MN_taligned_K_taligned,32,32,16,2,2,2,1024,0,32,16,2,32,2,2,1024,128,51.2,2.1475,matmul.cpp:898 (non-NAX split-K),"attn wk / wv  (K and V projections, all 40 layers)"
1,derived-M5Max,152,512,1024,2048,bfloat16,bfloat16,regular,True,steel_gemm_fused_nax_nt_bfloat16_bfloat16_bm64_bn128_bk256_wm2_wn4,64,128,256,2,4,,,2,32,2,1,32,4,2,64,256,1.6,2.1475,matmul.cpp:957 (NAX regular),"attn wk / wv  (K and V projections, all 40 layers)"
2,observed-M4Pro,153,512,1024,2048,bfloat16,float32,splitk,False,steel_gemm_splitk_nt_bfloat16_float32_bm32_bn32_bk16_wm2_wn2_MN_taligned_K_taligned,32,32,16,2,2,2,1024,0,32,16,2,32,2,2,1024,128,51.2,2.1475,matmul.cpp:898 (non-NAX split-K),"attn wk / wv  (K and V projections, all 40 layers)"
1,derived-M5Max,153,512,1024,2048,bfloat16,bfloat16,regular,True,steel_gemm_fused_nax_nt_bfloat16_bfloat16_bm64_bn128_bk256_wm2_wn4,64,128,256,2,4,,,2,32,2,1,32,4,2,64,256,1.6,2.1475,matmul.cpp:957 (NAX regular),"attn wk / wv  (K and V projections, all 40 layers)"
2,observed-M4Pro,154,512,8192,2048,bfloat16,bfloat16,regular,False,steel_gemm_fused_nt_bfloat16_bfloat16_bm64_bn64_bk16_wm2_wn2,64,64,16,2,2,,,0,128,8,1,32,2,2,1024,128,51.2,17.1799,matmul.cpp:957 fallthrough (non-NAX regular),"attn wq, sliding-window layers + layer-0 dense gate/up"
1,derived-M5Max,154,512,8192,2048,bfloat16,bfloat16,regular,True,steel_gemm_fused_nax_nt_bfloat16_bfloat16_bm64_bn128_bk256_wm2_wn4,64,128,256,2,4,,,2,256,2,1,32,4,2,512,256,12.8,17.1799,matmul.cpp:957 (NAX regular),"attn wq, sliding-window layers + layer-0 dense gate/up"
2,observed-M4Pro,155,512,64,2048,bfloat16,float32,splitk,False,steel_gemm_splitk_nt_bfloat16_float32_bm32_bn32_bk16_wm2_wn2_MN_taligned_K_taligned,32,32,16,2,2,4,512,0,2,16,4,32,2,2,128,128,6.4,0.1342,matmul.cpp:898 (non-NAX split-K),"attn g_proj (per-head gate), sliding-window layers"
1,derived-M5Max,155,512,64,2048,bfloat16,float32,splitk,True,steel_gemm_splitk_nax_nt_bfloat16_float32_bm64_bn64_bk256_wm2_wn2,64,64,256,2,2,2,1024,1,16,1,1,32,2,2,16,128,0.4,0.1342,matmul.cpp:922 (NAX split-K),"attn g_proj (per-head gate), sliding-window layers"
2,observed-M4Pro,156,512,2048,8192,bfloat16,bfloat16,regular,False,steel_gemm_fused_nt_bfloat16_bfloat16_bm64_bn64_bk16_wm2_wn2,64,64,16,2,2,,,0,32,8,1,32,2,2,256,128,12.8,17.1799,matmul.cpp:957 fallthrough (non-NAX regular),"attn wo, sliding-window layers + layer-0 dense down"
1,derived-M5Max,156,512,2048,8192,bfloat16,float32,splitk,True,steel_gemm_splitk_nax_nt_bfloat16_float32_bm64_bn64_bk512_wm2_wn2,64,64,512,2,2,2,4096,1,512,1,1,32,2,2,512,128,12.8,17.1799,matmul.cpp:922 (NAX split-K),"attn wo, sliding-window layers + layer-0 dense down"
2,observed-M4Pro,157,512,256,2048,bfloat16,float32,splitk,False,steel_gemm_splitk_nt_bfloat16_float32_bm32_bn32_bk16_wm2_wn2_MN_taligned_K_taligned,32,32,16,2,2,2,1024,0,8,16,2,32,2,2,256,128,12.8,0.5369,matmul.cpp:898 (non-NAX split-K),MoE router logits GEMM (38 MoE layers)
1,derived-M5Max,157,512,256,2048,bfloat16,float32,splitk,True,steel_gemm_splitk_nax_nt_bfloat16_float32_bm64_bn64_bk256_wm2_wn2,64,64,256,2,2,2,1024,1,64,1,1,32,2,2,64,128,1.6,0.5369,matmul.cpp:922 (NAX split-K),MoE router logits GEMM (38 MoE layers)
2,observed-M4Pro,158,512,1024,2048,bfloat16,float32,splitk,False,steel_gemm_splitk_nt_bfloat16_float32_bm32_bn32_bk16_wm2_wn2_MN_taligned_K_taligned,32,32,16,2,2,2,1024,0,32,16,2,32,2,2,1024,128,51.2,2.1475,matmul.cpp:898 (non-NAX split-K),"attn wk / wv  (K and V projections, all 40 layers)"
1,derived-M5Max,158,512,1024,2048,bfloat16,bfloat16,regular,True,steel_gemm_fused_nax_nt_bfloat16_bfloat16_bm64_bn128_bk256_wm2_wn4,64,128,256,2,4,,,2,32,2,1,32,4,2,64,256,1.6,2.1475,matmul.cpp:957 (NAX regular),"attn wk / wv  (K and V projections, all 40 layers)"
2,observed-M4Pro,159,512,1024,2048,bfloat16,float32,splitk,False,steel_gemm_splitk_nt_bfloat16_float32_bm32_bn32_bk16_wm2_wn2_MN_taligned_K_taligned,32,32,16,2,2,2,1024,0,32,16,2,32,2,2,1024,128,51.2,2.1475,matmul.cpp:898 (non-NAX split-K),"attn wk / wv  (K and V projections, all 40 layers)"
1,derived-M5Max,159,512,1024,2048,bfloat16,bfloat16,regular,True,steel_gemm_fused_nax_nt_bfloat16_bfloat16_bm64_bn128_bk256_wm2_wn4,64,128,256,2,4,,,2,32,2,1,32,4,2,64,256,1.6,2.1475,matmul.cpp:957 (NAX regular),"attn wk / wv  (K and V projections, all 40 layers)"
2,observed-M4Pro,160,512,8192,2048,bfloat16,bfloat16,regular,False,steel_gemm_fused_nt_bfloat16_bfloat16_bm64_bn64_bk16_wm2_wn2,64,64,16,2,2,,,0,128,8,1,32,2,2,1024,128,51.2,17.1799,matmul.cpp:957 fallthrough (non-NAX regular),"attn wq, sliding-window layers + layer-0 dense gate/up"
1,derived-M5Max,160,512,8192,2048,bfloat16,bfloat16,regular,True,steel_gemm_fused_nax_nt_bfloat16_bfloat16_bm64_bn128_bk256_wm2_wn4,64,128,256,2,4,,,2,256,2,1,32,4,2,512,256,12.8,17.1799,matmul.cpp:957 (NAX regular),"attn wq, sliding-window layers + layer-0 dense gate/up"
2,observed-M4Pro,161,512,64,2048,bfloat16,float32,splitk,False,steel_gemm_splitk_nt_bfloat16_float32_bm32_bn32_bk16_wm2_wn2_MN_taligned_K_taligned,32,32,16,2,2,4,512,0,2,16,4,32,2,2,128,128,6.4,0.1342,matmul.cpp:898 (non-NAX split-K),"attn g_proj (per-head gate), sliding-window layers"
1,derived-M5Max,161,512,64,2048,bfloat16,float32,splitk,True,steel_gemm_splitk_nax_nt_bfloat16_float32_bm64_bn64_bk256_wm2_wn2,64,64,256,2,2,2,1024,1,16,1,1,32,2,2,16,128,0.4,0.1342,matmul.cpp:922 (NAX split-K),"attn g_proj (per-head gate), sliding-window layers"
2,observed-M4Pro,162,512,2048,8192,bfloat16,bfloat16,regular,False,steel_gemm_fused_nt_bfloat16_bfloat16_bm64_bn64_bk16_wm2_wn2,64,64,16,2,2,,,0,32,8,1,32,2,2,256,128,12.8,17.1799,matmul.cpp:957 fallthrough (non-NAX regular),"attn wo, sliding-window layers + layer-0 dense down"
1,derived-M5Max,162,512,2048,8192,bfloat16,float32,splitk,True,steel_gemm_splitk_nax_nt_bfloat16_float32_bm64_bn64_bk512_wm2_wn2,64,64,512,2,2,2,4096,1,512,1,1,32,2,2,512,128,12.8,17.1799,matmul.cpp:922 (NAX split-K),"attn wo, sliding-window layers + layer-0 dense down"
2,observed-M4Pro,163,512,256,2048,bfloat16,float32,splitk,False,steel_gemm_splitk_nt_bfloat16_float32_bm32_bn32_bk16_wm2_wn2_MN_taligned_K_taligned,32,32,16,2,2,2,1024,0,8,16,2,32,2,2,256,128,12.8,0.5369,matmul.cpp:898 (non-NAX split-K),MoE router logits GEMM (38 MoE layers)
1,derived-M5Max,163,512,256,2048,bfloat16,float32,splitk,True,steel_gemm_splitk_nax_nt_bfloat16_float32_bm64_bn64_bk256_wm2_wn2,64,64,256,2,2,2,1024,1,64,1,1,32,2,2,64,128,1.6,0.5369,matmul.cpp:922 (NAX split-K),MoE router logits GEMM (38 MoE layers)
2,observed-M4Pro,164,512,1024,2048,bfloat16,float32,splitk,False,steel_gemm_splitk_nt_bfloat16_float32_bm32_bn32_bk16_wm2_wn2_MN_taligned_K_taligned,32,32,16,2,2,2,1024,0,32,16,2,32,2,2,1024,128,51.2,2.1475,matmul.cpp:898 (non-NAX split-K),"attn wk / wv  (K and V projections, all 40 layers)"
1,derived-M5Max,164,512,1024,2048,bfloat16,bfloat16,regular,True,steel_gemm_fused_nax_nt_bfloat16_bfloat16_bm64_bn128_bk256_wm2_wn4,64,128,256,2,4,,,2,32,2,1,32,4,2,64,256,1.6,2.1475,matmul.cpp:957 (NAX regular),"attn wk / wv  (K and V projections, all 40 layers)"
2,observed-M4Pro,165,512,1024,2048,bfloat16,float32,splitk,False,steel_gemm_splitk_nt_bfloat16_float32_bm32_bn32_bk16_wm2_wn2_MN_taligned_K_taligned,32,32,16,2,2,2,1024,0,32,16,2,32,2,2,1024,128,51.2,2.1475,matmul.cpp:898 (non-NAX split-K),"attn wk / wv  (K and V projections, all 40 layers)"
1,derived-M5Max,165,512,1024,2048,bfloat16,bfloat16,regular,True,steel_gemm_fused_nax_nt_bfloat16_bfloat16_bm64_bn128_bk256_wm2_wn4,64,128,256,2,4,,,2,32,2,1,32,4,2,64,256,1.6,2.1475,matmul.cpp:957 (NAX regular),"attn wk / wv  (K and V projections, all 40 layers)"
2,observed-M4Pro,166,512,8192,2048,bfloat16,bfloat16,regular,False,steel_gemm_fused_nt_bfloat16_bfloat16_bm64_bn64_bk16_wm2_wn2,64,64,16,2,2,,,0,128,8,1,32,2,2,1024,128,51.2,17.1799,matmul.cpp:957 fallthrough (non-NAX regular),"attn wq, sliding-window layers + layer-0 dense gate/up"
1,derived-M5Max,166,512,8192,2048,bfloat16,bfloat16,regular,True,steel_gemm_fused_nax_nt_bfloat16_bfloat16_bm64_bn128_bk256_wm2_wn4,64,128,256,2,4,,,2,256,2,1,32,4,2,512,256,12.8,17.1799,matmul.cpp:957 (NAX regular),"attn wq, sliding-window layers + layer-0 dense gate/up"
2,observed-M4Pro,167,512,64,2048,bfloat16,float32,splitk,False,steel_gemm_splitk_nt_bfloat16_float32_bm32_bn32_bk16_wm2_wn2_MN_taligned_K_taligned,32,32,16,2,2,4,512,0,2,16,4,32,2,2,128,128,6.4,0.1342,matmul.cpp:898 (non-NAX split-K),"attn g_proj (per-head gate), sliding-window layers"
1,derived-M5Max,167,512,64,2048,bfloat16,float32,splitk,True,steel_gemm_splitk_nax_nt_bfloat16_float32_bm64_bn64_bk256_wm2_wn2,64,64,256,2,2,2,1024,1,16,1,1,32,2,2,16,128,0.4,0.1342,matmul.cpp:922 (NAX split-K),"attn g_proj (per-head gate), sliding-window layers"
2,observed-M4Pro,168,512,2048,8192,bfloat16,bfloat16,regular,False,steel_gemm_fused_nt_bfloat16_bfloat16_bm64_bn64_bk16_wm2_wn2,64,64,16,2,2,,,0,32,8,1,32,2,2,256,128,12.8,17.1799,matmul.cpp:957 fallthrough (non-NAX regular),"attn wo, sliding-window layers + layer-0 dense down"
1,derived-M5Max,168,512,2048,8192,bfloat16,float32,splitk,True,steel_gemm_splitk_nax_nt_bfloat16_float32_bm64_bn64_bk512_wm2_wn2,64,64,512,2,2,2,4096,1,512,1,1,32,2,2,512,128,12.8,17.1799,matmul.cpp:922 (NAX split-K),"attn wo, sliding-window layers + layer-0 dense down"
2,observed-M4Pro,169,512,256,2048,bfloat16,float32,splitk,False,steel_gemm_splitk_nt_bfloat16_float32_bm32_bn32_bk16_wm2_wn2_MN_taligned_K_taligned,32,32,16,2,2,2,1024,0,8,16,2,32,2,2,256,128,12.8,0.5369,matmul.cpp:898 (non-NAX split-K),MoE router logits GEMM (38 MoE layers)
1,derived-M5Max,169,512,256,2048,bfloat16,float32,splitk,True,steel_gemm_splitk_nax_nt_bfloat16_float32_bm64_bn64_bk256_wm2_wn2,64,64,256,2,2,2,1024,1,64,1,1,32,2,2,64,128,1.6,0.5369,matmul.cpp:922 (NAX split-K),MoE router logits GEMM (38 MoE layers)
2,observed-M4Pro,170,512,1024,2048,bfloat16,float32,splitk,False,steel_gemm_splitk_nt_bfloat16_float32_bm32_bn32_bk16_wm2_wn2_MN_taligned_K_taligned,32,32,16,2,2,2,1024,0,32,16,2,32,2,2,1024,128,51.2,2.1475,matmul.cpp:898 (non-NAX split-K),"attn wk / wv  (K and V projections, all 40 layers)"
1,derived-M5Max,170,512,1024,2048,bfloat16,bfloat16,regular,True,steel_gemm_fused_nax_nt_bfloat16_bfloat16_bm64_bn128_bk256_wm2_wn4,64,128,256,2,4,,,2,32,2,1,32,4,2,64,256,1.6,2.1475,matmul.cpp:957 (NAX regular),"attn wk / wv  (K and V projections, all 40 layers)"
2,observed-M4Pro,171,512,1024,2048,bfloat16,float32,splitk,False,steel_gemm_splitk_nt_bfloat16_float32_bm32_bn32_bk16_wm2_wn2_MN_taligned_K_taligned,32,32,16,2,2,2,1024,0,32,16,2,32,2,2,1024,128,51.2,2.1475,matmul.cpp:898 (non-NAX split-K),"attn wk / wv  (K and V projections, all 40 layers)"
1,derived-M5Max,171,512,1024,2048,bfloat16,bfloat16,regular,True,steel_gemm_fused_nax_nt_bfloat16_bfloat16_bm64_bn128_bk256_wm2_wn4,64,128,256,2,4,,,2,32,2,1,32,4,2,64,256,1.6,2.1475,matmul.cpp:957 (NAX regular),"attn wk / wv  (K and V projections, all 40 layers)"
2,observed-M4Pro,172,512,6144,2048,bfloat16,bfloat16,regular,False,steel_gemm_fused_nt_bfloat16_bfloat16_bm64_bn64_bk16_wm2_wn2,64,64,16,2,2,,,0,96,8,1,32,2,2,768,128,38.4,12.8849,matmul.cpp:957 fallthrough (non-NAX regular),"attn wq, full-attention layers"
1,derived-M5Max,172,512,6144,2048,bfloat16,bfloat16,regular,True,steel_gemm_fused_nax_nt_bfloat16_bfloat16_bm64_bn128_bk256_wm2_wn4,64,128,256,2,4,,,2,192,2,1,32,4,2,384,256,9.6,12.8849,matmul.cpp:957 (NAX regular),"attn wq, full-attention layers"
2,observed-M4Pro,173,512,48,2048,bfloat16,float32,splitk,False,steel_gemm_splitk_nt_bfloat16_float32_bm32_bn32_bk16_wm2_wn2_MN_naligned_K_taligned,32,32,16,2,2,4,512,0,2,16,4,32,2,2,128,128,6.4,0.1007,matmul.cpp:898 (non-NAX split-K),"attn g_proj (per-head gate), full-attention layers"
1,derived-M5Max,173,512,48,2048,bfloat16,float32,splitk,True,steel_gemm_splitk_nax_nt_bfloat16_float32_bm64_bn64_bk256_wm2_wn2,64,64,256,2,2,2,1024,1,16,1,1,32,2,2,16,128,0.4,0.1007,matmul.cpp:922 (NAX split-K),"attn g_proj (per-head gate), full-attention layers"
2,observed-M4Pro,174,512,2048,6144,bfloat16,bfloat16,regular,False,steel_gemm_fused_nt_bfloat16_bfloat16_bm64_bn64_bk16_wm2_wn2,64,64,16,2,2,,,0,32,8,1,32,2,2,256,128,12.8,12.8849,matmul.cpp:957 fallthrough (non-NAX regular),"attn wo, full-attention layers"
1,derived-M5Max,174,512,2048,6144,bfloat16,float32,splitk,True,steel_gemm_splitk_nax_nt_bfloat16_float32_bm64_bn64_bk512_wm2_wn2,64,64,512,2,2,2,4096,1,512,1,1,32,2,2,512,128,12.8,12.8849,matmul.cpp:922 (NAX split-K),"attn wo, full-attention layers"
2,observed-M4Pro,175,512,256,2048,bfloat16,float32,splitk,False,steel_gemm_splitk_nt_bfloat16_float32_bm32_bn32_bk16_wm2_wn2_MN_taligned_K_taligned,32,32,16,2,2,2,1024,0,8,16,2,32,2,2,256,128,12.8,0.5369,matmul.cpp:898 (non-NAX split-K),MoE router logits GEMM (38 MoE layers)
1,derived-M5Max,175,512,256,2048,bfloat16,float32,splitk,True,steel_gemm_splitk_nax_nt_bfloat16_float32_bm64_bn64_bk256_wm2_wn2,64,64,256,2,2,2,1024,1,64,1,1,32,2,2,64,128,1.6,0.5369,matmul.cpp:922 (NAX split-K),MoE router logits GEMM (38 MoE layers)
2,observed-M4Pro,176,512,1024,2048,bfloat16,float32,splitk,False,steel_gemm_splitk_nt_bfloat16_float32_bm32_bn32_bk16_wm2_wn2_MN_taligned_K_taligned,32,32,16,2,2,2,1024,0,32,16,2,32,2,2,1024,128,51.2,2.1475,matmul.cpp:898 (non-NAX split-K),"attn wk / wv  (K and V projections, all 40 layers)"
1,derived-M5Max,176,512,1024,2048,bfloat16,bfloat16,regular,True,steel_gemm_fused_nax_nt_bfloat16_bfloat16_bm64_bn128_bk256_wm2_wn4,64,128,256,2,4,,,2,32,2,1,32,4,2,64,256,1.6,2.1475,matmul.cpp:957 (NAX regular),"attn wk / wv  (K and V projections, all 40 layers)"
2,observed-M4Pro,177,512,1024,2048,bfloat16,float32,splitk,False,steel_gemm_splitk_nt_bfloat16_float32_bm32_bn32_bk16_wm2_wn2_MN_taligned_K_taligned,32,32,16,2,2,2,1024,0,32,16,2,32,2,2,1024,128,51.2,2.1475,matmul.cpp:898 (non-NAX split-K),"attn wk / wv  (K and V projections, all 40 layers)"
1,derived-M5Max,177,512,1024,2048,bfloat16,bfloat16,regular,True,steel_gemm_fused_nax_nt_bfloat16_bfloat16_bm64_bn128_bk256_wm2_wn4,64,128,256,2,4,,,2,32,2,1,32,4,2,64,256,1.6,2.1475,matmul.cpp:957 (NAX regular),"attn wk / wv  (K and V projections, all 40 layers)"
2,observed-M4Pro,178,512,8192,2048,bfloat16,bfloat16,regular,False,steel_gemm_fused_nt_bfloat16_bfloat16_bm64_bn64_bk16_wm2_wn2,64,64,16,2,2,,,0,128,8,1,32,2,2,1024,128,51.2,17.1799,matmul.cpp:957 fallthrough (non-NAX regular),"attn wq, sliding-window layers + layer-0 dense gate/up"
1,derived-M5Max,178,512,8192,2048,bfloat16,bfloat16,regular,True,steel_gemm_fused_nax_nt_bfloat16_bfloat16_bm64_bn128_bk256_wm2_wn4,64,128,256,2,4,,,2,256,2,1,32,4,2,512,256,12.8,17.1799,matmul.cpp:957 (NAX regular),"attn wq, sliding-window layers + layer-0 dense gate/up"
2,observed-M4Pro,179,512,64,2048,bfloat16,float32,splitk,False,steel_gemm_splitk_nt_bfloat16_float32_bm32_bn32_bk16_wm2_wn2_MN_taligned_K_taligned,32,32,16,2,2,4,512,0,2,16,4,32,2,2,128,128,6.4,0.1342,matmul.cpp:898 (non-NAX split-K),"attn g_proj (per-head gate), sliding-window layers"
1,derived-M5Max,179,512,64,2048,bfloat16,float32,splitk,True,steel_gemm_splitk_nax_nt_bfloat16_float32_bm64_bn64_bk256_wm2_wn2,64,64,256,2,2,2,1024,1,16,1,1,32,2,2,16,128,0.4,0.1342,matmul.cpp:922 (NAX split-K),"attn g_proj (per-head gate), sliding-window layers"
2,observed-M4Pro,180,512,2048,8192,bfloat16,bfloat16,regular,False,steel_gemm_fused_nt_bfloat16_bfloat16_bm64_bn64_bk16_wm2_wn2,64,64,16,2,2,,,0,32,8,1,32,2,2,256,128,12.8,17.1799,matmul.cpp:957 fallthrough (non-NAX regular),"attn wo, sliding-window layers + layer-0 dense down"
1,derived-M5Max,180,512,2048,8192,bfloat16,float32,splitk,True,steel_gemm_splitk_nax_nt_bfloat16_float32_bm64_bn64_bk512_wm2_wn2,64,64,512,2,2,2,4096,1,512,1,1,32,2,2,512,128,12.8,17.1799,matmul.cpp:922 (NAX split-K),"attn wo, sliding-window layers + layer-0 dense down"
2,observed-M4Pro,181,512,256,2048,bfloat16,float32,splitk,False,steel_gemm_splitk_nt_bfloat16_float32_bm32_bn32_bk16_wm2_wn2_MN_taligned_K_taligned,32,32,16,2,2,2,1024,0,8,16,2,32,2,2,256,128,12.8,0.5369,matmul.cpp:898 (non-NAX split-K),MoE router logits GEMM (38 MoE layers)
1,derived-M5Max,181,512,256,2048,bfloat16,float32,splitk,True,steel_gemm_splitk_nax_nt_bfloat16_float32_bm64_bn64_bk256_wm2_wn2,64,64,256,2,2,2,1024,1,64,1,1,32,2,2,64,128,1.6,0.5369,matmul.cpp:922 (NAX split-K),MoE router logits GEMM (38 MoE layers)
2,observed-M4Pro,182,512,1024,2048,bfloat16,float32,splitk,False,steel_gemm_splitk_nt_bfloat16_float32_bm32_bn32_bk16_wm2_wn2_MN_taligned_K_taligned,32,32,16,2,2,2,1024,0,32,16,2,32,2,2,1024,128,51.2,2.1475,matmul.cpp:898 (non-NAX split-K),"attn wk / wv  (K and V projections, all 40 layers)"
1,derived-M5Max,182,512,1024,2048,bfloat16,bfloat16,regular,True,steel_gemm_fused_nax_nt_bfloat16_bfloat16_bm64_bn128_bk256_wm2_wn4,64,128,256,2,4,,,2,32,2,1,32,4,2,64,256,1.6,2.1475,matmul.cpp:957 (NAX regular),"attn wk / wv  (K and V projections, all 40 layers)"
2,observed-M4Pro,183,512,1024,2048,bfloat16,float32,splitk,False,steel_gemm_splitk_nt_bfloat16_float32_bm32_bn32_bk16_wm2_wn2_MN_taligned_K_taligned,32,32,16,2,2,2,1024,0,32,16,2,32,2,2,1024,128,51.2,2.1475,matmul.cpp:898 (non-NAX split-K),"attn wk / wv  (K and V projections, all 40 layers)"
1,derived-M5Max,183,512,1024,2048,bfloat16,bfloat16,regular,True,steel_gemm_fused_nax_nt_bfloat16_bfloat16_bm64_bn128_bk256_wm2_wn4,64,128,256,2,4,,,2,32,2,1,32,4,2,64,256,1.6,2.1475,matmul.cpp:957 (NAX regular),"attn wk / wv  (K and V projections, all 40 layers)"
2,observed-M4Pro,184,512,8192,2048,bfloat16,bfloat16,regular,False,steel_gemm_fused_nt_bfloat16_bfloat16_bm64_bn64_bk16_wm2_wn2,64,64,16,2,2,,,0,128,8,1,32,2,2,1024,128,51.2,17.1799,matmul.cpp:957 fallthrough (non-NAX regular),"attn wq, sliding-window layers + layer-0 dense gate/up"
1,derived-M5Max,184,512,8192,2048,bfloat16,bfloat16,regular,True,steel_gemm_fused_nax_nt_bfloat16_bfloat16_bm64_bn128_bk256_wm2_wn4,64,128,256,2,4,,,2,256,2,1,32,4,2,512,256,12.8,17.1799,matmul.cpp:957 (NAX regular),"attn wq, sliding-window layers + layer-0 dense gate/up"
2,observed-M4Pro,185,512,64,2048,bfloat16,float32,splitk,False,steel_gemm_splitk_nt_bfloat16_float32_bm32_bn32_bk16_wm2_wn2_MN_taligned_K_taligned,32,32,16,2,2,4,512,0,2,16,4,32,2,2,128,128,6.4,0.1342,matmul.cpp:898 (non-NAX split-K),"attn g_proj (per-head gate), sliding-window layers"
1,derived-M5Max,185,512,64,2048,bfloat16,float32,splitk,True,steel_gemm_splitk_nax_nt_bfloat16_float32_bm64_bn64_bk256_wm2_wn2,64,64,256,2,2,2,1024,1,16,1,1,32,2,2,16,128,0.4,0.1342,matmul.cpp:922 (NAX split-K),"attn g_proj (per-head gate), sliding-window layers"
2,observed-M4Pro,186,512,2048,8192,bfloat16,bfloat16,regular,False,steel_gemm_fused_nt_bfloat16_bfloat16_bm64_bn64_bk16_wm2_wn2,64,64,16,2,2,,,0,32,8,1,32,2,2,256,128,12.8,17.1799,matmul.cpp:957 fallthrough (non-NAX regular),"attn wo, sliding-window layers + layer-0 dense down"
1,derived-M5Max,186,512,2048,8192,bfloat16,float32,splitk,True,steel_gemm_splitk_nax_nt_bfloat16_float32_bm64_bn64_bk512_wm2_wn2,64,64,512,2,2,2,4096,1,512,1,1,32,2,2,512,128,12.8,17.1799,matmul.cpp:922 (NAX split-K),"attn wo, sliding-window layers + layer-0 dense down"
2,observed-M4Pro,187,512,256,2048,bfloat16,float32,splitk,False,steel_gemm_splitk_nt_bfloat16_float32_bm32_bn32_bk16_wm2_wn2_MN_taligned_K_taligned,32,32,16,2,2,2,1024,0,8,16,2,32,2,2,256,128,12.8,0.5369,matmul.cpp:898 (non-NAX split-K),MoE router logits GEMM (38 MoE layers)
1,derived-M5Max,187,512,256,2048,bfloat16,float32,splitk,True,steel_gemm_splitk_nax_nt_bfloat16_float32_bm64_bn64_bk256_wm2_wn2,64,64,256,2,2,2,1024,1,64,1,1,32,2,2,64,128,1.6,0.5369,matmul.cpp:922 (NAX split-K),MoE router logits GEMM (38 MoE layers)
2,observed-M4Pro,188,512,1024,2048,bfloat16,float32,splitk,False,steel_gemm_splitk_nt_bfloat16_float32_bm32_bn32_bk16_wm2_wn2_MN_taligned_K_taligned,32,32,16,2,2,2,1024,0,32,16,2,32,2,2,1024,128,51.2,2.1475,matmul.cpp:898 (non-NAX split-K),"attn wk / wv  (K and V projections, all 40 layers)"
1,derived-M5Max,188,512,1024,2048,bfloat16,bfloat16,regular,True,steel_gemm_fused_nax_nt_bfloat16_bfloat16_bm64_bn128_bk256_wm2_wn4,64,128,256,2,4,,,2,32,2,1,32,4,2,64,256,1.6,2.1475,matmul.cpp:957 (NAX regular),"attn wk / wv  (K and V projections, all 40 layers)"
2,observed-M4Pro,189,512,1024,2048,bfloat16,float32,splitk,False,steel_gemm_splitk_nt_bfloat16_float32_bm32_bn32_bk16_wm2_wn2_MN_taligned_K_taligned,32,32,16,2,2,2,1024,0,32,16,2,32,2,2,1024,128,51.2,2.1475,matmul.cpp:898 (non-NAX split-K),"attn wk / wv  (K and V projections, all 40 layers)"
1,derived-M5Max,189,512,1024,2048,bfloat16,bfloat16,regular,True,steel_gemm_fused_nax_nt_bfloat16_bfloat16_bm64_bn128_bk256_wm2_wn4,64,128,256,2,4,,,2,32,2,1,32,4,2,64,256,1.6,2.1475,matmul.cpp:957 (NAX regular),"attn wk / wv  (K and V projections, all 40 layers)"
2,observed-M4Pro,190,512,8192,2048,bfloat16,bfloat16,regular,False,steel_gemm_fused_nt_bfloat16_bfloat16_bm64_bn64_bk16_wm2_wn2,64,64,16,2,2,,,0,128,8,1,32,2,2,1024,128,51.2,17.1799,matmul.cpp:957 fallthrough (non-NAX regular),"attn wq, sliding-window layers + layer-0 dense gate/up"
1,derived-M5Max,190,512,8192,2048,bfloat16,bfloat16,regular,True,steel_gemm_fused_nax_nt_bfloat16_bfloat16_bm64_bn128_bk256_wm2_wn4,64,128,256,2,4,,,2,256,2,1,32,4,2,512,256,12.8,17.1799,matmul.cpp:957 (NAX regular),"attn wq, sliding-window layers + layer-0 dense gate/up"
2,observed-M4Pro,191,512,64,2048,bfloat16,float32,splitk,False,steel_gemm_splitk_nt_bfloat16_float32_bm32_bn32_bk16_wm2_wn2_MN_taligned_K_taligned,32,32,16,2,2,4,512,0,2,16,4,32,2,2,128,128,6.4,0.1342,matmul.cpp:898 (non-NAX split-K),"attn g_proj (per-head gate), sliding-window layers"
1,derived-M5Max,191,512,64,2048,bfloat16,float32,splitk,True,steel_gemm_splitk_nax_nt_bfloat16_float32_bm64_bn64_bk256_wm2_wn2,64,64,256,2,2,2,1024,1,16,1,1,32,2,2,16,128,0.4,0.1342,matmul.cpp:922 (NAX split-K),"attn g_proj (per-head gate), sliding-window layers"
2,observed-M4Pro,192,512,2048,8192,bfloat16,bfloat16,regular,False,steel_gemm_fused_nt_bfloat16_bfloat16_bm64_bn64_bk16_wm2_wn2,64,64,16,2,2,,,0,32,8,1,32,2,2,256,128,12.8,17.1799,matmul.cpp:957 fallthrough (non-NAX regular),"attn wo, sliding-window layers + layer-0 dense down"
1,derived-M5Max,192,512,2048,8192,bfloat16,float32,splitk,True,steel_gemm_splitk_nax_nt_bfloat16_float32_bm64_bn64_bk512_wm2_wn2,64,64,512,2,2,2,4096,1,512,1,1,32,2,2,512,128,12.8,17.1799,matmul.cpp:922 (NAX split-K),"attn wo, sliding-window layers + layer-0 dense down"
2,observed-M4Pro,193,512,256,2048,bfloat16,float32,splitk,False,steel_gemm_splitk_nt_bfloat16_float32_bm32_bn32_bk16_wm2_wn2_MN_taligned_K_taligned,32,32,16,2,2,2,1024,0,8,16,2,32,2,2,256,128,12.8,0.5369,matmul.cpp:898 (non-NAX split-K),MoE router logits GEMM (38 MoE layers)
1,derived-M5Max,193,512,256,2048,bfloat16,float32,splitk,True,steel_gemm_splitk_nax_nt_bfloat16_float32_bm64_bn64_bk256_wm2_wn2,64,64,256,2,2,2,1024,1,64,1,1,32,2,2,64,128,1.6,0.5369,matmul.cpp:922 (NAX split-K),MoE router logits GEMM (38 MoE layers)
2,observed-M4Pro,194,512,1024,2048,bfloat16,float32,splitk,False,steel_gemm_splitk_nt_bfloat16_float32_bm32_bn32_bk16_wm2_wn2_MN_taligned_K_taligned,32,32,16,2,2,2,1024,0,32,16,2,32,2,2,1024,128,51.2,2.1475,matmul.cpp:898 (non-NAX split-K),"attn wk / wv  (K and V projections, all 40 layers)"
1,derived-M5Max,194,512,1024,2048,bfloat16,bfloat16,regular,True,steel_gemm_fused_nax_nt_bfloat16_bfloat16_bm64_bn128_bk256_wm2_wn4,64,128,256,2,4,,,2,32,2,1,32,4,2,64,256,1.6,2.1475,matmul.cpp:957 (NAX regular),"attn wk / wv  (K and V projections, all 40 layers)"
2,observed-M4Pro,195,512,1024,2048,bfloat16,float32,splitk,False,steel_gemm_splitk_nt_bfloat16_float32_bm32_bn32_bk16_wm2_wn2_MN_taligned_K_taligned,32,32,16,2,2,2,1024,0,32,16,2,32,2,2,1024,128,51.2,2.1475,matmul.cpp:898 (non-NAX split-K),"attn wk / wv  (K and V projections, all 40 layers)"
1,derived-M5Max,195,512,1024,2048,bfloat16,bfloat16,regular,True,steel_gemm_fused_nax_nt_bfloat16_bfloat16_bm64_bn128_bk256_wm2_wn4,64,128,256,2,4,,,2,32,2,1,32,4,2,64,256,1.6,2.1475,matmul.cpp:957 (NAX regular),"attn wk / wv  (K and V projections, all 40 layers)"
2,observed-M4Pro,196,512,6144,2048,bfloat16,bfloat16,regular,False,steel_gemm_fused_nt_bfloat16_bfloat16_bm64_bn64_bk16_wm2_wn2,64,64,16,2,2,,,0,96,8,1,32,2,2,768,128,38.4,12.8849,matmul.cpp:957 fallthrough (non-NAX regular),"attn wq, full-attention layers"
1,derived-M5Max,196,512,6144,2048,bfloat16,bfloat16,regular,True,steel_gemm_fused_nax_nt_bfloat16_bfloat16_bm64_bn128_bk256_wm2_wn4,64,128,256,2,4,,,2,192,2,1,32,4,2,384,256,9.6,12.8849,matmul.cpp:957 (NAX regular),"attn wq, full-attention layers"
2,observed-M4Pro,197,512,48,2048,bfloat16,float32,splitk,False,steel_gemm_splitk_nt_bfloat16_float32_bm32_bn32_bk16_wm2_wn2_MN_naligned_K_taligned,32,32,16,2,2,4,512,0,2,16,4,32,2,2,128,128,6.4,0.1007,matmul.cpp:898 (non-NAX split-K),"attn g_proj (per-head gate), full-attention layers"
1,derived-M5Max,197,512,48,2048,bfloat16,float32,splitk,True,steel_gemm_splitk_nax_nt_bfloat16_float32_bm64_bn64_bk256_wm2_wn2,64,64,256,2,2,2,1024,1,16,1,1,32,2,2,16,128,0.4,0.1007,matmul.cpp:922 (NAX split-K),"attn g_proj (per-head gate), full-attention layers"
2,observed-M4Pro,198,512,2048,6144,bfloat16,bfloat16,regular,False,steel_gemm_fused_nt_bfloat16_bfloat16_bm64_bn64_bk16_wm2_wn2,64,64,16,2,2,,,0,32,8,1,32,2,2,256,128,12.8,12.8849,matmul.cpp:957 fallthrough (non-NAX regular),"attn wo, full-attention layers"
1,derived-M5Max,198,512,2048,6144,bfloat16,float32,splitk,True,steel_gemm_splitk_nax_nt_bfloat16_float32_bm64_bn64_bk512_wm2_wn2,64,64,512,2,2,2,4096,1,512,1,1,32,2,2,512,128,12.8,12.8849,matmul.cpp:922 (NAX split-K),"attn wo, full-attention layers"
2,observed-M4Pro,199,512,256,2048,bfloat16,float32,splitk,False,steel_gemm_splitk_nt_bfloat16_float32_bm32_bn32_bk16_wm2_wn2_MN_taligned_K_taligned,32,32,16,2,2,2,1024,0,8,16,2,32,2,2,256,128,12.8,0.5369,matmul.cpp:898 (non-NAX split-K),MoE router logits GEMM (38 MoE layers)
1,derived-M5Max,199,512,256,2048,bfloat16,float32,splitk,True,steel_gemm_splitk_nax_nt_bfloat16_float32_bm64_bn64_bk256_wm2_wn2,64,64,256,2,2,2,1024,1,64,1,1,32,2,2,64,128,1.6,0.5369,matmul.cpp:922 (NAX split-K),MoE router logits GEMM (38 MoE layers)
2,observed-M4Pro,200,512,1024,2048,bfloat16,float32,splitk,False,steel_gemm_splitk_nt_bfloat16_float32_bm32_bn32_bk16_wm2_wn2_MN_taligned_K_taligned,32,32,16,2,2,2,1024,0,32,16,2,32,2,2,1024,128,51.2,2.1475,matmul.cpp:898 (non-NAX split-K),"attn wk / wv  (K and V projections, all 40 layers)"
1,derived-M5Max,200,512,1024,2048,bfloat16,bfloat16,regular,True,steel_gemm_fused_nax_nt_bfloat16_bfloat16_bm64_bn128_bk256_wm2_wn4,64,128,256,2,4,,,2,32,2,1,32,4,2,64,256,1.6,2.1475,matmul.cpp:957 (NAX regular),"attn wk / wv  (K and V projections, all 40 layers)"
2,observed-M4Pro,201,512,1024,2048,bfloat16,float32,splitk,False,steel_gemm_splitk_nt_bfloat16_float32_bm32_bn32_bk16_wm2_wn2_MN_taligned_K_taligned,32,32,16,2,2,2,1024,0,32,16,2,32,2,2,1024,128,51.2,2.1475,matmul.cpp:898 (non-NAX split-K),"attn wk / wv  (K and V projections, all 40 layers)"
1,derived-M5Max,201,512,1024,2048,bfloat16,bfloat16,regular,True,steel_gemm_fused_nax_nt_bfloat16_bfloat16_bm64_bn128_bk256_wm2_wn4,64,128,256,2,4,,,2,32,2,1,32,4,2,64,256,1.6,2.1475,matmul.cpp:957 (NAX regular),"attn wk / wv  (K and V projections, all 40 layers)"
2,observed-M4Pro,202,512,8192,2048,bfloat16,bfloat16,regular,False,steel_gemm_fused_nt_bfloat16_bfloat16_bm64_bn64_bk16_wm2_wn2,64,64,16,2,2,,,0,128,8,1,32,2,2,1024,128,51.2,17.1799,matmul.cpp:957 fallthrough (non-NAX regular),"attn wq, sliding-window layers + layer-0 dense gate/up"
1,derived-M5Max,202,512,8192,2048,bfloat16,bfloat16,regular,True,steel_gemm_fused_nax_nt_bfloat16_bfloat16_bm64_bn128_bk256_wm2_wn4,64,128,256,2,4,,,2,256,2,1,32,4,2,512,256,12.8,17.1799,matmul.cpp:957 (NAX regular),"attn wq, sliding-window layers + layer-0 dense gate/up"
2,observed-M4Pro,203,512,64,2048,bfloat16,float32,splitk,False,steel_gemm_splitk_nt_bfloat16_float32_bm32_bn32_bk16_wm2_wn2_MN_taligned_K_taligned,32,32,16,2,2,4,512,0,2,16,4,32,2,2,128,128,6.4,0.1342,matmul.cpp:898 (non-NAX split-K),"attn g_proj (per-head gate), sliding-window layers"
1,derived-M5Max,203,512,64,2048,bfloat16,float32,splitk,True,steel_gemm_splitk_nax_nt_bfloat16_float32_bm64_bn64_bk256_wm2_wn2,64,64,256,2,2,2,1024,1,16,1,1,32,2,2,16,128,0.4,0.1342,matmul.cpp:922 (NAX split-K),"attn g_proj (per-head gate), sliding-window layers"
2,observed-M4Pro,204,512,2048,8192,bfloat16,bfloat16,regular,False,steel_gemm_fused_nt_bfloat16_bfloat16_bm64_bn64_bk16_wm2_wn2,64,64,16,2,2,,,0,32,8,1,32,2,2,256,128,12.8,17.1799,matmul.cpp:957 fallthrough (non-NAX regular),"attn wo, sliding-window layers + layer-0 dense down"
1,derived-M5Max,204,512,2048,8192,bfloat16,float32,splitk,True,steel_gemm_splitk_nax_nt_bfloat16_float32_bm64_bn64_bk512_wm2_wn2,64,64,512,2,2,2,4096,1,512,1,1,32,2,2,512,128,12.8,17.1799,matmul.cpp:922 (NAX split-K),"attn wo, sliding-window layers + layer-0 dense down"
2,observed-M4Pro,205,512,256,2048,bfloat16,float32,splitk,False,steel_gemm_splitk_nt_bfloat16_float32_bm32_bn32_bk16_wm2_wn2_MN_taligned_K_taligned,32,32,16,2,2,2,1024,0,8,16,2,32,2,2,256,128,12.8,0.5369,matmul.cpp:898 (non-NAX split-K),MoE router logits GEMM (38 MoE layers)
1,derived-M5Max,205,512,256,2048,bfloat16,float32,splitk,True,steel_gemm_splitk_nax_nt_bfloat16_float32_bm64_bn64_bk256_wm2_wn2,64,64,256,2,2,2,1024,1,64,1,1,32,2,2,64,128,1.6,0.5369,matmul.cpp:922 (NAX split-K),MoE router logits GEMM (38 MoE layers)
2,observed-M4Pro,206,512,1024,2048,bfloat16,float32,splitk,False,steel_gemm_splitk_nt_bfloat16_float32_bm32_bn32_bk16_wm2_wn2_MN_taligned_K_taligned,32,32,16,2,2,2,1024,0,32,16,2,32,2,2,1024,128,51.2,2.1475,matmul.cpp:898 (non-NAX split-K),"attn wk / wv  (K and V projections, all 40 layers)"
1,derived-M5Max,206,512,1024,2048,bfloat16,bfloat16,regular,True,steel_gemm_fused_nax_nt_bfloat16_bfloat16_bm64_bn128_bk256_wm2_wn4,64,128,256,2,4,,,2,32,2,1,32,4,2,64,256,1.6,2.1475,matmul.cpp:957 (NAX regular),"attn wk / wv  (K and V projections, all 40 layers)"
2,observed-M4Pro,207,512,1024,2048,bfloat16,float32,splitk,False,steel_gemm_splitk_nt_bfloat16_float32_bm32_bn32_bk16_wm2_wn2_MN_taligned_K_taligned,32,32,16,2,2,2,1024,0,32,16,2,32,2,2,1024,128,51.2,2.1475,matmul.cpp:898 (non-NAX split-K),"attn wk / wv  (K and V projections, all 40 layers)"
1,derived-M5Max,207,512,1024,2048,bfloat16,bfloat16,regular,True,steel_gemm_fused_nax_nt_bfloat16_bfloat16_bm64_bn128_bk256_wm2_wn4,64,128,256,2,4,,,2,32,2,1,32,4,2,64,256,1.6,2.1475,matmul.cpp:957 (NAX regular),"attn wk / wv  (K and V projections, all 40 layers)"
2,observed-M4Pro,208,512,8192,2048,bfloat16,bfloat16,regular,False,steel_gemm_fused_nt_bfloat16_bfloat16_bm64_bn64_bk16_wm2_wn2,64,64,16,2,2,,,0,128,8,1,32,2,2,1024,128,51.2,17.1799,matmul.cpp:957 fallthrough (non-NAX regular),"attn wq, sliding-window layers + layer-0 dense gate/up"
1,derived-M5Max,208,512,8192,2048,bfloat16,bfloat16,regular,True,steel_gemm_fused_nax_nt_bfloat16_bfloat16_bm64_bn128_bk256_wm2_wn4,64,128,256,2,4,,,2,256,2,1,32,4,2,512,256,12.8,17.1799,matmul.cpp:957 (NAX regular),"attn wq, sliding-window layers + layer-0 dense gate/up"
2,observed-M4Pro,209,512,64,2048,bfloat16,float32,splitk,False,steel_gemm_splitk_nt_bfloat16_float32_bm32_bn32_bk16_wm2_wn2_MN_taligned_K_taligned,32,32,16,2,2,4,512,0,2,16,4,32,2,2,128,128,6.4,0.1342,matmul.cpp:898 (non-NAX split-K),"attn g_proj (per-head gate), sliding-window layers"
1,derived-M5Max,209,512,64,2048,bfloat16,float32,splitk,True,steel_gemm_splitk_nax_nt_bfloat16_float32_bm64_bn64_bk256_wm2_wn2,64,64,256,2,2,2,1024,1,16,1,1,32,2,2,16,128,0.4,0.1342,matmul.cpp:922 (NAX split-K),"attn g_proj (per-head gate), sliding-window layers"
2,observed-M4Pro,210,512,2048,8192,bfloat16,bfloat16,regular,False,steel_gemm_fused_nt_bfloat16_bfloat16_bm64_bn64_bk16_wm2_wn2,64,64,16,2,2,,,0,32,8,1,32,2,2,256,128,12.8,17.1799,matmul.cpp:957 fallthrough (non-NAX regular),"attn wo, sliding-window layers + layer-0 dense down"
1,derived-M5Max,210,512,2048,8192,bfloat16,float32,splitk,True,steel_gemm_splitk_nax_nt_bfloat16_float32_bm64_bn64_bk512_wm2_wn2,64,64,512,2,2,2,4096,1,512,1,1,32,2,2,512,128,12.8,17.1799,matmul.cpp:922 (NAX split-K),"attn wo, sliding-window layers + layer-0 dense down"
2,observed-M4Pro,211,512,256,2048,bfloat16,float32,splitk,False,steel_gemm_splitk_nt_bfloat16_float32_bm32_bn32_bk16_wm2_wn2_MN_taligned_K_taligned,32,32,16,2,2,2,1024,0,8,16,2,32,2,2,256,128,12.8,0.5369,matmul.cpp:898 (non-NAX split-K),MoE router logits GEMM (38 MoE layers)
1,derived-M5Max,211,512,256,2048,bfloat16,float32,splitk,True,steel_gemm_splitk_nax_nt_bfloat16_float32_bm64_bn64_bk256_wm2_wn2,64,64,256,2,2,2,1024,1,64,1,1,32,2,2,64,128,1.6,0.5369,matmul.cpp:922 (NAX split-K),MoE router logits GEMM (38 MoE layers)
2,observed-M4Pro,212,512,1024,2048,bfloat16,float32,splitk,False,steel_gemm_splitk_nt_bfloat16_float32_bm32_bn32_bk16_wm2_wn2_MN_taligned_K_taligned,32,32,16,2,2,2,1024,0,32,16,2,32,2,2,1024,128,51.2,2.1475,matmul.cpp:898 (non-NAX split-K),"attn wk / wv  (K and V projections, all 40 layers)"
1,derived-M5Max,212,512,1024,2048,bfloat16,bfloat16,regular,True,steel_gemm_fused_nax_nt_bfloat16_bfloat16_bm64_bn128_bk256_wm2_wn4,64,128,256,2,4,,,2,32,2,1,32,4,2,64,256,1.6,2.1475,matmul.cpp:957 (NAX regular),"attn wk / wv  (K and V projections, all 40 layers)"
2,observed-M4Pro,213,512,1024,2048,bfloat16,float32,splitk,False,steel_gemm_splitk_nt_bfloat16_float32_bm32_bn32_bk16_wm2_wn2_MN_taligned_K_taligned,32,32,16,2,2,2,1024,0,32,16,2,32,2,2,1024,128,51.2,2.1475,matmul.cpp:898 (non-NAX split-K),"attn wk / wv  (K and V projections, all 40 layers)"
1,derived-M5Max,213,512,1024,2048,bfloat16,bfloat16,regular,True,steel_gemm_fused_nax_nt_bfloat16_bfloat16_bm64_bn128_bk256_wm2_wn4,64,128,256,2,4,,,2,32,2,1,32,4,2,64,256,1.6,2.1475,matmul.cpp:957 (NAX regular),"attn wk / wv  (K and V projections, all 40 layers)"
2,observed-M4Pro,214,512,8192,2048,bfloat16,bfloat16,regular,False,steel_gemm_fused_nt_bfloat16_bfloat16_bm64_bn64_bk16_wm2_wn2,64,64,16,2,2,,,0,128,8,1,32,2,2,1024,128,51.2,17.1799,matmul.cpp:957 fallthrough (non-NAX regular),"attn wq, sliding-window layers + layer-0 dense gate/up"
1,derived-M5Max,214,512,8192,2048,bfloat16,bfloat16,regular,True,steel_gemm_fused_nax_nt_bfloat16_bfloat16_bm64_bn128_bk256_wm2_wn4,64,128,256,2,4,,,2,256,2,1,32,4,2,512,256,12.8,17.1799,matmul.cpp:957 (NAX regular),"attn wq, sliding-window layers + layer-0 dense gate/up"
2,observed-M4Pro,215,512,64,2048,bfloat16,float32,splitk,False,steel_gemm_splitk_nt_bfloat16_float32_bm32_bn32_bk16_wm2_wn2_MN_taligned_K_taligned,32,32,16,2,2,4,512,0,2,16,4,32,2,2,128,128,6.4,0.1342,matmul.cpp:898 (non-NAX split-K),"attn g_proj (per-head gate), sliding-window layers"
1,derived-M5Max,215,512,64,2048,bfloat16,float32,splitk,True,steel_gemm_splitk_nax_nt_bfloat16_float32_bm64_bn64_bk256_wm2_wn2,64,64,256,2,2,2,1024,1,16,1,1,32,2,2,16,128,0.4,0.1342,matmul.cpp:922 (NAX split-K),"attn g_proj (per-head gate), sliding-window layers"
2,observed-M4Pro,216,512,2048,8192,bfloat16,bfloat16,regular,False,steel_gemm_fused_nt_bfloat16_bfloat16_bm64_bn64_bk16_wm2_wn2,64,64,16,2,2,,,0,32,8,1,32,2,2,256,128,12.8,17.1799,matmul.cpp:957 fallthrough (non-NAX regular),"attn wo, sliding-window layers + layer-0 dense down"
1,derived-M5Max,216,512,2048,8192,bfloat16,float32,splitk,True,steel_gemm_splitk_nax_nt_bfloat16_float32_bm64_bn64_bk512_wm2_wn2,64,64,512,2,2,2,4096,1,512,1,1,32,2,2,512,128,12.8,17.1799,matmul.cpp:922 (NAX split-K),"attn wo, sliding-window layers + layer-0 dense down"
2,observed-M4Pro,217,512,256,2048,bfloat16,float32,splitk,False,steel_gemm_splitk_nt_bfloat16_float32_bm32_bn32_bk16_wm2_wn2_MN_taligned_K_taligned,32,32,16,2,2,2,1024,0,8,16,2,32,2,2,256,128,12.8,0.5369,matmul.cpp:898 (non-NAX split-K),MoE router logits GEMM (38 MoE layers)
1,derived-M5Max,217,512,256,2048,bfloat16,float32,splitk,True,steel_gemm_splitk_nax_nt_bfloat16_float32_bm64_bn64_bk256_wm2_wn2,64,64,256,2,2,2,1024,1,64,1,1,32,2,2,64,128,1.6,0.5369,matmul.cpp:922 (NAX split-K),MoE router logits GEMM (38 MoE layers)
2,observed-M4Pro,218,512,1024,2048,bfloat16,float32,splitk,False,steel_gemm_splitk_nt_bfloat16_float32_bm32_bn32_bk16_wm2_wn2_MN_taligned_K_taligned,32,32,16,2,2,2,1024,0,32,16,2,32,2,2,1024,128,51.2,2.1475,matmul.cpp:898 (non-NAX split-K),"attn wk / wv  (K and V projections, all 40 layers)"
1,derived-M5Max,218,512,1024,2048,bfloat16,bfloat16,regular,True,steel_gemm_fused_nax_nt_bfloat16_bfloat16_bm64_bn128_bk256_wm2_wn4,64,128,256,2,4,,,2,32,2,1,32,4,2,64,256,1.6,2.1475,matmul.cpp:957 (NAX regular),"attn wk / wv  (K and V projections, all 40 layers)"
2,observed-M4Pro,219,512,1024,2048,bfloat16,float32,splitk,False,steel_gemm_splitk_nt_bfloat16_float32_bm32_bn32_bk16_wm2_wn2_MN_taligned_K_taligned,32,32,16,2,2,2,1024,0,32,16,2,32,2,2,1024,128,51.2,2.1475,matmul.cpp:898 (non-NAX split-K),"attn wk / wv  (K and V projections, all 40 layers)"
1,derived-M5Max,219,512,1024,2048,bfloat16,bfloat16,regular,True,steel_gemm_fused_nax_nt_bfloat16_bfloat16_bm64_bn128_bk256_wm2_wn4,64,128,256,2,4,,,2,32,2,1,32,4,2,64,256,1.6,2.1475,matmul.cpp:957 (NAX regular),"attn wk / wv  (K and V projections, all 40 layers)"
2,observed-M4Pro,220,512,6144,2048,bfloat16,bfloat16,regular,False,steel_gemm_fused_nt_bfloat16_bfloat16_bm64_bn64_bk16_wm2_wn2,64,64,16,2,2,,,0,96,8,1,32,2,2,768,128,38.4,12.8849,matmul.cpp:957 fallthrough (non-NAX regular),"attn wq, full-attention layers"
1,derived-M5Max,220,512,6144,2048,bfloat16,bfloat16,regular,True,steel_gemm_fused_nax_nt_bfloat16_bfloat16_bm64_bn128_bk256_wm2_wn4,64,128,256,2,4,,,2,192,2,1,32,4,2,384,256,9.6,12.8849,matmul.cpp:957 (NAX regular),"attn wq, full-attention layers"
2,observed-M4Pro,221,512,48,2048,bfloat16,float32,splitk,False,steel_gemm_splitk_nt_bfloat16_float32_bm32_bn32_bk16_wm2_wn2_MN_naligned_K_taligned,32,32,16,2,2,4,512,0,2,16,4,32,2,2,128,128,6.4,0.1007,matmul.cpp:898 (non-NAX split-K),"attn g_proj (per-head gate), full-attention layers"
1,derived-M5Max,221,512,48,2048,bfloat16,float32,splitk,True,steel_gemm_splitk_nax_nt_bfloat16_float32_bm64_bn64_bk256_wm2_wn2,64,64,256,2,2,2,1024,1,16,1,1,32,2,2,16,128,0.4,0.1007,matmul.cpp:922 (NAX split-K),"attn g_proj (per-head gate), full-attention layers"
2,observed-M4Pro,222,512,2048,6144,bfloat16,bfloat16,regular,False,steel_gemm_fused_nt_bfloat16_bfloat16_bm64_bn64_bk16_wm2_wn2,64,64,16,2,2,,,0,32,8,1,32,2,2,256,128,12.8,12.8849,matmul.cpp:957 fallthrough (non-NAX regular),"attn wo, full-attention layers"
1,derived-M5Max,222,512,2048,6144,bfloat16,float32,splitk,True,steel_gemm_splitk_nax_nt_bfloat16_float32_bm64_bn64_bk512_wm2_wn2,64,64,512,2,2,2,4096,1,512,1,1,32,2,2,512,128,12.8,12.8849,matmul.cpp:922 (NAX split-K),"attn wo, full-attention layers"
2,observed-M4Pro,223,512,256,2048,bfloat16,float32,splitk,False,steel_gemm_splitk_nt_bfloat16_float32_bm32_bn32_bk16_wm2_wn2_MN_taligned_K_taligned,32,32,16,2,2,2,1024,0,8,16,2,32,2,2,256,128,12.8,0.5369,matmul.cpp:898 (non-NAX split-K),MoE router logits GEMM (38 MoE layers)
1,derived-M5Max,223,512,256,2048,bfloat16,float32,splitk,True,steel_gemm_splitk_nax_nt_bfloat16_float32_bm64_bn64_bk256_wm2_wn2,64,64,256,2,2,2,1024,1,64,1,1,32,2,2,64,128,1.6,0.5369,matmul.cpp:922 (NAX split-K),MoE router logits GEMM (38 MoE layers)
2,observed-M4Pro,224,512,1024,2048,bfloat16,float32,splitk,False,steel_gemm_splitk_nt_bfloat16_float32_bm32_bn32_bk16_wm2_wn2_MN_taligned_K_taligned,32,32,16,2,2,2,1024,0,32,16,2,32,2,2,1024,128,51.2,2.1475,matmul.cpp:898 (non-NAX split-K),"attn wk / wv  (K and V projections, all 40 layers)"
1,derived-M5Max,224,512,1024,2048,bfloat16,bfloat16,regular,True,steel_gemm_fused_nax_nt_bfloat16_bfloat16_bm64_bn128_bk256_wm2_wn4,64,128,256,2,4,,,2,32,2,1,32,4,2,64,256,1.6,2.1475,matmul.cpp:957 (NAX regular),"attn wk / wv  (K and V projections, all 40 layers)"
2,observed-M4Pro,225,512,1024,2048,bfloat16,float32,splitk,False,steel_gemm_splitk_nt_bfloat16_float32_bm32_bn32_bk16_wm2_wn2_MN_taligned_K_taligned,32,32,16,2,2,2,1024,0,32,16,2,32,2,2,1024,128,51.2,2.1475,matmul.cpp:898 (non-NAX split-K),"attn wk / wv  (K and V projections, all 40 layers)"
1,derived-M5Max,225,512,1024,2048,bfloat16,bfloat16,regular,True,steel_gemm_fused_nax_nt_bfloat16_bfloat16_bm64_bn128_bk256_wm2_wn4,64,128,256,2,4,,,2,32,2,1,32,4,2,64,256,1.6,2.1475,matmul.cpp:957 (NAX regular),"attn wk / wv  (K and V projections, all 40 layers)"
2,observed-M4Pro,226,512,8192,2048,bfloat16,bfloat16,regular,False,steel_gemm_fused_nt_bfloat16_bfloat16_bm64_bn64_bk16_wm2_wn2,64,64,16,2,2,,,0,128,8,1,32,2,2,1024,128,51.2,17.1799,matmul.cpp:957 fallthrough (non-NAX regular),"attn wq, sliding-window layers + layer-0 dense gate/up"
1,derived-M5Max,226,512,8192,2048,bfloat16,bfloat16,regular,True,steel_gemm_fused_nax_nt_bfloat16_bfloat16_bm64_bn128_bk256_wm2_wn4,64,128,256,2,4,,,2,256,2,1,32,4,2,512,256,12.8,17.1799,matmul.cpp:957 (NAX regular),"attn wq, sliding-window layers + layer-0 dense gate/up"
2,observed-M4Pro,227,512,64,2048,bfloat16,float32,splitk,False,steel_gemm_splitk_nt_bfloat16_float32_bm32_bn32_bk16_wm2_wn2_MN_taligned_K_taligned,32,32,16,2,2,4,512,0,2,16,4,32,2,2,128,128,6.4,0.1342,matmul.cpp:898 (non-NAX split-K),"attn g_proj (per-head gate), sliding-window layers"
1,derived-M5Max,227,512,64,2048,bfloat16,float32,splitk,True,steel_gemm_splitk_nax_nt_bfloat16_float32_bm64_bn64_bk256_wm2_wn2,64,64,256,2,2,2,1024,1,16,1,1,32,2,2,16,128,0.4,0.1342,matmul.cpp:922 (NAX split-K),"attn g_proj (per-head gate), sliding-window layers"
2,observed-M4Pro,228,512,2048,8192,bfloat16,bfloat16,regular,False,steel_gemm_fused_nt_bfloat16_bfloat16_bm64_bn64_bk16_wm2_wn2,64,64,16,2,2,,,0,32,8,1,32,2,2,256,128,12.8,17.1799,matmul.cpp:957 fallthrough (non-NAX regular),"attn wo, sliding-window layers + layer-0 dense down"
1,derived-M5Max,228,512,2048,8192,bfloat16,float32,splitk,True,steel_gemm_splitk_nax_nt_bfloat16_float32_bm64_bn64_bk512_wm2_wn2,64,64,512,2,2,2,4096,1,512,1,1,32,2,2,512,128,12.8,17.1799,matmul.cpp:922 (NAX split-K),"attn wo, sliding-window layers + layer-0 dense down"
2,observed-M4Pro,229,512,256,2048,bfloat16,float32,splitk,False,steel_gemm_splitk_nt_bfloat16_float32_bm32_bn32_bk16_wm2_wn2_MN_taligned_K_taligned,32,32,16,2,2,2,1024,0,8,16,2,32,2,2,256,128,12.8,0.5369,matmul.cpp:898 (non-NAX split-K),MoE router logits GEMM (38 MoE layers)
1,derived-M5Max,229,512,256,2048,bfloat16,float32,splitk,True,steel_gemm_splitk_nax_nt_bfloat16_float32_bm64_bn64_bk256_wm2_wn2,64,64,256,2,2,2,1024,1,64,1,1,32,2,2,64,128,1.6,0.5369,matmul.cpp:922 (NAX split-K),MoE router logits GEMM (38 MoE layers)
2,observed-M4Pro,230,512,1024,2048,bfloat16,float32,splitk,False,steel_gemm_splitk_nt_bfloat16_float32_bm32_bn32_bk16_wm2_wn2_MN_taligned_K_taligned,32,32,16,2,2,2,1024,0,32,16,2,32,2,2,1024,128,51.2,2.1475,matmul.cpp:898 (non-NAX split-K),"attn wk / wv  (K and V projections, all 40 layers)"
1,derived-M5Max,230,512,1024,2048,bfloat16,bfloat16,regular,True,steel_gemm_fused_nax_nt_bfloat16_bfloat16_bm64_bn128_bk256_wm2_wn4,64,128,256,2,4,,,2,32,2,1,32,4,2,64,256,1.6,2.1475,matmul.cpp:957 (NAX regular),"attn wk / wv  (K and V projections, all 40 layers)"
2,observed-M4Pro,231,512,1024,2048,bfloat16,float32,splitk,False,steel_gemm_splitk_nt_bfloat16_float32_bm32_bn32_bk16_wm2_wn2_MN_taligned_K_taligned,32,32,16,2,2,2,1024,0,32,16,2,32,2,2,1024,128,51.2,2.1475,matmul.cpp:898 (non-NAX split-K),"attn wk / wv  (K and V projections, all 40 layers)"
1,derived-M5Max,231,512,1024,2048,bfloat16,bfloat16,regular,True,steel_gemm_fused_nax_nt_bfloat16_bfloat16_bm64_bn128_bk256_wm2_wn4,64,128,256,2,4,,,2,32,2,1,32,4,2,64,256,1.6,2.1475,matmul.cpp:957 (NAX regular),"attn wk / wv  (K and V projections, all 40 layers)"
2,observed-M4Pro,232,512,8192,2048,bfloat16,bfloat16,regular,False,steel_gemm_fused_nt_bfloat16_bfloat16_bm64_bn64_bk16_wm2_wn2,64,64,16,2,2,,,0,128,8,1,32,2,2,1024,128,51.2,17.1799,matmul.cpp:957 fallthrough (non-NAX regular),"attn wq, sliding-window layers + layer-0 dense gate/up"
1,derived-M5Max,232,512,8192,2048,bfloat16,bfloat16,regular,True,steel_gemm_fused_nax_nt_bfloat16_bfloat16_bm64_bn128_bk256_wm2_wn4,64,128,256,2,4,,,2,256,2,1,32,4,2,512,256,12.8,17.1799,matmul.cpp:957 (NAX regular),"attn wq, sliding-window layers + layer-0 dense gate/up"
2,observed-M4Pro,233,512,64,2048,bfloat16,float32,splitk,False,steel_gemm_splitk_nt_bfloat16_float32_bm32_bn32_bk16_wm2_wn2_MN_taligned_K_taligned,32,32,16,2,2,4,512,0,2,16,4,32,2,2,128,128,6.4,0.1342,matmul.cpp:898 (non-NAX split-K),"attn g_proj (per-head gate), sliding-window layers"
1,derived-M5Max,233,512,64,2048,bfloat16,float32,splitk,True,steel_gemm_splitk_nax_nt_bfloat16_float32_bm64_bn64_bk256_wm2_wn2,64,64,256,2,2,2,1024,1,16,1,1,32,2,2,16,128,0.4,0.1342,matmul.cpp:922 (NAX split-K),"attn g_proj (per-head gate), sliding-window layers"
2,observed-M4Pro,234,512,2048,8192,bfloat16,bfloat16,regular,False,steel_gemm_fused_nt_bfloat16_bfloat16_bm64_bn64_bk16_wm2_wn2,64,64,16,2,2,,,0,32,8,1,32,2,2,256,128,12.8,17.1799,matmul.cpp:957 fallthrough (non-NAX regular),"attn wo, sliding-window layers + layer-0 dense down"
1,derived-M5Max,234,512,2048,8192,bfloat16,float32,splitk,True,steel_gemm_splitk_nax_nt_bfloat16_float32_bm64_bn64_bk512_wm2_wn2,64,64,512,2,2,2,4096,1,512,1,1,32,2,2,512,128,12.8,17.1799,matmul.cpp:922 (NAX split-K),"attn wo, sliding-window layers + layer-0 dense down"
2,observed-M4Pro,235,512,256,2048,bfloat16,float32,splitk,False,steel_gemm_splitk_nt_bfloat16_float32_bm32_bn32_bk16_wm2_wn2_MN_taligned_K_taligned,32,32,16,2,2,2,1024,0,8,16,2,32,2,2,256,128,12.8,0.5369,matmul.cpp:898 (non-NAX split-K),MoE router logits GEMM (38 MoE layers)
1,derived-M5Max,235,512,256,2048,bfloat16,float32,splitk,True,steel_gemm_splitk_nax_nt_bfloat16_float32_bm64_bn64_bk256_wm2_wn2,64,64,256,2,2,2,1024,1,64,1,1,32,2,2,64,128,1.6,0.5369,matmul.cpp:922 (NAX split-K),MoE router logits GEMM (38 MoE layers)
2,observed-M4Pro,236,512,2048,2048,bfloat16,bfloat16,regular,False,steel_gemm_fused_nt_bfloat16_bfloat16_bm64_bn64_bk16_wm2_wn2,64,64,16,2,2,,,0,32,8,1,32,2,2,256,128,12.8,4.295,matmul.cpp:957 fallthrough (non-NAX regular),layer-39 [K;V] bank projection
1,derived-M5Max,236,512,2048,2048,bfloat16,bfloat16,regular,True,steel_gemm_fused_nax_nt_bfloat16_bfloat16_bm64_bn128_bk256_wm2_wn4,64,128,256,2,4,,,2,64,2,1,32,4,2,128,256,3.2,4.295,matmul.cpp:957 (NAX regular),layer-39 [K;V] bank projection
