order_tag,block,run,arm,step,ms
ladder,1,1,A,1,8.293792
ladder,1,1,A,2,8.198208
ladder,1,1,A,3,8.211167
ladder,1,1,A,4,8.150666
ladder,1,1,A,5,8.172792
ladder,1,1,A,6,8.140750
ladder,1,1,A,7,8.145125
ladder,1,1,A,8,8.146292
ladder,1,1,A,9,8.157125
ladder,1,1,A,10,8.099958
ladder,1,1,A,11,8.139042
ladder,1,1,A,12,8.079000
ladder,1,1,A,13,8.137209
ladder,1,1,A,14,8.087333
ladder,1,1,A,15,8.112209
ladder,1,1,A,16,8.116375
ladder,1,1,A,17,8.093792
ladder,1,1,A,18,8.098833
ladder,1,1,A,19,8.113458
ladder,1,1,A,20,8.116500
ladder,1,1,A,21,8.104833
ladder,1,1,A,22,8.194416
ladder,1,1,A,23,8.280541
ladder,1,1,A,24,8.279125
ladder,1,1,A,25,8.283416
ladder,1,1,A,26,8.204084
ladder,1,1,A,27,8.183042
ladder,1,1,A,28,8.176958
ladder,1,1,A,29,8.101250
ladder,1,1,A,30,8.185584
ladder,1,1,A,31,8.161375
ladder,1,1,A,32,8.184125
ladder,1,1,A,33,8.134917
ladder,1,1,A,34,8.181375
ladder,1,1,A,35,8.132250
ladder,1,1,A,36,8.244459
ladder,1,1,A,37,8.133292
ladder,1,1,A,38,8.186250
ladder,1,1,A,39,8.230542
ladder,1,1,A,40,8.262250
ladder,1,1,A,41,8.244500
ladder,1,1,A,42,8.159583
ladder,1,1,A,43,8.241708
ladder,1,1,A,44,8.203917
ladder,1,1,A,45,8.166125
ladder,1,1,A,46,8.170875
ladder,1,1,A,47,8.137333
ladder,1,1,A,48,8.149667
ladder,1,1,A,49,8.125167
ladder,1,1,A,50,8.146875
ladder,1,1,A,51,8.156000
ladder,1,1,A,52,8.169375
ladder,1,1,A,53,8.113792
ladder,1,1,A,54,8.152125
ladder,1,1,A,55,8.139250
ladder,1,1,A,56,8.154958
ladder,1,1,A,57,8.113500
ladder,1,1,A,58,8.128375
ladder,1,1,A,59,8.158584
ladder,1,1,A,60,8.128209
ladder,1,1,A,61,8.138875
ladder,1,1,A,62,8.159459
ladder,1,1,A,63,8.114375
ladder,1,1,A,64,8.142125
ladder,1,1,A,65,8.172417
ladder,1,1,A,66,8.154042
ladder,1,1,A,67,8.127084
ladder,1,1,A,68,8.155917
ladder,1,1,A,69,8.134125
ladder,1,1,A,70,8.126916
ladder,1,1,A,71,8.192333
ladder,1,1,A,72,8.131292
ladder,1,1,A,73,8.163916
ladder,1,1,A,74,8.161000
ladder,1,1,A,75,8.192250
ladder,1,1,A,76,8.155250
ladder,1,1,A,77,8.149709
ladder,1,1,A,78,8.115875
ladder,1,1,A,79,8.192250
ladder,1,1,A,80,8.149833
ladder,1,1,A,81,8.191208
ladder,1,1,A,82,8.155875
ladder,1,1,A,83,8.217041
ladder,1,1,A,84,8.149959
ladder,1,1,A,85,8.252333
ladder,1,1,A,86,8.154791
ladder,1,1,A,87,8.200000
ladder,1,1,A,88,8.146375
ladder,1,1,A,89,8.201500
ladder,1,1,A,90,8.214125
ladder,1,1,A,91,8.349708
ladder,1,1,A,92,8.211584
ladder,1,1,A,93,8.196167
ladder,1,1,A,94,8.148666
ladder,1,1,A,95,8.215583
ladder,1,1,A,96,8.158458
ladder,1,1,A,97,8.166958
ladder,1,1,A,98,8.163375
ladder,1,1,A,99,8.196333
ladder,1,1,A,100,8.174292
ladder,1,1,A,101,8.193584
ladder,1,1,A,102,8.156000
ladder,1,1,A,103,8.191542
ladder,1,1,A,104,8.162292
ladder,1,1,A,105,8.232542
ladder,1,1,A,106,8.155083
ladder,1,1,A,107,8.200334
ladder,1,1,A,108,8.184958
ladder,1,1,A,109,8.234417
ladder,1,1,A,110,8.159917
ladder,1,1,A,111,8.187459
ladder,1,1,A,112,8.150958
ladder,1,1,A,113,8.203000
ladder,1,1,A,114,8.190208
ladder,1,1,A,115,8.195459
ladder,1,1,A,116,8.168583
ladder,1,1,A,117,8.179791
ladder,1,1,A,118,8.179000
ladder,1,1,A,119,8.170375
ladder,1,1,A,120,8.175000
ladder,1,1,A,121,8.260791
ladder,1,1,A,122,8.263541
ladder,1,1,A,123,8.373833
ladder,1,1,A,124,8.186208
ladder,1,1,A,125,8.165000
ladder,1,1,A,126,8.140125
ladder,1,1,A,127,8.132958
ladder,1,1,A,128,8.155209
ladder,1,1,A,129,8.150417
ladder,1,1,A,130,8.181208
ladder,1,1,A,131,8.170834
ladder,1,1,A,132,8.146333
ladder,1,1,A,133,8.243416
ladder,1,1,A,134,8.228625
ladder,1,1,A,135,8.231084
ladder,1,1,A,136,8.190125
ladder,1,1,A,137,8.254333
ladder,1,1,A,138,8.185750
ladder,1,1,A,139,8.201625
ladder,1,1,A,140,8.185583
ladder,1,1,A,141,8.204875
ladder,1,1,A,142,8.171875
ladder,1,1,A,143,8.177791
ladder,1,1,A,144,8.183708
ladder,1,1,A,145,8.186167
ladder,1,1,A,146,8.196083
ladder,1,1,A,147,8.163833
ladder,1,1,A,148,8.246209
ladder,1,1,A,149,8.253292
ladder,1,1,A,150,8.226042
ladder,1,1,A,151,8.229750
ladder,1,1,A,152,8.352625
ladder,1,1,A,153,8.155125
ladder,1,1,A,154,8.125667
ladder,1,1,A,155,8.103250
ladder,1,1,A,156,8.154250
ladder,1,1,A,157,8.164833
ladder,1,1,A,158,8.163500
ladder,1,1,A,159,8.110959
ladder,1,1,A,160,8.168208
ladder,1,1,A,161,8.083125
ladder,1,1,A,162,8.148583
ladder,1,1,A,163,8.089458
ladder,1,1,A,164,8.098041
ladder,1,1,A,165,8.111667
ladder,1,1,A,166,8.143000
ladder,1,1,A,167,8.129875
ladder,1,1,A,168,8.164375
ladder,1,1,A,169,8.081334
ladder,1,1,A,170,8.116250
ladder,1,1,A,171,8.132000
ladder,1,1,A,172,8.187083
ladder,1,1,A,173,8.204666
ladder,1,1,A,174,8.162125
ladder,1,1,A,175,8.126583
ladder,1,1,A,176,8.113917
ladder,1,1,A,177,8.139750
ladder,1,1,A,178,8.131417
ladder,1,1,A,179,8.071166
ladder,1,1,A,180,8.068667
ladder,1,1,A,181,8.209084
ladder,1,1,A,182,8.197333
ladder,1,1,A,183,8.169500
ladder,1,1,A,184,8.162167
ladder,1,1,A,185,8.163000
ladder,1,1,A,186,8.176458
ladder,1,1,A,187,8.190750
ladder,1,1,A,188,8.192917
ladder,1,1,A,189,8.176709
ladder,1,1,A,190,8.158625
ladder,1,1,A,191,8.199209
ladder,1,1,A,192,8.183375
ladder,1,1,A,193,8.206792
ladder,1,1,A,194,8.265458
ladder,1,1,A,195,8.221666
ladder,1,1,A,196,8.175708
ladder,1,1,A,197,8.253292
ladder,1,1,A,198,8.171125
ladder,1,1,A,199,8.234333
ladder,1,1,A,200,8.177625
ladder,1,1,A,201,8.220750
ladder,1,1,A,202,8.173625
ladder,1,1,A,203,8.226292
ladder,1,1,A,204,8.178250
ladder,1,1,A,205,8.231750
ladder,1,1,A,206,8.167459
ladder,1,1,A,207,8.225375
ladder,1,1,A,208,8.189042
ladder,1,1,A,209,8.210000
ladder,1,1,A,210,8.172000
ladder,1,1,A,211,8.213334
ladder,1,1,A,212,8.183958
ladder,1,1,A,213,8.238583
ladder,1,1,A,214,8.190334
ladder,1,1,A,215,8.208833
ladder,1,1,A,216,8.191875
ladder,1,1,A,217,8.222167
ladder,1,1,A,218,8.203375
ladder,1,1,A,219,8.213458
ladder,1,1,A,220,8.180583
ladder,1,1,A,221,8.209792
ladder,1,1,A,222,8.195750
ladder,1,1,A,223,8.218875
ladder,1,1,A,224,8.184791
ladder,1,1,A,225,8.221333
ladder,1,1,A,226,8.180459
ladder,1,1,A,227,8.202625
ladder,1,1,A,228,8.247292
ladder,1,1,A,229,8.200125
ladder,1,1,A,230,8.175417
ladder,1,1,A,231,8.189958
ladder,1,1,A,232,8.194541
ladder,1,1,A,233,8.158791
ladder,1,1,A,234,8.221167
ladder,1,1,A,235,8.213916
ladder,1,1,A,236,8.189334
ladder,1,1,A,237,8.200792
ladder,1,1,A,238,8.244667
ladder,1,1,A,239,8.184458
ladder,1,1,A,240,8.201458
ladder,1,1,A,241,8.149375
ladder,1,1,A,242,8.186666
ladder,1,1,A,243,8.206250
ladder,1,1,A,244,8.216208
ladder,1,1,A,245,8.189833
ladder,1,1,A,246,8.239417
ladder,1,1,A,247,8.199917
ladder,1,1,A,248,8.223209
ladder,1,1,A,249,8.208000
ladder,1,1,A,250,8.349041
ladder,1,1,A,251,8.187500
ladder,1,1,A,252,8.243417
ladder,1,1,A,253,8.222791
ladder,1,1,A,254,8.238125
ladder,1,1,A,255,8.189334
ladder,1,1,A,256,8.974625
ladder,1,1,A,257,8.283416
ladder,1,1,A,258,8.237917
ladder,1,1,A,259,8.202917
ladder,1,1,A,260,8.245833
ladder,1,1,A,261,8.214625
ladder,1,1,A,262,8.234625
ladder,1,1,A,263,8.216833
ladder,1,1,A,264,8.243875
ladder,1,1,A,265,8.198042
ladder,1,1,A,266,8.251416
ladder,1,1,A,267,8.203833
ladder,1,1,A,268,8.239459
ladder,1,1,A,269,8.281792
ladder,1,1,A,270,8.231042
ladder,1,1,A,271,8.203000
ladder,1,1,A,272,8.342250
ladder,1,1,A,273,8.170083
ladder,1,1,A,274,8.243083
ladder,1,1,A,275,8.185333
ladder,1,1,A,276,8.276000
ladder,1,1,A,277,8.196458
ladder,1,1,A,278,8.230416
ladder,1,1,A,279,8.177291
ladder,1,1,A,280,8.250458
ladder,1,1,A,281,8.207500
ladder,1,1,A,282,8.244917
ladder,1,1,A,283,8.202459
ladder,1,1,A,284,8.257667
ladder,1,1,A,285,8.222500
ladder,1,1,A,286,8.218416
ladder,1,1,A,287,8.221541
ladder,1,1,A,288,8.230125
ladder,1,1,A,289,8.179625
ladder,1,1,A,290,8.206750
ladder,1,1,A,291,8.211667
ladder,1,1,A,292,8.215375
ladder,1,1,A,293,8.216791
ladder,1,1,A,294,8.224917
ladder,1,1,A,295,8.210167
ladder,1,1,A,296,8.209584
ladder,1,1,A,297,8.190041
ladder,1,1,A,298,8.211583
ladder,1,1,A,299,8.198542
ladder,1,1,A,300,8.238375
ladder,1,1,A,301,8.195958
ladder,1,1,A,302,8.181833
ladder,1,1,A,303,8.194459
ladder,1,1,A,304,8.259083
ladder,1,1,A,305,8.203875
ladder,1,1,A,306,8.207375
ladder,1,1,A,307,8.182042
ladder,1,1,A,308,8.261416
ladder,1,1,A,309,8.208250
ladder,1,1,A,310,8.213375
ladder,1,1,A,311,8.217041
ladder,1,1,A,312,8.228834
ladder,1,1,A,313,8.219583
ladder,1,1,A,314,8.190250
ladder,1,1,A,315,8.214958
ladder,1,1,A,316,8.268958
ladder,1,1,A,317,8.257292
ladder,1,1,A,318,8.190000
ladder,1,1,A,319,8.203791
ladder,1,1,A,320,8.209250
ladder,1,1,A,321,8.279542
ladder,1,1,A,322,8.194666
ladder,1,1,A,323,8.228750
ladder,1,1,A,324,8.220791
ladder,1,1,A,325,8.230500
ladder,1,1,A,326,8.231208
ladder,1,1,A,327,8.222208
ladder,1,1,A,328,8.217500
ladder,1,1,A,329,8.240750
ladder,1,1,A,330,8.229500
ladder,1,1,A,331,8.232625
ladder,1,1,A,332,8.229667
ladder,1,1,A,333,8.267084
ladder,1,1,A,334,8.230375
ladder,1,1,A,335,8.267250
ladder,1,1,A,336,8.240125
ladder,1,1,A,337,8.269041
ladder,1,1,A,338,8.239917
ladder,1,1,A,339,8.268541
ladder,1,1,A,340,8.222833
ladder,1,1,A,341,8.271917
ladder,1,1,A,342,8.206500
ladder,1,1,A,343,8.297333
ladder,1,1,A,344,8.207000
ladder,1,1,A,345,8.283584
ladder,1,1,A,346,8.201000
ladder,1,1,A,347,8.258625
ladder,1,1,A,348,8.308042
ladder,1,1,A,349,8.255166
ladder,1,1,A,350,8.212208
ladder,1,1,A,351,8.355459
ladder,1,1,A,352,8.202666
ladder,1,1,A,353,8.281333
ladder,1,1,A,354,8.246125
ladder,1,1,A,355,8.282750
ladder,1,1,A,356,8.207709
ladder,1,1,A,357,8.291959
ladder,1,1,A,358,8.238209
ladder,1,1,A,359,8.294250
ladder,1,1,A,360,8.236167
ladder,1,1,A,361,8.289209
ladder,1,1,A,362,8.225083
ladder,1,1,A,363,8.258333
ladder,1,1,A,364,8.233125
ladder,1,1,A,365,8.275417
ladder,1,1,A,366,8.224792
ladder,1,1,A,367,8.278833
ladder,1,1,A,368,8.218708
ladder,1,1,A,369,8.285958
ladder,1,1,A,370,8.250791
ladder,1,1,A,371,8.283542
ladder,1,1,A,372,8.224458
ladder,1,1,A,373,8.281000
ladder,1,1,A,374,8.223542
ladder,1,1,A,375,8.263208
ladder,1,1,A,376,8.215791
ladder,1,1,A,377,8.223542
ladder,1,1,A,378,8.236208
ladder,1,1,A,379,8.265875
ladder,1,1,A,380,8.237625
ladder,1,1,A,381,8.253333
ladder,1,1,A,382,8.244666
ladder,1,1,A,383,8.286917
ladder,1,1,A,384,8.244500
ladder,1,1,A,385,8.327833
ladder,1,1,A,386,8.233708
ladder,1,1,A,387,8.373084
ladder,1,1,A,388,8.262000
ladder,1,1,A,389,8.272167
ladder,1,1,A,390,8.213125
ladder,1,1,A,391,8.264292
ladder,1,1,A,392,8.262500
ladder,1,1,A,393,8.263458
ladder,1,1,A,394,8.222208
ladder,1,1,A,395,8.238416
ladder,1,1,A,396,8.248958
ladder,1,1,A,397,8.246500
ladder,1,1,A,398,8.231625
ladder,1,1,A,399,8.342125
ladder,1,1,A,400,8.236250
ladder,1,1,A,401,8.265458
ladder,1,1,A,402,8.222375
ladder,1,1,A,403,8.271333
ladder,1,1,A,404,8.252417
ladder,1,1,A,405,8.288709
ladder,1,1,A,406,8.255458
ladder,1,1,A,407,8.267958
ladder,1,1,A,408,8.219458
ladder,1,1,A,409,8.244541
ladder,1,1,A,410,8.226750
ladder,1,1,A,411,8.241666
ladder,1,1,A,412,8.209125
ladder,1,1,A,413,8.270875
ladder,1,1,A,414,8.276125
ladder,1,1,A,415,8.241458
ladder,1,1,A,416,8.245708
ladder,1,1,A,417,8.240708
ladder,1,1,A,418,8.225792
ladder,1,1,A,419,8.236000
ladder,1,1,A,420,8.240583
ladder,1,1,A,421,8.244166
ladder,1,1,A,422,8.302500
ladder,1,1,A,423,8.208667
ladder,1,1,A,424,8.227833
ladder,1,1,A,425,8.213500
ladder,1,1,A,426,8.265333
ladder,1,1,A,427,8.265791
ladder,1,1,A,428,8.186209
ladder,1,1,A,429,8.260542
ladder,1,1,A,430,8.276458
ladder,1,1,A,431,8.229750
ladder,1,1,A,432,8.256458
ladder,1,1,A,433,8.260708
ladder,1,1,A,434,8.248208
ladder,1,1,A,435,8.220000
ladder,1,1,A,436,8.309791
ladder,1,1,A,437,8.255583
ladder,1,1,A,438,8.276250
ladder,1,1,A,439,8.247875
ladder,1,1,A,440,8.277709
ladder,1,1,A,441,8.273542
ladder,1,1,A,442,8.299667
ladder,1,1,A,443,8.224584
ladder,1,1,A,444,8.293292
ladder,1,1,A,445,8.224250
ladder,1,1,A,446,8.313709
ladder,1,1,A,447,8.276125
ladder,1,1,A,448,8.318709
ladder,1,1,A,449,8.257458
ladder,1,1,A,450,8.269583
ladder,1,1,A,451,8.242458
ladder,1,1,A,452,8.275291
ladder,1,1,A,453,8.275875
ladder,1,1,A,454,8.302625
ladder,1,1,A,455,8.244458
ladder,1,1,A,456,8.313292
ladder,1,1,A,457,8.257416
ladder,1,1,A,458,8.294209
ladder,1,1,A,459,8.275291
ladder,1,1,A,460,8.332292
ladder,1,1,A,461,8.312875
ladder,1,1,A,462,8.314792
ladder,1,1,A,463,8.355167
ladder,1,1,A,464,8.323750
ladder,1,1,A,465,8.323416
ladder,1,1,A,466,8.327958
ladder,1,1,A,467,8.347833
ladder,1,1,A,468,8.292208
ladder,1,1,A,469,8.237750
ladder,1,1,A,470,8.292000
ladder,1,1,A,471,8.251583
ladder,1,1,A,472,8.298125
ladder,1,1,A,473,8.278500
ladder,1,1,A,474,8.325083
ladder,1,1,A,475,8.261750
ladder,1,1,A,476,8.325125
ladder,1,1,A,477,8.261333
ladder,1,1,A,478,8.307250
ladder,1,1,A,479,8.269958
ladder,1,1,A,480,8.307541
ladder,1,1,A,481,8.288541
ladder,1,1,A,482,8.344667
ladder,1,1,A,483,8.280792
ladder,1,1,A,484,8.312625
ladder,1,1,A,485,8.283125
ladder,1,1,A,486,8.317958
ladder,1,1,A,487,8.259667
ladder,1,1,A,488,8.308667
ladder,1,1,A,489,8.281167
ladder,1,1,A,490,8.272209
ladder,1,1,A,491,8.259750
ladder,1,1,A,492,8.299375
ladder,1,1,A,493,8.275333
ladder,1,1,A,494,8.278542
ladder,1,1,A,495,8.255875
ladder,1,1,A,496,8.273042
ladder,1,1,A,497,8.301833
ladder,1,1,A,498,8.293417
ladder,1,1,A,499,8.282791
ladder,1,1,A,500,8.289916
ladder,1,1,A,501,8.278417
ladder,1,1,A,502,8.289667
ladder,1,1,A,503,8.273250
ladder,1,1,A,504,8.329083
ladder,1,1,A,505,8.267000
ladder,1,1,A,506,8.300458
ladder,1,1,A,507,8.263833
ladder,1,1,A,508,8.299083
ladder,1,1,A,509,8.272042
ladder,1,1,A,510,8.300167
ladder,1,1,A,511,8.282416
ladder,1,2,B,1,8.270375
ladder,1,2,B,2,8.170834
ladder,1,2,B,3,8.162000
ladder,1,2,B,4,8.103875
ladder,1,2,B,5,8.168125
ladder,1,2,B,6,8.172875
ladder,1,2,B,7,8.136875
ladder,1,2,B,8,8.127917
ladder,1,2,B,9,8.164583
ladder,1,2,B,10,8.132417
ladder,1,2,B,11,8.111625
ladder,1,2,B,12,8.143084
ladder,1,2,B,13,8.118083
ladder,1,2,B,14,8.091166
ladder,1,2,B,15,8.113375
ladder,1,2,B,16,8.091542
ladder,1,2,B,17,8.105916
ladder,1,2,B,18,8.144500
ladder,1,2,B,19,8.130292
ladder,1,2,B,20,8.110958
ladder,1,2,B,21,8.126000
ladder,1,2,B,22,8.117875
ladder,1,2,B,23,8.140792
ladder,1,2,B,24,8.158583
ladder,1,2,B,25,8.155458
ladder,1,2,B,26,8.132500
ladder,1,2,B,27,8.143750
ladder,1,2,B,28,8.132666
ladder,1,2,B,29,8.119833
ladder,1,2,B,30,8.117083
ladder,1,2,B,31,8.184459
ladder,1,2,B,32,8.130750
ladder,1,2,B,33,8.145125
ladder,1,2,B,34,8.144000
ladder,1,2,B,35,8.178333
ladder,1,2,B,36,8.146292
ladder,1,2,B,37,8.175375
ladder,1,2,B,38,8.153417
ladder,1,2,B,39,8.114958
ladder,1,2,B,40,8.156792
ladder,1,2,B,41,8.137625
ladder,1,2,B,42,8.160041
ladder,1,2,B,43,8.134584
ladder,1,2,B,44,8.152792
ladder,1,2,B,45,8.142125
ladder,1,2,B,46,8.182541
ladder,1,2,B,47,8.122042
ladder,1,2,B,48,8.163417
ladder,1,2,B,49,8.159334
ladder,1,2,B,50,8.152208
ladder,1,2,B,51,8.121834
ladder,1,2,B,52,8.158750
ladder,1,2,B,53,8.158583
ladder,1,2,B,54,8.165208
ladder,1,2,B,55,8.123292
ladder,1,2,B,56,8.168625
ladder,1,2,B,57,8.138250
ladder,1,2,B,58,8.142875
ladder,1,2,B,59,8.127375
ladder,1,2,B,60,8.185958
ladder,1,2,B,61,8.128042
ladder,1,2,B,62,8.172417
ladder,1,2,B,63,8.102250
ladder,1,2,B,64,8.167667
ladder,1,2,B,65,8.118333
ladder,1,2,B,66,8.182083
ladder,1,2,B,67,8.159500
ladder,1,2,B,68,8.158417
ladder,1,2,B,69,8.138000
ladder,1,2,B,70,8.130750
ladder,1,2,B,71,8.144458
ladder,1,2,B,72,8.274917
ladder,1,2,B,73,8.148291
ladder,1,2,B,74,8.133625
ladder,1,2,B,75,8.112292
ladder,1,2,B,76,8.125833
ladder,1,2,B,77,8.157333
ladder,1,2,B,78,8.106584
ladder,1,2,B,79,8.141667
ladder,1,2,B,80,8.147333
ladder,1,2,B,81,8.155167
ladder,1,2,B,82,8.149875
ladder,1,2,B,83,8.178958
ladder,1,2,B,84,8.113708
ladder,1,2,B,85,8.158125
ladder,1,2,B,86,8.146875
ladder,1,2,B,87,8.199250
ladder,1,2,B,88,8.174250
ladder,1,2,B,89,8.160292
ladder,1,2,B,90,8.104375
ladder,1,2,B,91,8.154500
ladder,1,2,B,92,8.162833
ladder,1,2,B,93,8.180708
ladder,1,2,B,94,8.135791
ladder,1,2,B,95,8.189500
ladder,1,2,B,96,8.150958
ladder,1,2,B,97,8.243333
ladder,1,2,B,98,8.160250
ladder,1,2,B,99,8.177833
ladder,1,2,B,100,8.137000
ladder,1,2,B,101,8.184750
ladder,1,2,B,102,8.156125
ladder,1,2,B,103,8.257750
ladder,1,2,B,104,8.293583
ladder,1,2,B,105,8.220167
ladder,1,2,B,106,8.125709
ladder,1,2,B,107,8.193875
ladder,1,2,B,108,8.161333
ladder,1,2,B,109,8.190458
ladder,1,2,B,110,8.170041
ladder,1,2,B,111,8.154583
ladder,1,2,B,112,8.156625
ladder,1,2,B,113,8.166709
ladder,1,2,B,114,8.152042
ladder,1,2,B,115,8.154833
ladder,1,2,B,116,8.154333
ladder,1,2,B,117,8.135000
ladder,1,2,B,118,8.151708
ladder,1,2,B,119,8.168375
ladder,1,2,B,120,8.145125
ladder,1,2,B,121,8.165208
ladder,1,2,B,122,8.141750
ladder,1,2,B,123,8.143417
ladder,1,2,B,124,8.157166
ladder,1,2,B,125,8.133250
ladder,1,2,B,126,8.163416
ladder,1,2,B,127,8.158542
ladder,1,2,B,128,8.146583
ladder,1,2,B,129,8.168500
ladder,1,2,B,130,8.158542
ladder,1,2,B,131,8.132666
ladder,1,2,B,132,8.147166
ladder,1,2,B,133,8.173458
ladder,1,2,B,134,8.240084
ladder,1,2,B,135,8.360167
ladder,1,2,B,136,8.188167
ladder,1,2,B,137,8.169042
ladder,1,2,B,138,8.146875
ladder,1,2,B,139,8.117416
ladder,1,2,B,140,8.142417
ladder,1,2,B,141,8.133625
ladder,1,2,B,142,8.159042
ladder,1,2,B,143,8.172875
ladder,1,2,B,144,8.173875
ladder,1,2,B,145,8.132083
ladder,1,2,B,146,8.196708
ladder,1,2,B,147,8.128334
ladder,1,2,B,148,8.204125
ladder,1,2,B,149,8.162417
ladder,1,2,B,150,8.167750
ladder,1,2,B,151,8.148917
ladder,1,2,B,152,8.179125
ladder,1,2,B,153,8.142208
ladder,1,2,B,154,8.207333
ladder,1,2,B,155,8.143583
ladder,1,2,B,156,8.170542
ladder,1,2,B,157,8.177542
ladder,1,2,B,158,8.207375
ladder,1,2,B,159,8.157333
ladder,1,2,B,160,8.169417
ladder,1,2,B,161,8.182833
ladder,1,2,B,162,8.162875
ladder,1,2,B,163,8.165542
ladder,1,2,B,164,8.157625
ladder,1,2,B,165,8.171625
ladder,1,2,B,166,8.181500
ladder,1,2,B,167,8.158209
ladder,1,2,B,168,8.180000
ladder,1,2,B,169,8.161333
ladder,1,2,B,170,8.171417
ladder,1,2,B,171,8.189125
ladder,1,2,B,172,8.154333
ladder,1,2,B,173,8.156125
ladder,1,2,B,174,8.183375
ladder,1,2,B,175,8.185000
ladder,1,2,B,176,8.172875
ladder,1,2,B,177,8.176500
ladder,1,2,B,178,8.173792
ladder,1,2,B,179,8.173541
ladder,1,2,B,180,8.151917
ladder,1,2,B,181,8.194333
ladder,1,2,B,182,8.142708
ladder,1,2,B,183,8.229459
ladder,1,2,B,184,8.172708
ladder,1,2,B,185,8.193708
ladder,1,2,B,186,8.185958
ladder,1,2,B,187,8.147584
ladder,1,2,B,188,8.169208
ladder,1,2,B,189,8.185500
ladder,1,2,B,190,8.164750
ladder,1,2,B,191,8.200375
ladder,1,2,B,192,8.157333
ladder,1,2,B,193,8.193500
ladder,1,2,B,194,8.172458
ladder,1,2,B,195,8.196625
ladder,1,2,B,196,8.169916
ladder,1,2,B,197,8.208958
ladder,1,2,B,198,8.169458
ladder,1,2,B,199,8.223375
ladder,1,2,B,200,8.126167
ladder,1,2,B,201,8.251042
ladder,1,2,B,202,8.157083
ladder,1,2,B,203,8.210584
ladder,1,2,B,204,8.174125
ladder,1,2,B,205,8.211458
ladder,1,2,B,206,8.175250
ladder,1,2,B,207,8.208250
ladder,1,2,B,208,8.169333
ladder,1,2,B,209,8.201208
ladder,1,2,B,210,8.175000
ladder,1,2,B,211,8.181791
ladder,1,2,B,212,8.176459
ladder,1,2,B,213,8.212000
ladder,1,2,B,214,8.158709
ladder,1,2,B,215,8.205958
ladder,1,2,B,216,8.149458
ladder,1,2,B,217,8.213750
ladder,1,2,B,218,8.156042
ladder,1,2,B,219,8.163500
ladder,1,2,B,220,8.177375
ladder,1,2,B,221,8.196375
ladder,1,2,B,222,8.187834
ladder,1,2,B,223,8.187833
ladder,1,2,B,224,8.180834
ladder,1,2,B,225,8.194709
ladder,1,2,B,226,8.167250
ladder,1,2,B,227,8.192792
ladder,1,2,B,228,8.189125
ladder,1,2,B,229,8.202583
ladder,1,2,B,230,8.196166
ladder,1,2,B,231,8.209291
ladder,1,2,B,232,8.193459
ladder,1,2,B,233,8.177125
ladder,1,2,B,234,8.188500
ladder,1,2,B,235,8.210875
ladder,1,2,B,236,8.215375
ladder,1,2,B,237,8.176167
ladder,1,2,B,238,8.188709
ladder,1,2,B,239,8.171458
ladder,1,2,B,240,8.190875
ladder,1,2,B,241,8.167959
ladder,1,2,B,242,8.192417
ladder,1,2,B,243,8.185875
ladder,1,2,B,244,8.179625
ladder,1,2,B,245,8.165792
ladder,1,2,B,246,8.166625
ladder,1,2,B,247,8.158000
ladder,1,2,B,248,8.188917
ladder,1,2,B,249,8.156041
ladder,1,2,B,250,8.174666
ladder,1,2,B,251,8.187750
ladder,1,2,B,252,8.179083
ladder,1,2,B,253,8.157500
ladder,1,2,B,254,8.181750
ladder,1,2,B,255,8.185459
ladder,1,2,B,256,8.917959
ladder,1,2,B,257,8.269583
ladder,1,2,B,258,8.227542
ladder,1,2,B,259,8.181083
ladder,1,2,B,260,8.215791
ladder,1,2,B,261,8.188750
ladder,1,2,B,262,8.193625
ladder,1,2,B,263,8.209000
ladder,1,2,B,264,8.252833
ladder,1,2,B,265,8.180167
ladder,1,2,B,266,8.197084
ladder,1,2,B,267,8.177292
ladder,1,2,B,268,8.220125
ladder,1,2,B,269,8.207625
ladder,1,2,B,270,8.233167
ladder,1,2,B,271,8.184250
ladder,1,2,B,272,8.237000
ladder,1,2,B,273,8.171500
ladder,1,2,B,274,8.213834
ladder,1,2,B,275,8.186708
ladder,1,2,B,276,8.218083
ladder,1,2,B,277,8.174959
ladder,1,2,B,278,8.223500
ladder,1,2,B,279,8.191375
ladder,1,2,B,280,8.211708
ladder,1,2,B,281,8.198250
ladder,1,2,B,282,8.213584
ladder,1,2,B,283,8.193958
ladder,1,2,B,284,8.247542
ladder,1,2,B,285,8.174084
ladder,1,2,B,286,8.210042
ladder,1,2,B,287,8.183583
ladder,1,2,B,288,8.214125
ladder,1,2,B,289,8.184583
ladder,1,2,B,290,8.222667
ladder,1,2,B,291,8.199708
ladder,1,2,B,292,8.219166
ladder,1,2,B,293,8.215291
ladder,1,2,B,294,8.216583
ladder,1,2,B,295,8.180209
ladder,1,2,B,296,8.228500
ladder,1,2,B,297,8.179750
ladder,1,2,B,298,8.211625
ladder,1,2,B,299,8.206625
ladder,1,2,B,300,8.238458
ladder,1,2,B,301,8.209041
ladder,1,2,B,302,8.196000
ladder,1,2,B,303,8.219250
ladder,1,2,B,304,8.186125
ladder,1,2,B,305,8.209667
ladder,1,2,B,306,8.173833
ladder,1,2,B,307,8.235000
ladder,1,2,B,308,8.208625
ladder,1,2,B,309,8.215334
ladder,1,2,B,310,8.149666
ladder,1,2,B,311,8.222584
ladder,1,2,B,312,8.170417
ladder,1,2,B,313,8.240500
ladder,1,2,B,314,8.232000
ladder,1,2,B,315,8.233666
ladder,1,2,B,316,8.208292
ladder,1,2,B,317,8.230334
ladder,1,2,B,318,8.265458
ladder,1,2,B,319,8.217541
ladder,1,2,B,320,8.204708
ladder,1,2,B,321,8.224041
ladder,1,2,B,322,8.214583
ladder,1,2,B,323,8.244959
ladder,1,2,B,324,8.195084
ladder,1,2,B,325,8.246958
ladder,1,2,B,326,8.186416
ladder,1,2,B,327,8.230417
ladder,1,2,B,328,8.225042
ladder,1,2,B,329,8.250625
ladder,1,2,B,330,8.247458
ladder,1,2,B,331,8.331083
ladder,1,2,B,332,8.197500
ladder,1,2,B,333,8.277167
ladder,1,2,B,334,8.200000
ladder,1,2,B,335,8.260917
ladder,1,2,B,336,8.208750
ladder,1,2,B,337,8.268250
ladder,1,2,B,338,8.212250
ladder,1,2,B,339,8.270000
ladder,1,2,B,340,8.183833
ladder,1,2,B,341,8.241500
ladder,1,2,B,342,8.209083
ladder,1,2,B,343,8.268542
ladder,1,2,B,344,8.189541
ladder,1,2,B,345,8.234708
ladder,1,2,B,346,8.213958
ladder,1,2,B,347,8.243250
ladder,1,2,B,348,8.209625
ladder,1,2,B,349,8.211958
ladder,1,2,B,350,8.211917
ladder,1,2,B,351,8.249417
ladder,1,2,B,352,8.227625
ladder,1,2,B,353,8.240125
ladder,1,2,B,354,8.217416
ladder,1,2,B,355,8.240792
ladder,1,2,B,356,8.206416
ladder,1,2,B,357,8.245416
ladder,1,2,B,358,8.209500
ladder,1,2,B,359,8.224875
ladder,1,2,B,360,8.242375
ladder,1,2,B,361,8.225375
ladder,1,2,B,362,8.217250
ladder,1,2,B,363,8.213625
ladder,1,2,B,364,8.223250
ladder,1,2,B,365,8.231083
ladder,1,2,B,366,8.218708
ladder,1,2,B,367,8.196583
ladder,1,2,B,368,8.201916
ladder,1,2,B,369,8.216333
ladder,1,2,B,370,8.200667
ladder,1,2,B,371,8.218209
ladder,1,2,B,372,8.237625
ladder,1,2,B,373,8.222500
ladder,1,2,B,374,8.202583
ladder,1,2,B,375,8.222292
ladder,1,2,B,376,8.210542
ladder,1,2,B,377,8.219500
ladder,1,2,B,378,8.218208
ladder,1,2,B,379,8.203458
ladder,1,2,B,380,8.224583
ladder,1,2,B,381,8.221583
ladder,1,2,B,382,8.177125
ladder,1,2,B,383,8.183792
ladder,1,2,B,384,8.204500
ladder,1,2,B,385,8.202583
ladder,1,2,B,386,8.269708
ladder,1,2,B,387,8.216458
ladder,1,2,B,388,8.224917
ladder,1,2,B,389,8.193125
ladder,1,2,B,390,8.230250
ladder,1,2,B,391,8.230292
ladder,1,2,B,392,8.257875
ladder,1,2,B,393,8.221584
ladder,1,2,B,394,8.226459
ladder,1,2,B,395,8.276667
ladder,1,2,B,396,8.246958
ladder,1,2,B,397,8.232584
ladder,1,2,B,398,8.245125
ladder,1,2,B,399,8.214542
ladder,1,2,B,400,8.265083
ladder,1,2,B,401,8.232125
ladder,1,2,B,402,8.277125
ladder,1,2,B,403,8.217417
ladder,1,2,B,404,8.274458
ladder,1,2,B,405,8.210333
ladder,1,2,B,406,8.277500
ladder,1,2,B,407,8.236250
ladder,1,2,B,408,8.251708
ladder,1,2,B,409,8.227250
ladder,1,2,B,410,8.299709
ladder,1,2,B,411,8.284209
ladder,1,2,B,412,8.250834
ladder,1,2,B,413,8.220542
ladder,1,2,B,414,8.335625
ladder,1,2,B,415,8.243959
ladder,1,2,B,416,8.256875
ladder,1,2,B,417,8.262333
ladder,1,2,B,418,8.282583
ladder,1,2,B,419,8.210000
ladder,1,2,B,420,8.280042
ladder,1,2,B,421,8.231916
ladder,1,2,B,422,8.260208
ladder,1,2,B,423,8.236208
ladder,1,2,B,424,8.267917
ladder,1,2,B,425,8.250500
ladder,1,2,B,426,8.286666
ladder,1,2,B,427,8.258291
ladder,1,2,B,428,8.264541
ladder,1,2,B,429,8.225792
ladder,1,2,B,430,8.270000
ladder,1,2,B,431,8.233875
ladder,1,2,B,432,8.268291
ladder,1,2,B,433,8.237917
ladder,1,2,B,434,8.251041
ladder,1,2,B,435,8.229208
ladder,1,2,B,436,8.260083
ladder,1,2,B,437,8.226167
ladder,1,2,B,438,8.256041
ladder,1,2,B,439,8.236208
ladder,1,2,B,440,8.283000
ladder,1,2,B,441,8.221417
ladder,1,2,B,442,8.237042
ladder,1,2,B,443,8.209291
ladder,1,2,B,444,8.271291
ladder,1,2,B,445,8.239167
ladder,1,2,B,446,8.232208
ladder,1,2,B,447,8.263958
ladder,1,2,B,448,8.262375
ladder,1,2,B,449,8.231208
ladder,1,2,B,450,8.277625
ladder,1,2,B,451,8.260625
ladder,1,2,B,452,8.252417
ladder,1,2,B,453,8.239625
ladder,1,2,B,454,8.255083
ladder,1,2,B,455,8.248791
ladder,1,2,B,456,8.255250
ladder,1,2,B,457,8.236667
ladder,1,2,B,458,8.252041
ladder,1,2,B,459,8.236209
ladder,1,2,B,460,8.275292
ladder,1,2,B,461,8.240333
ladder,1,2,B,462,8.246125
ladder,1,2,B,463,8.243000
ladder,1,2,B,464,8.273458
ladder,1,2,B,465,8.260750
ladder,1,2,B,466,8.311292
ladder,1,2,B,467,8.245292
ladder,1,2,B,468,8.240584
ladder,1,2,B,469,8.234417
ladder,1,2,B,470,8.251459
ladder,1,2,B,471,8.272208
ladder,1,2,B,472,8.233000
ladder,1,2,B,473,8.250583
ladder,1,2,B,474,8.397083
ladder,1,2,B,475,8.252833
ladder,1,2,B,476,8.246042
ladder,1,2,B,477,8.262083
ladder,1,2,B,478,8.244208
ladder,1,2,B,479,8.226208
ladder,1,2,B,480,8.272958
ladder,1,2,B,481,8.275042
ladder,1,2,B,482,8.223625
ladder,1,2,B,483,8.245750
ladder,1,2,B,484,8.246542
ladder,1,2,B,485,8.253250
ladder,1,2,B,486,8.227500
ladder,1,2,B,487,8.251500
ladder,1,2,B,488,8.231708
ladder,1,2,B,489,8.226708
ladder,1,2,B,490,8.257208
ladder,1,2,B,491,8.235208
ladder,1,2,B,492,8.203958
ladder,1,2,B,493,8.254042
ladder,1,2,B,494,8.331500
ladder,1,2,B,495,8.280084
ladder,1,2,B,496,8.260458
ladder,1,2,B,497,8.238583
ladder,1,2,B,498,8.239458
ladder,1,2,B,499,8.250709
ladder,1,2,B,500,8.261625
ladder,1,2,B,501,8.283791
ladder,1,2,B,502,8.245959
ladder,1,2,B,503,8.262083
ladder,1,2,B,504,8.214875
ladder,1,2,B,505,8.272291
ladder,1,2,B,506,8.263625
ladder,1,2,B,507,8.255583
ladder,1,2,B,508,8.244959
ladder,1,2,B,509,8.262083
ladder,1,2,B,510,8.233750
ladder,1,2,B,511,8.319709
ladder,1,3,D,1,11.166041
ladder,1,3,D,2,11.253209
ladder,1,3,D,3,9.115958
ladder,1,3,D,4,8.335833
ladder,1,3,D,5,8.281625
ladder,1,3,D,6,8.169250
ladder,1,3,D,7,8.196791
ladder,1,3,D,8,8.146792
ladder,1,3,D,9,8.175750
ladder,1,3,D,10,8.155375
ladder,1,3,D,11,8.122917
ladder,1,3,D,12,8.120542
ladder,1,3,D,13,8.190375
ladder,1,3,D,14,8.111167
ladder,1,3,D,15,8.140166
ladder,1,3,D,16,8.130000
ladder,1,3,D,17,8.104291
ladder,1,3,D,18,8.111916
ladder,1,3,D,19,8.103083
ladder,1,3,D,20,8.150500
ladder,1,3,D,21,8.108667
ladder,1,3,D,22,8.143375
ladder,1,3,D,23,8.115125
ladder,1,3,D,24,8.159875
ladder,1,3,D,25,8.077333
ladder,1,3,D,26,8.257375
ladder,1,3,D,27,8.262583
ladder,1,3,D,28,8.253000
ladder,1,3,D,29,8.086000
ladder,1,3,D,30,8.098791
ladder,1,3,D,31,8.126625
ladder,1,3,D,32,8.160458
ladder,1,3,D,33,8.093916
ladder,1,3,D,34,8.131958
ladder,1,3,D,35,8.055167
ladder,1,3,D,36,8.168000
ladder,1,3,D,37,8.230667
ladder,1,3,D,38,8.310500
ladder,1,3,D,39,8.262209
ladder,1,3,D,40,8.274209
ladder,1,3,D,41,8.253250
ladder,1,3,D,42,8.296708
ladder,1,3,D,43,8.310458
ladder,1,3,D,44,8.407292
ladder,1,3,D,45,8.268417
ladder,1,3,D,46,8.216541
ladder,1,3,D,47,8.160375
ladder,1,3,D,48,8.171458
ladder,1,3,D,49,8.165375
ladder,1,3,D,50,8.155041
ladder,1,3,D,51,8.154083
ladder,1,3,D,52,8.172541
ladder,1,3,D,53,8.176833
ladder,1,3,D,54,8.167291
ladder,1,3,D,55,8.164625
ladder,1,3,D,56,8.156542
ladder,1,3,D,57,8.135083
ladder,1,3,D,58,8.129916
ladder,1,3,D,59,8.185875
ladder,1,3,D,60,8.170958
ladder,1,3,D,61,8.157417
ladder,1,3,D,62,8.187291
ladder,1,3,D,63,8.171958
ladder,1,3,D,64,8.193625
ladder,1,3,D,65,8.147000
ladder,1,3,D,66,8.136333
ladder,1,3,D,67,8.162125
ladder,1,3,D,68,8.166333
ladder,1,3,D,69,8.153458
ladder,1,3,D,70,8.138416
ladder,1,3,D,71,8.162834
ladder,1,3,D,72,8.150375
ladder,1,3,D,73,8.165083
ladder,1,3,D,74,8.116708
ladder,1,3,D,75,8.165833
ladder,1,3,D,76,8.156209
ladder,1,3,D,77,8.194917
ladder,1,3,D,78,8.174250
ladder,1,3,D,79,8.194917
ladder,1,3,D,80,8.194416
ladder,1,3,D,81,8.179958
ladder,1,3,D,82,8.151625
ladder,1,3,D,83,8.197125
ladder,1,3,D,84,8.167208
ladder,1,3,D,85,8.197333
ladder,1,3,D,86,8.152958
ladder,1,3,D,87,8.225792
ladder,1,3,D,88,8.129166
ladder,1,3,D,89,8.281542
ladder,1,3,D,90,8.230209
ladder,1,3,D,91,8.348834
ladder,1,3,D,92,8.193083
ladder,1,3,D,93,8.295583
ladder,1,3,D,94,8.165250
ladder,1,3,D,95,8.195917
ladder,1,3,D,96,8.156083
ladder,1,3,D,97,8.195625
ladder,1,3,D,98,8.193709
ladder,1,3,D,99,8.255792
ladder,1,3,D,100,8.161542
ladder,1,3,D,101,8.271542
ladder,1,3,D,102,8.160291
ladder,1,3,D,103,8.203959
ladder,1,3,D,104,8.173958
ladder,1,3,D,105,8.171459
ladder,1,3,D,106,8.166667
ladder,1,3,D,107,8.247167
ladder,1,3,D,108,8.268667
ladder,1,3,D,109,8.285417
ladder,1,3,D,110,8.265792
ladder,1,3,D,111,8.249167
ladder,1,3,D,112,8.189084
ladder,1,3,D,113,8.199208
ladder,1,3,D,114,8.172750
ladder,1,3,D,115,8.220375
ladder,1,3,D,116,8.188042
ladder,1,3,D,117,8.162292
ladder,1,3,D,118,8.166334
ladder,1,3,D,119,8.201125
ladder,1,3,D,120,8.179917
ladder,1,3,D,121,8.288041
ladder,1,3,D,122,8.243500
ladder,1,3,D,123,8.279458
ladder,1,3,D,124,8.230625
ladder,1,3,D,125,8.246209
ladder,1,3,D,126,8.241166
ladder,1,3,D,127,8.131250
ladder,1,3,D,128,8.250792
ladder,1,3,D,129,8.200875
ladder,1,3,D,130,8.200291
ladder,1,3,D,131,8.156167
ladder,1,3,D,132,8.182083
ladder,1,3,D,133,8.138708
ladder,1,3,D,134,8.207292
ladder,1,3,D,135,8.179333
ladder,1,3,D,136,8.228416
ladder,1,3,D,137,8.164542
ladder,1,3,D,138,8.190166
ladder,1,3,D,139,8.150042
ladder,1,3,D,140,8.211875
ladder,1,3,D,141,8.165417
ladder,1,3,D,142,8.198417
ladder,1,3,D,143,8.176916
ladder,1,3,D,144,8.232500
ladder,1,3,D,145,8.173709
ladder,1,3,D,146,8.211625
ladder,1,3,D,147,8.151000
ladder,1,3,D,148,8.242542
ladder,1,3,D,149,8.160833
ladder,1,3,D,150,8.196625
ladder,1,3,D,151,8.189125
ladder,1,3,D,152,8.200750
ladder,1,3,D,153,8.163750
ladder,1,3,D,154,8.221333
ladder,1,3,D,155,8.254125
ladder,1,3,D,156,8.237458
ladder,1,3,D,157,8.166583
ladder,1,3,D,158,8.213000
ladder,1,3,D,159,8.150625
ladder,1,3,D,160,8.236625
ladder,1,3,D,161,8.172875
ladder,1,3,D,162,8.218917
ladder,1,3,D,163,8.193334
ladder,1,3,D,164,8.236958
ladder,1,3,D,165,8.183833
ladder,1,3,D,166,8.207459
ladder,1,3,D,167,8.182042
ladder,1,3,D,168,8.205792
ladder,1,3,D,169,8.175042
ladder,1,3,D,170,8.181458
ladder,1,3,D,171,8.167084
ladder,1,3,D,172,8.194792
ladder,1,3,D,173,8.188000
ladder,1,3,D,174,8.160791
ladder,1,3,D,175,8.208750
ladder,1,3,D,176,8.180708
ladder,1,3,D,177,8.173292
ladder,1,3,D,178,8.218708
ladder,1,3,D,179,8.186167
ladder,1,3,D,180,8.176833
ladder,1,3,D,181,8.166500
ladder,1,3,D,182,8.185875
ladder,1,3,D,183,8.172666
ladder,1,3,D,184,8.172208
ladder,1,3,D,185,8.169959
ladder,1,3,D,186,8.191000
ladder,1,3,D,187,8.172666
ladder,1,3,D,188,8.180667
ladder,1,3,D,189,8.179167
ladder,1,3,D,190,8.166875
ladder,1,3,D,191,8.183125
ladder,1,3,D,192,8.159000
ladder,1,3,D,193,8.179292
ladder,1,3,D,194,8.181917
ladder,1,3,D,195,8.193500
ladder,1,3,D,196,8.175167
ladder,1,3,D,197,8.209083
ladder,1,3,D,198,8.174250
ladder,1,3,D,199,8.237167
ladder,1,3,D,200,8.172959
ladder,1,3,D,201,8.177958
ladder,1,3,D,202,8.195500
ladder,1,3,D,203,8.215750
ladder,1,3,D,204,8.228542
ladder,1,3,D,205,8.218500
ladder,1,3,D,206,8.186625
ladder,1,3,D,207,8.295125
ladder,1,3,D,208,8.198875
ladder,1,3,D,209,8.226125
ladder,1,3,D,210,8.182375
ladder,1,3,D,211,8.239208
ladder,1,3,D,212,8.175125
ladder,1,3,D,213,8.245541
ladder,1,3,D,214,8.184417
ladder,1,3,D,215,8.233833
ladder,1,3,D,216,8.173042
ladder,1,3,D,217,8.226083
ladder,1,3,D,218,8.200334
ladder,1,3,D,219,8.244875
ladder,1,3,D,220,8.191792
ladder,1,3,D,221,8.207125
ladder,1,3,D,222,8.194292
ladder,1,3,D,223,8.235000
ladder,1,3,D,224,8.189250
ladder,1,3,D,225,8.229333
ladder,1,3,D,226,8.228792
ladder,1,3,D,227,8.227667
ladder,1,3,D,228,8.172334
ladder,1,3,D,229,8.262792
ladder,1,3,D,230,8.248667
ladder,1,3,D,231,8.213250
ladder,1,3,D,232,8.202666
ladder,1,3,D,233,8.215625
ladder,1,3,D,234,8.227125
ladder,1,3,D,235,8.220208
ladder,1,3,D,236,8.196542
ladder,1,3,D,237,8.242334
ladder,1,3,D,238,8.237583
ladder,1,3,D,239,8.224834
ladder,1,3,D,240,8.185958
ladder,1,3,D,241,8.214500
ladder,1,3,D,242,8.225541
ladder,1,3,D,243,8.222500
ladder,1,3,D,244,8.203250
ladder,1,3,D,245,8.232166
ladder,1,3,D,246,8.243917
ladder,1,3,D,247,8.222333
ladder,1,3,D,248,8.229541
ladder,1,3,D,249,8.237459
ladder,1,3,D,250,8.192750
ladder,1,3,D,251,8.212625
ladder,1,3,D,252,8.213167
ladder,1,3,D,253,8.216792
ladder,1,3,D,254,8.222500
ladder,1,3,D,255,8.215458
ladder,1,3,D,256,8.944000
ladder,1,3,D,257,8.324125
ladder,1,3,D,258,8.238208
ladder,1,3,D,259,8.220459
ladder,1,3,D,260,8.195875
ladder,1,3,D,261,8.210000
ladder,1,3,D,262,8.210791
ladder,1,3,D,263,8.214042
ladder,1,3,D,264,8.207500
ladder,1,3,D,265,8.223334
ladder,1,3,D,266,8.235666
ladder,1,3,D,267,8.206041
ladder,1,3,D,268,8.212000
ladder,1,3,D,269,8.221583
ladder,1,3,D,270,8.227041
ladder,1,3,D,271,8.180792
ladder,1,3,D,272,8.217625
ladder,1,3,D,273,8.210917
ladder,1,3,D,274,8.216500
ladder,1,3,D,275,8.153958
ladder,1,3,D,276,8.224833
ladder,1,3,D,277,8.215417
ladder,1,3,D,278,8.243833
ladder,1,3,D,279,8.195750
ladder,1,3,D,280,8.234167
ladder,1,3,D,281,8.200875
ladder,1,3,D,282,8.264500
ladder,1,3,D,283,8.231833
ladder,1,3,D,284,8.240084
ladder,1,3,D,285,8.219125
ladder,1,3,D,286,8.242916
ladder,1,3,D,287,8.217750
ladder,1,3,D,288,8.232459
ladder,1,3,D,289,8.202625
ladder,1,3,D,290,8.233042
ladder,1,3,D,291,8.206500
ladder,1,3,D,292,8.235083
ladder,1,3,D,293,8.219333
ladder,1,3,D,294,8.226250
ladder,1,3,D,295,8.206417
ladder,1,3,D,296,8.247458
ladder,1,3,D,297,8.219875
ladder,1,3,D,298,8.270167
ladder,1,3,D,299,8.233208
ladder,1,3,D,300,8.234708
ladder,1,3,D,301,8.218916
ladder,1,3,D,302,8.289042
ladder,1,3,D,303,8.204750
ladder,1,3,D,304,8.200708
ladder,1,3,D,305,8.223459
ladder,1,3,D,306,8.250792
ladder,1,3,D,307,8.212250
ladder,1,3,D,308,8.239292
ladder,1,3,D,309,8.178083
ladder,1,3,D,310,8.217500
ladder,1,3,D,311,8.209291
ladder,1,3,D,312,8.213583
ladder,1,3,D,313,8.214083
ladder,1,3,D,314,8.216666
ladder,1,3,D,315,8.203916
ladder,1,3,D,316,8.249334
ladder,1,3,D,317,8.207541
ladder,1,3,D,318,8.233583
ladder,1,3,D,319,8.229584
ladder,1,3,D,320,8.260834
ladder,1,3,D,321,8.227084
ladder,1,3,D,322,8.260708
ladder,1,3,D,323,8.252417
ladder,1,3,D,324,8.272042
ladder,1,3,D,325,8.190000
ladder,1,3,D,326,8.353625
ladder,1,3,D,327,8.372333
ladder,1,3,D,328,8.360125
ladder,1,3,D,329,8.424333
ladder,1,3,D,330,8.458750
ladder,1,3,D,331,8.461583
ladder,1,3,D,332,8.436750
ladder,1,3,D,333,8.400000
ladder,1,3,D,334,8.369083
ladder,1,3,D,335,8.363458
ladder,1,3,D,336,8.332458
ladder,1,3,D,337,8.290708
ladder,1,3,D,338,8.342542
ladder,1,3,D,339,8.325375
ladder,1,3,D,340,8.377125
ladder,1,3,D,341,8.295917
ladder,1,3,D,342,8.312041
ladder,1,3,D,343,8.309083
ladder,1,3,D,344,8.302083
ladder,1,3,D,345,8.308959
ladder,1,3,D,346,8.269459
ladder,1,3,D,347,8.231833
ladder,1,3,D,348,8.254500
ladder,1,3,D,349,8.233917
ladder,1,3,D,350,8.304583
ladder,1,3,D,351,8.237417
ladder,1,3,D,352,8.283917
ladder,1,3,D,353,8.253833
ladder,1,3,D,354,8.275375
ladder,1,3,D,355,8.249209
ladder,1,3,D,356,8.253916
ladder,1,3,D,357,8.244250
ladder,1,3,D,358,8.250500
ladder,1,3,D,359,8.235458
ladder,1,3,D,360,8.263833
ladder,1,3,D,361,8.240167
ladder,1,3,D,362,8.247542
ladder,1,3,D,363,8.245417
ladder,1,3,D,364,8.280916
ladder,1,3,D,365,8.229083
ladder,1,3,D,366,8.255291
ladder,1,3,D,367,8.245625
ladder,1,3,D,368,8.282375
ladder,1,3,D,369,8.257375
ladder,1,3,D,370,8.236791
ladder,1,3,D,371,8.279291
ladder,1,3,D,372,8.257042
ladder,1,3,D,373,8.243750
ladder,1,3,D,374,8.235875
ladder,1,3,D,375,8.238625
ladder,1,3,D,376,8.225833
ladder,1,3,D,377,8.254791
ladder,1,3,D,378,8.241250
ladder,1,3,D,379,8.267416
ladder,1,3,D,380,8.266709
ladder,1,3,D,381,8.226084
ladder,1,3,D,382,8.248417
ladder,1,3,D,383,8.229791
ladder,1,3,D,384,8.245792
ladder,1,3,D,385,8.258708
ladder,1,3,D,386,8.236375
ladder,1,3,D,387,8.269291
ladder,1,3,D,388,8.232042
ladder,1,3,D,389,8.252917
ladder,1,3,D,390,8.234833
ladder,1,3,D,391,8.277166
ladder,1,3,D,392,8.222709
ladder,1,3,D,393,8.260208
ladder,1,3,D,394,8.209042
ladder,1,3,D,395,8.269666
ladder,1,3,D,396,8.251750
ladder,1,3,D,397,8.256750
ladder,1,3,D,398,8.242334
ladder,1,3,D,399,8.274959
ladder,1,3,D,400,8.265166
ladder,1,3,D,401,8.260750
ladder,1,3,D,402,8.260334
ladder,1,3,D,403,8.318417
ladder,1,3,D,404,8.253542
ladder,1,3,D,405,8.253209
ladder,1,3,D,406,8.248875
ladder,1,3,D,407,8.301750
ladder,1,3,D,408,8.240833
ladder,1,3,D,409,8.279333
ladder,1,3,D,410,8.259792
ladder,1,3,D,411,8.233458
ladder,1,3,D,412,8.255875
ladder,1,3,D,413,8.255416
ladder,1,3,D,414,8.246167
ladder,1,3,D,415,8.226750
ladder,1,3,D,416,8.265417
ladder,1,3,D,417,8.295250
ladder,1,3,D,418,8.251583
ladder,1,3,D,419,8.277708
ladder,1,3,D,420,8.286209
ladder,1,3,D,421,8.262042
ladder,1,3,D,422,8.237042
ladder,1,3,D,423,8.313875
ladder,1,3,D,424,8.240834
ladder,1,3,D,425,8.266125
ladder,1,3,D,426,8.230000
ladder,1,3,D,427,8.291666
ladder,1,3,D,428,8.237083
ladder,1,3,D,429,8.263833
ladder,1,3,D,430,8.217416
ladder,1,3,D,431,8.249084
ladder,1,3,D,432,8.261959
ladder,1,3,D,433,8.274500
ladder,1,3,D,434,8.235500
ladder,1,3,D,435,8.277334
ladder,1,3,D,436,8.278708
ladder,1,3,D,437,8.293459
ladder,1,3,D,438,8.250250
ladder,1,3,D,439,8.294333
ladder,1,3,D,440,8.264875
ladder,1,3,D,441,8.260875
ladder,1,3,D,442,8.261500
ladder,1,3,D,443,8.323250
ladder,1,3,D,444,8.267084
ladder,1,3,D,445,8.308208
ladder,1,3,D,446,8.259583
ladder,1,3,D,447,8.299000
ladder,1,3,D,448,8.270375
ladder,1,3,D,449,8.268958
ladder,1,3,D,450,8.283875
ladder,1,3,D,451,8.291750
ladder,1,3,D,452,8.262375
ladder,1,3,D,453,8.292750
ladder,1,3,D,454,8.247583
ladder,1,3,D,455,8.275791
ladder,1,3,D,456,8.256792
ladder,1,3,D,457,8.296209
ladder,1,3,D,458,8.256458
ladder,1,3,D,459,8.281625
ladder,1,3,D,460,8.280000
ladder,1,3,D,461,8.308209
ladder,1,3,D,462,8.264208
ladder,1,3,D,463,8.298875
ladder,1,3,D,464,8.268250
ladder,1,3,D,465,8.307583
ladder,1,3,D,466,8.264292
ladder,1,3,D,467,8.313542
ladder,1,3,D,468,8.298166
ladder,1,3,D,469,8.242208
ladder,1,3,D,470,8.287459
ladder,1,3,D,471,8.295209
ladder,1,3,D,472,8.271792
ladder,1,3,D,473,8.269458
ladder,1,3,D,474,8.284167
ladder,1,3,D,475,8.284250
ladder,1,3,D,476,8.287750
ladder,1,3,D,477,8.289416
ladder,1,3,D,478,8.263833
ladder,1,3,D,479,8.275000
ladder,1,3,D,480,8.287917
ladder,1,3,D,481,8.257958
ladder,1,3,D,482,8.245125
ladder,1,3,D,483,8.288250
ladder,1,3,D,484,8.319084
ladder,1,3,D,485,8.291000
ladder,1,3,D,486,8.262042
ladder,1,3,D,487,8.282125
ladder,1,3,D,488,8.278458
ladder,1,3,D,489,8.293417
ladder,1,3,D,490,8.287500
ladder,1,3,D,491,8.324833
ladder,1,3,D,492,8.273209
ladder,1,3,D,493,8.280708
ladder,1,3,D,494,8.293709
ladder,1,3,D,495,8.282458
ladder,1,3,D,496,8.254500
ladder,1,3,D,497,8.293000
ladder,1,3,D,498,8.301000
ladder,1,3,D,499,8.323291
ladder,1,3,D,500,8.267667
ladder,1,3,D,501,8.324083
ladder,1,3,D,502,8.324083
ladder,1,3,D,503,8.300416
ladder,1,3,D,504,8.280375
ladder,1,3,D,505,8.289833
ladder,1,3,D,506,8.307125
ladder,1,3,D,507,8.264291
ladder,1,3,D,508,8.293250
ladder,1,3,D,509,8.244666
ladder,1,3,D,510,8.293833
ladder,1,3,D,511,8.305542
ladder,1,4,D,1,8.256209
ladder,1,4,D,2,8.161167
ladder,1,4,D,3,8.203541
ladder,1,4,D,4,8.145417
ladder,1,4,D,5,8.193291
ladder,1,4,D,6,8.140125
ladder,1,4,D,7,8.181750
ladder,1,4,D,8,8.153042
ladder,1,4,D,9,8.185834
ladder,1,4,D,10,8.110500
ladder,1,4,D,11,8.140416
ladder,1,4,D,12,8.139666
ladder,1,4,D,13,8.177958
ladder,1,4,D,14,8.161416
ladder,1,4,D,15,8.213917
ladder,1,4,D,16,8.143250
ladder,1,4,D,17,8.154875
ladder,1,4,D,18,8.144958
ladder,1,4,D,19,8.130458
ladder,1,4,D,20,8.158083
ladder,1,4,D,21,8.160625
ladder,1,4,D,22,8.143041
ladder,1,4,D,23,8.146375
ladder,1,4,D,24,8.165084
ladder,1,4,D,25,8.152709
ladder,1,4,D,26,8.155541
ladder,1,4,D,27,8.109500
ladder,1,4,D,28,8.167459
ladder,1,4,D,29,8.113083
ladder,1,4,D,30,8.162750
ladder,1,4,D,31,8.146000
ladder,1,4,D,32,8.157583
ladder,1,4,D,33,8.137750
ladder,1,4,D,34,8.151584
ladder,1,4,D,35,8.132000
ladder,1,4,D,36,8.162292
ladder,1,4,D,37,8.137666
ladder,1,4,D,38,8.161791
ladder,1,4,D,39,8.160458
ladder,1,4,D,40,8.176125
ladder,1,4,D,41,8.199500
ladder,1,4,D,42,8.148291
ladder,1,4,D,43,8.132709
ladder,1,4,D,44,8.120708
ladder,1,4,D,45,8.130542
ladder,1,4,D,46,8.158750
ladder,1,4,D,47,8.117750
ladder,1,4,D,48,8.150792
ladder,1,4,D,49,8.139042
ladder,1,4,D,50,8.161458
ladder,1,4,D,51,8.128709
ladder,1,4,D,52,8.123917
ladder,1,4,D,53,8.148458
ladder,1,4,D,54,8.168958
ladder,1,4,D,55,8.127375
ladder,1,4,D,56,8.124917
ladder,1,4,D,57,8.120750
ladder,1,4,D,58,8.174042
ladder,1,4,D,59,8.147834
ladder,1,4,D,60,8.209875
ladder,1,4,D,61,8.134500
ladder,1,4,D,62,8.137458
ladder,1,4,D,63,8.138833
ladder,1,4,D,64,8.171042
ladder,1,4,D,65,8.195791
ladder,1,4,D,66,8.147833
ladder,1,4,D,67,8.147791
ladder,1,4,D,68,8.163666
ladder,1,4,D,69,8.158125
ladder,1,4,D,70,8.146708
ladder,1,4,D,71,8.207084
ladder,1,4,D,72,8.139000
ladder,1,4,D,73,8.178834
ladder,1,4,D,74,8.119167
ladder,1,4,D,75,8.158708
ladder,1,4,D,76,8.160667
ladder,1,4,D,77,8.264917
ladder,1,4,D,78,8.176125
ladder,1,4,D,79,8.190292
ladder,1,4,D,80,8.151459
ladder,1,4,D,81,8.183000
ladder,1,4,D,82,8.152958
ladder,1,4,D,83,8.170625
ladder,1,4,D,84,8.158583
ladder,1,4,D,85,8.199584
ladder,1,4,D,86,8.133834
ladder,1,4,D,87,8.209375
ladder,1,4,D,88,8.142416
ladder,1,4,D,89,8.202792
ladder,1,4,D,90,8.146167
ladder,1,4,D,91,8.246791
ladder,1,4,D,92,8.183000
ladder,1,4,D,93,8.219833
ladder,1,4,D,94,8.160083
ladder,1,4,D,95,8.213417
ladder,1,4,D,96,8.172333
ladder,1,4,D,97,8.214209
ladder,1,4,D,98,8.166542
ladder,1,4,D,99,8.182833
ladder,1,4,D,100,8.174334
ladder,1,4,D,101,8.211708
ladder,1,4,D,102,8.149625
ladder,1,4,D,103,8.174334
ladder,1,4,D,104,8.160458
ladder,1,4,D,105,8.190709
ladder,1,4,D,106,8.158292
ladder,1,4,D,107,8.208834
ladder,1,4,D,108,8.348000
ladder,1,4,D,109,8.301459
ladder,1,4,D,110,8.190917
ladder,1,4,D,111,8.213709
ladder,1,4,D,112,8.158917
ladder,1,4,D,113,8.207541
ladder,1,4,D,114,8.174291
ladder,1,4,D,115,8.171375
ladder,1,4,D,116,8.160458
ladder,1,4,D,117,8.190875
ladder,1,4,D,118,8.172292
ladder,1,4,D,119,8.186875
ladder,1,4,D,120,8.149500
ladder,1,4,D,121,8.166917
ladder,1,4,D,122,8.167541
ladder,1,4,D,123,8.164917
ladder,1,4,D,124,8.207583
ladder,1,4,D,125,8.189458
ladder,1,4,D,126,8.175250
ladder,1,4,D,127,8.138458
ladder,1,4,D,128,8.164667
ladder,1,4,D,129,8.157416
ladder,1,4,D,130,8.182042
ladder,1,4,D,131,8.155000
ladder,1,4,D,132,8.194958
ladder,1,4,D,133,8.157542
ladder,1,4,D,134,8.227125
ladder,1,4,D,135,8.187875
ladder,1,4,D,136,8.180791
ladder,1,4,D,137,8.176834
ladder,1,4,D,138,8.294833
ladder,1,4,D,139,8.344375
ladder,1,4,D,140,8.249458
ladder,1,4,D,141,8.177958
ladder,1,4,D,142,8.204625
ladder,1,4,D,143,8.170958
ladder,1,4,D,144,8.220500
ladder,1,4,D,145,8.167209
ladder,1,4,D,146,8.228375
ladder,1,4,D,147,8.166875
ladder,1,4,D,148,8.267000
ladder,1,4,D,149,8.169750
ladder,1,4,D,150,8.205792
ladder,1,4,D,151,8.187834
ladder,1,4,D,152,8.291000
ladder,1,4,D,153,8.157417
ladder,1,4,D,154,8.187333
ladder,1,4,D,155,8.181792
ladder,1,4,D,156,8.185417
ladder,1,4,D,157,8.184042
ladder,1,4,D,158,8.193500
ladder,1,4,D,159,8.174750
ladder,1,4,D,160,8.182000
ladder,1,4,D,161,8.176750
ladder,1,4,D,162,8.198083
ladder,1,4,D,163,8.174209
ladder,1,4,D,164,8.206292
ladder,1,4,D,165,8.174834
ladder,1,4,D,166,8.169875
ladder,1,4,D,167,8.197250
ladder,1,4,D,168,8.200917
ladder,1,4,D,169,8.193584
ladder,1,4,D,170,8.224167
ladder,1,4,D,171,8.183000
ladder,1,4,D,172,8.181041
ladder,1,4,D,173,8.174959
ladder,1,4,D,174,8.150000
ladder,1,4,D,175,8.167000
ladder,1,4,D,176,8.189416
ladder,1,4,D,177,8.185000
ladder,1,4,D,178,8.200333
ladder,1,4,D,179,8.183084
ladder,1,4,D,180,8.207917
ladder,1,4,D,181,8.168791
ladder,1,4,D,182,8.182875
ladder,1,4,D,183,8.191917
ladder,1,4,D,184,8.188041
ladder,1,4,D,185,8.204625
ladder,1,4,D,186,8.172542
ladder,1,4,D,187,8.196792
ladder,1,4,D,188,8.167833
ladder,1,4,D,189,8.180167
ladder,1,4,D,190,8.200333
ladder,1,4,D,191,8.197708
ladder,1,4,D,192,8.162208
ladder,1,4,D,193,8.206917
ladder,1,4,D,194,8.227875
ladder,1,4,D,195,8.227542
ladder,1,4,D,196,8.184666
ladder,1,4,D,197,8.208083
ladder,1,4,D,198,8.177125
ladder,1,4,D,199,8.185625
ladder,1,4,D,200,8.171334
ladder,1,4,D,201,8.231041
ladder,1,4,D,202,8.178458
ladder,1,4,D,203,8.203791
ladder,1,4,D,204,8.175000
ladder,1,4,D,205,8.220041
ladder,1,4,D,206,8.160125
ladder,1,4,D,207,8.224583
ladder,1,4,D,208,8.187375
ladder,1,4,D,209,8.207875
ladder,1,4,D,210,8.155459
ladder,1,4,D,211,8.214875
ladder,1,4,D,212,8.231333
ladder,1,4,D,213,8.253209
ladder,1,4,D,214,8.164291
ladder,1,4,D,215,8.231500
ladder,1,4,D,216,8.198709
ladder,1,4,D,217,8.231500
ladder,1,4,D,218,8.203584
ladder,1,4,D,219,8.266917
ladder,1,4,D,220,8.197125
ladder,1,4,D,221,8.227875
ladder,1,4,D,222,8.180750
ladder,1,4,D,223,8.244792
ladder,1,4,D,224,8.190750
ladder,1,4,D,225,8.285541
ladder,1,4,D,226,8.199042
ladder,1,4,D,227,8.230292
ladder,1,4,D,228,8.198375
ladder,1,4,D,229,8.219333
ladder,1,4,D,230,8.207125
ladder,1,4,D,231,8.196833
ladder,1,4,D,232,8.175417
ladder,1,4,D,233,8.210708
ladder,1,4,D,234,8.182625
ladder,1,4,D,235,8.219916
ladder,1,4,D,236,8.207584
ladder,1,4,D,237,8.229916
ladder,1,4,D,238,8.194125
ladder,1,4,D,239,8.232750
ladder,1,4,D,240,8.201958
ladder,1,4,D,241,8.215459
ladder,1,4,D,242,8.185667
ladder,1,4,D,243,8.204333
ladder,1,4,D,244,8.224125
ladder,1,4,D,245,8.208375
ladder,1,4,D,246,8.196375
ladder,1,4,D,247,8.209250
ladder,1,4,D,248,8.208750
ladder,1,4,D,249,8.202375
ladder,1,4,D,250,8.218875
ladder,1,4,D,251,8.203541
ladder,1,4,D,252,8.192292
ladder,1,4,D,253,8.222292
ladder,1,4,D,254,8.206958
ladder,1,4,D,255,8.212416
ladder,1,4,D,256,8.946125
ladder,1,4,D,257,8.302417
ladder,1,4,D,258,8.214709
ladder,1,4,D,259,8.215250
ladder,1,4,D,260,8.218875
ladder,1,4,D,261,8.206541
ladder,1,4,D,262,8.228125
ladder,1,4,D,263,8.196000
ladder,1,4,D,264,8.246375
ladder,1,4,D,265,8.213958
ladder,1,4,D,266,8.218667
ladder,1,4,D,267,8.217917
ladder,1,4,D,268,8.231625
ladder,1,4,D,269,8.197084
ladder,1,4,D,270,8.240417
ladder,1,4,D,271,8.221167
ladder,1,4,D,272,8.221291
ladder,1,4,D,273,8.204125
ladder,1,4,D,274,8.199250
ladder,1,4,D,275,8.205125
ladder,1,4,D,276,8.205375
ladder,1,4,D,277,8.208834
ladder,1,4,D,278,8.216416
ladder,1,4,D,279,8.199083
ladder,1,4,D,280,8.210583
ladder,1,4,D,281,8.214250
ladder,1,4,D,282,8.223417
ladder,1,4,D,283,8.231417
ladder,1,4,D,284,8.216333
ladder,1,4,D,285,8.275542
ladder,1,4,D,286,8.202125
ladder,1,4,D,287,8.193625
ladder,1,4,D,288,8.211750
ladder,1,4,D,289,8.209750
ladder,1,4,D,290,8.224834
ladder,1,4,D,291,8.230708
ladder,1,4,D,292,8.235916
ladder,1,4,D,293,8.212375
ladder,1,4,D,294,8.250750
ladder,1,4,D,295,8.194708
ladder,1,4,D,296,8.216416
ladder,1,4,D,297,8.228041
ladder,1,4,D,298,8.242333
ladder,1,4,D,299,8.211334
ladder,1,4,D,300,8.273125
ladder,1,4,D,301,8.197875
ladder,1,4,D,302,8.268417
ladder,1,4,D,303,8.220167
ladder,1,4,D,304,8.265584
ladder,1,4,D,305,8.225791
ladder,1,4,D,306,8.257083
ladder,1,4,D,307,8.229916
ladder,1,4,D,308,8.233542
ladder,1,4,D,309,8.205167
ladder,1,4,D,310,8.295042
ladder,1,4,D,311,8.215042
ladder,1,4,D,312,8.244667
ladder,1,4,D,313,8.222084
ladder,1,4,D,314,8.268125
ladder,1,4,D,315,8.245708
ladder,1,4,D,316,8.239042
ladder,1,4,D,317,8.202084
ladder,1,4,D,318,8.241958
ladder,1,4,D,319,8.224750
ladder,1,4,D,320,8.251834
ladder,1,4,D,321,8.243667
ladder,1,4,D,322,8.240458
ladder,1,4,D,323,8.246416
ladder,1,4,D,324,8.242833
ladder,1,4,D,325,8.225458
ladder,1,4,D,326,8.222250
ladder,1,4,D,327,8.224708
ladder,1,4,D,328,8.263500
ladder,1,4,D,329,8.255458
ladder,1,4,D,330,8.271792
ladder,1,4,D,331,8.248125
ladder,1,4,D,332,8.237166
ladder,1,4,D,333,8.227584
ladder,1,4,D,334,8.221916
ladder,1,4,D,335,8.246875
ladder,1,4,D,336,8.238084
ladder,1,4,D,337,8.209542
ladder,1,4,D,338,8.221000
ladder,1,4,D,339,8.220875
ladder,1,4,D,340,8.234583
ladder,1,4,D,341,8.219667
ladder,1,4,D,342,8.205791
ladder,1,4,D,343,8.251291
ladder,1,4,D,344,8.243583
ladder,1,4,D,345,8.257333
ladder,1,4,D,346,8.230042
ladder,1,4,D,347,8.268875
ladder,1,4,D,348,8.199459
ladder,1,4,D,349,8.252750
ladder,1,4,D,350,8.244375
ladder,1,4,D,351,8.263959
ladder,1,4,D,352,8.243542
ladder,1,4,D,353,8.262083
ladder,1,4,D,354,8.223375
ladder,1,4,D,355,8.277750
ladder,1,4,D,356,8.233875
ladder,1,4,D,357,8.242667
ladder,1,4,D,358,8.278416
ladder,1,4,D,359,8.295500
ladder,1,4,D,360,8.219958
ladder,1,4,D,361,8.277375
ladder,1,4,D,362,8.252792
ladder,1,4,D,363,8.277583
ladder,1,4,D,364,8.281708
ladder,1,4,D,365,8.270042
ladder,1,4,D,366,8.232209
ladder,1,4,D,367,8.289667
ladder,1,4,D,368,8.190166
ladder,1,4,D,369,8.289333
ladder,1,4,D,370,8.212916
ladder,1,4,D,371,8.279125
ladder,1,4,D,372,8.238167
ladder,1,4,D,373,8.303958
ladder,1,4,D,374,8.232625
ladder,1,4,D,375,8.275709
ladder,1,4,D,376,8.248625
ladder,1,4,D,377,8.276041
ladder,1,4,D,378,8.252333
ladder,1,4,D,379,8.322500
ladder,1,4,D,380,8.233625
ladder,1,4,D,381,8.262167
ladder,1,4,D,382,8.225459
ladder,1,4,D,383,8.270375
ladder,1,4,D,384,8.239792
ladder,1,4,D,385,8.265042
ladder,1,4,D,386,8.220833
ladder,1,4,D,387,8.281833
ladder,1,4,D,388,8.239542
ladder,1,4,D,389,8.299833
ladder,1,4,D,390,8.214375
ladder,1,4,D,391,8.272292
ladder,1,4,D,392,8.246542
ladder,1,4,D,393,8.279417
ladder,1,4,D,394,8.236958
ladder,1,4,D,395,8.299083
ladder,1,4,D,396,8.275333
ladder,1,4,D,397,8.232000
ladder,1,4,D,398,8.233084
ladder,1,4,D,399,8.272500
ladder,1,4,D,400,8.236708
ladder,1,4,D,401,8.253667
ladder,1,4,D,402,8.259833
ladder,1,4,D,403,8.249167
ladder,1,4,D,404,8.271542
ladder,1,4,D,405,8.243292
ladder,1,4,D,406,8.235417
ladder,1,4,D,407,8.241500
ladder,1,4,D,408,8.217458
ladder,1,4,D,409,8.247208
ladder,1,4,D,410,8.254792
ladder,1,4,D,411,8.237584
ladder,1,4,D,412,8.202292
ladder,1,4,D,413,8.278959
ladder,1,4,D,414,8.241834
ladder,1,4,D,415,8.220834
ladder,1,4,D,416,8.216083
ladder,1,4,D,417,8.240708
ladder,1,4,D,418,8.225958
ladder,1,4,D,419,8.240792
ladder,1,4,D,420,8.237875
ladder,1,4,D,421,8.252625
ladder,1,4,D,422,8.234667
ladder,1,4,D,423,8.265791
ladder,1,4,D,424,8.253209
ladder,1,4,D,425,8.262417
ladder,1,4,D,426,8.262792
ladder,1,4,D,427,8.260458
ladder,1,4,D,428,8.264625
ladder,1,4,D,429,8.259958
ladder,1,4,D,430,8.270666
ladder,1,4,D,431,8.258542
ladder,1,4,D,432,8.261458
ladder,1,4,D,433,8.280500
ladder,1,4,D,434,8.250208
ladder,1,4,D,435,8.256000
ladder,1,4,D,436,8.281666
ladder,1,4,D,437,8.258458
ladder,1,4,D,438,8.254208
ladder,1,4,D,439,8.299375
ladder,1,4,D,440,8.256709
ladder,1,4,D,441,8.261041
ladder,1,4,D,442,8.270333
ladder,1,4,D,443,8.271750
ladder,1,4,D,444,8.309458
ladder,1,4,D,445,8.245708
ladder,1,4,D,446,8.251041
ladder,1,4,D,447,8.273000
ladder,1,4,D,448,8.343833
ladder,1,4,D,449,8.259667
ladder,1,4,D,450,8.259375
ladder,1,4,D,451,8.256875
ladder,1,4,D,452,8.269792
ladder,1,4,D,453,8.247458
ladder,1,4,D,454,8.259750
ladder,1,4,D,455,8.280917
ladder,1,4,D,456,8.303833
ladder,1,4,D,457,8.247209
ladder,1,4,D,458,8.285250
ladder,1,4,D,459,8.230292
ladder,1,4,D,460,8.270375
ladder,1,4,D,461,8.251875
ladder,1,4,D,462,8.300625
ladder,1,4,D,463,8.243166
ladder,1,4,D,464,8.289541
ladder,1,4,D,465,8.264833
ladder,1,4,D,466,8.285208
ladder,1,4,D,467,8.266917
ladder,1,4,D,468,8.279917
ladder,1,4,D,469,8.267458
ladder,1,4,D,470,8.294791
ladder,1,4,D,471,8.275958
ladder,1,4,D,472,8.301417
ladder,1,4,D,473,8.256667
ladder,1,4,D,474,8.291083
ladder,1,4,D,475,8.308000
ladder,1,4,D,476,8.299125
ladder,1,4,D,477,8.236042
ladder,1,4,D,478,8.277667
ladder,1,4,D,479,8.255208
ladder,1,4,D,480,8.301333
ladder,1,4,D,481,8.264083
ladder,1,4,D,482,8.283625
ladder,1,4,D,483,8.245042
ladder,1,4,D,484,8.320792
ladder,1,4,D,485,8.278250
ladder,1,4,D,486,8.336083
ladder,1,4,D,487,8.277209
ladder,1,4,D,488,8.342209
ladder,1,4,D,489,8.286875
ladder,1,4,D,490,8.341416
ladder,1,4,D,491,8.286041
ladder,1,4,D,492,8.311125
ladder,1,4,D,493,8.273000
ladder,1,4,D,494,8.286541
ladder,1,4,D,495,8.308750
ladder,1,4,D,496,8.343250
ladder,1,4,D,497,8.256167
ladder,1,4,D,498,8.338166
ladder,1,4,D,499,8.286583
ladder,1,4,D,500,8.349916
ladder,1,4,D,501,8.252625
ladder,1,4,D,502,8.337666
ladder,1,4,D,503,8.270958
ladder,1,4,D,504,8.343958
ladder,1,4,D,505,8.289875
ladder,1,4,D,506,8.331209
ladder,1,4,D,507,8.252667
ladder,1,4,D,508,8.294875
ladder,1,4,D,509,8.307667
ladder,1,4,D,510,8.337458
ladder,1,4,D,511,8.320250
ladder,1,5,B,1,8.340667
ladder,1,5,B,2,8.283542
ladder,1,5,B,3,8.182125
ladder,1,5,B,4,8.312792
ladder,1,5,B,5,8.153916
ladder,1,5,B,6,8.184666
ladder,1,5,B,7,8.121416
ladder,1,5,B,8,8.110792
ladder,1,5,B,9,8.086916
ladder,1,5,B,10,8.173208
ladder,1,5,B,11,8.123000
ladder,1,5,B,12,8.168625
ladder,1,5,B,13,8.125209
ladder,1,5,B,14,8.129292
ladder,1,5,B,15,8.122583
ladder,1,5,B,16,8.088708
ladder,1,5,B,17,8.132709
ladder,1,5,B,18,8.074916
ladder,1,5,B,19,8.103833
ladder,1,5,B,20,8.110834
ladder,1,5,B,21,8.107041
ladder,1,5,B,22,8.092875
ladder,1,5,B,23,8.077958
ladder,1,5,B,24,8.082292
ladder,1,5,B,25,8.101042
ladder,1,5,B,26,8.174209
ladder,1,5,B,27,8.110541
ladder,1,5,B,28,8.096208
ladder,1,5,B,29,8.109708
ladder,1,5,B,30,8.102208
ladder,1,5,B,31,8.111417
ladder,1,5,B,32,8.106792
ladder,1,5,B,33,8.089958
ladder,1,5,B,34,8.068959
ladder,1,5,B,35,8.121042
ladder,1,5,B,36,8.128917
ladder,1,5,B,37,8.091542
ladder,1,5,B,38,8.069583
ladder,1,5,B,39,8.132333
ladder,1,5,B,40,8.090666
ladder,1,5,B,41,8.111667
ladder,1,5,B,42,8.087583
ladder,1,5,B,43,8.083875
ladder,1,5,B,44,8.107584
ladder,1,5,B,45,8.095500
ladder,1,5,B,46,8.079125
ladder,1,5,B,47,8.108416
ladder,1,5,B,48,8.115541
ladder,1,5,B,49,8.127917
ladder,1,5,B,50,8.171167
ladder,1,5,B,51,8.141291
ladder,1,5,B,52,8.109750
ladder,1,5,B,53,8.119958
ladder,1,5,B,54,8.139458
ladder,1,5,B,55,8.132167
ladder,1,5,B,56,8.140583
ladder,1,5,B,57,8.130167
ladder,1,5,B,58,8.130750
ladder,1,5,B,59,8.115709
ladder,1,5,B,60,8.120375
ladder,1,5,B,61,8.084541
ladder,1,5,B,62,8.150292
ladder,1,5,B,63,8.112750
ladder,1,5,B,64,8.159250
ladder,1,5,B,65,8.152833
ladder,1,5,B,66,8.161750
ladder,1,5,B,67,8.141500
ladder,1,5,B,68,8.186458
ladder,1,5,B,69,8.101166
ladder,1,5,B,70,8.172292
ladder,1,5,B,71,8.140959
ladder,1,5,B,72,8.198334
ladder,1,5,B,73,8.167917
ladder,1,5,B,74,8.162708
ladder,1,5,B,75,8.115584
ladder,1,5,B,76,8.174250
ladder,1,5,B,77,8.131000
ladder,1,5,B,78,8.154084
ladder,1,5,B,79,8.114792
ladder,1,5,B,80,8.153500
ladder,1,5,B,81,8.122416
ladder,1,5,B,82,8.178000
ladder,1,5,B,83,8.153500
ladder,1,5,B,84,8.171292
ladder,1,5,B,85,8.180667
ladder,1,5,B,86,8.126375
ladder,1,5,B,87,8.118041
ladder,1,5,B,88,8.159334
ladder,1,5,B,89,8.128875
ladder,1,5,B,90,8.146417
ladder,1,5,B,91,8.143500
ladder,1,5,B,92,8.179125
ladder,1,5,B,93,8.142416
ladder,1,5,B,94,8.168875
ladder,1,5,B,95,8.169375
ladder,1,5,B,96,8.297958
ladder,1,5,B,97,8.217000
ladder,1,5,B,98,8.166834
ladder,1,5,B,99,8.158375
ladder,1,5,B,100,8.181834
ladder,1,5,B,101,8.171292
ladder,1,5,B,102,8.139750
ladder,1,5,B,103,8.146166
ladder,1,5,B,104,8.148084
ladder,1,5,B,105,8.161083
ladder,1,5,B,106,8.135291
ladder,1,5,B,107,8.163042
ladder,1,5,B,108,8.110666
ladder,1,5,B,109,8.175042
ladder,1,5,B,110,8.134208
ladder,1,5,B,111,8.151584
ladder,1,5,B,112,8.142542
ladder,1,5,B,113,8.140000
ladder,1,5,B,114,8.147000
ladder,1,5,B,115,8.165458
ladder,1,5,B,116,8.139791
ladder,1,5,B,117,8.164084
ladder,1,5,B,118,8.154542
ladder,1,5,B,119,8.146000
ladder,1,5,B,120,8.181250
ladder,1,5,B,121,8.169750
ladder,1,5,B,122,8.155500
ladder,1,5,B,123,8.186625
ladder,1,5,B,124,8.149625
ladder,1,5,B,125,8.198709
ladder,1,5,B,126,8.189833
ladder,1,5,B,127,8.245417
ladder,1,5,B,128,8.287083
ladder,1,5,B,129,8.194333
ladder,1,5,B,130,8.157750
ladder,1,5,B,131,8.125375
ladder,1,5,B,132,8.135833
ladder,1,5,B,133,8.169958
ladder,1,5,B,134,8.131917
ladder,1,5,B,135,8.190125
ladder,1,5,B,136,8.131125
ladder,1,5,B,137,8.163042
ladder,1,5,B,138,8.158625
ladder,1,5,B,139,8.176333
ladder,1,5,B,140,8.148208
ladder,1,5,B,141,8.157000
ladder,1,5,B,142,8.130667
ladder,1,5,B,143,8.167792
ladder,1,5,B,144,8.167375
ladder,1,5,B,145,8.143042
ladder,1,5,B,146,8.121375
ladder,1,5,B,147,8.179375
ladder,1,5,B,148,8.128625
ladder,1,5,B,149,8.133458
ladder,1,5,B,150,8.121542
ladder,1,5,B,151,8.156791
ladder,1,5,B,152,8.131958
ladder,1,5,B,153,8.118875
ladder,1,5,B,154,8.143958
ladder,1,5,B,155,8.149542
ladder,1,5,B,156,8.130458
ladder,1,5,B,157,8.125709
ladder,1,5,B,158,8.167541
ladder,1,5,B,159,8.130666
ladder,1,5,B,160,8.166625
ladder,1,5,B,161,8.129000
ladder,1,5,B,162,8.154500
ladder,1,5,B,163,8.151667
ladder,1,5,B,164,8.144958
ladder,1,5,B,165,8.121417
ladder,1,5,B,166,8.148916
ladder,1,5,B,167,8.128000
ladder,1,5,B,168,8.155834
ladder,1,5,B,169,8.112083
ladder,1,5,B,170,8.163875
ladder,1,5,B,171,8.143167
ladder,1,5,B,172,8.205167
ladder,1,5,B,173,8.148833
ladder,1,5,B,174,8.200583
ladder,1,5,B,175,8.161417
ladder,1,5,B,176,8.192250
ladder,1,5,B,177,8.159250
ladder,1,5,B,178,8.194917
ladder,1,5,B,179,8.164458
ladder,1,5,B,180,8.193708
ladder,1,5,B,181,8.153917
ladder,1,5,B,182,8.185750
ladder,1,5,B,183,8.162000
ladder,1,5,B,184,8.193375
ladder,1,5,B,185,8.186417
ladder,1,5,B,186,8.177583
ladder,1,5,B,187,8.168667
ladder,1,5,B,188,8.161166
ladder,1,5,B,189,8.144458
ladder,1,5,B,190,8.189875
ladder,1,5,B,191,8.183791
ladder,1,5,B,192,8.165042
ladder,1,5,B,193,8.168000
ladder,1,5,B,194,8.167750
ladder,1,5,B,195,8.156208
ladder,1,5,B,196,8.151833
ladder,1,5,B,197,8.184042
ladder,1,5,B,198,8.177667
ladder,1,5,B,199,8.160875
ladder,1,5,B,200,8.174834
ladder,1,5,B,201,8.185416
ladder,1,5,B,202,8.150833
ladder,1,5,B,203,8.157625
ladder,1,5,B,204,8.138792
ladder,1,5,B,205,8.176500
ladder,1,5,B,206,8.134667
ladder,1,5,B,207,8.171084
ladder,1,5,B,208,8.171333
ladder,1,5,B,209,8.191667
ladder,1,5,B,210,8.149542
ladder,1,5,B,211,8.195750
ladder,1,5,B,212,8.152250
ladder,1,5,B,213,8.175000
ladder,1,5,B,214,8.161209
ladder,1,5,B,215,8.222375
ladder,1,5,B,216,8.169958
ladder,1,5,B,217,8.213583
ladder,1,5,B,218,8.162708
ladder,1,5,B,219,8.233791
ladder,1,5,B,220,8.247125
ladder,1,5,B,221,8.209791
ladder,1,5,B,222,8.153875
ladder,1,5,B,223,8.171792
ladder,1,5,B,224,8.164500
ladder,1,5,B,225,8.208208
ladder,1,5,B,226,8.151083
ladder,1,5,B,227,8.211959
ladder,1,5,B,228,8.132917
ladder,1,5,B,229,8.194000
ladder,1,5,B,230,8.156750
ladder,1,5,B,231,8.220667
ladder,1,5,B,232,8.172375
ladder,1,5,B,233,8.177958
ladder,1,5,B,234,8.179542
ladder,1,5,B,235,8.188125
ladder,1,5,B,236,8.198417
ladder,1,5,B,237,8.215458
ladder,1,5,B,238,8.182625
ladder,1,5,B,239,8.213042
ladder,1,5,B,240,8.181416
ladder,1,5,B,241,8.208291
ladder,1,5,B,242,8.154042
ladder,1,5,B,243,8.215500
ladder,1,5,B,244,8.150375
ladder,1,5,B,245,8.165333
ladder,1,5,B,246,8.162125
ladder,1,5,B,247,8.205000
ladder,1,5,B,248,8.174333
ladder,1,5,B,249,8.178292
ladder,1,5,B,250,8.125000
ladder,1,5,B,251,8.178584
ladder,1,5,B,252,8.186584
ladder,1,5,B,253,8.175792
ladder,1,5,B,254,8.191333
ladder,1,5,B,255,8.217834
ladder,1,5,B,256,8.921375
ladder,1,5,B,257,8.261958
ladder,1,5,B,258,8.182958
ladder,1,5,B,259,8.179792
ladder,1,5,B,260,8.184541
ladder,1,5,B,261,8.187334
ladder,1,5,B,262,8.175375
ladder,1,5,B,263,8.172916
ladder,1,5,B,264,8.172542
ladder,1,5,B,265,8.173500
ladder,1,5,B,266,8.252333
ladder,1,5,B,267,8.164792
ladder,1,5,B,268,8.200375
ladder,1,5,B,269,8.203708
ladder,1,5,B,270,8.204042
ladder,1,5,B,271,8.179917
ladder,1,5,B,272,8.178041
ladder,1,5,B,273,8.178625
ladder,1,5,B,274,8.181959
ladder,1,5,B,275,8.165958
ladder,1,5,B,276,8.165792
ladder,1,5,B,277,8.119958
ladder,1,5,B,278,8.193500
ladder,1,5,B,279,8.186542
ladder,1,5,B,280,8.179500
ladder,1,5,B,281,8.227167
ladder,1,5,B,282,8.193875
ladder,1,5,B,283,8.179292
ladder,1,5,B,284,8.209958
ladder,1,5,B,285,8.193583
ladder,1,5,B,286,8.182292
ladder,1,5,B,287,8.191667
ladder,1,5,B,288,8.172417
ladder,1,5,B,289,8.163083
ladder,1,5,B,290,8.194584
ladder,1,5,B,291,8.181125
ladder,1,5,B,292,8.182916
ladder,1,5,B,293,8.164416
ladder,1,5,B,294,8.223417
ladder,1,5,B,295,8.189917
ladder,1,5,B,296,8.239125
ladder,1,5,B,297,8.163625
ladder,1,5,B,298,8.211000
ladder,1,5,B,299,8.208416
ladder,1,5,B,300,8.260083
ladder,1,5,B,301,8.188250
ladder,1,5,B,302,8.197542
ladder,1,5,B,303,8.188333
ladder,1,5,B,304,8.210750
ladder,1,5,B,305,8.187792
ladder,1,5,B,306,8.215916
ladder,1,5,B,307,8.187625
ladder,1,5,B,308,8.215875
ladder,1,5,B,309,8.218208
ladder,1,5,B,310,8.254417
ladder,1,5,B,311,9.130292
ladder,1,5,B,312,8.276834
ladder,1,5,B,313,8.874458
ladder,1,5,B,314,8.313250
ladder,1,5,B,315,8.238791
ladder,1,5,B,316,8.292042
ladder,1,5,B,317,8.232500
ladder,1,5,B,318,8.306000
ladder,1,5,B,319,8.272959
ladder,1,5,B,320,8.304167
ladder,1,5,B,321,8.247625
ladder,1,5,B,322,8.287459
ladder,1,5,B,323,8.278750
ladder,1,5,B,324,8.266291
ladder,1,5,B,325,8.290083
ladder,1,5,B,326,8.262667
ladder,1,5,B,327,8.272084
ladder,1,5,B,328,8.276834
ladder,1,5,B,329,8.289250
ladder,1,5,B,330,8.296833
ladder,1,5,B,331,8.278208
ladder,1,5,B,332,8.281958
ladder,1,5,B,333,8.274375
ladder,1,5,B,334,8.298083
ladder,1,5,B,335,8.290458
ladder,1,5,B,336,8.409166
ladder,1,5,B,337,8.290917
ladder,1,5,B,338,8.300208
ladder,1,5,B,339,8.278792
ladder,1,5,B,340,8.300875
ladder,1,5,B,341,8.293083
ladder,1,5,B,342,8.432666
ladder,1,5,B,343,8.315334
ladder,1,5,B,344,8.297583
ladder,1,5,B,345,8.257000
ladder,1,5,B,346,8.329625
ladder,1,5,B,347,8.244667
ladder,1,5,B,348,8.326125
ladder,1,5,B,349,8.320250
ladder,1,5,B,350,8.439917
ladder,1,5,B,351,8.284208
ladder,1,5,B,352,8.342209
ladder,1,5,B,353,8.309375
ladder,1,5,B,354,8.471125
ladder,1,5,B,355,8.325833
ladder,1,5,B,356,8.311958
ladder,1,5,B,357,8.284250
ladder,1,5,B,358,8.335750
ladder,1,5,B,359,8.278625
ladder,1,5,B,360,8.284833
ladder,1,5,B,361,8.314458
ladder,1,5,B,362,8.315292
ladder,1,5,B,363,8.345167
ladder,1,5,B,364,8.379250
ladder,1,5,B,365,8.327500
ladder,1,5,B,366,8.269833
ladder,1,5,B,367,8.315500
ladder,1,5,B,368,8.328458
ladder,1,5,B,369,8.279583
ladder,1,5,B,370,8.519625
ladder,1,5,B,371,8.298833
ladder,1,5,B,372,8.521750
ladder,1,5,B,373,8.300625
ladder,1,5,B,374,8.309125
ladder,1,5,B,375,8.283125
ladder,1,5,B,376,8.318167
ladder,1,5,B,377,8.311000
ladder,1,5,B,378,8.306750
ladder,1,5,B,379,8.273917
ladder,1,5,B,380,8.347166
ladder,1,5,B,381,8.269125
ladder,1,5,B,382,8.370250
ladder,1,5,B,383,8.306750
ladder,1,5,B,384,8.431542
ladder,1,5,B,385,8.376875
ladder,1,5,B,386,8.329208
ladder,1,5,B,387,8.337083
ladder,1,5,B,388,8.328625
ladder,1,5,B,389,8.279500
ladder,1,5,B,390,8.292584
ladder,1,5,B,391,8.273792
ladder,1,5,B,392,8.298875
ladder,1,5,B,393,8.318084
ladder,1,5,B,394,8.402208
ladder,1,5,B,395,8.334917
ladder,1,5,B,396,8.427583
ladder,1,5,B,397,8.316792
ladder,1,5,B,398,8.380500
ladder,1,5,B,399,8.337709
ladder,1,5,B,400,8.339750
ladder,1,5,B,401,8.347375
ladder,1,5,B,402,8.443625
ladder,1,5,B,403,8.218167
ladder,1,5,B,404,8.339959
ladder,1,5,B,405,8.255833
ladder,1,5,B,406,8.294334
ladder,1,5,B,407,8.218333
ladder,1,5,B,408,8.303959
ladder,1,5,B,409,8.216458
ladder,1,5,B,410,8.403333
ladder,1,5,B,411,8.345833
ladder,1,5,B,412,8.533084
ladder,1,5,B,413,8.360708
ladder,1,5,B,414,8.474625
ladder,1,5,B,415,8.381167
ladder,1,5,B,416,8.568458
ladder,1,5,B,417,8.446250
ladder,1,5,B,418,8.525792
ladder,1,5,B,419,8.365959
ladder,1,5,B,420,8.451500
ladder,1,5,B,421,8.288958
ladder,1,5,B,422,8.328500
ladder,1,5,B,423,8.295833
ladder,1,5,B,424,8.334250
ladder,1,5,B,425,8.293125
ladder,1,5,B,426,8.324125
ladder,1,5,B,427,8.296209
ladder,1,5,B,428,8.565792
ladder,1,5,B,429,8.290917
ladder,1,5,B,430,8.362459
ladder,1,5,B,431,8.312875
ladder,1,5,B,432,8.336333
ladder,1,5,B,433,8.302083
ladder,1,5,B,434,8.534709
ladder,1,5,B,435,8.274791
ladder,1,5,B,436,8.422708
ladder,1,5,B,437,8.305125
ladder,1,5,B,438,8.315750
ladder,1,5,B,439,8.311833
ladder,1,5,B,440,8.327166
ladder,1,5,B,441,8.315333
ladder,1,5,B,442,8.481416
ladder,1,5,B,443,8.301875
ladder,1,5,B,444,8.345792
ladder,1,5,B,445,8.296542
ladder,1,5,B,446,8.363292
ladder,1,5,B,447,8.308708
ladder,1,5,B,448,8.366458
ladder,1,5,B,449,8.301125
ladder,1,5,B,450,8.356583
ladder,1,5,B,451,8.275792
ladder,1,5,B,452,8.403666
ladder,1,5,B,453,8.285959
ladder,1,5,B,454,8.349708
ladder,1,5,B,455,8.288625
ladder,1,5,B,456,8.346459
ladder,1,5,B,457,8.299667
ladder,1,5,B,458,8.354542
ladder,1,5,B,459,8.318333
ladder,1,5,B,460,8.298000
ladder,1,5,B,461,8.282542
ladder,1,5,B,462,8.324000
ladder,1,5,B,463,8.244958
ladder,1,5,B,464,8.338083
ladder,1,5,B,465,8.294250
ladder,1,5,B,466,8.346041
ladder,1,5,B,467,8.284292
ladder,1,5,B,468,8.359958
ladder,1,5,B,469,8.292125
ladder,1,5,B,470,8.351334
ladder,1,5,B,471,8.329666
ladder,1,5,B,472,8.337167
ladder,1,5,B,473,8.295375
ladder,1,5,B,474,8.486458
ladder,1,5,B,475,8.299083
ladder,1,5,B,476,8.350000
ladder,1,5,B,477,8.325209
ladder,1,5,B,478,8.358958
ladder,1,5,B,479,8.261000
ladder,1,5,B,480,8.594834
ladder,1,5,B,481,8.386625
ladder,1,5,B,482,8.532750
ladder,1,5,B,483,8.401667
ladder,1,5,B,484,8.357417
ladder,1,5,B,485,8.355625
ladder,1,5,B,486,8.373125
ladder,1,5,B,487,8.321791
ladder,1,5,B,488,8.538750
ladder,1,5,B,489,8.284209
ladder,1,5,B,490,8.449833
ladder,1,5,B,491,8.313250
ladder,1,5,B,492,8.387083
ladder,1,5,B,493,8.357875
ladder,1,5,B,494,8.518292
ladder,1,5,B,495,8.256208
ladder,1,5,B,496,8.468084
ladder,1,5,B,497,8.403667
ladder,1,5,B,498,8.518042
ladder,1,5,B,499,8.298792
ladder,1,5,B,500,8.379042
ladder,1,5,B,501,8.331167
ladder,1,5,B,502,8.434916
ladder,1,5,B,503,8.292084
ladder,1,5,B,504,8.421167
ladder,1,5,B,505,8.332375
ladder,1,5,B,506,8.441875
ladder,1,5,B,507,8.307375
ladder,1,5,B,508,8.368875
ladder,1,5,B,509,8.314875
ladder,1,5,B,510,8.385125
ladder,1,5,B,511,8.335417
ladder,1,6,A,1,8.233166
ladder,1,6,A,2,8.170750
ladder,1,6,A,3,8.119625
ladder,1,6,A,4,8.160375
ladder,1,6,A,5,8.140916
ladder,1,6,A,6,8.127833
ladder,1,6,A,7,8.130208
ladder,1,6,A,8,8.135125
ladder,1,6,A,9,8.127417
ladder,1,6,A,10,8.152708
ladder,1,6,A,11,8.140833
ladder,1,6,A,12,8.139791
ladder,1,6,A,13,8.151000
ladder,1,6,A,14,8.164542
ladder,1,6,A,15,8.139583
ladder,1,6,A,16,8.174125
ladder,1,6,A,17,8.115208
ladder,1,6,A,18,8.184000
ladder,1,6,A,19,8.139209
ladder,1,6,A,20,8.096833
ladder,1,6,A,21,8.126208
ladder,1,6,A,22,8.085333
ladder,1,6,A,23,8.160417
ladder,1,6,A,24,8.106375
ladder,1,6,A,25,8.161041
ladder,1,6,A,26,8.142667
ladder,1,6,A,27,8.051417
ladder,1,6,A,28,8.072958
ladder,1,6,A,29,8.063417
ladder,1,6,A,30,8.179000
ladder,1,6,A,31,8.148125
ladder,1,6,A,32,8.049875
ladder,1,6,A,33,8.042292
ladder,1,6,A,34,8.053708
ladder,1,6,A,35,8.067958
ladder,1,6,A,36,8.130708
ladder,1,6,A,37,8.148083
ladder,1,6,A,38,8.075125
ladder,1,6,A,39,8.077042
ladder,1,6,A,40,8.026417
ladder,1,6,A,41,8.050833
ladder,1,6,A,42,8.073292
ladder,1,6,A,43,8.054834
ladder,1,6,A,44,8.080166
ladder,1,6,A,45,8.090000
ladder,1,6,A,46,8.076541
ladder,1,6,A,47,8.049083
ladder,1,6,A,48,8.049917
ladder,1,6,A,49,8.126083
ladder,1,6,A,50,8.086792
ladder,1,6,A,51,8.153209
ladder,1,6,A,52,8.049625
ladder,1,6,A,53,8.106709
ladder,1,6,A,54,8.061333
ladder,1,6,A,55,8.213250
ladder,1,6,A,56,8.108583
ladder,1,6,A,57,8.196916
ladder,1,6,A,58,8.155000
ladder,1,6,A,59,8.182916
ladder,1,6,A,60,8.145917
ladder,1,6,A,61,8.166833
ladder,1,6,A,62,8.121334
ladder,1,6,A,63,8.193542
ladder,1,6,A,64,8.184625
ladder,1,6,A,65,8.193958
ladder,1,6,A,66,8.158875
ladder,1,6,A,67,8.153167
ladder,1,6,A,68,8.147000
ladder,1,6,A,69,8.180167
ladder,1,6,A,70,8.109125
ladder,1,6,A,71,8.172958
ladder,1,6,A,72,8.110084
ladder,1,6,A,73,8.141708
ladder,1,6,A,74,8.123333
ladder,1,6,A,75,8.176791
ladder,1,6,A,76,8.182208
ladder,1,6,A,77,8.172458
ladder,1,6,A,78,8.161375
ladder,1,6,A,79,8.155458
ladder,1,6,A,80,8.171083
ladder,1,6,A,81,8.173833
ladder,1,6,A,82,8.178750
ladder,1,6,A,83,8.147834
ladder,1,6,A,84,8.178959
ladder,1,6,A,85,8.166458
ladder,1,6,A,86,8.160750
ladder,1,6,A,87,8.157791
ladder,1,6,A,88,8.215083
ladder,1,6,A,89,8.235916
ladder,1,6,A,90,8.205833
ladder,1,6,A,91,8.079292
ladder,1,6,A,92,8.157875
ladder,1,6,A,93,8.146208
ladder,1,6,A,94,8.129917
ladder,1,6,A,95,8.175958
ladder,1,6,A,96,8.107167
ladder,1,6,A,97,8.201417
ladder,1,6,A,98,8.227500
ladder,1,6,A,99,8.103917
ladder,1,6,A,100,8.172000
ladder,1,6,A,101,8.135709
ladder,1,6,A,102,8.174125
ladder,1,6,A,103,8.154750
ladder,1,6,A,104,8.311541
ladder,1,6,A,105,8.183167
ladder,1,6,A,106,8.189041
ladder,1,6,A,107,8.175875
ladder,1,6,A,108,8.196333
ladder,1,6,A,109,8.163583
ladder,1,6,A,110,8.181042
ladder,1,6,A,111,8.157875
ladder,1,6,A,112,8.186208
ladder,1,6,A,113,8.185792
ladder,1,6,A,114,8.217166
ladder,1,6,A,115,8.177791
ladder,1,6,A,116,8.211333
ladder,1,6,A,117,8.280167
ladder,1,6,A,118,8.178375
ladder,1,6,A,119,8.224667
ladder,1,6,A,120,8.251083
ladder,1,6,A,121,8.271958
ladder,1,6,A,122,8.197292
ladder,1,6,A,123,8.139666
ladder,1,6,A,124,8.147291
ladder,1,6,A,125,8.146917
ladder,1,6,A,126,8.141958
ladder,1,6,A,127,8.148833
ladder,1,6,A,128,8.163375
ladder,1,6,A,129,8.160167
ladder,1,6,A,130,8.167625
ladder,1,6,A,131,8.127666
ladder,1,6,A,132,8.165667
ladder,1,6,A,133,8.171250
ladder,1,6,A,134,8.158625
ladder,1,6,A,135,8.138541
ladder,1,6,A,136,8.129208
ladder,1,6,A,137,8.174834
ladder,1,6,A,138,8.126042
ladder,1,6,A,139,8.176875
ladder,1,6,A,140,8.166875
ladder,1,6,A,141,8.129416
ladder,1,6,A,142,8.162542
ladder,1,6,A,143,8.099792
ladder,1,6,A,144,8.139125
ladder,1,6,A,145,8.141542
ladder,1,6,A,146,8.139875
ladder,1,6,A,147,8.154458
ladder,1,6,A,148,8.144250
ladder,1,6,A,149,8.099583
ladder,1,6,A,150,8.109042
ladder,1,6,A,151,8.142625
ladder,1,6,A,152,8.091958
ladder,1,6,A,153,8.108250
ladder,1,6,A,154,8.063125
ladder,1,6,A,155,8.063500
ladder,1,6,A,156,8.068625
ladder,1,6,A,157,8.160250
ladder,1,6,A,158,8.213583
ladder,1,6,A,159,8.180750
ladder,1,6,A,160,8.173375
ladder,1,6,A,161,8.152292
ladder,1,6,A,162,8.147583
ladder,1,6,A,163,8.131792
ladder,1,6,A,164,8.148875
ladder,1,6,A,165,8.152375
ladder,1,6,A,166,8.170334
ladder,1,6,A,167,8.195750
ladder,1,6,A,168,8.161583
ladder,1,6,A,169,8.187167
ladder,1,6,A,170,8.183708
ladder,1,6,A,171,8.184375
ladder,1,6,A,172,8.173083
ladder,1,6,A,173,8.232042
ladder,1,6,A,174,8.176000
ladder,1,6,A,175,8.163792
ladder,1,6,A,176,8.169250
ladder,1,6,A,177,8.158125
ladder,1,6,A,178,8.183542
ladder,1,6,A,179,8.182667
ladder,1,6,A,180,8.191375
ladder,1,6,A,181,8.148792
ladder,1,6,A,182,8.169834
ladder,1,6,A,183,8.145083
ladder,1,6,A,184,8.168500
ladder,1,6,A,185,8.140042
ladder,1,6,A,186,8.187292
ladder,1,6,A,187,8.151458
ladder,1,6,A,188,8.189542
ladder,1,6,A,189,8.149417
ladder,1,6,A,190,8.180000
ladder,1,6,A,191,8.160500
ladder,1,6,A,192,8.188459
ladder,1,6,A,193,8.180500
ladder,1,6,A,194,8.184208
ladder,1,6,A,195,8.175167
ladder,1,6,A,196,8.190250
ladder,1,6,A,197,8.157292
ladder,1,6,A,198,8.274250
ladder,1,6,A,199,8.180292
ladder,1,6,A,200,8.204958
ladder,1,6,A,201,8.165458
ladder,1,6,A,202,8.234167
ladder,1,6,A,203,8.185958
ladder,1,6,A,204,8.196333
ladder,1,6,A,205,8.135292
ladder,1,6,A,206,8.265375
ladder,1,6,A,207,8.158000
ladder,1,6,A,208,8.207916
ladder,1,6,A,209,8.170958
ladder,1,6,A,210,8.170292
ladder,1,6,A,211,8.143917
ladder,1,6,A,212,8.169667
ladder,1,6,A,213,8.176500
ladder,1,6,A,214,8.179708
ladder,1,6,A,215,8.180625
ladder,1,6,A,216,8.186625
ladder,1,6,A,217,8.155458
ladder,1,6,A,218,8.166750
ladder,1,6,A,219,8.172708
ladder,1,6,A,220,8.186583
ladder,1,6,A,221,8.176667
ladder,1,6,A,222,8.211083
ladder,1,6,A,223,8.175875
ladder,1,6,A,224,8.205625
ladder,1,6,A,225,8.193333
ladder,1,6,A,226,8.184166
ladder,1,6,A,227,8.191542
ladder,1,6,A,228,8.189625
ladder,1,6,A,229,8.178666
ladder,1,6,A,230,8.162833
ladder,1,6,A,231,8.176417
ladder,1,6,A,232,8.198750
ladder,1,6,A,233,8.196084
ladder,1,6,A,234,8.166916
ladder,1,6,A,235,8.175916
ladder,1,6,A,236,8.184750
ladder,1,6,A,237,8.186375
ladder,1,6,A,238,8.193500
ladder,1,6,A,239,8.171959
ladder,1,6,A,240,8.198125
ladder,1,6,A,241,8.185875
ladder,1,6,A,242,8.169250
ladder,1,6,A,243,8.178125
ladder,1,6,A,244,8.190584
ladder,1,6,A,245,8.166041
ladder,1,6,A,246,8.184916
ladder,1,6,A,247,8.200125
ladder,1,6,A,248,8.177000
ladder,1,6,A,249,8.216167
ladder,1,6,A,250,8.170500
ladder,1,6,A,251,8.219625
ladder,1,6,A,252,8.161042
ladder,1,6,A,253,8.222125
ladder,1,6,A,254,8.174500
ladder,1,6,A,255,8.206125
ladder,1,6,A,256,8.937834
ladder,1,6,A,257,8.318833
ladder,1,6,A,258,8.207000
ladder,1,6,A,259,8.199875
ladder,1,6,A,260,8.203584
ladder,1,6,A,261,8.194916
ladder,1,6,A,262,8.150083
ladder,1,6,A,263,8.219917
ladder,1,6,A,264,8.190042
ladder,1,6,A,265,8.210792
ladder,1,6,A,266,8.190209
ladder,1,6,A,267,8.222791
ladder,1,6,A,268,8.186084
ladder,1,6,A,269,8.307458
ladder,1,6,A,270,8.285667
ladder,1,6,A,271,8.248083
ladder,1,6,A,272,8.227083
ladder,1,6,A,273,8.192041
ladder,1,6,A,274,8.202792
ladder,1,6,A,275,8.206000
ladder,1,6,A,276,8.192625
ladder,1,6,A,277,8.196375
ladder,1,6,A,278,8.182250
ladder,1,6,A,279,8.199666
ladder,1,6,A,280,8.176875
ladder,1,6,A,281,8.202792
ladder,1,6,A,282,8.174875
ladder,1,6,A,283,8.155375
ladder,1,6,A,284,8.186292
ladder,1,6,A,285,8.197125
ladder,1,6,A,286,8.199250
ladder,1,6,A,287,8.217125
ladder,1,6,A,288,8.183958
ladder,1,6,A,289,8.201167
ladder,1,6,A,290,8.217333
ladder,1,6,A,291,8.231167
ladder,1,6,A,292,8.205709
ladder,1,6,A,293,8.259084
ladder,1,6,A,294,8.203000
ladder,1,6,A,295,8.210500
ladder,1,6,A,296,8.198417
ladder,1,6,A,297,8.227750
ladder,1,6,A,298,8.199625
ladder,1,6,A,299,8.285084
ladder,1,6,A,300,8.263459
ladder,1,6,A,301,8.223084
ladder,1,6,A,302,8.215417
ladder,1,6,A,303,8.205917
ladder,1,6,A,304,8.245000
ladder,1,6,A,305,8.225792
ladder,1,6,A,306,8.199084
ladder,1,6,A,307,8.200292
ladder,1,6,A,308,8.208125
ladder,1,6,A,309,8.213792
ladder,1,6,A,310,8.228208
ladder,1,6,A,311,8.221292
ladder,1,6,A,312,8.184708
ladder,1,6,A,313,8.217875
ladder,1,6,A,314,8.189125
ladder,1,6,A,315,8.188500
ladder,1,6,A,316,8.215916
ladder,1,6,A,317,8.196333
ladder,1,6,A,318,8.213584
ladder,1,6,A,319,8.188458
ladder,1,6,A,320,8.220083
ladder,1,6,A,321,8.217834
ladder,1,6,A,322,8.260959
ladder,1,6,A,323,8.222666
ladder,1,6,A,324,8.226000
ladder,1,6,A,325,8.230125
ladder,1,6,A,326,8.209584
ladder,1,6,A,327,8.197167
ladder,1,6,A,328,8.227000
ladder,1,6,A,329,8.184792
ladder,1,6,A,330,8.233250
ladder,1,6,A,331,8.212958
ladder,1,6,A,332,8.216166
ladder,1,6,A,333,8.168125
ladder,1,6,A,334,8.273208
ladder,1,6,A,335,8.213833
ladder,1,6,A,336,8.261917
ladder,1,6,A,337,8.219250
ladder,1,6,A,338,8.258708
ladder,1,6,A,339,8.207125
ladder,1,6,A,340,8.308083
ladder,1,6,A,341,8.209083
ladder,1,6,A,342,8.240333
ladder,1,6,A,343,8.171959
ladder,1,6,A,344,8.247833
ladder,1,6,A,345,8.224083
ladder,1,6,A,346,8.248708
ladder,1,6,A,347,8.207041
ladder,1,6,A,348,8.250125
ladder,1,6,A,349,8.202458
ladder,1,6,A,350,8.231459
ladder,1,6,A,351,8.236666
ladder,1,6,A,352,8.202292
ladder,1,6,A,353,8.212209
ladder,1,6,A,354,8.253375
ladder,1,6,A,355,8.206709
ladder,1,6,A,356,8.262500
ladder,1,6,A,357,8.209250
ladder,1,6,A,358,8.231959
ladder,1,6,A,359,8.227500
ladder,1,6,A,360,8.270375
ladder,1,6,A,361,8.212167
ladder,1,6,A,362,8.232875
ladder,1,6,A,363,8.210333
ladder,1,6,A,364,8.237750
ladder,1,6,A,365,8.235917
ladder,1,6,A,366,8.234791
ladder,1,6,A,367,8.216708
ladder,1,6,A,368,8.255833
ladder,1,6,A,369,8.226542
ladder,1,6,A,370,8.228875
ladder,1,6,A,371,8.230500
ladder,1,6,A,372,8.257750
ladder,1,6,A,373,8.230583
ladder,1,6,A,374,8.191916
ladder,1,6,A,375,8.214500
ladder,1,6,A,376,8.217791
ladder,1,6,A,377,8.226834
ladder,1,6,A,378,8.231625
ladder,1,6,A,379,8.172625
ladder,1,6,A,380,8.237166
ladder,1,6,A,381,8.208833
ladder,1,6,A,382,8.210917
ladder,1,6,A,383,8.239000
ladder,1,6,A,384,8.229000
ladder,1,6,A,385,8.214500
ladder,1,6,A,386,8.225833
ladder,1,6,A,387,8.236500
ladder,1,6,A,388,8.204166
ladder,1,6,A,389,8.209583
ladder,1,6,A,390,8.210750
ladder,1,6,A,391,8.227584
ladder,1,6,A,392,8.205666
ladder,1,6,A,393,8.205083
ladder,1,6,A,394,8.229292
ladder,1,6,A,395,8.225792
ladder,1,6,A,396,8.203000
ladder,1,6,A,397,8.251250
ladder,1,6,A,398,8.243083
ladder,1,6,A,399,8.253167
ladder,1,6,A,400,8.189500
ladder,1,6,A,401,8.241209
ladder,1,6,A,402,8.215625
ladder,1,6,A,403,8.219000
ladder,1,6,A,404,8.219125
ladder,1,6,A,405,8.200583
ladder,1,6,A,406,8.230292
ladder,1,6,A,407,8.246291
ladder,1,6,A,408,8.225583
ladder,1,6,A,409,8.246750
ladder,1,6,A,410,8.227708
ladder,1,6,A,411,8.273916
ladder,1,6,A,412,8.234667
ladder,1,6,A,413,8.311250
ladder,1,6,A,414,8.214541
ladder,1,6,A,415,8.276250
ladder,1,6,A,416,8.232792
ladder,1,6,A,417,8.273917
ladder,1,6,A,418,8.233125
ladder,1,6,A,419,8.263166
ladder,1,6,A,420,8.258625
ladder,1,6,A,421,8.314042
ladder,1,6,A,422,8.254292
ladder,1,6,A,423,8.367958
ladder,1,6,A,424,8.249417
ladder,1,6,A,425,8.288792
ladder,1,6,A,426,8.254834
ladder,1,6,A,427,8.276333
ladder,1,6,A,428,8.247750
ladder,1,6,A,429,8.276208
ladder,1,6,A,430,8.231875
ladder,1,6,A,431,8.291041
ladder,1,6,A,432,8.241250
ladder,1,6,A,433,8.269083
ladder,1,6,A,434,8.243416
ladder,1,6,A,435,8.299000
ladder,1,6,A,436,8.222459
ladder,1,6,A,437,8.278292
ladder,1,6,A,438,8.235625
ladder,1,6,A,439,8.281833
ladder,1,6,A,440,8.250541
ladder,1,6,A,441,8.240625
ladder,1,6,A,442,8.254375
ladder,1,6,A,443,8.278666
ladder,1,6,A,444,8.233208
ladder,1,6,A,445,8.250541
ladder,1,6,A,446,8.214125
ladder,1,6,A,447,8.298042
ladder,1,6,A,448,8.246834
ladder,1,6,A,449,8.292666
ladder,1,6,A,450,8.208416
ladder,1,6,A,451,8.258875
ladder,1,6,A,452,8.240917
ladder,1,6,A,453,8.254500
ladder,1,6,A,454,8.252000
ladder,1,6,A,455,8.258875
ladder,1,6,A,456,8.221833
ladder,1,6,A,457,8.289875
ladder,1,6,A,458,8.249583
ladder,1,6,A,459,8.251958
ladder,1,6,A,460,8.257833
ladder,1,6,A,461,8.290666
ladder,1,6,A,462,8.274209
ladder,1,6,A,463,8.288917
ladder,1,6,A,464,8.252292
ladder,1,6,A,465,8.268459
ladder,1,6,A,466,8.247000
ladder,1,6,A,467,8.281084
ladder,1,6,A,468,8.236625
ladder,1,6,A,469,8.251208
ladder,1,6,A,470,8.316625
ladder,1,6,A,471,8.279583
ladder,1,6,A,472,8.223208
ladder,1,6,A,473,8.228583
ladder,1,6,A,474,8.257333
ladder,1,6,A,475,8.274500
ladder,1,6,A,476,8.291291
ladder,1,6,A,477,8.261917
ladder,1,6,A,478,8.241834
ladder,1,6,A,479,8.264125
ladder,1,6,A,480,8.281625
ladder,1,6,A,481,8.281250
ladder,1,6,A,482,8.271916
ladder,1,6,A,483,8.231666
ladder,1,6,A,484,8.285209
ladder,1,6,A,485,8.284417
ladder,1,6,A,486,8.265875
ladder,1,6,A,487,8.237000
ladder,1,6,A,488,8.282334
ladder,1,6,A,489,8.239792
ladder,1,6,A,490,8.232084
ladder,1,6,A,491,8.259083
ladder,1,6,A,492,8.294875
ladder,1,6,A,493,8.253708
ladder,1,6,A,494,8.292083
ladder,1,6,A,495,8.262042
ladder,1,6,A,496,8.281041
ladder,1,6,A,497,8.258459
ladder,1,6,A,498,8.280583
ladder,1,6,A,499,8.260125
ladder,1,6,A,500,8.273417
ladder,1,6,A,501,8.246708
ladder,1,6,A,502,8.281917
ladder,1,6,A,503,8.261583
ladder,1,6,A,504,8.283833
ladder,1,6,A,505,8.238625
ladder,1,6,A,506,8.244375
ladder,1,6,A,507,8.258292
ladder,1,6,A,508,8.265542
ladder,1,6,A,509,8.241458
ladder,1,6,A,510,8.247791
ladder,1,6,A,511,8.228917
ladder,2,7,B,1,8.245709
ladder,2,7,B,2,8.140791
ladder,2,7,B,3,8.116583
ladder,2,7,B,4,8.149583
ladder,2,7,B,5,8.118459
ladder,2,7,B,6,8.153917
ladder,2,7,B,7,8.116625
ladder,2,7,B,8,8.146416
ladder,2,7,B,9,8.101667
ladder,2,7,B,10,8.135167
ladder,2,7,B,11,8.144917
ladder,2,7,B,12,8.165458
ladder,2,7,B,13,8.131000
ladder,2,7,B,14,8.160792
ladder,2,7,B,15,8.179042
ladder,2,7,B,16,8.148375
ladder,2,7,B,17,8.108000
ladder,2,7,B,18,8.183084
ladder,2,7,B,19,8.102000
ladder,2,7,B,20,8.145917
ladder,2,7,B,21,8.104625
ladder,2,7,B,22,8.153875
ladder,2,7,B,23,8.121916
ladder,2,7,B,24,8.134959
ladder,2,7,B,25,8.085500
ladder,2,7,B,26,8.145041
ladder,2,7,B,27,8.138833
ladder,2,7,B,28,8.137792
ladder,2,7,B,29,8.163291
ladder,2,7,B,30,8.160250
ladder,2,7,B,31,8.127791
ladder,2,7,B,32,8.116000
ladder,2,7,B,33,8.108917
ladder,2,7,B,34,8.103500
ladder,2,7,B,35,8.120583
ladder,2,7,B,36,8.146375
ladder,2,7,B,37,8.134250
ladder,2,7,B,38,8.148000
ladder,2,7,B,39,8.114958
ladder,2,7,B,40,8.125208
ladder,2,7,B,41,8.130042
ladder,2,7,B,42,8.138292
ladder,2,7,B,43,8.141375
ladder,2,7,B,44,8.128875
ladder,2,7,B,45,8.121833
ladder,2,7,B,46,8.094833
ladder,2,7,B,47,8.115250
ladder,2,7,B,48,8.097500
ladder,2,7,B,49,8.138291
ladder,2,7,B,50,8.111375
ladder,2,7,B,51,8.128750
ladder,2,7,B,52,8.110125
ladder,2,7,B,53,8.140459
ladder,2,7,B,54,8.117542
ladder,2,7,B,55,8.119584
ladder,2,7,B,56,8.179166
ladder,2,7,B,57,8.137959
ladder,2,7,B,58,8.089000
ladder,2,7,B,59,8.125500
ladder,2,7,B,60,8.167583
ladder,2,7,B,61,8.147666
ladder,2,7,B,62,8.100291
ladder,2,7,B,63,8.145666
ladder,2,7,B,64,8.116000
ladder,2,7,B,65,8.146584
ladder,2,7,B,66,8.105750
ladder,2,7,B,67,8.115667
ladder,2,7,B,68,8.111750
ladder,2,7,B,69,8.124792
ladder,2,7,B,70,8.117458
ladder,2,7,B,71,8.120000
ladder,2,7,B,72,8.120875
ladder,2,7,B,73,8.143208
ladder,2,7,B,74,8.121292
ladder,2,7,B,75,8.145541
ladder,2,7,B,76,8.136084
ladder,2,7,B,77,8.096833
ladder,2,7,B,78,8.108375
ladder,2,7,B,79,8.136417
ladder,2,7,B,80,8.147167
ladder,2,7,B,81,8.200791
ladder,2,7,B,82,8.152292
ladder,2,7,B,83,8.141875
ladder,2,7,B,84,8.214750
ladder,2,7,B,85,8.225625
ladder,2,7,B,86,8.153625
ladder,2,7,B,87,8.114125
ladder,2,7,B,88,8.154042
ladder,2,7,B,89,8.115833
ladder,2,7,B,90,8.162417
ladder,2,7,B,91,8.092334
ladder,2,7,B,92,8.155542
ladder,2,7,B,93,8.123666
ladder,2,7,B,94,8.173417
ladder,2,7,B,95,8.129041
ladder,2,7,B,96,8.167417
ladder,2,7,B,97,8.127625
ladder,2,7,B,98,8.173833
ladder,2,7,B,99,8.145291
ladder,2,7,B,100,8.159208
ladder,2,7,B,101,8.125959
ladder,2,7,B,102,8.159166
ladder,2,7,B,103,8.125583
ladder,2,7,B,104,8.136708
ladder,2,7,B,105,8.118500
ladder,2,7,B,106,8.158750
ladder,2,7,B,107,8.150000
ladder,2,7,B,108,8.173000
ladder,2,7,B,109,8.128833
ladder,2,7,B,110,8.261375
ladder,2,7,B,111,8.142208
ladder,2,7,B,112,8.183125
ladder,2,7,B,113,8.156459
ladder,2,7,B,114,8.174500
ladder,2,7,B,115,8.230208
ladder,2,7,B,116,8.304083
ladder,2,7,B,117,8.146208
ladder,2,7,B,118,8.162459
ladder,2,7,B,119,8.155792
ladder,2,7,B,120,8.161167
ladder,2,7,B,121,8.127333
ladder,2,7,B,122,8.163083
ladder,2,7,B,123,8.139291
ladder,2,7,B,124,8.164250
ladder,2,7,B,125,8.171750
ladder,2,7,B,126,8.149167
ladder,2,7,B,127,8.154208
ladder,2,7,B,128,8.143542
ladder,2,7,B,129,8.156708
ladder,2,7,B,130,8.188333
ladder,2,7,B,131,8.148291
ladder,2,7,B,132,8.140250
ladder,2,7,B,133,8.161417
ladder,2,7,B,134,8.166584
ladder,2,7,B,135,8.171666
ladder,2,7,B,136,8.132167
ladder,2,7,B,137,8.158834
ladder,2,7,B,138,8.150916
ladder,2,7,B,139,8.166250
ladder,2,7,B,140,8.148292
ladder,2,7,B,141,8.186916
ladder,2,7,B,142,8.130083
ladder,2,7,B,143,8.224416
ladder,2,7,B,144,8.172792
ladder,2,7,B,145,8.225083
ladder,2,7,B,146,8.271291
ladder,2,7,B,147,8.205167
ladder,2,7,B,148,8.160250
ladder,2,7,B,149,8.209709
ladder,2,7,B,150,8.231792
ladder,2,7,B,151,8.191042
ladder,2,7,B,152,8.156125
ladder,2,7,B,153,8.203667
ladder,2,7,B,154,8.128459
ladder,2,7,B,155,8.198500
ladder,2,7,B,156,8.154750
ladder,2,7,B,157,8.171750
ladder,2,7,B,158,8.148208
ladder,2,7,B,159,8.214375
ladder,2,7,B,160,8.189292
ladder,2,7,B,161,8.177208
ladder,2,7,B,162,8.139000
ladder,2,7,B,163,8.196500
ladder,2,7,B,164,8.153958
ladder,2,7,B,165,8.183041
ladder,2,7,B,166,8.162459
ladder,2,7,B,167,8.142000
ladder,2,7,B,168,8.128208
ladder,2,7,B,169,8.168292
ladder,2,7,B,170,8.139208
ladder,2,7,B,171,8.179542
ladder,2,7,B,172,8.130667
ladder,2,7,B,173,8.157334
ladder,2,7,B,174,8.152584
ladder,2,7,B,175,8.141458
ladder,2,7,B,176,8.207375
ladder,2,7,B,177,8.161833
ladder,2,7,B,178,8.154041
ladder,2,7,B,179,8.150792
ladder,2,7,B,180,8.187500
ladder,2,7,B,181,8.198667
ladder,2,7,B,182,8.161083
ladder,2,7,B,183,8.173958
ladder,2,7,B,184,8.150250
ladder,2,7,B,185,8.163292
ladder,2,7,B,186,8.129292
ladder,2,7,B,187,8.143291
ladder,2,7,B,188,8.080125
ladder,2,7,B,189,8.120791
ladder,2,7,B,190,8.157750
ladder,2,7,B,191,8.130667
ladder,2,7,B,192,8.151083
ladder,2,7,B,193,8.138833
ladder,2,7,B,194,8.166833
ladder,2,7,B,195,8.139459
ladder,2,7,B,196,8.198416
ladder,2,7,B,197,8.148333
ladder,2,7,B,198,8.212542
ladder,2,7,B,199,8.217541
ladder,2,7,B,200,8.212667
ladder,2,7,B,201,8.146250
ladder,2,7,B,202,8.206708
ladder,2,7,B,203,8.162459
ladder,2,7,B,204,8.193084
ladder,2,7,B,205,8.168084
ladder,2,7,B,206,8.177500
ladder,2,7,B,207,8.159500
ladder,2,7,B,208,8.235084
ladder,2,7,B,209,8.171333
ladder,2,7,B,210,8.182750
ladder,2,7,B,211,8.143083
ladder,2,7,B,212,8.217500
ladder,2,7,B,213,8.140625
ladder,2,7,B,214,8.170458
ladder,2,7,B,215,8.156666
ladder,2,7,B,216,8.165292
ladder,2,7,B,217,8.158042
ladder,2,7,B,218,8.167541
ladder,2,7,B,219,8.181000
ladder,2,7,B,220,8.180625
ladder,2,7,B,221,8.150833
ladder,2,7,B,222,8.205625
ladder,2,7,B,223,8.176000
ladder,2,7,B,224,8.197333
ladder,2,7,B,225,8.174500
ladder,2,7,B,226,8.189917
ladder,2,7,B,227,8.171167
ladder,2,7,B,228,8.196209
ladder,2,7,B,229,8.202333
ladder,2,7,B,230,8.143500
ladder,2,7,B,231,8.165125
ladder,2,7,B,232,8.213375
ladder,2,7,B,233,8.158167
ladder,2,7,B,234,8.167166
ladder,2,7,B,235,8.183625
ladder,2,7,B,236,8.176416
ladder,2,7,B,237,8.205292
ladder,2,7,B,238,8.180250
ladder,2,7,B,239,8.197833
ladder,2,7,B,240,8.146792
ladder,2,7,B,241,8.180167
ladder,2,7,B,242,8.155625
ladder,2,7,B,243,8.190625
ladder,2,7,B,244,8.161000
ladder,2,7,B,245,8.195333
ladder,2,7,B,246,8.168542
ladder,2,7,B,247,8.210792
ladder,2,7,B,248,8.145333
ladder,2,7,B,249,8.201792
ladder,2,7,B,250,8.172708
ladder,2,7,B,251,8.205083
ladder,2,7,B,252,8.169667
ladder,2,7,B,253,8.245250
ladder,2,7,B,254,8.238875
ladder,2,7,B,255,8.212000
ladder,2,7,B,256,8.906875
ladder,2,7,B,257,8.318583
ladder,2,7,B,258,8.178958
ladder,2,7,B,259,8.235791
ladder,2,7,B,260,8.224792
ladder,2,7,B,261,8.199708
ladder,2,7,B,262,8.185542
ladder,2,7,B,263,8.306959
ladder,2,7,B,264,8.187667
ladder,2,7,B,265,8.233291
ladder,2,7,B,266,8.202708
ladder,2,7,B,267,8.238000
ladder,2,7,B,268,8.164583
ladder,2,7,B,269,8.209167
ladder,2,7,B,270,8.200167
ladder,2,7,B,271,8.207417
ladder,2,7,B,272,8.176125
ladder,2,7,B,273,8.207083
ladder,2,7,B,274,8.166167
ladder,2,7,B,275,8.217417
ladder,2,7,B,276,8.168375
ladder,2,7,B,277,8.203333
ladder,2,7,B,278,8.200667
ladder,2,7,B,279,8.181209
ladder,2,7,B,280,8.170000
ladder,2,7,B,281,8.217167
ladder,2,7,B,282,8.182250
ladder,2,7,B,283,8.229750
ladder,2,7,B,284,8.204875
ladder,2,7,B,285,8.225167
ladder,2,7,B,286,8.198958
ladder,2,7,B,287,8.236333
ladder,2,7,B,288,8.146084
ladder,2,7,B,289,8.176583
ladder,2,7,B,290,8.170250
ladder,2,7,B,291,8.182500
ladder,2,7,B,292,8.203250
ladder,2,7,B,293,8.172125
ladder,2,7,B,294,8.191584
ladder,2,7,B,295,8.171958
ladder,2,7,B,296,8.184208
ladder,2,7,B,297,8.187834
ladder,2,7,B,298,8.175917
ladder,2,7,B,299,8.171000
ladder,2,7,B,300,8.223875
ladder,2,7,B,301,8.171792
ladder,2,7,B,302,8.160958
ladder,2,7,B,303,8.185375
ladder,2,7,B,304,8.189375
ladder,2,7,B,305,8.171792
ladder,2,7,B,306,8.214125
ladder,2,7,B,307,8.186542
ladder,2,7,B,308,8.217791
ladder,2,7,B,309,8.167250
ladder,2,7,B,310,8.178625
ladder,2,7,B,311,8.164958
ladder,2,7,B,312,8.206292
ladder,2,7,B,313,8.208958
ladder,2,7,B,314,8.195959
ladder,2,7,B,315,8.186042
ladder,2,7,B,316,8.216625
ladder,2,7,B,317,8.196792
ladder,2,7,B,318,8.252500
ladder,2,7,B,319,8.185250
ladder,2,7,B,320,8.255417
ladder,2,7,B,321,8.186416
ladder,2,7,B,322,8.225292
ladder,2,7,B,323,8.183416
ladder,2,7,B,324,8.263958
ladder,2,7,B,325,8.184584
ladder,2,7,B,326,8.279292
ladder,2,7,B,327,8.217541
ladder,2,7,B,328,8.242542
ladder,2,7,B,329,8.197500
ladder,2,7,B,330,8.250417
ladder,2,7,B,331,8.182083
ladder,2,7,B,332,8.231375
ladder,2,7,B,333,8.184708
ladder,2,7,B,334,8.248667
ladder,2,7,B,335,8.183333
ladder,2,7,B,336,8.220875
ladder,2,7,B,337,8.194292
ladder,2,7,B,338,8.228041
ladder,2,7,B,339,8.255500
ladder,2,7,B,340,8.254750
ladder,2,7,B,341,8.211959
ladder,2,7,B,342,8.251125
ladder,2,7,B,343,8.217125
ladder,2,7,B,344,8.218250
ladder,2,7,B,345,8.252458
ladder,2,7,B,346,8.251917
ladder,2,7,B,347,8.188666
ladder,2,7,B,348,8.236667
ladder,2,7,B,349,8.216417
ladder,2,7,B,350,8.239500
ladder,2,7,B,351,8.189792
ladder,2,7,B,352,8.222250
ladder,2,7,B,353,8.220834
ladder,2,7,B,354,8.262750
ladder,2,7,B,355,8.220625
ladder,2,7,B,356,8.232959
ladder,2,7,B,357,8.218583
ladder,2,7,B,358,8.226083
ladder,2,7,B,359,8.224208
ladder,2,7,B,360,8.220292
ladder,2,7,B,361,8.206708
ladder,2,7,B,362,8.221584
ladder,2,7,B,363,8.232584
ladder,2,7,B,364,8.227125
ladder,2,7,B,365,8.237125
ladder,2,7,B,366,8.223250
ladder,2,7,B,367,8.198167
ladder,2,7,B,368,8.220875
ladder,2,7,B,369,8.254459
ladder,2,7,B,370,8.208583
ladder,2,7,B,371,8.235042
ladder,2,7,B,372,8.211875
ladder,2,7,B,373,8.230792
ladder,2,7,B,374,8.203250
ladder,2,7,B,375,8.269959
ladder,2,7,B,376,8.230375
ladder,2,7,B,377,8.218083
ladder,2,7,B,378,8.164083
ladder,2,7,B,379,8.290625
ladder,2,7,B,380,8.203333
ladder,2,7,B,381,8.237583
ladder,2,7,B,382,8.222917
ladder,2,7,B,383,8.237458
ladder,2,7,B,384,8.204667
ladder,2,7,B,385,8.213500
ladder,2,7,B,386,8.210583
ladder,2,7,B,387,8.245792
ladder,2,7,B,388,8.289250
ladder,2,7,B,389,8.239250
ladder,2,7,B,390,8.201042
ladder,2,7,B,391,8.250709
ladder,2,7,B,392,8.222458
ladder,2,7,B,393,8.255750
ladder,2,7,B,394,8.223042
ladder,2,7,B,395,8.211917
ladder,2,7,B,396,8.218708
ladder,2,7,B,397,8.254291
ladder,2,7,B,398,8.218959
ladder,2,7,B,399,8.278791
ladder,2,7,B,400,8.230250
ladder,2,7,B,401,8.263208
ladder,2,7,B,402,8.301958
ladder,2,7,B,403,8.313459
ladder,2,7,B,404,8.212916
ladder,2,7,B,405,8.323375
ladder,2,7,B,406,8.200459
ladder,2,7,B,407,8.263875
ladder,2,7,B,408,8.183416
ladder,2,7,B,409,8.253791
ladder,2,7,B,410,8.211083
ladder,2,7,B,411,8.232333
ladder,2,7,B,412,8.221666
ladder,2,7,B,413,8.211916
ladder,2,7,B,414,8.202833
ladder,2,7,B,415,8.216208
ladder,2,7,B,416,8.214875
ladder,2,7,B,417,8.203708
ladder,2,7,B,418,8.250000
ladder,2,7,B,419,8.219917
ladder,2,7,B,420,8.224834
ladder,2,7,B,421,8.249875
ladder,2,7,B,422,8.207458
ladder,2,7,B,423,8.230458
ladder,2,7,B,424,8.190625
ladder,2,7,B,425,8.224500
ladder,2,7,B,426,8.215416
ladder,2,7,B,427,8.245041
ladder,2,7,B,428,8.214708
ladder,2,7,B,429,8.224542
ladder,2,7,B,430,8.204041
ladder,2,7,B,431,8.221083
ladder,2,7,B,432,8.186750
ladder,2,7,B,433,8.216000
ladder,2,7,B,434,8.229208
ladder,2,7,B,435,8.220667
ladder,2,7,B,436,8.222666
ladder,2,7,B,437,8.199833
ladder,2,7,B,438,8.225250
ladder,2,7,B,439,8.226750
ladder,2,7,B,440,8.233083
ladder,2,7,B,441,8.231542
ladder,2,7,B,442,8.219709
ladder,2,7,B,443,8.290291
ladder,2,7,B,444,8.209583
ladder,2,7,B,445,8.237750
ladder,2,7,B,446,8.235583
ladder,2,7,B,447,8.235916
ladder,2,7,B,448,8.252000
ladder,2,7,B,449,8.218291
ladder,2,7,B,450,8.260792
ladder,2,7,B,451,8.259583
ladder,2,7,B,452,8.288291
ladder,2,7,B,453,8.208667
ladder,2,7,B,454,8.244167
ladder,2,7,B,455,8.268584
ladder,2,7,B,456,8.249500
ladder,2,7,B,457,8.231083
ladder,2,7,B,458,8.233334
ladder,2,7,B,459,8.244667
ladder,2,7,B,460,8.250875
ladder,2,7,B,461,8.248542
ladder,2,7,B,462,8.215416
ladder,2,7,B,463,8.204750
ladder,2,7,B,464,8.239209
ladder,2,7,B,465,8.270125
ladder,2,7,B,466,8.241916
ladder,2,7,B,467,8.239916
ladder,2,7,B,468,8.259167
ladder,2,7,B,469,8.227542
ladder,2,7,B,470,8.237125
ladder,2,7,B,471,8.245833
ladder,2,7,B,472,8.269208
ladder,2,7,B,473,8.315292
ladder,2,7,B,474,8.323500
ladder,2,7,B,475,8.296500
ladder,2,7,B,476,8.333333
ladder,2,7,B,477,8.307625
ladder,2,7,B,478,8.302584
ladder,2,7,B,479,8.368292
ladder,2,7,B,480,8.340750
ladder,2,7,B,481,8.303667
ladder,2,7,B,482,8.251375
ladder,2,7,B,483,8.213666
ladder,2,7,B,484,8.281625
ladder,2,7,B,485,8.318417
ladder,2,7,B,486,8.259833
ladder,2,7,B,487,8.346917
ladder,2,7,B,488,8.380500
ladder,2,7,B,489,8.314459
ladder,2,7,B,490,8.336750
ladder,2,7,B,491,8.365792
ladder,2,7,B,492,8.265167
ladder,2,7,B,493,8.182542
ladder,2,7,B,494,8.193125
ladder,2,7,B,495,8.251583
ladder,2,7,B,496,8.220042
ladder,2,7,B,497,8.150542
ladder,2,7,B,498,8.224250
ladder,2,7,B,499,8.256750
ladder,2,7,B,500,8.234375
ladder,2,7,B,501,8.185291
ladder,2,7,B,502,8.251000
ladder,2,7,B,503,8.193083
ladder,2,7,B,504,8.227250
ladder,2,7,B,505,8.159625
ladder,2,7,B,506,8.220542
ladder,2,7,B,507,8.188791
ladder,2,7,B,508,8.230208
ladder,2,7,B,509,8.170042
ladder,2,7,B,510,8.252375
ladder,2,7,B,511,8.271125
ladder,2,8,D,1,8.246792
ladder,2,8,D,2,8.189291
ladder,2,8,D,3,8.140625
ladder,2,8,D,4,8.203917
ladder,2,8,D,5,8.198042
ladder,2,8,D,6,8.305459
ladder,2,8,D,7,8.155792
ladder,2,8,D,8,8.163458
ladder,2,8,D,9,8.145416
ladder,2,8,D,10,8.154667
ladder,2,8,D,11,8.140417
ladder,2,8,D,12,8.137667
ladder,2,8,D,13,8.141708
ladder,2,8,D,14,8.220708
ladder,2,8,D,15,8.150875
ladder,2,8,D,16,8.141041
ladder,2,8,D,17,8.133083
ladder,2,8,D,18,8.143000
ladder,2,8,D,19,8.146666
ladder,2,8,D,20,8.176000
ladder,2,8,D,21,8.094166
ladder,2,8,D,22,8.136542
ladder,2,8,D,23,8.154291
ladder,2,8,D,24,8.160958
ladder,2,8,D,25,8.162292
ladder,2,8,D,26,8.135791
ladder,2,8,D,27,8.150750
ladder,2,8,D,28,8.160041
ladder,2,8,D,29,8.150709
ladder,2,8,D,30,8.123500
ladder,2,8,D,31,8.167375
ladder,2,8,D,32,8.247917
ladder,2,8,D,33,8.159791
ladder,2,8,D,34,8.149584
ladder,2,8,D,35,8.177083
ladder,2,8,D,36,8.139708
ladder,2,8,D,37,8.199500
ladder,2,8,D,38,8.167041
ladder,2,8,D,39,8.200875
ladder,2,8,D,40,8.158708
ladder,2,8,D,41,8.182959
ladder,2,8,D,42,8.149750
ladder,2,8,D,43,8.212167
ladder,2,8,D,44,8.160291
ladder,2,8,D,45,8.181375
ladder,2,8,D,46,8.157875
ladder,2,8,D,47,8.267375
ladder,2,8,D,48,8.145500
ladder,2,8,D,49,8.233166
ladder,2,8,D,50,8.141250
ladder,2,8,D,51,8.226167
ladder,2,8,D,52,8.156084
ladder,2,8,D,53,8.202541
ladder,2,8,D,54,8.152916
ladder,2,8,D,55,8.196958
ladder,2,8,D,56,8.162917
ladder,2,8,D,57,8.165917
ladder,2,8,D,58,8.152250
ladder,2,8,D,59,8.161042
ladder,2,8,D,60,8.159875
ladder,2,8,D,61,8.179291
ladder,2,8,D,62,8.147250
ladder,2,8,D,63,8.163375
ladder,2,8,D,64,8.154541
ladder,2,8,D,65,8.158625
ladder,2,8,D,66,8.208750
ladder,2,8,D,67,8.204250
ladder,2,8,D,68,8.177375
ladder,2,8,D,69,8.200875
ladder,2,8,D,70,8.144791
ladder,2,8,D,71,8.173292
ladder,2,8,D,72,8.173416
ladder,2,8,D,73,8.176500
ladder,2,8,D,74,8.175750
ladder,2,8,D,75,8.177250
ladder,2,8,D,76,8.177000
ladder,2,8,D,77,8.166250
ladder,2,8,D,78,8.171792
ladder,2,8,D,79,8.165209
ladder,2,8,D,80,8.149000
ladder,2,8,D,81,8.187000
ladder,2,8,D,82,8.164500
ladder,2,8,D,83,8.176417
ladder,2,8,D,84,8.164375
ladder,2,8,D,85,8.162500
ladder,2,8,D,86,8.165459
ladder,2,8,D,87,8.183792
ladder,2,8,D,88,8.192667
ladder,2,8,D,89,8.147375
ladder,2,8,D,90,8.182500
ladder,2,8,D,91,8.182875
ladder,2,8,D,92,8.180166
ladder,2,8,D,93,8.164250
ladder,2,8,D,94,8.209500
ladder,2,8,D,95,8.158875
ladder,2,8,D,96,8.216583
ladder,2,8,D,97,8.229083
ladder,2,8,D,98,8.329125
ladder,2,8,D,99,8.157959
ladder,2,8,D,100,8.257417
ladder,2,8,D,101,8.166208
ladder,2,8,D,102,8.291583
ladder,2,8,D,103,8.265750
ladder,2,8,D,104,8.229000
ladder,2,8,D,105,8.184791
ladder,2,8,D,106,8.196333
ladder,2,8,D,107,8.159333
ladder,2,8,D,108,8.208875
ladder,2,8,D,109,8.159458
ladder,2,8,D,110,8.200875
ladder,2,8,D,111,8.162875
ladder,2,8,D,112,8.194208
ladder,2,8,D,113,8.166625
ladder,2,8,D,114,8.187084
ladder,2,8,D,115,8.150042
ladder,2,8,D,116,8.190250
ladder,2,8,D,117,8.163875
ladder,2,8,D,118,8.206167
ladder,2,8,D,119,8.148958
ladder,2,8,D,120,8.182208
ladder,2,8,D,121,8.149750
ladder,2,8,D,122,8.181375
ladder,2,8,D,123,8.149000
ladder,2,8,D,124,8.168042
ladder,2,8,D,125,8.163875
ladder,2,8,D,126,8.194000
ladder,2,8,D,127,8.195042
ladder,2,8,D,128,8.259250
ladder,2,8,D,129,8.264000
ladder,2,8,D,130,8.298834
ladder,2,8,D,131,8.185667
ladder,2,8,D,132,8.199125
ladder,2,8,D,133,8.235167
ladder,2,8,D,134,8.193875
ladder,2,8,D,135,8.184500
ladder,2,8,D,136,8.166917
ladder,2,8,D,137,8.166958
ladder,2,8,D,138,8.157583
ladder,2,8,D,139,8.179917
ladder,2,8,D,140,8.171750
ladder,2,8,D,141,8.169875
ladder,2,8,D,142,8.164375
ladder,2,8,D,143,8.145750
ladder,2,8,D,144,8.119125
ladder,2,8,D,145,8.175750
ladder,2,8,D,146,8.164125
ladder,2,8,D,147,8.161750
ladder,2,8,D,148,8.174333
ladder,2,8,D,149,8.164333
ladder,2,8,D,150,8.157250
ladder,2,8,D,151,8.194542
ladder,2,8,D,152,8.151833
ladder,2,8,D,153,8.184750
ladder,2,8,D,154,8.163875
ladder,2,8,D,155,8.213625
ladder,2,8,D,156,8.186833
ladder,2,8,D,157,8.201416
ladder,2,8,D,158,8.179708
ladder,2,8,D,159,8.330083
ladder,2,8,D,160,8.272458
ladder,2,8,D,161,8.233750
ladder,2,8,D,162,8.160833
ladder,2,8,D,163,8.225458
ladder,2,8,D,164,8.192417
ladder,2,8,D,165,8.219208
ladder,2,8,D,166,8.164333
ladder,2,8,D,167,8.221417
ladder,2,8,D,168,8.202167
ladder,2,8,D,169,8.219916
ladder,2,8,D,170,8.221667
ladder,2,8,D,171,8.236833
ladder,2,8,D,172,8.205833
ladder,2,8,D,173,8.231917
ladder,2,8,D,174,8.180375
ladder,2,8,D,175,8.225875
ladder,2,8,D,176,8.154834
ladder,2,8,D,177,8.190666
ladder,2,8,D,178,8.177209
ladder,2,8,D,179,8.214542
ladder,2,8,D,180,8.179542
ladder,2,8,D,181,8.176959
ladder,2,8,D,182,8.174708
ladder,2,8,D,183,8.204125
ladder,2,8,D,184,8.178208
ladder,2,8,D,185,8.217458
ladder,2,8,D,186,8.206125
ladder,2,8,D,187,8.203459
ladder,2,8,D,188,8.189791
ladder,2,8,D,189,8.209167
ladder,2,8,D,190,8.198625
ladder,2,8,D,191,8.205125
ladder,2,8,D,192,8.192625
ladder,2,8,D,193,8.222291
ladder,2,8,D,194,8.198458
ladder,2,8,D,195,8.207250
ladder,2,8,D,196,8.199292
ladder,2,8,D,197,8.169958
ladder,2,8,D,198,8.190542
ladder,2,8,D,199,8.192250
ladder,2,8,D,200,8.256125
ladder,2,8,D,201,8.185625
ladder,2,8,D,202,8.207375
ladder,2,8,D,203,8.184416
ladder,2,8,D,204,8.210792
ladder,2,8,D,205,8.201625
ladder,2,8,D,206,8.198833
ladder,2,8,D,207,8.177250
ladder,2,8,D,208,8.204583
ladder,2,8,D,209,8.184833
ladder,2,8,D,210,8.202625
ladder,2,8,D,211,8.205208
ladder,2,8,D,212,8.193291
ladder,2,8,D,213,8.190458
ladder,2,8,D,214,8.212000
ladder,2,8,D,215,8.207458
ladder,2,8,D,216,8.247916
ladder,2,8,D,217,8.203042
ladder,2,8,D,218,8.230000
ladder,2,8,D,219,8.175125
ladder,2,8,D,220,8.235917
ladder,2,8,D,221,8.172333
ladder,2,8,D,222,8.256000
ladder,2,8,D,223,8.189583
ladder,2,8,D,224,8.241667
ladder,2,8,D,225,8.301416
ladder,2,8,D,226,8.244833
ladder,2,8,D,227,8.186084
ladder,2,8,D,228,8.331792
ladder,2,8,D,229,8.204750
ladder,2,8,D,230,8.265750
ladder,2,8,D,231,8.215792
ladder,2,8,D,232,8.230292
ladder,2,8,D,233,8.192500
ladder,2,8,D,234,8.212625
ladder,2,8,D,235,8.198250
ladder,2,8,D,236,8.285834
ladder,2,8,D,237,8.196000
ladder,2,8,D,238,8.219292
ladder,2,8,D,239,8.194166
ladder,2,8,D,240,8.280917
ladder,2,8,D,241,8.166750
ladder,2,8,D,242,8.223416
ladder,2,8,D,243,8.207625
ladder,2,8,D,244,8.237375
ladder,2,8,D,245,8.215875
ladder,2,8,D,246,8.204834
ladder,2,8,D,247,8.163833
ladder,2,8,D,248,8.216125
ladder,2,8,D,249,8.172667
ladder,2,8,D,250,8.193750
ladder,2,8,D,251,8.174334
ladder,2,8,D,252,8.180334
ladder,2,8,D,253,8.204167
ladder,2,8,D,254,8.208125
ladder,2,8,D,255,8.202417
ladder,2,8,D,256,8.910042
ladder,2,8,D,257,8.308500
ladder,2,8,D,258,8.231959
ladder,2,8,D,259,8.193792
ladder,2,8,D,260,8.203125
ladder,2,8,D,261,8.202041
ladder,2,8,D,262,8.217584
ladder,2,8,D,263,8.190875
ladder,2,8,D,264,8.213584
ladder,2,8,D,265,8.186125
ladder,2,8,D,266,8.182750
ladder,2,8,D,267,8.171916
ladder,2,8,D,268,8.214667
ladder,2,8,D,269,8.238750
ladder,2,8,D,270,8.220583
ladder,2,8,D,271,8.182792
ladder,2,8,D,272,8.190333
ladder,2,8,D,273,8.269584
ladder,2,8,D,274,8.189917
ladder,2,8,D,275,8.221750
ladder,2,8,D,276,8.226084
ladder,2,8,D,277,8.226500
ladder,2,8,D,278,8.198042
ladder,2,8,D,279,8.229375
ladder,2,8,D,280,8.187500
ladder,2,8,D,281,8.242042
ladder,2,8,D,282,8.194667
ladder,2,8,D,283,8.241667
ladder,2,8,D,284,8.213333
ladder,2,8,D,285,8.219917
ladder,2,8,D,286,8.218083
ladder,2,8,D,287,8.253750
ladder,2,8,D,288,8.210333
ladder,2,8,D,289,8.243750
ladder,2,8,D,290,8.235042
ladder,2,8,D,291,8.219833
ladder,2,8,D,292,8.255625
ladder,2,8,D,293,8.247041
ladder,2,8,D,294,8.205292
ladder,2,8,D,295,8.276000
ladder,2,8,D,296,8.197709
ladder,2,8,D,297,8.282959
ladder,2,8,D,298,8.223833
ladder,2,8,D,299,8.268667
ladder,2,8,D,300,8.210250
ladder,2,8,D,301,8.295875
ladder,2,8,D,302,8.210459
ladder,2,8,D,303,8.268875
ladder,2,8,D,304,8.199084
ladder,2,8,D,305,8.274000
ladder,2,8,D,306,8.239375
ladder,2,8,D,307,8.223083
ladder,2,8,D,308,8.223500
ladder,2,8,D,309,8.357917
ladder,2,8,D,310,8.255333
ladder,2,8,D,311,8.288292
ladder,2,8,D,312,8.208000
ladder,2,8,D,313,8.261625
ladder,2,8,D,314,8.214458
ladder,2,8,D,315,8.247708
ladder,2,8,D,316,8.241792
ladder,2,8,D,317,8.265542
ladder,2,8,D,318,8.241917
ladder,2,8,D,319,8.246542
ladder,2,8,D,320,8.257416
ladder,2,8,D,321,8.261292
ladder,2,8,D,322,8.225000
ladder,2,8,D,323,8.245292
ladder,2,8,D,324,8.239250
ladder,2,8,D,325,8.244334
ladder,2,8,D,326,8.219458
ladder,2,8,D,327,8.247875
ladder,2,8,D,328,8.228291
ladder,2,8,D,329,8.295750
ladder,2,8,D,330,8.226542
ladder,2,8,D,331,8.248042
ladder,2,8,D,332,8.218834
ladder,2,8,D,333,8.222959
ladder,2,8,D,334,8.227375
ladder,2,8,D,335,8.249750
ladder,2,8,D,336,8.210500
ladder,2,8,D,337,8.242250
ladder,2,8,D,338,8.224167
ladder,2,8,D,339,8.259833
ladder,2,8,D,340,8.198291
ladder,2,8,D,341,8.249292
ladder,2,8,D,342,8.252583
ladder,2,8,D,343,8.268834
ladder,2,8,D,344,8.223333
ladder,2,8,D,345,8.235250
ladder,2,8,D,346,8.244333
ladder,2,8,D,347,8.222375
ladder,2,8,D,348,8.236250
ladder,2,8,D,349,8.215000
ladder,2,8,D,350,8.222958
ladder,2,8,D,351,8.250125
ladder,2,8,D,352,8.250792
ladder,2,8,D,353,8.243000
ladder,2,8,D,354,8.234500
ladder,2,8,D,355,8.219375
ladder,2,8,D,356,8.245750
ladder,2,8,D,357,8.241750
ladder,2,8,D,358,8.263416
ladder,2,8,D,359,8.223000
ladder,2,8,D,360,8.267709
ladder,2,8,D,361,8.237000
ladder,2,8,D,362,8.252834
ladder,2,8,D,363,8.266708
ladder,2,8,D,364,8.245625
ladder,2,8,D,365,8.256084
ladder,2,8,D,366,8.218834
ladder,2,8,D,367,8.217000
ladder,2,8,D,368,8.225917
ladder,2,8,D,369,8.219292
ladder,2,8,D,370,8.228333
ladder,2,8,D,371,8.245833
ladder,2,8,D,372,8.235750
ladder,2,8,D,373,8.215416
ladder,2,8,D,374,8.243291
ladder,2,8,D,375,8.242375
ladder,2,8,D,376,8.229375
ladder,2,8,D,377,8.229875
ladder,2,8,D,378,8.237291
ladder,2,8,D,379,8.220208
ladder,2,8,D,380,8.253834
ladder,2,8,D,381,8.205500
ladder,2,8,D,382,8.228666
ladder,2,8,D,383,8.231292
ladder,2,8,D,384,8.237792
ladder,2,8,D,385,8.226458
ladder,2,8,D,386,8.247750
ladder,2,8,D,387,8.188042
ladder,2,8,D,388,8.266625
ladder,2,8,D,389,8.239292
ladder,2,8,D,390,8.244250
ladder,2,8,D,391,8.227459
ladder,2,8,D,392,8.259833
ladder,2,8,D,393,8.235500
ladder,2,8,D,394,8.311291
ladder,2,8,D,395,8.223250
ladder,2,8,D,396,8.380084
ladder,2,8,D,397,8.230167
ladder,2,8,D,398,8.368541
ladder,2,8,D,399,8.244500
ladder,2,8,D,400,8.267917
ladder,2,8,D,401,8.220834
ladder,2,8,D,402,8.332084
ladder,2,8,D,403,8.275959
ladder,2,8,D,404,8.407166
ladder,2,8,D,405,8.241333
ladder,2,8,D,406,8.400083
ladder,2,8,D,407,8.232333
ladder,2,8,D,408,8.274708
ladder,2,8,D,409,8.250292
ladder,2,8,D,410,8.282292
ladder,2,8,D,411,8.237083
ladder,2,8,D,412,8.293375
ladder,2,8,D,413,8.228000
ladder,2,8,D,414,8.288959
ladder,2,8,D,415,8.262792
ladder,2,8,D,416,8.298500
ladder,2,8,D,417,8.255959
ladder,2,8,D,418,8.281167
ladder,2,8,D,419,8.244167
ladder,2,8,D,420,8.267333
ladder,2,8,D,421,8.242375
ladder,2,8,D,422,8.309500
ladder,2,8,D,423,8.256208
ladder,2,8,D,424,8.254542
ladder,2,8,D,425,8.274667
ladder,2,8,D,426,8.270250
ladder,2,8,D,427,8.279417
ladder,2,8,D,428,8.287583
ladder,2,8,D,429,8.253250
ladder,2,8,D,430,8.318375
ladder,2,8,D,431,8.256792
ladder,2,8,D,432,8.287334
ladder,2,8,D,433,8.262084
ladder,2,8,D,434,8.306458
ladder,2,8,D,435,8.270000
ladder,2,8,D,436,8.279000
ladder,2,8,D,437,8.261459
ladder,2,8,D,438,8.278833
ladder,2,8,D,439,8.273958
ladder,2,8,D,440,8.251167
ladder,2,8,D,441,8.268000
ladder,2,8,D,442,8.269875
ladder,2,8,D,443,8.294666
ladder,2,8,D,444,8.303583
ladder,2,8,D,445,8.248959
ladder,2,8,D,446,8.268125
ladder,2,8,D,447,8.249542
ladder,2,8,D,448,8.277208
ladder,2,8,D,449,8.268875
ladder,2,8,D,450,8.315584
ladder,2,8,D,451,8.255875
ladder,2,8,D,452,8.258291
ladder,2,8,D,453,8.275875
ladder,2,8,D,454,8.325250
ladder,2,8,D,455,8.283167
ladder,2,8,D,456,8.297167
ladder,2,8,D,457,8.251958
ladder,2,8,D,458,8.301667
ladder,2,8,D,459,8.250916
ladder,2,8,D,460,8.290125
ladder,2,8,D,461,8.249375
ladder,2,8,D,462,8.262125
ladder,2,8,D,463,8.260125
ladder,2,8,D,464,8.299333
ladder,2,8,D,465,8.230833
ladder,2,8,D,466,8.227750
ladder,2,8,D,467,8.288916
ladder,2,8,D,468,8.277917
ladder,2,8,D,469,8.251917
ladder,2,8,D,470,8.278458
ladder,2,8,D,471,8.250417
ladder,2,8,D,472,8.305125
ladder,2,8,D,473,8.283791
ladder,2,8,D,474,8.280875
ladder,2,8,D,475,8.259209
ladder,2,8,D,476,8.274958
ladder,2,8,D,477,8.258250
ladder,2,8,D,478,8.294458
ladder,2,8,D,479,8.278000
ladder,2,8,D,480,8.297042
ladder,2,8,D,481,8.263916
ladder,2,8,D,482,8.286417
ladder,2,8,D,483,8.276833
ladder,2,8,D,484,8.288375
ladder,2,8,D,485,8.270791
ladder,2,8,D,486,8.318333
ladder,2,8,D,487,8.296583
ladder,2,8,D,488,8.291125
ladder,2,8,D,489,8.279834
ladder,2,8,D,490,8.282333
ladder,2,8,D,491,8.298375
ladder,2,8,D,492,8.244000
ladder,2,8,D,493,8.312917
ladder,2,8,D,494,8.246208
ladder,2,8,D,495,8.300792
ladder,2,8,D,496,8.273375
ladder,2,8,D,497,8.256542
ladder,2,8,D,498,8.277458
ladder,2,8,D,499,8.279958
ladder,2,8,D,500,8.230250
ladder,2,8,D,501,8.258250
ladder,2,8,D,502,8.294417
ladder,2,8,D,503,8.279000
ladder,2,8,D,504,8.256333
ladder,2,8,D,505,8.256208
ladder,2,8,D,506,8.283834
ladder,2,8,D,507,8.279750
ladder,2,8,D,508,8.274875
ladder,2,8,D,509,8.258792
ladder,2,8,D,510,8.285417
ladder,2,8,D,511,8.319334
ladder,2,9,A,1,8.250375
ladder,2,9,A,2,8.170541
ladder,2,9,A,3,8.138416
ladder,2,9,A,4,8.129750
ladder,2,9,A,5,8.126833
ladder,2,9,A,6,8.126333
ladder,2,9,A,7,8.116125
ladder,2,9,A,8,8.109583
ladder,2,9,A,9,8.108958
ladder,2,9,A,10,8.116375
ladder,2,9,A,11,8.132250
ladder,2,9,A,12,8.115333
ladder,2,9,A,13,8.173209
ladder,2,9,A,14,8.115750
ladder,2,9,A,15,8.163041
ladder,2,9,A,16,8.100125
ladder,2,9,A,17,8.190375
ladder,2,9,A,18,8.122000
ladder,2,9,A,19,8.186917
ladder,2,9,A,20,8.122875
ladder,2,9,A,21,8.242541
ladder,2,9,A,22,8.107958
ladder,2,9,A,23,8.182667
ladder,2,9,A,24,8.127541
ladder,2,9,A,25,8.155084
ladder,2,9,A,26,8.139875
ladder,2,9,A,27,8.135167
ladder,2,9,A,28,8.110833
ladder,2,9,A,29,8.156625
ladder,2,9,A,30,8.097958
ladder,2,9,A,31,8.184417
ladder,2,9,A,32,8.126666
ladder,2,9,A,33,8.154000
ladder,2,9,A,34,8.166125
ladder,2,9,A,35,8.167416
ladder,2,9,A,36,8.147833
ladder,2,9,A,37,8.159375
ladder,2,9,A,38,8.114625
ladder,2,9,A,39,8.174667
ladder,2,9,A,40,8.120833
ladder,2,9,A,41,8.149583
ladder,2,9,A,42,8.128250
ladder,2,9,A,43,8.152459
ladder,2,9,A,44,8.135667
ladder,2,9,A,45,8.152333
ladder,2,9,A,46,8.137416
ladder,2,9,A,47,8.113708
ladder,2,9,A,48,8.164500
ladder,2,9,A,49,8.122625
ladder,2,9,A,50,8.159542
ladder,2,9,A,51,8.133958
ladder,2,9,A,52,8.131500
ladder,2,9,A,53,8.114166
ladder,2,9,A,54,8.173542
ladder,2,9,A,55,8.174542
ladder,2,9,A,56,8.164084
ladder,2,9,A,57,8.165458
ladder,2,9,A,58,8.142833
ladder,2,9,A,59,8.130958
ladder,2,9,A,60,8.165167
ladder,2,9,A,61,8.145750
ladder,2,9,A,62,8.192542
ladder,2,9,A,63,8.140375
ladder,2,9,A,64,8.180833
ladder,2,9,A,65,8.116833
ladder,2,9,A,66,8.205750
ladder,2,9,A,67,8.144042
ladder,2,9,A,68,8.180917
ladder,2,9,A,69,8.113875
ladder,2,9,A,70,8.166750
ladder,2,9,A,71,8.151042
ladder,2,9,A,72,8.148666
ladder,2,9,A,73,8.145417
ladder,2,9,A,74,8.161875
ladder,2,9,A,75,8.120625
ladder,2,9,A,76,8.166083
ladder,2,9,A,77,8.131250
ladder,2,9,A,78,8.188417
ladder,2,9,A,79,8.241750
ladder,2,9,A,80,8.200708
ladder,2,9,A,81,8.151750
ladder,2,9,A,82,8.171375
ladder,2,9,A,83,8.142208
ladder,2,9,A,84,8.153750
ladder,2,9,A,85,8.145167
ladder,2,9,A,86,8.143583
ladder,2,9,A,87,8.156375
ladder,2,9,A,88,8.241208
ladder,2,9,A,89,8.164416
ladder,2,9,A,90,8.151833
ladder,2,9,A,91,8.153583
ladder,2,9,A,92,8.159708
ladder,2,9,A,93,8.156084
ladder,2,9,A,94,8.148209
ladder,2,9,A,95,8.175917
ladder,2,9,A,96,8.146542
ladder,2,9,A,97,8.148875
ladder,2,9,A,98,8.143208
ladder,2,9,A,99,8.163542
ladder,2,9,A,100,8.143875
ladder,2,9,A,101,8.157417
ladder,2,9,A,102,8.154667
ladder,2,9,A,103,8.158917
ladder,2,9,A,104,8.146125
ladder,2,9,A,105,8.175750
ladder,2,9,A,106,8.185125
ladder,2,9,A,107,8.167125
ladder,2,9,A,108,8.170458
ladder,2,9,A,109,8.189375
ladder,2,9,A,110,8.278917
ladder,2,9,A,111,8.225292
ladder,2,9,A,112,8.135166
ladder,2,9,A,113,8.168500
ladder,2,9,A,114,8.161750
ladder,2,9,A,115,8.174625
ladder,2,9,A,116,8.168917
ladder,2,9,A,117,8.146666
ladder,2,9,A,118,8.121541
ladder,2,9,A,119,8.157042
ladder,2,9,A,120,8.154209
ladder,2,9,A,121,8.157583
ladder,2,9,A,122,8.137500
ladder,2,9,A,123,8.177709
ladder,2,9,A,124,8.143333
ladder,2,9,A,125,8.148125
ladder,2,9,A,126,8.151417
ladder,2,9,A,127,8.158250
ladder,2,9,A,128,8.142084
ladder,2,9,A,129,8.129667
ladder,2,9,A,130,8.139083
ladder,2,9,A,131,8.172750
ladder,2,9,A,132,8.143875
ladder,2,9,A,133,8.189167
ladder,2,9,A,134,8.143041
ladder,2,9,A,135,8.165458
ladder,2,9,A,136,8.152459
ladder,2,9,A,137,8.171041
ladder,2,9,A,138,8.142208
ladder,2,9,A,139,8.164000
ladder,2,9,A,140,8.242834
ladder,2,9,A,141,8.315250
ladder,2,9,A,142,8.182917
ladder,2,9,A,143,8.166583
ladder,2,9,A,144,8.191959
ladder,2,9,A,145,8.157625
ladder,2,9,A,146,8.171208
ladder,2,9,A,147,8.150166
ladder,2,9,A,148,8.158750
ladder,2,9,A,149,8.163125
ladder,2,9,A,150,8.179708
ladder,2,9,A,151,8.156250
ladder,2,9,A,152,8.161584
ladder,2,9,A,153,8.169208
ladder,2,9,A,154,8.202333
ladder,2,9,A,155,8.173167
ladder,2,9,A,156,8.178792
ladder,2,9,A,157,8.170375
ladder,2,9,A,158,8.207584
ladder,2,9,A,159,8.165542
ladder,2,9,A,160,8.219083
ladder,2,9,A,161,8.143459
ladder,2,9,A,162,8.193042
ladder,2,9,A,163,8.162750
ladder,2,9,A,164,8.207584
ladder,2,9,A,165,8.176167
ladder,2,9,A,166,8.196833
ladder,2,9,A,167,8.166292
ladder,2,9,A,168,8.218250
ladder,2,9,A,169,8.170250
ladder,2,9,A,170,8.207500
ladder,2,9,A,171,8.181958
ladder,2,9,A,172,8.206542
ladder,2,9,A,173,8.177500
ladder,2,9,A,174,8.196375
ladder,2,9,A,175,8.168416
ladder,2,9,A,176,8.173166
ladder,2,9,A,177,8.167834
ladder,2,9,A,178,8.220458
ladder,2,9,A,179,8.194958
ladder,2,9,A,180,8.170667
ladder,2,9,A,181,8.179125
ladder,2,9,A,182,8.193667
ladder,2,9,A,183,8.176875
ladder,2,9,A,184,8.192958
ladder,2,9,A,185,8.160333
ladder,2,9,A,186,8.198583
ladder,2,9,A,187,8.152041
ladder,2,9,A,188,8.203667
ladder,2,9,A,189,8.195458
ladder,2,9,A,190,8.194292
ladder,2,9,A,191,8.168833
ladder,2,9,A,192,8.158709
ladder,2,9,A,193,8.147042
ladder,2,9,A,194,8.179458
ladder,2,9,A,195,8.162958
ladder,2,9,A,196,8.175000
ladder,2,9,A,197,8.162167
ladder,2,9,A,198,8.192958
ladder,2,9,A,199,8.199459
ladder,2,9,A,200,8.170709
ladder,2,9,A,201,8.175625
ladder,2,9,A,202,8.156208
ladder,2,9,A,203,8.188375
ladder,2,9,A,204,8.194834
ladder,2,9,A,205,8.191708
ladder,2,9,A,206,8.172542
ladder,2,9,A,207,8.184958
ladder,2,9,A,208,8.163042
ladder,2,9,A,209,8.203959
ladder,2,9,A,210,8.191166
ladder,2,9,A,211,8.180209
ladder,2,9,A,212,8.203166
ladder,2,9,A,213,8.168125
ladder,2,9,A,214,8.175291
ladder,2,9,A,215,8.190792
ladder,2,9,A,216,8.156666
ladder,2,9,A,217,8.220375
ladder,2,9,A,218,8.169750
ladder,2,9,A,219,8.228042
ladder,2,9,A,220,8.177125
ladder,2,9,A,221,8.213792
ladder,2,9,A,222,8.190042
ladder,2,9,A,223,8.226709
ladder,2,9,A,224,8.183041
ladder,2,9,A,225,8.214875
ladder,2,9,A,226,8.157166
ladder,2,9,A,227,8.246875
ladder,2,9,A,228,8.207000
ladder,2,9,A,229,8.224917
ladder,2,9,A,230,8.162833
ladder,2,9,A,231,8.202917
ladder,2,9,A,232,8.154541
ladder,2,9,A,233,8.172458
ladder,2,9,A,234,8.207292
ladder,2,9,A,235,8.149625
ladder,2,9,A,236,8.174667
ladder,2,9,A,237,8.172916
ladder,2,9,A,238,8.177250
ladder,2,9,A,239,8.197625
ladder,2,9,A,240,8.167208
ladder,2,9,A,241,8.180250
ladder,2,9,A,242,8.164541
ladder,2,9,A,243,8.178250
ladder,2,9,A,244,8.169958
ladder,2,9,A,245,8.193084
ladder,2,9,A,246,8.173542
ladder,2,9,A,247,8.172250
ladder,2,9,A,248,8.180666
ladder,2,9,A,249,8.191875
ladder,2,9,A,250,8.174958
ladder,2,9,A,251,8.150083
ladder,2,9,A,252,8.175458
ladder,2,9,A,253,8.190917
ladder,2,9,A,254,8.186375
ladder,2,9,A,255,8.165167
ladder,2,9,A,256,8.897500
ladder,2,9,A,257,8.292417
ladder,2,9,A,258,8.189000
ladder,2,9,A,259,8.206292
ladder,2,9,A,260,8.213625
ladder,2,9,A,261,8.214125
ladder,2,9,A,262,8.184834
ladder,2,9,A,263,8.159667
ladder,2,9,A,264,8.236083
ladder,2,9,A,265,8.179625
ladder,2,9,A,266,8.186500
ladder,2,9,A,267,8.185334
ladder,2,9,A,268,8.202250
ladder,2,9,A,269,8.167583
ladder,2,9,A,270,8.213000
ladder,2,9,A,271,8.191416
ladder,2,9,A,272,8.232250
ladder,2,9,A,273,8.202083
ladder,2,9,A,274,8.196917
ladder,2,9,A,275,8.200750
ladder,2,9,A,276,8.240750
ladder,2,9,A,277,8.188834
ladder,2,9,A,278,8.233584
ladder,2,9,A,279,8.195666
ladder,2,9,A,280,8.248958
ladder,2,9,A,281,8.211834
ladder,2,9,A,282,8.246208
ladder,2,9,A,283,8.170375
ladder,2,9,A,284,8.245625
ladder,2,9,A,285,8.188333
ladder,2,9,A,286,8.243834
ladder,2,9,A,287,8.202750
ladder,2,9,A,288,8.243125
ladder,2,9,A,289,8.206750
ladder,2,9,A,290,8.334750
ladder,2,9,A,291,8.174417
ladder,2,9,A,292,8.240583
ladder,2,9,A,293,8.191166
ladder,2,9,A,294,8.251334
ladder,2,9,A,295,8.211250
ladder,2,9,A,296,8.224292
ladder,2,9,A,297,8.198083
ladder,2,9,A,298,8.272583
ladder,2,9,A,299,8.200292
ladder,2,9,A,300,8.249750
ladder,2,9,A,301,8.214000
ladder,2,9,A,302,8.234542
ladder,2,9,A,303,8.224166
ladder,2,9,A,304,8.265750
ladder,2,9,A,305,8.204583
ladder,2,9,A,306,8.216959
ladder,2,9,A,307,8.208167
ladder,2,9,A,308,8.232083
ladder,2,9,A,309,8.220208
ladder,2,9,A,310,8.248625
ladder,2,9,A,311,8.205708
ladder,2,9,A,312,8.232959
ladder,2,9,A,313,8.213542
ladder,2,9,A,314,8.241708
ladder,2,9,A,315,8.195958
ladder,2,9,A,316,8.249250
ladder,2,9,A,317,8.182125
ladder,2,9,A,318,8.240875
ladder,2,9,A,319,8.205834
ladder,2,9,A,320,8.213750
ladder,2,9,A,321,8.202625
ladder,2,9,A,322,8.223083
ladder,2,9,A,323,8.220625
ladder,2,9,A,324,8.266041
ladder,2,9,A,325,8.203333
ladder,2,9,A,326,8.243875
ladder,2,9,A,327,8.214333
ladder,2,9,A,328,8.274250
ladder,2,9,A,329,8.226625
ladder,2,9,A,330,8.229042
ladder,2,9,A,331,8.207250
ladder,2,9,A,332,8.213000
ladder,2,9,A,333,8.287875
ladder,2,9,A,334,8.229875
ladder,2,9,A,335,8.226458
ladder,2,9,A,336,8.218709
ladder,2,9,A,337,8.240292
ladder,2,9,A,338,8.208583
ladder,2,9,A,339,8.237875
ladder,2,9,A,340,8.219708
ladder,2,9,A,341,8.237500
ladder,2,9,A,342,8.225833
ladder,2,9,A,343,8.241166
ladder,2,9,A,344,8.210666
ladder,2,9,A,345,8.234917
ladder,2,9,A,346,8.187083
ladder,2,9,A,347,8.270208
ladder,2,9,A,348,8.211125
ladder,2,9,A,349,8.235792
ladder,2,9,A,350,8.196875
ladder,2,9,A,351,8.251375
ladder,2,9,A,352,8.236042
ladder,2,9,A,353,8.252833
ladder,2,9,A,354,8.217542
ladder,2,9,A,355,8.218959
ladder,2,9,A,356,8.197916
ladder,2,9,A,357,8.218375
ladder,2,9,A,358,8.203750
ladder,2,9,A,359,8.228333
ladder,2,9,A,360,8.187375
ladder,2,9,A,361,8.196250
ladder,2,9,A,362,8.217542
ladder,2,9,A,363,8.268416
ladder,2,9,A,364,8.208083
ladder,2,9,A,365,8.248708
ladder,2,9,A,366,8.270792
ladder,2,9,A,367,8.228833
ladder,2,9,A,368,8.221000
ladder,2,9,A,369,8.325041
ladder,2,9,A,370,8.230667
ladder,2,9,A,371,8.239125
ladder,2,9,A,372,8.203042
ladder,2,9,A,373,8.235125
ladder,2,9,A,374,8.223500
ladder,2,9,A,375,8.242125
ladder,2,9,A,376,8.238250
ladder,2,9,A,377,8.267084
ladder,2,9,A,378,8.214292
ladder,2,9,A,379,8.251083
ladder,2,9,A,380,8.227000
ladder,2,9,A,381,8.266250
ladder,2,9,A,382,8.221792
ladder,2,9,A,383,8.257292
ladder,2,9,A,384,8.224208
ladder,2,9,A,385,8.262667
ladder,2,9,A,386,8.257833
ladder,2,9,A,387,8.219875
ladder,2,9,A,388,8.197542
ladder,2,9,A,389,8.260375
ladder,2,9,A,390,8.215542
ladder,2,9,A,391,8.264041
ladder,2,9,A,392,8.229542
ladder,2,9,A,393,8.256375
ladder,2,9,A,394,8.224167
ladder,2,9,A,395,8.255625
ladder,2,9,A,396,8.240500
ladder,2,9,A,397,8.236042
ladder,2,9,A,398,8.247708
ladder,2,9,A,399,8.245667
ladder,2,9,A,400,8.201125
ladder,2,9,A,401,8.274709
ladder,2,9,A,402,8.237708
ladder,2,9,A,403,8.253708
ladder,2,9,A,404,8.275250
ladder,2,9,A,405,8.236167
ladder,2,9,A,406,8.232709
ladder,2,9,A,407,8.227708
ladder,2,9,A,408,8.233750
ladder,2,9,A,409,8.234625
ladder,2,9,A,410,8.223416
ladder,2,9,A,411,8.249083
ladder,2,9,A,412,8.245541
ladder,2,9,A,413,8.244000
ladder,2,9,A,414,8.251416
ladder,2,9,A,415,8.237750
ladder,2,9,A,416,8.260750
ladder,2,9,A,417,8.228500
ladder,2,9,A,418,8.244250
ladder,2,9,A,419,8.247417
ladder,2,9,A,420,8.231458
ladder,2,9,A,421,8.259917
ladder,2,9,A,422,8.250333
ladder,2,9,A,423,8.234708
ladder,2,9,A,424,8.246125
ladder,2,9,A,425,8.239208
ladder,2,9,A,426,8.276000
ladder,2,9,A,427,8.235334
ladder,2,9,A,428,8.258750
ladder,2,9,A,429,8.264167
ladder,2,9,A,430,8.262875
ladder,2,9,A,431,8.235875
ladder,2,9,A,432,8.286458
ladder,2,9,A,433,8.241958
ladder,2,9,A,434,8.251792
ladder,2,9,A,435,8.250625
ladder,2,9,A,436,8.270083
ladder,2,9,A,437,8.242625
ladder,2,9,A,438,8.287542
ladder,2,9,A,439,8.240000
ladder,2,9,A,440,8.285375
ladder,2,9,A,441,8.263417
ladder,2,9,A,442,8.276500
ladder,2,9,A,443,8.277917
ladder,2,9,A,444,8.278500
ladder,2,9,A,445,8.264500
ladder,2,9,A,446,8.283459
ladder,2,9,A,447,8.261625
ladder,2,9,A,448,8.275625
ladder,2,9,A,449,8.305833
ladder,2,9,A,450,8.274333
ladder,2,9,A,451,8.243041
ladder,2,9,A,452,8.316834
ladder,2,9,A,453,8.236291
ladder,2,9,A,454,8.283708
ladder,2,9,A,455,8.265083
ladder,2,9,A,456,8.276375
ladder,2,9,A,457,8.253792
ladder,2,9,A,458,8.241375
ladder,2,9,A,459,8.244000
ladder,2,9,A,460,8.303584
ladder,2,9,A,461,8.216000
ladder,2,9,A,462,8.300542
ladder,2,9,A,463,8.316875
ladder,2,9,A,464,8.287583
ladder,2,9,A,465,8.223583
ladder,2,9,A,466,8.299708
ladder,2,9,A,467,8.236541
ladder,2,9,A,468,8.297750
ladder,2,9,A,469,8.251958
ladder,2,9,A,470,8.268250
ladder,2,9,A,471,8.212167
ladder,2,9,A,472,8.265916
ladder,2,9,A,473,8.212625
ladder,2,9,A,474,8.258917
ladder,2,9,A,475,8.244834
ladder,2,9,A,476,8.313041
ladder,2,9,A,477,8.239833
ladder,2,9,A,478,8.263291
ladder,2,9,A,479,8.234875
ladder,2,9,A,480,8.270542
ladder,2,9,A,481,8.320833
ladder,2,9,A,482,8.263875
ladder,2,9,A,483,8.221750
ladder,2,9,A,484,8.254875
ladder,2,9,A,485,8.256542
ladder,2,9,A,486,8.261167
ladder,2,9,A,487,8.242084
ladder,2,9,A,488,8.247334
ladder,2,9,A,489,8.262334
ladder,2,9,A,490,8.272875
ladder,2,9,A,491,8.253417
ladder,2,9,A,492,8.231125
ladder,2,9,A,493,8.255750
ladder,2,9,A,494,8.257708
ladder,2,9,A,495,8.261750
ladder,2,9,A,496,8.246166
ladder,2,9,A,497,8.266667
ladder,2,9,A,498,8.273417
ladder,2,9,A,499,8.267666
ladder,2,9,A,500,8.304166
ladder,2,9,A,501,8.239833
ladder,2,9,A,502,8.306458
ladder,2,9,A,503,8.280375
ladder,2,9,A,504,8.280083
ladder,2,9,A,505,8.259250
ladder,2,9,A,506,8.288250
ladder,2,9,A,507,8.267708
ladder,2,9,A,508,8.287209
ladder,2,9,A,509,8.276292
ladder,2,9,A,510,8.300084
ladder,2,9,A,511,8.302292
ladder,2,10,A,1,8.303125
ladder,2,10,A,2,8.166500
ladder,2,10,A,3,8.145125
ladder,2,10,A,4,8.106708
ladder,2,10,A,5,8.153792
ladder,2,10,A,6,8.106958
ladder,2,10,A,7,8.144709
ladder,2,10,A,8,8.118500
ladder,2,10,A,9,8.147334
ladder,2,10,A,10,8.103041
ladder,2,10,A,11,8.143917
ladder,2,10,A,12,8.101459
ladder,2,10,A,13,8.191500
ladder,2,10,A,14,8.105709
ladder,2,10,A,15,8.171750
ladder,2,10,A,16,8.103292
ladder,2,10,A,17,8.164875
ladder,2,10,A,18,8.108208
ladder,2,10,A,19,8.218375
ladder,2,10,A,20,8.107542
ladder,2,10,A,21,8.159625
ladder,2,10,A,22,8.121042
ladder,2,10,A,23,8.159917
ladder,2,10,A,24,8.113417
ladder,2,10,A,25,8.159750
ladder,2,10,A,26,8.125208
ladder,2,10,A,27,8.175625
ladder,2,10,A,28,8.109500
ladder,2,10,A,29,8.155875
ladder,2,10,A,30,8.109459
ladder,2,10,A,31,8.143917
ladder,2,10,A,32,8.148542
ladder,2,10,A,33,8.150125
ladder,2,10,A,34,8.117541
ladder,2,10,A,35,8.175541
ladder,2,10,A,36,8.126417
ladder,2,10,A,37,8.156625
ladder,2,10,A,38,8.120208
ladder,2,10,A,39,8.135833
ladder,2,10,A,40,8.117458
ladder,2,10,A,41,8.145000
ladder,2,10,A,42,8.155833
ladder,2,10,A,43,8.109666
ladder,2,10,A,44,8.134500
ladder,2,10,A,45,8.113833
ladder,2,10,A,46,8.144375
ladder,2,10,A,47,8.115750
ladder,2,10,A,48,8.146583
ladder,2,10,A,49,8.106000
ladder,2,10,A,50,8.162542
ladder,2,10,A,51,8.121208
ladder,2,10,A,52,8.152209
ladder,2,10,A,53,8.135500
ladder,2,10,A,54,8.167333
ladder,2,10,A,55,8.121667
ladder,2,10,A,56,8.189875
ladder,2,10,A,57,8.142667
ladder,2,10,A,58,8.165250
ladder,2,10,A,59,8.142542
ladder,2,10,A,60,8.199208
ladder,2,10,A,61,8.153417
ladder,2,10,A,62,8.217416
ladder,2,10,A,63,8.133042
ladder,2,10,A,64,8.177167
ladder,2,10,A,65,8.123542
ladder,2,10,A,66,8.131291
ladder,2,10,A,67,8.113708
ladder,2,10,A,68,8.140667
ladder,2,10,A,69,8.112625
ladder,2,10,A,70,8.115625
ladder,2,10,A,71,8.133500
ladder,2,10,A,72,8.142041
ladder,2,10,A,73,8.144500
ladder,2,10,A,74,8.133250
ladder,2,10,A,75,8.143916
ladder,2,10,A,76,8.140917
ladder,2,10,A,77,8.130417
ladder,2,10,A,78,8.113375
ladder,2,10,A,79,8.112875
ladder,2,10,A,80,8.150500
ladder,2,10,A,81,8.160541
ladder,2,10,A,82,8.139916
ladder,2,10,A,83,8.141709
ladder,2,10,A,84,8.109000
ladder,2,10,A,85,8.147333
ladder,2,10,A,86,8.102583
ladder,2,10,A,87,8.111917
ladder,2,10,A,88,8.134667
ladder,2,10,A,89,8.138125
ladder,2,10,A,90,8.136833
ladder,2,10,A,91,8.156334
ladder,2,10,A,92,8.234292
ladder,2,10,A,93,8.130791
ladder,2,10,A,94,8.319458
ladder,2,10,A,95,8.188333
ladder,2,10,A,96,8.110791
ladder,2,10,A,97,8.158167
ladder,2,10,A,98,8.140083
ladder,2,10,A,99,8.156750
ladder,2,10,A,100,8.118291
ladder,2,10,A,101,8.170375
ladder,2,10,A,102,8.147917
ladder,2,10,A,103,8.187750
ladder,2,10,A,104,8.126917
ladder,2,10,A,105,8.203375
ladder,2,10,A,106,8.151583
ladder,2,10,A,107,8.176083
ladder,2,10,A,108,8.133833
ladder,2,10,A,109,8.188292
ladder,2,10,A,110,8.157667
ladder,2,10,A,111,8.183083
ladder,2,10,A,112,8.145958
ladder,2,10,A,113,8.195584
ladder,2,10,A,114,8.135542
ladder,2,10,A,115,8.165958
ladder,2,10,A,116,8.162375
ladder,2,10,A,117,8.186625
ladder,2,10,A,118,8.147625
ladder,2,10,A,119,8.182167
ladder,2,10,A,120,8.124833
ladder,2,10,A,121,8.175708
ladder,2,10,A,122,8.122833
ladder,2,10,A,123,8.177458
ladder,2,10,A,124,8.202583
ladder,2,10,A,125,8.283000
ladder,2,10,A,126,8.279334
ladder,2,10,A,127,8.179417
ladder,2,10,A,128,8.182541
ladder,2,10,A,129,8.163708
ladder,2,10,A,130,8.190916
ladder,2,10,A,131,8.178291
ladder,2,10,A,132,8.157916
ladder,2,10,A,133,8.176750
ladder,2,10,A,134,8.148875
ladder,2,10,A,135,8.142542
ladder,2,10,A,136,8.160583
ladder,2,10,A,137,8.150166
ladder,2,10,A,138,8.178292
ladder,2,10,A,139,8.128584
ladder,2,10,A,140,8.167583
ladder,2,10,A,141,8.157541
ladder,2,10,A,142,8.167042
ladder,2,10,A,143,8.128459
ladder,2,10,A,144,8.184542
ladder,2,10,A,145,8.157625
ladder,2,10,A,146,8.186167
ladder,2,10,A,147,8.146708
ladder,2,10,A,148,8.173750
ladder,2,10,A,149,8.143667
ladder,2,10,A,150,8.165833
ladder,2,10,A,151,8.145083
ladder,2,10,A,152,8.199833
ladder,2,10,A,153,8.134458
ladder,2,10,A,154,8.215292
ladder,2,10,A,155,8.157667
ladder,2,10,A,156,8.207375
ladder,2,10,A,157,8.147375
ladder,2,10,A,158,8.192125
ladder,2,10,A,159,8.159000
ladder,2,10,A,160,8.196125
ladder,2,10,A,161,8.163459
ladder,2,10,A,162,8.185125
ladder,2,10,A,163,8.148542
ladder,2,10,A,164,8.198000
ladder,2,10,A,165,8.148500
ladder,2,10,A,166,8.184792
ladder,2,10,A,167,8.173417
ladder,2,10,A,168,8.188833
ladder,2,10,A,169,8.169709
ladder,2,10,A,170,8.174750
ladder,2,10,A,171,8.157042
ladder,2,10,A,172,8.184750
ladder,2,10,A,173,8.162958
ladder,2,10,A,174,8.207208
ladder,2,10,A,175,8.147250
ladder,2,10,A,176,8.169917
ladder,2,10,A,177,8.141375
ladder,2,10,A,178,8.168292
ladder,2,10,A,179,8.168125
ladder,2,10,A,180,8.240417
ladder,2,10,A,181,8.165500
ladder,2,10,A,182,8.174916
ladder,2,10,A,183,8.172500
ladder,2,10,A,184,8.201208
ladder,2,10,A,185,8.166208
ladder,2,10,A,186,8.146541
ladder,2,10,A,187,8.161917
ladder,2,10,A,188,8.144000
ladder,2,10,A,189,8.168583
ladder,2,10,A,190,8.145209
ladder,2,10,A,191,8.168458
ladder,2,10,A,192,8.139542
ladder,2,10,A,193,8.162000
ladder,2,10,A,194,8.139166
ladder,2,10,A,195,8.195541
ladder,2,10,A,196,8.146584
ladder,2,10,A,197,8.175958
ladder,2,10,A,198,8.171916
ladder,2,10,A,199,8.175958
ladder,2,10,A,200,8.177333
ladder,2,10,A,201,8.176875
ladder,2,10,A,202,8.172334
ladder,2,10,A,203,8.160750
ladder,2,10,A,204,8.214542
ladder,2,10,A,205,8.159416
ladder,2,10,A,206,8.172625
ladder,2,10,A,207,8.154000
ladder,2,10,A,208,8.157542
ladder,2,10,A,209,8.142750
ladder,2,10,A,210,8.137834
ladder,2,10,A,211,8.187333
ladder,2,10,A,212,8.157750
ladder,2,10,A,213,8.173375
ladder,2,10,A,214,8.154833
ladder,2,10,A,215,8.210542
ladder,2,10,A,216,8.211541
ladder,2,10,A,217,8.219500
ladder,2,10,A,218,8.178750
ladder,2,10,A,219,8.228417
ladder,2,10,A,220,8.156166
ladder,2,10,A,221,8.228000
ladder,2,10,A,222,8.163958
ladder,2,10,A,223,8.182292
ladder,2,10,A,224,8.187959
ladder,2,10,A,225,8.215833
ladder,2,10,A,226,8.193000
ladder,2,10,A,227,8.209459
ladder,2,10,A,228,8.201083
ladder,2,10,A,229,8.184542
ladder,2,10,A,230,8.155458
ladder,2,10,A,231,8.196292
ladder,2,10,A,232,8.175625
ladder,2,10,A,233,8.201583
ladder,2,10,A,234,8.174292
ladder,2,10,A,235,8.201000
ladder,2,10,A,236,8.165791
ladder,2,10,A,237,8.164375
ladder,2,10,A,238,8.197708
ladder,2,10,A,239,8.195875
ladder,2,10,A,240,8.189042
ladder,2,10,A,241,8.186291
ladder,2,10,A,242,8.220125
ladder,2,10,A,243,8.170333
ladder,2,10,A,244,8.173625
ladder,2,10,A,245,8.186625
ladder,2,10,A,246,8.187250
ladder,2,10,A,247,8.192000
ladder,2,10,A,248,8.232125
ladder,2,10,A,249,8.202875
ladder,2,10,A,250,8.190208
ladder,2,10,A,251,8.235833
ladder,2,10,A,252,8.205291
ladder,2,10,A,253,8.211416
ladder,2,10,A,254,8.199292
ladder,2,10,A,255,8.202750
ladder,2,10,A,256,8.910000
ladder,2,10,A,257,8.270542
ladder,2,10,A,258,8.247792
ladder,2,10,A,259,8.198000
ladder,2,10,A,260,8.215708
ladder,2,10,A,261,8.201167
ladder,2,10,A,262,8.225833
ladder,2,10,A,263,8.196500
ladder,2,10,A,264,8.234333
ladder,2,10,A,265,8.203625
ladder,2,10,A,266,8.202750
ladder,2,10,A,267,8.202542
ladder,2,10,A,268,8.245292
ladder,2,10,A,269,8.214625
ladder,2,10,A,270,8.212416
ladder,2,10,A,271,8.164542
ladder,2,10,A,272,8.238083
ladder,2,10,A,273,8.183584
ladder,2,10,A,274,8.252500
ladder,2,10,A,275,8.155458
ladder,2,10,A,276,8.298084
ladder,2,10,A,277,8.270583
ladder,2,10,A,278,8.251959
ladder,2,10,A,279,8.178375
ladder,2,10,A,280,8.311708
ladder,2,10,A,281,8.172042
ladder,2,10,A,282,8.246792
ladder,2,10,A,283,8.198584
ladder,2,10,A,284,8.237416
ladder,2,10,A,285,8.173833
ladder,2,10,A,286,8.213041
ladder,2,10,A,287,8.198458
ladder,2,10,A,288,8.225583
ladder,2,10,A,289,8.201417
ladder,2,10,A,290,8.212417
ladder,2,10,A,291,8.187333
ladder,2,10,A,292,8.230959
ladder,2,10,A,293,8.202250
ladder,2,10,A,294,8.236791
ladder,2,10,A,295,8.193208
ladder,2,10,A,296,8.229625
ladder,2,10,A,297,8.223417
ladder,2,10,A,298,8.225583
ladder,2,10,A,299,8.209625
ladder,2,10,A,300,8.233125
ladder,2,10,A,301,8.205125
ladder,2,10,A,302,8.220916
ladder,2,10,A,303,8.192042
ladder,2,10,A,304,8.213833
ladder,2,10,A,305,8.213375
ladder,2,10,A,306,8.206792
ladder,2,10,A,307,8.249166
ladder,2,10,A,308,8.242833
ladder,2,10,A,309,8.191916
ladder,2,10,A,310,8.200833
ladder,2,10,A,311,8.246375
ladder,2,10,A,312,8.195917
ladder,2,10,A,313,8.170334
ladder,2,10,A,314,8.221042
ladder,2,10,A,315,8.188958
ladder,2,10,A,316,8.193959
ladder,2,10,A,317,8.195792
ladder,2,10,A,318,8.215292
ladder,2,10,A,319,8.176167
ladder,2,10,A,320,8.191875
ladder,2,10,A,321,8.182833
ladder,2,10,A,322,8.189125
ladder,2,10,A,323,8.191917
ladder,2,10,A,324,8.193250
ladder,2,10,A,325,8.189458
ladder,2,10,A,326,8.203333
ladder,2,10,A,327,8.201125
ladder,2,10,A,328,8.206458
ladder,2,10,A,329,8.213625
ladder,2,10,A,330,8.158291
ladder,2,10,A,331,8.189667
ladder,2,10,A,332,8.186875
ladder,2,10,A,333,8.205250
ladder,2,10,A,334,8.196416
ladder,2,10,A,335,8.212209
ladder,2,10,A,336,8.199000
ladder,2,10,A,337,8.248708
ladder,2,10,A,338,8.201750
ladder,2,10,A,339,8.229542
ladder,2,10,A,340,8.196459
ladder,2,10,A,341,8.248667
ladder,2,10,A,342,8.185792
ladder,2,10,A,343,8.274000
ladder,2,10,A,344,8.218417
ladder,2,10,A,345,8.346541
ladder,2,10,A,346,8.204292
ladder,2,10,A,347,8.288000
ladder,2,10,A,348,8.193292
ladder,2,10,A,349,8.331958
ladder,2,10,A,350,8.212958
ladder,2,10,A,351,8.277000
ladder,2,10,A,352,8.211416
ladder,2,10,A,353,8.236583
ladder,2,10,A,354,8.233209
ladder,2,10,A,355,8.241459
ladder,2,10,A,356,8.218708
ladder,2,10,A,357,8.241458
ladder,2,10,A,358,8.210250
ladder,2,10,A,359,8.260375
ladder,2,10,A,360,8.214583
ladder,2,10,A,361,8.245083
ladder,2,10,A,362,8.214791
ladder,2,10,A,363,8.214750
ladder,2,10,A,364,8.182209
ladder,2,10,A,365,8.343750
ladder,2,10,A,366,8.214583
ladder,2,10,A,367,8.224458
ladder,2,10,A,368,8.209834
ladder,2,10,A,369,8.249833
ladder,2,10,A,370,8.209125
ladder,2,10,A,371,8.256667
ladder,2,10,A,372,8.200916
ladder,2,10,A,373,8.231750
ladder,2,10,A,374,8.231166
ladder,2,10,A,375,8.255458
ladder,2,10,A,376,8.234625
ladder,2,10,A,377,8.237333
ladder,2,10,A,378,8.249042
ladder,2,10,A,379,8.260667
ladder,2,10,A,380,8.236125
ladder,2,10,A,381,8.226917
ladder,2,10,A,382,8.204750
ladder,2,10,A,383,8.234583
ladder,2,10,A,384,8.234209
ladder,2,10,A,385,8.220833
ladder,2,10,A,386,8.209000
ladder,2,10,A,387,8.242750
ladder,2,10,A,388,8.211292
ladder,2,10,A,389,8.200125
ladder,2,10,A,390,8.247958
ladder,2,10,A,391,8.194917
ladder,2,10,A,392,8.221958
ladder,2,10,A,393,8.219166
ladder,2,10,A,394,8.222542
ladder,2,10,A,395,8.221250
ladder,2,10,A,396,8.204000
ladder,2,10,A,397,8.184375
ladder,2,10,A,398,8.239375
ladder,2,10,A,399,8.237083
ladder,2,10,A,400,8.209417
ladder,2,10,A,401,8.232750
ladder,2,10,A,402,8.260333
ladder,2,10,A,403,8.199416
ladder,2,10,A,404,8.230792
ladder,2,10,A,405,8.198542
ladder,2,10,A,406,8.231541
ladder,2,10,A,407,8.229583
ladder,2,10,A,408,8.227583
ladder,2,10,A,409,8.208208
ladder,2,10,A,410,8.272958
ladder,2,10,A,411,8.231583
ladder,2,10,A,412,8.245208
ladder,2,10,A,413,8.203416
ladder,2,10,A,414,8.285542
ladder,2,10,A,415,8.202417
ladder,2,10,A,416,8.259375
ladder,2,10,A,417,8.210208
ladder,2,10,A,418,8.286000
ladder,2,10,A,419,8.235292
ladder,2,10,A,420,8.286292
ladder,2,10,A,421,8.216875
ladder,2,10,A,422,8.309083
ladder,2,10,A,423,8.226167
ladder,2,10,A,424,8.271250
ladder,2,10,A,425,8.211000
ladder,2,10,A,426,8.278458
ladder,2,10,A,427,8.237625
ladder,2,10,A,428,8.291125
ladder,2,10,A,429,8.225500
ladder,2,10,A,430,8.282375
ladder,2,10,A,431,8.220125
ladder,2,10,A,432,8.270459
ladder,2,10,A,433,8.219208
ladder,2,10,A,434,8.260417
ladder,2,10,A,435,8.215250
ladder,2,10,A,436,8.248292
ladder,2,10,A,437,8.204625
ladder,2,10,A,438,8.204167
ladder,2,10,A,439,8.213042
ladder,2,10,A,440,8.231083
ladder,2,10,A,441,8.209334
ladder,2,10,A,442,8.220750
ladder,2,10,A,443,8.214917
ladder,2,10,A,444,8.231125
ladder,2,10,A,445,8.245208
ladder,2,10,A,446,8.244708
ladder,2,10,A,447,8.219125
ladder,2,10,A,448,8.265333
ladder,2,10,A,449,8.241542
ladder,2,10,A,450,8.245584
ladder,2,10,A,451,8.225625
ladder,2,10,A,452,8.204542
ladder,2,10,A,453,8.274750
ladder,2,10,A,454,8.233958
ladder,2,10,A,455,8.224625
ladder,2,10,A,456,8.247708
ladder,2,10,A,457,8.215041
ladder,2,10,A,458,8.267625
ladder,2,10,A,459,8.261417
ladder,2,10,A,460,8.274250
ladder,2,10,A,461,8.241208
ladder,2,10,A,462,8.264916
ladder,2,10,A,463,8.253833
ladder,2,10,A,464,8.283209
ladder,2,10,A,465,8.249167
ladder,2,10,A,466,8.290000
ladder,2,10,A,467,8.246458
ladder,2,10,A,468,8.271792
ladder,2,10,A,469,8.220625
ladder,2,10,A,470,8.247625
ladder,2,10,A,471,8.251083
ladder,2,10,A,472,8.262167
ladder,2,10,A,473,8.239709
ladder,2,10,A,474,8.251167
ladder,2,10,A,475,8.260000
ladder,2,10,A,476,8.316333
ladder,2,10,A,477,8.218500
ladder,2,10,A,478,8.270042
ladder,2,10,A,479,8.269959
ladder,2,10,A,480,8.239167
ladder,2,10,A,481,8.241458
ladder,2,10,A,482,8.266042
ladder,2,10,A,483,8.259417
ladder,2,10,A,484,8.284000
ladder,2,10,A,485,8.256584
ladder,2,10,A,486,8.249292
ladder,2,10,A,487,8.266250
ladder,2,10,A,488,8.224709
ladder,2,10,A,489,8.321917
ladder,2,10,A,490,8.244834
ladder,2,10,A,491,8.264792
ladder,2,10,A,492,8.251000
ladder,2,10,A,493,8.255583
ladder,2,10,A,494,8.288916
ladder,2,10,A,495,8.272208
ladder,2,10,A,496,8.263959
ladder,2,10,A,497,8.328541
ladder,2,10,A,498,8.307500
ladder,2,10,A,499,8.260958
ladder,2,10,A,500,8.228000
ladder,2,10,A,501,8.277208
ladder,2,10,A,502,8.264167
ladder,2,10,A,503,8.271333
ladder,2,10,A,504,8.269666
ladder,2,10,A,505,8.280500
ladder,2,10,A,506,8.238250
ladder,2,10,A,507,8.268083
ladder,2,10,A,508,8.225000
ladder,2,10,A,509,8.319042
ladder,2,10,A,510,8.274125
ladder,2,10,A,511,8.278291
ladder,2,11,D,1,8.304000
ladder,2,11,D,2,8.209583
ladder,2,11,D,3,8.194208
ladder,2,11,D,4,8.183542
ladder,2,11,D,5,8.174125
ladder,2,11,D,6,8.184000
ladder,2,11,D,7,8.165500
ladder,2,11,D,8,8.167916
ladder,2,11,D,9,8.152000
ladder,2,11,D,10,8.194625
ladder,2,11,D,11,8.163750
ladder,2,11,D,12,8.214292
ladder,2,11,D,13,8.165167
ladder,2,11,D,14,8.211291
ladder,2,11,D,15,8.150958
ladder,2,11,D,16,8.197917
ladder,2,11,D,17,8.128584
ladder,2,11,D,18,8.180959
ladder,2,11,D,19,8.128500
ladder,2,11,D,20,8.176000
ladder,2,11,D,21,8.127375
ladder,2,11,D,22,8.177250
ladder,2,11,D,23,8.147208
ladder,2,11,D,24,8.159916
ladder,2,11,D,25,8.126792
ladder,2,11,D,26,8.150208
ladder,2,11,D,27,8.148167
ladder,2,11,D,28,8.164000
ladder,2,11,D,29,8.145250
ladder,2,11,D,30,8.122375
ladder,2,11,D,31,8.140541
ladder,2,11,D,32,8.158291
ladder,2,11,D,33,8.144333
ladder,2,11,D,34,8.158458
ladder,2,11,D,35,8.144750
ladder,2,11,D,36,8.182333
ladder,2,11,D,37,8.138750
ladder,2,11,D,38,8.157000
ladder,2,11,D,39,8.140042
ladder,2,11,D,40,8.100083
ladder,2,11,D,41,8.134250
ladder,2,11,D,42,8.115917
ladder,2,11,D,43,8.136625
ladder,2,11,D,44,8.158459
ladder,2,11,D,45,8.166792
ladder,2,11,D,46,8.143042
ladder,2,11,D,47,8.144958
ladder,2,11,D,48,8.135500
ladder,2,11,D,49,8.180250
ladder,2,11,D,50,8.160000
ladder,2,11,D,51,8.162458
ladder,2,11,D,52,8.179250
ladder,2,11,D,53,8.200875
ladder,2,11,D,54,8.131625
ladder,2,11,D,55,8.222416
ladder,2,11,D,56,8.143084
ladder,2,11,D,57,8.188000
ladder,2,11,D,58,8.159167
ladder,2,11,D,59,8.213250
ladder,2,11,D,60,8.143625
ladder,2,11,D,61,8.236125
ladder,2,11,D,62,8.239250
ladder,2,11,D,63,8.198750
ladder,2,11,D,64,8.142541
ladder,2,11,D,65,8.234833
ladder,2,11,D,66,8.147333
ladder,2,11,D,67,8.196709
ladder,2,11,D,68,8.154875
ladder,2,11,D,69,8.183750
ladder,2,11,D,70,8.170292
ladder,2,11,D,71,8.183958
ladder,2,11,D,72,8.144083
ladder,2,11,D,73,8.186792
ladder,2,11,D,74,8.253833
ladder,2,11,D,75,8.207333
ladder,2,11,D,76,8.170625
ladder,2,11,D,77,8.181667
ladder,2,11,D,78,8.157958
ladder,2,11,D,79,8.182583
ladder,2,11,D,80,8.146042
ladder,2,11,D,81,8.182041
ladder,2,11,D,82,8.143167
ladder,2,11,D,83,8.191458
ladder,2,11,D,84,8.149625
ladder,2,11,D,85,8.203375
ladder,2,11,D,86,8.158125
ladder,2,11,D,87,8.188583
ladder,2,11,D,88,8.179666
ladder,2,11,D,89,8.181709
ladder,2,11,D,90,8.184458
ladder,2,11,D,91,8.180333
ladder,2,11,D,92,8.172125
ladder,2,11,D,93,8.168250
ladder,2,11,D,94,8.194584
ladder,2,11,D,95,8.286083
ladder,2,11,D,96,8.181917
ladder,2,11,D,97,8.158041
ladder,2,11,D,98,8.206709
ladder,2,11,D,99,8.157500
ladder,2,11,D,100,8.189709
ladder,2,11,D,101,8.184792
ladder,2,11,D,102,8.191084
ladder,2,11,D,103,8.148125
ladder,2,11,D,104,8.222917
ladder,2,11,D,105,8.253792
ladder,2,11,D,106,8.296250
ladder,2,11,D,107,8.226875
ladder,2,11,D,108,8.177500
ladder,2,11,D,109,8.173583
ladder,2,11,D,110,8.174875
ladder,2,11,D,111,8.171042
ladder,2,11,D,112,8.244208
ladder,2,11,D,113,8.166208
ladder,2,11,D,114,8.207333
ladder,2,11,D,115,8.166625
ladder,2,11,D,116,8.212250
ladder,2,11,D,117,8.181667
ladder,2,11,D,118,8.229917
ladder,2,11,D,119,8.206875
ladder,2,11,D,120,8.228500
ladder,2,11,D,121,8.149583
ladder,2,11,D,122,8.229792
ladder,2,11,D,123,8.174834
ladder,2,11,D,124,8.185083
ladder,2,11,D,125,8.157208
ladder,2,11,D,126,8.218292
ladder,2,11,D,127,8.160375
ladder,2,11,D,128,8.203750
ladder,2,11,D,129,8.164709
ladder,2,11,D,130,8.224583
ladder,2,11,D,131,8.177584
ladder,2,11,D,132,8.211583
ladder,2,11,D,133,8.180417
ladder,2,11,D,134,8.238417
ladder,2,11,D,135,8.239917
ladder,2,11,D,136,8.281750
ladder,2,11,D,137,8.251584
ladder,2,11,D,138,8.223000
ladder,2,11,D,139,8.184792
ladder,2,11,D,140,8.206292
ladder,2,11,D,141,8.167458
ladder,2,11,D,142,8.170083
ladder,2,11,D,143,8.173584
ladder,2,11,D,144,8.175667
ladder,2,11,D,145,8.183917
ladder,2,11,D,146,8.175000
ladder,2,11,D,147,8.171584
ladder,2,11,D,148,8.164916
ladder,2,11,D,149,8.206417
ladder,2,11,D,150,8.174750
ladder,2,11,D,151,8.148833
ladder,2,11,D,152,8.203834
ladder,2,11,D,153,8.171834
ladder,2,11,D,154,8.178709
ladder,2,11,D,155,8.201667
ladder,2,11,D,156,8.175666
ladder,2,11,D,157,8.177291
ladder,2,11,D,158,8.168041
ladder,2,11,D,159,8.217959
ladder,2,11,D,160,8.173375
ladder,2,11,D,161,8.191458
ladder,2,11,D,162,8.164042
ladder,2,11,D,163,8.167333
ladder,2,11,D,164,8.188000
ladder,2,11,D,165,8.184625
ladder,2,11,D,166,8.188750
ladder,2,11,D,167,8.179708
ladder,2,11,D,168,8.164584
ladder,2,11,D,169,8.216292
ladder,2,11,D,170,8.234708
ladder,2,11,D,171,8.242375
ladder,2,11,D,172,8.163916
ladder,2,11,D,173,8.236625
ladder,2,11,D,174,8.175250
ladder,2,11,D,175,8.249625
ladder,2,11,D,176,8.184959
ladder,2,11,D,177,8.205583
ladder,2,11,D,178,8.153292
ladder,2,11,D,179,8.239083
ladder,2,11,D,180,8.197083
ladder,2,11,D,181,8.216500
ladder,2,11,D,182,8.180042
ladder,2,11,D,183,8.250333
ladder,2,11,D,184,8.166792
ladder,2,11,D,185,8.219833
ladder,2,11,D,186,8.197292
ladder,2,11,D,187,8.196292
ladder,2,11,D,188,8.183833
ladder,2,11,D,189,8.228083
ladder,2,11,D,190,8.196833
ladder,2,11,D,191,8.233125
ladder,2,11,D,192,8.182334
ladder,2,11,D,193,8.221417
ladder,2,11,D,194,8.179375
ladder,2,11,D,195,8.215708
ladder,2,11,D,196,8.203750
ladder,2,11,D,197,8.215291
ladder,2,11,D,198,8.203209
ladder,2,11,D,199,8.172500
ladder,2,11,D,200,8.205500
ladder,2,11,D,201,8.218291
ladder,2,11,D,202,8.192750
ladder,2,11,D,203,8.227416
ladder,2,11,D,204,8.196333
ladder,2,11,D,205,8.232708
ladder,2,11,D,206,8.200583
ladder,2,11,D,207,8.232375
ladder,2,11,D,208,8.190459
ladder,2,11,D,209,8.207542
ladder,2,11,D,210,8.215667
ladder,2,11,D,211,8.201792
ladder,2,11,D,212,8.204250
ladder,2,11,D,213,8.214666
ladder,2,11,D,214,8.236167
ladder,2,11,D,215,8.181667
ladder,2,11,D,216,8.208875
ladder,2,11,D,217,8.214500
ladder,2,11,D,218,8.238375
ladder,2,11,D,219,8.175750
ladder,2,11,D,220,8.204541
ladder,2,11,D,221,8.181875
ladder,2,11,D,222,8.202459
ladder,2,11,D,223,8.170125
ladder,2,11,D,224,8.233625
ladder,2,11,D,225,8.186916
ladder,2,11,D,226,8.237125
ladder,2,11,D,227,8.202791
ladder,2,11,D,228,8.176959
ladder,2,11,D,229,8.202416
ladder,2,11,D,230,8.221083
ladder,2,11,D,231,8.179625
ladder,2,11,D,232,8.259791
ladder,2,11,D,233,8.199958
ladder,2,11,D,234,8.224625
ladder,2,11,D,235,8.192250
ladder,2,11,D,236,8.224500
ladder,2,11,D,237,8.188417
ladder,2,11,D,238,8.230416
ladder,2,11,D,239,8.219917
ladder,2,11,D,240,8.228666
ladder,2,11,D,241,8.201166
ladder,2,11,D,242,8.246875
ladder,2,11,D,243,8.209000
ladder,2,11,D,244,8.265459
ladder,2,11,D,245,8.190083
ladder,2,11,D,246,8.260333
ladder,2,11,D,247,8.189500
ladder,2,11,D,248,8.235792
ladder,2,11,D,249,8.187208
ladder,2,11,D,250,8.337459
ladder,2,11,D,251,8.210708
ladder,2,11,D,252,8.253042
ladder,2,11,D,253,8.208458
ladder,2,11,D,254,8.263083
ladder,2,11,D,255,8.200042
ladder,2,11,D,256,8.959792
ladder,2,11,D,257,8.294208
ladder,2,11,D,258,8.304250
ladder,2,11,D,259,8.207541
ladder,2,11,D,260,8.260000
ladder,2,11,D,261,8.230750
ladder,2,11,D,262,8.231625
ladder,2,11,D,263,8.224292
ladder,2,11,D,264,8.203083
ladder,2,11,D,265,8.202416
ladder,2,11,D,266,8.213667
ladder,2,11,D,267,8.201750
ladder,2,11,D,268,8.235375
ladder,2,11,D,269,8.201208
ladder,2,11,D,270,8.209709
ladder,2,11,D,271,8.214458
ladder,2,11,D,272,8.208584
ladder,2,11,D,273,8.184208
ladder,2,11,D,274,8.210292
ladder,2,11,D,275,8.209625
ladder,2,11,D,276,8.225958
ladder,2,11,D,277,8.173209
ladder,2,11,D,278,8.227792
ladder,2,11,D,279,8.240583
ladder,2,11,D,280,8.225333
ladder,2,11,D,281,8.220583
ladder,2,11,D,282,8.212875
ladder,2,11,D,283,8.213500
ladder,2,11,D,284,8.190916
ladder,2,11,D,285,8.197875
ladder,2,11,D,286,8.205959
ladder,2,11,D,287,8.220583
ladder,2,11,D,288,8.237375
ladder,2,11,D,289,8.199791
ladder,2,11,D,290,8.231959
ladder,2,11,D,291,8.249375
ladder,2,11,D,292,8.226583
ladder,2,11,D,293,8.221167
ladder,2,11,D,294,8.249583
ladder,2,11,D,295,8.248792
ladder,2,11,D,296,8.241583
ladder,2,11,D,297,8.283167
ladder,2,11,D,298,8.448417
ladder,2,11,D,299,8.436500
ladder,2,11,D,300,8.467667
ladder,2,11,D,301,8.421750
ladder,2,11,D,302,8.450500
ladder,2,11,D,303,8.452166
ladder,2,11,D,304,8.425958
ladder,2,11,D,305,8.463209
ladder,2,11,D,306,8.465375
ladder,2,11,D,307,8.448875
ladder,2,11,D,308,8.468583
ladder,2,11,D,309,8.456125
ladder,2,11,D,310,8.481208
ladder,2,11,D,311,8.433708
ladder,2,11,D,312,8.381917
ladder,2,11,D,313,8.267209
ladder,2,11,D,314,8.261541
ladder,2,11,D,315,8.251625
ladder,2,11,D,316,8.273667
ladder,2,11,D,317,8.218542
ladder,2,11,D,318,8.265708
ladder,2,11,D,319,8.299291
ladder,2,11,D,320,8.249708
ladder,2,11,D,321,8.202625
ladder,2,11,D,322,8.256042
ladder,2,11,D,323,8.246042
ladder,2,11,D,324,8.231291
ladder,2,11,D,325,8.234041
ladder,2,11,D,326,8.232833
ladder,2,11,D,327,8.245042
ladder,2,11,D,328,8.249042
ladder,2,11,D,329,8.244292
ladder,2,11,D,330,8.242458
ladder,2,11,D,331,8.235583
ladder,2,11,D,332,8.250417
ladder,2,11,D,333,8.223667
ladder,2,11,D,334,8.244958
ladder,2,11,D,335,8.216375
ladder,2,11,D,336,8.222167
ladder,2,11,D,337,8.260208
ladder,2,11,D,338,8.221583
ladder,2,11,D,339,8.240375
ladder,2,11,D,340,8.237792
ladder,2,11,D,341,8.241959
ladder,2,11,D,342,8.208708
ladder,2,11,D,343,8.269125
ladder,2,11,D,344,8.234750
ladder,2,11,D,345,8.248500
ladder,2,11,D,346,8.257291
ladder,2,11,D,347,8.246791
ladder,2,11,D,348,8.229500
ladder,2,11,D,349,8.245042
ladder,2,11,D,350,8.242417
ladder,2,11,D,351,8.276375
ladder,2,11,D,352,8.215625
ladder,2,11,D,353,8.293417
ladder,2,11,D,354,8.235334
ladder,2,11,D,355,8.267333
ladder,2,11,D,356,8.223792
ladder,2,11,D,357,8.275000
ladder,2,11,D,358,8.261291
ladder,2,11,D,359,8.278291
ladder,2,11,D,360,8.249542
ladder,2,11,D,361,8.272167
ladder,2,11,D,362,8.284917
ladder,2,11,D,363,8.267875
ladder,2,11,D,364,8.231791
ladder,2,11,D,365,8.319375
ladder,2,11,D,366,8.247625
ladder,2,11,D,367,8.284000
ladder,2,11,D,368,8.227709
ladder,2,11,D,369,8.260750
ladder,2,11,D,370,8.231542
ladder,2,11,D,371,8.280167
ladder,2,11,D,372,8.217042
ladder,2,11,D,373,8.315083
ladder,2,11,D,374,8.230208
ladder,2,11,D,375,8.293917
ladder,2,11,D,376,8.235000
ladder,2,11,D,377,8.297375
ladder,2,11,D,378,8.244042
ladder,2,11,D,379,8.306000
ladder,2,11,D,380,8.243291
ladder,2,11,D,381,8.274625
ladder,2,11,D,382,8.238750
ladder,2,11,D,383,8.300833
ladder,2,11,D,384,8.248584
ladder,2,11,D,385,8.260584
ladder,2,11,D,386,8.229583
ladder,2,11,D,387,8.254708
ladder,2,11,D,388,8.254666
ladder,2,11,D,389,8.233417
ladder,2,11,D,390,8.248833
ladder,2,11,D,391,8.241417
ladder,2,11,D,392,8.240250
ladder,2,11,D,393,8.276958
ladder,2,11,D,394,8.248625
ladder,2,11,D,395,8.253166
ladder,2,11,D,396,8.274041
ladder,2,11,D,397,8.296916
ladder,2,11,D,398,8.247625
ladder,2,11,D,399,8.259333
ladder,2,11,D,400,8.249625
ladder,2,11,D,401,8.300834
ladder,2,11,D,402,8.301917
ladder,2,11,D,403,8.267042
ladder,2,11,D,404,8.223541
ladder,2,11,D,405,8.196500
ladder,2,11,D,406,8.218791
ladder,2,11,D,407,8.254208
ladder,2,11,D,408,8.234708
ladder,2,11,D,409,8.261083
ladder,2,11,D,410,8.234958
ladder,2,11,D,411,8.292542
ladder,2,11,D,412,8.231083
ladder,2,11,D,413,8.297375
ladder,2,11,D,414,8.248208
ladder,2,11,D,415,8.267083
ladder,2,11,D,416,8.245584
ladder,2,11,D,417,8.285750
ladder,2,11,D,418,8.274958
ladder,2,11,D,419,8.274333
ladder,2,11,D,420,8.276250
ladder,2,11,D,421,8.348875
ladder,2,11,D,422,8.284000
ladder,2,11,D,423,8.302333
ladder,2,11,D,424,8.289666
ladder,2,11,D,425,8.251208
ladder,2,11,D,426,8.286834
ladder,2,11,D,427,8.297583
ladder,2,11,D,428,8.250917
ladder,2,11,D,429,8.253208
ladder,2,11,D,430,8.287167
ladder,2,11,D,431,8.308541
ladder,2,11,D,432,8.323458
ladder,2,11,D,433,8.259959
ladder,2,11,D,434,8.250833
ladder,2,11,D,435,8.276834
ladder,2,11,D,436,8.261458
ladder,2,11,D,437,8.296500
ladder,2,11,D,438,8.261750
ladder,2,11,D,439,8.290416
ladder,2,11,D,440,8.255916
ladder,2,11,D,441,8.278292
ladder,2,11,D,442,8.259542
ladder,2,11,D,443,8.249417
ladder,2,11,D,444,8.267334
ladder,2,11,D,445,8.287125
ladder,2,11,D,446,8.276416
ladder,2,11,D,447,8.264208
ladder,2,11,D,448,8.280625
ladder,2,11,D,449,8.284750
ladder,2,11,D,450,8.311167
ladder,2,11,D,451,8.263042
ladder,2,11,D,452,8.289333
ladder,2,11,D,453,8.279500
ladder,2,11,D,454,8.291209
ladder,2,11,D,455,8.291917
ladder,2,11,D,456,8.291917
ladder,2,11,D,457,8.264500
ladder,2,11,D,458,8.271958
ladder,2,11,D,459,8.278083
ladder,2,11,D,460,8.283375
ladder,2,11,D,461,8.255917
ladder,2,11,D,462,8.271458
ladder,2,11,D,463,8.293458
ladder,2,11,D,464,8.271334
ladder,2,11,D,465,8.257041
ladder,2,11,D,466,8.272625
ladder,2,11,D,467,8.268000
ladder,2,11,D,468,8.295167
ladder,2,11,D,469,8.264958
ladder,2,11,D,470,8.296959
ladder,2,11,D,471,8.261334
ladder,2,11,D,472,8.281500
ladder,2,11,D,473,8.279333
ladder,2,11,D,474,8.303042
ladder,2,11,D,475,8.281083
ladder,2,11,D,476,8.290209
ladder,2,11,D,477,8.256917
ladder,2,11,D,478,8.283417
ladder,2,11,D,479,8.284125
ladder,2,11,D,480,8.276625
ladder,2,11,D,481,8.256125
ladder,2,11,D,482,8.303291
ladder,2,11,D,483,8.272625
ladder,2,11,D,484,8.306625
ladder,2,11,D,485,8.291208
ladder,2,11,D,486,8.286458
ladder,2,11,D,487,8.259042
ladder,2,11,D,488,8.282417
ladder,2,11,D,489,8.261000
ladder,2,11,D,490,8.310875
ladder,2,11,D,491,8.296750
ladder,2,11,D,492,8.293792
ladder,2,11,D,493,8.293000
ladder,2,11,D,494,8.291917
ladder,2,11,D,495,8.276791
ladder,2,11,D,496,8.298959
ladder,2,11,D,497,8.295000
ladder,2,11,D,498,8.301500
ladder,2,11,D,499,8.304917
ladder,2,11,D,500,8.328250
ladder,2,11,D,501,8.324083
ladder,2,11,D,502,8.314916
ladder,2,11,D,503,8.277333
ladder,2,11,D,504,8.329500
ladder,2,11,D,505,8.272833
ladder,2,11,D,506,8.276250
ladder,2,11,D,507,8.250750
ladder,2,11,D,508,8.281584
ladder,2,11,D,509,8.278084
ladder,2,11,D,510,8.288541
ladder,2,11,D,511,8.266875
ladder,2,12,B,1,8.254959
ladder,2,12,B,2,8.162750
ladder,2,12,B,3,8.146250
ladder,2,12,B,4,8.144208
ladder,2,12,B,5,8.157791
ladder,2,12,B,6,8.105500
ladder,2,12,B,7,8.118125
ladder,2,12,B,8,8.094833
ladder,2,12,B,9,8.132916
ladder,2,12,B,10,8.118208
ladder,2,12,B,11,8.127792
ladder,2,12,B,12,8.123625
ladder,2,12,B,13,8.147750
ladder,2,12,B,14,8.133291
ladder,2,12,B,15,8.181792
ladder,2,12,B,16,8.110708
ladder,2,12,B,17,8.170292
ladder,2,12,B,18,8.096834
ladder,2,12,B,19,8.159875
ladder,2,12,B,20,8.099542
ladder,2,12,B,21,8.139125
ladder,2,12,B,22,8.133625
ladder,2,12,B,23,8.150166
ladder,2,12,B,24,8.117291
ladder,2,12,B,25,8.121417
ladder,2,12,B,26,8.116834
ladder,2,12,B,27,8.131959
ladder,2,12,B,28,8.101500
ladder,2,12,B,29,8.127875
ladder,2,12,B,30,8.098208
ladder,2,12,B,31,8.132125
ladder,2,12,B,32,8.116542
ladder,2,12,B,33,8.144083
ladder,2,12,B,34,8.109000
ladder,2,12,B,35,8.110250
ladder,2,12,B,36,8.111042
ladder,2,12,B,37,8.136042
ladder,2,12,B,38,8.117417
ladder,2,12,B,39,8.090833
ladder,2,12,B,40,8.099708
ladder,2,12,B,41,8.140916
ladder,2,12,B,42,8.162917
ladder,2,12,B,43,8.149833
ladder,2,12,B,44,8.107125
ladder,2,12,B,45,8.122583
ladder,2,12,B,46,8.086458
ladder,2,12,B,47,8.113292
ladder,2,12,B,48,8.119500
ladder,2,12,B,49,8.125375
ladder,2,12,B,50,8.116750
ladder,2,12,B,51,8.148417
ladder,2,12,B,52,8.095333
ladder,2,12,B,53,8.111709
ladder,2,12,B,54,8.151750
ladder,2,12,B,55,8.115542
ladder,2,12,B,56,8.163500
ladder,2,12,B,57,8.074458
ladder,2,12,B,58,8.167542
ladder,2,12,B,59,8.103542
ladder,2,12,B,60,8.176583
ladder,2,12,B,61,8.128625
ladder,2,12,B,62,8.183792
ladder,2,12,B,63,8.117292
ladder,2,12,B,64,8.189875
ladder,2,12,B,65,8.134042
ladder,2,12,B,66,8.162584
ladder,2,12,B,67,8.135083
ladder,2,12,B,68,8.165375
ladder,2,12,B,69,8.175292
ladder,2,12,B,70,8.198500
ladder,2,12,B,71,8.135167
ladder,2,12,B,72,8.158084
ladder,2,12,B,73,8.097625
ladder,2,12,B,74,8.145167
ladder,2,12,B,75,8.139334
ladder,2,12,B,76,8.292708
ladder,2,12,B,77,8.158375
ladder,2,12,B,78,8.157291
ladder,2,12,B,79,8.125625
ladder,2,12,B,80,8.139833
ladder,2,12,B,81,8.151625
ladder,2,12,B,82,8.159625
ladder,2,12,B,83,8.143625
ladder,2,12,B,84,8.175000
ladder,2,12,B,85,8.113209
ladder,2,12,B,86,8.143333
ladder,2,12,B,87,8.157875
ladder,2,12,B,88,8.128334
ladder,2,12,B,89,8.141958
ladder,2,12,B,90,8.102125
ladder,2,12,B,91,8.152750
ladder,2,12,B,92,8.115958
ladder,2,12,B,93,8.149834
ladder,2,12,B,94,8.116500
ladder,2,12,B,95,8.169584
ladder,2,12,B,96,8.122000
ladder,2,12,B,97,8.163083
ladder,2,12,B,98,8.114292
ladder,2,12,B,99,8.176792
ladder,2,12,B,100,8.133125
ladder,2,12,B,101,8.183417
ladder,2,12,B,102,8.142459
ladder,2,12,B,103,8.173584
ladder,2,12,B,104,8.117375
ladder,2,12,B,105,8.202333
ladder,2,12,B,106,8.290792
ladder,2,12,B,107,8.314000
ladder,2,12,B,108,8.173750
ladder,2,12,B,109,8.261541
ladder,2,12,B,110,8.147750
ladder,2,12,B,111,8.187958
ladder,2,12,B,112,8.127000
ladder,2,12,B,113,8.172500
ladder,2,12,B,114,8.166375
ladder,2,12,B,115,8.169833
ladder,2,12,B,116,8.143166
ladder,2,12,B,117,8.189291
ladder,2,12,B,118,8.127209
ladder,2,12,B,119,8.172791
ladder,2,12,B,120,8.132833
ladder,2,12,B,121,8.132000
ladder,2,12,B,122,8.162417
ladder,2,12,B,123,8.176208
ladder,2,12,B,124,8.124834
ladder,2,12,B,125,8.160667
ladder,2,12,B,126,8.141291
ladder,2,12,B,127,8.141250
ladder,2,12,B,128,8.148500
ladder,2,12,B,129,8.173833
ladder,2,12,B,130,8.161625
ladder,2,12,B,131,8.156792
ladder,2,12,B,132,8.154708
ladder,2,12,B,133,8.132000
ladder,2,12,B,134,8.161791
ladder,2,12,B,135,8.145125
ladder,2,12,B,136,8.168666
ladder,2,12,B,137,8.201167
ladder,2,12,B,138,8.310917
ladder,2,12,B,139,8.191458
ladder,2,12,B,140,8.188125
ladder,2,12,B,141,8.160041
ladder,2,12,B,142,8.135459
ladder,2,12,B,143,8.131917
ladder,2,12,B,144,8.161208
ladder,2,12,B,145,8.114500
ladder,2,12,B,146,8.188041
ladder,2,12,B,147,8.142125
ladder,2,12,B,148,8.143250
ladder,2,12,B,149,8.169500
ladder,2,12,B,150,8.158875
ladder,2,12,B,151,8.155375
ladder,2,12,B,152,8.162209
ladder,2,12,B,153,8.133916
ladder,2,12,B,154,8.156833
ladder,2,12,B,155,8.144458
ladder,2,12,B,156,8.144334
ladder,2,12,B,157,8.160333
ladder,2,12,B,158,8.246042
ladder,2,12,B,159,8.150750
ladder,2,12,B,160,8.141625
ladder,2,12,B,161,8.147167
ladder,2,12,B,162,8.166292
ladder,2,12,B,163,8.139584
ladder,2,12,B,164,8.164500
ladder,2,12,B,165,8.164041
ladder,2,12,B,166,8.162416
ladder,2,12,B,167,8.146959
ladder,2,12,B,168,8.189000
ladder,2,12,B,169,8.127625
ladder,2,12,B,170,8.167209
ladder,2,12,B,171,8.141500
ladder,2,12,B,172,8.146375
ladder,2,12,B,173,8.139542
ladder,2,12,B,174,8.186917
ladder,2,12,B,175,8.159000
ladder,2,12,B,176,8.170458
ladder,2,12,B,177,8.146708
ladder,2,12,B,178,8.178250
ladder,2,12,B,179,8.155875
ladder,2,12,B,180,8.195500
ladder,2,12,B,181,8.147667
ladder,2,12,B,182,8.161333
ladder,2,12,B,183,8.149958
ladder,2,12,B,184,8.185833
ladder,2,12,B,185,8.161167
ladder,2,12,B,186,8.163708
ladder,2,12,B,187,8.170417
ladder,2,12,B,188,8.181709
ladder,2,12,B,189,8.196791
ladder,2,12,B,190,8.164083
ladder,2,12,B,191,8.157584
ladder,2,12,B,192,8.146666
ladder,2,12,B,193,8.182375
ladder,2,12,B,194,8.173041
ladder,2,12,B,195,8.186375
ladder,2,12,B,196,8.167459
ladder,2,12,B,197,8.194042
ladder,2,12,B,198,8.184417
ladder,2,12,B,199,8.199292
ladder,2,12,B,200,8.157583
ladder,2,12,B,201,8.207500
ladder,2,12,B,202,8.171833
ladder,2,12,B,203,8.201917
ladder,2,12,B,204,8.143708
ladder,2,12,B,205,8.219167
ladder,2,12,B,206,8.155708
ladder,2,12,B,207,8.186125
ladder,2,12,B,208,8.136166
ladder,2,12,B,209,8.199042
ladder,2,12,B,210,8.158708
ladder,2,12,B,211,8.183250
ladder,2,12,B,212,8.144750
ladder,2,12,B,213,8.197917
ladder,2,12,B,214,8.166208
ladder,2,12,B,215,8.182292
ladder,2,12,B,216,8.169334
ladder,2,12,B,217,8.200208
ladder,2,12,B,218,8.157125
ladder,2,12,B,219,8.185833
ladder,2,12,B,220,8.158750
ladder,2,12,B,221,8.190000
ladder,2,12,B,222,8.138250
ladder,2,12,B,223,8.234541
ladder,2,12,B,224,8.179917
ladder,2,12,B,225,8.198208
ladder,2,12,B,226,8.186167
ladder,2,12,B,227,8.223584
ladder,2,12,B,228,8.175959
ladder,2,12,B,229,8.208125
ladder,2,12,B,230,8.162000
ladder,2,12,B,231,8.180333
ladder,2,12,B,232,8.180125
ladder,2,12,B,233,8.209333
ladder,2,12,B,234,8.171292
ladder,2,12,B,235,8.182041
ladder,2,12,B,236,8.178708
ladder,2,12,B,237,8.163042
ladder,2,12,B,238,8.204917
ladder,2,12,B,239,8.177333
ladder,2,12,B,240,8.191292
ladder,2,12,B,241,8.192708
ladder,2,12,B,242,8.198416
ladder,2,12,B,243,8.156375
ladder,2,12,B,244,8.183125
ladder,2,12,B,245,8.147375
ladder,2,12,B,246,8.174792
ladder,2,12,B,247,8.146000
ladder,2,12,B,248,8.165458
ladder,2,12,B,249,8.178458
ladder,2,12,B,250,8.214208
ladder,2,12,B,251,8.236125
ladder,2,12,B,252,8.188833
ladder,2,12,B,253,8.200875
ladder,2,12,B,254,8.201458
ladder,2,12,B,255,8.143500
ladder,2,12,B,256,8.925000
ladder,2,12,B,257,8.277375
ladder,2,12,B,258,8.234333
ladder,2,12,B,259,8.210125
ladder,2,12,B,260,8.199333
ladder,2,12,B,261,8.176792
ladder,2,12,B,262,8.207583
ladder,2,12,B,263,8.191292
ladder,2,12,B,264,8.278709
ladder,2,12,B,265,8.161250
ladder,2,12,B,266,8.240458
ladder,2,12,B,267,8.156459
ladder,2,12,B,268,8.237292
ladder,2,12,B,269,8.178542
ladder,2,12,B,270,8.184792
ladder,2,12,B,271,8.168959
ladder,2,12,B,272,8.225833
ladder,2,12,B,273,8.170791
ladder,2,12,B,274,8.206416
ladder,2,12,B,275,8.189666
ladder,2,12,B,276,8.204708
ladder,2,12,B,277,8.172042
ladder,2,12,B,278,8.176708
ladder,2,12,B,279,8.185208
ladder,2,12,B,280,8.191417
ladder,2,12,B,281,8.190375
ladder,2,12,B,282,8.178667
ladder,2,12,B,283,8.185292
ladder,2,12,B,284,8.169958
ladder,2,12,B,285,8.160042
ladder,2,12,B,286,8.197083
ladder,2,12,B,287,8.210542
ladder,2,12,B,288,8.190542
ladder,2,12,B,289,8.159833
ladder,2,12,B,290,8.202292
ladder,2,12,B,291,8.162917
ladder,2,12,B,292,8.194375
ladder,2,12,B,293,8.182500
ladder,2,12,B,294,8.161875
ladder,2,12,B,295,8.191291
ladder,2,12,B,296,8.200625
ladder,2,12,B,297,8.189416
ladder,2,12,B,298,8.220708
ladder,2,12,B,299,8.191584
ladder,2,12,B,300,8.218000
ladder,2,12,B,301,8.191209
ladder,2,12,B,302,8.184333
ladder,2,12,B,303,8.175083
ladder,2,12,B,304,8.175375
ladder,2,12,B,305,8.182208
ladder,2,12,B,306,8.190667
ladder,2,12,B,307,8.185125
ladder,2,12,B,308,8.187375
ladder,2,12,B,309,8.200208
ladder,2,12,B,310,8.180208
ladder,2,12,B,311,8.233792
ladder,2,12,B,312,8.195541
ladder,2,12,B,313,8.241458
ladder,2,12,B,314,8.203958
ladder,2,12,B,315,8.206875
ladder,2,12,B,316,8.195583
ladder,2,12,B,317,8.207167
ladder,2,12,B,318,8.181625
ladder,2,12,B,319,8.222709
ladder,2,12,B,320,8.182042
ladder,2,12,B,321,8.254000
ladder,2,12,B,322,8.185250
ladder,2,12,B,323,8.245750
ladder,2,12,B,324,8.172125
ladder,2,12,B,325,8.253417
ladder,2,12,B,326,8.208833
ladder,2,12,B,327,8.248584
ladder,2,12,B,328,8.204375
ladder,2,12,B,329,8.259125
ladder,2,12,B,330,8.206958
ladder,2,12,B,331,8.344542
ladder,2,12,B,332,8.249250
ladder,2,12,B,333,8.214708
ladder,2,12,B,334,8.155208
ladder,2,12,B,335,8.271875
ladder,2,12,B,336,8.234459
ladder,2,12,B,337,8.244583
ladder,2,12,B,338,8.219375
ladder,2,12,B,339,8.231916
ladder,2,12,B,340,8.187708
ladder,2,12,B,341,8.307166
ladder,2,12,B,342,8.196542
ladder,2,12,B,343,8.242625
ladder,2,12,B,344,8.197209
ladder,2,12,B,345,8.224542
ladder,2,12,B,346,8.205500
ladder,2,12,B,347,8.270250
ladder,2,12,B,348,8.185959
ladder,2,12,B,349,8.226000
ladder,2,12,B,350,8.193708
ladder,2,12,B,351,8.252666
ladder,2,12,B,352,8.199417
ladder,2,12,B,353,8.220625
ladder,2,12,B,354,8.208500
ladder,2,12,B,355,8.262583
ladder,2,12,B,356,8.196625
ladder,2,12,B,357,8.233208
ladder,2,12,B,358,8.178458
ladder,2,12,B,359,8.255292
ladder,2,12,B,360,8.203833
ladder,2,12,B,361,8.235208
ladder,2,12,B,362,8.221250
ladder,2,12,B,363,8.234041
ladder,2,12,B,364,8.246583
ladder,2,12,B,365,8.253042
ladder,2,12,B,366,8.219833
ladder,2,12,B,367,8.223500
ladder,2,12,B,368,8.225875
ladder,2,12,B,369,8.223000
ladder,2,12,B,370,8.211708
ladder,2,12,B,371,8.210291
ladder,2,12,B,372,8.202791
ladder,2,12,B,373,8.222750
ladder,2,12,B,374,8.217583
ladder,2,12,B,375,8.245000
ladder,2,12,B,376,8.221875
ladder,2,12,B,377,8.199917
ladder,2,12,B,378,8.219250
ladder,2,12,B,379,8.194458
ladder,2,12,B,380,8.216000
ladder,2,12,B,381,8.216667
ladder,2,12,B,382,8.213959
ladder,2,12,B,383,8.201542
ladder,2,12,B,384,8.209250
ladder,2,12,B,385,8.214709
ladder,2,12,B,386,8.235084
ladder,2,12,B,387,8.196458
ladder,2,12,B,388,8.232250
ladder,2,12,B,389,8.191541
ladder,2,12,B,390,8.257792
ladder,2,12,B,391,8.210250
ladder,2,12,B,392,8.234041
ladder,2,12,B,393,8.205083
ladder,2,12,B,394,8.223541
ladder,2,12,B,395,8.193708
ladder,2,12,B,396,8.232584
ladder,2,12,B,397,8.194917
ladder,2,12,B,398,8.242125
ladder,2,12,B,399,8.212541
ladder,2,12,B,400,8.224542
ladder,2,12,B,401,8.202000
ladder,2,12,B,402,8.220666
ladder,2,12,B,403,8.194208
ladder,2,12,B,404,8.236541
ladder,2,12,B,405,8.224833
ladder,2,12,B,406,8.230375
ladder,2,12,B,407,8.275834
ladder,2,12,B,408,8.227125
ladder,2,12,B,409,8.227125
ladder,2,12,B,410,8.316334
ladder,2,12,B,411,8.214333
ladder,2,12,B,412,8.211125
ladder,2,12,B,413,8.186834
ladder,2,12,B,414,8.235042
ladder,2,12,B,415,8.219583
ladder,2,12,B,416,8.230250
ladder,2,12,B,417,8.219875
ladder,2,12,B,418,8.277875
ladder,2,12,B,419,8.220458
ladder,2,12,B,420,8.237958
ladder,2,12,B,421,8.233084
ladder,2,12,B,422,8.248417
ladder,2,12,B,423,8.231041
ladder,2,12,B,424,8.267417
ladder,2,12,B,425,8.226083
ladder,2,12,B,426,8.279875
ladder,2,12,B,427,8.250334
ladder,2,12,B,428,8.327583
ladder,2,12,B,429,8.206792
ladder,2,12,B,430,8.260458
ladder,2,12,B,431,8.227917
ladder,2,12,B,432,8.277250
ladder,2,12,B,433,8.202042
ladder,2,12,B,434,8.244625
ladder,2,12,B,435,8.236209
ladder,2,12,B,436,8.247459
ladder,2,12,B,437,8.207916
ladder,2,12,B,438,8.251458
ladder,2,12,B,439,8.223792
ladder,2,12,B,440,8.248125
ladder,2,12,B,441,8.214833
ladder,2,12,B,442,8.253583
ladder,2,12,B,443,8.229667
ladder,2,12,B,444,8.268000
ladder,2,12,B,445,8.243916
ladder,2,12,B,446,8.254125
ladder,2,12,B,447,8.226417
ladder,2,12,B,448,8.255750
ladder,2,12,B,449,8.240375
ladder,2,12,B,450,8.275125
ladder,2,12,B,451,8.226125
ladder,2,12,B,452,8.240625
ladder,2,12,B,453,8.286667
ladder,2,12,B,454,8.245500
ladder,2,12,B,455,8.244166
ladder,2,12,B,456,8.242208
ladder,2,12,B,457,8.247375
ladder,2,12,B,458,8.276041
ladder,2,12,B,459,8.253667
ladder,2,12,B,460,8.226875
ladder,2,12,B,461,8.242792
ladder,2,12,B,462,8.214667
ladder,2,12,B,463,8.239917
ladder,2,12,B,464,8.243750
ladder,2,12,B,465,8.269417
ladder,2,12,B,466,8.258000
ladder,2,12,B,467,8.240000
ladder,2,12,B,468,8.223167
ladder,2,12,B,469,8.261000
ladder,2,12,B,470,8.238666
ladder,2,12,B,471,8.230916
ladder,2,12,B,472,8.243167
ladder,2,12,B,473,8.265125
ladder,2,12,B,474,8.237458
ladder,2,12,B,475,8.224666
ladder,2,12,B,476,8.292708
ladder,2,12,B,477,8.270250
ladder,2,12,B,478,8.232416
ladder,2,12,B,479,8.251750
ladder,2,12,B,480,8.228792
ladder,2,12,B,481,8.263750
ladder,2,12,B,482,8.267834
ladder,2,12,B,483,8.266708
ladder,2,12,B,484,8.236291
ladder,2,12,B,485,8.262625
ladder,2,12,B,486,8.249083
ladder,2,12,B,487,8.271625
ladder,2,12,B,488,8.250667
ladder,2,12,B,489,8.259250
ladder,2,12,B,490,8.234958
ladder,2,12,B,491,8.316708
ladder,2,12,B,492,8.248709
ladder,2,12,B,493,8.269500
ladder,2,12,B,494,8.254542
ladder,2,12,B,495,8.290542
ladder,2,12,B,496,8.262375
ladder,2,12,B,497,8.280792
ladder,2,12,B,498,8.256625
ladder,2,12,B,499,8.277292
ladder,2,12,B,500,8.239166
ladder,2,12,B,501,8.309375
ladder,2,12,B,502,8.243917
ladder,2,12,B,503,8.334041
ladder,2,12,B,504,8.236042
ladder,2,12,B,505,8.326417
ladder,2,12,B,506,8.265666
ladder,2,12,B,507,8.292292
ladder,2,12,B,508,8.271334
ladder,2,12,B,509,8.295292
ladder,2,12,B,510,8.296667
ladder,2,12,B,511,8.297125
ladder,3,13,D,1,8.278542
ladder,3,13,D,2,8.163583
ladder,3,13,D,3,8.148375
ladder,3,13,D,4,8.151500
ladder,3,13,D,5,8.156666
ladder,3,13,D,6,8.122000
ladder,3,13,D,7,8.154833
ladder,3,13,D,8,8.143458
ladder,3,13,D,9,8.129708
ladder,3,13,D,10,8.109875
ladder,3,13,D,11,8.152833
ladder,3,13,D,12,8.136500
ladder,3,13,D,13,8.115333
ladder,3,13,D,14,8.143708
ladder,3,13,D,15,8.185167
ladder,3,13,D,16,8.147791
ladder,3,13,D,17,8.170458
ladder,3,13,D,18,8.141916
ladder,3,13,D,19,8.196875
ladder,3,13,D,20,8.163500
ladder,3,13,D,21,8.117875
ladder,3,13,D,22,8.144833
ladder,3,13,D,23,8.136709
ladder,3,13,D,24,8.145917
ladder,3,13,D,25,8.145334
ladder,3,13,D,26,8.166291
ladder,3,13,D,27,8.143709
ladder,3,13,D,28,8.124250
ladder,3,13,D,29,8.149500
ladder,3,13,D,30,8.110583
ladder,3,13,D,31,8.125375
ladder,3,13,D,32,8.160250
ladder,3,13,D,33,8.142667
ladder,3,13,D,34,8.153334
ladder,3,13,D,35,8.130458
ladder,3,13,D,36,8.182875
ladder,3,13,D,37,8.130459
ladder,3,13,D,38,8.182875
ladder,3,13,D,39,8.148500
ladder,3,13,D,40,8.168208
ladder,3,13,D,41,8.128333
ladder,3,13,D,42,8.192375
ladder,3,13,D,43,8.150625
ladder,3,13,D,44,8.201625
ladder,3,13,D,45,8.121292
ladder,3,13,D,46,8.200541
ladder,3,13,D,47,8.144625
ladder,3,13,D,48,8.172333
ladder,3,13,D,49,8.140584
ladder,3,13,D,50,8.189584
ladder,3,13,D,51,8.146209
ladder,3,13,D,52,8.166084
ladder,3,13,D,53,8.149083
ladder,3,13,D,54,8.170375
ladder,3,13,D,55,8.119583
ladder,3,13,D,56,8.172500
ladder,3,13,D,57,8.141209
ladder,3,13,D,58,8.173209
ladder,3,13,D,59,8.165541
ladder,3,13,D,60,8.150792
ladder,3,13,D,61,8.190000
ladder,3,13,D,62,8.190334
ladder,3,13,D,63,8.165000
ladder,3,13,D,64,8.174500
ladder,3,13,D,65,8.158417
ladder,3,13,D,66,8.149250
ladder,3,13,D,67,8.156000
ladder,3,13,D,68,8.171375
ladder,3,13,D,69,8.207416
ladder,3,13,D,70,8.145708
ladder,3,13,D,71,8.150625
ladder,3,13,D,72,8.141875
ladder,3,13,D,73,8.134750
ladder,3,13,D,74,8.163875
ladder,3,13,D,75,8.183959
ladder,3,13,D,76,8.149792
ladder,3,13,D,77,8.184375
ladder,3,13,D,78,8.157250
ladder,3,13,D,79,8.167708
ladder,3,13,D,80,8.146083
ladder,3,13,D,81,8.163583
ladder,3,13,D,82,8.149417
ladder,3,13,D,83,8.164833
ladder,3,13,D,84,8.158250
ladder,3,13,D,85,8.232417
ladder,3,13,D,86,8.159708
ladder,3,13,D,87,8.174792
ladder,3,13,D,88,8.144458
ladder,3,13,D,89,8.170542
ladder,3,13,D,90,8.164250
ladder,3,13,D,91,8.221167
ladder,3,13,D,92,8.287625
ladder,3,13,D,93,8.229584
ladder,3,13,D,94,8.177792
ladder,3,13,D,95,8.198666
ladder,3,13,D,96,8.143417
ladder,3,13,D,97,8.212625
ladder,3,13,D,98,8.146833
ladder,3,13,D,99,8.209417
ladder,3,13,D,100,8.182584
ladder,3,13,D,101,8.182958
ladder,3,13,D,102,8.172083
ladder,3,13,D,103,8.196792
ladder,3,13,D,104,8.183375
ladder,3,13,D,105,8.169125
ladder,3,13,D,106,8.171583
ladder,3,13,D,107,8.172417
ladder,3,13,D,108,8.162667
ladder,3,13,D,109,8.173208
ladder,3,13,D,110,8.144333
ladder,3,13,D,111,8.161667
ladder,3,13,D,112,8.251292
ladder,3,13,D,113,8.211125
ladder,3,13,D,114,8.170667
ladder,3,13,D,115,8.219000
ladder,3,13,D,116,8.254125
ladder,3,13,D,117,8.216459
ladder,3,13,D,118,8.201250
ladder,3,13,D,119,8.239125
ladder,3,13,D,120,8.165458
ladder,3,13,D,121,8.149875
ladder,3,13,D,122,8.198875
ladder,3,13,D,123,8.234083
ladder,3,13,D,124,8.350042
ladder,3,13,D,125,8.147167
ladder,3,13,D,126,8.190708
ladder,3,13,D,127,8.217333
ladder,3,13,D,128,8.225292
ladder,3,13,D,129,8.268083
ladder,3,13,D,130,8.259709
ladder,3,13,D,131,8.146833
ladder,3,13,D,132,8.097000
ladder,3,13,D,133,8.134542
ladder,3,13,D,134,8.105625
ladder,3,13,D,135,8.113541
ladder,3,13,D,136,8.127667
ladder,3,13,D,137,8.089375
ladder,3,13,D,138,8.112375
ladder,3,13,D,139,8.123875
ladder,3,13,D,140,8.104208
ladder,3,13,D,141,8.118334
ladder,3,13,D,142,8.078000
ladder,3,13,D,143,8.092000
ladder,3,13,D,144,8.096500
ladder,3,13,D,145,8.096375
ladder,3,13,D,146,8.152125
ladder,3,13,D,147,8.158250
ladder,3,13,D,148,8.182958
ladder,3,13,D,149,8.133791
ladder,3,13,D,150,8.184625
ladder,3,13,D,151,8.157458
ladder,3,13,D,152,8.115792
ladder,3,13,D,153,8.078583
ladder,3,13,D,154,8.149750
ladder,3,13,D,155,8.073125
ladder,3,13,D,156,8.141042
ladder,3,13,D,157,8.089292
ladder,3,13,D,158,8.137375
ladder,3,13,D,159,8.181416
ladder,3,13,D,160,8.189833
ladder,3,13,D,161,8.165709
ladder,3,13,D,162,8.204333
ladder,3,13,D,163,8.193334
ladder,3,13,D,164,8.202791
ladder,3,13,D,165,8.199459
ladder,3,13,D,166,8.182250
ladder,3,13,D,167,8.192500
ladder,3,13,D,168,8.220334
ladder,3,13,D,169,8.175292
ladder,3,13,D,170,8.221375
ladder,3,13,D,171,8.182500
ladder,3,13,D,172,8.212791
ladder,3,13,D,173,8.193333
ladder,3,13,D,174,8.176792
ladder,3,13,D,175,8.209042
ladder,3,13,D,176,8.196833
ladder,3,13,D,177,8.174042
ladder,3,13,D,178,8.178209
ladder,3,13,D,179,8.218667
ladder,3,13,D,180,8.180708
ladder,3,13,D,181,8.194458
ladder,3,13,D,182,8.181875
ladder,3,13,D,183,8.172917
ladder,3,13,D,184,8.336500
ladder,3,13,D,185,8.231750
ladder,3,13,D,186,8.211125
ladder,3,13,D,187,8.138333
ladder,3,13,D,188,8.180875
ladder,3,13,D,189,8.105667
ladder,3,13,D,190,8.144542
ladder,3,13,D,191,8.113292
ladder,3,13,D,192,8.108083
ladder,3,13,D,193,8.171708
ladder,3,13,D,194,8.259875
ladder,3,13,D,195,8.240000
ladder,3,13,D,196,8.309917
ladder,3,13,D,197,8.298166
ladder,3,13,D,198,8.261500
ladder,3,13,D,199,8.320459
ladder,3,13,D,200,8.279625
ladder,3,13,D,201,8.320291
ladder,3,13,D,202,8.346250
ladder,3,13,D,203,8.473167
ladder,3,13,D,204,8.272708
ladder,3,13,D,205,8.256166
ladder,3,13,D,206,9.492833
ladder,3,13,D,207,8.498500
ladder,3,13,D,208,8.122833
ladder,3,13,D,209,8.078875
ladder,3,13,D,210,8.160584
ladder,3,13,D,211,8.277875
ladder,3,13,D,212,8.289167
ladder,3,13,D,213,8.239708
ladder,3,13,D,214,8.266250
ladder,3,13,D,215,8.397084
ladder,3,13,D,216,8.122125
ladder,3,13,D,217,8.069333
ladder,3,13,D,218,8.239625
ladder,3,13,D,219,8.266375
ladder,3,13,D,220,8.198417
ladder,3,13,D,221,8.277042
ladder,3,13,D,222,8.179667
ladder,3,13,D,223,8.242625
ladder,3,13,D,224,8.203625
ladder,3,13,D,225,8.295375
ladder,3,13,D,226,8.201417
ladder,3,13,D,227,8.228084
ladder,3,13,D,228,8.240458
ladder,3,13,D,229,8.234458
ladder,3,13,D,230,8.175875
ladder,3,13,D,231,8.229958
ladder,3,13,D,232,8.193458
ladder,3,13,D,233,8.203791
ladder,3,13,D,234,8.205459
ladder,3,13,D,235,8.225042
ladder,3,13,D,236,8.216583
ladder,3,13,D,237,8.247709
ladder,3,13,D,238,8.201083
ladder,3,13,D,239,8.219333
ladder,3,13,D,240,8.197666
ladder,3,13,D,241,8.241709
ladder,3,13,D,242,8.213625
ladder,3,13,D,243,8.214209
ladder,3,13,D,244,8.183500
ladder,3,13,D,245,8.202209
ladder,3,13,D,246,8.245625
ladder,3,13,D,247,8.205875
ladder,3,13,D,248,8.186791
ladder,3,13,D,249,8.203625
ladder,3,13,D,250,8.138375
ladder,3,13,D,251,8.219542
ladder,3,13,D,252,8.200541
ladder,3,13,D,253,8.194459
ladder,3,13,D,254,8.202792
ladder,3,13,D,255,8.184916
ladder,3,13,D,256,8.926250
ladder,3,13,D,257,8.313125
ladder,3,13,D,258,8.203459
ladder,3,13,D,259,8.231375
ladder,3,13,D,260,8.225708
ladder,3,13,D,261,8.212584
ladder,3,13,D,262,8.226542
ladder,3,13,D,263,8.253458
ladder,3,13,D,264,8.195542
ladder,3,13,D,265,8.165042
ladder,3,13,D,266,8.244667
ladder,3,13,D,267,8.322000
ladder,3,13,D,268,8.300000
ladder,3,13,D,269,8.381208
ladder,3,13,D,270,8.358000
ladder,3,13,D,271,8.239958
ladder,3,13,D,272,8.220584
ladder,3,13,D,273,8.217334
ladder,3,13,D,274,8.223959
ladder,3,13,D,275,8.214583
ladder,3,13,D,276,8.231500
ladder,3,13,D,277,8.179833
ladder,3,13,D,278,8.216083
ladder,3,13,D,279,8.192750
ladder,3,13,D,280,8.228167
ladder,3,13,D,281,8.225958
ladder,3,13,D,282,8.234500
ladder,3,13,D,283,8.264417
ladder,3,13,D,284,8.285833
ladder,3,13,D,285,8.326625
ladder,3,13,D,286,8.284042
ladder,3,13,D,287,8.321125
ladder,3,13,D,288,8.133292
ladder,3,13,D,289,8.133125
ladder,3,13,D,290,8.276125
ladder,3,13,D,291,8.232750
ladder,3,13,D,292,8.234042
ladder,3,13,D,293,8.218833
ladder,3,13,D,294,8.250000
ladder,3,13,D,295,8.205209
ladder,3,13,D,296,8.246000
ladder,3,13,D,297,8.256417
ladder,3,13,D,298,8.274417
ladder,3,13,D,299,8.232334
ladder,3,13,D,300,8.227625
ladder,3,13,D,301,8.219042
ladder,3,13,D,302,8.275459
ladder,3,13,D,303,8.232958
ladder,3,13,D,304,8.244000
ladder,3,13,D,305,8.235875
ladder,3,13,D,306,8.262250
ladder,3,13,D,307,8.223750
ladder,3,13,D,308,8.258458
ladder,3,13,D,309,8.230375
ladder,3,13,D,310,8.288875
ladder,3,13,D,311,8.215875
ladder,3,13,D,312,8.279792
ladder,3,13,D,313,8.284875
ladder,3,13,D,314,8.263959
ladder,3,13,D,315,8.228833
ladder,3,13,D,316,8.322583
ladder,3,13,D,317,8.209833
ladder,3,13,D,318,8.299292
ladder,3,13,D,319,8.211417
ladder,3,13,D,320,8.271250
ladder,3,13,D,321,8.198500
ladder,3,13,D,322,8.245375
ladder,3,13,D,323,8.227958
ladder,3,13,D,324,8.251042
ladder,3,13,D,325,8.207375
ladder,3,13,D,326,8.283083
ladder,3,13,D,327,8.226958
ladder,3,13,D,328,8.234959
ladder,3,13,D,329,8.217667
ladder,3,13,D,330,8.270292
ladder,3,13,D,331,8.251875
ladder,3,13,D,332,8.280709
ladder,3,13,D,333,8.234292
ladder,3,13,D,334,8.263208
ladder,3,13,D,335,8.221625
ladder,3,13,D,336,8.259708
ladder,3,13,D,337,8.219459
ladder,3,13,D,338,8.249083
ladder,3,13,D,339,8.208792
ladder,3,13,D,340,8.244000
ladder,3,13,D,341,8.234166
ladder,3,13,D,342,8.252291
ladder,3,13,D,343,8.215625
ladder,3,13,D,344,8.209292
ladder,3,13,D,345,8.226000
ladder,3,13,D,346,8.238000
ladder,3,13,D,347,8.239459
ladder,3,13,D,348,8.252083
ladder,3,13,D,349,8.220875
ladder,3,13,D,350,8.249042
ladder,3,13,D,351,8.206125
ladder,3,13,D,352,8.230917
ladder,3,13,D,353,8.222750
ladder,3,13,D,354,8.234084
ladder,3,13,D,355,8.203708
ladder,3,13,D,356,8.234167
ladder,3,13,D,357,8.251042
ladder,3,13,D,358,8.253500
ladder,3,13,D,359,8.225125
ladder,3,13,D,360,8.241792
ladder,3,13,D,361,8.239666
ladder,3,13,D,362,8.223625
ladder,3,13,D,363,8.238208
ladder,3,13,D,364,8.217958
ladder,3,13,D,365,8.229334
ladder,3,13,D,366,8.224667
ladder,3,13,D,367,8.219292
ladder,3,13,D,368,8.231208
ladder,3,13,D,369,8.235459
ladder,3,13,D,370,8.227250
ladder,3,13,D,371,8.219958
ladder,3,13,D,372,8.249791
ladder,3,13,D,373,8.216542
ladder,3,13,D,374,8.222750
ladder,3,13,D,375,8.235208
ladder,3,13,D,376,8.224416
ladder,3,13,D,377,8.235166
ladder,3,13,D,378,8.240166
ladder,3,13,D,379,8.285166
ladder,3,13,D,380,8.209750
ladder,3,13,D,381,8.252292
ladder,3,13,D,382,8.247500
ladder,3,13,D,383,8.292166
ladder,3,13,D,384,8.232250
ladder,3,13,D,385,8.252083
ladder,3,13,D,386,8.249208
ladder,3,13,D,387,8.285333
ladder,3,13,D,388,8.241833
ladder,3,13,D,389,8.247125
ladder,3,13,D,390,8.254167
ladder,3,13,D,391,8.307125
ladder,3,13,D,392,8.236292
ladder,3,13,D,393,8.303167
ladder,3,13,D,394,8.223084
ladder,3,13,D,395,8.264000
ladder,3,13,D,396,8.218333
ladder,3,13,D,397,8.304875
ladder,3,13,D,398,8.271917
ladder,3,13,D,399,8.283084
ladder,3,13,D,400,8.239250
ladder,3,13,D,401,8.291041
ladder,3,13,D,402,8.219333
ladder,3,13,D,403,8.333375
ladder,3,13,D,404,8.223083
ladder,3,13,D,405,8.308875
ladder,3,13,D,406,8.231750
ladder,3,13,D,407,8.312167
ladder,3,13,D,408,8.281208
ladder,3,13,D,409,8.307292
ladder,3,13,D,410,8.210250
ladder,3,13,D,411,8.319500
ladder,3,13,D,412,8.269375
ladder,3,13,D,413,8.367959
ladder,3,13,D,414,8.263458
ladder,3,13,D,415,8.391375
ladder,3,13,D,416,8.252917
ladder,3,13,D,417,8.330125
ladder,3,13,D,418,8.245375
ladder,3,13,D,419,8.302667
ladder,3,13,D,420,8.246750
ladder,3,13,D,421,8.287792
ladder,3,13,D,422,8.255750
ladder,3,13,D,423,8.301417
ladder,3,13,D,424,8.240833
ladder,3,13,D,425,8.293750
ladder,3,13,D,426,8.233125
ladder,3,13,D,427,8.303083
ladder,3,13,D,428,8.241125
ladder,3,13,D,429,8.297542
ladder,3,13,D,430,8.277750
ladder,3,13,D,431,8.304375
ladder,3,13,D,432,8.249083
ladder,3,13,D,433,8.289625
ladder,3,13,D,434,8.249209
ladder,3,13,D,435,8.297292
ladder,3,13,D,436,8.270416
ladder,3,13,D,437,8.285791
ladder,3,13,D,438,8.237166
ladder,3,13,D,439,8.312834
ladder,3,13,D,440,8.265125
ladder,3,13,D,441,8.298166
ladder,3,13,D,442,8.269958
ladder,3,13,D,443,8.304417
ladder,3,13,D,444,8.228833
ladder,3,13,D,445,8.220833
ladder,3,13,D,446,8.296833
ladder,3,13,D,447,8.268666
ladder,3,13,D,448,8.285250
ladder,3,13,D,449,8.277333
ladder,3,13,D,450,8.246334
ladder,3,13,D,451,8.259500
ladder,3,13,D,452,8.266500
ladder,3,13,D,453,8.285792
ladder,3,13,D,454,8.259917
ladder,3,13,D,455,8.295375
ladder,3,13,D,456,8.283084
ladder,3,13,D,457,8.276792
ladder,3,13,D,458,8.245291
ladder,3,13,D,459,8.288666
ladder,3,13,D,460,8.269125
ladder,3,13,D,461,8.290208
ladder,3,13,D,462,8.238584
ladder,3,13,D,463,8.286666
ladder,3,13,D,464,8.277458
ladder,3,13,D,465,8.313500
ladder,3,13,D,466,8.266875
ladder,3,13,D,467,8.282500
ladder,3,13,D,468,8.278958
ladder,3,13,D,469,8.271625
ladder,3,13,D,470,8.259833
ladder,3,13,D,471,8.237750
ladder,3,13,D,472,8.259875
ladder,3,13,D,473,8.246500
ladder,3,13,D,474,8.289417
ladder,3,13,D,475,8.268583
ladder,3,13,D,476,8.256666
ladder,3,13,D,477,8.258375
ladder,3,13,D,478,8.254292
ladder,3,13,D,479,8.278375
ladder,3,13,D,480,8.269709
ladder,3,13,D,481,8.256834
ladder,3,13,D,482,8.255459
ladder,3,13,D,483,8.249333
ladder,3,13,D,484,8.251084
ladder,3,13,D,485,8.281375
ladder,3,13,D,486,8.260125
ladder,3,13,D,487,8.238625
ladder,3,13,D,488,8.287166
ladder,3,13,D,489,8.275500
ladder,3,13,D,490,8.272041
ladder,3,13,D,491,8.264708
ladder,3,13,D,492,8.215792
ladder,3,13,D,493,8.265958
ladder,3,13,D,494,8.278417
ladder,3,13,D,495,8.264542
ladder,3,13,D,496,8.299500
ladder,3,13,D,497,8.264208
ladder,3,13,D,498,8.281291
ladder,3,13,D,499,8.284041
ladder,3,13,D,500,8.289291
ladder,3,13,D,501,8.287958
ladder,3,13,D,502,8.298500
ladder,3,13,D,503,8.259208
ladder,3,13,D,504,8.293625
ladder,3,13,D,505,8.281875
ladder,3,13,D,506,8.285375
ladder,3,13,D,507,8.273792
ladder,3,13,D,508,8.288000
ladder,3,13,D,509,8.272500
ladder,3,13,D,510,8.306292
ladder,3,13,D,511,8.271542
ladder,3,14,A,1,8.249458
ladder,3,14,A,2,8.182250
ladder,3,14,A,3,8.142833
ladder,3,14,A,4,8.162625
ladder,3,14,A,5,8.113583
ladder,3,14,A,6,8.177625
ladder,3,14,A,7,8.121500
ladder,3,14,A,8,8.155166
ladder,3,14,A,9,8.099458
ladder,3,14,A,10,8.169250
ladder,3,14,A,11,8.155208
ladder,3,14,A,12,8.197708
ladder,3,14,A,13,8.114833
ladder,3,14,A,14,8.170667
ladder,3,14,A,15,8.113250
ladder,3,14,A,16,8.141708
ladder,3,14,A,17,8.120916
ladder,3,14,A,18,8.135750
ladder,3,14,A,19,8.105125
ladder,3,14,A,20,8.162083
ladder,3,14,A,21,8.112125
ladder,3,14,A,22,8.140667
ladder,3,14,A,23,8.105708
ladder,3,14,A,24,8.125000
ladder,3,14,A,25,8.117542
ladder,3,14,A,26,8.147208
ladder,3,14,A,27,8.104625
ladder,3,14,A,28,8.156666
ladder,3,14,A,29,8.134167
ladder,3,14,A,30,8.129875
ladder,3,14,A,31,8.152750
ladder,3,14,A,32,8.132208
ladder,3,14,A,33,8.136833
ladder,3,14,A,34,8.159292
ladder,3,14,A,35,8.116291
ladder,3,14,A,36,8.138375
ladder,3,14,A,37,8.126708
ladder,3,14,A,38,8.121041
ladder,3,14,A,39,8.159417
ladder,3,14,A,40,8.146000
ladder,3,14,A,41,8.127375
ladder,3,14,A,42,8.107500
ladder,3,14,A,43,8.147708
ladder,3,14,A,44,8.111083
ladder,3,14,A,45,8.162958
ladder,3,14,A,46,8.107625
ladder,3,14,A,47,8.154084
ladder,3,14,A,48,8.115000
ladder,3,14,A,49,8.139583
ladder,3,14,A,50,8.090208
ladder,3,14,A,51,8.196500
ladder,3,14,A,52,8.107791
ladder,3,14,A,53,8.203666
ladder,3,14,A,54,8.099125
ladder,3,14,A,55,8.206167
ladder,3,14,A,56,8.135541
ladder,3,14,A,57,8.171334
ladder,3,14,A,58,8.119125
ladder,3,14,A,59,8.166708
ladder,3,14,A,60,8.112166
ladder,3,14,A,61,8.159000
ladder,3,14,A,62,8.128750
ladder,3,14,A,63,8.149958
ladder,3,14,A,64,8.129459
ladder,3,14,A,65,8.138333
ladder,3,14,A,66,8.118458
ladder,3,14,A,67,8.157541
ladder,3,14,A,68,8.115209
ladder,3,14,A,69,8.097625
ladder,3,14,A,70,8.114833
ladder,3,14,A,71,8.101458
ladder,3,14,A,72,8.108958
ladder,3,14,A,73,8.132375
ladder,3,14,A,74,8.130875
ladder,3,14,A,75,8.135708
ladder,3,14,A,76,8.171667
ladder,3,14,A,77,8.223000
ladder,3,14,A,78,8.148125
ladder,3,14,A,79,8.123833
ladder,3,14,A,80,8.140000
ladder,3,14,A,81,8.121542
ladder,3,14,A,82,8.138583
ladder,3,14,A,83,8.162834
ladder,3,14,A,84,8.101375
ladder,3,14,A,85,8.091042
ladder,3,14,A,86,8.107833
ladder,3,14,A,87,8.102000
ladder,3,14,A,88,8.103583
ladder,3,14,A,89,8.117708
ladder,3,14,A,90,8.140875
ladder,3,14,A,91,8.141125
ladder,3,14,A,92,8.172125
ladder,3,14,A,93,8.171000
ladder,3,14,A,94,8.188167
ladder,3,14,A,95,8.136167
ladder,3,14,A,96,8.188875
ladder,3,14,A,97,8.131417
ladder,3,14,A,98,8.388750
ladder,3,14,A,99,8.432375
ladder,3,14,A,100,8.390208
ladder,3,14,A,101,8.376917
ladder,3,14,A,102,8.378042
ladder,3,14,A,103,8.383750
ladder,3,14,A,104,8.464625
ladder,3,14,A,105,8.372334
ladder,3,14,A,106,8.405209
ladder,3,14,A,107,8.420583
ladder,3,14,A,108,8.494500
ladder,3,14,A,109,8.405208
ladder,3,14,A,110,8.383916
ladder,3,14,A,111,8.374750
ladder,3,14,A,112,8.388292
ladder,3,14,A,113,8.188791
ladder,3,14,A,114,8.181875
ladder,3,14,A,115,8.141375
ladder,3,14,A,116,8.179500
ladder,3,14,A,117,8.147583
ladder,3,14,A,118,8.183375
ladder,3,14,A,119,8.151000
ladder,3,14,A,120,8.259375
ladder,3,14,A,121,8.151541
ladder,3,14,A,122,8.167708
ladder,3,14,A,123,8.146166
ladder,3,14,A,124,8.162042
ladder,3,14,A,125,8.143417
ladder,3,14,A,126,8.183625
ladder,3,14,A,127,8.149375
ladder,3,14,A,128,8.175125
ladder,3,14,A,129,8.132542
ladder,3,14,A,130,8.166500
ladder,3,14,A,131,8.177958
ladder,3,14,A,132,8.177625
ladder,3,14,A,133,8.148542
ladder,3,14,A,134,8.185333
ladder,3,14,A,135,8.145208
ladder,3,14,A,136,8.158541
ladder,3,14,A,137,8.209292
ladder,3,14,A,138,8.238625
ladder,3,14,A,139,8.219417
ladder,3,14,A,140,8.200541
ladder,3,14,A,141,8.147333
ladder,3,14,A,142,8.153750
ladder,3,14,A,143,8.161083
ladder,3,14,A,144,8.137292
ladder,3,14,A,145,8.184250
ladder,3,14,A,146,8.168166
ladder,3,14,A,147,8.175125
ladder,3,14,A,148,8.157959
ladder,3,14,A,149,8.143000
ladder,3,14,A,150,8.124125
ladder,3,14,A,151,8.174500
ladder,3,14,A,152,8.156417
ladder,3,14,A,153,8.167167
ladder,3,14,A,154,8.153500
ladder,3,14,A,155,8.149625
ladder,3,14,A,156,8.159250
ladder,3,14,A,157,8.193750
ladder,3,14,A,158,8.196833
ladder,3,14,A,159,8.200209
ladder,3,14,A,160,8.174000
ladder,3,14,A,161,8.189167
ladder,3,14,A,162,8.146833
ladder,3,14,A,163,8.224084
ladder,3,14,A,164,8.142958
ladder,3,14,A,165,8.191542
ladder,3,14,A,166,8.193667
ladder,3,14,A,167,8.179666
ladder,3,14,A,168,8.183542
ladder,3,14,A,169,8.215625
ladder,3,14,A,170,8.222250
ladder,3,14,A,171,8.215000
ladder,3,14,A,172,8.160875
ladder,3,14,A,173,8.205917
ladder,3,14,A,174,8.150292
ladder,3,14,A,175,8.190459
ladder,3,14,A,176,8.163917
ladder,3,14,A,177,8.183291
ladder,3,14,A,178,8.157459
ladder,3,14,A,179,8.174583
ladder,3,14,A,180,8.178125
ladder,3,14,A,181,8.212666
ladder,3,14,A,182,8.156875
ladder,3,14,A,183,8.185791
ladder,3,14,A,184,8.202167
ladder,3,14,A,185,8.133666
ladder,3,14,A,186,8.148084
ladder,3,14,A,187,8.172875
ladder,3,14,A,188,8.179375
ladder,3,14,A,189,8.166417
ladder,3,14,A,190,8.167458
ladder,3,14,A,191,8.163250
ladder,3,14,A,192,8.163667
ladder,3,14,A,193,8.174834
ladder,3,14,A,194,8.142834
ladder,3,14,A,195,8.190167
ladder,3,14,A,196,8.161875
ladder,3,14,A,197,8.166041
ladder,3,14,A,198,8.162500
ladder,3,14,A,199,8.149875
ladder,3,14,A,200,8.180459
ladder,3,14,A,201,8.180958
ladder,3,14,A,202,8.161084
ladder,3,14,A,203,8.160375
ladder,3,14,A,204,8.146250
ladder,3,14,A,205,8.196000
ladder,3,14,A,206,8.167292
ladder,3,14,A,207,8.142042
ladder,3,14,A,208,8.167750
ladder,3,14,A,209,8.167250
ladder,3,14,A,210,8.155292
ladder,3,14,A,211,8.188792
ladder,3,14,A,212,8.163792
ladder,3,14,A,213,8.212500
ladder,3,14,A,214,8.242834
ladder,3,14,A,215,8.179958
ladder,3,14,A,216,8.219792
ladder,3,14,A,217,8.149541
ladder,3,14,A,218,8.193166
ladder,3,14,A,219,8.174000
ladder,3,14,A,220,8.225959
ladder,3,14,A,221,8.160958
ladder,3,14,A,222,8.209125
ladder,3,14,A,223,8.155041
ladder,3,14,A,224,8.257416
ladder,3,14,A,225,8.173125
ladder,3,14,A,226,8.295125
ladder,3,14,A,227,8.202625
ladder,3,14,A,228,8.213625
ladder,3,14,A,229,8.168750
ladder,3,14,A,230,8.221250
ladder,3,14,A,231,8.195250
ladder,3,14,A,232,8.205750
ladder,3,14,A,233,8.185542
ladder,3,14,A,234,8.204084
ladder,3,14,A,235,8.171333
ladder,3,14,A,236,8.196791
ladder,3,14,A,237,8.158167
ladder,3,14,A,238,8.202833
ladder,3,14,A,239,8.187042
ladder,3,14,A,240,8.218041
ladder,3,14,A,241,8.177750
ladder,3,14,A,242,8.199167
ladder,3,14,A,243,8.162167
ladder,3,14,A,244,8.219458
ladder,3,14,A,245,8.193125
ladder,3,14,A,246,8.190667
ladder,3,14,A,247,8.168875
ladder,3,14,A,248,8.204042
ladder,3,14,A,249,8.138833
ladder,3,14,A,250,8.216500
ladder,3,14,A,251,8.166958
ladder,3,14,A,252,8.214916
ladder,3,14,A,253,8.181959
ladder,3,14,A,254,8.209750
ladder,3,14,A,255,8.185833
ladder,3,14,A,256,8.931125
ladder,3,14,A,257,8.265917
ladder,3,14,A,258,8.206125
ladder,3,14,A,259,8.183625
ladder,3,14,A,260,8.207667
ladder,3,14,A,261,8.203084
ladder,3,14,A,262,8.174500
ladder,3,14,A,263,8.194625
ladder,3,14,A,264,8.181458
ladder,3,14,A,265,8.201417
ladder,3,14,A,266,8.201709
ladder,3,14,A,267,8.179333
ladder,3,14,A,268,8.178709
ladder,3,14,A,269,8.181042
ladder,3,14,A,270,8.178625
ladder,3,14,A,271,8.205541
ladder,3,14,A,272,8.171334
ladder,3,14,A,273,8.206500
ladder,3,14,A,274,8.175125
ladder,3,14,A,275,8.213625
ladder,3,14,A,276,8.179833
ladder,3,14,A,277,8.248417
ladder,3,14,A,278,8.200667
ladder,3,14,A,279,8.209541
ladder,3,14,A,280,8.279166
ladder,3,14,A,281,8.207250
ladder,3,14,A,282,8.161625
ladder,3,14,A,283,8.213917
ladder,3,14,A,284,8.190791
ladder,3,14,A,285,8.219250
ladder,3,14,A,286,8.176416
ladder,3,14,A,287,8.239750
ladder,3,14,A,288,8.194125
ladder,3,14,A,289,8.240917
ladder,3,14,A,290,8.193875
ladder,3,14,A,291,8.375000
ladder,3,14,A,292,8.196875
ladder,3,14,A,293,8.248833
ladder,3,14,A,294,8.182583
ladder,3,14,A,295,8.299625
ladder,3,14,A,296,8.193833
ladder,3,14,A,297,8.247959
ladder,3,14,A,298,8.214208
ladder,3,14,A,299,8.237167
ladder,3,14,A,300,8.229791
ladder,3,14,A,301,8.215208
ladder,3,14,A,302,8.210875
ladder,3,14,A,303,8.223666
ladder,3,14,A,304,8.201458
ladder,3,14,A,305,8.235792
ladder,3,14,A,306,8.209417
ladder,3,14,A,307,8.265208
ladder,3,14,A,308,8.316250
ladder,3,14,A,309,8.231084
ladder,3,14,A,310,8.228666
ladder,3,14,A,311,8.304500
ladder,3,14,A,312,8.253709
ladder,3,14,A,313,8.266542
ladder,3,14,A,314,8.183542
ladder,3,14,A,315,8.260250
ladder,3,14,A,316,8.229000
ladder,3,14,A,317,8.191541
ladder,3,14,A,318,8.193958
ladder,3,14,A,319,8.223333
ladder,3,14,A,320,8.273917
ladder,3,14,A,321,8.254375
ladder,3,14,A,322,8.225792
ladder,3,14,A,323,8.316834
ladder,3,14,A,324,8.265709
ladder,3,14,A,325,8.271417
ladder,3,14,A,326,8.282333
ladder,3,14,A,327,8.283458
ladder,3,14,A,328,8.128625
ladder,3,14,A,329,8.146417
ladder,3,14,A,330,8.143083
ladder,3,14,A,331,8.099334
ladder,3,14,A,332,8.199334
ladder,3,14,A,333,8.125833
ladder,3,14,A,334,8.109500
ladder,3,14,A,335,8.177417
ladder,3,14,A,336,8.120125
ladder,3,14,A,337,8.166750
ladder,3,14,A,338,8.142333
ladder,3,14,A,339,8.201458
ladder,3,14,A,340,8.169583
ladder,3,14,A,341,8.166125
ladder,3,14,A,342,8.111042
ladder,3,14,A,343,8.235333
ladder,3,14,A,344,8.215125
ladder,3,14,A,345,8.251458
ladder,3,14,A,346,8.156250
ladder,3,14,A,347,8.176250
ladder,3,14,A,348,8.189292
ladder,3,14,A,349,8.156250
ladder,3,14,A,350,8.182625
ladder,3,14,A,351,8.170459
ladder,3,14,A,352,8.206875
ladder,3,14,A,353,8.044000
ladder,3,14,A,354,8.035166
ladder,3,14,A,355,8.111125
ladder,3,14,A,356,8.313958
ladder,3,14,A,357,8.216667
ladder,3,14,A,358,8.275125
ladder,3,14,A,359,8.267250
ladder,3,14,A,360,8.284500
ladder,3,14,A,361,8.216583
ladder,3,14,A,362,8.296542
ladder,3,14,A,363,8.202750
ladder,3,14,A,364,8.314041
ladder,3,14,A,365,8.221250
ladder,3,14,A,366,8.264333
ladder,3,14,A,367,8.221791
ladder,3,14,A,368,8.255542
ladder,3,14,A,369,8.202750
ladder,3,14,A,370,8.254333
ladder,3,14,A,371,8.226375
ladder,3,14,A,372,8.280000
ladder,3,14,A,373,8.218125
ladder,3,14,A,374,8.281583
ladder,3,14,A,375,8.228375
ladder,3,14,A,376,8.286791
ladder,3,14,A,377,8.221708
ladder,3,14,A,378,8.250375
ladder,3,14,A,379,8.228208
ladder,3,14,A,380,8.256667
ladder,3,14,A,381,8.219291
ladder,3,14,A,382,8.299833
ladder,3,14,A,383,8.234625
ladder,3,14,A,384,8.244542
ladder,3,14,A,385,8.191083
ladder,3,14,A,386,8.249416
ladder,3,14,A,387,8.259750
ladder,3,14,A,388,8.247584
ladder,3,14,A,389,8.224875
ladder,3,14,A,390,8.262375
ladder,3,14,A,391,8.209625
ladder,3,14,A,392,8.247667
ladder,3,14,A,393,8.211667
ladder,3,14,A,394,8.266875
ladder,3,14,A,395,8.211334
ladder,3,14,A,396,8.249709
ladder,3,14,A,397,8.231667
ladder,3,14,A,398,8.250792
ladder,3,14,A,399,8.213000
ladder,3,14,A,400,8.260958
ladder,3,14,A,401,8.236875
ladder,3,14,A,402,8.243041
ladder,3,14,A,403,8.258417
ladder,3,14,A,404,8.247542
ladder,3,14,A,405,8.238166
ladder,3,14,A,406,8.228792
ladder,3,14,A,407,8.272666
ladder,3,14,A,408,8.260791
ladder,3,14,A,409,8.246541
ladder,3,14,A,410,8.225000
ladder,3,14,A,411,8.241541
ladder,3,14,A,412,8.228958
ladder,3,14,A,413,8.242250
ladder,3,14,A,414,8.212875
ladder,3,14,A,415,8.244583
ladder,3,14,A,416,8.255208
ladder,3,14,A,417,8.250875
ladder,3,14,A,418,8.238042
ladder,3,14,A,419,8.248500
ladder,3,14,A,420,8.224375
ladder,3,14,A,421,8.246542
ladder,3,14,A,422,8.228500
ladder,3,14,A,423,8.298667
ladder,3,14,A,424,8.260500
ladder,3,14,A,425,8.275042
ladder,3,14,A,426,8.245834
ladder,3,14,A,427,8.235083
ladder,3,14,A,428,8.212917
ladder,3,14,A,429,8.252000
ladder,3,14,A,430,8.234584
ladder,3,14,A,431,8.259917
ladder,3,14,A,432,8.236875
ladder,3,14,A,433,8.247333
ladder,3,14,A,434,8.211292
ladder,3,14,A,435,8.235791
ladder,3,14,A,436,8.254417
ladder,3,14,A,437,8.282750
ladder,3,14,A,438,8.231041
ladder,3,14,A,439,8.238584
ladder,3,14,A,440,8.237292
ladder,3,14,A,441,8.207917
ladder,3,14,A,442,8.254583
ladder,3,14,A,443,8.277583
ladder,3,14,A,444,8.230375
ladder,3,14,A,445,8.222708
ladder,3,14,A,446,8.226959
ladder,3,14,A,447,8.249875
ladder,3,14,A,448,8.246792
ladder,3,14,A,449,8.259750
ladder,3,14,A,450,8.199833
ladder,3,14,A,451,8.258834
ladder,3,14,A,452,8.255334
ladder,3,14,A,453,8.289833
ladder,3,14,A,454,8.293750
ladder,3,14,A,455,8.240417
ladder,3,14,A,456,8.234750
ladder,3,14,A,457,8.358291
ladder,3,14,A,458,8.245834
ladder,3,14,A,459,8.320333
ladder,3,14,A,460,8.230333
ladder,3,14,A,461,8.279583
ladder,3,14,A,462,8.244583
ladder,3,14,A,463,8.285583
ladder,3,14,A,464,8.236541
ladder,3,14,A,465,8.275125
ladder,3,14,A,466,8.246334
ladder,3,14,A,467,8.267625
ladder,3,14,A,468,8.232000
ladder,3,14,A,469,8.302958
ladder,3,14,A,470,8.253166
ladder,3,14,A,471,8.278375
ladder,3,14,A,472,8.293542
ladder,3,14,A,473,8.279208
ladder,3,14,A,474,8.305959
ladder,3,14,A,475,8.253042
ladder,3,14,A,476,8.255750
ladder,3,14,A,477,8.278625
ladder,3,14,A,478,8.253250
ladder,3,14,A,479,8.293417
ladder,3,14,A,480,8.249291
ladder,3,14,A,481,8.296333
ladder,3,14,A,482,8.260375
ladder,3,14,A,483,8.300708
ladder,3,14,A,484,8.278000
ladder,3,14,A,485,8.266500
ladder,3,14,A,486,8.261541
ladder,3,14,A,487,8.277041
ladder,3,14,A,488,8.213959
ladder,3,14,A,489,8.251250
ladder,3,14,A,490,8.247125
ladder,3,14,A,491,8.284750
ladder,3,14,A,492,8.242541
ladder,3,14,A,493,8.275292
ladder,3,14,A,494,8.251292
ladder,3,14,A,495,8.265417
ladder,3,14,A,496,8.263667
ladder,3,14,A,497,8.278375
ladder,3,14,A,498,8.249834
ladder,3,14,A,499,8.306375
ladder,3,14,A,500,8.268458
ladder,3,14,A,501,8.298375
ladder,3,14,A,502,8.271625
ladder,3,14,A,503,8.288250
ladder,3,14,A,504,8.263292
ladder,3,14,A,505,8.288625
ladder,3,14,A,506,8.261208
ladder,3,14,A,507,8.287667
ladder,3,14,A,508,8.255750
ladder,3,14,A,509,8.305375
ladder,3,14,A,510,8.244334
ladder,3,14,A,511,8.273458
ladder,3,15,B,1,8.305208
ladder,3,15,B,2,8.168334
ladder,3,15,B,3,8.146167
ladder,3,15,B,4,8.149750
ladder,3,15,B,5,8.140833
ladder,3,15,B,6,8.109250
ladder,3,15,B,7,8.113333
ladder,3,15,B,8,8.120084
ladder,3,15,B,9,8.099750
ladder,3,15,B,10,8.132209
ladder,3,15,B,11,8.131750
ladder,3,15,B,12,8.138041
ladder,3,15,B,13,8.057792
ladder,3,15,B,14,8.139500
ladder,3,15,B,15,8.092459
ladder,3,15,B,16,8.129583
ladder,3,15,B,17,8.121250
ladder,3,15,B,18,8.143791
ladder,3,15,B,19,8.107875
ladder,3,15,B,20,8.188000
ladder,3,15,B,21,8.205583
ladder,3,15,B,22,8.168958
ladder,3,15,B,23,8.100291
ladder,3,15,B,24,8.196667
ladder,3,15,B,25,8.141583
ladder,3,15,B,26,8.164125
ladder,3,15,B,27,8.118083
ladder,3,15,B,28,8.162334
ladder,3,15,B,29,8.120042
ladder,3,15,B,30,8.145125
ladder,3,15,B,31,8.117959
ladder,3,15,B,32,8.171500
ladder,3,15,B,33,8.126667
ladder,3,15,B,34,8.159583
ladder,3,15,B,35,8.143625
ladder,3,15,B,36,8.152291
ladder,3,15,B,37,8.149541
ladder,3,15,B,38,8.173417
ladder,3,15,B,39,8.130791
ladder,3,15,B,40,8.122834
ladder,3,15,B,41,8.121291
ladder,3,15,B,42,8.147667
ladder,3,15,B,43,8.112875
ladder,3,15,B,44,8.175500
ladder,3,15,B,45,8.165542
ladder,3,15,B,46,8.112291
ladder,3,15,B,47,8.124250
ladder,3,15,B,48,8.137875
ladder,3,15,B,49,8.164084
ladder,3,15,B,50,8.102125
ladder,3,15,B,51,8.147791
ladder,3,15,B,52,8.133375
ladder,3,15,B,53,8.134208
ladder,3,15,B,54,8.108416
ladder,3,15,B,55,8.156875
ladder,3,15,B,56,8.147291
ladder,3,15,B,57,8.152041
ladder,3,15,B,58,8.143917
ladder,3,15,B,59,8.159750
ladder,3,15,B,60,8.107375
ladder,3,15,B,61,8.181500
ladder,3,15,B,62,8.127792
ladder,3,15,B,63,8.188583
ladder,3,15,B,64,8.138875
ladder,3,15,B,65,8.158667
ladder,3,15,B,66,8.133250
ladder,3,15,B,67,8.229292
ladder,3,15,B,68,8.115250
ladder,3,15,B,69,8.184084
ladder,3,15,B,70,8.143250
ladder,3,15,B,71,8.175667
ladder,3,15,B,72,8.129208
ladder,3,15,B,73,8.178250
ladder,3,15,B,74,8.107541
ladder,3,15,B,75,8.187916
ladder,3,15,B,76,8.146458
ladder,3,15,B,77,8.158208
ladder,3,15,B,78,8.099209
ladder,3,15,B,79,8.158000
ladder,3,15,B,80,8.139042
ladder,3,15,B,81,8.159042
ladder,3,15,B,82,8.144167
ladder,3,15,B,83,8.172709
ladder,3,15,B,84,8.120042
ladder,3,15,B,85,8.140917
ladder,3,15,B,86,8.148292
ladder,3,15,B,87,8.148500
ladder,3,15,B,88,8.109500
ladder,3,15,B,89,8.167500
ladder,3,15,B,90,8.173917
ladder,3,15,B,91,8.145292
ladder,3,15,B,92,8.182625
ladder,3,15,B,93,8.311417
ladder,3,15,B,94,8.151167
ladder,3,15,B,95,8.154500
ladder,3,15,B,96,8.145791
ladder,3,15,B,97,8.151417
ladder,3,15,B,98,8.151708
ladder,3,15,B,99,8.133875
ladder,3,15,B,100,8.179334
ladder,3,15,B,101,8.140708
ladder,3,15,B,102,8.156916
ladder,3,15,B,103,8.136041
ladder,3,15,B,104,8.155125
ladder,3,15,B,105,8.132416
ladder,3,15,B,106,8.179792
ladder,3,15,B,107,8.153750
ladder,3,15,B,108,8.169708
ladder,3,15,B,109,8.130792
ladder,3,15,B,110,8.193292
ladder,3,15,B,111,8.123708
ladder,3,15,B,112,8.202917
ladder,3,15,B,113,8.230708
ladder,3,15,B,114,8.169500
ladder,3,15,B,115,8.151709
ladder,3,15,B,116,8.152167
ladder,3,15,B,117,8.153958
ladder,3,15,B,118,8.177292
ladder,3,15,B,119,8.127750
ladder,3,15,B,120,8.147291
ladder,3,15,B,121,8.144333
ladder,3,15,B,122,8.131791
ladder,3,15,B,123,8.187042
ladder,3,15,B,124,8.310625
ladder,3,15,B,125,8.233834
ladder,3,15,B,126,8.156083
ladder,3,15,B,127,8.140375
ladder,3,15,B,128,8.218250
ladder,3,15,B,129,8.137250
ladder,3,15,B,130,8.175375
ladder,3,15,B,131,8.155042
ladder,3,15,B,132,8.154500
ladder,3,15,B,133,8.150750
ladder,3,15,B,134,8.200084
ladder,3,15,B,135,8.145500
ladder,3,15,B,136,8.112375
ladder,3,15,B,137,8.148625
ladder,3,15,B,138,8.155791
ladder,3,15,B,139,8.149875
ladder,3,15,B,140,8.156083
ladder,3,15,B,141,8.164875
ladder,3,15,B,142,8.161417
ladder,3,15,B,143,8.157708
ladder,3,15,B,144,8.145875
ladder,3,15,B,145,8.176167
ladder,3,15,B,146,8.201875
ladder,3,15,B,147,8.173125
ladder,3,15,B,148,8.143042
ladder,3,15,B,149,8.162375
ladder,3,15,B,150,8.147667
ladder,3,15,B,151,8.158500
ladder,3,15,B,152,8.118917
ladder,3,15,B,153,8.207458
ladder,3,15,B,154,8.175042
ladder,3,15,B,155,8.195583
ladder,3,15,B,156,8.146958
ladder,3,15,B,157,8.192375
ladder,3,15,B,158,8.122500
ladder,3,15,B,159,8.175208
ladder,3,15,B,160,8.146584
ladder,3,15,B,161,8.187208
ladder,3,15,B,162,8.142750
ladder,3,15,B,163,8.203125
ladder,3,15,B,164,8.153291
ladder,3,15,B,165,8.290833
ladder,3,15,B,166,8.138083
ladder,3,15,B,167,8.190750
ladder,3,15,B,168,8.149333
ladder,3,15,B,169,8.191417
ladder,3,15,B,170,8.170875
ladder,3,15,B,171,8.181500
ladder,3,15,B,172,8.148958
ladder,3,15,B,173,8.184250
ladder,3,15,B,174,8.168209
ladder,3,15,B,175,8.191084
ladder,3,15,B,176,8.157750
ladder,3,15,B,177,8.194709
ladder,3,15,B,178,8.169042
ladder,3,15,B,179,8.190000
ladder,3,15,B,180,8.175833
ladder,3,15,B,181,8.193000
ladder,3,15,B,182,8.171042
ladder,3,15,B,183,8.253209
ladder,3,15,B,184,8.180792
ladder,3,15,B,185,8.186292
ladder,3,15,B,186,8.161291
ladder,3,15,B,187,8.168958
ladder,3,15,B,188,8.152292
ladder,3,15,B,189,8.177084
ladder,3,15,B,190,8.151166
ladder,3,15,B,191,8.161375
ladder,3,15,B,192,8.172125
ladder,3,15,B,193,8.164375
ladder,3,15,B,194,8.171792
ladder,3,15,B,195,8.179458
ladder,3,15,B,196,8.165750
ladder,3,15,B,197,8.141250
ladder,3,15,B,198,8.173834
ladder,3,15,B,199,8.155542
ladder,3,15,B,200,8.165125
ladder,3,15,B,201,8.164167
ladder,3,15,B,202,8.148167
ladder,3,15,B,203,8.157000
ladder,3,15,B,204,8.198417
ladder,3,15,B,205,8.175333
ladder,3,15,B,206,8.235208
ladder,3,15,B,207,8.153625
ladder,3,15,B,208,8.180708
ladder,3,15,B,209,8.180125
ladder,3,15,B,210,8.219291
ladder,3,15,B,211,8.171625
ladder,3,15,B,212,8.196459
ladder,3,15,B,213,8.160250
ladder,3,15,B,214,8.209500
ladder,3,15,B,215,8.160166
ladder,3,15,B,216,8.215291
ladder,3,15,B,217,8.239209
ladder,3,15,B,218,8.208833
ladder,3,15,B,219,8.158625
ladder,3,15,B,220,8.228000
ladder,3,15,B,221,8.149375
ladder,3,15,B,222,8.198000
ladder,3,15,B,223,8.163500
ladder,3,15,B,224,8.204791
ladder,3,15,B,225,8.149000
ladder,3,15,B,226,8.209792
ladder,3,15,B,227,8.148916
ladder,3,15,B,228,8.209708
ladder,3,15,B,229,8.169083
ladder,3,15,B,230,8.194916
ladder,3,15,B,231,8.185167
ladder,3,15,B,232,8.208375
ladder,3,15,B,233,8.203209
ladder,3,15,B,234,8.203583
ladder,3,15,B,235,8.166833
ladder,3,15,B,236,8.202042
ladder,3,15,B,237,8.172542
ladder,3,15,B,238,8.162125
ladder,3,15,B,239,8.175084
ladder,3,15,B,240,8.167625
ladder,3,15,B,241,8.147875
ladder,3,15,B,242,8.174500
ladder,3,15,B,243,8.149083
ladder,3,15,B,244,8.151625
ladder,3,15,B,245,8.174959
ladder,3,15,B,246,8.160875
ladder,3,15,B,247,8.165916
ladder,3,15,B,248,8.182709
ladder,3,15,B,249,8.155542
ladder,3,15,B,250,8.163708
ladder,3,15,B,251,8.172292
ladder,3,15,B,252,8.154541
ladder,3,15,B,253,8.197042
ladder,3,15,B,254,8.148209
ladder,3,15,B,255,8.177333
ladder,3,15,B,256,8.899542
ladder,3,15,B,257,8.289542
ladder,3,15,B,258,8.164750
ladder,3,15,B,259,8.233916
ladder,3,15,B,260,8.183292
ladder,3,15,B,261,8.173875
ladder,3,15,B,262,8.160333
ladder,3,15,B,263,8.182333
ladder,3,15,B,264,8.167458
ladder,3,15,B,265,8.222667
ladder,3,15,B,266,8.159042
ladder,3,15,B,267,8.215417
ladder,3,15,B,268,8.220083
ladder,3,15,B,269,8.220666
ladder,3,15,B,270,8.189875
ladder,3,15,B,271,8.216833
ladder,3,15,B,272,8.195875
ladder,3,15,B,273,8.225250
ladder,3,15,B,274,8.163625
ladder,3,15,B,275,8.227167
ladder,3,15,B,276,8.180000
ladder,3,15,B,277,8.243167
ladder,3,15,B,278,8.197709
ladder,3,15,B,279,8.217292
ladder,3,15,B,280,8.175959
ladder,3,15,B,281,8.258666
ladder,3,15,B,282,8.203125
ladder,3,15,B,283,8.236834
ladder,3,15,B,284,8.188750
ladder,3,15,B,285,8.242708
ladder,3,15,B,286,8.169292
ladder,3,15,B,287,8.225250
ladder,3,15,B,288,8.188625
ladder,3,15,B,289,8.213875
ladder,3,15,B,290,8.190667
ladder,3,15,B,291,8.227333
ladder,3,15,B,292,8.189084
ladder,3,15,B,293,8.218792
ladder,3,15,B,294,8.199375
ladder,3,15,B,295,8.226500
ladder,3,15,B,296,8.211625
ladder,3,15,B,297,8.227542
ladder,3,15,B,298,8.189166
ladder,3,15,B,299,8.231916
ladder,3,15,B,300,8.182042
ladder,3,15,B,301,8.233125
ladder,3,15,B,302,8.192333
ladder,3,15,B,303,8.207500
ladder,3,15,B,304,8.191125
ladder,3,15,B,305,8.218167
ladder,3,15,B,306,8.194542
ladder,3,15,B,307,8.233375
ladder,3,15,B,308,8.197542
ladder,3,15,B,309,8.193667
ladder,3,15,B,310,8.200959
ladder,3,15,B,311,8.217916
ladder,3,15,B,312,8.204084
ladder,3,15,B,313,8.203584
ladder,3,15,B,314,8.209500
ladder,3,15,B,315,8.212333
ladder,3,15,B,316,8.197625
ladder,3,15,B,317,8.205292
ladder,3,15,B,318,8.234625
ladder,3,15,B,319,8.211625
ladder,3,15,B,320,8.213709
ladder,3,15,B,321,8.206625
ladder,3,15,B,322,8.212458
ladder,3,15,B,323,8.214333
ladder,3,15,B,324,8.201416
ladder,3,15,B,325,8.200333
ladder,3,15,B,326,8.248917
ladder,3,15,B,327,8.190041
ladder,3,15,B,328,8.208083
ladder,3,15,B,329,8.194750
ladder,3,15,B,330,8.216917
ladder,3,15,B,331,8.182750
ladder,3,15,B,332,8.235333
ladder,3,15,B,333,8.203708
ladder,3,15,B,334,8.208208
ladder,3,15,B,335,8.211250
ladder,3,15,B,336,8.244959
ladder,3,15,B,337,8.212291
ladder,3,15,B,338,8.324625
ladder,3,15,B,339,8.213958
ladder,3,15,B,340,8.242375
ladder,3,15,B,341,8.242500
ladder,3,15,B,342,8.238542
ladder,3,15,B,343,8.200625
ladder,3,15,B,344,8.256500
ladder,3,15,B,345,8.186792
ladder,3,15,B,346,8.216750
ladder,3,15,B,347,8.174292
ladder,3,15,B,348,8.252625
ladder,3,15,B,349,8.237875
ladder,3,15,B,350,8.237292
ladder,3,15,B,351,8.186375
ladder,3,15,B,352,8.346167
ladder,3,15,B,353,8.218167
ladder,3,15,B,354,8.241834
ladder,3,15,B,355,8.235458
ladder,3,15,B,356,8.276125
ladder,3,15,B,357,8.207833
ladder,3,15,B,358,8.260333
ladder,3,15,B,359,8.213542
ladder,3,15,B,360,8.244042
ladder,3,15,B,361,8.187875
ladder,3,15,B,362,8.204834
ladder,3,15,B,363,8.206750
ladder,3,15,B,364,8.250000
ladder,3,15,B,365,8.205292
ladder,3,15,B,366,8.205791
ladder,3,15,B,367,8.209541
ladder,3,15,B,368,8.238166
ladder,3,15,B,369,8.205417
ladder,3,15,B,370,8.246042
ladder,3,15,B,371,8.204250
ladder,3,15,B,372,8.223250
ladder,3,15,B,373,8.173084
ladder,3,15,B,374,8.229667
ladder,3,15,B,375,8.230791
ladder,3,15,B,376,8.199791
ladder,3,15,B,377,8.223125
ladder,3,15,B,378,8.210083
ladder,3,15,B,379,8.177250
ladder,3,15,B,380,8.163500
ladder,3,15,B,381,8.204000
ladder,3,15,B,382,8.205875
ladder,3,15,B,383,8.203000
ladder,3,15,B,384,8.216875
ladder,3,15,B,385,8.232208
ladder,3,15,B,386,8.246750
ladder,3,15,B,387,8.232041
ladder,3,15,B,388,8.239417
ladder,3,15,B,389,8.231166
ladder,3,15,B,390,8.254500
ladder,3,15,B,391,8.228208
ladder,3,15,B,392,8.231959
ladder,3,15,B,393,8.249541
ladder,3,15,B,394,8.237625
ladder,3,15,B,395,8.219167
ladder,3,15,B,396,8.205792
ladder,3,15,B,397,8.197917
ladder,3,15,B,398,8.236250
ladder,3,15,B,399,8.222083
ladder,3,15,B,400,8.261625
ladder,3,15,B,401,8.228458
ladder,3,15,B,402,8.224542
ladder,3,15,B,403,8.228166
ladder,3,15,B,404,8.240125
ladder,3,15,B,405,8.239000
ladder,3,15,B,406,8.218167
ladder,3,15,B,407,8.257250
ladder,3,15,B,408,8.222875
ladder,3,15,B,409,8.254417
ladder,3,15,B,410,8.213500
ladder,3,15,B,411,8.245084
ladder,3,15,B,412,8.229916
ladder,3,15,B,413,8.251667
ladder,3,15,B,414,8.235500
ladder,3,15,B,415,8.264333
ladder,3,15,B,416,8.234833
ladder,3,15,B,417,8.280584
ladder,3,15,B,418,8.208833
ladder,3,15,B,419,8.260791
ladder,3,15,B,420,8.237750
ladder,3,15,B,421,8.248500
ladder,3,15,B,422,8.183042
ladder,3,15,B,423,8.260375
ladder,3,15,B,424,8.211542
ladder,3,15,B,425,8.287167
ladder,3,15,B,426,8.205667
ladder,3,15,B,427,8.293125
ladder,3,15,B,428,8.223792
ladder,3,15,B,429,8.357791
ladder,3,15,B,430,8.234125
ladder,3,15,B,431,8.267167
ladder,3,15,B,432,8.288958
ladder,3,15,B,433,8.355750
ladder,3,15,B,434,8.307041
ladder,3,15,B,435,8.283958
ladder,3,15,B,436,8.198792
ladder,3,15,B,437,8.379250
ladder,3,15,B,438,8.232208
ladder,3,15,B,439,8.360500
ladder,3,15,B,440,8.217292
ladder,3,15,B,441,8.279625
ladder,3,15,B,442,8.233750
ladder,3,15,B,443,8.267125
ladder,3,15,B,444,8.237291
ladder,3,15,B,445,8.286375
ladder,3,15,B,446,8.230958
ladder,3,15,B,447,8.270083
ladder,3,15,B,448,8.234958
ladder,3,15,B,449,8.290333
ladder,3,15,B,450,8.268375
ladder,3,15,B,451,8.262750
ladder,3,15,B,452,8.289375
ladder,3,15,B,453,8.255084
ladder,3,15,B,454,8.240041
ladder,3,15,B,455,8.282250
ladder,3,15,B,456,8.263083
ladder,3,15,B,457,8.265792
ladder,3,15,B,458,8.263666
ladder,3,15,B,459,8.272458
ladder,3,15,B,460,8.222708
ladder,3,15,B,461,8.300375
ladder,3,15,B,462,8.221667
ladder,3,15,B,463,8.272250
ladder,3,15,B,464,8.246625
ladder,3,15,B,465,8.261458
ladder,3,15,B,466,8.243542
ladder,3,15,B,467,8.241875
ladder,3,15,B,468,8.218375
ladder,3,15,B,469,8.259458
ladder,3,15,B,470,8.259042
ladder,3,15,B,471,8.280458
ladder,3,15,B,472,8.262625
ladder,3,15,B,473,8.281334
ladder,3,15,B,474,8.262333
ladder,3,15,B,475,8.257250
ladder,3,15,B,476,8.228750
ladder,3,15,B,477,8.305291
ladder,3,15,B,478,8.310583
ladder,3,15,B,479,8.328416
ladder,3,15,B,480,8.255125
ladder,3,15,B,481,8.341542
ladder,3,15,B,482,8.316625
ladder,3,15,B,483,8.324250
ladder,3,15,B,484,8.298709
ladder,3,15,B,485,8.264083
ladder,3,15,B,486,8.250250
ladder,3,15,B,487,8.293625
ladder,3,15,B,488,8.213167
ladder,3,15,B,489,8.297625
ladder,3,15,B,490,8.284625
ladder,3,15,B,491,8.283917
ladder,3,15,B,492,8.421625
ladder,3,15,B,493,8.359250
ladder,3,15,B,494,8.283292
ladder,3,15,B,495,8.336833
ladder,3,15,B,496,8.305292
ladder,3,15,B,497,8.221041
ladder,3,15,B,498,8.169167
ladder,3,15,B,499,8.198458
ladder,3,15,B,500,8.200459
ladder,3,15,B,501,8.273708
ladder,3,15,B,502,8.159292
ladder,3,15,B,503,8.195083
ladder,3,15,B,504,8.148375
ladder,3,15,B,505,8.178041
ladder,3,15,B,506,8.174917
ladder,3,15,B,507,8.196125
ladder,3,15,B,508,8.192166
ladder,3,15,B,509,8.196250
ladder,3,15,B,510,8.152083
ladder,3,15,B,511,8.243375
ladder,3,16,B,1,8.191291
ladder,3,16,B,2,8.136708
ladder,3,16,B,3,8.047834
ladder,3,16,B,4,8.046708
ladder,3,16,B,5,8.021209
ladder,3,16,B,6,7.998708
ladder,3,16,B,7,8.021209
ladder,3,16,B,8,8.147833
ladder,3,16,B,9,8.039250
ladder,3,16,B,10,8.015958
ladder,3,16,B,11,8.002750
ladder,3,16,B,12,7.985084
ladder,3,16,B,13,7.968000
ladder,3,16,B,14,8.007334
ladder,3,16,B,15,7.998875
ladder,3,16,B,16,7.995041
ladder,3,16,B,17,8.069375
ladder,3,16,B,18,8.110625
ladder,3,16,B,19,8.044542
ladder,3,16,B,20,8.067083
ladder,3,16,B,21,8.033084
ladder,3,16,B,22,8.050541
ladder,3,16,B,23,8.039750
ladder,3,16,B,24,8.081083
ladder,3,16,B,25,8.028208
ladder,3,16,B,26,8.021750
ladder,3,16,B,27,8.009959
ladder,3,16,B,28,8.030334
ladder,3,16,B,29,8.007916
ladder,3,16,B,30,8.037500
ladder,3,16,B,31,8.033291
ladder,3,16,B,32,8.129916
ladder,3,16,B,33,8.048958
ladder,3,16,B,34,8.120959
ladder,3,16,B,35,8.253250
ladder,3,16,B,36,8.547334
ladder,3,16,B,37,8.524541
ladder,3,16,B,38,8.630625
ladder,3,16,B,39,8.793167
ladder,3,16,B,40,8.704750
ladder,3,16,B,41,8.703167
ladder,3,16,B,42,8.774333
ladder,3,16,B,43,8.883375
ladder,3,16,B,44,8.824041
ladder,3,16,B,45,8.721625
ladder,3,16,B,46,8.853958
ladder,3,16,B,47,8.575083
ladder,3,16,B,48,8.525708
ladder,3,16,B,49,8.494958
ladder,3,16,B,50,8.616084
ladder,3,16,B,51,8.601167
ladder,3,16,B,52,8.422917
ladder,3,16,B,53,8.286541
ladder,3,16,B,54,8.339000
ladder,3,16,B,55,8.294916
ladder,3,16,B,56,8.385541
ladder,3,16,B,57,8.184750
ladder,3,16,B,58,8.324083
ladder,3,16,B,59,8.193541
ladder,3,16,B,60,8.277542
ladder,3,16,B,61,8.196750
ladder,3,16,B,62,8.190625
ladder,3,16,B,63,8.148334
ladder,3,16,B,64,8.167250
ladder,3,16,B,65,8.151291
ladder,3,16,B,66,8.169166
ladder,3,16,B,67,8.126875
ladder,3,16,B,68,8.224375
ladder,3,16,B,69,8.331000
ladder,3,16,B,70,8.190625
ladder,3,16,B,71,8.246959
ladder,3,16,B,72,8.255041
ladder,3,16,B,73,8.170416
ladder,3,16,B,74,8.173708
ladder,3,16,B,75,8.145667
ladder,3,16,B,76,8.227084
ladder,3,16,B,77,8.116791
ladder,3,16,B,78,8.181709
ladder,3,16,B,79,8.203417
ladder,3,16,B,80,8.216333
ladder,3,16,B,81,8.218250
ladder,3,16,B,82,8.208666
ladder,3,16,B,83,8.156250
ladder,3,16,B,84,8.228042
ladder,3,16,B,85,8.111125
ladder,3,16,B,86,8.147333
ladder,3,16,B,87,8.071333
ladder,3,16,B,88,8.119291
ladder,3,16,B,89,8.170500
ladder,3,16,B,90,8.222875
ladder,3,16,B,91,8.237750
ladder,3,16,B,92,8.217834
ladder,3,16,B,93,8.102000
ladder,3,16,B,94,8.205916
ladder,3,16,B,95,8.131792
ladder,3,16,B,96,8.084750
ladder,3,16,B,97,8.197750
ladder,3,16,B,98,8.171375
ladder,3,16,B,99,8.272417
ladder,3,16,B,100,8.319666
ladder,3,16,B,101,8.240333
ladder,3,16,B,102,8.134167
ladder,3,16,B,103,8.071208
ladder,3,16,B,104,8.327875
ladder,3,16,B,105,8.340084
ladder,3,16,B,106,8.265250
ladder,3,16,B,107,8.132334
ladder,3,16,B,108,8.061750
ladder,3,16,B,109,8.301792
ladder,3,16,B,110,8.285416
ladder,3,16,B,111,8.403500
ladder,3,16,B,112,8.321709
ladder,3,16,B,113,8.194917
ladder,3,16,B,114,8.093791
ladder,3,16,B,115,8.276625
ladder,3,16,B,116,8.294166
ladder,3,16,B,117,8.324791
ladder,3,16,B,118,8.222958
ladder,3,16,B,119,8.244250
ladder,3,16,B,120,8.368333
ladder,3,16,B,121,8.335166
ladder,3,16,B,122,8.175416
ladder,3,16,B,123,8.151792
ladder,3,16,B,124,8.272041
ladder,3,16,B,125,8.333042
ladder,3,16,B,126,8.522959
ladder,3,16,B,127,8.394583
ladder,3,16,B,128,8.377084
ladder,3,16,B,129,8.405375
ladder,3,16,B,130,8.511666
ladder,3,16,B,131,8.659458
ladder,3,16,B,132,8.668959
ladder,3,16,B,133,8.402375
ladder,3,16,B,134,8.416209
ladder,3,16,B,135,8.382834
ladder,3,16,B,136,8.400667
ladder,3,16,B,137,8.352417
ladder,3,16,B,138,8.391292
ladder,3,16,B,139,8.388917
ladder,3,16,B,140,8.393708
ladder,3,16,B,141,8.362625
ladder,3,16,B,142,8.374292
ladder,3,16,B,143,8.365542
ladder,3,16,B,144,8.428709
ladder,3,16,B,145,8.366458
ladder,3,16,B,146,8.369875
ladder,3,16,B,147,8.383334
ladder,3,16,B,148,8.394500
ladder,3,16,B,149,8.394958
ladder,3,16,B,150,8.408916
ladder,3,16,B,151,8.424666
ladder,3,16,B,152,8.450084
ladder,3,16,B,153,8.415500
ladder,3,16,B,154,8.421167
ladder,3,16,B,155,8.398500
ladder,3,16,B,156,8.451000
ladder,3,16,B,157,8.387500
ladder,3,16,B,158,8.418792
ladder,3,16,B,159,8.373500
ladder,3,16,B,160,8.438542
ladder,3,16,B,161,8.391750
ladder,3,16,B,162,8.435458
ladder,3,16,B,163,8.383209
ladder,3,16,B,164,8.437750
ladder,3,16,B,165,8.412959
ladder,3,16,B,166,8.428291
ladder,3,16,B,167,8.424125
ladder,3,16,B,168,8.446792
ladder,3,16,B,169,8.406458
ladder,3,16,B,170,8.433209
ladder,3,16,B,171,8.401209
ladder,3,16,B,172,8.446792
ladder,3,16,B,173,8.399041
ladder,3,16,B,174,8.434792
ladder,3,16,B,175,8.379916
ladder,3,16,B,176,8.429000
ladder,3,16,B,177,8.401083
ladder,3,16,B,178,8.427750
ladder,3,16,B,179,8.391459
ladder,3,16,B,180,8.409166
ladder,3,16,B,181,8.381792
ladder,3,16,B,182,8.432333
ladder,3,16,B,183,8.403500
ladder,3,16,B,184,8.467542
ladder,3,16,B,185,8.423625
ladder,3,16,B,186,8.443708
ladder,3,16,B,187,8.402708
ladder,3,16,B,188,8.425708
ladder,3,16,B,189,8.430959
ladder,3,16,B,190,8.415417
ladder,3,16,B,191,8.390208
ladder,3,16,B,192,8.435792
ladder,3,16,B,193,8.389208
ladder,3,16,B,194,8.438417
ladder,3,16,B,195,8.400375
ladder,3,16,B,196,8.458000
ladder,3,16,B,197,8.419375
ladder,3,16,B,198,8.426916
ladder,3,16,B,199,8.415541
ladder,3,16,B,200,8.456667
ladder,3,16,B,201,8.411916
ladder,3,16,B,202,8.429125
ladder,3,16,B,203,8.406875
ladder,3,16,B,204,8.463083
ladder,3,16,B,205,8.392792
ladder,3,16,B,206,8.449000
ladder,3,16,B,207,8.410625
ladder,3,16,B,208,8.441375
ladder,3,16,B,209,8.384542
ladder,3,16,B,210,8.419542
ladder,3,16,B,211,8.399834
ladder,3,16,B,212,8.417791
ladder,3,16,B,213,8.412917
ladder,3,16,B,214,8.431833
ladder,3,16,B,215,8.458833
ladder,3,16,B,216,8.464875
ladder,3,16,B,217,8.403375
ladder,3,16,B,218,8.651125
ladder,3,16,B,219,8.394166
ladder,3,16,B,220,8.345250
ladder,3,16,B,221,8.314125
ladder,3,16,B,222,8.334292
ladder,3,16,B,223,8.261084
ladder,3,16,B,224,8.401417
ladder,3,16,B,225,8.253125
ladder,3,16,B,226,8.357125
ladder,3,16,B,227,8.238166
ladder,3,16,B,228,8.315500
ladder,3,16,B,229,8.191708
ladder,3,16,B,230,8.234375
ladder,3,16,B,231,8.235750
ladder,3,16,B,232,8.226750
ladder,3,16,B,233,8.201667
ladder,3,16,B,234,8.247541
ladder,3,16,B,235,8.180916
ladder,3,16,B,236,8.218542
ladder,3,16,B,237,8.182500
ladder,3,16,B,238,8.211208
ladder,3,16,B,239,8.195209
ladder,3,16,B,240,8.216750
ladder,3,16,B,241,8.167917
ladder,3,16,B,242,8.211875
ladder,3,16,B,243,8.201083
ladder,3,16,B,244,8.211750
ladder,3,16,B,245,8.195583
ladder,3,16,B,246,8.180333
ladder,3,16,B,247,8.202334
ladder,3,16,B,248,8.196875
ladder,3,16,B,249,8.189625
ladder,3,16,B,250,8.177292
ladder,3,16,B,251,8.167125
ladder,3,16,B,252,8.167000
ladder,3,16,B,253,8.186417
ladder,3,16,B,254,8.184875
ladder,3,16,B,255,8.177750
ladder,3,16,B,256,8.975041
ladder,3,16,B,257,8.257459
ladder,3,16,B,258,8.207708
ladder,3,16,B,259,8.201917
ladder,3,16,B,260,8.188667
ladder,3,16,B,261,8.183958
ladder,3,16,B,262,8.213750
ladder,3,16,B,263,8.179875
ladder,3,16,B,264,8.192500
ladder,3,16,B,265,8.174125
ladder,3,16,B,266,8.166958
ladder,3,16,B,267,8.201417
ladder,3,16,B,268,8.181875
ladder,3,16,B,269,8.190833
ladder,3,16,B,270,8.192417
ladder,3,16,B,271,8.194375
ladder,3,16,B,272,8.145792
ladder,3,16,B,273,8.223500
ladder,3,16,B,274,8.190416
ladder,3,16,B,275,8.262250
ladder,3,16,B,276,8.168166
ladder,3,16,B,277,8.221375
ladder,3,16,B,278,8.206708
ladder,3,16,B,279,8.227042
ladder,3,16,B,280,8.243916
ladder,3,16,B,281,8.238292
ladder,3,16,B,282,8.210917
ladder,3,16,B,283,8.251708
ladder,3,16,B,284,8.186458
ladder,3,16,B,285,8.213750
ladder,3,16,B,286,8.203208
ladder,3,16,B,287,8.239000
ladder,3,16,B,288,8.191791
ladder,3,16,B,289,8.246333
ladder,3,16,B,290,8.210625
ladder,3,16,B,291,8.250625
ladder,3,16,B,292,8.239250
ladder,3,16,B,293,8.246208
ladder,3,16,B,294,8.184292
ladder,3,16,B,295,8.308458
ladder,3,16,B,296,8.199291
ladder,3,16,B,297,8.230750
ladder,3,16,B,298,8.194250
ladder,3,16,B,299,8.242375
ladder,3,16,B,300,8.187417
ladder,3,16,B,301,8.241750
ladder,3,16,B,302,8.192500
ladder,3,16,B,303,8.240500
ladder,3,16,B,304,8.199166
ladder,3,16,B,305,8.239000
ladder,3,16,B,306,8.198208
ladder,3,16,B,307,8.229750
ladder,3,16,B,308,8.199833
ladder,3,16,B,309,8.210208
ladder,3,16,B,310,8.197042
ladder,3,16,B,311,8.226416
ladder,3,16,B,312,8.211875
ladder,3,16,B,313,8.229209
ladder,3,16,B,314,8.224750
ladder,3,16,B,315,8.233583
ladder,3,16,B,316,8.214709
ladder,3,16,B,317,8.204417
ladder,3,16,B,318,8.207167
ladder,3,16,B,319,8.221083
ladder,3,16,B,320,8.207500
ladder,3,16,B,321,8.238542
ladder,3,16,B,322,8.181667
ladder,3,16,B,323,8.232416
ladder,3,16,B,324,8.213709
ladder,3,16,B,325,8.206167
ladder,3,16,B,326,8.208083
ladder,3,16,B,327,8.237542
ladder,3,16,B,328,8.212875
ladder,3,16,B,329,8.194625
ladder,3,16,B,330,8.253667
ladder,3,16,B,331,8.210625
ladder,3,16,B,332,8.222709
ladder,3,16,B,333,8.215375
ladder,3,16,B,334,8.222625
ladder,3,16,B,335,8.188500
ladder,3,16,B,336,8.210000
ladder,3,16,B,337,8.219125
ladder,3,16,B,338,8.236542
ladder,3,16,B,339,8.190667
ladder,3,16,B,340,8.226041
ladder,3,16,B,341,8.202625
ladder,3,16,B,342,8.236667
ladder,3,16,B,343,8.223833
ladder,3,16,B,344,8.215416
ladder,3,16,B,345,8.202416
ladder,3,16,B,346,8.249292
ladder,3,16,B,347,8.208084
ladder,3,16,B,348,8.234125
ladder,3,16,B,349,8.201541
ladder,3,16,B,350,8.234000
ladder,3,16,B,351,8.195542
ladder,3,16,B,352,8.220459
ladder,3,16,B,353,8.229958
ladder,3,16,B,354,8.244166
ladder,3,16,B,355,8.206792
ladder,3,16,B,356,8.239583
ladder,3,16,B,357,8.237041
ladder,3,16,B,358,8.271250
ladder,3,16,B,359,8.203208
ladder,3,16,B,360,8.249208
ladder,3,16,B,361,8.189833
ladder,3,16,B,362,8.264625
ladder,3,16,B,363,8.220000
ladder,3,16,B,364,8.292416
ladder,3,16,B,365,8.217167
ladder,3,16,B,366,8.284083
ladder,3,16,B,367,8.229250
ladder,3,16,B,368,8.263917
ladder,3,16,B,369,8.316750
ladder,3,16,B,370,8.216625
ladder,3,16,B,371,8.203625
ladder,3,16,B,372,8.307083
ladder,3,16,B,373,8.226584
ladder,3,16,B,374,8.223167
ladder,3,16,B,375,8.230833
ladder,3,16,B,376,8.240666
ladder,3,16,B,377,8.213166
ladder,3,16,B,378,8.236542
ladder,3,16,B,379,8.211458
ladder,3,16,B,380,8.225333
ladder,3,16,B,381,8.220959
ladder,3,16,B,382,8.248250
ladder,3,16,B,383,8.223042
ladder,3,16,B,384,8.230459
ladder,3,16,B,385,8.231583
ladder,3,16,B,386,8.239375
ladder,3,16,B,387,8.232083
ladder,3,16,B,388,8.202375
ladder,3,16,B,389,8.215292
ladder,3,16,B,390,8.244167
ladder,3,16,B,391,8.201916
ladder,3,16,B,392,8.214625
ladder,3,16,B,393,8.214750
ladder,3,16,B,394,8.253500
ladder,3,16,B,395,8.208542
ladder,3,16,B,396,8.233875
ladder,3,16,B,397,8.221917
ladder,3,16,B,398,8.270875
ladder,3,16,B,399,8.232792
ladder,3,16,B,400,8.314000
ladder,3,16,B,401,8.216750
ladder,3,16,B,402,8.256125
ladder,3,16,B,403,8.236667
ladder,3,16,B,404,8.256791
ladder,3,16,B,405,8.222583
ladder,3,16,B,406,8.243292
ladder,3,16,B,407,8.222916
ladder,3,16,B,408,8.229917
ladder,3,16,B,409,8.214250
ladder,3,16,B,410,8.217792
ladder,3,16,B,411,8.228959
ladder,3,16,B,412,8.246041
ladder,3,16,B,413,8.211458
ladder,3,16,B,414,8.270834
ladder,3,16,B,415,8.247583
ladder,3,16,B,416,8.245834
ladder,3,16,B,417,8.247167
ladder,3,16,B,418,8.255250
ladder,3,16,B,419,8.241875
ladder,3,16,B,420,8.228291
ladder,3,16,B,421,8.241417
ladder,3,16,B,422,8.231750
ladder,3,16,B,423,8.245667
ladder,3,16,B,424,8.258042
ladder,3,16,B,425,8.264375
ladder,3,16,B,426,8.223709
ladder,3,16,B,427,8.263541
ladder,3,16,B,428,8.218292
ladder,3,16,B,429,8.252417
ladder,3,16,B,430,8.224792
ladder,3,16,B,431,8.269166
ladder,3,16,B,432,8.243166
ladder,3,16,B,433,8.240459
ladder,3,16,B,434,8.228333
ladder,3,16,B,435,8.275875
ladder,3,16,B,436,8.231000
ladder,3,16,B,437,8.273750
ladder,3,16,B,438,8.235583
ladder,3,16,B,439,8.244209
ladder,3,16,B,440,8.238792
ladder,3,16,B,441,8.275917
ladder,3,16,B,442,8.246542
ladder,3,16,B,443,8.270041
ladder,3,16,B,444,8.266708
ladder,3,16,B,445,8.258625
ladder,3,16,B,446,8.234917
ladder,3,16,B,447,8.310792
ladder,3,16,B,448,8.233166
ladder,3,16,B,449,8.291000
ladder,3,16,B,450,8.237583
ladder,3,16,B,451,8.303333
ladder,3,16,B,452,8.258791
ladder,3,16,B,453,8.295541
ladder,3,16,B,454,8.238875
ladder,3,16,B,455,8.261459
ladder,3,16,B,456,8.269209
ladder,3,16,B,457,8.284458
ladder,3,16,B,458,8.269125
ladder,3,16,B,459,8.319708
ladder,3,16,B,460,8.244000
ladder,3,16,B,461,8.278167
ladder,3,16,B,462,8.242167
ladder,3,16,B,463,8.389334
ladder,3,16,B,464,8.239333
ladder,3,16,B,465,8.384542
ladder,3,16,B,466,8.235500
ladder,3,16,B,467,8.289041
ladder,3,16,B,468,8.314208
ladder,3,16,B,469,8.286125
ladder,3,16,B,470,8.233000
ladder,3,16,B,471,8.328250
ladder,3,16,B,472,8.252541
ladder,3,16,B,473,8.393375
ladder,3,16,B,474,8.218792
ladder,3,16,B,475,8.316500
ladder,3,16,B,476,8.246084
ladder,3,16,B,477,8.287084
ladder,3,16,B,478,8.251209
ladder,3,16,B,479,8.301208
ladder,3,16,B,480,8.256708
ladder,3,16,B,481,8.297958
ladder,3,16,B,482,8.253667
ladder,3,16,B,483,8.329875
ladder,3,16,B,484,8.255917
ladder,3,16,B,485,8.285167
ladder,3,16,B,486,8.240958
ladder,3,16,B,487,8.276042
ladder,3,16,B,488,8.239667
ladder,3,16,B,489,8.288667
ladder,3,16,B,490,8.222000
ladder,3,16,B,491,8.282917
ladder,3,16,B,492,8.237209
ladder,3,16,B,493,8.266250
ladder,3,16,B,494,8.277792
ladder,3,16,B,495,8.280625
ladder,3,16,B,496,8.264083
ladder,3,16,B,497,8.273792
ladder,3,16,B,498,8.260459
ladder,3,16,B,499,8.252875
ladder,3,16,B,500,8.271583
ladder,3,16,B,501,8.266292
ladder,3,16,B,502,8.269500
ladder,3,16,B,503,8.264625
ladder,3,16,B,504,8.224792
ladder,3,16,B,505,8.276541
ladder,3,16,B,506,8.251583
ladder,3,16,B,507,8.251208
ladder,3,16,B,508,8.281583
ladder,3,16,B,509,8.238000
ladder,3,16,B,510,8.252875
ladder,3,16,B,511,8.253042
ladder,3,17,A,1,8.225625
ladder,3,17,A,2,8.139833
ladder,3,17,A,3,8.117083
ladder,3,17,A,4,8.106416
ladder,3,17,A,5,8.083375
ladder,3,17,A,6,8.121500
ladder,3,17,A,7,8.074458
ladder,3,17,A,8,8.182125
ladder,3,17,A,9,8.190875
ladder,3,17,A,10,8.139542
ladder,3,17,A,11,8.052250
ladder,3,17,A,12,8.137375
ladder,3,17,A,13,8.082250
ladder,3,17,A,14,8.116667
ladder,3,17,A,15,8.082417
ladder,3,17,A,16,7.996834
ladder,3,17,A,17,8.043542
ladder,3,17,A,18,7.977583
ladder,3,17,A,19,7.970959
ladder,3,17,A,20,8.054541
ladder,3,17,A,21,7.939291
ladder,3,17,A,22,7.985083
ladder,3,17,A,23,7.921834
ladder,3,17,A,24,7.952125
ladder,3,17,A,25,7.921542
ladder,3,17,A,26,7.957125
ladder,3,17,A,27,7.915666
ladder,3,17,A,28,7.959584
ladder,3,17,A,29,7.938834
ladder,3,17,A,30,8.037250
ladder,3,17,A,31,8.117000
ladder,3,17,A,32,7.970417
ladder,3,17,A,33,7.949375
ladder,3,17,A,34,7.928375
ladder,3,17,A,35,8.054625
ladder,3,17,A,36,8.076375
ladder,3,17,A,37,8.071708
ladder,3,17,A,38,7.951500
ladder,3,17,A,39,8.017959
ladder,3,17,A,40,8.047917
ladder,3,17,A,41,8.010291
ladder,3,17,A,42,7.981917
ladder,3,17,A,43,8.029583
ladder,3,17,A,44,8.013417
ladder,3,17,A,45,8.036500
ladder,3,17,A,46,8.007250
ladder,3,17,A,47,7.997917
ladder,3,17,A,48,8.039791
ladder,3,17,A,49,7.943542
ladder,3,17,A,50,7.923250
ladder,3,17,A,51,7.931166
ladder,3,17,A,52,7.937125
ladder,3,17,A,53,7.956000
ladder,3,17,A,54,7.966000
ladder,3,17,A,55,7.934708
ladder,3,17,A,56,7.923250
ladder,3,17,A,57,7.932583
ladder,3,17,A,58,7.929791
ladder,3,17,A,59,7.918208
ladder,3,17,A,60,7.918959
ladder,3,17,A,61,7.909958
ladder,3,17,A,62,8.009000
ladder,3,17,A,63,8.037167
ladder,3,17,A,64,7.934625
ladder,3,17,A,65,7.960500
ladder,3,17,A,66,7.998875
ladder,3,17,A,67,7.981125
ladder,3,17,A,68,7.985875
ladder,3,17,A,69,7.925792
ladder,3,17,A,70,7.975875
ladder,3,17,A,71,8.057459
ladder,3,17,A,72,8.303041
ladder,3,17,A,73,8.185459
ladder,3,17,A,74,8.140875
ladder,3,17,A,75,8.072708
ladder,3,17,A,76,8.166416
ladder,3,17,A,77,8.104042
ladder,3,17,A,78,8.131875
ladder,3,17,A,79,8.059459
ladder,3,17,A,80,8.131959
ladder,3,17,A,81,8.148000
ladder,3,17,A,82,8.287042
ladder,3,17,A,83,8.245208
ladder,3,17,A,84,8.288541
ladder,3,17,A,85,8.247000
ladder,3,17,A,86,8.271250
ladder,3,17,A,87,8.188750
ladder,3,17,A,88,8.178625
ladder,3,17,A,89,8.042917
ladder,3,17,A,90,8.004541
ladder,3,17,A,91,7.968958
ladder,3,17,A,92,7.970292
ladder,3,17,A,93,8.000333
ladder,3,17,A,94,7.935166
ladder,3,17,A,95,8.006625
ladder,3,17,A,96,7.941125
ladder,3,17,A,97,7.975292
ladder,3,17,A,98,7.949416
ladder,3,17,A,99,7.990959
ladder,3,17,A,100,7.941542
ladder,3,17,A,101,8.009417
ladder,3,17,A,102,7.963792
ladder,3,17,A,103,8.073417
ladder,3,17,A,104,8.139958
ladder,3,17,A,105,8.019875
ladder,3,17,A,106,7.967209
ladder,3,17,A,107,8.051375
ladder,3,17,A,108,7.946041
ladder,3,17,A,109,7.982292
ladder,3,17,A,110,7.953167
ladder,3,17,A,111,7.981833
ladder,3,17,A,112,7.958750
ladder,3,17,A,113,7.971708
ladder,3,17,A,114,7.960000
ladder,3,17,A,115,7.951833
ladder,3,17,A,116,7.969667
ladder,3,17,A,117,7.937250
ladder,3,17,A,118,7.997917
ladder,3,17,A,119,7.944416
ladder,3,17,A,120,8.080709
ladder,3,17,A,121,8.016250
ladder,3,17,A,122,8.087042
ladder,3,17,A,123,8.107458
ladder,3,17,A,124,8.020500
ladder,3,17,A,125,7.942625
ladder,3,17,A,126,7.995292
ladder,3,17,A,127,7.973292
ladder,3,17,A,128,8.158958
ladder,3,17,A,129,8.118708
ladder,3,17,A,130,8.131459
ladder,3,17,A,131,8.099792
ladder,3,17,A,132,8.103000
ladder,3,17,A,133,8.089792
ladder,3,17,A,134,8.176041
ladder,3,17,A,135,8.164959
ladder,3,17,A,136,8.290125
ladder,3,17,A,137,8.092917
ladder,3,17,A,138,8.126291
ladder,3,17,A,139,8.100250
ladder,3,17,A,140,8.082583
ladder,3,17,A,141,8.138958
ladder,3,17,A,142,8.053833
ladder,3,17,A,143,8.134583
ladder,3,17,A,144,8.090792
ladder,3,17,A,145,8.136959
ladder,3,17,A,146,8.102625
ladder,3,17,A,147,8.125667
ladder,3,17,A,148,8.121458
ladder,3,17,A,149,8.139542
ladder,3,17,A,150,8.088584
ladder,3,17,A,151,8.160208
ladder,3,17,A,152,8.081292
ladder,3,17,A,153,8.153833
ladder,3,17,A,154,8.135708
ladder,3,17,A,155,8.132709
ladder,3,17,A,156,8.090542
ladder,3,17,A,157,8.151791
ladder,3,17,A,158,8.118167
ladder,3,17,A,159,8.124416
ladder,3,17,A,160,8.115709
ladder,3,17,A,161,8.156916
ladder,3,17,A,162,8.079292
ladder,3,17,A,163,8.104250
ladder,3,17,A,164,8.109958
ladder,3,17,A,165,8.102458
ladder,3,17,A,166,8.124792
ladder,3,17,A,167,8.110792
ladder,3,17,A,168,8.104000
ladder,3,17,A,169,8.106083
ladder,3,17,A,170,8.123583
ladder,3,17,A,171,8.134500
ladder,3,17,A,172,8.090709
ladder,3,17,A,173,8.100458
ladder,3,17,A,174,8.100958
ladder,3,17,A,175,8.103750
ladder,3,17,A,176,8.082209
ladder,3,17,A,177,8.103083
ladder,3,17,A,178,8.106667
ladder,3,17,A,179,8.109083
ladder,3,17,A,180,8.105958
ladder,3,17,A,181,8.172459
ladder,3,17,A,182,8.118208
ladder,3,17,A,183,8.082125
ladder,3,17,A,184,8.095333
ladder,3,17,A,185,8.088333
ladder,3,17,A,186,8.160083
ladder,3,17,A,187,8.111916
ladder,3,17,A,188,8.118292
ladder,3,17,A,189,8.121417
ladder,3,17,A,190,8.146417
ladder,3,17,A,191,8.131042
ladder,3,17,A,192,8.202292
ladder,3,17,A,193,8.123625
ladder,3,17,A,194,8.162208
ladder,3,17,A,195,8.089833
ladder,3,17,A,196,8.192000
ladder,3,17,A,197,8.102792
ladder,3,17,A,198,8.165208
ladder,3,17,A,199,8.090458
ladder,3,17,A,200,8.172417
ladder,3,17,A,201,8.135459
ladder,3,17,A,202,8.154042
ladder,3,17,A,203,8.106750
ladder,3,17,A,204,8.164875
ladder,3,17,A,205,8.134708
ladder,3,17,A,206,8.171125
ladder,3,17,A,207,8.137042
ladder,3,17,A,208,8.103791
ladder,3,17,A,209,8.132583
ladder,3,17,A,210,8.156542
ladder,3,17,A,211,8.128083
ladder,3,17,A,212,8.101584
ladder,3,17,A,213,8.122500
ladder,3,17,A,214,8.150000
ladder,3,17,A,215,8.137625
ladder,3,17,A,216,8.120125
ladder,3,17,A,217,8.143375
ladder,3,17,A,218,8.152042
ladder,3,17,A,219,8.157542
ladder,3,17,A,220,8.163000
ladder,3,17,A,221,8.148709
ladder,3,17,A,222,8.136042
ladder,3,17,A,223,8.152292
ladder,3,17,A,224,8.152084
ladder,3,17,A,225,8.176917
ladder,3,17,A,226,8.143667
ladder,3,17,A,227,8.180334
ladder,3,17,A,228,8.176500
ladder,3,17,A,229,8.192875
ladder,3,17,A,230,8.185084
ladder,3,17,A,231,8.141833
ladder,3,17,A,232,8.127708
ladder,3,17,A,233,8.175125
ladder,3,17,A,234,8.151417
ladder,3,17,A,235,8.184416
ladder,3,17,A,236,8.148333
ladder,3,17,A,237,8.202333
ladder,3,17,A,238,8.155084
ladder,3,17,A,239,8.175625
ladder,3,17,A,240,8.153083
ladder,3,17,A,241,8.207166
ladder,3,17,A,242,8.165542
ladder,3,17,A,243,8.243166
ladder,3,17,A,244,8.178208
ladder,3,17,A,245,8.226250
ladder,3,17,A,246,8.159958
ladder,3,17,A,247,8.153958
ladder,3,17,A,248,8.149875
ladder,3,17,A,249,8.164667
ladder,3,17,A,250,8.167625
ladder,3,17,A,251,8.222625
ladder,3,17,A,252,8.147625
ladder,3,17,A,253,8.156583
ladder,3,17,A,254,8.157667
ladder,3,17,A,255,8.191334
ladder,3,17,A,256,8.916500
ladder,3,17,A,257,8.308000
ladder,3,17,A,258,8.205000
ladder,3,17,A,259,8.185750
ladder,3,17,A,260,8.161875
ladder,3,17,A,261,8.208458
ladder,3,17,A,262,8.147916
ladder,3,17,A,263,8.197125
ladder,3,17,A,264,8.144084
ladder,3,17,A,265,8.187625
ladder,3,17,A,266,8.165959
ladder,3,17,A,267,8.167833
ladder,3,17,A,268,8.147250
ladder,3,17,A,269,8.178792
ladder,3,17,A,270,8.157875
ladder,3,17,A,271,8.166042
ladder,3,17,A,272,8.146834
ladder,3,17,A,273,8.169584
ladder,3,17,A,274,8.184292
ladder,3,17,A,275,8.182875
ladder,3,17,A,276,8.202375
ladder,3,17,A,277,8.172125
ladder,3,17,A,278,8.186834
ladder,3,17,A,279,8.171917
ladder,3,17,A,280,8.199250
ladder,3,17,A,281,8.156000
ladder,3,17,A,282,8.163959
ladder,3,17,A,283,8.143458
ladder,3,17,A,284,8.190708
ladder,3,17,A,285,8.158333
ladder,3,17,A,286,8.166875
ladder,3,17,A,287,8.171375
ladder,3,17,A,288,8.173375
ladder,3,17,A,289,8.167500
ladder,3,17,A,290,8.165750
ladder,3,17,A,291,8.140833
ladder,3,17,A,292,8.159250
ladder,3,17,A,293,8.186959
ladder,3,17,A,294,8.183667
ladder,3,17,A,295,8.158583
ladder,3,17,A,296,8.192666
ladder,3,17,A,297,8.248584
ladder,3,17,A,298,8.176709
ladder,3,17,A,299,8.171958
ladder,3,17,A,300,8.195541
ladder,3,17,A,301,8.114375
ladder,3,17,A,302,8.179583
ladder,3,17,A,303,8.161708
ladder,3,17,A,304,8.146959
ladder,3,17,A,305,8.123583
ladder,3,17,A,306,8.119584
ladder,3,17,A,307,8.202542
ladder,3,17,A,308,8.169375
ladder,3,17,A,309,8.169167
ladder,3,17,A,310,8.168750
ladder,3,17,A,311,8.154208
ladder,3,17,A,312,8.192292
ladder,3,17,A,313,8.206916
ladder,3,17,A,314,8.252208
ladder,3,17,A,315,8.198875
ladder,3,17,A,316,8.205791
ladder,3,17,A,317,8.144291
ladder,3,17,A,318,8.196000
ladder,3,17,A,319,8.157125
ladder,3,17,A,320,8.194917
ladder,3,17,A,321,8.170208
ladder,3,17,A,322,8.213667
ladder,3,17,A,323,8.216875
ladder,3,17,A,324,8.198292
ladder,3,17,A,325,8.189250
ladder,3,17,A,326,8.222833
ladder,3,17,A,327,8.179833
ladder,3,17,A,328,8.198458
ladder,3,17,A,329,8.178250
ladder,3,17,A,330,8.203250
ladder,3,17,A,331,8.207625
ladder,3,17,A,332,8.154250
ladder,3,17,A,333,8.183542
ladder,3,17,A,334,8.181541
ladder,3,17,A,335,8.196208
ladder,3,17,A,336,8.271584
ladder,3,17,A,337,8.186167
ladder,3,17,A,338,8.187167
ladder,3,17,A,339,8.213541
ladder,3,17,A,340,8.178167
ladder,3,17,A,341,8.201375
ladder,3,17,A,342,8.220458
ladder,3,17,A,343,8.247209
ladder,3,17,A,344,8.205459
ladder,3,17,A,345,8.215625
ladder,3,17,A,346,8.176583
ladder,3,17,A,347,8.220334
ladder,3,17,A,348,8.170792
ladder,3,17,A,349,8.206916
ladder,3,17,A,350,8.175541
ladder,3,17,A,351,8.244708
ladder,3,17,A,352,8.200917
ladder,3,17,A,353,8.235000
ladder,3,17,A,354,8.187166
ladder,3,17,A,355,8.342417
ladder,3,17,A,356,8.170959
ladder,3,17,A,357,8.242167
ladder,3,17,A,358,8.193042
ladder,3,17,A,359,8.252125
ladder,3,17,A,360,8.167000
ladder,3,17,A,361,8.270083
ladder,3,17,A,362,8.195041
ladder,3,17,A,363,8.248750
ladder,3,17,A,364,8.175042
ladder,3,17,A,365,8.233125
ladder,3,17,A,366,8.186792
ladder,3,17,A,367,8.241125
ladder,3,17,A,368,8.204291
ladder,3,17,A,369,8.205583
ladder,3,17,A,370,8.186250
ladder,3,17,A,371,8.233416
ladder,3,17,A,372,8.217416
ladder,3,17,A,373,8.221875
ladder,3,17,A,374,8.204000
ladder,3,17,A,375,8.232834
ladder,3,17,A,376,8.191041
ladder,3,17,A,377,8.216291
ladder,3,17,A,378,8.205958
ladder,3,17,A,379,8.229625
ladder,3,17,A,380,8.200334
ladder,3,17,A,381,8.212541
ladder,3,17,A,382,8.211042
ladder,3,17,A,383,8.226042
ladder,3,17,A,384,8.113500
ladder,3,17,A,385,8.100875
ladder,3,17,A,386,8.044458
ladder,3,17,A,387,8.136875
ladder,3,17,A,388,8.043000
ladder,3,17,A,389,8.061125
ladder,3,17,A,390,8.040208
ladder,3,17,A,391,8.256250
ladder,3,17,A,392,8.109583
ladder,3,17,A,393,8.082000
ladder,3,17,A,394,8.039666
ladder,3,17,A,395,8.058833
ladder,3,17,A,396,8.036792
ladder,3,17,A,397,8.090000
ladder,3,17,A,398,8.060750
ladder,3,17,A,399,8.061958
ladder,3,17,A,400,8.073833
ladder,3,17,A,401,8.010042
ladder,3,17,A,402,8.218833
ladder,3,17,A,403,8.071208
ladder,3,17,A,404,8.195833
ladder,3,17,A,405,8.175500
ladder,3,17,A,406,8.086500
ladder,3,17,A,407,8.017250
ladder,3,17,A,408,8.063958
ladder,3,17,A,409,8.015875
ladder,3,17,A,410,8.067667
ladder,3,17,A,411,8.025292
ladder,3,17,A,412,8.036042
ladder,3,17,A,413,8.019292
ladder,3,17,A,414,8.076792
ladder,3,17,A,415,8.024292
ladder,3,17,A,416,8.033875
ladder,3,17,A,417,8.020041
ladder,3,17,A,418,8.035667
ladder,3,17,A,419,8.051292
ladder,3,17,A,420,8.047667
ladder,3,17,A,421,8.026125
ladder,3,17,A,422,8.034583
ladder,3,17,A,423,8.041416
ladder,3,17,A,424,8.193375
ladder,3,17,A,425,8.205417
ladder,3,17,A,426,8.175083
ladder,3,17,A,427,8.142083
ladder,3,17,A,428,8.042458
ladder,3,17,A,429,8.034292
ladder,3,17,A,430,8.147708
ladder,3,17,A,431,8.204125
ladder,3,17,A,432,8.205792
ladder,3,17,A,433,8.158916
ladder,3,17,A,434,8.130584
ladder,3,17,A,435,8.092917
ladder,3,17,A,436,8.044666
ladder,3,17,A,437,8.069292
ladder,3,17,A,438,8.081375
ladder,3,17,A,439,8.101208
ladder,3,17,A,440,8.038417
ladder,3,17,A,441,8.091792
ladder,3,17,A,442,8.066792
ladder,3,17,A,443,8.093917
ladder,3,17,A,444,8.139167
ladder,3,17,A,445,8.107625
ladder,3,17,A,446,8.049500
ladder,3,17,A,447,8.136875
ladder,3,17,A,448,8.056625
ladder,3,17,A,449,8.071208
ladder,3,17,A,450,8.040584
ladder,3,17,A,451,8.107042
ladder,3,17,A,452,8.100625
ladder,3,17,A,453,8.074875
ladder,3,17,A,454,8.030083
ladder,3,17,A,455,8.079625
ladder,3,17,A,456,8.037500
ladder,3,17,A,457,8.107416
ladder,3,17,A,458,8.059625
ladder,3,17,A,459,8.091000
ladder,3,17,A,460,8.052208
ladder,3,17,A,461,8.192666
ladder,3,17,A,462,8.172125
ladder,3,17,A,463,8.087667
ladder,3,17,A,464,8.245166
ladder,3,17,A,465,8.205833
ladder,3,17,A,466,8.201458
ladder,3,17,A,467,8.192167
ladder,3,17,A,468,8.083584
ladder,3,17,A,469,8.063750
ladder,3,17,A,470,8.335208
ladder,3,17,A,471,8.208500
ladder,3,17,A,472,8.158167
ladder,3,17,A,473,8.158958
ladder,3,17,A,474,8.152125
ladder,3,17,A,475,8.043917
ladder,3,17,A,476,8.143209
ladder,3,17,A,477,8.046792
ladder,3,17,A,478,8.178250
ladder,3,17,A,479,8.051625
ladder,3,17,A,480,8.097375
ladder,3,17,A,481,8.043583
ladder,3,17,A,482,8.119875
ladder,3,17,A,483,8.060334
ladder,3,17,A,484,8.104958
ladder,3,17,A,485,8.060250
ladder,3,17,A,486,8.087667
ladder,3,17,A,487,8.063500
ladder,3,17,A,488,8.095958
ladder,3,17,A,489,8.055750
ladder,3,17,A,490,8.092417
ladder,3,17,A,491,8.250875
ladder,3,17,A,492,8.250375
ladder,3,17,A,493,8.180584
ladder,3,17,A,494,8.103542
ladder,3,17,A,495,8.114750
ladder,3,17,A,496,8.258500
ladder,3,17,A,497,8.232000
ladder,3,17,A,498,8.166959
ladder,3,17,A,499,8.197333
ladder,3,17,A,500,8.247333
ladder,3,17,A,501,8.214583
ladder,3,17,A,502,8.108875
ladder,3,17,A,503,8.199292
ladder,3,17,A,504,8.237667
ladder,3,17,A,505,8.190917
ladder,3,17,A,506,8.171459
ladder,3,17,A,507,8.088000
ladder,3,17,A,508,8.196917
ladder,3,17,A,509,8.270000
ladder,3,17,A,510,8.197375
ladder,3,17,A,511,8.207209
ladder,3,18,D,1,8.266333
ladder,3,18,D,2,8.157916
ladder,3,18,D,3,8.171167
ladder,3,18,D,4,8.145875
ladder,3,18,D,5,8.164583
ladder,3,18,D,6,8.135459
ladder,3,18,D,7,8.153250
ladder,3,18,D,8,8.114042
ladder,3,18,D,9,8.157833
ladder,3,18,D,10,8.137917
ladder,3,18,D,11,8.135250
ladder,3,18,D,12,8.139208
ladder,3,18,D,13,8.175750
ladder,3,18,D,14,8.168375
ladder,3,18,D,15,8.163667
ladder,3,18,D,16,8.139792
ladder,3,18,D,17,8.119917
ladder,3,18,D,18,8.145125
ladder,3,18,D,19,8.157333
ladder,3,18,D,20,8.169083
ladder,3,18,D,21,8.121375
ladder,3,18,D,22,8.149500
ladder,3,18,D,23,8.139125
ladder,3,18,D,24,8.138917
ladder,3,18,D,25,8.107084
ladder,3,18,D,26,8.129875
ladder,3,18,D,27,8.139000
ladder,3,18,D,28,8.143583
ladder,3,18,D,29,8.127125
ladder,3,18,D,30,8.146625
ladder,3,18,D,31,8.157583
ladder,3,18,D,32,8.156666
ladder,3,18,D,33,8.150542
ladder,3,18,D,34,8.151750
ladder,3,18,D,35,8.154458
ladder,3,18,D,36,8.214667
ladder,3,18,D,37,8.135291
ladder,3,18,D,38,8.155000
ladder,3,18,D,39,8.175750
ladder,3,18,D,40,8.139709
ladder,3,18,D,41,8.134958
ladder,3,18,D,42,8.130334
ladder,3,18,D,43,8.159000
ladder,3,18,D,44,8.145083
ladder,3,18,D,45,8.148875
ladder,3,18,D,46,8.137459
ladder,3,18,D,47,8.134792
ladder,3,18,D,48,8.147708
ladder,3,18,D,49,8.112875
ladder,3,18,D,50,8.156084
ladder,3,18,D,51,8.147791
ladder,3,18,D,52,8.159500
ladder,3,18,D,53,8.159625
ladder,3,18,D,54,8.157959
ladder,3,18,D,55,8.157083
ladder,3,18,D,56,8.158709
ladder,3,18,D,57,8.158750
ladder,3,18,D,58,8.152375
ladder,3,18,D,59,8.158916
ladder,3,18,D,60,8.166709
ladder,3,18,D,61,8.159917
ladder,3,18,D,62,8.157292
ladder,3,18,D,63,8.147750
ladder,3,18,D,64,8.168208
ladder,3,18,D,65,8.169958
ladder,3,18,D,66,8.131791
ladder,3,18,D,67,8.149167
ladder,3,18,D,68,8.149667
ladder,3,18,D,69,8.148542
ladder,3,18,D,70,8.166708
ladder,3,18,D,71,8.171375
ladder,3,18,D,72,8.146000
ladder,3,18,D,73,8.164292
ladder,3,18,D,74,8.146458
ladder,3,18,D,75,8.201917
ladder,3,18,D,76,8.155500
ladder,3,18,D,77,8.188333
ladder,3,18,D,78,8.181417
ladder,3,18,D,79,8.199792
ladder,3,18,D,80,8.169458
ladder,3,18,D,81,8.194166
ladder,3,18,D,82,8.223959
ladder,3,18,D,83,8.201750
ladder,3,18,D,84,8.133125
ladder,3,18,D,85,8.185583
ladder,3,18,D,86,8.159667
ladder,3,18,D,87,8.187208
ladder,3,18,D,88,8.228292
ladder,3,18,D,89,8.317708
ladder,3,18,D,90,8.194833
ladder,3,18,D,91,8.194625
ladder,3,18,D,92,8.183708
ladder,3,18,D,93,8.199791
ladder,3,18,D,94,8.168375
ladder,3,18,D,95,8.201417
ladder,3,18,D,96,8.179625
ladder,3,18,D,97,8.189750
ladder,3,18,D,98,8.159291
ladder,3,18,D,99,8.211125
ladder,3,18,D,100,8.164667
ladder,3,18,D,101,8.177125
ladder,3,18,D,102,8.141625
ladder,3,18,D,103,8.156250
ladder,3,18,D,104,8.172875
ladder,3,18,D,105,8.175041
ladder,3,18,D,106,8.174333
ladder,3,18,D,107,8.198166
ladder,3,18,D,108,8.176541
ladder,3,18,D,109,8.256833
ladder,3,18,D,110,8.168166
ladder,3,18,D,111,8.185250
ladder,3,18,D,112,8.157916
ladder,3,18,D,113,8.187000
ladder,3,18,D,114,8.174084
ladder,3,18,D,115,8.166958
ladder,3,18,D,116,8.184750
ladder,3,18,D,117,8.189875
ladder,3,18,D,118,8.176791
ladder,3,18,D,119,8.246959
ladder,3,18,D,120,8.314417
ladder,3,18,D,121,8.263375
ladder,3,18,D,122,8.266708
ladder,3,18,D,123,8.281667
ladder,3,18,D,124,8.131417
ladder,3,18,D,125,8.139333
ladder,3,18,D,126,8.145000
ladder,3,18,D,127,8.125292
ladder,3,18,D,128,8.117125
ladder,3,18,D,129,8.109750
ladder,3,18,D,130,8.106084
ladder,3,18,D,131,8.175500
ladder,3,18,D,132,8.233042
ladder,3,18,D,133,8.321208
ladder,3,18,D,134,8.281333
ladder,3,18,D,135,8.136625
ladder,3,18,D,136,8.129417
ladder,3,18,D,137,8.120417
ladder,3,18,D,138,8.134458
ladder,3,18,D,139,8.163167
ladder,3,18,D,140,8.128917
ladder,3,18,D,141,8.166417
ladder,3,18,D,142,8.223709
ladder,3,18,D,143,8.276417
ladder,3,18,D,144,8.323584
ladder,3,18,D,145,8.264667
ladder,3,18,D,146,8.368583
ladder,3,18,D,147,8.407458
ladder,3,18,D,148,8.428125
ladder,3,18,D,149,8.542375
ladder,3,18,D,150,8.535000
ladder,3,18,D,151,8.522708
ladder,3,18,D,152,8.546875
ladder,3,18,D,153,8.450458
ladder,3,18,D,154,8.288333
ladder,3,18,D,155,8.249208
ladder,3,18,D,156,8.232209
ladder,3,18,D,157,8.199042
ladder,3,18,D,158,8.237959
ladder,3,18,D,159,8.226542
ladder,3,18,D,160,8.217666
ladder,3,18,D,161,8.182667
ladder,3,18,D,162,8.205916
ladder,3,18,D,163,8.165292
ladder,3,18,D,164,8.199166
ladder,3,18,D,165,8.206041
ladder,3,18,D,166,8.160208
ladder,3,18,D,167,8.259500
ladder,3,18,D,168,8.375208
ladder,3,18,D,169,8.375250
ladder,3,18,D,170,8.348833
ladder,3,18,D,171,8.276708
ladder,3,18,D,172,8.203833
ladder,3,18,D,173,8.258792
ladder,3,18,D,174,8.227959
ladder,3,18,D,175,8.192875
ladder,3,18,D,176,8.226709
ladder,3,18,D,177,8.187750
ladder,3,18,D,178,8.183083
ladder,3,18,D,179,8.180417
ladder,3,18,D,180,8.220875
ladder,3,18,D,181,8.184084
ladder,3,18,D,182,8.208875
ladder,3,18,D,183,8.150250
ladder,3,18,D,184,8.220458
ladder,3,18,D,185,8.185875
ladder,3,18,D,186,8.298125
ladder,3,18,D,187,8.187250
ladder,3,18,D,188,8.218417
ladder,3,18,D,189,8.202250
ladder,3,18,D,190,8.222208
ladder,3,18,D,191,8.201166
ladder,3,18,D,192,8.201125
ladder,3,18,D,193,8.185709
ladder,3,18,D,194,8.207916
ladder,3,18,D,195,8.183375
ladder,3,18,D,196,8.214417
ladder,3,18,D,197,8.178500
ladder,3,18,D,198,8.204333
ladder,3,18,D,199,8.202209
ladder,3,18,D,200,8.215167
ladder,3,18,D,201,8.223542
ladder,3,18,D,202,8.184000
ladder,3,18,D,203,8.211083
ladder,3,18,D,204,8.206208
ladder,3,18,D,205,8.200541
ladder,3,18,D,206,8.190625
ladder,3,18,D,207,8.203750
ladder,3,18,D,208,8.173083
ladder,3,18,D,209,8.215708
ladder,3,18,D,210,8.179667
ladder,3,18,D,211,8.245292
ladder,3,18,D,212,8.165208
ladder,3,18,D,213,8.253375
ladder,3,18,D,214,8.187750
ladder,3,18,D,215,8.211583
ladder,3,18,D,216,8.216875
ladder,3,18,D,217,8.237583
ladder,3,18,D,218,8.219042
ladder,3,18,D,219,8.213250
ladder,3,18,D,220,8.157250
ladder,3,18,D,221,8.243416
ladder,3,18,D,222,8.204041
ladder,3,18,D,223,8.273375
ladder,3,18,D,224,8.184125
ladder,3,18,D,225,8.262125
ladder,3,18,D,226,8.222917
ladder,3,18,D,227,8.217458
ladder,3,18,D,228,8.195708
ladder,3,18,D,229,8.259917
ladder,3,18,D,230,8.196833
ladder,3,18,D,231,8.225375
ladder,3,18,D,232,8.189750
ladder,3,18,D,233,8.328334
ladder,3,18,D,234,8.191750
ladder,3,18,D,235,8.258625
ladder,3,18,D,236,8.195166
ladder,3,18,D,237,8.240500
ladder,3,18,D,238,8.179166
ladder,3,18,D,239,8.258958
ladder,3,18,D,240,8.171041
ladder,3,18,D,241,8.227250
ladder,3,18,D,242,8.203875
ladder,3,18,D,243,8.232458
ladder,3,18,D,244,8.205208
ladder,3,18,D,245,8.212667
ladder,3,18,D,246,8.181500
ladder,3,18,D,247,8.251125
ladder,3,18,D,248,8.261542
ladder,3,18,D,249,8.227417
ladder,3,18,D,250,8.207417
ladder,3,18,D,251,8.218625
ladder,3,18,D,252,8.203625
ladder,3,18,D,253,8.215791
ladder,3,18,D,254,8.213250
ladder,3,18,D,255,8.244125
ladder,3,18,D,256,8.925542
ladder,3,18,D,257,8.308500
ladder,3,18,D,258,8.195875
ladder,3,18,D,259,8.221708
ladder,3,18,D,260,8.216542
ladder,3,18,D,261,8.224750
ladder,3,18,D,262,8.198125
ladder,3,18,D,263,8.262208
ladder,3,18,D,264,8.185209
ladder,3,18,D,265,8.328458
ladder,3,18,D,266,8.225042
ladder,3,18,D,267,8.176542
ladder,3,18,D,268,8.167250
ladder,3,18,D,269,8.164167
ladder,3,18,D,270,8.147333
ladder,3,18,D,271,8.160958
ladder,3,18,D,272,8.119250
ladder,3,18,D,273,8.191791
ladder,3,18,D,274,8.295333
ladder,3,18,D,275,8.315625
ladder,3,18,D,276,8.302375
ladder,3,18,D,277,8.325000
ladder,3,18,D,278,8.298792
ladder,3,18,D,279,8.326125
ladder,3,18,D,280,8.389084
ladder,3,18,D,281,8.328042
ladder,3,18,D,282,8.322083
ladder,3,18,D,283,8.333709
ladder,3,18,D,284,8.247541
ladder,3,18,D,285,8.224167
ladder,3,18,D,286,8.208583
ladder,3,18,D,287,8.233083
ladder,3,18,D,288,8.241084
ladder,3,18,D,289,8.238042
ladder,3,18,D,290,8.215584
ladder,3,18,D,291,8.227459
ladder,3,18,D,292,8.218459
ladder,3,18,D,293,8.207083
ladder,3,18,D,294,8.226083
ladder,3,18,D,295,8.257500
ladder,3,18,D,296,8.182709
ladder,3,18,D,297,8.335333
ladder,3,18,D,298,8.307125
ladder,3,18,D,299,8.285458
ladder,3,18,D,300,8.199083
ladder,3,18,D,301,8.254959
ladder,3,18,D,302,8.271917
ladder,3,18,D,303,8.210583
ladder,3,18,D,304,8.221417
ladder,3,18,D,305,8.221291
ladder,3,18,D,306,8.245125
ladder,3,18,D,307,8.224208
ladder,3,18,D,308,8.273875
ladder,3,18,D,309,8.236958
ladder,3,18,D,310,8.254625
ladder,3,18,D,311,8.272708
ladder,3,18,D,312,8.306459
ladder,3,18,D,313,8.208458
ladder,3,18,D,314,8.262334
ladder,3,18,D,315,8.231625
ladder,3,18,D,316,8.261459
ladder,3,18,D,317,8.192334
ladder,3,18,D,318,8.291500
ladder,3,18,D,319,8.210166
ladder,3,18,D,320,8.270500
ladder,3,18,D,321,8.222333
ladder,3,18,D,322,8.276208
ladder,3,18,D,323,8.236625
ladder,3,18,D,324,8.268084
ladder,3,18,D,325,8.213334
ladder,3,18,D,326,8.278875
ladder,3,18,D,327,8.201125
ladder,3,18,D,328,8.257209
ladder,3,18,D,329,8.218542
ladder,3,18,D,330,8.310958
ladder,3,18,D,331,8.191042
ladder,3,18,D,332,8.259500
ladder,3,18,D,333,8.218083
ladder,3,18,D,334,8.336334
ladder,3,18,D,335,8.239625
ladder,3,18,D,336,8.284750
ladder,3,18,D,337,8.228750
ladder,3,18,D,338,8.256083
ladder,3,18,D,339,8.203417
ladder,3,18,D,340,8.282083
ladder,3,18,D,341,8.228208
ladder,3,18,D,342,8.260875
ladder,3,18,D,343,8.219917
ladder,3,18,D,344,8.240125
ladder,3,18,D,345,8.208667
ladder,3,18,D,346,8.248708
ladder,3,18,D,347,8.210417
ladder,3,18,D,348,8.264666
ladder,3,18,D,349,8.219542
ladder,3,18,D,350,8.258250
ladder,3,18,D,351,8.233041
ladder,3,18,D,352,8.254625
ladder,3,18,D,353,8.271458
ladder,3,18,D,354,8.249250
ladder,3,18,D,355,8.251000
ladder,3,18,D,356,8.278125
ladder,3,18,D,357,8.220417
ladder,3,18,D,358,8.251667
ladder,3,18,D,359,8.203000
ladder,3,18,D,360,8.290791
ladder,3,18,D,361,8.253167
ladder,3,18,D,362,8.261083
ladder,3,18,D,363,8.217084
ladder,3,18,D,364,8.279625
ladder,3,18,D,365,8.242333
ladder,3,18,D,366,8.236709
ladder,3,18,D,367,8.239875
ladder,3,18,D,368,8.264834
ladder,3,18,D,369,8.247167
ladder,3,18,D,370,8.290750
ladder,3,18,D,371,8.227250
ladder,3,18,D,372,8.270792
ladder,3,18,D,373,8.245666
ladder,3,18,D,374,8.241417
ladder,3,18,D,375,8.246666
ladder,3,18,D,376,8.260208
ladder,3,18,D,377,8.232708
ladder,3,18,D,378,8.282667
ladder,3,18,D,379,8.243375
ladder,3,18,D,380,8.257583
ladder,3,18,D,381,8.240583
ladder,3,18,D,382,8.245000
ladder,3,18,D,383,8.259375
ladder,3,18,D,384,8.278000
ladder,3,18,D,385,8.268541
ladder,3,18,D,386,8.239791
ladder,3,18,D,387,8.259625
ladder,3,18,D,388,8.359125
ladder,3,18,D,389,8.253750
ladder,3,18,D,390,8.248875
ladder,3,18,D,391,8.274125
ladder,3,18,D,392,8.224958
ladder,3,18,D,393,8.250292
ladder,3,18,D,394,8.265167
ladder,3,18,D,395,8.250625
ladder,3,18,D,396,8.225542
ladder,3,18,D,397,8.257875
ladder,3,18,D,398,8.225708
ladder,3,18,D,399,8.304291
ladder,3,18,D,400,8.340459
ladder,3,18,D,401,8.243958
ladder,3,18,D,402,8.275583
ladder,3,18,D,403,8.320083
ladder,3,18,D,404,8.308791
ladder,3,18,D,405,8.311084
ladder,3,18,D,406,8.337791
ladder,3,18,D,407,8.251917
ladder,3,18,D,408,8.266833
ladder,3,18,D,409,8.244083
ladder,3,18,D,410,8.263875
ladder,3,18,D,411,8.318792
ladder,3,18,D,412,8.232209
ladder,3,18,D,413,8.325500
ladder,3,18,D,414,8.320834
ladder,3,18,D,415,8.334833
ladder,3,18,D,416,8.348541
ladder,3,18,D,417,8.317250
ladder,3,18,D,418,8.236625
ladder,3,18,D,419,8.189458
ladder,3,18,D,420,8.204250
ladder,3,18,D,421,8.186166
ladder,3,18,D,422,8.185250
ladder,3,18,D,423,8.213708
ladder,3,18,D,424,8.193417
ladder,3,18,D,425,8.215208
ladder,3,18,D,426,8.175333
ladder,3,18,D,427,8.200125
ladder,3,18,D,428,8.157666
ladder,3,18,D,429,8.221417
ladder,3,18,D,430,8.191875
ladder,3,18,D,431,8.213083
ladder,3,18,D,432,8.157792
ladder,3,18,D,433,8.237542
ladder,3,18,D,434,8.185708
ladder,3,18,D,435,8.201709
ladder,3,18,D,436,8.151666
ladder,3,18,D,437,8.189500
ladder,3,18,D,438,8.181250
ladder,3,18,D,439,8.190625
ladder,3,18,D,440,8.200917
ladder,3,18,D,441,8.196208
ladder,3,18,D,442,8.150041
ladder,3,18,D,443,8.212250
ladder,3,18,D,444,8.206958
ladder,3,18,D,445,8.204250
ladder,3,18,D,446,8.173708
ladder,3,18,D,447,8.193666
ladder,3,18,D,448,8.238125
ladder,3,18,D,449,8.294416
ladder,3,18,D,450,8.252875
ladder,3,18,D,451,8.233333
ladder,3,18,D,452,8.191125
ladder,3,18,D,453,8.180708
ladder,3,18,D,454,8.185750
ladder,3,18,D,455,8.215416
ladder,3,18,D,456,8.211084
ladder,3,18,D,457,8.271125
ladder,3,18,D,458,8.214041
ladder,3,18,D,459,8.254583
ladder,3,18,D,460,8.200042
ladder,3,18,D,461,8.163167
ladder,3,18,D,462,8.247125
ladder,3,18,D,463,8.289833
ladder,3,18,D,464,8.279625
ladder,3,18,D,465,8.311959
ladder,3,18,D,466,8.269584
ladder,3,18,D,467,8.262166
ladder,3,18,D,468,8.263000
ladder,3,18,D,469,8.287583
ladder,3,18,D,470,8.284000
ladder,3,18,D,471,8.264084
ladder,3,18,D,472,8.281042
ladder,3,18,D,473,8.252917
ladder,3,18,D,474,8.274916
ladder,3,18,D,475,8.294291
ladder,3,18,D,476,8.300333
ladder,3,18,D,477,8.252916
ladder,3,18,D,478,8.283000
ladder,3,18,D,479,8.289875
ladder,3,18,D,480,8.300375
ladder,3,18,D,481,8.285667
ladder,3,18,D,482,8.291083
ladder,3,18,D,483,8.364292
ladder,3,18,D,484,8.287875
ladder,3,18,D,485,8.267042
ladder,3,18,D,486,8.287208
ladder,3,18,D,487,8.268292
ladder,3,18,D,488,8.276959
ladder,3,18,D,489,8.298292
ladder,3,18,D,490,8.297917
ladder,3,18,D,491,8.276500
ladder,3,18,D,492,8.297333
ladder,3,18,D,493,8.275209
ladder,3,18,D,494,8.287208
ladder,3,18,D,495,8.342666
ladder,3,18,D,496,8.310833
ladder,3,18,D,497,8.275458
ladder,3,18,D,498,8.311750
ladder,3,18,D,499,8.271833
ladder,3,18,D,500,8.297834
ladder,3,18,D,501,8.302333
ladder,3,18,D,502,8.299291
ladder,3,18,D,503,8.285125
ladder,3,18,D,504,8.286709
ladder,3,18,D,505,8.314916
ladder,3,18,D,506,8.308709
ladder,3,18,D,507,8.254792
ladder,3,18,D,508,8.296083
ladder,3,18,D,509,8.375125
ladder,3,18,D,510,8.343375
ladder,3,18,D,511,8.290250
ladder,4,19,A,1,13.460916
ladder,4,19,A,2,9.077708
ladder,4,19,A,3,8.353792
ladder,4,19,A,4,8.194167
ladder,4,19,A,5,8.336625
ladder,4,19,A,6,8.205542
ladder,4,19,A,7,8.198125
ladder,4,19,A,8,8.156625
ladder,4,19,A,9,8.180667
ladder,4,19,A,10,8.137583
ladder,4,19,A,11,8.131042
ladder,4,19,A,12,8.073292
ladder,4,19,A,13,8.110500
ladder,4,19,A,14,8.084458
ladder,4,19,A,15,8.158625
ladder,4,19,A,16,8.087375
ladder,4,19,A,17,8.115875
ladder,4,19,A,18,8.106792
ladder,4,19,A,19,8.156375
ladder,4,19,A,20,8.118458
ladder,4,19,A,21,8.131125
ladder,4,19,A,22,8.117916
ladder,4,19,A,23,8.139125
ladder,4,19,A,24,8.110959
ladder,4,19,A,25,8.116041
ladder,4,19,A,26,8.100917
ladder,4,19,A,27,8.125542
ladder,4,19,A,28,8.082000
ladder,4,19,A,29,8.120875
ladder,4,19,A,30,8.104041
ladder,4,19,A,31,8.127750
ladder,4,19,A,32,8.096834
ladder,4,19,A,33,8.108042
ladder,4,19,A,34,8.109417
ladder,4,19,A,35,8.113625
ladder,4,19,A,36,8.098209
ladder,4,19,A,37,8.080334
ladder,4,19,A,38,8.132833
ladder,4,19,A,39,8.118625
ladder,4,19,A,40,8.145000
ladder,4,19,A,41,8.120334
ladder,4,19,A,42,8.134167
ladder,4,19,A,43,8.126292
ladder,4,19,A,44,8.170250
ladder,4,19,A,45,8.119042
ladder,4,19,A,46,8.180916
ladder,4,19,A,47,8.191542
ladder,4,19,A,48,8.171708
ladder,4,19,A,49,8.119417
ladder,4,19,A,50,8.188166
ladder,4,19,A,51,8.123333
ladder,4,19,A,52,8.188875
ladder,4,19,A,53,8.116584
ladder,4,19,A,54,8.179000
ladder,4,19,A,55,8.136209
ladder,4,19,A,56,8.150917
ladder,4,19,A,57,8.112291
ladder,4,19,A,58,8.159958
ladder,4,19,A,59,8.141750
ladder,4,19,A,60,8.162000
ladder,4,19,A,61,8.161792
ladder,4,19,A,62,8.185375
ladder,4,19,A,63,8.151000
ladder,4,19,A,64,8.144958
ladder,4,19,A,65,8.121834
ladder,4,19,A,66,8.137042
ladder,4,19,A,67,8.140667
ladder,4,19,A,68,8.105500
ladder,4,19,A,69,8.164042
ladder,4,19,A,70,8.138042
ladder,4,19,A,71,8.134125
ladder,4,19,A,72,8.129083
ladder,4,19,A,73,8.119292
ladder,4,19,A,74,8.148208
ladder,4,19,A,75,8.124583
ladder,4,19,A,76,8.128500
ladder,4,19,A,77,8.159500
ladder,4,19,A,78,8.102041
ladder,4,19,A,79,8.121916
ladder,4,19,A,80,8.140042
ladder,4,19,A,81,8.149584
ladder,4,19,A,82,8.123875
ladder,4,19,A,83,8.150417
ladder,4,19,A,84,8.122792
ladder,4,19,A,85,8.099000
ladder,4,19,A,86,8.134875
ladder,4,19,A,87,8.174666
ladder,4,19,A,88,8.112584
ladder,4,19,A,89,8.141959
ladder,4,19,A,90,8.126834
ladder,4,19,A,91,8.150542
ladder,4,19,A,92,8.123875
ladder,4,19,A,93,8.336584
ladder,4,19,A,94,8.326541
ladder,4,19,A,95,8.226667
ladder,4,19,A,96,8.145583
ladder,4,19,A,97,8.197375
ladder,4,19,A,98,8.135041
ladder,4,19,A,99,8.226166
ladder,4,19,A,100,8.156542
ladder,4,19,A,101,8.207500
ladder,4,19,A,102,8.142917
ladder,4,19,A,103,8.189500
ladder,4,19,A,104,8.126333
ladder,4,19,A,105,8.197250
ladder,4,19,A,106,8.154542
ladder,4,19,A,107,8.197083
ladder,4,19,A,108,8.134750
ladder,4,19,A,109,8.163583
ladder,4,19,A,110,8.144291
ladder,4,19,A,111,8.176666
ladder,4,19,A,112,8.134167
ladder,4,19,A,113,8.144875
ladder,4,19,A,114,8.157541
ladder,4,19,A,115,8.184375
ladder,4,19,A,116,8.147416
ladder,4,19,A,117,8.166250
ladder,4,19,A,118,8.170750
ladder,4,19,A,119,8.172625
ladder,4,19,A,120,8.175125
ladder,4,19,A,121,8.174541
ladder,4,19,A,122,8.143000
ladder,4,19,A,123,8.123375
ladder,4,19,A,124,8.228166
ladder,4,19,A,125,8.242375
ladder,4,19,A,126,8.356375
ladder,4,19,A,127,8.192125
ladder,4,19,A,128,8.184500
ladder,4,19,A,129,8.153208
ladder,4,19,A,130,8.191750
ladder,4,19,A,131,8.133500
ladder,4,19,A,132,8.157875
ladder,4,19,A,133,8.132041
ladder,4,19,A,134,8.186291
ladder,4,19,A,135,8.145708
ladder,4,19,A,136,8.158583
ladder,4,19,A,137,8.144083
ladder,4,19,A,138,8.172209
ladder,4,19,A,139,8.159417
ladder,4,19,A,140,8.151625
ladder,4,19,A,141,8.138791
ladder,4,19,A,142,8.168792
ladder,4,19,A,143,8.158291
ladder,4,19,A,144,8.174708
ladder,4,19,A,145,8.150166
ladder,4,19,A,146,8.192000
ladder,4,19,A,147,8.142209
ladder,4,19,A,148,8.187417
ladder,4,19,A,149,8.144042
ladder,4,19,A,150,8.165209
ladder,4,19,A,151,8.153917
ladder,4,19,A,152,8.200375
ladder,4,19,A,153,8.150875
ladder,4,19,A,154,8.161458
ladder,4,19,A,155,8.159458
ladder,4,19,A,156,8.183333
ladder,4,19,A,157,8.160333
ladder,4,19,A,158,8.202750
ladder,4,19,A,159,8.152875
ladder,4,19,A,160,8.198250
ladder,4,19,A,161,8.156500
ladder,4,19,A,162,8.184583
ladder,4,19,A,163,8.141416
ladder,4,19,A,164,8.161500
ladder,4,19,A,165,8.158208
ladder,4,19,A,166,8.194458
ladder,4,19,A,167,8.187792
ladder,4,19,A,168,8.175041
ladder,4,19,A,169,8.174334
ladder,4,19,A,170,8.183959
ladder,4,19,A,171,8.162542
ladder,4,19,A,172,8.205666
ladder,4,19,A,173,8.188292
ladder,4,19,A,174,8.186375
ladder,4,19,A,175,8.157625
ladder,4,19,A,176,8.222041
ladder,4,19,A,177,8.163875
ladder,4,19,A,178,8.151542
ladder,4,19,A,179,8.188750
ladder,4,19,A,180,8.174625
ladder,4,19,A,181,8.168833
ladder,4,19,A,182,8.158333
ladder,4,19,A,183,8.168250
ladder,4,19,A,184,8.214708
ladder,4,19,A,185,8.253000
ladder,4,19,A,186,8.231208
ladder,4,19,A,187,8.191125
ladder,4,19,A,188,8.233417
ladder,4,19,A,189,8.226875
ladder,4,19,A,190,8.203334
ladder,4,19,A,191,8.252875
ladder,4,19,A,192,8.232875
ladder,4,19,A,193,8.129125
ladder,4,19,A,194,8.129333
ladder,4,19,A,195,8.131958
ladder,4,19,A,196,8.266750
ladder,4,19,A,197,8.224750
ladder,4,19,A,198,8.217666
ladder,4,19,A,199,8.252542
ladder,4,19,A,200,8.234292
ladder,4,19,A,201,8.261750
ladder,4,19,A,202,8.244042
ladder,4,19,A,203,8.237166
ladder,4,19,A,204,8.119625
ladder,4,19,A,205,8.096042
ladder,4,19,A,206,8.059333
ladder,4,19,A,207,8.117292
ladder,4,19,A,208,8.166375
ladder,4,19,A,209,8.123875
ladder,4,19,A,210,8.095667
ladder,4,19,A,211,8.113500
ladder,4,19,A,212,8.078000
ladder,4,19,A,213,8.102250
ladder,4,19,A,214,8.069833
ladder,4,19,A,215,8.186500
ladder,4,19,A,216,8.175167
ladder,4,19,A,217,8.147500
ladder,4,19,A,218,8.137625
ladder,4,19,A,219,8.173834
ladder,4,19,A,220,8.122875
ladder,4,19,A,221,8.176417
ladder,4,19,A,222,8.127875
ladder,4,19,A,223,8.148958
ladder,4,19,A,224,8.123542
ladder,4,19,A,225,8.122416
ladder,4,19,A,226,8.126917
ladder,4,19,A,227,8.089250
ladder,4,19,A,228,8.122833
ladder,4,19,A,229,8.066500
ladder,4,19,A,230,8.073375
ladder,4,19,A,231,8.227958
ladder,4,19,A,232,8.208167
ladder,4,19,A,233,8.174083
ladder,4,19,A,234,8.224291
ladder,4,19,A,235,8.151334
ladder,4,19,A,236,8.191000
ladder,4,19,A,237,8.176417
ladder,4,19,A,238,8.194583
ladder,4,19,A,239,8.194958
ladder,4,19,A,240,8.216125
ladder,4,19,A,241,8.207916
ladder,4,19,A,242,8.211292
ladder,4,19,A,243,8.177458
ladder,4,19,A,244,8.193917
ladder,4,19,A,245,8.170041
ladder,4,19,A,246,8.212333
ladder,4,19,A,247,8.155417
ladder,4,19,A,248,8.214542
ladder,4,19,A,249,8.176333
ladder,4,19,A,250,8.206125
ladder,4,19,A,251,8.195125
ladder,4,19,A,252,8.200833
ladder,4,19,A,253,8.173208
ladder,4,19,A,254,8.316667
ladder,4,19,A,255,8.193333
ladder,4,19,A,256,8.977417
ladder,4,19,A,257,8.241417
ladder,4,19,A,258,8.361375
ladder,4,19,A,259,8.177375
ladder,4,19,A,260,8.251291
ladder,4,19,A,261,8.209375
ladder,4,19,A,262,8.257500
ladder,4,19,A,263,8.195125
ladder,4,19,A,264,8.223000
ladder,4,19,A,265,8.208917
ladder,4,19,A,266,8.252000
ladder,4,19,A,267,8.167708
ladder,4,19,A,268,8.233750
ladder,4,19,A,269,8.196167
ladder,4,19,A,270,8.211791
ladder,4,19,A,271,8.171375
ladder,4,19,A,272,8.224500
ladder,4,19,A,273,8.195625
ladder,4,19,A,274,8.242125
ladder,4,19,A,275,8.188625
ladder,4,19,A,276,8.220042
ladder,4,19,A,277,8.180208
ladder,4,19,A,278,8.237334
ladder,4,19,A,279,8.205959
ladder,4,19,A,280,8.236709
ladder,4,19,A,281,8.213833
ladder,4,19,A,282,8.208958
ladder,4,19,A,283,8.173083
ladder,4,19,A,284,8.215833
ladder,4,19,A,285,8.206000
ladder,4,19,A,286,8.220083
ladder,4,19,A,287,8.200583
ladder,4,19,A,288,8.227375
ladder,4,19,A,289,8.217625
ladder,4,19,A,290,8.219791
ladder,4,19,A,291,8.211958
ladder,4,19,A,292,8.215584
ladder,4,19,A,293,8.194750
ladder,4,19,A,294,8.219208
ladder,4,19,A,295,8.203792
ladder,4,19,A,296,8.217000
ladder,4,19,A,297,8.208709
ladder,4,19,A,298,8.225458
ladder,4,19,A,299,8.196334
ladder,4,19,A,300,8.194791
ladder,4,19,A,301,8.221417
ladder,4,19,A,302,8.177792
ladder,4,19,A,303,8.224250
ladder,4,19,A,304,8.186125
ladder,4,19,A,305,8.220417
ladder,4,19,A,306,8.242083
ladder,4,19,A,307,8.199708
ladder,4,19,A,308,8.193208
ladder,4,19,A,309,8.186459
ladder,4,19,A,310,8.233875
ladder,4,19,A,311,8.213000
ladder,4,19,A,312,8.226625
ladder,4,19,A,313,8.193750
ladder,4,19,A,314,8.253583
ladder,4,19,A,315,8.190916
ladder,4,19,A,316,8.176459
ladder,4,19,A,317,8.193083
ladder,4,19,A,318,8.242000
ladder,4,19,A,319,8.219208
ladder,4,19,A,320,8.203375
ladder,4,19,A,321,8.176875
ladder,4,19,A,322,8.179292
ladder,4,19,A,323,8.212708
ladder,4,19,A,324,8.235875
ladder,4,19,A,325,8.231042
ladder,4,19,A,326,8.206958
ladder,4,19,A,327,8.204667
ladder,4,19,A,328,8.227583
ladder,4,19,A,329,8.176500
ladder,4,19,A,330,8.146750
ladder,4,19,A,331,8.214875
ladder,4,19,A,332,8.199292
ladder,4,19,A,333,8.231792
ladder,4,19,A,334,8.200875
ladder,4,19,A,335,8.211042
ladder,4,19,A,336,8.193667
ladder,4,19,A,337,8.274209
ladder,4,19,A,338,8.225291
ladder,4,19,A,339,8.244375
ladder,4,19,A,340,8.204625
ladder,4,19,A,341,8.280542
ladder,4,19,A,342,8.212834
ladder,4,19,A,343,8.252375
ladder,4,19,A,344,8.200500
ladder,4,19,A,345,8.263041
ladder,4,19,A,346,8.197000
ladder,4,19,A,347,8.211625
ladder,4,19,A,348,8.238708
ladder,4,19,A,349,8.248500
ladder,4,19,A,350,8.205416
ladder,4,19,A,351,8.239208
ladder,4,19,A,352,8.205500
ladder,4,19,A,353,8.214583
ladder,4,19,A,354,8.209042
ladder,4,19,A,355,8.250625
ladder,4,19,A,356,8.229000
ladder,4,19,A,357,8.250875
ladder,4,19,A,358,8.234958
ladder,4,19,A,359,8.265750
ladder,4,19,A,360,8.216167
ladder,4,19,A,361,8.229958
ladder,4,19,A,362,8.221834
ladder,4,19,A,363,8.249708
ladder,4,19,A,364,8.194958
ladder,4,19,A,365,8.245750
ladder,4,19,A,366,8.224417
ladder,4,19,A,367,8.221041
ladder,4,19,A,368,8.221291
ladder,4,19,A,369,8.233917
ladder,4,19,A,370,8.249084
ladder,4,19,A,371,8.233459
ladder,4,19,A,372,8.229958
ladder,4,19,A,373,8.285708
ladder,4,19,A,374,8.197833
ladder,4,19,A,375,8.234500
ladder,4,19,A,376,8.226459
ladder,4,19,A,377,8.225333
ladder,4,19,A,378,8.214250
ladder,4,19,A,379,8.220209
ladder,4,19,A,380,8.231750
ladder,4,19,A,381,8.245542
ladder,4,19,A,382,8.234500
ladder,4,19,A,383,8.196084
ladder,4,19,A,384,8.233500
ladder,4,19,A,385,8.198958
ladder,4,19,A,386,8.267042
ladder,4,19,A,387,8.223875
ladder,4,19,A,388,8.264291
ladder,4,19,A,389,8.211541
ladder,4,19,A,390,8.263458
ladder,4,19,A,391,8.249250
ladder,4,19,A,392,8.249000
ladder,4,19,A,393,8.244500
ladder,4,19,A,394,8.223083
ladder,4,19,A,395,8.250167
ladder,4,19,A,396,8.242000
ladder,4,19,A,397,8.231208
ladder,4,19,A,398,8.273917
ladder,4,19,A,399,8.213542
ladder,4,19,A,400,8.297959
ladder,4,19,A,401,8.205834
ladder,4,19,A,402,8.233917
ladder,4,19,A,403,8.243541
ladder,4,19,A,404,8.274459
ladder,4,19,A,405,8.240166
ladder,4,19,A,406,8.287500
ladder,4,19,A,407,8.230875
ladder,4,19,A,408,8.297833
ladder,4,19,A,409,8.228500
ladder,4,19,A,410,8.285292
ladder,4,19,A,411,8.251417
ladder,4,19,A,412,8.268250
ladder,4,19,A,413,8.281625
ladder,4,19,A,414,8.273292
ladder,4,19,A,415,8.236416
ladder,4,19,A,416,8.331209
ladder,4,19,A,417,8.232791
ladder,4,19,A,418,8.301291
ladder,4,19,A,419,8.225333
ladder,4,19,A,420,8.277625
ladder,4,19,A,421,8.224792
ladder,4,19,A,422,8.271542
ladder,4,19,A,423,8.236666
ladder,4,19,A,424,8.273542
ladder,4,19,A,425,8.230792
ladder,4,19,A,426,8.253333
ladder,4,19,A,427,8.255667
ladder,4,19,A,428,8.264125
ladder,4,19,A,429,8.232625
ladder,4,19,A,430,8.247542
ladder,4,19,A,431,8.235250
ladder,4,19,A,432,8.218708
ladder,4,19,A,433,8.214209
ladder,4,19,A,434,8.248250
ladder,4,19,A,435,8.239916
ladder,4,19,A,436,8.230000
ladder,4,19,A,437,8.227583
ladder,4,19,A,438,8.233791
ladder,4,19,A,439,8.245959
ladder,4,19,A,440,8.222625
ladder,4,19,A,441,8.236250
ladder,4,19,A,442,8.248583
ladder,4,19,A,443,8.218958
ladder,4,19,A,444,8.252250
ladder,4,19,A,445,8.212292
ladder,4,19,A,446,8.247167
ladder,4,19,A,447,8.223334
ladder,4,19,A,448,8.261708
ladder,4,19,A,449,8.241584
ladder,4,19,A,450,8.243292
ladder,4,19,A,451,8.189750
ladder,4,19,A,452,8.245000
ladder,4,19,A,453,8.230708
ladder,4,19,A,454,8.253583
ladder,4,19,A,455,8.223584
ladder,4,19,A,456,8.267083
ladder,4,19,A,457,8.247125
ladder,4,19,A,458,8.253833
ladder,4,19,A,459,8.253333
ladder,4,19,A,460,8.283375
ladder,4,19,A,461,8.267042
ladder,4,19,A,462,8.267833
ladder,4,19,A,463,8.242459
ladder,4,19,A,464,8.275625
ladder,4,19,A,465,8.291875
ladder,4,19,A,466,8.270250
ladder,4,19,A,467,8.268334
ladder,4,19,A,468,8.247042
ladder,4,19,A,469,8.242625
ladder,4,19,A,470,8.230708
ladder,4,19,A,471,8.208042
ladder,4,19,A,472,8.263625
ladder,4,19,A,473,8.261792
ladder,4,19,A,474,8.226875
ladder,4,19,A,475,8.299000
ladder,4,19,A,476,8.247334
ladder,4,19,A,477,8.260041
ladder,4,19,A,478,8.236875
ladder,4,19,A,479,8.282375
ladder,4,19,A,480,8.240250
ladder,4,19,A,481,8.288584
ladder,4,19,A,482,8.231875
ladder,4,19,A,483,8.279542
ladder,4,19,A,484,8.265625
ladder,4,19,A,485,8.274750
ladder,4,19,A,486,8.231375
ladder,4,19,A,487,8.271333
ladder,4,19,A,488,8.239209
ladder,4,19,A,489,8.261791
ladder,4,19,A,490,8.241541
ladder,4,19,A,491,8.264958
ladder,4,19,A,492,8.224042
ladder,4,19,A,493,8.275917
ladder,4,19,A,494,8.303458
ladder,4,19,A,495,8.273542
ladder,4,19,A,496,8.262667
ladder,4,19,A,497,8.278167
ladder,4,19,A,498,8.266000
ladder,4,19,A,499,8.270500
ladder,4,19,A,500,8.302625
ladder,4,19,A,501,8.281458
ladder,4,19,A,502,8.269834
ladder,4,19,A,503,8.298042
ladder,4,19,A,504,8.260208
ladder,4,19,A,505,8.291208
ladder,4,19,A,506,8.237458
ladder,4,19,A,507,8.273417
ladder,4,19,A,508,8.248916
ladder,4,19,A,509,8.301167
ladder,4,19,A,510,8.246167
ladder,4,19,A,511,8.297666
ladder,4,20,D,1,15.615500
ladder,4,20,D,2,8.808750
ladder,4,20,D,3,8.466292
ladder,4,20,D,4,8.315250
ladder,4,20,D,5,8.371375
ladder,4,20,D,6,8.314625
ladder,4,20,D,7,8.290375
ladder,4,20,D,8,8.266250
ladder,4,20,D,9,8.135083
ladder,4,20,D,10,8.069375
ladder,4,20,D,11,8.069750
ladder,4,20,D,12,8.112917
ladder,4,20,D,13,8.130541
ladder,4,20,D,14,8.107916
ladder,4,20,D,15,8.056334
ladder,4,20,D,16,8.064708
ladder,4,20,D,17,8.091667
ladder,4,20,D,18,8.076083
ladder,4,20,D,19,8.093709
ladder,4,20,D,20,8.080500
ladder,4,20,D,21,8.124166
ladder,4,20,D,22,8.054167
ladder,4,20,D,23,8.101166
ladder,4,20,D,24,8.022041
ladder,4,20,D,25,8.153625
ladder,4,20,D,26,8.133417
ladder,4,20,D,27,8.170250
ladder,4,20,D,28,8.126209
ladder,4,20,D,29,8.121834
ladder,4,20,D,30,8.087167
ladder,4,20,D,31,8.118875
ladder,4,20,D,32,8.055792
ladder,4,20,D,33,8.125542
ladder,4,20,D,34,8.084042
ladder,4,20,D,35,8.066083
ladder,4,20,D,36,8.186666
ladder,4,20,D,37,8.168667
ladder,4,20,D,38,8.146333
ladder,4,20,D,39,8.136834
ladder,4,20,D,40,8.174875
ladder,4,20,D,41,8.175000
ladder,4,20,D,42,8.153750
ladder,4,20,D,43,8.131458
ladder,4,20,D,44,8.155625
ladder,4,20,D,45,8.154125
ladder,4,20,D,46,8.184208
ladder,4,20,D,47,8.133291
ladder,4,20,D,48,8.187500
ladder,4,20,D,49,8.154291
ladder,4,20,D,50,8.156583
ladder,4,20,D,51,8.190375
ladder,4,20,D,52,8.220292
ladder,4,20,D,53,8.160834
ladder,4,20,D,54,8.186125
ladder,4,20,D,55,8.151833
ladder,4,20,D,56,8.182000
ladder,4,20,D,57,8.149333
ladder,4,20,D,58,8.233459
ladder,4,20,D,59,8.166417
ladder,4,20,D,60,8.283458
ladder,4,20,D,61,8.207334
ladder,4,20,D,62,8.210167
ladder,4,20,D,63,8.169916
ladder,4,20,D,64,8.206041
ladder,4,20,D,65,8.166083
ladder,4,20,D,66,8.189542
ladder,4,20,D,67,8.145667
ladder,4,20,D,68,8.191208
ladder,4,20,D,69,8.156125
ladder,4,20,D,70,8.181083
ladder,4,20,D,71,8.171000
ladder,4,20,D,72,8.197209
ladder,4,20,D,73,8.149666
ladder,4,20,D,74,8.203500
ladder,4,20,D,75,8.145833
ladder,4,20,D,76,8.197583
ladder,4,20,D,77,8.256875
ladder,4,20,D,78,8.293666
ladder,4,20,D,79,8.167916
ladder,4,20,D,80,8.183083
ladder,4,20,D,81,8.167333
ladder,4,20,D,82,8.210417
ladder,4,20,D,83,8.163916
ladder,4,20,D,84,8.180292
ladder,4,20,D,85,8.179250
ladder,4,20,D,86,8.140916
ladder,4,20,D,87,8.190459
ladder,4,20,D,88,8.185500
ladder,4,20,D,89,8.152208
ladder,4,20,D,90,8.178542
ladder,4,20,D,91,8.175667
ladder,4,20,D,92,8.174792
ladder,4,20,D,93,8.165167
ladder,4,20,D,94,8.158209
ladder,4,20,D,95,8.213291
ladder,4,20,D,96,8.179500
ladder,4,20,D,97,8.175334
ladder,4,20,D,98,8.150875
ladder,4,20,D,99,8.178958
ladder,4,20,D,100,8.148292
ladder,4,20,D,101,8.169459
ladder,4,20,D,102,8.156583
ladder,4,20,D,103,8.211250
ladder,4,20,D,104,8.172541
ladder,4,20,D,105,8.208500
ladder,4,20,D,106,8.190625
ladder,4,20,D,107,8.209459
ladder,4,20,D,108,8.241792
ladder,4,20,D,109,8.357834
ladder,4,20,D,110,8.218625
ladder,4,20,D,111,8.196708
ladder,4,20,D,112,8.179000
ladder,4,20,D,113,8.185291
ladder,4,20,D,114,8.153208
ladder,4,20,D,115,8.194250
ladder,4,20,D,116,8.157625
ladder,4,20,D,117,8.183917
ladder,4,20,D,118,8.217042
ladder,4,20,D,119,8.212042
ladder,4,20,D,120,8.173375
ladder,4,20,D,121,8.289833
ladder,4,20,D,122,8.192791
ladder,4,20,D,123,8.194417
ladder,4,20,D,124,8.206708
ladder,4,20,D,125,8.170916
ladder,4,20,D,126,8.170334
ladder,4,20,D,127,8.167416
ladder,4,20,D,128,8.171542
ladder,4,20,D,129,8.174041
ladder,4,20,D,130,8.179833
ladder,4,20,D,131,8.200375
ladder,4,20,D,132,8.165500
ladder,4,20,D,133,8.149958
ladder,4,20,D,134,8.114667
ladder,4,20,D,135,8.177667
ladder,4,20,D,136,8.182417
ladder,4,20,D,137,8.177042
ladder,4,20,D,138,8.181500
ladder,4,20,D,139,8.225500
ladder,4,20,D,140,8.265042
ladder,4,20,D,141,8.221000
ladder,4,20,D,142,8.189458
ladder,4,20,D,143,8.188291
ladder,4,20,D,144,8.174500
ladder,4,20,D,145,8.199542
ladder,4,20,D,146,8.222917
ladder,4,20,D,147,8.185625
ladder,4,20,D,148,8.199916
ladder,4,20,D,149,8.258375
ladder,4,20,D,150,8.201084
ladder,4,20,D,151,8.193959
ladder,4,20,D,152,8.178125
ladder,4,20,D,153,8.183041
ladder,4,20,D,154,8.168000
ladder,4,20,D,155,8.185500
ladder,4,20,D,156,8.213750
ladder,4,20,D,157,8.194292
ladder,4,20,D,158,8.191666
ladder,4,20,D,159,8.170167
ladder,4,20,D,160,8.203500
ladder,4,20,D,161,8.163041
ladder,4,20,D,162,8.190916
ladder,4,20,D,163,8.169792
ladder,4,20,D,164,8.193750
ladder,4,20,D,165,8.175416
ladder,4,20,D,166,8.234584
ladder,4,20,D,167,8.188875
ladder,4,20,D,168,8.234959
ladder,4,20,D,169,8.174584
ladder,4,20,D,170,8.241750
ladder,4,20,D,171,8.197833
ladder,4,20,D,172,8.228458
ladder,4,20,D,173,8.184833
ladder,4,20,D,174,8.223000
ladder,4,20,D,175,8.175209
ladder,4,20,D,176,8.262166
ladder,4,20,D,177,8.152083
ladder,4,20,D,178,8.235792
ladder,4,20,D,179,8.174333
ladder,4,20,D,180,8.271541
ladder,4,20,D,181,8.197833
ladder,4,20,D,182,8.275750
ladder,4,20,D,183,8.193875
ladder,4,20,D,184,8.220500
ladder,4,20,D,185,8.188417
ladder,4,20,D,186,8.203125
ladder,4,20,D,187,8.183458
ladder,4,20,D,188,8.260292
ladder,4,20,D,189,8.204042
ladder,4,20,D,190,8.219667
ladder,4,20,D,191,8.165958
ladder,4,20,D,192,8.184917
ladder,4,20,D,193,8.188834
ladder,4,20,D,194,8.232417
ladder,4,20,D,195,8.173291
ladder,4,20,D,196,8.208625
ladder,4,20,D,197,8.208250
ladder,4,20,D,198,8.207125
ladder,4,20,D,199,8.190958
ladder,4,20,D,200,8.208584
ladder,4,20,D,201,8.215625
ladder,4,20,D,202,8.195750
ladder,4,20,D,203,8.201500
ladder,4,20,D,204,8.217750
ladder,4,20,D,205,8.186083
ladder,4,20,D,206,8.215500
ladder,4,20,D,207,8.203708
ladder,4,20,D,208,8.218208
ladder,4,20,D,209,8.184000
ladder,4,20,D,210,8.208333
ladder,4,20,D,211,8.157416
ladder,4,20,D,212,8.191416
ladder,4,20,D,213,8.179167
ladder,4,20,D,214,8.188416
ladder,4,20,D,215,8.208541
ladder,4,20,D,216,8.201208
ladder,4,20,D,217,8.200625
ladder,4,20,D,218,8.180417
ladder,4,20,D,219,8.196875
ladder,4,20,D,220,8.191041
ladder,4,20,D,221,8.204250
ladder,4,20,D,222,8.161584
ladder,4,20,D,223,8.210333
ladder,4,20,D,224,8.184083
ladder,4,20,D,225,8.210083
ladder,4,20,D,226,8.181833
ladder,4,20,D,227,8.224584
ladder,4,20,D,228,8.184666
ladder,4,20,D,229,8.234500
ladder,4,20,D,230,8.211167
ladder,4,20,D,231,8.236125
ladder,4,20,D,232,8.202417
ladder,4,20,D,233,8.221125
ladder,4,20,D,234,8.225291
ladder,4,20,D,235,8.251417
ladder,4,20,D,236,8.176458
ladder,4,20,D,237,8.204625
ladder,4,20,D,238,8.211250
ladder,4,20,D,239,8.208542
ladder,4,20,D,240,8.240167
ladder,4,20,D,241,8.194542
ladder,4,20,D,242,8.199125
ladder,4,20,D,243,8.224500
ladder,4,20,D,244,8.227750
ladder,4,20,D,245,8.248459
ladder,4,20,D,246,8.196709
ladder,4,20,D,247,8.200125
ladder,4,20,D,248,8.198500
ladder,4,20,D,249,8.215291
ladder,4,20,D,250,8.205208
ladder,4,20,D,251,8.222708
ladder,4,20,D,252,8.192458
ladder,4,20,D,253,8.294250
ladder,4,20,D,254,8.221250
ladder,4,20,D,255,8.209416
ladder,4,20,D,256,8.906416
ladder,4,20,D,257,8.252416
ladder,4,20,D,258,8.205708
ladder,4,20,D,259,8.235625
ladder,4,20,D,260,8.191833
ladder,4,20,D,261,8.221917
ladder,4,20,D,262,8.206833
ladder,4,20,D,263,8.236792
ladder,4,20,D,264,8.208542
ladder,4,20,D,265,8.224041
ladder,4,20,D,266,8.204542
ladder,4,20,D,267,8.229125
ladder,4,20,D,268,8.216917
ladder,4,20,D,269,8.208416
ladder,4,20,D,270,8.225208
ladder,4,20,D,271,8.224417
ladder,4,20,D,272,8.205958
ladder,4,20,D,273,8.217708
ladder,4,20,D,274,8.213042
ladder,4,20,D,275,8.220959
ladder,4,20,D,276,8.233250
ladder,4,20,D,277,8.244375
ladder,4,20,D,278,8.215083
ladder,4,20,D,279,8.212791
ladder,4,20,D,280,8.212708
ladder,4,20,D,281,8.220083
ladder,4,20,D,282,8.222375
ladder,4,20,D,283,8.224583
ladder,4,20,D,284,8.240208
ladder,4,20,D,285,8.222542
ladder,4,20,D,286,8.196459
ladder,4,20,D,287,8.213917
ladder,4,20,D,288,8.252542
ladder,4,20,D,289,8.228833
ladder,4,20,D,290,8.239750
ladder,4,20,D,291,8.259583
ladder,4,20,D,292,8.239542
ladder,4,20,D,293,8.214250
ladder,4,20,D,294,8.207833
ladder,4,20,D,295,8.214916
ladder,4,20,D,296,8.233083
ladder,4,20,D,297,8.206042
ladder,4,20,D,298,8.222666
ladder,4,20,D,299,8.223541
ladder,4,20,D,300,8.262542
ladder,4,20,D,301,8.204458
ladder,4,20,D,302,8.248250
ladder,4,20,D,303,8.208625
ladder,4,20,D,304,8.241041
ladder,4,20,D,305,8.230917
ladder,4,20,D,306,8.220625
ladder,4,20,D,307,8.197750
ladder,4,20,D,308,8.243792
ladder,4,20,D,309,8.195916
ladder,4,20,D,310,8.259667
ladder,4,20,D,311,8.215792
ladder,4,20,D,312,8.229542
ladder,4,20,D,313,8.190291
ladder,4,20,D,314,8.249583
ladder,4,20,D,315,8.204084
ladder,4,20,D,316,8.255875
ladder,4,20,D,317,8.222750
ladder,4,20,D,318,8.256000
ladder,4,20,D,319,8.212750
ladder,4,20,D,320,8.244000
ladder,4,20,D,321,8.278667
ladder,4,20,D,322,8.345375
ladder,4,20,D,323,8.305291
ladder,4,20,D,324,8.307125
ladder,4,20,D,325,8.240000
ladder,4,20,D,326,8.304708
ladder,4,20,D,327,8.229000
ladder,4,20,D,328,8.295750
ladder,4,20,D,329,8.225667
ladder,4,20,D,330,8.283500
ladder,4,20,D,331,8.206209
ladder,4,20,D,332,8.274958
ladder,4,20,D,333,8.244500
ladder,4,20,D,334,8.302750
ladder,4,20,D,335,8.313334
ladder,4,20,D,336,8.289458
ladder,4,20,D,337,8.213625
ladder,4,20,D,338,8.312666
ladder,4,20,D,339,8.212042
ladder,4,20,D,340,8.290792
ladder,4,20,D,341,8.220083
ladder,4,20,D,342,8.280583
ladder,4,20,D,343,8.232375
ladder,4,20,D,344,8.252208
ladder,4,20,D,345,8.225167
ladder,4,20,D,346,8.262125
ladder,4,20,D,347,8.248875
ladder,4,20,D,348,8.307916
ladder,4,20,D,349,8.241125
ladder,4,20,D,350,8.242209
ladder,4,20,D,351,8.256292
ladder,4,20,D,352,8.279792
ladder,4,20,D,353,8.221417
ladder,4,20,D,354,8.295334
ladder,4,20,D,355,8.248875
ladder,4,20,D,356,8.255416
ladder,4,20,D,357,8.238917
ladder,4,20,D,358,8.264583
ladder,4,20,D,359,8.225125
ladder,4,20,D,360,8.241042
ladder,4,20,D,361,8.223916
ladder,4,20,D,362,8.242333
ladder,4,20,D,363,8.245167
ladder,4,20,D,364,8.266167
ladder,4,20,D,365,8.237708
ladder,4,20,D,366,8.230750
ladder,4,20,D,367,8.226583
ladder,4,20,D,368,8.234292
ladder,4,20,D,369,8.236834
ladder,4,20,D,370,8.242042
ladder,4,20,D,371,8.220375
ladder,4,20,D,372,8.240250
ladder,4,20,D,373,8.232625
ladder,4,20,D,374,8.242625
ladder,4,20,D,375,8.244584
ladder,4,20,D,376,8.249416
ladder,4,20,D,377,8.212208
ladder,4,20,D,378,8.218458
ladder,4,20,D,379,8.220042
ladder,4,20,D,380,8.265209
ladder,4,20,D,381,8.216833
ladder,4,20,D,382,8.269125
ladder,4,20,D,383,8.212500
ladder,4,20,D,384,8.239583
ladder,4,20,D,385,8.255833
ladder,4,20,D,386,8.255083
ladder,4,20,D,387,8.278875
ladder,4,20,D,388,8.255083
ladder,4,20,D,389,8.233833
ladder,4,20,D,390,8.252834
ladder,4,20,D,391,8.261459
ladder,4,20,D,392,8.255125
ladder,4,20,D,393,8.269542
ladder,4,20,D,394,8.251584
ladder,4,20,D,395,8.246250
ladder,4,20,D,396,8.244916
ladder,4,20,D,397,8.279125
ladder,4,20,D,398,8.223916
ladder,4,20,D,399,8.266792
ladder,4,20,D,400,8.264958
ladder,4,20,D,401,8.285958
ladder,4,20,D,402,8.250125
ladder,4,20,D,403,8.250875
ladder,4,20,D,404,8.252208
ladder,4,20,D,405,8.275292
ladder,4,20,D,406,8.242208
ladder,4,20,D,407,8.233125
ladder,4,20,D,408,8.232583
ladder,4,20,D,409,8.284667
ladder,4,20,D,410,8.234000
ladder,4,20,D,411,8.254375
ladder,4,20,D,412,8.246458
ladder,4,20,D,413,8.309333
ladder,4,20,D,414,8.244625
ladder,4,20,D,415,8.277542
ladder,4,20,D,416,8.244458
ladder,4,20,D,417,8.259834
ladder,4,20,D,418,8.251083
ladder,4,20,D,419,8.270667
ladder,4,20,D,420,8.310208
ladder,4,20,D,421,8.263708
ladder,4,20,D,422,8.285333
ladder,4,20,D,423,8.363000
ladder,4,20,D,424,8.269625
ladder,4,20,D,425,8.251708
ladder,4,20,D,426,8.238542
ladder,4,20,D,427,8.318083
ladder,4,20,D,428,8.240209
ladder,4,20,D,429,8.261959
ladder,4,20,D,430,8.243375
ladder,4,20,D,431,8.299416
ladder,4,20,D,432,8.244416
ladder,4,20,D,433,8.314500
ladder,4,20,D,434,8.222541
ladder,4,20,D,435,8.315625
ladder,4,20,D,436,8.259792
ladder,4,20,D,437,8.322083
ladder,4,20,D,438,8.264417
ladder,4,20,D,439,8.307250
ladder,4,20,D,440,8.252375
ladder,4,20,D,441,8.316958
ladder,4,20,D,442,8.250500
ladder,4,20,D,443,8.331209
ladder,4,20,D,444,8.264042
ladder,4,20,D,445,8.374542
ladder,4,20,D,446,8.301834
ladder,4,20,D,447,8.282375
ladder,4,20,D,448,8.288709
ladder,4,20,D,449,8.324291
ladder,4,20,D,450,8.296334
ladder,4,20,D,451,8.319708
ladder,4,20,D,452,8.339084
ladder,4,20,D,453,8.289084
ladder,4,20,D,454,8.368042
ladder,4,20,D,455,8.314042
ladder,4,20,D,456,8.345792
ladder,4,20,D,457,8.296417
ladder,4,20,D,458,8.367583
ladder,4,20,D,459,8.280917
ladder,4,20,D,460,8.260959
ladder,4,20,D,461,8.298625
ladder,4,20,D,462,8.240084
ladder,4,20,D,463,8.334209
ladder,4,20,D,464,8.252042
ladder,4,20,D,465,8.310542
ladder,4,20,D,466,8.245958
ladder,4,20,D,467,8.312375
ladder,4,20,D,468,8.258750
ladder,4,20,D,469,8.295250
ladder,4,20,D,470,8.261833
ladder,4,20,D,471,8.293459
ladder,4,20,D,472,8.297000
ladder,4,20,D,473,8.280166
ladder,4,20,D,474,8.276292
ladder,4,20,D,475,8.304417
ladder,4,20,D,476,8.266709
ladder,4,20,D,477,8.321916
ladder,4,20,D,478,8.264125
ladder,4,20,D,479,8.289416
ladder,4,20,D,480,8.262958
ladder,4,20,D,481,8.291125
ladder,4,20,D,482,8.246209
ladder,4,20,D,483,8.279458
ladder,4,20,D,484,8.263416
ladder,4,20,D,485,8.310542
ladder,4,20,D,486,8.280791
ladder,4,20,D,487,8.265291
ladder,4,20,D,488,8.274333
ladder,4,20,D,489,8.267167
ladder,4,20,D,490,8.275209
ladder,4,20,D,491,8.280500
ladder,4,20,D,492,8.283000
ladder,4,20,D,493,8.289792
ladder,4,20,D,494,8.261125
ladder,4,20,D,495,8.277292
ladder,4,20,D,496,8.296083
ladder,4,20,D,497,8.280500
ladder,4,20,D,498,8.222916
ladder,4,20,D,499,8.283500
ladder,4,20,D,500,8.298083
ladder,4,20,D,501,8.287709
ladder,4,20,D,502,8.265417
ladder,4,20,D,503,8.318250
ladder,4,20,D,504,8.277459
ladder,4,20,D,505,8.290958
ladder,4,20,D,506,8.312000
ladder,4,20,D,507,8.298125
ladder,4,20,D,508,8.277208
ladder,4,20,D,509,8.333833
ladder,4,20,D,510,8.263583
ladder,4,20,D,511,8.305541
ladder,4,21,B,1,8.276666
ladder,4,21,B,2,8.201667
ladder,4,21,B,3,8.122500
ladder,4,21,B,4,8.190500
ladder,4,21,B,5,8.107833
ladder,4,21,B,6,8.292041
ladder,4,21,B,7,8.153708
ladder,4,21,B,8,8.183583
ladder,4,21,B,9,8.128792
ladder,4,21,B,10,8.148750
ladder,4,21,B,11,8.136875
ladder,4,21,B,12,8.181208
ladder,4,21,B,13,8.108417
ladder,4,21,B,14,8.144708
ladder,4,21,B,15,8.132292
ladder,4,21,B,16,8.174000
ladder,4,21,B,17,8.089833
ladder,4,21,B,18,8.130917
ladder,4,21,B,19,8.123250
ladder,4,21,B,20,8.155917
ladder,4,21,B,21,8.122375
ladder,4,21,B,22,8.155541
ladder,4,21,B,23,8.130916
ladder,4,21,B,24,8.132375
ladder,4,21,B,25,8.112583
ladder,4,21,B,26,8.133709
ladder,4,21,B,27,8.144542
ladder,4,21,B,28,8.156708
ladder,4,21,B,29,8.181875
ladder,4,21,B,30,8.110667
ladder,4,21,B,31,8.143959
ladder,4,21,B,32,8.145292
ladder,4,21,B,33,8.145000
ladder,4,21,B,34,8.137209
ladder,4,21,B,35,8.164875
ladder,4,21,B,36,8.142250
ladder,4,21,B,37,8.155083
ladder,4,21,B,38,8.141292
ladder,4,21,B,39,8.139083
ladder,4,21,B,40,8.098792
ladder,4,21,B,41,8.154292
ladder,4,21,B,42,8.128833
ladder,4,21,B,43,8.175542
ladder,4,21,B,44,8.139042
ladder,4,21,B,45,8.166750
ladder,4,21,B,46,8.090916
ladder,4,21,B,47,8.160000
ladder,4,21,B,48,8.128666
ladder,4,21,B,49,8.158458
ladder,4,21,B,50,8.140584
ladder,4,21,B,51,8.166333
ladder,4,21,B,52,8.135833
ladder,4,21,B,53,8.243000
ladder,4,21,B,54,8.152209
ladder,4,21,B,55,8.171250
ladder,4,21,B,56,8.125875
ladder,4,21,B,57,8.155208
ladder,4,21,B,58,8.093250
ladder,4,21,B,59,8.143959
ladder,4,21,B,60,8.140041
ladder,4,21,B,61,8.114583
ladder,4,21,B,62,8.136792
ladder,4,21,B,63,8.133416
ladder,4,21,B,64,8.103459
ladder,4,21,B,65,8.129083
ladder,4,21,B,66,8.104250
ladder,4,21,B,67,8.164792
ladder,4,21,B,68,8.132667
ladder,4,21,B,69,8.130417
ladder,4,21,B,70,8.113500
ladder,4,21,B,71,8.133417
ladder,4,21,B,72,8.134750
ladder,4,21,B,73,8.153834
ladder,4,21,B,74,8.159791
ladder,4,21,B,75,8.102750
ladder,4,21,B,76,8.133209
ladder,4,21,B,77,8.072625
ladder,4,21,B,78,8.118917
ladder,4,21,B,79,8.142125
ladder,4,21,B,80,8.167875
ladder,4,21,B,81,8.285708
ladder,4,21,B,82,8.146791
ladder,4,21,B,83,8.146917
ladder,4,21,B,84,8.160292
ladder,4,21,B,85,8.141541
ladder,4,21,B,86,8.184958
ladder,4,21,B,87,8.146375
ladder,4,21,B,88,8.170792
ladder,4,21,B,89,8.115333
ladder,4,21,B,90,8.157208
ladder,4,21,B,91,8.127708
ladder,4,21,B,92,8.207333
ladder,4,21,B,93,8.120333
ladder,4,21,B,94,8.217292
ladder,4,21,B,95,8.137334
ladder,4,21,B,96,8.182750
ladder,4,21,B,97,8.129083
ladder,4,21,B,98,8.200583
ladder,4,21,B,99,8.133167
ladder,4,21,B,100,8.199833
ladder,4,21,B,101,8.136416
ladder,4,21,B,102,8.165834
ladder,4,21,B,103,8.149375
ladder,4,21,B,104,8.137958
ladder,4,21,B,105,8.153584
ladder,4,21,B,106,8.179958
ladder,4,21,B,107,8.128833
ladder,4,21,B,108,8.160541
ladder,4,21,B,109,8.143667
ladder,4,21,B,110,8.186666
ladder,4,21,B,111,8.244375
ladder,4,21,B,112,8.282333
ladder,4,21,B,113,8.259042
ladder,4,21,B,114,8.204500
ladder,4,21,B,115,8.160250
ladder,4,21,B,116,8.180792
ladder,4,21,B,117,8.139750
ladder,4,21,B,118,8.156167
ladder,4,21,B,119,8.168209
ladder,4,21,B,120,8.157834
ladder,4,21,B,121,8.146167
ladder,4,21,B,122,8.146375
ladder,4,21,B,123,8.170708
ladder,4,21,B,124,8.159083
ladder,4,21,B,125,8.146667
ladder,4,21,B,126,8.189208
ladder,4,21,B,127,8.173958
ladder,4,21,B,128,8.175542
ladder,4,21,B,129,8.162625
ladder,4,21,B,130,8.167542
ladder,4,21,B,131,8.142125
ladder,4,21,B,132,8.136417
ladder,4,21,B,133,8.167208
ladder,4,21,B,134,8.141917
ladder,4,21,B,135,8.202833
ladder,4,21,B,136,8.158500
ladder,4,21,B,137,8.195875
ladder,4,21,B,138,8.197375
ladder,4,21,B,139,8.174625
ladder,4,21,B,140,8.156250
ladder,4,21,B,141,8.210000
ladder,4,21,B,142,8.260208
ladder,4,21,B,143,8.296667
ladder,4,21,B,144,8.155584
ladder,4,21,B,145,8.220625
ladder,4,21,B,146,8.178541
ladder,4,21,B,147,8.194000
ladder,4,21,B,148,8.144042
ladder,4,21,B,149,8.197083
ladder,4,21,B,150,8.156750
ladder,4,21,B,151,8.269208
ladder,4,21,B,152,8.146875
ladder,4,21,B,153,8.202042
ladder,4,21,B,154,8.149500
ladder,4,21,B,155,8.204917
ladder,4,21,B,156,8.154959
ladder,4,21,B,157,8.171500
ladder,4,21,B,158,8.154166
ladder,4,21,B,159,8.196042
ladder,4,21,B,160,8.180791
ladder,4,21,B,161,8.207250
ladder,4,21,B,162,8.138333
ladder,4,21,B,163,8.184708
ladder,4,21,B,164,8.155833
ladder,4,21,B,165,8.197833
ladder,4,21,B,166,8.156500
ladder,4,21,B,167,8.173834
ladder,4,21,B,168,8.180000
ladder,4,21,B,169,8.179875
ladder,4,21,B,170,8.157959
ladder,4,21,B,171,8.175208
ladder,4,21,B,172,8.179042
ladder,4,21,B,173,8.210209
ladder,4,21,B,174,8.192459
ladder,4,21,B,175,8.188083
ladder,4,21,B,176,8.157375
ladder,4,21,B,177,8.174125
ladder,4,21,B,178,8.167000
ladder,4,21,B,179,8.159292
ladder,4,21,B,180,8.145125
ladder,4,21,B,181,8.158250
ladder,4,21,B,182,8.231666
ladder,4,21,B,183,8.159459
ladder,4,21,B,184,8.153250
ladder,4,21,B,185,8.175667
ladder,4,21,B,186,8.191875
ladder,4,21,B,187,8.143667
ladder,4,21,B,188,8.178250
ladder,4,21,B,189,8.159375
ladder,4,21,B,190,8.170125
ladder,4,21,B,191,8.169041
ladder,4,21,B,192,8.169667
ladder,4,21,B,193,8.144208
ladder,4,21,B,194,8.156000
ladder,4,21,B,195,8.170959
ladder,4,21,B,196,8.182292
ladder,4,21,B,197,8.158833
ladder,4,21,B,198,8.192792
ladder,4,21,B,199,8.130625
ladder,4,21,B,200,8.167625
ladder,4,21,B,201,8.141042
ladder,4,21,B,202,8.197709
ladder,4,21,B,203,8.157708
ladder,4,21,B,204,8.188292
ladder,4,21,B,205,8.146000
ladder,4,21,B,206,8.201208
ladder,4,21,B,207,8.158458
ladder,4,21,B,208,8.249000
ladder,4,21,B,209,8.170667
ladder,4,21,B,210,8.201167
ladder,4,21,B,211,8.129209
ladder,4,21,B,212,8.204583
ladder,4,21,B,213,8.149125
ladder,4,21,B,214,8.222042
ladder,4,21,B,215,8.148625
ladder,4,21,B,216,8.221125
ladder,4,21,B,217,8.151500
ladder,4,21,B,218,8.197375
ladder,4,21,B,219,8.158708
ladder,4,21,B,220,8.189209
ladder,4,21,B,221,8.173833
ladder,4,21,B,222,8.193958
ladder,4,21,B,223,8.181792
ladder,4,21,B,224,8.186583
ladder,4,21,B,225,8.163000
ladder,4,21,B,226,8.179125
ladder,4,21,B,227,8.197000
ladder,4,21,B,228,8.169875
ladder,4,21,B,229,8.157500
ladder,4,21,B,230,8.192334
ladder,4,21,B,231,8.175041
ladder,4,21,B,232,8.184208
ladder,4,21,B,233,8.173083
ladder,4,21,B,234,8.220834
ladder,4,21,B,235,8.204917
ladder,4,21,B,236,8.179084
ladder,4,21,B,237,8.204834
ladder,4,21,B,238,8.181750
ladder,4,21,B,239,8.199417
ladder,4,21,B,240,8.155792
ladder,4,21,B,241,8.205000
ladder,4,21,B,242,8.141125
ladder,4,21,B,243,8.251625
ladder,4,21,B,244,8.166166
ladder,4,21,B,245,8.200709
ladder,4,21,B,246,8.202208
ladder,4,21,B,247,8.220375
ladder,4,21,B,248,8.180833
ladder,4,21,B,249,8.195583
ladder,4,21,B,250,8.167875
ladder,4,21,B,251,8.239375
ladder,4,21,B,252,8.177917
ladder,4,21,B,253,8.210042
ladder,4,21,B,254,8.167458
ladder,4,21,B,255,8.236709
ladder,4,21,B,256,8.883292
ladder,4,21,B,257,8.271792
ladder,4,21,B,258,8.187250
ladder,4,21,B,259,8.227959
ladder,4,21,B,260,8.165416
ladder,4,21,B,261,8.263958
ladder,4,21,B,262,8.165709
ladder,4,21,B,263,8.268167
ladder,4,21,B,264,8.187541
ladder,4,21,B,265,8.234959
ladder,4,21,B,266,8.177166
ladder,4,21,B,267,8.253459
ladder,4,21,B,268,8.187458
ladder,4,21,B,269,8.242250
ladder,4,21,B,270,8.219541
ladder,4,21,B,271,8.232791
ladder,4,21,B,272,8.222625
ladder,4,21,B,273,8.212417
ladder,4,21,B,274,8.170667
ladder,4,21,B,275,8.203375
ladder,4,21,B,276,8.204042
ladder,4,21,B,277,8.203417
ladder,4,21,B,278,8.184416
ladder,4,21,B,279,8.216000
ladder,4,21,B,280,8.224375
ladder,4,21,B,281,8.311000
ladder,4,21,B,282,8.210625
ladder,4,21,B,283,8.218833
ladder,4,21,B,284,8.176542
ladder,4,21,B,285,8.204000
ladder,4,21,B,286,8.214542
ladder,4,21,B,287,8.249917
ladder,4,21,B,288,8.189250
ladder,4,21,B,289,8.213833
ladder,4,21,B,290,8.199042
ladder,4,21,B,291,8.228000
ladder,4,21,B,292,8.211250
ladder,4,21,B,293,8.241167
ladder,4,21,B,294,8.209333
ladder,4,21,B,295,8.211041
ladder,4,21,B,296,8.211250
ladder,4,21,B,297,8.223875
ladder,4,21,B,298,8.199583
ladder,4,21,B,299,8.226584
ladder,4,21,B,300,8.246125
ladder,4,21,B,301,8.201833
ladder,4,21,B,302,8.198167
ladder,4,21,B,303,8.199250
ladder,4,21,B,304,8.200958
ladder,4,21,B,305,8.253042
ladder,4,21,B,306,8.184042
ladder,4,21,B,307,8.203875
ladder,4,21,B,308,8.211459
ladder,4,21,B,309,8.205334
ladder,4,21,B,310,8.222250
ladder,4,21,B,311,8.207417
ladder,4,21,B,312,8.201250
ladder,4,21,B,313,8.193458
ladder,4,21,B,314,8.192125
ladder,4,21,B,315,8.190042
ladder,4,21,B,316,8.227417
ladder,4,21,B,317,8.182167
ladder,4,21,B,318,8.182958
ladder,4,21,B,319,8.206375
ladder,4,21,B,320,8.200792
ladder,4,21,B,321,8.141958
ladder,4,21,B,322,8.182083
ladder,4,21,B,323,8.212708
ladder,4,21,B,324,8.210625
ladder,4,21,B,325,8.186000
ladder,4,21,B,326,8.205667
ladder,4,21,B,327,8.198834
ladder,4,21,B,328,8.262917
ladder,4,21,B,329,8.202375
ladder,4,21,B,330,8.241125
ladder,4,21,B,331,8.199042
ladder,4,21,B,332,8.273417
ladder,4,21,B,333,8.213084
ladder,4,21,B,334,8.298250
ladder,4,21,B,335,8.385667
ladder,4,21,B,336,8.433250
ladder,4,21,B,337,8.457292
ladder,4,21,B,338,8.480958
ladder,4,21,B,339,8.437875
ladder,4,21,B,340,8.454083
ladder,4,21,B,341,8.427250
ladder,4,21,B,342,8.453917
ladder,4,21,B,343,8.446834
ladder,4,21,B,344,8.467416
ladder,4,21,B,345,8.473250
ladder,4,21,B,346,8.444833
ladder,4,21,B,347,8.470250
ladder,4,21,B,348,8.450417
ladder,4,21,B,349,8.436875
ladder,4,21,B,350,8.276792
ladder,4,21,B,351,8.239875
ladder,4,21,B,352,8.246333
ladder,4,21,B,353,8.208041
ladder,4,21,B,354,8.268625
ladder,4,21,B,355,8.252125
ladder,4,21,B,356,8.222041
ladder,4,21,B,357,8.203166
ladder,4,21,B,358,8.248333
ladder,4,21,B,359,8.242208
ladder,4,21,B,360,8.225291
ladder,4,21,B,361,8.219666
ladder,4,21,B,362,8.254875
ladder,4,21,B,363,8.217708
ladder,4,21,B,364,8.251916
ladder,4,21,B,365,8.210291
ladder,4,21,B,366,8.269417
ladder,4,21,B,367,8.208042
ladder,4,21,B,368,8.286917
ladder,4,21,B,369,8.318583
ladder,4,21,B,370,8.282708
ladder,4,21,B,371,8.218959
ladder,4,21,B,372,8.348917
ladder,4,21,B,373,8.220417
ladder,4,21,B,374,8.267958
ladder,4,21,B,375,8.209708
ladder,4,21,B,376,8.271500
ladder,4,21,B,377,8.221417
ladder,4,21,B,378,8.294875
ladder,4,21,B,379,8.233625
ladder,4,21,B,380,8.275959
ladder,4,21,B,381,8.216708
ladder,4,21,B,382,8.268541
ladder,4,21,B,383,8.213917
ladder,4,21,B,384,8.249708
ladder,4,21,B,385,8.203458
ladder,4,21,B,386,8.265375
ladder,4,21,B,387,8.240292
ladder,4,21,B,388,8.256958
ladder,4,21,B,389,8.216916
ladder,4,21,B,390,8.270417
ladder,4,21,B,391,8.209292
ladder,4,21,B,392,8.320125
ladder,4,21,B,393,8.219416
ladder,4,21,B,394,8.238208
ladder,4,21,B,395,8.232458
ladder,4,21,B,396,8.259709
ladder,4,21,B,397,8.212750
ladder,4,21,B,398,8.242917
ladder,4,21,B,399,8.210333
ladder,4,21,B,400,8.232416
ladder,4,21,B,401,8.229792
ladder,4,21,B,402,8.274792
ladder,4,21,B,403,8.232416
ladder,4,21,B,404,8.260750
ladder,4,21,B,405,8.221125
ladder,4,21,B,406,8.268417
ladder,4,21,B,407,8.232792
ladder,4,21,B,408,8.244375
ladder,4,21,B,409,8.229333
ladder,4,21,B,410,8.224416
ladder,4,21,B,411,8.234334
ladder,4,21,B,412,8.229000
ladder,4,21,B,413,8.235250
ladder,4,21,B,414,8.237583
ladder,4,21,B,415,8.222333
ladder,4,21,B,416,8.252917
ladder,4,21,B,417,8.221125
ladder,4,21,B,418,8.221791
ladder,4,21,B,419,8.238041
ladder,4,21,B,420,8.246667
ladder,4,21,B,421,8.216084
ladder,4,21,B,422,8.239958
ladder,4,21,B,423,8.268084
ladder,4,21,B,424,8.247250
ladder,4,21,B,425,8.224958
ladder,4,21,B,426,8.267875
ladder,4,21,B,427,8.221083
ladder,4,21,B,428,8.226792
ladder,4,21,B,429,8.237084
ladder,4,21,B,430,8.226291
ladder,4,21,B,431,8.245875
ladder,4,21,B,432,8.257125
ladder,4,21,B,433,8.197250
ladder,4,21,B,434,8.239542
ladder,4,21,B,435,8.238000
ladder,4,21,B,436,8.227542
ladder,4,21,B,437,8.222625
ladder,4,21,B,438,8.240375
ladder,4,21,B,439,8.244458
ladder,4,21,B,440,8.224000
ladder,4,21,B,441,8.228375
ladder,4,21,B,442,8.186958
ladder,4,21,B,443,8.247083
ladder,4,21,B,444,8.194833
ladder,4,21,B,445,8.213458
ladder,4,21,B,446,8.200750
ladder,4,21,B,447,8.245917
ladder,4,21,B,448,8.206625
ladder,4,21,B,449,8.299042
ladder,4,21,B,450,8.194250
ladder,4,21,B,451,8.305583
ladder,4,21,B,452,8.267875
ladder,4,21,B,453,8.243208
ladder,4,21,B,454,8.273958
ladder,4,21,B,455,8.389584
ladder,4,21,B,456,8.232375
ladder,4,21,B,457,8.267458
ladder,4,21,B,458,8.241417
ladder,4,21,B,459,8.256917
ladder,4,21,B,460,8.145750
ladder,4,21,B,461,8.184667
ladder,4,21,B,462,8.178417
ladder,4,21,B,463,8.347125
ladder,4,21,B,464,8.278833
ladder,4,21,B,465,8.178375
ladder,4,21,B,466,8.091750
ladder,4,21,B,467,8.309125
ladder,4,21,B,468,8.371625
ladder,4,21,B,469,8.445708
ladder,4,21,B,470,8.184083
ladder,4,21,B,471,8.288792
ladder,4,21,B,472,8.314375
ladder,4,21,B,473,8.290459
ladder,4,21,B,474,8.274167
ladder,4,21,B,475,8.346416
ladder,4,21,B,476,8.304584
ladder,4,21,B,477,8.318459
ladder,4,21,B,478,8.251167
ladder,4,21,B,479,8.304417
ladder,4,21,B,480,8.252167
ladder,4,21,B,481,8.280208
ladder,4,21,B,482,8.270500
ladder,4,21,B,483,8.254167
ladder,4,21,B,484,8.250083
ladder,4,21,B,485,8.268917
ladder,4,21,B,486,8.238792
ladder,4,21,B,487,8.260500
ladder,4,21,B,488,8.253417
ladder,4,21,B,489,8.288459
ladder,4,21,B,490,8.251917
ladder,4,21,B,491,8.310625
ladder,4,21,B,492,8.253541
ladder,4,21,B,493,8.291125
ladder,4,21,B,494,8.265250
ladder,4,21,B,495,8.300000
ladder,4,21,B,496,8.286458
ladder,4,21,B,497,8.292500
ladder,4,21,B,498,8.245875
ladder,4,21,B,499,8.298917
ladder,4,21,B,500,8.287750
ladder,4,21,B,501,8.292709
ladder,4,21,B,502,8.266500
ladder,4,21,B,503,8.287083
ladder,4,21,B,504,8.256125
ladder,4,21,B,505,8.281417
ladder,4,21,B,506,8.247375
ladder,4,21,B,507,8.296500
ladder,4,21,B,508,8.244333
ladder,4,21,B,509,8.266667
ladder,4,21,B,510,8.270250
ladder,4,21,B,511,8.282625
ladder,4,22,B,1,8.274375
ladder,4,22,B,2,8.143250
ladder,4,22,B,3,8.174917
ladder,4,22,B,4,8.130125
ladder,4,22,B,5,8.121625
ladder,4,22,B,6,8.111459
ladder,4,22,B,7,8.165167
ladder,4,22,B,8,8.112792
ladder,4,22,B,9,8.173292
ladder,4,22,B,10,8.096917
ladder,4,22,B,11,8.150042
ladder,4,22,B,12,8.090750
ladder,4,22,B,13,8.136125
ladder,4,22,B,14,8.135542
ladder,4,22,B,15,8.164625
ladder,4,22,B,16,8.134042
ladder,4,22,B,17,8.112916
ladder,4,22,B,18,8.115625
ladder,4,22,B,19,8.107083
ladder,4,22,B,20,8.154458
ladder,4,22,B,21,8.110375
ladder,4,22,B,22,8.112208
ladder,4,22,B,23,8.101083
ladder,4,22,B,24,8.109042
ladder,4,22,B,25,8.094250
ladder,4,22,B,26,8.123875
ladder,4,22,B,27,8.101042
ladder,4,22,B,28,8.119042
ladder,4,22,B,29,8.082167
ladder,4,22,B,30,8.160333
ladder,4,22,B,31,8.114250
ladder,4,22,B,32,8.143833
ladder,4,22,B,33,8.137500
ladder,4,22,B,34,8.179416
ladder,4,22,B,35,8.125250
ladder,4,22,B,36,8.161916
ladder,4,22,B,37,8.106375
ladder,4,22,B,38,8.179083
ladder,4,22,B,39,8.111166
ladder,4,22,B,40,8.159292
ladder,4,22,B,41,8.103083
ladder,4,22,B,42,8.149708
ladder,4,22,B,43,8.123750
ladder,4,22,B,44,8.182000
ladder,4,22,B,45,8.114875
ladder,4,22,B,46,8.140292
ladder,4,22,B,47,8.121542
ladder,4,22,B,48,8.147292
ladder,4,22,B,49,8.114208
ladder,4,22,B,50,8.160500
ladder,4,22,B,51,8.121250
ladder,4,22,B,52,8.153750
ladder,4,22,B,53,8.133167
ladder,4,22,B,54,8.131083
ladder,4,22,B,55,8.114375
ladder,4,22,B,56,8.132875
ladder,4,22,B,57,8.115583
ladder,4,22,B,58,8.134292
ladder,4,22,B,59,8.128375
ladder,4,22,B,60,8.121000
ladder,4,22,B,61,8.112083
ladder,4,22,B,62,8.111334
ladder,4,22,B,63,8.138167
ladder,4,22,B,64,8.123750
ladder,4,22,B,65,8.118500
ladder,4,22,B,66,8.118792
ladder,4,22,B,67,8.105625
ladder,4,22,B,68,8.148042
ladder,4,22,B,69,8.125042
ladder,4,22,B,70,8.117292
ladder,4,22,B,71,8.114125
ladder,4,22,B,72,8.114709
ladder,4,22,B,73,8.116375
ladder,4,22,B,74,8.133125
ladder,4,22,B,75,8.175250
ladder,4,22,B,76,8.222708
ladder,4,22,B,77,8.142333
ladder,4,22,B,78,8.097500
ladder,4,22,B,79,8.149916
ladder,4,22,B,80,8.111208
ladder,4,22,B,81,8.146000
ladder,4,22,B,82,8.111667
ladder,4,22,B,83,8.186083
ladder,4,22,B,84,8.147625
ladder,4,22,B,85,8.168375
ladder,4,22,B,86,8.148250
ladder,4,22,B,87,8.176791
ladder,4,22,B,88,8.110959
ladder,4,22,B,89,8.170750
ladder,4,22,B,90,8.116875
ladder,4,22,B,91,8.134750
ladder,4,22,B,92,8.164875
ladder,4,22,B,93,8.147375
ladder,4,22,B,94,8.172750
ladder,4,22,B,95,8.180250
ladder,4,22,B,96,8.131541
ladder,4,22,B,97,8.150250
ladder,4,22,B,98,8.147042
ladder,4,22,B,99,8.159708
ladder,4,22,B,100,8.130083
ladder,4,22,B,101,8.147125
ladder,4,22,B,102,8.173042
ladder,4,22,B,103,8.145875
ladder,4,22,B,104,8.149375
ladder,4,22,B,105,8.163666
ladder,4,22,B,106,8.216334
ladder,4,22,B,107,8.273292
ladder,4,22,B,108,8.272125
ladder,4,22,B,109,8.163834
ladder,4,22,B,110,8.163334
ladder,4,22,B,111,8.123625
ladder,4,22,B,112,8.159041
ladder,4,22,B,113,8.102708
ladder,4,22,B,114,8.165250
ladder,4,22,B,115,8.105750
ladder,4,22,B,116,8.150292
ladder,4,22,B,117,8.149666
ladder,4,22,B,118,8.166542
ladder,4,22,B,119,8.140583
ladder,4,22,B,120,8.175042
ladder,4,22,B,121,8.146625
ladder,4,22,B,122,8.161292
ladder,4,22,B,123,8.133334
ladder,4,22,B,124,8.180625
ladder,4,22,B,125,8.137292
ladder,4,22,B,126,8.194083
ladder,4,22,B,127,8.152917
ladder,4,22,B,128,8.185833
ladder,4,22,B,129,8.210875
ladder,4,22,B,130,8.192750
ladder,4,22,B,131,8.175000
ladder,4,22,B,132,8.157708
ladder,4,22,B,133,8.169584
ladder,4,22,B,134,8.172458
ladder,4,22,B,135,8.128917
ladder,4,22,B,136,8.184084
ladder,4,22,B,137,8.222791
ladder,4,22,B,138,8.317375
ladder,4,22,B,139,8.170042
ladder,4,22,B,140,8.201417
ladder,4,22,B,141,8.176917
ladder,4,22,B,142,8.165000
ladder,4,22,B,143,8.176792
ladder,4,22,B,144,8.181042
ladder,4,22,B,145,8.114791
ladder,4,22,B,146,8.196709
ladder,4,22,B,147,8.155583
ladder,4,22,B,148,8.183333
ladder,4,22,B,149,8.106458
ladder,4,22,B,150,8.201417
ladder,4,22,B,151,8.151833
ladder,4,22,B,152,8.174791
ladder,4,22,B,153,8.143500
ladder,4,22,B,154,8.184500
ladder,4,22,B,155,8.161125
ladder,4,22,B,156,8.157709
ladder,4,22,B,157,8.177792
ladder,4,22,B,158,8.128833
ladder,4,22,B,159,8.151833
ladder,4,22,B,160,8.170458
ladder,4,22,B,161,8.165334
ladder,4,22,B,162,8.158958
ladder,4,22,B,163,8.164792
ladder,4,22,B,164,8.169625
ladder,4,22,B,165,8.190167
ladder,4,22,B,166,8.150416
ladder,4,22,B,167,8.171250
ladder,4,22,B,168,8.142292
ladder,4,22,B,169,8.200333
ladder,4,22,B,170,8.206042
ladder,4,22,B,171,8.172666
ladder,4,22,B,172,8.163792
ladder,4,22,B,173,8.197917
ladder,4,22,B,174,8.154708
ladder,4,22,B,175,8.186792
ladder,4,22,B,176,8.141584
ladder,4,22,B,177,8.190541
ladder,4,22,B,178,8.166917
ladder,4,22,B,179,8.154750
ladder,4,22,B,180,8.149708
ladder,4,22,B,181,8.181834
ladder,4,22,B,182,8.144375
ladder,4,22,B,183,8.238584
ladder,4,22,B,184,8.140166
ladder,4,22,B,185,8.159834
ladder,4,22,B,186,8.134459
ladder,4,22,B,187,8.172417
ladder,4,22,B,188,8.165500
ladder,4,22,B,189,8.184000
ladder,4,22,B,190,8.144291
ladder,4,22,B,191,8.148750
ladder,4,22,B,192,8.149708
ladder,4,22,B,193,8.154000
ladder,4,22,B,194,8.147041
ladder,4,22,B,195,8.164000
ladder,4,22,B,196,8.155041
ladder,4,22,B,197,8.189833
ladder,4,22,B,198,8.153666
ladder,4,22,B,199,8.150875
ladder,4,22,B,200,8.141417
ladder,4,22,B,201,8.155459
ladder,4,22,B,202,8.154708
ladder,4,22,B,203,8.155500
ladder,4,22,B,204,8.179291
ladder,4,22,B,205,8.189083
ladder,4,22,B,206,8.182417
ladder,4,22,B,207,8.179791
ladder,4,22,B,208,8.175667
ladder,4,22,B,209,8.189708
ladder,4,22,B,210,8.172542
ladder,4,22,B,211,8.151500
ladder,4,22,B,212,8.166666
ladder,4,22,B,213,8.155000
ladder,4,22,B,214,8.171000
ladder,4,22,B,215,8.150833
ladder,4,22,B,216,8.185209
ladder,4,22,B,217,8.176250
ladder,4,22,B,218,8.204000
ladder,4,22,B,219,8.146083
ladder,4,22,B,220,8.203417
ladder,4,22,B,221,8.177375
ladder,4,22,B,222,8.207958
ladder,4,22,B,223,8.170500
ladder,4,22,B,224,8.216458
ladder,4,22,B,225,8.177208
ladder,4,22,B,226,8.217125
ladder,4,22,B,227,8.164666
ladder,4,22,B,228,8.218125
ladder,4,22,B,229,8.148916
ladder,4,22,B,230,8.196542
ladder,4,22,B,231,8.158500
ladder,4,22,B,232,8.222333
ladder,4,22,B,233,8.202917
ladder,4,22,B,234,8.211250
ladder,4,22,B,235,8.160792
ladder,4,22,B,236,8.231959
ladder,4,22,B,237,8.174709
ladder,4,22,B,238,8.247333
ladder,4,22,B,239,8.158625
ladder,4,22,B,240,8.233583
ladder,4,22,B,241,8.166625
ladder,4,22,B,242,8.181375
ladder,4,22,B,243,8.165125
ladder,4,22,B,244,8.220125
ladder,4,22,B,245,8.201458
ladder,4,22,B,246,8.207959
ladder,4,22,B,247,8.206000
ladder,4,22,B,248,8.206333
ladder,4,22,B,249,8.172875
ladder,4,22,B,250,8.201209
ladder,4,22,B,251,8.164208
ladder,4,22,B,252,8.212209
ladder,4,22,B,253,8.178458
ladder,4,22,B,254,8.204042
ladder,4,22,B,255,8.163583
ladder,4,22,B,256,8.919417
ladder,4,22,B,257,8.261500
ladder,4,22,B,258,8.243000
ladder,4,22,B,259,8.200209
ladder,4,22,B,260,8.210333
ladder,4,22,B,261,8.180375
ladder,4,22,B,262,8.199959
ladder,4,22,B,263,8.182542
ladder,4,22,B,264,8.205125
ladder,4,22,B,265,8.195250
ladder,4,22,B,266,8.205292
ladder,4,22,B,267,8.191333
ladder,4,22,B,268,8.204000
ladder,4,22,B,269,8.166250
ladder,4,22,B,270,8.179375
ladder,4,22,B,271,8.172916
ladder,4,22,B,272,8.215875
ladder,4,22,B,273,8.194375
ladder,4,22,B,274,8.183125
ladder,4,22,B,275,8.189750
ladder,4,22,B,276,8.186416
ladder,4,22,B,277,8.185375
ladder,4,22,B,278,8.229875
ladder,4,22,B,279,8.210042
ladder,4,22,B,280,8.200042
ladder,4,22,B,281,8.210709
ladder,4,22,B,282,8.158167
ladder,4,22,B,283,8.192666
ladder,4,22,B,284,8.176333
ladder,4,22,B,285,8.195791
ladder,4,22,B,286,8.191875
ladder,4,22,B,287,8.232291
ladder,4,22,B,288,8.202708
ladder,4,22,B,289,8.215125
ladder,4,22,B,290,8.242459
ladder,4,22,B,291,8.196209
ladder,4,22,B,292,8.200167
ladder,4,22,B,293,8.198750
ladder,4,22,B,294,8.195834
ladder,4,22,B,295,8.251917
ladder,4,22,B,296,8.188084
ladder,4,22,B,297,8.210666
ladder,4,22,B,298,8.203292
ladder,4,22,B,299,8.331417
ladder,4,22,B,300,8.162916
ladder,4,22,B,301,8.207667
ladder,4,22,B,302,8.265291
ladder,4,22,B,303,8.204500
ladder,4,22,B,304,8.156375
ladder,4,22,B,305,8.200667
ladder,4,22,B,306,8.209750
ladder,4,22,B,307,8.207541
ladder,4,22,B,308,8.180958
ladder,4,22,B,309,8.196334
ladder,4,22,B,310,8.182833
ladder,4,22,B,311,8.217666
ladder,4,22,B,312,8.180458
ladder,4,22,B,313,8.205958
ladder,4,22,B,314,8.191709
ladder,4,22,B,315,8.203667
ladder,4,22,B,316,8.178541
ladder,4,22,B,317,8.183958
ladder,4,22,B,318,8.184584
ladder,4,22,B,319,8.214334
ladder,4,22,B,320,8.176000
ladder,4,22,B,321,8.155083
ladder,4,22,B,322,8.209208
ladder,4,22,B,323,8.203917
ladder,4,22,B,324,8.191084
ladder,4,22,B,325,8.183250
ladder,4,22,B,326,8.186541
ladder,4,22,B,327,8.209958
ladder,4,22,B,328,8.205208
ladder,4,22,B,329,8.233042
ladder,4,22,B,330,8.195917
ladder,4,22,B,331,8.325667
ladder,4,22,B,332,8.233583
ladder,4,22,B,333,8.223000
ladder,4,22,B,334,8.222125
ladder,4,22,B,335,8.198792
ladder,4,22,B,336,8.261875
ladder,4,22,B,337,8.210708
ladder,4,22,B,338,8.210041
ladder,4,22,B,339,8.230791
ladder,4,22,B,340,8.186125
ladder,4,22,B,341,8.204708
ladder,4,22,B,342,8.228041
ladder,4,22,B,343,8.221208
ladder,4,22,B,344,8.209500
ladder,4,22,B,345,8.170459
ladder,4,22,B,346,8.209334
ladder,4,22,B,347,8.204875
ladder,4,22,B,348,8.241208
ladder,4,22,B,349,8.256000
ladder,4,22,B,350,8.235209
ladder,4,22,B,351,8.220791
ladder,4,22,B,352,8.223625
ladder,4,22,B,353,8.200333
ladder,4,22,B,354,8.227000
ladder,4,22,B,355,8.220000
ladder,4,22,B,356,8.216541
ladder,4,22,B,357,8.191500
ladder,4,22,B,358,8.268500
ladder,4,22,B,359,8.237584
ladder,4,22,B,360,8.244542
ladder,4,22,B,361,8.192916
ladder,4,22,B,362,8.279666
ladder,4,22,B,363,8.209834
ladder,4,22,B,364,8.230167
ladder,4,22,B,365,8.225667
ladder,4,22,B,366,8.261541
ladder,4,22,B,367,8.213417
ladder,4,22,B,368,8.263959
ladder,4,22,B,369,8.209541
ladder,4,22,B,370,8.261208
ladder,4,22,B,371,8.204042
ladder,4,22,B,372,8.257541
ladder,4,22,B,373,8.281125
ladder,4,22,B,374,8.255750
ladder,4,22,B,375,8.210541
ladder,4,22,B,376,8.344625
ladder,4,22,B,377,8.234083
ladder,4,22,B,378,8.275458
ladder,4,22,B,379,8.182334
ladder,4,22,B,380,8.274083
ladder,4,22,B,381,8.178583
ladder,4,22,B,382,8.281334
ladder,4,22,B,383,8.215500
ladder,4,22,B,384,8.255666
ladder,4,22,B,385,8.203416
ladder,4,22,B,386,8.248041
ladder,4,22,B,387,8.232833
ladder,4,22,B,388,8.238709
ladder,4,22,B,389,8.219417
ladder,4,22,B,390,8.210416
ladder,4,22,B,391,8.270917
ladder,4,22,B,392,8.233125
ladder,4,22,B,393,8.232250
ladder,4,22,B,394,8.257875
ladder,4,22,B,395,8.239917
ladder,4,22,B,396,8.271333
ladder,4,22,B,397,8.216791
ladder,4,22,B,398,8.235125
ladder,4,22,B,399,8.216625
ladder,4,22,B,400,8.307000
ladder,4,22,B,401,8.219792
ladder,4,22,B,402,8.246708
ladder,4,22,B,403,8.235958
ladder,4,22,B,404,8.243708
ladder,4,22,B,405,8.218583
ladder,4,22,B,406,8.235542
ladder,4,22,B,407,8.215667
ladder,4,22,B,408,8.209792
ladder,4,22,B,409,8.204000
ladder,4,22,B,410,8.252833
ladder,4,22,B,411,8.218750
ladder,4,22,B,412,8.231208
ladder,4,22,B,413,8.243334
ladder,4,22,B,414,8.256459
ladder,4,22,B,415,8.227875
ladder,4,22,B,416,8.235667
ladder,4,22,B,417,8.219750
ladder,4,22,B,418,8.249375
ladder,4,22,B,419,8.238916
ladder,4,22,B,420,8.249500
ladder,4,22,B,421,8.237375
ladder,4,22,B,422,8.211916
ladder,4,22,B,423,8.236292
ladder,4,22,B,424,8.226250
ladder,4,22,B,425,8.198250
ladder,4,22,B,426,8.202709
ladder,4,22,B,427,8.210416
ladder,4,22,B,428,8.225625
ladder,4,22,B,429,8.217000
ladder,4,22,B,430,8.217083
ladder,4,22,B,431,8.221917
ladder,4,22,B,432,8.220792
ladder,4,22,B,433,8.227000
ladder,4,22,B,434,8.233042
ladder,4,22,B,435,8.235500
ladder,4,22,B,436,8.230500
ladder,4,22,B,437,8.227791
ladder,4,22,B,438,8.251000
ladder,4,22,B,439,8.257792
ladder,4,22,B,440,8.231834
ladder,4,22,B,441,8.219083
ladder,4,22,B,442,8.196125
ladder,4,22,B,443,8.207583
ladder,4,22,B,444,8.260541
ladder,4,22,B,445,8.212125
ladder,4,22,B,446,8.219416
ladder,4,22,B,447,8.220334
ladder,4,22,B,448,8.242084
ladder,4,22,B,449,8.260625
ladder,4,22,B,450,8.235166
ladder,4,22,B,451,8.284792
ladder,4,22,B,452,8.236625
ladder,4,22,B,453,8.287625
ladder,4,22,B,454,8.214042
ladder,4,22,B,455,8.299375
ladder,4,22,B,456,8.225375
ladder,4,22,B,457,8.269041
ladder,4,22,B,458,8.239583
ladder,4,22,B,459,8.261583
ladder,4,22,B,460,8.322292
ladder,4,22,B,461,8.262917
ladder,4,22,B,462,8.215708
ladder,4,22,B,463,8.293750
ladder,4,22,B,464,8.228333
ladder,4,22,B,465,8.283834
ladder,4,22,B,466,8.234000
ladder,4,22,B,467,8.286167
ladder,4,22,B,468,8.243459
ladder,4,22,B,469,8.285917
ladder,4,22,B,470,8.242208
ladder,4,22,B,471,8.270208
ladder,4,22,B,472,8.228667
ladder,4,22,B,473,8.295417
ladder,4,22,B,474,8.226000
ladder,4,22,B,475,8.278917
ladder,4,22,B,476,8.234625
ladder,4,22,B,477,8.275167
ladder,4,22,B,478,8.236792
ladder,4,22,B,479,8.256625
ladder,4,22,B,480,8.229166
ladder,4,22,B,481,8.256583
ladder,4,22,B,482,8.223042
ladder,4,22,B,483,8.287916
ladder,4,22,B,484,8.224625
ladder,4,22,B,485,8.273667
ladder,4,22,B,486,8.247167
ladder,4,22,B,487,8.294500
ladder,4,22,B,488,8.244458
ladder,4,22,B,489,8.251375
ladder,4,22,B,490,8.274542
ladder,4,22,B,491,8.278291
ladder,4,22,B,492,8.250667
ladder,4,22,B,493,8.278417
ladder,4,22,B,494,8.242417
ladder,4,22,B,495,8.292833
ladder,4,22,B,496,8.245042
ladder,4,22,B,497,8.279333
ladder,4,22,B,498,8.270209
ladder,4,22,B,499,8.272875
ladder,4,22,B,500,8.234750
ladder,4,22,B,501,8.281875
ladder,4,22,B,502,8.258458
ladder,4,22,B,503,8.268167
ladder,4,22,B,504,8.239375
ladder,4,22,B,505,8.278250
ladder,4,22,B,506,8.258000
ladder,4,22,B,507,8.258541
ladder,4,22,B,508,8.254167
ladder,4,22,B,509,8.298834
ladder,4,22,B,510,8.248500
ladder,4,22,B,511,8.247750
ladder,4,23,D,1,8.257125
ladder,4,23,D,2,8.150792
ladder,4,23,D,3,8.166167
ladder,4,23,D,4,8.147542
ladder,4,23,D,5,8.163416
ladder,4,23,D,6,8.111750
ladder,4,23,D,7,8.109834
ladder,4,23,D,8,8.216334
ladder,4,23,D,9,8.134792
ladder,4,23,D,10,8.136291
ladder,4,23,D,11,8.162750
ladder,4,23,D,12,8.157417
ladder,4,23,D,13,8.173667
ladder,4,23,D,14,8.153167
ladder,4,23,D,15,8.148583
ladder,4,23,D,16,8.176459
ladder,4,23,D,17,8.122042
ladder,4,23,D,18,8.190583
ladder,4,23,D,19,8.159916
ladder,4,23,D,20,8.171750
ladder,4,23,D,21,8.151833
ladder,4,23,D,22,8.184583
ladder,4,23,D,23,8.126125
ladder,4,23,D,24,8.259250
ladder,4,23,D,25,8.146583
ladder,4,23,D,26,8.168875
ladder,4,23,D,27,8.122167
ladder,4,23,D,28,8.147750
ladder,4,23,D,29,8.150042
ladder,4,23,D,30,8.175292
ladder,4,23,D,31,8.145042
ladder,4,23,D,32,8.189541
ladder,4,23,D,33,8.164375
ladder,4,23,D,34,8.170292
ladder,4,23,D,35,8.150458
ladder,4,23,D,36,8.155750
ladder,4,23,D,37,8.145500
ladder,4,23,D,38,8.167416
ladder,4,23,D,39,8.121542
ladder,4,23,D,40,8.158708
ladder,4,23,D,41,8.163709
ladder,4,23,D,42,8.148167
ladder,4,23,D,43,8.114583
ladder,4,23,D,44,8.232000
ladder,4,23,D,45,8.295416
ladder,4,23,D,46,8.268667
ladder,4,23,D,47,8.118667
ladder,4,23,D,48,8.115000
ladder,4,23,D,49,8.125000
ladder,4,23,D,50,8.128583
ladder,4,23,D,51,8.073625
ladder,4,23,D,52,8.085542
ladder,4,23,D,53,8.059708
ladder,4,23,D,54,8.094708
ladder,4,23,D,55,8.244125
ladder,4,23,D,56,9.016541
ladder,4,23,D,57,8.881125
ladder,4,23,D,58,8.122667
ladder,4,23,D,59,8.165416
ladder,4,23,D,60,8.289708
ladder,4,23,D,61,8.169000
ladder,4,23,D,62,8.216917
ladder,4,23,D,63,8.195042
ladder,4,23,D,64,8.147250
ladder,4,23,D,65,8.178917
ladder,4,23,D,66,8.172542
ladder,4,23,D,67,8.189958
ladder,4,23,D,68,8.174625
ladder,4,23,D,69,8.188584
ladder,4,23,D,70,8.128583
ladder,4,23,D,71,8.201959
ladder,4,23,D,72,8.175041
ladder,4,23,D,73,8.170458
ladder,4,23,D,74,8.136375
ladder,4,23,D,75,8.182917
ladder,4,23,D,76,8.162916
ladder,4,23,D,77,8.213792
ladder,4,23,D,78,8.163000
ladder,4,23,D,79,8.192875
ladder,4,23,D,80,8.148541
ladder,4,23,D,81,8.179708
ladder,4,23,D,82,8.147708
ladder,4,23,D,83,8.205208
ladder,4,23,D,84,8.163292
ladder,4,23,D,85,8.205666
ladder,4,23,D,86,8.180166
ladder,4,23,D,87,8.205041
ladder,4,23,D,88,8.149459
ladder,4,23,D,89,8.197792
ladder,4,23,D,90,8.212250
ladder,4,23,D,91,8.335083
ladder,4,23,D,92,8.216959
ladder,4,23,D,93,8.204208
ladder,4,23,D,94,8.179250
ladder,4,23,D,95,8.184042
ladder,4,23,D,96,8.159208
ladder,4,23,D,97,8.181042
ladder,4,23,D,98,8.163834
ladder,4,23,D,99,8.187458
ladder,4,23,D,100,8.161625
ladder,4,23,D,101,8.184833
ladder,4,23,D,102,8.146875
ladder,4,23,D,103,8.149958
ladder,4,23,D,104,8.148250
ladder,4,23,D,105,8.161292
ladder,4,23,D,106,8.159708
ladder,4,23,D,107,8.159333
ladder,4,23,D,108,8.145292
ladder,4,23,D,109,8.185500
ladder,4,23,D,110,8.145708
ladder,4,23,D,111,8.162000
ladder,4,23,D,112,8.168334
ladder,4,23,D,113,8.147333
ladder,4,23,D,114,8.163625
ladder,4,23,D,115,8.172500
ladder,4,23,D,116,8.136583
ladder,4,23,D,117,8.137583
ladder,4,23,D,118,8.176500
ladder,4,23,D,119,8.143083
ladder,4,23,D,120,8.186458
ladder,4,23,D,121,8.236875
ladder,4,23,D,122,8.235417
ladder,4,23,D,123,8.396666
ladder,4,23,D,124,8.173125
ladder,4,23,D,125,8.146166
ladder,4,23,D,126,8.171333
ladder,4,23,D,127,8.158625
ladder,4,23,D,128,8.193458
ladder,4,23,D,129,8.149458
ladder,4,23,D,130,8.192792
ladder,4,23,D,131,8.157667
ladder,4,23,D,132,8.223333
ladder,4,23,D,133,8.183833
ladder,4,23,D,134,8.207292
ladder,4,23,D,135,8.162834
ladder,4,23,D,136,8.242334
ladder,4,23,D,137,8.163791
ladder,4,23,D,138,8.229500
ladder,4,23,D,139,8.170583
ladder,4,23,D,140,8.220750
ladder,4,23,D,141,8.167333
ladder,4,23,D,142,8.203875
ladder,4,23,D,143,8.141417
ladder,4,23,D,144,8.223708
ladder,4,23,D,145,8.161000
ladder,4,23,D,146,8.197875
ladder,4,23,D,147,8.165417
ladder,4,23,D,148,8.183125
ladder,4,23,D,149,8.174750
ladder,4,23,D,150,8.176334
ladder,4,23,D,151,8.182625
ladder,4,23,D,152,8.166500
ladder,4,23,D,153,8.204583
ladder,4,23,D,154,8.190875
ladder,4,23,D,155,8.161750
ladder,4,23,D,156,8.181917
ladder,4,23,D,157,8.159792
ladder,4,23,D,158,8.181833
ladder,4,23,D,159,8.179125
ladder,4,23,D,160,8.201083
ladder,4,23,D,161,8.169000
ladder,4,23,D,162,8.195500
ladder,4,23,D,163,8.188042
ladder,4,23,D,164,8.172500
ladder,4,23,D,165,8.165750
ladder,4,23,D,166,8.171792
ladder,4,23,D,167,8.190209
ladder,4,23,D,168,8.173542
ladder,4,23,D,169,8.193500
ladder,4,23,D,170,8.169666
ladder,4,23,D,171,8.183375
ladder,4,23,D,172,8.181083
ladder,4,23,D,173,8.176333
ladder,4,23,D,174,8.188208
ladder,4,23,D,175,8.217833
ladder,4,23,D,176,8.183875
ladder,4,23,D,177,8.186417
ladder,4,23,D,178,8.147375
ladder,4,23,D,179,8.224917
ladder,4,23,D,180,8.150417
ladder,4,23,D,181,8.206500
ladder,4,23,D,182,8.186708
ladder,4,23,D,183,8.204250
ladder,4,23,D,184,8.197208
ladder,4,23,D,185,8.226709
ladder,4,23,D,186,8.159125
ladder,4,23,D,187,8.208250
ladder,4,23,D,188,8.186208
ladder,4,23,D,189,8.214291
ladder,4,23,D,190,8.169291
ladder,4,23,D,191,8.218583
ladder,4,23,D,192,8.199875
ladder,4,23,D,193,8.231333
ladder,4,23,D,194,8.185250
ladder,4,23,D,195,8.234542
ladder,4,23,D,196,8.172250
ladder,4,23,D,197,8.312875
ladder,4,23,D,198,8.184625
ladder,4,23,D,199,8.202083
ladder,4,23,D,200,8.168209
ladder,4,23,D,201,8.223375
ladder,4,23,D,202,8.158167
ladder,4,23,D,203,8.202209
ladder,4,23,D,204,8.183791
ladder,4,23,D,205,8.158125
ladder,4,23,D,206,8.172958
ladder,4,23,D,207,8.233250
ladder,4,23,D,208,8.206000
ladder,4,23,D,209,8.239209
ladder,4,23,D,210,8.186292
ladder,4,23,D,211,8.221958
ladder,4,23,D,212,8.201500
ladder,4,23,D,213,8.230375
ladder,4,23,D,214,8.166875
ladder,4,23,D,215,8.189583
ladder,4,23,D,216,8.164958
ladder,4,23,D,217,8.280709
ladder,4,23,D,218,8.182208
ladder,4,23,D,219,8.212625
ladder,4,23,D,220,8.155041
ladder,4,23,D,221,8.200000
ladder,4,23,D,222,8.270042
ladder,4,23,D,223,8.264792
ladder,4,23,D,224,8.135500
ladder,4,23,D,225,8.149416
ladder,4,23,D,226,8.137083
ladder,4,23,D,227,8.107458
ladder,4,23,D,228,8.093708
ladder,4,23,D,229,8.144167
ladder,4,23,D,230,8.202041
ladder,4,23,D,231,8.293000
ladder,4,23,D,232,8.376667
ladder,4,23,D,233,8.154667
ladder,4,23,D,234,8.211625
ladder,4,23,D,235,8.243250
ladder,4,23,D,236,8.237000
ladder,4,23,D,237,8.161041
ladder,4,23,D,238,8.297708
ladder,4,23,D,239,8.219667
ladder,4,23,D,240,8.218291
ladder,4,23,D,241,8.203792
ladder,4,23,D,242,8.200125
ladder,4,23,D,243,8.158292
ladder,4,23,D,244,8.203709
ladder,4,23,D,245,8.219542
ladder,4,23,D,246,8.162583
ladder,4,23,D,247,8.172792
ladder,4,23,D,248,8.203917
ladder,4,23,D,249,8.198500
ladder,4,23,D,250,8.221750
ladder,4,23,D,251,8.159959
ladder,4,23,D,252,8.277666
ladder,4,23,D,253,8.217708
ladder,4,23,D,254,8.232000
ladder,4,23,D,255,8.198167
ladder,4,23,D,256,8.942833
ladder,4,23,D,257,8.286541
ladder,4,23,D,258,8.270792
ladder,4,23,D,259,8.260041
ladder,4,23,D,260,8.240458
ladder,4,23,D,261,8.251542
ladder,4,23,D,262,8.272042
ladder,4,23,D,263,8.214500
ladder,4,23,D,264,8.263292
ladder,4,23,D,265,8.192167
ladder,4,23,D,266,8.266959
ladder,4,23,D,267,8.183292
ladder,4,23,D,268,8.257042
ladder,4,23,D,269,8.251667
ladder,4,23,D,270,8.212125
ladder,4,23,D,271,8.200125
ladder,4,23,D,272,8.261625
ladder,4,23,D,273,8.181375
ladder,4,23,D,274,8.236792
ladder,4,23,D,275,8.197833
ladder,4,23,D,276,8.233208
ladder,4,23,D,277,8.206708
ladder,4,23,D,278,8.220125
ladder,4,23,D,279,8.209834
ladder,4,23,D,280,8.233916
ladder,4,23,D,281,8.193375
ladder,4,23,D,282,8.246958
ladder,4,23,D,283,8.194916
ladder,4,23,D,284,8.251875
ladder,4,23,D,285,8.199334
ladder,4,23,D,286,8.300959
ladder,4,23,D,287,8.208292
ladder,4,23,D,288,8.227625
ladder,4,23,D,289,8.215000
ladder,4,23,D,290,8.244833
ladder,4,23,D,291,8.228750
ladder,4,23,D,292,8.255791
ladder,4,23,D,293,8.200041
ladder,4,23,D,294,8.249542
ladder,4,23,D,295,8.216584
ladder,4,23,D,296,8.310041
ladder,4,23,D,297,8.217041
ladder,4,23,D,298,8.237500
ladder,4,23,D,299,8.229500
ladder,4,23,D,300,8.221584
ladder,4,23,D,301,8.227375
ladder,4,23,D,302,8.211708
ladder,4,23,D,303,8.226208
ladder,4,23,D,304,8.251334
ladder,4,23,D,305,8.242791
ladder,4,23,D,306,8.237042
ladder,4,23,D,307,8.247125
ladder,4,23,D,308,8.240584
ladder,4,23,D,309,8.224750
ladder,4,23,D,310,8.182917
ladder,4,23,D,311,8.222458
ladder,4,23,D,312,8.244375
ladder,4,23,D,313,8.224583
ladder,4,23,D,314,8.211334
ladder,4,23,D,315,8.250959
ladder,4,23,D,316,8.216333
ladder,4,23,D,317,8.233209
ladder,4,23,D,318,8.191042
ladder,4,23,D,319,8.246084
ladder,4,23,D,320,8.227292
ladder,4,23,D,321,8.229917
ladder,4,23,D,322,8.241459
ladder,4,23,D,323,8.231083
ladder,4,23,D,324,8.213042
ladder,4,23,D,325,8.216125
ladder,4,23,D,326,8.202417
ladder,4,23,D,327,8.242917
ladder,4,23,D,328,8.220875
ladder,4,23,D,329,8.235917
ladder,4,23,D,330,8.205667
ladder,4,23,D,331,8.256875
ladder,4,23,D,332,8.258500
ladder,4,23,D,333,8.230458
ladder,4,23,D,334,8.209375
ladder,4,23,D,335,8.255500
ladder,4,23,D,336,8.262958
ladder,4,23,D,337,8.278000
ladder,4,23,D,338,8.233250
ladder,4,23,D,339,8.253791
ladder,4,23,D,340,8.205792
ladder,4,23,D,341,8.260541
ladder,4,23,D,342,8.216792
ladder,4,23,D,343,8.270083
ladder,4,23,D,344,8.225750
ladder,4,23,D,345,8.317209
ladder,4,23,D,346,8.227750
ladder,4,23,D,347,8.246000
ladder,4,23,D,348,8.216292
ladder,4,23,D,349,8.214250
ladder,4,23,D,350,8.215584
ladder,4,23,D,351,8.251584
ladder,4,23,D,352,8.298625
ladder,4,23,D,353,8.247917
ladder,4,23,D,354,8.193000
ladder,4,23,D,355,8.350541
ladder,4,23,D,356,8.210917
ladder,4,23,D,357,8.239416
ladder,4,23,D,358,8.232042
ladder,4,23,D,359,8.241750
ladder,4,23,D,360,8.214000
ladder,4,23,D,361,8.238125
ladder,4,23,D,362,8.210042
ladder,4,23,D,363,8.257959
ladder,4,23,D,364,8.208333
ladder,4,23,D,365,8.242209
ladder,4,23,D,366,8.224166
ladder,4,23,D,367,8.210125
ladder,4,23,D,368,8.232458
ladder,4,23,D,369,8.246083
ladder,4,23,D,370,8.225208
ladder,4,23,D,371,8.244083
ladder,4,23,D,372,8.215708
ladder,4,23,D,373,8.251500
ladder,4,23,D,374,8.231875
ladder,4,23,D,375,8.255000
ladder,4,23,D,376,8.210458
ladder,4,23,D,377,8.278417
ladder,4,23,D,378,8.226083
ladder,4,23,D,379,8.227500
ladder,4,23,D,380,8.263625
ladder,4,23,D,381,8.252250
ladder,4,23,D,382,8.221125
ladder,4,23,D,383,8.260416
ladder,4,23,D,384,8.256583
ladder,4,23,D,385,8.273625
ladder,4,23,D,386,8.257875
ladder,4,23,D,387,8.248292
ladder,4,23,D,388,8.216208
ladder,4,23,D,389,8.235083
ladder,4,23,D,390,8.261500
ladder,4,23,D,391,8.278084
ladder,4,23,D,392,8.292542
ladder,4,23,D,393,8.256709
ladder,4,23,D,394,8.242917
ladder,4,23,D,395,8.269834
ladder,4,23,D,396,8.254709
ladder,4,23,D,397,8.247000
ladder,4,23,D,398,8.255625
ladder,4,23,D,399,8.236084
ladder,4,23,D,400,8.260125
ladder,4,23,D,401,8.251500
ladder,4,23,D,402,8.268625
ladder,4,23,D,403,8.243959
ladder,4,23,D,404,8.237250
ladder,4,23,D,405,8.224417
ladder,4,23,D,406,8.264875
ladder,4,23,D,407,8.235292
ladder,4,23,D,408,8.274375
ladder,4,23,D,409,8.251917
ladder,4,23,D,410,8.237750
ladder,4,23,D,411,8.242167
ladder,4,23,D,412,8.282333
ladder,4,23,D,413,8.226042
ladder,4,23,D,414,8.245459
ladder,4,23,D,415,8.237708
ladder,4,23,D,416,8.267625
ladder,4,23,D,417,8.223875
ladder,4,23,D,418,8.298000
ladder,4,23,D,419,8.233334
ladder,4,23,D,420,8.259209
ladder,4,23,D,421,8.254250
ladder,4,23,D,422,8.276583
ladder,4,23,D,423,8.238708
ladder,4,23,D,424,8.294084
ladder,4,23,D,425,8.235916
ladder,4,23,D,426,8.278792
ladder,4,23,D,427,8.225542
ladder,4,23,D,428,8.263083
ladder,4,23,D,429,8.247375
ladder,4,23,D,430,8.293125
ladder,4,23,D,431,8.250833
ladder,4,23,D,432,8.285000
ladder,4,23,D,433,8.268167
ladder,4,23,D,434,8.278375
ladder,4,23,D,435,8.252833
ladder,4,23,D,436,8.286000
ladder,4,23,D,437,8.228459
ladder,4,23,D,438,8.306375
ladder,4,23,D,439,8.264750
ladder,4,23,D,440,8.319667
ladder,4,23,D,441,8.259541
ladder,4,23,D,442,8.287000
ladder,4,23,D,443,8.264666
ladder,4,23,D,444,8.270625
ladder,4,23,D,445,8.237500
ladder,4,23,D,446,8.327459
ladder,4,23,D,447,8.234333
ladder,4,23,D,448,8.313833
ladder,4,23,D,449,8.283083
ladder,4,23,D,450,8.307416
ladder,4,23,D,451,8.237083
ladder,4,23,D,452,8.318292
ladder,4,23,D,453,8.243917
ladder,4,23,D,454,8.317167
ladder,4,23,D,455,8.266083
ladder,4,23,D,456,8.315292
ladder,4,23,D,457,8.231208
ladder,4,23,D,458,8.317500
ladder,4,23,D,459,8.243833
ladder,4,23,D,460,8.298000
ladder,4,23,D,461,8.300666
ladder,4,23,D,462,8.316042
ladder,4,23,D,463,8.313583
ladder,4,23,D,464,8.316209
ladder,4,23,D,465,8.340208
ladder,4,23,D,466,8.298166
ladder,4,23,D,467,8.248708
ladder,4,23,D,468,8.279541
ladder,4,23,D,469,8.241833
ladder,4,23,D,470,8.268458
ladder,4,23,D,471,8.265542
ladder,4,23,D,472,8.262333
ladder,4,23,D,473,8.288834
ladder,4,23,D,474,8.300041
ladder,4,23,D,475,8.290500
ladder,4,23,D,476,8.267584
ladder,4,23,D,477,8.265166
ladder,4,23,D,478,8.250625
ladder,4,23,D,479,8.253125
ladder,4,23,D,480,8.295916
ladder,4,23,D,481,8.235750
ladder,4,23,D,482,8.281958
ladder,4,23,D,483,8.268750
ladder,4,23,D,484,8.245208
ladder,4,23,D,485,8.248833
ladder,4,23,D,486,8.258709
ladder,4,23,D,487,8.251292
ladder,4,23,D,488,8.249167
ladder,4,23,D,489,8.245083
ladder,4,23,D,490,8.287292
ladder,4,23,D,491,8.273750
ladder,4,23,D,492,8.253334
ladder,4,23,D,493,8.259541
ladder,4,23,D,494,8.315083
ladder,4,23,D,495,8.260917
ladder,4,23,D,496,8.309583
ladder,4,23,D,497,8.257208
ladder,4,23,D,498,8.311750
ladder,4,23,D,499,8.244458
ladder,4,23,D,500,8.306458
ladder,4,23,D,501,8.286042
ladder,4,23,D,502,8.278958
ladder,4,23,D,503,8.276375
ladder,4,23,D,504,8.292416
ladder,4,23,D,505,8.270125
ladder,4,23,D,506,8.321792
ladder,4,23,D,507,8.285834
ladder,4,23,D,508,8.299958
ladder,4,23,D,509,8.268958
ladder,4,23,D,510,8.300709
ladder,4,23,D,511,8.251125
ladder,4,24,A,1,8.267542
ladder,4,24,A,2,8.173500
ladder,4,24,A,3,8.173916
ladder,4,24,A,4,8.153292
ladder,4,24,A,5,8.174500
ladder,4,24,A,6,8.124500
ladder,4,24,A,7,8.153000
ladder,4,24,A,8,8.130167
ladder,4,24,A,9,8.164041
ladder,4,24,A,10,8.165208
ladder,4,24,A,11,8.160250
ladder,4,24,A,12,8.136959
ladder,4,24,A,13,8.153542
ladder,4,24,A,14,8.116958
ladder,4,24,A,15,8.166792
ladder,4,24,A,16,8.112292
ladder,4,24,A,17,8.170042
ladder,4,24,A,18,8.133208
ladder,4,24,A,19,8.142208
ladder,4,24,A,20,8.137750
ladder,4,24,A,21,8.130250
ladder,4,24,A,22,8.150916
ladder,4,24,A,23,8.145250
ladder,4,24,A,24,8.118292
ladder,4,24,A,25,8.142375
ladder,4,24,A,26,8.137500
ladder,4,24,A,27,8.098583
ladder,4,24,A,28,8.114209
ladder,4,24,A,29,8.088792
ladder,4,24,A,30,8.119584
ladder,4,24,A,31,8.118334
ladder,4,24,A,32,8.122541
ladder,4,24,A,33,8.099583
ladder,4,24,A,34,8.135166
ladder,4,24,A,35,8.146667
ladder,4,24,A,36,8.141875
ladder,4,24,A,37,8.131375
ladder,4,24,A,38,8.104750
ladder,4,24,A,39,8.122375
ladder,4,24,A,40,8.141959
ladder,4,24,A,41,8.127375
ladder,4,24,A,42,8.151083
ladder,4,24,A,43,8.133750
ladder,4,24,A,44,8.142875
ladder,4,24,A,45,8.148000
ladder,4,24,A,46,8.122250
ladder,4,24,A,47,8.124292
ladder,4,24,A,48,8.162083
ladder,4,24,A,49,8.144584
ladder,4,24,A,50,8.133666
ladder,4,24,A,51,8.110000
ladder,4,24,A,52,8.130083
ladder,4,24,A,53,8.121166
ladder,4,24,A,54,8.145958
ladder,4,24,A,55,8.141334
ladder,4,24,A,56,8.135458
ladder,4,24,A,57,8.132542
ladder,4,24,A,58,8.148250
ladder,4,24,A,59,8.158208
ladder,4,24,A,60,8.155584
ladder,4,24,A,61,8.147833
ladder,4,24,A,62,8.172416
ladder,4,24,A,63,8.142042
ladder,4,24,A,64,8.167417
ladder,4,24,A,65,8.116167
ladder,4,24,A,66,8.149833
ladder,4,24,A,67,8.122292
ladder,4,24,A,68,8.150833
ladder,4,24,A,69,8.161625
ladder,4,24,A,70,8.138333
ladder,4,24,A,71,8.144916
ladder,4,24,A,72,8.148708
ladder,4,24,A,73,8.140750
ladder,4,24,A,74,8.233583
ladder,4,24,A,75,8.156042
ladder,4,24,A,76,8.119584
ladder,4,24,A,77,8.146291
ladder,4,24,A,78,8.126333
ladder,4,24,A,79,8.147125
ladder,4,24,A,80,8.143167
ladder,4,24,A,81,8.174125
ladder,4,24,A,82,8.168666
ladder,4,24,A,83,8.158834
ladder,4,24,A,84,8.141459
ladder,4,24,A,85,8.168416
ladder,4,24,A,86,8.141917
ladder,4,24,A,87,8.212750
ladder,4,24,A,88,8.172416
ladder,4,24,A,89,8.177083
ladder,4,24,A,90,8.136459
ladder,4,24,A,91,8.180541
ladder,4,24,A,92,8.150833
ladder,4,24,A,93,8.182792
ladder,4,24,A,94,8.143709
ladder,4,24,A,95,8.171083
ladder,4,24,A,96,8.145291
ladder,4,24,A,97,8.164333
ladder,4,24,A,98,8.138250
ladder,4,24,A,99,8.170292
ladder,4,24,A,100,8.137667
ladder,4,24,A,101,8.156625
ladder,4,24,A,102,8.154000
ladder,4,24,A,103,8.167875
ladder,4,24,A,104,8.173833
ladder,4,24,A,105,8.262500
ladder,4,24,A,106,8.269875
ladder,4,24,A,107,8.217833
ladder,4,24,A,108,8.184625
ladder,4,24,A,109,8.155791
ladder,4,24,A,110,8.152084
ladder,4,24,A,111,8.157417
ladder,4,24,A,112,8.167209
ladder,4,24,A,113,8.148000
ladder,4,24,A,114,8.165333
ladder,4,24,A,115,8.169541
ladder,4,24,A,116,8.184833
ladder,4,24,A,117,8.158209
ladder,4,24,A,118,8.156834
ladder,4,24,A,119,8.181625
ladder,4,24,A,120,8.168750
ladder,4,24,A,121,8.145250
ladder,4,24,A,122,8.149500
ladder,4,24,A,123,8.155542
ladder,4,24,A,124,8.164750
ladder,4,24,A,125,8.195541
ladder,4,24,A,126,8.183958
ladder,4,24,A,127,8.145750
ladder,4,24,A,128,8.163792
ladder,4,24,A,129,8.216167
ladder,4,24,A,130,8.194125
ladder,4,24,A,131,8.175292
ladder,4,24,A,132,8.192750
ladder,4,24,A,133,8.201334
ladder,4,24,A,134,8.186000
ladder,4,24,A,135,8.236250
ladder,4,24,A,136,8.250542
ladder,4,24,A,137,8.284125
ladder,4,24,A,138,8.226417
ladder,4,24,A,139,8.162042
ladder,4,24,A,140,8.192209
ladder,4,24,A,141,8.158959
ladder,4,24,A,142,8.215000
ladder,4,24,A,143,8.242667
ladder,4,24,A,144,8.204333
ladder,4,24,A,145,8.158708
ladder,4,24,A,146,8.182292
ladder,4,24,A,147,8.155250
ladder,4,24,A,148,8.180500
ladder,4,24,A,149,8.147292
ladder,4,24,A,150,8.185958
ladder,4,24,A,151,8.144125
ladder,4,24,A,152,8.173083
ladder,4,24,A,153,8.155625
ladder,4,24,A,154,8.155916
ladder,4,24,A,155,8.173917
ladder,4,24,A,156,8.170917
ladder,4,24,A,157,8.169458
ladder,4,24,A,158,8.155583
ladder,4,24,A,159,8.180791
ladder,4,24,A,160,8.176000
ladder,4,24,A,161,8.140041
ladder,4,24,A,162,8.163292
ladder,4,24,A,163,8.171250
ladder,4,24,A,164,8.160709
ladder,4,24,A,165,8.143208
ladder,4,24,A,166,8.177792
ladder,4,24,A,167,8.177625
ladder,4,24,A,168,8.178084
ladder,4,24,A,169,8.174958
ladder,4,24,A,170,8.165500
ladder,4,24,A,171,8.143292
ladder,4,24,A,172,8.138000
ladder,4,24,A,173,8.175875
ladder,4,24,A,174,8.155958
ladder,4,24,A,175,8.155042
ladder,4,24,A,176,8.167917
ladder,4,24,A,177,8.178458
ladder,4,24,A,178,8.168125
ladder,4,24,A,179,8.189042
ladder,4,24,A,180,8.155625
ladder,4,24,A,181,8.199833
ladder,4,24,A,182,8.213041
ladder,4,24,A,183,8.200833
ladder,4,24,A,184,8.169333
ladder,4,24,A,185,8.194334
ladder,4,24,A,186,8.166875
ladder,4,24,A,187,8.207709
ladder,4,24,A,188,8.167250
ladder,4,24,A,189,8.174166
ladder,4,24,A,190,8.153417
ladder,4,24,A,191,8.208500
ladder,4,24,A,192,8.170125
ladder,4,24,A,193,8.235709
ladder,4,24,A,194,8.181709
ladder,4,24,A,195,8.227667
ladder,4,24,A,196,8.267542
ladder,4,24,A,197,8.227292
ladder,4,24,A,198,8.155625
ladder,4,24,A,199,8.185959
ladder,4,24,A,200,8.162625
ladder,4,24,A,201,8.245500
ladder,4,24,A,202,8.195000
ladder,4,24,A,203,8.201834
ladder,4,24,A,204,8.167625
ladder,4,24,A,205,8.199333
ladder,4,24,A,206,8.189208
ladder,4,24,A,207,8.201500
ladder,4,24,A,208,8.148250
ladder,4,24,A,209,8.196458
ladder,4,24,A,210,8.156209
ladder,4,24,A,211,8.192167
ladder,4,24,A,212,8.170792
ladder,4,24,A,213,8.205458
ladder,4,24,A,214,8.155625
ladder,4,24,A,215,8.224000
ladder,4,24,A,216,8.176292
ladder,4,24,A,217,8.185250
ladder,4,24,A,218,8.167375
ladder,4,24,A,219,8.228834
ladder,4,24,A,220,8.178500
ladder,4,24,A,221,8.205250
ladder,4,24,A,222,8.157292
ladder,4,24,A,223,8.199167
ladder,4,24,A,224,8.171125
ladder,4,24,A,225,8.208417
ladder,4,24,A,226,8.184542
ladder,4,24,A,227,8.226459
ladder,4,24,A,228,8.189000
ladder,4,24,A,229,8.178583
ladder,4,24,A,230,8.184375
ladder,4,24,A,231,8.206708
ladder,4,24,A,232,8.214125
ladder,4,24,A,233,8.172542
ladder,4,24,A,234,8.183917
ladder,4,24,A,235,8.204583
ladder,4,24,A,236,8.215167
ladder,4,24,A,237,8.194625
ladder,4,24,A,238,8.207416
ladder,4,24,A,239,8.201292
ladder,4,24,A,240,8.245541
ladder,4,24,A,241,8.229333
ladder,4,24,A,242,8.230542
ladder,4,24,A,243,8.186292
ladder,4,24,A,244,8.227875
ladder,4,24,A,245,8.174084
ladder,4,24,A,246,8.215042
ladder,4,24,A,247,8.191667
ladder,4,24,A,248,8.195083
ladder,4,24,A,249,8.188208
ladder,4,24,A,250,8.235958
ladder,4,24,A,251,8.209625
ladder,4,24,A,252,8.245375
ladder,4,24,A,253,8.174209
ladder,4,24,A,254,8.220000
ladder,4,24,A,255,8.180125
ladder,4,24,A,256,8.969875
ladder,4,24,A,257,8.280083
ladder,4,24,A,258,8.240250
ladder,4,24,A,259,8.178333
ladder,4,24,A,260,8.208083
ladder,4,24,A,261,8.196875
ladder,4,24,A,262,8.259042
ladder,4,24,A,263,8.188292
ladder,4,24,A,264,8.244625
ladder,4,24,A,265,8.269333
ladder,4,24,A,266,8.224916
ladder,4,24,A,267,8.174833
ladder,4,24,A,268,8.224583
ladder,4,24,A,269,8.209417
ladder,4,24,A,270,8.198334
ladder,4,24,A,271,8.246500
ladder,4,24,A,272,8.200417
ladder,4,24,A,273,8.182459
ladder,4,24,A,274,8.227250
ladder,4,24,A,275,8.208875
ladder,4,24,A,276,8.256584
ladder,4,24,A,277,8.180667
ladder,4,24,A,278,8.192417
ladder,4,24,A,279,8.199375
ladder,4,24,A,280,8.214375
ladder,4,24,A,281,8.206375
ladder,4,24,A,282,8.216042
ladder,4,24,A,283,8.203459
ladder,4,24,A,284,8.205208
ladder,4,24,A,285,8.209000
ladder,4,24,A,286,8.218292
ladder,4,24,A,287,8.166000
ladder,4,24,A,288,8.200375
ladder,4,24,A,289,8.197958
ladder,4,24,A,290,8.220792
ladder,4,24,A,291,8.197417
ladder,4,24,A,292,8.207000
ladder,4,24,A,293,8.178208
ladder,4,24,A,294,8.197625
ladder,4,24,A,295,8.187916
ladder,4,24,A,296,8.206708
ladder,4,24,A,297,8.187584
ladder,4,24,A,298,8.239750
ladder,4,24,A,299,8.201291
ladder,4,24,A,300,8.220417
ladder,4,24,A,301,8.201875
ladder,4,24,A,302,8.188916
ladder,4,24,A,303,8.243542
ladder,4,24,A,304,8.337458
ladder,4,24,A,305,8.237792
ladder,4,24,A,306,8.198375
ladder,4,24,A,307,8.229625
ladder,4,24,A,308,8.228875
ladder,4,24,A,309,8.221500
ladder,4,24,A,310,8.220041
ladder,4,24,A,311,8.225750
ladder,4,24,A,312,8.220125
ladder,4,24,A,313,8.203375
ladder,4,24,A,314,8.221875
ladder,4,24,A,315,8.224209
ladder,4,24,A,316,8.211667
ladder,4,24,A,317,8.231042
ladder,4,24,A,318,8.218750
ladder,4,24,A,319,8.244583
ladder,4,24,A,320,8.226042
ladder,4,24,A,321,8.212792
ladder,4,24,A,322,8.223625
ladder,4,24,A,323,8.207375
ladder,4,24,A,324,8.275625
ladder,4,24,A,325,8.293292
ladder,4,24,A,326,8.181250
ladder,4,24,A,327,8.288083
ladder,4,24,A,328,8.240375
ladder,4,24,A,329,8.263250
ladder,4,24,A,330,8.248084
ladder,4,24,A,331,8.244750
ladder,4,24,A,332,8.212375
ladder,4,24,A,333,8.239708
ladder,4,24,A,334,8.217167
ladder,4,24,A,335,8.266292
ladder,4,24,A,336,8.232417
ladder,4,24,A,337,8.266667
ladder,4,24,A,338,8.208667
ladder,4,24,A,339,8.278292
ladder,4,24,A,340,8.259917
ladder,4,24,A,341,8.257333
ladder,4,24,A,342,8.220000
ladder,4,24,A,343,8.296250
ladder,4,24,A,344,8.212333
ladder,4,24,A,345,8.259875
ladder,4,24,A,346,8.209417
ladder,4,24,A,347,8.222416
ladder,4,24,A,348,8.223208
ladder,4,24,A,349,8.251375
ladder,4,24,A,350,8.223875
ladder,4,24,A,351,8.276500
ladder,4,24,A,352,8.201584
ladder,4,24,A,353,8.283459
ladder,4,24,A,354,8.228583
ladder,4,24,A,355,8.230541
ladder,4,24,A,356,8.285208
ladder,4,24,A,357,8.258208
ladder,4,24,A,358,8.210125
ladder,4,24,A,359,8.243416
ladder,4,24,A,360,8.244542
ladder,4,24,A,361,8.273542
ladder,4,24,A,362,8.221958
ladder,4,24,A,363,8.258500
ladder,4,24,A,364,8.210209
ladder,4,24,A,365,8.297708
ladder,4,24,A,366,8.208000
ladder,4,24,A,367,8.251459
ladder,4,24,A,368,8.237375
ladder,4,24,A,369,8.256125
ladder,4,24,A,370,8.200000
ladder,4,24,A,371,8.267500
ladder,4,24,A,372,8.256166
ladder,4,24,A,373,8.252250
ladder,4,24,A,374,8.228917
ladder,4,24,A,375,8.234500
ladder,4,24,A,376,8.230875
ladder,4,24,A,377,8.269625
ladder,4,24,A,378,8.201000
ladder,4,24,A,379,8.227000
ladder,4,24,A,380,8.246500
ladder,4,24,A,381,8.257041
ladder,4,24,A,382,8.235750
ladder,4,24,A,383,8.324709
ladder,4,24,A,384,8.209542
ladder,4,24,A,385,8.250125
ladder,4,24,A,386,8.266083
ladder,4,24,A,387,8.236750
ladder,4,24,A,388,8.205458
ladder,4,24,A,389,8.238542
ladder,4,24,A,390,8.248791
ladder,4,24,A,391,8.227708
ladder,4,24,A,392,8.209333
ladder,4,24,A,393,8.234083
ladder,4,24,A,394,8.233834
ladder,4,24,A,395,8.208125
ladder,4,24,A,396,8.240417
ladder,4,24,A,397,8.244167
ladder,4,24,A,398,8.226584
ladder,4,24,A,399,8.204042
ladder,4,24,A,400,8.221625
ladder,4,24,A,401,8.250125
ladder,4,24,A,402,8.235459
ladder,4,24,A,403,8.259958
ladder,4,24,A,404,8.216000
ladder,4,24,A,405,8.216083
ladder,4,24,A,406,8.218750
ladder,4,24,A,407,8.210500
ladder,4,24,A,408,8.241834
ladder,4,24,A,409,8.211167
ladder,4,24,A,410,8.223834
ladder,4,24,A,411,8.232500
ladder,4,24,A,412,8.207167
ladder,4,24,A,413,8.227708
ladder,4,24,A,414,8.195167
ladder,4,24,A,415,8.246208
ladder,4,24,A,416,8.226709
ladder,4,24,A,417,8.239250
ladder,4,24,A,418,8.244458
ladder,4,24,A,419,8.245208
ladder,4,24,A,420,8.320875
ladder,4,24,A,421,8.244333
ladder,4,24,A,422,8.277708
ladder,4,24,A,423,8.239750
ladder,4,24,A,424,8.307167
ladder,4,24,A,425,8.248708
ladder,4,24,A,426,8.364833
ladder,4,24,A,427,8.234250
ladder,4,24,A,428,8.282125
ladder,4,24,A,429,8.254500
ladder,4,24,A,430,8.305500
ladder,4,24,A,431,8.245750
ladder,4,24,A,432,8.258875
ladder,4,24,A,433,8.279042
ladder,4,24,A,434,8.315875
ladder,4,24,A,435,8.337042
ladder,4,24,A,436,8.296916
ladder,4,24,A,437,8.214333
ladder,4,24,A,438,8.290291
ladder,4,24,A,439,8.248333
ladder,4,24,A,440,8.276958
ladder,4,24,A,441,8.297125
ladder,4,24,A,442,8.280959
ladder,4,24,A,443,8.232167
ladder,4,24,A,444,8.285042
ladder,4,24,A,445,8.264500
ladder,4,24,A,446,8.307375
ladder,4,24,A,447,8.254542
ladder,4,24,A,448,8.287042
ladder,4,24,A,449,8.230459
ladder,4,24,A,450,8.311083
ladder,4,24,A,451,8.252250
ladder,4,24,A,452,8.288292
ladder,4,24,A,453,8.226250
ladder,4,24,A,454,8.275833
ladder,4,24,A,455,8.252333
ladder,4,24,A,456,8.284291
ladder,4,24,A,457,8.244125
ladder,4,24,A,458,8.265333
ladder,4,24,A,459,8.248333
ladder,4,24,A,460,8.281000
ladder,4,24,A,461,8.230666
ladder,4,24,A,462,8.254792
ladder,4,24,A,463,8.278917
ladder,4,24,A,464,8.278500
ladder,4,24,A,465,8.236667
ladder,4,24,A,466,8.276334
ladder,4,24,A,467,8.257417
ladder,4,24,A,468,8.282959
ladder,4,24,A,469,8.259750
ladder,4,24,A,470,8.279958
ladder,4,24,A,471,8.221417
ladder,4,24,A,472,8.389416
ladder,4,24,A,473,8.302834
ladder,4,24,A,474,8.331625
ladder,4,24,A,475,8.304625
ladder,4,24,A,476,8.342292
ladder,4,24,A,477,8.303750
ladder,4,24,A,478,8.352834
ladder,4,24,A,479,8.314333
ladder,4,24,A,480,8.300542
ladder,4,24,A,481,8.298584
ladder,4,24,A,482,8.300375
ladder,4,24,A,483,8.264250
ladder,4,24,A,484,8.408667
ladder,4,24,A,485,8.269333
ladder,4,24,A,486,8.410625
ladder,4,24,A,487,8.409709
ladder,4,24,A,488,8.329125
ladder,4,24,A,489,8.312125
ladder,4,24,A,490,8.350250
ladder,4,24,A,491,8.284833
ladder,4,24,A,492,8.223333
ladder,4,24,A,493,8.213667
ladder,4,24,A,494,8.210042
ladder,4,24,A,495,8.230208
ladder,4,24,A,496,8.246208
ladder,4,24,A,497,8.188667
ladder,4,24,A,498,8.251083
ladder,4,24,A,499,8.174667
ladder,4,24,A,500,8.236292
ladder,4,24,A,501,8.184959
ladder,4,24,A,502,8.323500
ladder,4,24,A,503,8.185750
ladder,4,24,A,504,8.182250
ladder,4,24,A,505,8.186333
ladder,4,24,A,506,8.237458
ladder,4,24,A,507,8.196834
ladder,4,24,A,508,8.235500
ladder,4,24,A,509,8.218916
ladder,4,24,A,510,8.205833
ladder,4,24,A,511,8.197666
ladder,5,25,D,1,8.395250
ladder,5,25,D,2,8.266584
ladder,5,25,D,3,8.335375
ladder,5,25,D,4,8.237584
ladder,5,25,D,5,8.236916
ladder,5,25,D,6,8.221167
ladder,5,25,D,7,8.336459
ladder,5,25,D,8,8.203167
ladder,5,25,D,9,8.310583
ladder,5,25,D,10,8.210125
ladder,5,25,D,11,8.263750
ladder,5,25,D,12,8.248542
ladder,5,25,D,13,8.232209
ladder,5,25,D,14,8.314792
ladder,5,25,D,15,8.212709
ladder,5,25,D,16,8.265375
ladder,5,25,D,17,8.150625
ladder,5,25,D,18,8.300917
ladder,5,25,D,19,8.165083
ladder,5,25,D,20,8.363875
ladder,5,25,D,21,8.174916
ladder,5,25,D,22,8.285666
ladder,5,25,D,23,8.148084
ladder,5,25,D,24,8.320750
ladder,5,25,D,25,8.196125
ladder,5,25,D,26,8.316208
ladder,5,25,D,27,8.150291
ladder,5,25,D,28,8.316584
ladder,5,25,D,29,8.183458
ladder,5,25,D,30,8.312667
ladder,5,25,D,31,8.159875
ladder,5,25,D,32,8.299292
ladder,5,25,D,33,8.158125
ladder,5,25,D,34,8.308542
ladder,5,25,D,35,8.169750
ladder,5,25,D,36,8.320833
ladder,5,25,D,37,8.164917
ladder,5,25,D,38,8.306209
ladder,5,25,D,39,8.177958
ladder,5,25,D,40,8.305791
ladder,5,25,D,41,8.161375
ladder,5,25,D,42,8.417417
ladder,5,25,D,43,8.159958
ladder,5,25,D,44,8.413583
ladder,5,25,D,45,8.160208
ladder,5,25,D,46,8.281875
ladder,5,25,D,47,8.237917
ladder,5,25,D,48,8.366417
ladder,5,25,D,49,8.162334
ladder,5,25,D,50,8.446750
ladder,5,25,D,51,8.180125
ladder,5,25,D,52,8.315167
ladder,5,25,D,53,8.160458
ladder,5,25,D,54,8.287917
ladder,5,25,D,55,8.178959
ladder,5,25,D,56,8.310083
ladder,5,25,D,57,8.178291
ladder,5,25,D,58,8.391666
ladder,5,25,D,59,8.192708
ladder,5,25,D,60,8.277458
ladder,5,25,D,61,8.196041
ladder,5,25,D,62,8.264000
ladder,5,25,D,63,8.159333
ladder,5,25,D,64,8.262125
ladder,5,25,D,65,8.186833
ladder,5,25,D,66,8.270916
ladder,5,25,D,67,8.172416
ladder,5,25,D,68,8.372875
ladder,5,25,D,69,8.189584
ladder,5,25,D,70,8.356583
ladder,5,25,D,71,8.206709
ladder,5,25,D,72,8.313000
ladder,5,25,D,73,8.168958
ladder,5,25,D,74,8.352125
ladder,5,25,D,75,8.189041
ladder,5,25,D,76,8.269333
ladder,5,25,D,77,8.161916
ladder,5,25,D,78,8.282125
ladder,5,25,D,79,8.206417
ladder,5,25,D,80,8.364125
ladder,5,25,D,81,8.198417
ladder,5,25,D,82,8.245833
ladder,5,25,D,83,8.201333
ladder,5,25,D,84,8.236750
ladder,5,25,D,85,8.230958
ladder,5,25,D,86,8.239084
ladder,5,25,D,87,8.201000
ladder,5,25,D,88,8.217250
ladder,5,25,D,89,8.205375
ladder,5,25,D,90,8.246333
ladder,5,25,D,91,8.222042
ladder,5,25,D,92,8.241667
ladder,5,25,D,93,8.214333
ladder,5,25,D,94,8.244083
ladder,5,25,D,95,8.194209
ladder,5,25,D,96,8.213041
ladder,5,25,D,97,8.257750
ladder,5,25,D,98,8.213917
ladder,5,25,D,99,8.252334
ladder,5,25,D,100,8.207917
ladder,5,25,D,101,8.205750
ladder,5,25,D,102,8.189417
ladder,5,25,D,103,8.194916
ladder,5,25,D,104,8.199834
ladder,5,25,D,105,8.176375
ladder,5,25,D,106,8.196500
ladder,5,25,D,107,8.192916
ladder,5,25,D,108,8.174750
ladder,5,25,D,109,8.201625
ladder,5,25,D,110,8.204667
ladder,5,25,D,111,8.330709
ladder,5,25,D,112,8.319584
ladder,5,25,D,113,8.202583
ladder,5,25,D,114,8.151042
ladder,5,25,D,115,8.213708
ladder,5,25,D,116,8.193625
ladder,5,25,D,117,8.180042
ladder,5,25,D,118,8.229917
ladder,5,25,D,119,8.196500
ladder,5,25,D,120,8.155459
ladder,5,25,D,121,8.205916
ladder,5,25,D,122,8.179167
ladder,5,25,D,123,8.220167
ladder,5,25,D,124,8.171834
ladder,5,25,D,125,8.214750
ladder,5,25,D,126,8.156125
ladder,5,25,D,127,8.231417
ladder,5,25,D,128,8.209875
ladder,5,25,D,129,8.223750
ladder,5,25,D,130,8.175000
ladder,5,25,D,131,8.271084
ladder,5,25,D,132,8.178416
ladder,5,25,D,133,8.204125
ladder,5,25,D,134,8.169083
ladder,5,25,D,135,8.218583
ladder,5,25,D,136,8.191291
ladder,5,25,D,137,8.217458
ladder,5,25,D,138,8.183458
ladder,5,25,D,139,8.209292
ladder,5,25,D,140,8.164834
ladder,5,25,D,141,8.291292
ladder,5,25,D,142,8.256292
ladder,5,25,D,143,8.330292
ladder,5,25,D,144,8.189709
ladder,5,25,D,145,8.195334
ladder,5,25,D,146,8.169750
ladder,5,25,D,147,8.253042
ladder,5,25,D,148,8.207291
ladder,5,25,D,149,8.203750
ladder,5,25,D,150,8.185959
ladder,5,25,D,151,8.216084
ladder,5,25,D,152,8.183125
ladder,5,25,D,153,8.207792
ladder,5,25,D,154,8.187833
ladder,5,25,D,155,8.197250
ladder,5,25,D,156,8.205250
ladder,5,25,D,157,8.206084
ladder,5,25,D,158,8.186667
ladder,5,25,D,159,8.188083
ladder,5,25,D,160,8.209708
ladder,5,25,D,161,8.195667
ladder,5,25,D,162,8.163584
ladder,5,25,D,163,8.205667
ladder,5,25,D,164,8.202541
ladder,5,25,D,165,8.192625
ladder,5,25,D,166,8.190875
ladder,5,25,D,167,8.206959
ladder,5,25,D,168,8.160291
ladder,5,25,D,169,8.181000
ladder,5,25,D,170,8.182041
ladder,5,25,D,171,8.182292
ladder,5,25,D,172,8.220750
ladder,5,25,D,173,8.183125
ladder,5,25,D,174,8.217250
ladder,5,25,D,175,8.168125
ladder,5,25,D,176,8.200667
ladder,5,25,D,177,8.167583
ladder,5,25,D,178,8.213375
ladder,5,25,D,179,8.213708
ladder,5,25,D,180,8.209042
ladder,5,25,D,181,8.160041
ladder,5,25,D,182,8.190667
ladder,5,25,D,183,8.155875
ladder,5,25,D,184,8.222167
ladder,5,25,D,185,8.191291
ladder,5,25,D,186,8.206750
ladder,5,25,D,187,8.200458
ladder,5,25,D,188,8.187083
ladder,5,25,D,189,8.186625
ladder,5,25,D,190,8.205458
ladder,5,25,D,191,8.178875
ladder,5,25,D,192,8.198083
ladder,5,25,D,193,8.191250
ladder,5,25,D,194,8.202958
ladder,5,25,D,195,8.169083
ladder,5,25,D,196,8.210666
ladder,5,25,D,197,8.156667
ladder,5,25,D,198,8.202000
ladder,5,25,D,199,8.204041
ladder,5,25,D,200,8.200083
ladder,5,25,D,201,8.198709
ladder,5,25,D,202,8.203375
ladder,5,25,D,203,8.219417
ladder,5,25,D,204,8.202125
ladder,5,25,D,205,8.202167
ladder,5,25,D,206,8.194833
ladder,5,25,D,207,8.160250
ladder,5,25,D,208,8.249792
ladder,5,25,D,209,8.131959
ladder,5,25,D,210,8.181791
ladder,5,25,D,211,8.190750
ladder,5,25,D,212,8.226541
ladder,5,25,D,213,8.193958
ladder,5,25,D,214,8.210750
ladder,5,25,D,215,8.138417
ladder,5,25,D,216,8.281166
ladder,5,25,D,217,8.202000
ladder,5,25,D,218,8.213125
ladder,5,25,D,219,8.204167
ladder,5,25,D,220,8.302167
ladder,5,25,D,221,8.225333
ladder,5,25,D,222,8.203875
ladder,5,25,D,223,8.208834
ladder,5,25,D,224,8.219375
ladder,5,25,D,225,8.227333
ladder,5,25,D,226,8.218791
ladder,5,25,D,227,8.214250
ladder,5,25,D,228,8.225166
ladder,5,25,D,229,8.223250
ladder,5,25,D,230,8.235958
ladder,5,25,D,231,8.241042
ladder,5,25,D,232,8.211750
ladder,5,25,D,233,8.222542
ladder,5,25,D,234,8.253500
ladder,5,25,D,235,8.219083
ladder,5,25,D,236,8.208458
ladder,5,25,D,237,8.212583
ladder,5,25,D,238,8.211500
ladder,5,25,D,239,8.216209
ladder,5,25,D,240,8.206833
ladder,5,25,D,241,8.206875
ladder,5,25,D,242,8.195000
ladder,5,25,D,243,8.227667
ladder,5,25,D,244,8.220042
ladder,5,25,D,245,8.221291
ladder,5,25,D,246,8.255500
ladder,5,25,D,247,8.240291
ladder,5,25,D,248,8.212167
ladder,5,25,D,249,8.255792
ladder,5,25,D,250,8.214084
ladder,5,25,D,251,8.225958
ladder,5,25,D,252,8.194375
ladder,5,25,D,253,8.262292
ladder,5,25,D,254,8.209625
ladder,5,25,D,255,8.241291
ladder,5,25,D,256,8.951750
ladder,5,25,D,257,8.286125
ladder,5,25,D,258,8.197750
ladder,5,25,D,259,8.253833
ladder,5,25,D,260,8.201791
ladder,5,25,D,261,8.254000
ladder,5,25,D,262,8.193083
ladder,5,25,D,263,8.265375
ladder,5,25,D,264,8.211208
ladder,5,25,D,265,8.194167
ladder,5,25,D,266,8.322166
ladder,5,25,D,267,8.349375
ladder,5,25,D,268,8.253458
ladder,5,25,D,269,8.312708
ladder,5,25,D,270,8.348125
ladder,5,25,D,271,8.407042
ladder,5,25,D,272,8.293959
ladder,5,25,D,273,8.293333
ladder,5,25,D,274,8.296042
ladder,5,25,D,275,8.329167
ladder,5,25,D,276,8.373584
ladder,5,25,D,277,8.433333
ladder,5,25,D,278,8.438916
ladder,5,25,D,279,8.686166
ladder,5,25,D,280,8.243125
ladder,5,25,D,281,8.377416
ladder,5,25,D,282,8.447125
ladder,5,25,D,283,8.318000
ladder,5,25,D,284,8.387250
ladder,5,25,D,285,8.396708
ladder,5,25,D,286,8.263959
ladder,5,25,D,287,8.284750
ladder,5,25,D,288,8.297125
ladder,5,25,D,289,8.278583
ladder,5,25,D,290,8.155458
ladder,5,25,D,291,8.183458
ladder,5,25,D,292,8.192458
ladder,5,25,D,293,8.247709
ladder,5,25,D,294,8.155959
ladder,5,25,D,295,8.261583
ladder,5,25,D,296,8.257667
ladder,5,25,D,297,8.187542
ladder,5,25,D,298,8.190833
ladder,5,25,D,299,8.211916
ladder,5,25,D,300,8.153959
ladder,5,25,D,301,8.184000
ladder,5,25,D,302,8.152833
ladder,5,25,D,303,8.174708
ladder,5,25,D,304,8.171750
ladder,5,25,D,305,8.190208
ladder,5,25,D,306,8.169167
ladder,5,25,D,307,8.244625
ladder,5,25,D,308,8.246375
ladder,5,25,D,309,8.254209
ladder,5,25,D,310,8.243000
ladder,5,25,D,311,8.222542
ladder,5,25,D,312,8.169083
ladder,5,25,D,313,8.144833
ladder,5,25,D,314,8.163417
ladder,5,25,D,315,8.160667
ladder,5,25,D,316,8.138250
ladder,5,25,D,317,8.085709
ladder,5,25,D,318,8.226708
ladder,5,25,D,319,8.266375
ladder,5,25,D,320,8.240916
ladder,5,25,D,321,8.233916
ladder,5,25,D,322,8.234917
ladder,5,25,D,323,8.196542
ladder,5,25,D,324,8.267416
ladder,5,25,D,325,8.245750
ladder,5,25,D,326,8.268333
ladder,5,25,D,327,8.239792
ladder,5,25,D,328,8.212875
ladder,5,25,D,329,8.232500
ladder,5,25,D,330,8.177833
ladder,5,25,D,331,8.234667
ladder,5,25,D,332,8.237791
ladder,5,25,D,333,8.224250
ladder,5,25,D,334,8.271125
ladder,5,25,D,335,8.222250
ladder,5,25,D,336,8.211167
ladder,5,25,D,337,8.235333
ladder,5,25,D,338,8.265792
ladder,5,25,D,339,8.250625
ladder,5,25,D,340,8.244959
ladder,5,25,D,341,8.196375
ladder,5,25,D,342,8.239709
ladder,5,25,D,343,8.253792
ladder,5,25,D,344,8.281542
ladder,5,25,D,345,8.226000
ladder,5,25,D,346,8.265125
ladder,5,25,D,347,8.305875
ladder,5,25,D,348,8.246791
ladder,5,25,D,349,8.229000
ladder,5,25,D,350,8.227875
ladder,5,25,D,351,8.233792
ladder,5,25,D,352,8.268208
ladder,5,25,D,353,8.225125
ladder,5,25,D,354,8.276834
ladder,5,25,D,355,8.255750
ladder,5,25,D,356,8.264916
ladder,5,25,D,357,8.236750
ladder,5,25,D,358,8.287166
ladder,5,25,D,359,8.227291
ladder,5,25,D,360,8.290166
ladder,5,25,D,361,8.239417
ladder,5,25,D,362,8.287167
ladder,5,25,D,363,8.215833
ladder,5,25,D,364,8.367250
ladder,5,25,D,365,8.255792
ladder,5,25,D,366,8.278041
ladder,5,25,D,367,8.238125
ladder,5,25,D,368,8.271375
ladder,5,25,D,369,8.240709
ladder,5,25,D,370,8.262250
ladder,5,25,D,371,8.229708
ladder,5,25,D,372,8.305375
ladder,5,25,D,373,8.252708
ladder,5,25,D,374,8.282708
ladder,5,25,D,375,8.239958
ladder,5,25,D,376,8.302542
ladder,5,25,D,377,8.254500
ladder,5,25,D,378,8.322416
ladder,5,25,D,379,8.257583
ladder,5,25,D,380,8.313000
ladder,5,25,D,381,8.210291
ladder,5,25,D,382,8.286458
ladder,5,25,D,383,8.329042
ladder,5,25,D,384,8.318625
ladder,5,25,D,385,8.344458
ladder,5,25,D,386,8.295333
ladder,5,25,D,387,8.342291
ladder,5,25,D,388,8.305917
ladder,5,25,D,389,8.245042
ladder,5,25,D,390,8.307125
ladder,5,25,D,391,8.285250
ladder,5,25,D,392,8.367458
ladder,5,25,D,393,8.239917
ladder,5,25,D,394,8.297916
ladder,5,25,D,395,8.265542
ladder,5,25,D,396,8.303542
ladder,5,25,D,397,8.239084
ladder,5,25,D,398,8.333375
ladder,5,25,D,399,8.271292
ladder,5,25,D,400,8.280625
ladder,5,25,D,401,8.263167
ladder,5,25,D,402,8.274500
ladder,5,25,D,403,8.262875
ladder,5,25,D,404,8.305333
ladder,5,25,D,405,8.256625
ladder,5,25,D,406,8.286125
ladder,5,25,D,407,8.258584
ladder,5,25,D,408,8.260833
ladder,5,25,D,409,8.228292
ladder,5,25,D,410,8.295875
ladder,5,25,D,411,8.269625
ladder,5,25,D,412,8.288084
ladder,5,25,D,413,8.275292
ladder,5,25,D,414,8.299750
ladder,5,25,D,415,8.305625
ladder,5,25,D,416,8.297833
ladder,5,25,D,417,8.260458
ladder,5,25,D,418,8.332916
ladder,5,25,D,419,8.290708
ladder,5,25,D,420,8.305291
ladder,5,25,D,421,8.252542
ladder,5,25,D,422,8.283958
ladder,5,25,D,423,8.257417
ladder,5,25,D,424,8.290542
ladder,5,25,D,425,8.260667
ladder,5,25,D,426,8.288625
ladder,5,25,D,427,8.258334
ladder,5,25,D,428,8.315167
ladder,5,25,D,429,8.254209
ladder,5,25,D,430,8.297375
ladder,5,25,D,431,8.264500
ladder,5,25,D,432,8.251666
ladder,5,25,D,433,8.275625
ladder,5,25,D,434,8.268833
ladder,5,25,D,435,8.323458
ladder,5,25,D,436,8.250541
ladder,5,25,D,437,8.262833
ladder,5,25,D,438,8.290875
ladder,5,25,D,439,8.280500
ladder,5,25,D,440,8.253917
ladder,5,25,D,441,8.258500
ladder,5,25,D,442,8.287167
ladder,5,25,D,443,8.290958
ladder,5,25,D,444,8.275041
ladder,5,25,D,445,8.258958
ladder,5,25,D,446,8.278958
ladder,5,25,D,447,8.262125
ladder,5,25,D,448,8.246042
ladder,5,25,D,449,8.247666
ladder,5,25,D,450,8.254625
ladder,5,25,D,451,8.213125
ladder,5,25,D,452,8.246750
ladder,5,25,D,453,8.264583
ladder,5,25,D,454,8.289708
ladder,5,25,D,455,8.277417
ladder,5,25,D,456,8.285167
ladder,5,25,D,457,8.255167
ladder,5,25,D,458,8.274459
ladder,5,25,D,459,8.275375
ladder,5,25,D,460,8.289375
ladder,5,25,D,461,8.275417
ladder,5,25,D,462,8.286334
ladder,5,25,D,463,8.281375
ladder,5,25,D,464,8.276167
ladder,5,25,D,465,8.272584
ladder,5,25,D,466,8.288084
ladder,5,25,D,467,8.286959
ladder,5,25,D,468,8.258625
ladder,5,25,D,469,8.289125
ladder,5,25,D,470,8.254584
ladder,5,25,D,471,8.304833
ladder,5,25,D,472,8.280375
ladder,5,25,D,473,8.287209
ladder,5,25,D,474,8.251125
ladder,5,25,D,475,8.294875
ladder,5,25,D,476,8.273917
ladder,5,25,D,477,8.292875
ladder,5,25,D,478,8.317417
ladder,5,25,D,479,8.300917
ladder,5,25,D,480,8.294375
ladder,5,25,D,481,8.317917
ladder,5,25,D,482,8.272958
ladder,5,25,D,483,8.301583
ladder,5,25,D,484,8.284917
ladder,5,25,D,485,8.284709
ladder,5,25,D,486,8.302333
ladder,5,25,D,487,8.313416
ladder,5,25,D,488,8.244416
ladder,5,25,D,489,8.323584
ladder,5,25,D,490,8.243042
ladder,5,25,D,491,8.306791
ladder,5,25,D,492,8.266958
ladder,5,25,D,493,8.290041
ladder,5,25,D,494,8.289750
ladder,5,25,D,495,8.298250
ladder,5,25,D,496,8.281542
ladder,5,25,D,497,8.305375
ladder,5,25,D,498,8.352166
ladder,5,25,D,499,8.282958
ladder,5,25,D,500,8.285250
ladder,5,25,D,501,8.299958
ladder,5,25,D,502,8.255208
ladder,5,25,D,503,8.311583
ladder,5,25,D,504,8.267250
ladder,5,25,D,505,8.313541
ladder,5,25,D,506,8.284125
ladder,5,25,D,507,8.319625
ladder,5,25,D,508,8.264375
ladder,5,25,D,509,8.307917
ladder,5,25,D,510,8.301625
ladder,5,25,D,511,8.297791
ladder,5,26,B,1,8.298292
ladder,5,26,B,2,8.187166
ladder,5,26,B,3,8.164250
ladder,5,26,B,4,8.089708
ladder,5,26,B,5,8.127709
ladder,5,26,B,6,8.135000
ladder,5,26,B,7,8.147375
ladder,5,26,B,8,8.148125
ladder,5,26,B,9,8.094167
ladder,5,26,B,10,8.120500
ladder,5,26,B,11,8.101541
ladder,5,26,B,12,8.129750
ladder,5,26,B,13,8.120958
ladder,5,26,B,14,8.126417
ladder,5,26,B,15,8.123083
ladder,5,26,B,16,8.165709
ladder,5,26,B,17,8.119125
ladder,5,26,B,18,8.146000
ladder,5,26,B,19,8.107584
ladder,5,26,B,20,8.141208
ladder,5,26,B,21,8.109750
ladder,5,26,B,22,8.162375
ladder,5,26,B,23,8.136209
ladder,5,26,B,24,8.116834
ladder,5,26,B,25,8.111250
ladder,5,26,B,26,8.235125
ladder,5,26,B,27,8.106000
ladder,5,26,B,28,8.154375
ladder,5,26,B,29,8.099166
ladder,5,26,B,30,8.136500
ladder,5,26,B,31,8.128291
ladder,5,26,B,32,8.142834
ladder,5,26,B,33,8.124542
ladder,5,26,B,34,8.170500
ladder,5,26,B,35,8.115250
ladder,5,26,B,36,8.134416
ladder,5,26,B,37,8.095167
ladder,5,26,B,38,8.148875
ladder,5,26,B,39,8.115959
ladder,5,26,B,40,8.158500
ladder,5,26,B,41,8.144583
ladder,5,26,B,42,8.131375
ladder,5,26,B,43,8.120125
ladder,5,26,B,44,8.139000
ladder,5,26,B,45,8.148792
ladder,5,26,B,46,8.147959
ladder,5,26,B,47,8.141667
ladder,5,26,B,48,8.125708
ladder,5,26,B,49,8.148041
ladder,5,26,B,50,8.127916
ladder,5,26,B,51,8.117708
ladder,5,26,B,52,8.069167
ladder,5,26,B,53,8.154083
ladder,5,26,B,54,8.099125
ladder,5,26,B,55,8.139292
ladder,5,26,B,56,8.119750
ladder,5,26,B,57,8.160292
ladder,5,26,B,58,8.199625
ladder,5,26,B,59,8.194458
ladder,5,26,B,60,8.164375
ladder,5,26,B,61,8.194042
ladder,5,26,B,62,8.197750
ladder,5,26,B,63,8.172084
ladder,5,26,B,64,8.179958
ladder,5,26,B,65,8.187791
ladder,5,26,B,66,8.141333
ladder,5,26,B,67,8.145375
ladder,5,26,B,68,8.088083
ladder,5,26,B,69,8.159875
ladder,5,26,B,70,8.160625
ladder,5,26,B,71,8.186667
ladder,5,26,B,72,8.155083
ladder,5,26,B,73,8.266708
ladder,5,26,B,74,8.209125
ladder,5,26,B,75,8.196667
ladder,5,26,B,76,8.194917
ladder,5,26,B,77,8.181916
ladder,5,26,B,78,8.048916
ladder,5,26,B,79,8.058209
ladder,5,26,B,80,8.052667
ladder,5,26,B,81,8.117125
ladder,5,26,B,82,8.195958
ladder,5,26,B,83,8.129083
ladder,5,26,B,84,8.027583
ladder,5,26,B,85,8.061375
ladder,5,26,B,86,8.056250
ladder,5,26,B,87,8.055042
ladder,5,26,B,88,8.065625
ladder,5,26,B,89,8.062667
ladder,5,26,B,90,8.028667
ladder,5,26,B,91,8.062750
ladder,5,26,B,92,8.047125
ladder,5,26,B,93,8.099291
ladder,5,26,B,94,8.160667
ladder,5,26,B,95,8.264333
ladder,5,26,B,96,8.284666
ladder,5,26,B,97,8.267334
ladder,5,26,B,98,8.137834
ladder,5,26,B,99,8.175625
ladder,5,26,B,100,8.066084
ladder,5,26,B,101,8.068541
ladder,5,26,B,102,8.049209
ladder,5,26,B,103,8.054375
ladder,5,26,B,104,8.110500
ladder,5,26,B,105,8.326000
ladder,5,26,B,106,10.197958
ladder,5,26,B,107,8.874125
ladder,5,26,B,108,8.218042
ladder,5,26,B,109,8.305875
ladder,5,26,B,110,8.408875
ladder,5,26,B,111,8.337250
ladder,5,26,B,112,8.453125
ladder,5,26,B,113,8.462666
ladder,5,26,B,114,8.088791
ladder,5,26,B,115,8.119375
ladder,5,26,B,116,8.249834
ladder,5,26,B,117,8.352333
ladder,5,26,B,118,8.235459
ladder,5,26,B,119,8.101166
ladder,5,26,B,120,8.154125
ladder,5,26,B,121,8.279250
ladder,5,26,B,122,8.122375
ladder,5,26,B,123,8.189791
ladder,5,26,B,124,8.244416
ladder,5,26,B,125,8.160625
ladder,5,26,B,126,8.168417
ladder,5,26,B,127,8.184875
ladder,5,26,B,128,8.188458
ladder,5,26,B,129,8.141416
ladder,5,26,B,130,8.193000
ladder,5,26,B,131,8.151542
ladder,5,26,B,132,8.200792
ladder,5,26,B,133,8.160833
ladder,5,26,B,134,8.215584
ladder,5,26,B,135,8.184292
ladder,5,26,B,136,8.214291
ladder,5,26,B,137,8.164541
ladder,5,26,B,138,8.207667
ladder,5,26,B,139,8.161084
ladder,5,26,B,140,8.286375
ladder,5,26,B,141,8.163458
ladder,5,26,B,142,8.207459
ladder,5,26,B,143,8.192167
ladder,5,26,B,144,8.276250
ladder,5,26,B,145,8.153208
ladder,5,26,B,146,8.165459
ladder,5,26,B,147,8.132875
ladder,5,26,B,148,8.164375
ladder,5,26,B,149,8.146375
ladder,5,26,B,150,8.179375
ladder,5,26,B,151,8.167625
ladder,5,26,B,152,8.170334
ladder,5,26,B,153,8.152209
ladder,5,26,B,154,8.203000
ladder,5,26,B,155,8.156292
ladder,5,26,B,156,8.174083
ladder,5,26,B,157,8.152458
ladder,5,26,B,158,8.180709
ladder,5,26,B,159,8.183375
ladder,5,26,B,160,8.166833
ladder,5,26,B,161,8.166458
ladder,5,26,B,162,8.181750
ladder,5,26,B,163,8.151709
ladder,5,26,B,164,8.176333
ladder,5,26,B,165,8.163375
ladder,5,26,B,166,8.166458
ladder,5,26,B,167,8.186375
ladder,5,26,B,168,8.182208
ladder,5,26,B,169,8.155416
ladder,5,26,B,170,8.149208
ladder,5,26,B,171,8.178791
ladder,5,26,B,172,8.150958
ladder,5,26,B,173,8.142709
ladder,5,26,B,174,8.147125
ladder,5,26,B,175,8.196250
ladder,5,26,B,176,8.157000
ladder,5,26,B,177,8.207125
ladder,5,26,B,178,8.181000
ladder,5,26,B,179,8.187750
ladder,5,26,B,180,8.166416
ladder,5,26,B,181,8.178541
ladder,5,26,B,182,8.163250
ladder,5,26,B,183,8.217125
ladder,5,26,B,184,8.158375
ladder,5,26,B,185,8.210292
ladder,5,26,B,186,8.157541
ladder,5,26,B,187,8.202208
ladder,5,26,B,188,8.159584
ladder,5,26,B,189,8.202917
ladder,5,26,B,190,8.174500
ladder,5,26,B,191,8.286125
ladder,5,26,B,192,8.270333
ladder,5,26,B,193,8.217584
ladder,5,26,B,194,8.161083
ladder,5,26,B,195,8.206584
ladder,5,26,B,196,8.164708
ladder,5,26,B,197,8.217042
ladder,5,26,B,198,8.160125
ladder,5,26,B,199,8.208667
ladder,5,26,B,200,8.162500
ladder,5,26,B,201,8.179666
ladder,5,26,B,202,8.197583
ladder,5,26,B,203,8.194458
ladder,5,26,B,204,8.164958
ladder,5,26,B,205,8.222750
ladder,5,26,B,206,8.162708
ladder,5,26,B,207,8.189666
ladder,5,26,B,208,8.150750
ladder,5,26,B,209,8.188333
ladder,5,26,B,210,8.157958
ladder,5,26,B,211,8.193292
ladder,5,26,B,212,8.164958
ladder,5,26,B,213,8.186625
ladder,5,26,B,214,8.158292
ladder,5,26,B,215,8.159708
ladder,5,26,B,216,8.167875
ladder,5,26,B,217,8.173583
ladder,5,26,B,218,8.168541
ladder,5,26,B,219,8.181333
ladder,5,26,B,220,8.155875
ladder,5,26,B,221,8.172583
ladder,5,26,B,222,8.175084
ladder,5,26,B,223,8.158792
ladder,5,26,B,224,8.168542
ladder,5,26,B,225,8.174792
ladder,5,26,B,226,8.160792
ladder,5,26,B,227,8.168042
ladder,5,26,B,228,8.183125
ladder,5,26,B,229,8.166875
ladder,5,26,B,230,8.176417
ladder,5,26,B,231,8.172250
ladder,5,26,B,232,8.164792
ladder,5,26,B,233,8.175709
ladder,5,26,B,234,8.195292
ladder,5,26,B,235,8.173542
ladder,5,26,B,236,8.166709
ladder,5,26,B,237,8.185291
ladder,5,26,B,238,8.163666
ladder,5,26,B,239,8.172375
ladder,5,26,B,240,8.157667
ladder,5,26,B,241,8.176084
ladder,5,26,B,242,8.183916
ladder,5,26,B,243,8.141333
ladder,5,26,B,244,8.159959
ladder,5,26,B,245,8.170208
ladder,5,26,B,246,8.171291
ladder,5,26,B,247,8.155125
ladder,5,26,B,248,8.186791
ladder,5,26,B,249,8.166667
ladder,5,26,B,250,8.202375
ladder,5,26,B,251,8.178458
ladder,5,26,B,252,8.233125
ladder,5,26,B,253,8.171709
ladder,5,26,B,254,8.215334
ladder,5,26,B,255,8.181875
ladder,5,26,B,256,8.926125
ladder,5,26,B,257,8.275958
ladder,5,26,B,258,8.271458
ladder,5,26,B,259,8.168833
ladder,5,26,B,260,8.214916
ladder,5,26,B,261,8.176833
ladder,5,26,B,262,8.203709
ladder,5,26,B,263,8.180417
ladder,5,26,B,264,8.204917
ladder,5,26,B,265,8.188542
ladder,5,26,B,266,8.224292
ladder,5,26,B,267,8.157041
ladder,5,26,B,268,8.212291
ladder,5,26,B,269,8.183916
ladder,5,26,B,270,8.198333
ladder,5,26,B,271,8.180333
ladder,5,26,B,272,8.213916
ladder,5,26,B,273,8.212750
ladder,5,26,B,274,8.246750
ladder,5,26,B,275,8.202292
ladder,5,26,B,276,8.215166
ladder,5,26,B,277,8.185584
ladder,5,26,B,278,8.204583
ladder,5,26,B,279,8.176083
ladder,5,26,B,280,8.311208
ladder,5,26,B,281,8.182417
ladder,5,26,B,282,8.194292
ladder,5,26,B,283,8.182791
ladder,5,26,B,284,8.185125
ladder,5,26,B,285,8.197792
ladder,5,26,B,286,8.179916
ladder,5,26,B,287,8.207875
ladder,5,26,B,288,8.275917
ladder,5,26,B,289,8.191000
ladder,5,26,B,290,8.215125
ladder,5,26,B,291,8.201000
ladder,5,26,B,292,8.168042
ladder,5,26,B,293,8.201750
ladder,5,26,B,294,8.176709
ladder,5,26,B,295,8.201959
ladder,5,26,B,296,8.201875
ladder,5,26,B,297,8.218959
ladder,5,26,B,298,8.187875
ladder,5,26,B,299,8.218458
ladder,5,26,B,300,8.203959
ladder,5,26,B,301,8.220500
ladder,5,26,B,302,8.218125
ladder,5,26,B,303,8.237750
ladder,5,26,B,304,8.223416
ladder,5,26,B,305,8.227416
ladder,5,26,B,306,8.172000
ladder,5,26,B,307,8.259125
ladder,5,26,B,308,8.173917
ladder,5,26,B,309,8.249875
ladder,5,26,B,310,8.184916
ladder,5,26,B,311,8.247500
ladder,5,26,B,312,8.212083
ladder,5,26,B,313,8.235917
ladder,5,26,B,314,8.195041
ladder,5,26,B,315,8.240917
ladder,5,26,B,316,8.209000
ladder,5,26,B,317,8.251500
ladder,5,26,B,318,8.197042
ladder,5,26,B,319,8.295000
ladder,5,26,B,320,8.199458
ladder,5,26,B,321,8.243542
ladder,5,26,B,322,8.274375
ladder,5,26,B,323,8.266333
ladder,5,26,B,324,8.213959
ladder,5,26,B,325,8.265250
ladder,5,26,B,326,8.206458
ladder,5,26,B,327,8.257542
ladder,5,26,B,328,8.174125
ladder,5,26,B,329,8.228792
ladder,5,26,B,330,8.221416
ladder,5,26,B,331,8.220334
ladder,5,26,B,332,8.200125
ladder,5,26,B,333,8.247042
ladder,5,26,B,334,8.207583
ladder,5,26,B,335,8.218750
ladder,5,26,B,336,8.225667
ladder,5,26,B,337,8.239750
ladder,5,26,B,338,8.219291
ladder,5,26,B,339,8.247208
ladder,5,26,B,340,8.216625
ladder,5,26,B,341,8.228708
ladder,5,26,B,342,8.185542
ladder,5,26,B,343,8.237667
ladder,5,26,B,344,8.211708
ladder,5,26,B,345,8.209125
ladder,5,26,B,346,8.211625
ladder,5,26,B,347,8.217583
ladder,5,26,B,348,8.178625
ladder,5,26,B,349,8.181125
ladder,5,26,B,350,8.197625
ladder,5,26,B,351,8.217125
ladder,5,26,B,352,8.222167
ladder,5,26,B,353,8.201833
ladder,5,26,B,354,8.215458
ladder,5,26,B,355,8.197000
ladder,5,26,B,356,8.237583
ladder,5,26,B,357,8.219542
ladder,5,26,B,358,8.197291
ladder,5,26,B,359,8.211209
ladder,5,26,B,360,8.223667
ladder,5,26,B,361,8.213334
ladder,5,26,B,362,8.201167
ladder,5,26,B,363,8.206166
ladder,5,26,B,364,8.250708
ladder,5,26,B,365,8.183875
ladder,5,26,B,366,8.212209
ladder,5,26,B,367,8.214458
ladder,5,26,B,368,8.254209
ladder,5,26,B,369,8.206417
ladder,5,26,B,370,8.203750
ladder,5,26,B,371,8.175375
ladder,5,26,B,372,8.256917
ladder,5,26,B,373,8.201208
ladder,5,26,B,374,8.233209
ladder,5,26,B,375,8.240958
ladder,5,26,B,376,8.240667
ladder,5,26,B,377,8.226750
ladder,5,26,B,378,8.229625
ladder,5,26,B,379,8.253417
ladder,5,26,B,380,8.266375
ladder,5,26,B,381,8.204458
ladder,5,26,B,382,8.270000
ladder,5,26,B,383,8.201250
ladder,5,26,B,384,8.256000
ladder,5,26,B,385,8.231917
ladder,5,26,B,386,8.260250
ladder,5,26,B,387,8.247417
ladder,5,26,B,388,8.251625
ladder,5,26,B,389,8.228083
ladder,5,26,B,390,8.272583
ladder,5,26,B,391,8.255792
ladder,5,26,B,392,8.290875
ladder,5,26,B,393,8.237084
ladder,5,26,B,394,8.267625
ladder,5,26,B,395,8.203250
ladder,5,26,B,396,8.249708
ladder,5,26,B,397,8.204709
ladder,5,26,B,398,8.353084
ladder,5,26,B,399,8.206625
ladder,5,26,B,400,8.260958
ladder,5,26,B,401,8.244500
ladder,5,26,B,402,8.282708
ladder,5,26,B,403,8.219542
ladder,5,26,B,404,8.253208
ladder,5,26,B,405,8.213583
ladder,5,26,B,406,8.266750
ladder,5,26,B,407,8.242375
ladder,5,26,B,408,8.245750
ladder,5,26,B,409,8.228167
ladder,5,26,B,410,8.269125
ladder,5,26,B,411,8.225291
ladder,5,26,B,412,8.238750
ladder,5,26,B,413,8.248042
ladder,5,26,B,414,8.274417
ladder,5,26,B,415,8.232959
ladder,5,26,B,416,8.290875
ladder,5,26,B,417,8.209500
ladder,5,26,B,418,8.238792
ladder,5,26,B,419,8.238042
ladder,5,26,B,420,8.234667
ladder,5,26,B,421,8.228708
ladder,5,26,B,422,8.256792
ladder,5,26,B,423,8.224750
ladder,5,26,B,424,8.253334
ladder,5,26,B,425,8.227125
ladder,5,26,B,426,8.238833
ladder,5,26,B,427,8.235542
ladder,5,26,B,428,8.350334
ladder,5,26,B,429,8.254916
ladder,5,26,B,430,8.255625
ladder,5,26,B,431,8.245000
ladder,5,26,B,432,8.303458
ladder,5,26,B,433,8.250875
ladder,5,26,B,434,8.250625
ladder,5,26,B,435,8.254791
ladder,5,26,B,436,8.248459
ladder,5,26,B,437,8.241750
ladder,5,26,B,438,8.249625
ladder,5,26,B,439,8.249417
ladder,5,26,B,440,8.258125
ladder,5,26,B,441,8.272542
ladder,5,26,B,442,8.252708
ladder,5,26,B,443,8.232500
ladder,5,26,B,444,8.249583
ladder,5,26,B,445,8.204417
ladder,5,26,B,446,8.258292
ladder,5,26,B,447,8.252458
ladder,5,26,B,448,8.234833
ladder,5,26,B,449,8.237750
ladder,5,26,B,450,8.255042
ladder,5,26,B,451,8.248958
ladder,5,26,B,452,8.247542
ladder,5,26,B,453,8.248042
ladder,5,26,B,454,8.271542
ladder,5,26,B,455,8.209541
ladder,5,26,B,456,8.229584
ladder,5,26,B,457,8.242875
ladder,5,26,B,458,8.234084
ladder,5,26,B,459,8.251333
ladder,5,26,B,460,8.220083
ladder,5,26,B,461,8.248209
ladder,5,26,B,462,8.216708
ladder,5,26,B,463,8.277292
ladder,5,26,B,464,8.246625
ladder,5,26,B,465,8.279375
ladder,5,26,B,466,8.232750
ladder,5,26,B,467,8.226417
ladder,5,26,B,468,8.246167
ladder,5,26,B,469,8.247084
ladder,5,26,B,470,8.239083
ladder,5,26,B,471,8.262625
ladder,5,26,B,472,8.254458
ladder,5,26,B,473,8.266750
ladder,5,26,B,474,8.245208
ladder,5,26,B,475,8.232833
ladder,5,26,B,476,8.234666
ladder,5,26,B,477,8.280334
ladder,5,26,B,478,8.233709
ladder,5,26,B,479,8.240791
ladder,5,26,B,480,8.235125
ladder,5,26,B,481,8.251166
ladder,5,26,B,482,8.265625
ladder,5,26,B,483,8.254084
ladder,5,26,B,484,8.220583
ladder,5,26,B,485,8.249167
ladder,5,26,B,486,8.188458
ladder,5,26,B,487,8.262708
ladder,5,26,B,488,8.249375
ladder,5,26,B,489,8.277584
ladder,5,26,B,490,8.248958
ladder,5,26,B,491,8.276500
ladder,5,26,B,492,8.239375
ladder,5,26,B,493,8.296500
ladder,5,26,B,494,8.243000
ladder,5,26,B,495,8.303916
ladder,5,26,B,496,8.338625
ladder,5,26,B,497,8.274875
ladder,5,26,B,498,8.249375
ladder,5,26,B,499,8.320250
ladder,5,26,B,500,8.254708
ladder,5,26,B,501,8.421250
ladder,5,26,B,502,8.250375
ladder,5,26,B,503,8.376000
ladder,5,26,B,504,8.260709
ladder,5,26,B,505,8.296875
ladder,5,26,B,506,8.272875
ladder,5,26,B,507,8.279250
ladder,5,26,B,508,8.242667
ladder,5,26,B,509,8.297333
ladder,5,26,B,510,8.258000
ladder,5,26,B,511,8.308750
ladder,5,27,A,1,8.303834
ladder,5,27,A,2,8.164083
ladder,5,27,A,3,8.188209
ladder,5,27,A,4,8.167292
ladder,5,27,A,5,8.177208
ladder,5,27,A,6,8.188958
ladder,5,27,A,7,8.219709
ladder,5,27,A,8,8.132750
ladder,5,27,A,9,8.123583
ladder,5,27,A,10,8.185750
ladder,5,27,A,11,8.125791
ladder,5,27,A,12,8.076000
ladder,5,27,A,13,8.093125
ladder,5,27,A,14,8.077459
ladder,5,27,A,15,8.103709
ladder,5,27,A,16,8.228792
ladder,5,27,A,17,8.425417
ladder,5,27,A,18,8.859500
ladder,5,27,A,19,8.115875
ladder,5,27,A,20,8.124334
ladder,5,27,A,21,8.288041
ladder,5,27,A,22,8.123375
ladder,5,27,A,23,8.136333
ladder,5,27,A,24,8.237583
ladder,5,27,A,25,8.135458
ladder,5,27,A,26,8.140250
ladder,5,27,A,27,8.128083
ladder,5,27,A,28,8.178958
ladder,5,27,A,29,8.188125
ladder,5,27,A,30,8.146167
ladder,5,27,A,31,8.110834
ladder,5,27,A,32,8.136584
ladder,5,27,A,33,8.111292
ladder,5,27,A,34,8.159542
ladder,5,27,A,35,8.137083
ladder,5,27,A,36,8.141583
ladder,5,27,A,37,8.149167
ladder,5,27,A,38,8.139791
ladder,5,27,A,39,8.130333
ladder,5,27,A,40,8.146084
ladder,5,27,A,41,8.189250
ladder,5,27,A,42,8.165625
ladder,5,27,A,43,8.165208
ladder,5,27,A,44,8.119375
ladder,5,27,A,45,8.137958
ladder,5,27,A,46,8.141041
ladder,5,27,A,47,8.119708
ladder,5,27,A,48,8.118875
ladder,5,27,A,49,8.112042
ladder,5,27,A,50,8.145042
ladder,5,27,A,51,8.127375
ladder,5,27,A,52,8.099709
ladder,5,27,A,53,8.124625
ladder,5,27,A,54,8.152500
ladder,5,27,A,55,8.153375
ladder,5,27,A,56,8.208125
ladder,5,27,A,57,8.130708
ladder,5,27,A,58,8.281292
ladder,5,27,A,59,8.126209
ladder,5,27,A,60,8.180458
ladder,5,27,A,61,8.131333
ladder,5,27,A,62,8.156750
ladder,5,27,A,63,8.127458
ladder,5,27,A,64,8.155208
ladder,5,27,A,65,8.136416
ladder,5,27,A,66,8.147500
ladder,5,27,A,67,8.179125
ladder,5,27,A,68,8.151917
ladder,5,27,A,69,8.172083
ladder,5,27,A,70,8.199583
ladder,5,27,A,71,8.237583
ladder,5,27,A,72,8.186416
ladder,5,27,A,73,8.165250
ladder,5,27,A,74,8.126875
ladder,5,27,A,75,8.143625
ladder,5,27,A,76,8.148625
ladder,5,27,A,77,8.153500
ladder,5,27,A,78,8.111833
ladder,5,27,A,79,8.160667
ladder,5,27,A,80,8.150250
ladder,5,27,A,81,8.200833
ladder,5,27,A,82,8.127292
ladder,5,27,A,83,8.171000
ladder,5,27,A,84,8.131750
ladder,5,27,A,85,8.191583
ladder,5,27,A,86,8.123459
ladder,5,27,A,87,8.196292
ladder,5,27,A,88,8.133208
ladder,5,27,A,89,8.171083
ladder,5,27,A,90,8.200208
ladder,5,27,A,91,8.173875
ladder,5,27,A,92,8.162750
ladder,5,27,A,93,8.212083
ladder,5,27,A,94,8.157875
ladder,5,27,A,95,8.183875
ladder,5,27,A,96,8.150500
ladder,5,27,A,97,8.205875
ladder,5,27,A,98,8.158250
ladder,5,27,A,99,8.204417
ladder,5,27,A,100,8.141875
ladder,5,27,A,101,8.182667
ladder,5,27,A,102,8.228500
ladder,5,27,A,103,8.427791
ladder,5,27,A,104,8.157333
ladder,5,27,A,105,8.198583
ladder,5,27,A,106,8.154250
ladder,5,27,A,107,8.169792
ladder,5,27,A,108,8.156708
ladder,5,27,A,109,8.177416
ladder,5,27,A,110,8.162459
ladder,5,27,A,111,8.179500
ladder,5,27,A,112,8.146416
ladder,5,27,A,113,8.161792
ladder,5,27,A,114,8.150834
ladder,5,27,A,115,8.167250
ladder,5,27,A,116,8.172958
ladder,5,27,A,117,8.173166
ladder,5,27,A,118,8.178292
ladder,5,27,A,119,8.172208
ladder,5,27,A,120,8.146375
ladder,5,27,A,121,8.148125
ladder,5,27,A,122,8.141834
ladder,5,27,A,123,8.138625
ladder,5,27,A,124,8.209875
ladder,5,27,A,125,8.142042
ladder,5,27,A,126,8.160417
ladder,5,27,A,127,8.173042
ladder,5,27,A,128,8.187208
ladder,5,27,A,129,8.138750
ladder,5,27,A,130,8.165417
ladder,5,27,A,131,8.148583
ladder,5,27,A,132,8.192125
ladder,5,27,A,133,8.214833
ladder,5,27,A,134,8.365667
ladder,5,27,A,135,8.289875
ladder,5,27,A,136,8.123584
ladder,5,27,A,137,8.097208
ladder,5,27,A,138,8.168791
ladder,5,27,A,139,8.076959
ladder,5,27,A,140,8.096708
ladder,5,27,A,141,8.051958
ladder,5,27,A,142,8.112000
ladder,5,27,A,143,8.312959
ladder,5,27,A,144,8.516000
ladder,5,27,A,145,8.625625
ladder,5,27,A,146,8.130959
ladder,5,27,A,147,8.123958
ladder,5,27,A,148,8.293125
ladder,5,27,A,149,8.182625
ladder,5,27,A,150,8.165000
ladder,5,27,A,151,8.264292
ladder,5,27,A,152,8.256917
ladder,5,27,A,153,8.174583
ladder,5,27,A,154,8.202000
ladder,5,27,A,155,8.149500
ladder,5,27,A,156,8.166167
ladder,5,27,A,157,8.166167
ladder,5,27,A,158,8.149875
ladder,5,27,A,159,8.150584
ladder,5,27,A,160,8.148209
ladder,5,27,A,161,8.164709
ladder,5,27,A,162,8.192542
ladder,5,27,A,163,8.176834
ladder,5,27,A,164,8.178834
ladder,5,27,A,165,8.155250
ladder,5,27,A,166,8.179459
ladder,5,27,A,167,8.149625
ladder,5,27,A,168,8.189292
ladder,5,27,A,169,8.161750
ladder,5,27,A,170,8.185333
ladder,5,27,A,171,8.164333
ladder,5,27,A,172,8.191916
ladder,5,27,A,173,8.177917
ladder,5,27,A,174,8.148625
ladder,5,27,A,175,8.189416
ladder,5,27,A,176,8.139292
ladder,5,27,A,177,8.161250
ladder,5,27,A,178,8.162708
ladder,5,27,A,179,8.203000
ladder,5,27,A,180,8.160250
ladder,5,27,A,181,8.175042
ladder,5,27,A,182,8.163291
ladder,5,27,A,183,8.149875
ladder,5,27,A,184,8.140958
ladder,5,27,A,185,8.159708
ladder,5,27,A,186,8.146000
ladder,5,27,A,187,8.169333
ladder,5,27,A,188,8.167167
ladder,5,27,A,189,8.184833
ladder,5,27,A,190,8.167250
ladder,5,27,A,191,8.185125
ladder,5,27,A,192,8.196084
ladder,5,27,A,193,8.188875
ladder,5,27,A,194,8.167250
ladder,5,27,A,195,8.198084
ladder,5,27,A,196,8.147000
ladder,5,27,A,197,8.210750
ladder,5,27,A,198,8.145334
ladder,5,27,A,199,8.242958
ladder,5,27,A,200,8.177125
ladder,5,27,A,201,8.194708
ladder,5,27,A,202,8.142750
ladder,5,27,A,203,8.215458
ladder,5,27,A,204,8.171875
ladder,5,27,A,205,8.221041
ladder,5,27,A,206,8.170208
ladder,5,27,A,207,8.225167
ladder,5,27,A,208,8.167500
ladder,5,27,A,209,8.205916
ladder,5,27,A,210,8.164166
ladder,5,27,A,211,8.205625
ladder,5,27,A,212,8.168958
ladder,5,27,A,213,8.216250
ladder,5,27,A,214,8.144625
ladder,5,27,A,215,8.203625
ladder,5,27,A,216,8.179083
ladder,5,27,A,217,8.185417
ladder,5,27,A,218,8.157709
ladder,5,27,A,219,8.217250
ladder,5,27,A,220,8.163625
ladder,5,27,A,221,8.202458
ladder,5,27,A,222,8.175792
ladder,5,27,A,223,8.204250
ladder,5,27,A,224,8.170500
ladder,5,27,A,225,8.184666
ladder,5,27,A,226,8.172666
ladder,5,27,A,227,8.194208
ladder,5,27,A,228,8.208250
ladder,5,27,A,229,8.186417
ladder,5,27,A,230,8.169583
ladder,5,27,A,231,8.199125
ladder,5,27,A,232,8.208584
ladder,5,27,A,233,8.192208
ladder,5,27,A,234,8.198375
ladder,5,27,A,235,8.174375
ladder,5,27,A,236,8.191250
ladder,5,27,A,237,8.190042
ladder,5,27,A,238,8.197334
ladder,5,27,A,239,8.175375
ladder,5,27,A,240,8.200125
ladder,5,27,A,241,8.186500
ladder,5,27,A,242,8.189459
ladder,5,27,A,243,8.157417
ladder,5,27,A,244,8.203375
ladder,5,27,A,245,8.147208
ladder,5,27,A,246,8.212833
ladder,5,27,A,247,8.221458
ladder,5,27,A,248,8.206125
ladder,5,27,A,249,8.203375
ladder,5,27,A,250,8.201958
ladder,5,27,A,251,8.195500
ladder,5,27,A,252,8.244708
ladder,5,27,A,253,8.163708
ladder,5,27,A,254,8.207292
ladder,5,27,A,255,8.181916
ladder,5,27,A,256,8.979333
ladder,5,27,A,257,8.283625
ladder,5,27,A,258,8.242834
ladder,5,27,A,259,8.183125
ladder,5,27,A,260,8.246083
ladder,5,27,A,261,8.183625
ladder,5,27,A,262,8.198750
ladder,5,27,A,263,8.201500
ladder,5,27,A,264,8.255667
ladder,5,27,A,265,8.200667
ladder,5,27,A,266,8.238000
ladder,5,27,A,267,8.197958
ladder,5,27,A,268,8.234459
ladder,5,27,A,269,8.318334
ladder,5,27,A,270,8.275375
ladder,5,27,A,271,8.171791
ladder,5,27,A,272,8.309959
ladder,5,27,A,273,8.175750
ladder,5,27,A,274,8.257542
ladder,5,27,A,275,8.234125
ladder,5,27,A,276,8.197667
ladder,5,27,A,277,8.188042
ladder,5,27,A,278,8.198666
ladder,5,27,A,279,8.205292
ladder,5,27,A,280,8.182750
ladder,5,27,A,281,8.160125
ladder,5,27,A,282,8.201958
ladder,5,27,A,283,8.173459
ladder,5,27,A,284,8.238625
ladder,5,27,A,285,8.164875
ladder,5,27,A,286,8.223083
ladder,5,27,A,287,8.215584
ladder,5,27,A,288,8.186083
ladder,5,27,A,289,8.182458
ladder,5,27,A,290,8.196166
ladder,5,27,A,291,8.198125
ladder,5,27,A,292,8.220125
ladder,5,27,A,293,8.203333
ladder,5,27,A,294,8.184500
ladder,5,27,A,295,8.178333
ladder,5,27,A,296,8.205125
ladder,5,27,A,297,8.202125
ladder,5,27,A,298,8.198875
ladder,5,27,A,299,8.207250
ladder,5,27,A,300,8.191916
ladder,5,27,A,301,8.211708
ladder,5,27,A,302,8.188666
ladder,5,27,A,303,8.193333
ladder,5,27,A,304,8.211375
ladder,5,27,A,305,8.202583
ladder,5,27,A,306,8.210584
ladder,5,27,A,307,8.219250
ladder,5,27,A,308,8.196750
ladder,5,27,A,309,8.220417
ladder,5,27,A,310,8.228375
ladder,5,27,A,311,8.190458
ladder,5,27,A,312,8.194125
ladder,5,27,A,313,8.243209
ladder,5,27,A,314,8.222500
ladder,5,27,A,315,8.217542
ladder,5,27,A,316,8.209250
ladder,5,27,A,317,8.239750
ladder,5,27,A,318,8.198417
ladder,5,27,A,319,8.232750
ladder,5,27,A,320,8.189500
ladder,5,27,A,321,8.215167
ladder,5,27,A,322,8.241458
ladder,5,27,A,323,8.231333
ladder,5,27,A,324,8.193333
ladder,5,27,A,325,8.243958
ladder,5,27,A,326,8.200875
ladder,5,27,A,327,8.243125
ladder,5,27,A,328,8.224542
ladder,5,27,A,329,8.236500
ladder,5,27,A,330,8.234250
ladder,5,27,A,331,8.242625
ladder,5,27,A,332,8.203917
ladder,5,27,A,333,8.218416
ladder,5,27,A,334,8.177417
ladder,5,27,A,335,8.257791
ladder,5,27,A,336,8.214750
ladder,5,27,A,337,8.276208
ladder,5,27,A,338,8.220042
ladder,5,27,A,339,8.252000
ladder,5,27,A,340,8.227375
ladder,5,27,A,341,8.276750
ladder,5,27,A,342,8.196000
ladder,5,27,A,343,8.245458
ladder,5,27,A,344,8.166583
ladder,5,27,A,345,8.269708
ladder,5,27,A,346,8.194500
ladder,5,27,A,347,8.257959
ladder,5,27,A,348,8.194417
ladder,5,27,A,349,8.247167
ladder,5,27,A,350,8.223291
ladder,5,27,A,351,8.259750
ladder,5,27,A,352,8.219334
ladder,5,27,A,353,8.234375
ladder,5,27,A,354,8.213291
ladder,5,27,A,355,8.264167
ladder,5,27,A,356,8.211000
ladder,5,27,A,357,8.345459
ladder,5,27,A,358,8.204083
ladder,5,27,A,359,8.243667
ladder,5,27,A,360,8.215833
ladder,5,27,A,361,8.198750
ladder,5,27,A,362,8.262208
ladder,5,27,A,363,8.330375
ladder,5,27,A,364,8.165875
ladder,5,27,A,365,8.190208
ladder,5,27,A,366,8.173292
ladder,5,27,A,367,8.176916
ladder,5,27,A,368,8.144250
ladder,5,27,A,369,8.192416
ladder,5,27,A,370,8.139708
ladder,5,27,A,371,8.366583
ladder,5,27,A,372,8.430875
ladder,5,27,A,373,8.564541
ladder,5,27,A,374,8.192417
ladder,5,27,A,375,8.287209
ladder,5,27,A,376,8.371417
ladder,5,27,A,377,8.273458
ladder,5,27,A,378,8.196292
ladder,5,27,A,379,8.365708
ladder,5,27,A,380,8.230458
ladder,5,27,A,381,8.287917
ladder,5,27,A,382,8.217375
ladder,5,27,A,383,8.229166
ladder,5,27,A,384,8.237791
ladder,5,27,A,385,8.245791
ladder,5,27,A,386,8.269792
ladder,5,27,A,387,8.294292
ladder,5,27,A,388,8.235458
ladder,5,27,A,389,8.216458
ladder,5,27,A,390,8.217750
ladder,5,27,A,391,8.256542
ladder,5,27,A,392,8.247750
ladder,5,27,A,393,8.239208
ladder,5,27,A,394,8.252958
ladder,5,27,A,395,8.206417
ladder,5,27,A,396,8.234958
ladder,5,27,A,397,8.228208
ladder,5,27,A,398,8.222125
ladder,5,27,A,399,8.228541
ladder,5,27,A,400,8.219917
ladder,5,27,A,401,8.233042
ladder,5,27,A,402,8.226750
ladder,5,27,A,403,8.229708
ladder,5,27,A,404,8.248291
ladder,5,27,A,405,8.222125
ladder,5,27,A,406,8.230417
ladder,5,27,A,407,8.218167
ladder,5,27,A,408,8.259708
ladder,5,27,A,409,8.212042
ladder,5,27,A,410,8.224167
ladder,5,27,A,411,8.225917
ladder,5,27,A,412,8.225000
ladder,5,27,A,413,8.218291
ladder,5,27,A,414,8.217041
ladder,5,27,A,415,8.223792
ladder,5,27,A,416,8.238042
ladder,5,27,A,417,8.186000
ladder,5,27,A,418,8.209125
ladder,5,27,A,419,8.228667
ladder,5,27,A,420,8.239750
ladder,5,27,A,421,8.213000
ladder,5,27,A,422,8.239000
ladder,5,27,A,423,8.250042
ladder,5,27,A,424,8.284042
ladder,5,27,A,425,8.217083
ladder,5,27,A,426,8.350250
ladder,5,27,A,427,8.255834
ladder,5,27,A,428,8.272292
ladder,5,27,A,429,8.239917
ladder,5,27,A,430,8.303458
ladder,5,27,A,431,8.241500
ladder,5,27,A,432,8.281333
ladder,5,27,A,433,8.324542
ladder,5,27,A,434,8.305250
ladder,5,27,A,435,8.230209
ladder,5,27,A,436,8.282041
ladder,5,27,A,437,8.229333
ladder,5,27,A,438,8.292708
ladder,5,27,A,439,8.245750
ladder,5,27,A,440,8.290709
ladder,5,27,A,441,8.241042
ladder,5,27,A,442,8.298042
ladder,5,27,A,443,8.234833
ladder,5,27,A,444,8.279917
ladder,5,27,A,445,8.231375
ladder,5,27,A,446,8.256875
ladder,5,27,A,447,8.228750
ladder,5,27,A,448,8.280458
ladder,5,27,A,449,8.217084
ladder,5,27,A,450,8.341166
ladder,5,27,A,451,8.244708
ladder,5,27,A,452,8.274541
ladder,5,27,A,453,8.221250
ladder,5,27,A,454,8.278333
ladder,5,27,A,455,8.217167
ladder,5,27,A,456,8.280542
ladder,5,27,A,457,8.246083
ladder,5,27,A,458,8.299916
ladder,5,27,A,459,8.234875
ladder,5,27,A,460,8.256834
ladder,5,27,A,461,8.243125
ladder,5,27,A,462,8.269250
ladder,5,27,A,463,8.258209
ladder,5,27,A,464,8.287833
ladder,5,27,A,465,8.230083
ladder,5,27,A,466,8.258042
ladder,5,27,A,467,8.236000
ladder,5,27,A,468,8.292833
ladder,5,27,A,469,8.244000
ladder,5,27,A,470,8.280625
ladder,5,27,A,471,8.255667
ladder,5,27,A,472,8.290375
ladder,5,27,A,473,8.226542
ladder,5,27,A,474,8.256833
ladder,5,27,A,475,8.259750
ladder,5,27,A,476,8.277125
ladder,5,27,A,477,8.241250
ladder,5,27,A,478,8.272333
ladder,5,27,A,479,8.248583
ladder,5,27,A,480,8.260291
ladder,5,27,A,481,8.269792
ladder,5,27,A,482,8.287542
ladder,5,27,A,483,8.260041
ladder,5,27,A,484,8.282000
ladder,5,27,A,485,8.243250
ladder,5,27,A,486,8.262667
ladder,5,27,A,487,8.279750
ladder,5,27,A,488,8.361000
ladder,5,27,A,489,8.258667
ladder,5,27,A,490,8.295333
ladder,5,27,A,491,8.251791
ladder,5,27,A,492,8.282791
ladder,5,27,A,493,8.257167
ladder,5,27,A,494,8.275000
ladder,5,27,A,495,8.240333
ladder,5,27,A,496,8.276125
ladder,5,27,A,497,8.278667
ladder,5,27,A,498,8.260167
ladder,5,27,A,499,8.274917
ladder,5,27,A,500,8.253667
ladder,5,27,A,501,8.265375
ladder,5,27,A,502,8.272334
ladder,5,27,A,503,8.255791
ladder,5,27,A,504,8.344625
ladder,5,27,A,505,8.274084
ladder,5,27,A,506,8.358458
ladder,5,27,A,507,8.284542
ladder,5,27,A,508,8.383500
ladder,5,27,A,509,8.251625
ladder,5,27,A,510,8.297459
ladder,5,27,A,511,8.287416
ladder,5,28,A,1,8.350125
ladder,5,28,A,2,8.154667
ladder,5,28,A,3,8.167083
ladder,5,28,A,4,8.154333
ladder,5,28,A,5,8.174125
ladder,5,28,A,6,8.260584
ladder,5,28,A,7,8.131792
ladder,5,28,A,8,8.126625
ladder,5,28,A,9,8.152542
ladder,5,28,A,10,8.120709
ladder,5,28,A,11,8.091750
ladder,5,28,A,12,8.125709
ladder,5,28,A,13,8.093250
ladder,5,28,A,14,8.126750
ladder,5,28,A,15,8.125875
ladder,5,28,A,16,8.107125
ladder,5,28,A,17,8.083875
ladder,5,28,A,18,8.161666
ladder,5,28,A,19,8.090083
ladder,5,28,A,20,8.167625
ladder,5,28,A,21,8.108958
ladder,5,28,A,22,8.150084
ladder,5,28,A,23,8.141541
ladder,5,28,A,24,8.186375
ladder,5,28,A,25,8.123125
ladder,5,28,A,26,8.175250
ladder,5,28,A,27,8.120209
ladder,5,28,A,28,8.153916
ladder,5,28,A,29,8.137917
ladder,5,28,A,30,8.144250
ladder,5,28,A,31,8.122000
ladder,5,28,A,32,8.179417
ladder,5,28,A,33,8.155042
ladder,5,28,A,34,8.154583
ladder,5,28,A,35,8.127834
ladder,5,28,A,36,8.160583
ladder,5,28,A,37,8.163625
ladder,5,28,A,38,8.152250
ladder,5,28,A,39,8.132333
ladder,5,28,A,40,8.149583
ladder,5,28,A,41,8.139250
ladder,5,28,A,42,8.138375
ladder,5,28,A,43,8.124791
ladder,5,28,A,44,8.135209
ladder,5,28,A,45,8.151625
ladder,5,28,A,46,8.123917
ladder,5,28,A,47,8.152458
ladder,5,28,A,48,8.142542
ladder,5,28,A,49,8.160084
ladder,5,28,A,50,8.112542
ladder,5,28,A,51,8.160542
ladder,5,28,A,52,8.119917
ladder,5,28,A,53,8.148000
ladder,5,28,A,54,8.130834
ladder,5,28,A,55,8.140625
ladder,5,28,A,56,8.111208
ladder,5,28,A,57,8.167042
ladder,5,28,A,58,8.129166
ladder,5,28,A,59,8.162708
ladder,5,28,A,60,8.132542
ladder,5,28,A,61,8.159291
ladder,5,28,A,62,8.121750
ladder,5,28,A,63,8.182042
ladder,5,28,A,64,8.123709
ladder,5,28,A,65,8.166375
ladder,5,28,A,66,8.115500
ladder,5,28,A,67,8.254959
ladder,5,28,A,68,8.143250
ladder,5,28,A,69,8.270625
ladder,5,28,A,70,8.146208
ladder,5,28,A,71,8.175458
ladder,5,28,A,72,8.130917
ladder,5,28,A,73,8.181250
ladder,5,28,A,74,8.141750
ladder,5,28,A,75,8.153250
ladder,5,28,A,76,8.143625
ladder,5,28,A,77,8.167417
ladder,5,28,A,78,8.150250
ladder,5,28,A,79,8.158583
ladder,5,28,A,80,8.167459
ladder,5,28,A,81,8.174292
ladder,5,28,A,82,8.133666
ladder,5,28,A,83,8.146709
ladder,5,28,A,84,8.151166
ladder,5,28,A,85,8.181334
ladder,5,28,A,86,8.147125
ladder,5,28,A,87,8.157834
ladder,5,28,A,88,8.117416
ladder,5,28,A,89,8.150000
ladder,5,28,A,90,8.143125
ladder,5,28,A,91,8.142167
ladder,5,28,A,92,8.134750
ladder,5,28,A,93,8.140209
ladder,5,28,A,94,8.140458
ladder,5,28,A,95,8.146167
ladder,5,28,A,96,8.162125
ladder,5,28,A,97,8.142584
ladder,5,28,A,98,8.247667
ladder,5,28,A,99,8.306125
ladder,5,28,A,100,8.151042
ladder,5,28,A,101,8.164416
ladder,5,28,A,102,8.165666
ladder,5,28,A,103,8.141125
ladder,5,28,A,104,8.136000
ladder,5,28,A,105,8.142625
ladder,5,28,A,106,8.132834
ladder,5,28,A,107,8.138459
ladder,5,28,A,108,8.160292
ladder,5,28,A,109,8.158459
ladder,5,28,A,110,8.144166
ladder,5,28,A,111,8.121209
ladder,5,28,A,112,8.146583
ladder,5,28,A,113,8.171167
ladder,5,28,A,114,8.157416
ladder,5,28,A,115,8.208666
ladder,5,28,A,116,8.144958
ladder,5,28,A,117,8.138208
ladder,5,28,A,118,8.176291
ladder,5,28,A,119,8.156125
ladder,5,28,A,120,8.196333
ladder,5,28,A,121,8.154583
ladder,5,28,A,122,8.206166
ladder,5,28,A,123,8.154125
ladder,5,28,A,124,8.191917
ladder,5,28,A,125,8.155583
ladder,5,28,A,126,8.170000
ladder,5,28,A,127,8.156250
ladder,5,28,A,128,8.213833
ladder,5,28,A,129,8.232209
ladder,5,28,A,130,8.375875
ladder,5,28,A,131,8.225250
ladder,5,28,A,132,8.218959
ladder,5,28,A,133,8.204250
ladder,5,28,A,134,8.194125
ladder,5,28,A,135,8.188375
ladder,5,28,A,136,8.187917
ladder,5,28,A,137,8.152667
ladder,5,28,A,138,8.204833
ladder,5,28,A,139,8.183667
ladder,5,28,A,140,8.197459
ladder,5,28,A,141,8.170667
ladder,5,28,A,142,8.170541
ladder,5,28,A,143,8.162042
ladder,5,28,A,144,8.171958
ladder,5,28,A,145,8.155833
ladder,5,28,A,146,8.184667
ladder,5,28,A,147,8.163167
ladder,5,28,A,148,8.153667
ladder,5,28,A,149,8.180375
ladder,5,28,A,150,8.160625
ladder,5,28,A,151,8.158416
ladder,5,28,A,152,8.151833
ladder,5,28,A,153,8.166459
ladder,5,28,A,154,8.164000
ladder,5,28,A,155,8.179916
ladder,5,28,A,156,8.161625
ladder,5,28,A,157,8.176167
ladder,5,28,A,158,8.151291
ladder,5,28,A,159,8.167334
ladder,5,28,A,160,8.145708
ladder,5,28,A,161,8.184833
ladder,5,28,A,162,8.160041
ladder,5,28,A,163,8.210416
ladder,5,28,A,164,8.179667
ladder,5,28,A,165,8.204375
ladder,5,28,A,166,8.154250
ladder,5,28,A,167,8.227833
ladder,5,28,A,168,8.166042
ladder,5,28,A,169,8.192541
ladder,5,28,A,170,8.221667
ladder,5,28,A,171,8.215500
ladder,5,28,A,172,8.153750
ladder,5,28,A,173,8.172750
ladder,5,28,A,174,8.153250
ladder,5,28,A,175,8.184916
ladder,5,28,A,176,8.151333
ladder,5,28,A,177,8.211583
ladder,5,28,A,178,8.147208
ladder,5,28,A,179,8.205917
ladder,5,28,A,180,8.171208
ladder,5,28,A,181,8.216084
ladder,5,28,A,182,8.152959
ladder,5,28,A,183,8.214334
ladder,5,28,A,184,8.179125
ladder,5,28,A,185,8.199708
ladder,5,28,A,186,8.191541
ladder,5,28,A,187,8.207209
ladder,5,28,A,188,8.154667
ladder,5,28,A,189,8.241667
ladder,5,28,A,190,8.160958
ladder,5,28,A,191,8.193334
ladder,5,28,A,192,8.164334
ladder,5,28,A,193,8.161792
ladder,5,28,A,194,8.210916
ladder,5,28,A,195,8.307750
ladder,5,28,A,196,8.127417
ladder,5,28,A,197,8.155375
ladder,5,28,A,198,8.156916
ladder,5,28,A,199,8.143333
ladder,5,28,A,200,8.107958
ladder,5,28,A,201,8.132667
ladder,5,28,A,202,8.101625
ladder,5,28,A,203,8.297208
ladder,5,28,A,204,8.575042
ladder,5,28,A,205,8.608709
ladder,5,28,A,206,8.117084
ladder,5,28,A,207,8.221917
ladder,5,28,A,208,8.282083
ladder,5,28,A,209,8.196416
ladder,5,28,A,210,8.158583
ladder,5,28,A,211,8.260750
ladder,5,28,A,212,8.220708
ladder,5,28,A,213,8.189541
ladder,5,28,A,214,8.180041
ladder,5,28,A,215,8.185458
ladder,5,28,A,216,8.200333
ladder,5,28,A,217,8.166125
ladder,5,28,A,218,8.208916
ladder,5,28,A,219,8.225042
ladder,5,28,A,220,8.190958
ladder,5,28,A,221,8.172167
ladder,5,28,A,222,8.228250
ladder,5,28,A,223,8.168292
ladder,5,28,A,224,8.209625
ladder,5,28,A,225,8.151083
ladder,5,28,A,226,8.205875
ladder,5,28,A,227,8.210833
ladder,5,28,A,228,8.181583
ladder,5,28,A,229,8.179541
ladder,5,28,A,230,8.209250
ladder,5,28,A,231,8.174042
ladder,5,28,A,232,8.211750
ladder,5,28,A,233,8.194500
ladder,5,28,A,234,8.165792
ladder,5,28,A,235,8.183041
ladder,5,28,A,236,8.263917
ladder,5,28,A,237,8.200208
ladder,5,28,A,238,8.177334
ladder,5,28,A,239,8.169500
ladder,5,28,A,240,8.232500
ladder,5,28,A,241,8.167792
ladder,5,28,A,242,8.243958
ladder,5,28,A,243,8.194667
ladder,5,28,A,244,8.239833
ladder,5,28,A,245,8.203250
ladder,5,28,A,246,8.212708
ladder,5,28,A,247,8.213583
ladder,5,28,A,248,8.200292
ladder,5,28,A,249,8.225750
ladder,5,28,A,250,8.222084
ladder,5,28,A,251,8.189375
ladder,5,28,A,252,8.202333
ladder,5,28,A,253,8.197625
ladder,5,28,A,254,8.208917
ladder,5,28,A,255,8.179375
ladder,5,28,A,256,8.994833
ladder,5,28,A,257,8.291292
ladder,5,28,A,258,8.243209
ladder,5,28,A,259,8.197625
ladder,5,28,A,260,8.221500
ladder,5,28,A,261,8.165166
ladder,5,28,A,262,8.191500
ladder,5,28,A,263,8.215000
ladder,5,28,A,264,8.240125
ladder,5,28,A,265,8.200625
ladder,5,28,A,266,8.240667
ladder,5,28,A,267,8.191084
ladder,5,28,A,268,8.237708
ladder,5,28,A,269,8.184458
ladder,5,28,A,270,8.182500
ladder,5,28,A,271,8.200875
ladder,5,28,A,272,8.203208
ladder,5,28,A,273,8.211625
ladder,5,28,A,274,8.196959
ladder,5,28,A,275,8.197292
ladder,5,28,A,276,8.214042
ladder,5,28,A,277,8.194958
ladder,5,28,A,278,8.174875
ladder,5,28,A,279,8.210959
ladder,5,28,A,280,8.189209
ladder,5,28,A,281,8.192333
ladder,5,28,A,282,8.217167
ladder,5,28,A,283,8.191334
ladder,5,28,A,284,8.193417
ladder,5,28,A,285,8.225167
ladder,5,28,A,286,8.182958
ladder,5,28,A,287,8.219541
ladder,5,28,A,288,8.185542
ladder,5,28,A,289,8.218750
ladder,5,28,A,290,8.174459
ladder,5,28,A,291,8.222708
ladder,5,28,A,292,8.226875
ladder,5,28,A,293,8.224209
ladder,5,28,A,294,8.215000
ladder,5,28,A,295,8.222541
ladder,5,28,A,296,8.252917
ladder,5,28,A,297,8.261625
ladder,5,28,A,298,8.196500
ladder,5,28,A,299,8.300500
ladder,5,28,A,300,8.215458
ladder,5,28,A,301,8.226333
ladder,5,28,A,302,8.203500
ladder,5,28,A,303,8.257291
ladder,5,28,A,304,8.196166
ladder,5,28,A,305,8.268875
ladder,5,28,A,306,8.218500
ladder,5,28,A,307,8.267541
ladder,5,28,A,308,8.230250
ladder,5,28,A,309,8.253417
ladder,5,28,A,310,8.223625
ladder,5,28,A,311,8.264416
ladder,5,28,A,312,8.207250
ladder,5,28,A,313,8.330708
ladder,5,28,A,314,8.208292
ladder,5,28,A,315,8.245541
ladder,5,28,A,316,8.213000
ladder,5,28,A,317,8.252459
ladder,5,28,A,318,8.204583
ladder,5,28,A,319,8.251459
ladder,5,28,A,320,8.186625
ladder,5,28,A,321,8.245084
ladder,5,28,A,322,8.196875
ladder,5,28,A,323,8.220083
ladder,5,28,A,324,8.209500
ladder,5,28,A,325,8.266458
ladder,5,28,A,326,8.199583
ladder,5,28,A,327,8.245583
ladder,5,28,A,328,8.197666
ladder,5,28,A,329,8.233625
ladder,5,28,A,330,8.215709
ladder,5,28,A,331,8.239292
ladder,5,28,A,332,8.212083
ladder,5,28,A,333,8.242083
ladder,5,28,A,334,8.198209
ladder,5,28,A,335,8.230167
ladder,5,28,A,336,8.193250
ladder,5,28,A,337,8.195875
ladder,5,28,A,338,8.248084
ladder,5,28,A,339,8.248416
ladder,5,28,A,340,8.207000
ladder,5,28,A,341,8.202625
ladder,5,28,A,342,8.218250
ladder,5,28,A,343,8.193417
ladder,5,28,A,344,8.201334
ladder,5,28,A,345,8.200875
ladder,5,28,A,346,8.232834
ladder,5,28,A,347,8.202083
ladder,5,28,A,348,8.201167
ladder,5,28,A,349,8.217709
ladder,5,28,A,350,8.249459
ladder,5,28,A,351,8.210709
ladder,5,28,A,352,8.205750
ladder,5,28,A,353,8.217417
ladder,5,28,A,354,8.231333
ladder,5,28,A,355,8.193625
ladder,5,28,A,356,8.215083
ladder,5,28,A,357,8.232042
ladder,5,28,A,358,8.211500
ladder,5,28,A,359,8.233959
ladder,5,28,A,360,8.221292
ladder,5,28,A,361,8.213917
ladder,5,28,A,362,8.267708
ladder,5,28,A,363,8.218333
ladder,5,28,A,364,8.259083
ladder,5,28,A,365,8.247542
ladder,5,28,A,366,8.251250
ladder,5,28,A,367,8.239417
ladder,5,28,A,368,8.216208
ladder,5,28,A,369,8.220375
ladder,5,28,A,370,8.245125
ladder,5,28,A,371,8.233666
ladder,5,28,A,372,8.229125
ladder,5,28,A,373,8.268916
ladder,5,28,A,374,8.276291
ladder,5,28,A,375,8.252917
ladder,5,28,A,376,8.250084
ladder,5,28,A,377,8.231625
ladder,5,28,A,378,8.282708
ladder,5,28,A,379,8.201125
ladder,5,28,A,380,8.258291
ladder,5,28,A,381,8.230584
ladder,5,28,A,382,8.260709
ladder,5,28,A,383,8.241625
ladder,5,28,A,384,8.275500
ladder,5,28,A,385,8.217125
ladder,5,28,A,386,8.265959
ladder,5,28,A,387,8.224334
ladder,5,28,A,388,8.262125
ladder,5,28,A,389,8.194917
ladder,5,28,A,390,8.252125
ladder,5,28,A,391,8.237000
ladder,5,28,A,392,8.321750
ladder,5,28,A,393,8.330083
ladder,5,28,A,394,8.314209
ladder,5,28,A,395,8.325500
ladder,5,28,A,396,8.278583
ladder,5,28,A,397,8.230041
ladder,5,28,A,398,8.325916
ladder,5,28,A,399,8.234959
ladder,5,28,A,400,8.283792
ladder,5,28,A,401,8.215792
ladder,5,28,A,402,8.281000
ladder,5,28,A,403,8.215625
ladder,5,28,A,404,8.321458
ladder,5,28,A,405,8.215250
ladder,5,28,A,406,8.259250
ladder,5,28,A,407,8.211583
ladder,5,28,A,408,8.269916
ladder,5,28,A,409,8.234500
ladder,5,28,A,410,8.270333
ladder,5,28,A,411,8.213209
ladder,5,28,A,412,8.283833
ladder,5,28,A,413,8.200291
ladder,5,28,A,414,8.276042
ladder,5,28,A,415,8.243625
ladder,5,28,A,416,8.262666
ladder,5,28,A,417,8.281541
ladder,5,28,A,418,8.337958
ladder,5,28,A,419,8.214083
ladder,5,28,A,420,8.278167
ladder,5,28,A,421,8.219000
ladder,5,28,A,422,8.246834
ladder,5,28,A,423,8.256708
ladder,5,28,A,424,8.272375
ladder,5,28,A,425,8.222667
ladder,5,28,A,426,8.259125
ladder,5,28,A,427,8.235542
ladder,5,28,A,428,8.278916
ladder,5,28,A,429,8.251625
ladder,5,28,A,430,8.315041
ladder,5,28,A,431,8.259333
ladder,5,28,A,432,8.292958
ladder,5,28,A,433,8.267041
ladder,5,28,A,434,8.278750
ladder,5,28,A,435,8.272667
ladder,5,28,A,436,8.265042
ladder,5,28,A,437,8.251500
ladder,5,28,A,438,8.280250
ladder,5,28,A,439,8.297791
ladder,5,28,A,440,8.286917
ladder,5,28,A,441,8.252541
ladder,5,28,A,442,8.262167
ladder,5,28,A,443,8.239083
ladder,5,28,A,444,8.257791
ladder,5,28,A,445,8.242792
ladder,5,28,A,446,8.261666
ladder,5,28,A,447,8.232167
ladder,5,28,A,448,8.275542
ladder,5,28,A,449,8.255125
ladder,5,28,A,450,8.263458
ladder,5,28,A,451,8.249166
ladder,5,28,A,452,8.243208
ladder,5,28,A,453,8.248916
ladder,5,28,A,454,8.244083
ladder,5,28,A,455,8.235292
ladder,5,28,A,456,8.252708
ladder,5,28,A,457,8.240000
ladder,5,28,A,458,8.209542
ladder,5,28,A,459,8.260208
ladder,5,28,A,460,8.256667
ladder,5,28,A,461,8.220750
ladder,5,28,A,462,8.234750
ladder,5,28,A,463,8.228375
ladder,5,28,A,464,8.330750
ladder,5,28,A,465,8.267375
ladder,5,28,A,466,8.198667
ladder,5,28,A,467,8.229167
ladder,5,28,A,468,8.206917
ladder,5,28,A,469,8.197833
ladder,5,28,A,470,8.163292
ladder,5,28,A,471,8.180459
ladder,5,28,A,472,8.293750
ladder,5,28,A,473,9.757542
ladder,5,28,A,474,8.999500
ladder,5,28,A,475,8.186333
ladder,5,28,A,476,8.235291
ladder,5,28,A,477,8.351333
ladder,5,28,A,478,8.229000
ladder,5,28,A,479,8.217791
ladder,5,28,A,480,8.365666
ladder,5,28,A,481,8.285209
ladder,5,28,A,482,8.275500
ladder,5,28,A,483,8.281792
ladder,5,28,A,484,8.268792
ladder,5,28,A,485,8.275583
ladder,5,28,A,486,8.386000
ladder,5,28,A,487,8.269625
ladder,5,28,A,488,8.256959
ladder,5,28,A,489,8.300458
ladder,5,28,A,490,8.293583
ladder,5,28,A,491,8.316916
ladder,5,28,A,492,8.276250
ladder,5,28,A,493,8.288750
ladder,5,28,A,494,8.253417
ladder,5,28,A,495,8.319250
ladder,5,28,A,496,8.298000
ladder,5,28,A,497,8.305084
ladder,5,28,A,498,8.270708
ladder,5,28,A,499,8.304041
ladder,5,28,A,500,8.281167
ladder,5,28,A,501,8.283458
ladder,5,28,A,502,8.243125
ladder,5,28,A,503,8.298167
ladder,5,28,A,504,8.253458
ladder,5,28,A,505,8.274208
ladder,5,28,A,506,8.235750
ladder,5,28,A,507,8.347416
ladder,5,28,A,508,8.253750
ladder,5,28,A,509,8.284916
ladder,5,28,A,510,8.377709
ladder,5,28,A,511,8.289000
ladder,5,29,B,1,8.270958
ladder,5,29,B,2,8.139083
ladder,5,29,B,3,8.155208
ladder,5,29,B,4,8.114667
ladder,5,29,B,5,8.125166
ladder,5,29,B,6,8.165542
ladder,5,29,B,7,8.297083
ladder,5,29,B,8,8.137083
ladder,5,29,B,9,8.147833
ladder,5,29,B,10,8.121333
ladder,5,29,B,11,8.123167
ladder,5,29,B,12,8.111417
ladder,5,29,B,13,8.133791
ladder,5,29,B,14,8.122208
ladder,5,29,B,15,8.138167
ladder,5,29,B,16,8.111459
ladder,5,29,B,17,8.113625
ladder,5,29,B,18,8.122292
ladder,5,29,B,19,8.139542
ladder,5,29,B,20,8.114458
ladder,5,29,B,21,8.113708
ladder,5,29,B,22,8.111500
ladder,5,29,B,23,8.129292
ladder,5,29,B,24,8.096917
ladder,5,29,B,25,8.099917
ladder,5,29,B,26,8.112042
ladder,5,29,B,27,8.123125
ladder,5,29,B,28,8.164000
ladder,5,29,B,29,8.147583
ladder,5,29,B,30,8.173000
ladder,5,29,B,31,8.131125
ladder,5,29,B,32,8.155458
ladder,5,29,B,33,8.108334
ladder,5,29,B,34,8.149666
ladder,5,29,B,35,8.149959
ladder,5,29,B,36,8.172584
ladder,5,29,B,37,8.130833
ladder,5,29,B,38,8.157042
ladder,5,29,B,39,8.120625
ladder,5,29,B,40,8.161125
ladder,5,29,B,41,8.149166
ladder,5,29,B,42,8.147542
ladder,5,29,B,43,8.143583
ladder,5,29,B,44,8.178333
ladder,5,29,B,45,8.145500
ladder,5,29,B,46,8.121292
ladder,5,29,B,47,8.163041
ladder,5,29,B,48,8.194250
ladder,5,29,B,49,8.135375
ladder,5,29,B,50,8.167667
ladder,5,29,B,51,8.138583
ladder,5,29,B,52,8.129459
ladder,5,29,B,53,8.121917
ladder,5,29,B,54,8.154500
ladder,5,29,B,55,8.135250
ladder,5,29,B,56,8.158875
ladder,5,29,B,57,8.144333
ladder,5,29,B,58,8.116708
ladder,5,29,B,59,8.136666
ladder,5,29,B,60,8.102083
ladder,5,29,B,61,8.164084
ladder,5,29,B,62,8.118125
ladder,5,29,B,63,8.159250
ladder,5,29,B,64,8.145833
ladder,5,29,B,65,8.166375
ladder,5,29,B,66,8.129000
ladder,5,29,B,67,8.242084
ladder,5,29,B,68,8.173375
ladder,5,29,B,69,8.178167
ladder,5,29,B,70,8.128834
ladder,5,29,B,71,8.162625
ladder,5,29,B,72,8.134166
ladder,5,29,B,73,8.253541
ladder,5,29,B,74,8.150959
ladder,5,29,B,75,8.206333
ladder,5,29,B,76,8.164750
ladder,5,29,B,77,8.189917
ladder,5,29,B,78,8.224334
ladder,5,29,B,79,8.198917
ladder,5,29,B,80,8.146750
ladder,5,29,B,81,8.180708
ladder,5,29,B,82,8.129666
ladder,5,29,B,83,8.169375
ladder,5,29,B,84,8.126041
ladder,5,29,B,85,8.158334
ladder,5,29,B,86,8.129041
ladder,5,29,B,87,8.177209
ladder,5,29,B,88,8.137625
ladder,5,29,B,89,8.186167
ladder,5,29,B,90,8.142417
ladder,5,29,B,91,8.159792
ladder,5,29,B,92,8.139458
ladder,5,29,B,93,8.234042
ladder,5,29,B,94,8.141292
ladder,5,29,B,95,8.140250
ladder,5,29,B,96,8.163917
ladder,5,29,B,97,8.199125
ladder,5,29,B,98,8.224208
ladder,5,29,B,99,8.333500
ladder,5,29,B,100,8.169375
ladder,5,29,B,101,8.247583
ladder,5,29,B,102,8.253500
ladder,5,29,B,103,8.167084
ladder,5,29,B,104,8.105292
ladder,5,29,B,105,8.157958
ladder,5,29,B,106,8.068083
ladder,5,29,B,107,8.123333
ladder,5,29,B,108,8.057417
ladder,5,29,B,109,8.100584
ladder,5,29,B,110,8.178875
ladder,5,29,B,111,8.255250
ladder,5,29,B,112,8.589041
ladder,5,29,B,113,8.126041
ladder,5,29,B,114,8.177959
ladder,5,29,B,115,8.284833
ladder,5,29,B,116,8.153084
ladder,5,29,B,117,8.133250
ladder,5,29,B,118,8.221375
ladder,5,29,B,119,8.202459
ladder,5,29,B,120,8.209834
ladder,5,29,B,121,8.173750
ladder,5,29,B,122,8.190834
ladder,5,29,B,123,8.157916
ladder,5,29,B,124,8.218125
ladder,5,29,B,125,8.161666
ladder,5,29,B,126,8.168709
ladder,5,29,B,127,8.118875
ladder,5,29,B,128,8.127250
ladder,5,29,B,129,8.240667
ladder,5,29,B,130,8.295542
ladder,5,29,B,131,8.281292
ladder,5,29,B,132,8.193125
ladder,5,29,B,133,8.172583
ladder,5,29,B,134,8.167292
ladder,5,29,B,135,8.160958
ladder,5,29,B,136,8.205750
ladder,5,29,B,137,8.199458
ladder,5,29,B,138,8.176708
ladder,5,29,B,139,8.147875
ladder,5,29,B,140,8.168542
ladder,5,29,B,141,8.163708
ladder,5,29,B,142,8.164250
ladder,5,29,B,143,8.167916
ladder,5,29,B,144,8.183875
ladder,5,29,B,145,8.153250
ladder,5,29,B,146,8.165625
ladder,5,29,B,147,8.164041
ladder,5,29,B,148,8.134416
ladder,5,29,B,149,8.170458
ladder,5,29,B,150,8.160667
ladder,5,29,B,151,8.171916
ladder,5,29,B,152,8.207667
ladder,5,29,B,153,8.171875
ladder,5,29,B,154,8.169583
ladder,5,29,B,155,8.143125
ladder,5,29,B,156,8.261708
ladder,5,29,B,157,8.190541
ladder,5,29,B,158,8.224959
ladder,5,29,B,159,8.159959
ladder,5,29,B,160,8.194458
ladder,5,29,B,161,8.212416
ladder,5,29,B,162,8.173458
ladder,5,29,B,163,8.169958
ladder,5,29,B,164,8.152875
ladder,5,29,B,165,8.181000
ladder,5,29,B,166,8.171542
ladder,5,29,B,167,8.195459
ladder,5,29,B,168,8.162125
ladder,5,29,B,169,8.147458
ladder,5,29,B,170,8.161291
ladder,5,29,B,171,8.198292
ladder,5,29,B,172,8.188291
ladder,5,29,B,173,8.183083
ladder,5,29,B,174,8.161500
ladder,5,29,B,175,8.193833
ladder,5,29,B,176,8.190167
ladder,5,29,B,177,8.198625
ladder,5,29,B,178,8.139250
ladder,5,29,B,179,8.202333
ladder,5,29,B,180,8.159875
ladder,5,29,B,181,8.198208
ladder,5,29,B,182,8.170584
ladder,5,29,B,183,8.222833
ladder,5,29,B,184,8.139125
ladder,5,29,B,185,8.224000
ladder,5,29,B,186,8.171083
ladder,5,29,B,187,8.196750
ladder,5,29,B,188,8.188125
ladder,5,29,B,189,8.221542
ladder,5,29,B,190,8.147917
ladder,5,29,B,191,8.207750
ladder,5,29,B,192,8.220334
ladder,5,29,B,193,8.203500
ladder,5,29,B,194,8.157583
ladder,5,29,B,195,8.229583
ladder,5,29,B,196,8.158375
ladder,5,29,B,197,8.211458
ladder,5,29,B,198,8.160333
ladder,5,29,B,199,8.222334
ladder,5,29,B,200,8.152583
ladder,5,29,B,201,8.211875
ladder,5,29,B,202,8.159375
ladder,5,29,B,203,8.218666
ladder,5,29,B,204,8.183542
ladder,5,29,B,205,8.174209
ladder,5,29,B,206,8.175917
ladder,5,29,B,207,8.197584
ladder,5,29,B,208,8.177375
ladder,5,29,B,209,8.159458
ladder,5,29,B,210,8.183667
ladder,5,29,B,211,8.208375
ladder,5,29,B,212,8.161834
ladder,5,29,B,213,8.180250
ladder,5,29,B,214,8.165250
ladder,5,29,B,215,8.180791
ladder,5,29,B,216,8.198208
ladder,5,29,B,217,8.203458
ladder,5,29,B,218,8.184417
ladder,5,29,B,219,8.222750
ladder,5,29,B,220,8.161209
ladder,5,29,B,221,8.188792
ladder,5,29,B,222,8.160250
ladder,5,29,B,223,8.145084
ladder,5,29,B,224,8.168500
ladder,5,29,B,225,8.184917
ladder,5,29,B,226,8.173000
ladder,5,29,B,227,8.229167
ladder,5,29,B,228,8.174584
ladder,5,29,B,229,8.168834
ladder,5,29,B,230,8.179500
ladder,5,29,B,231,8.181917
ladder,5,29,B,232,8.185083
ladder,5,29,B,233,8.188333
ladder,5,29,B,234,8.223416
ladder,5,29,B,235,8.174709
ladder,5,29,B,236,8.197666
ladder,5,29,B,237,8.163875
ladder,5,29,B,238,8.247500
ladder,5,29,B,239,8.160041
ladder,5,29,B,240,8.221375
ladder,5,29,B,241,8.188958
ladder,5,29,B,242,8.225500
ladder,5,29,B,243,8.177167
ladder,5,29,B,244,8.259833
ladder,5,29,B,245,8.174000
ladder,5,29,B,246,8.213209
ladder,5,29,B,247,8.157125
ladder,5,29,B,248,8.190792
ladder,5,29,B,249,8.173959
ladder,5,29,B,250,8.184916
ladder,5,29,B,251,8.168333
ladder,5,29,B,252,8.219209
ladder,5,29,B,253,8.182875
ladder,5,29,B,254,8.171709
ladder,5,29,B,255,8.182667
ladder,5,29,B,256,8.931208
ladder,5,29,B,257,8.269000
ladder,5,29,B,258,8.239958
ladder,5,29,B,259,8.220917
ladder,5,29,B,260,8.196416
ladder,5,29,B,261,8.179959
ladder,5,29,B,262,8.199834
ladder,5,29,B,263,8.183458
ladder,5,29,B,264,8.204416
ladder,5,29,B,265,8.236625
ladder,5,29,B,266,8.191583
ladder,5,29,B,267,8.201166
ladder,5,29,B,268,8.195125
ladder,5,29,B,269,8.154375
ladder,5,29,B,270,8.198291
ladder,5,29,B,271,8.186625
ladder,5,29,B,272,8.202458
ladder,5,29,B,273,8.179833
ladder,5,29,B,274,8.217084
ladder,5,29,B,275,8.205625
ladder,5,29,B,276,8.184583
ladder,5,29,B,277,8.197292
ladder,5,29,B,278,8.210542
ladder,5,29,B,279,8.203291
ladder,5,29,B,280,8.225083
ladder,5,29,B,281,8.175916
ladder,5,29,B,282,8.201750
ladder,5,29,B,283,8.197917
ladder,5,29,B,284,8.188208
ladder,5,29,B,285,8.207334
ladder,5,29,B,286,8.220666
ladder,5,29,B,287,8.215125
ladder,5,29,B,288,8.189208
ladder,5,29,B,289,8.206750
ladder,5,29,B,290,8.209209
ladder,5,29,B,291,8.190584
ladder,5,29,B,292,8.186375
ladder,5,29,B,293,8.234000
ladder,5,29,B,294,8.194584
ladder,5,29,B,295,8.226500
ladder,5,29,B,296,8.181208
ladder,5,29,B,297,8.209375
ladder,5,29,B,298,8.191250
ladder,5,29,B,299,8.222292
ladder,5,29,B,300,8.199958
ladder,5,29,B,301,8.239875
ladder,5,29,B,302,8.218542
ladder,5,29,B,303,8.236791
ladder,5,29,B,304,8.228083
ladder,5,29,B,305,8.240375
ladder,5,29,B,306,8.183334
ladder,5,29,B,307,8.264042
ladder,5,29,B,308,8.186792
ladder,5,29,B,309,8.241667
ladder,5,29,B,310,8.196166
ladder,5,29,B,311,8.249959
ladder,5,29,B,312,8.209125
ladder,5,29,B,313,8.248416
ladder,5,29,B,314,8.193542
ladder,5,29,B,315,8.258000
ladder,5,29,B,316,8.193833
ladder,5,29,B,317,8.264375
ladder,5,29,B,318,8.217833
ladder,5,29,B,319,8.263917
ladder,5,29,B,320,8.190167
ladder,5,29,B,321,8.310708
ladder,5,29,B,322,8.184208
ladder,5,29,B,323,8.241875
ladder,5,29,B,324,8.227958
ladder,5,29,B,325,8.269500
ladder,5,29,B,326,8.207375
ladder,5,29,B,327,8.234916
ladder,5,29,B,328,8.215792
ladder,5,29,B,329,8.234584
ladder,5,29,B,330,8.204666
ladder,5,29,B,331,8.260958
ladder,5,29,B,332,8.212375
ladder,5,29,B,333,8.213208
ladder,5,29,B,334,8.210166
ladder,5,29,B,335,8.235666
ladder,5,29,B,336,8.205708
ladder,5,29,B,337,8.232667
ladder,5,29,B,338,8.182750
ladder,5,29,B,339,8.236875
ladder,5,29,B,340,8.215750
ladder,5,29,B,341,8.259875
ladder,5,29,B,342,8.213583
ladder,5,29,B,343,8.241875
ladder,5,29,B,344,8.242750
ladder,5,29,B,345,8.208667
ladder,5,29,B,346,8.206125
ladder,5,29,B,347,8.231833
ladder,5,29,B,348,8.221541
ladder,5,29,B,349,8.243959
ladder,5,29,B,350,8.205833
ladder,5,29,B,351,8.280167
ladder,5,29,B,352,8.223292
ladder,5,29,B,353,8.244709
ladder,5,29,B,354,8.202417
ladder,5,29,B,355,8.244542
ladder,5,29,B,356,8.246167
ladder,5,29,B,357,8.265625
ladder,5,29,B,358,8.228375
ladder,5,29,B,359,8.205917
ladder,5,29,B,360,8.222708
ladder,5,29,B,361,8.222667
ladder,5,29,B,362,8.223625
ladder,5,29,B,363,8.199709
ladder,5,29,B,364,8.215833
ladder,5,29,B,365,8.238500
ladder,5,29,B,366,8.201875
ladder,5,29,B,367,8.302666
ladder,5,29,B,368,8.254250
ladder,5,29,B,369,8.194917
ladder,5,29,B,370,8.166208
ladder,5,29,B,371,8.191042
ladder,5,29,B,372,8.139375
ladder,5,29,B,373,8.128041
ladder,5,29,B,374,8.128541
ladder,5,29,B,375,8.164875
ladder,5,29,B,376,8.275500
ladder,5,29,B,377,8.392792
ladder,5,29,B,378,8.190917
ladder,5,29,B,379,8.203375
ladder,5,29,B,380,8.217083
ladder,5,29,B,381,8.305333
ladder,5,29,B,382,8.167584
ladder,5,29,B,383,8.163000
ladder,5,29,B,384,8.321334
ladder,5,29,B,385,8.282625
ladder,5,29,B,386,8.234292
ladder,5,29,B,387,8.252916
ladder,5,29,B,388,8.219583
ladder,5,29,B,389,8.219833
ladder,5,29,B,390,8.240250
ladder,5,29,B,391,8.249209
ladder,5,29,B,392,8.253542
ladder,5,29,B,393,8.240125
ladder,5,29,B,394,8.232250
ladder,5,29,B,395,8.226084
ladder,5,29,B,396,8.266084
ladder,5,29,B,397,8.237792
ladder,5,29,B,398,8.271542
ladder,5,29,B,399,8.317167
ladder,5,29,B,400,8.296250
ladder,5,29,B,401,8.211333
ladder,5,29,B,402,8.302958
ladder,5,29,B,403,8.234625
ladder,5,29,B,404,8.316833
ladder,5,29,B,405,8.252542
ladder,5,29,B,406,8.263541
ladder,5,29,B,407,8.243375
ladder,5,29,B,408,8.290250
ladder,5,29,B,409,8.225208
ladder,5,29,B,410,8.239625
ladder,5,29,B,411,8.243375
ladder,5,29,B,412,8.267708
ladder,5,29,B,413,8.229333
ladder,5,29,B,414,8.239041
ladder,5,29,B,415,8.251042
ladder,5,29,B,416,8.268791
ladder,5,29,B,417,8.243209
ladder,5,29,B,418,8.283541
ladder,5,29,B,419,8.228542
ladder,5,29,B,420,8.258333
ladder,5,29,B,421,8.246750
ladder,5,29,B,422,8.289541
ladder,5,29,B,423,8.249334
ladder,5,29,B,424,8.344666
ladder,5,29,B,425,8.258125
ladder,5,29,B,426,8.264375
ladder,5,29,B,427,8.239542
ladder,5,29,B,428,8.254042
ladder,5,29,B,429,8.231750
ladder,5,29,B,430,8.249792
ladder,5,29,B,431,8.245125
ladder,5,29,B,432,8.268625
ladder,5,29,B,433,8.238750
ladder,5,29,B,434,8.236625
ladder,5,29,B,435,8.219541
ladder,5,29,B,436,8.260458
ladder,5,29,B,437,8.236208
ladder,5,29,B,438,8.259833
ladder,5,29,B,439,8.287209
ladder,5,29,B,440,8.255333
ladder,5,29,B,441,8.247334
ladder,5,29,B,442,8.276666
ladder,5,29,B,443,8.258250
ladder,5,29,B,444,8.265791
ladder,5,29,B,445,8.257209
ladder,5,29,B,446,8.257583
ladder,5,29,B,447,8.210792
ladder,5,29,B,448,8.248666
ladder,5,29,B,449,8.248291
ladder,5,29,B,450,8.358792
ladder,5,29,B,451,8.261208
ladder,5,29,B,452,8.262625
ladder,5,29,B,453,8.250875
ladder,5,29,B,454,8.277667
ladder,5,29,B,455,8.256417
ladder,5,29,B,456,8.239000
ladder,5,29,B,457,8.256125
ladder,5,29,B,458,8.242750
ladder,5,29,B,459,8.267833
ladder,5,29,B,460,8.258375
ladder,5,29,B,461,8.292458
ladder,5,29,B,462,8.242667
ladder,5,29,B,463,8.282167
ladder,5,29,B,464,8.232834
ladder,5,29,B,465,8.247708
ladder,5,29,B,466,8.272375
ladder,5,29,B,467,8.255125
ladder,5,29,B,468,8.247833
ladder,5,29,B,469,8.256041
ladder,5,29,B,470,8.231333
ladder,5,29,B,471,8.248709
ladder,5,29,B,472,8.245875
ladder,5,29,B,473,8.265708
ladder,5,29,B,474,8.224000
ladder,5,29,B,475,8.268000
ladder,5,29,B,476,8.257000
ladder,5,29,B,477,8.281792
ladder,5,29,B,478,8.249125
ladder,5,29,B,479,8.258291
ladder,5,29,B,480,8.229458
ladder,5,29,B,481,8.282250
ladder,5,29,B,482,8.251916
ladder,5,29,B,483,8.269541
ladder,5,29,B,484,8.226959
ladder,5,29,B,485,8.286916
ladder,5,29,B,486,8.260708
ladder,5,29,B,487,8.275084
ladder,5,29,B,488,8.247833
ladder,5,29,B,489,8.330042
ladder,5,29,B,490,8.229584
ladder,5,29,B,491,8.232500
ladder,5,29,B,492,8.252792
ladder,5,29,B,493,8.255417
ladder,5,29,B,494,8.246667
ladder,5,29,B,495,8.259167
ladder,5,29,B,496,8.268917
ladder,5,29,B,497,8.260417
ladder,5,29,B,498,8.225917
ladder,5,29,B,499,8.253959
ladder,5,29,B,500,8.237292
ladder,5,29,B,501,8.252000
ladder,5,29,B,502,8.261084
ladder,5,29,B,503,8.279958
ladder,5,29,B,504,8.278333
ladder,5,29,B,505,8.272792
ladder,5,29,B,506,8.274584
ladder,5,29,B,507,8.282208
ladder,5,29,B,508,8.255792
ladder,5,29,B,509,8.268834
ladder,5,29,B,510,8.252833
ladder,5,29,B,511,8.275458
ladder,5,30,D,1,8.268625
ladder,5,30,D,2,8.196250
ladder,5,30,D,3,8.182375
ladder,5,30,D,4,8.128167
ladder,5,30,D,5,8.159000
ladder,5,30,D,6,8.167541
ladder,5,30,D,7,8.148250
ladder,5,30,D,8,8.149083
ladder,5,30,D,9,8.132500
ladder,5,30,D,10,8.134916
ladder,5,30,D,11,8.173083
ladder,5,30,D,12,8.138000
ladder,5,30,D,13,8.091125
ladder,5,30,D,14,8.198208
ladder,5,30,D,15,8.240750
ladder,5,30,D,16,8.183333
ladder,5,30,D,17,8.106542
ladder,5,30,D,18,8.103708
ladder,5,30,D,19,8.157125
ladder,5,30,D,20,8.072583
ladder,5,30,D,21,8.093291
ladder,5,30,D,22,8.060625
ladder,5,30,D,23,8.209625
ladder,5,30,D,24,8.179792
ladder,5,30,D,25,8.299875
ladder,5,30,D,26,9.093792
ladder,5,30,D,27,8.659000
ladder,5,30,D,28,8.104458
ladder,5,30,D,29,8.142750
ladder,5,30,D,30,8.252166
ladder,5,30,D,31,8.169959
ladder,5,30,D,32,8.064333
ladder,5,30,D,33,8.205500
ladder,5,30,D,34,8.280875
ladder,5,30,D,35,8.180250
ladder,5,30,D,36,8.150584
ladder,5,30,D,37,8.190500
ladder,5,30,D,38,8.161000
ladder,5,30,D,39,8.198417
ladder,5,30,D,40,8.158083
ladder,5,30,D,41,8.203625
ladder,5,30,D,42,8.179708
ladder,5,30,D,43,8.180958
ladder,5,30,D,44,8.169375
ladder,5,30,D,45,8.162458
ladder,5,30,D,46,8.156208
ladder,5,30,D,47,8.157125
ladder,5,30,D,48,8.151917
ladder,5,30,D,49,8.141834
ladder,5,30,D,50,8.145250
ladder,5,30,D,51,8.129292
ladder,5,30,D,52,8.168125
ladder,5,30,D,53,8.161333
ladder,5,30,D,54,8.134792
ladder,5,30,D,55,8.169375
ladder,5,30,D,56,8.174791
ladder,5,30,D,57,8.159500
ladder,5,30,D,58,8.143792
ladder,5,30,D,59,8.136875
ladder,5,30,D,60,8.156750
ladder,5,30,D,61,8.121625
ladder,5,30,D,62,8.160541
ladder,5,30,D,63,8.152584
ladder,5,30,D,64,8.152375
ladder,5,30,D,65,8.164459
ladder,5,30,D,66,8.095791
ladder,5,30,D,67,8.088500
ladder,5,30,D,68,8.165625
ladder,5,30,D,69,8.139583
ladder,5,30,D,70,8.157334
ladder,5,30,D,71,8.144958
ladder,5,30,D,72,8.143250
ladder,5,30,D,73,8.177666
ladder,5,30,D,74,8.209125
ladder,5,30,D,75,8.136208
ladder,5,30,D,76,8.206792
ladder,5,30,D,77,8.149458
ladder,5,30,D,78,8.237792
ladder,5,30,D,79,8.226000
ladder,5,30,D,80,8.196167
ladder,5,30,D,81,8.174875
ladder,5,30,D,82,8.192875
ladder,5,30,D,83,8.141375
ladder,5,30,D,84,8.208791
ladder,5,30,D,85,8.177250
ladder,5,30,D,86,8.266625
ladder,5,30,D,87,8.144542
ladder,5,30,D,88,8.187958
ladder,5,30,D,89,8.171708
ladder,5,30,D,90,8.189167
ladder,5,30,D,91,8.118291
ladder,5,30,D,92,8.170417
ladder,5,30,D,93,8.159250
ladder,5,30,D,94,8.178709
ladder,5,30,D,95,8.175042
ladder,5,30,D,96,8.194333
ladder,5,30,D,97,8.159833
ladder,5,30,D,98,8.188916
ladder,5,30,D,99,8.158208
ladder,5,30,D,100,8.191875
ladder,5,30,D,101,8.158250
ladder,5,30,D,102,8.200583
ladder,5,30,D,103,8.147958
ladder,5,30,D,104,8.200459
ladder,5,30,D,105,8.161375
ladder,5,30,D,106,8.182625
ladder,5,30,D,107,8.202792
ladder,5,30,D,108,8.176708
ladder,5,30,D,109,8.207083
ladder,5,30,D,110,8.326000
ladder,5,30,D,111,8.220750
ladder,5,30,D,112,8.205000
ladder,5,30,D,113,8.159208
ladder,5,30,D,114,8.206791
ladder,5,30,D,115,8.185250
ladder,5,30,D,116,8.156542
ladder,5,30,D,117,8.183042
ladder,5,30,D,118,8.173958
ladder,5,30,D,119,8.198667
ladder,5,30,D,120,8.125083
ladder,5,30,D,121,8.192166
ladder,5,30,D,122,8.170666
ladder,5,30,D,123,8.176125
ladder,5,30,D,124,8.119667
ladder,5,30,D,125,8.190458
ladder,5,30,D,126,8.171625
ladder,5,30,D,127,8.177833
ladder,5,30,D,128,8.175041
ladder,5,30,D,129,8.177833
ladder,5,30,D,130,8.165333
ladder,5,30,D,131,8.187917
ladder,5,30,D,132,8.180625
ladder,5,30,D,133,8.178000
ladder,5,30,D,134,8.176333
ladder,5,30,D,135,8.223041
ladder,5,30,D,136,8.159750
ladder,5,30,D,137,8.224625
ladder,5,30,D,138,8.162125
ladder,5,30,D,139,8.214958
ladder,5,30,D,140,8.344333
ladder,5,30,D,141,8.364333
ladder,5,30,D,142,8.181625
ladder,5,30,D,143,8.263958
ladder,5,30,D,144,8.163000
ladder,5,30,D,145,8.221166
ladder,5,30,D,146,8.159916
ladder,5,30,D,147,8.180542
ladder,5,30,D,148,8.165375
ladder,5,30,D,149,8.215334
ladder,5,30,D,150,8.164000
ladder,5,30,D,151,8.232125
ladder,5,30,D,152,8.168042
ladder,5,30,D,153,8.194334
ladder,5,30,D,154,8.156625
ladder,5,30,D,155,8.213083
ladder,5,30,D,156,8.093333
ladder,5,30,D,157,8.240000
ladder,5,30,D,158,8.228791
ladder,5,30,D,159,8.184500
ladder,5,30,D,160,8.120916
ladder,5,30,D,161,8.177166
ladder,5,30,D,162,8.083375
ladder,5,30,D,163,8.129292
ladder,5,30,D,164,8.119958
ladder,5,30,D,165,8.157167
ladder,5,30,D,166,8.261750
ladder,5,30,D,167,8.442750
ladder,5,30,D,168,8.288875
ladder,5,30,D,169,8.124083
ladder,5,30,D,170,8.154500
ladder,5,30,D,171,8.260750
ladder,5,30,D,172,8.130042
ladder,5,30,D,173,8.103875
ladder,5,30,D,174,8.233708
ladder,5,30,D,175,8.229916
ladder,5,30,D,176,8.203250
ladder,5,30,D,177,8.161625
ladder,5,30,D,178,8.195833
ladder,5,30,D,179,8.174125
ladder,5,30,D,180,8.189334
ladder,5,30,D,181,8.169083
ladder,5,30,D,182,8.196292
ladder,5,30,D,183,8.191333
ladder,5,30,D,184,8.189125
ladder,5,30,D,185,8.204333
ladder,5,30,D,186,8.191000
ladder,5,30,D,187,8.167459
ladder,5,30,D,188,8.145334
ladder,5,30,D,189,8.173250
ladder,5,30,D,190,8.192250
ladder,5,30,D,191,8.184416
ladder,5,30,D,192,8.188083
ladder,5,30,D,193,8.180458
ladder,5,30,D,194,8.167250
ladder,5,30,D,195,8.178875
ladder,5,30,D,196,8.234083
ladder,5,30,D,197,8.201250
ladder,5,30,D,198,8.228875
ladder,5,30,D,199,8.168083
ladder,5,30,D,200,8.223083
ladder,5,30,D,201,8.180125
ladder,5,30,D,202,8.323000
ladder,5,30,D,203,8.151833
ladder,5,30,D,204,8.222167
ladder,5,30,D,205,8.189750
ladder,5,30,D,206,8.193500
ladder,5,30,D,207,8.169792
ladder,5,30,D,208,8.219792
ladder,5,30,D,209,8.169083
ladder,5,30,D,210,8.211458
ladder,5,30,D,211,8.192542
ladder,5,30,D,212,8.227750
ladder,5,30,D,213,8.196916
ladder,5,30,D,214,8.214417
ladder,5,30,D,215,8.180875
ladder,5,30,D,216,8.224958
ladder,5,30,D,217,8.178250
ladder,5,30,D,218,8.231083
ladder,5,30,D,219,8.170541
ladder,5,30,D,220,8.215000
ladder,5,30,D,221,8.199584
ladder,5,30,D,222,8.197042
ladder,5,30,D,223,8.187209
ladder,5,30,D,224,8.204958
ladder,5,30,D,225,8.191958
ladder,5,30,D,226,8.219875
ladder,5,30,D,227,8.170792
ladder,5,30,D,228,8.239083
ladder,5,30,D,229,8.181500
ladder,5,30,D,230,8.220000
ladder,5,30,D,231,8.214916
ladder,5,30,D,232,8.229459
ladder,5,30,D,233,8.162208
ladder,5,30,D,234,8.230750
ladder,5,30,D,235,8.185458
ladder,5,30,D,236,8.218875
ladder,5,30,D,237,8.237500
ladder,5,30,D,238,8.184250
ladder,5,30,D,239,8.233875
ladder,5,30,D,240,8.178833
ladder,5,30,D,241,8.201125
ladder,5,30,D,242,8.185791
ladder,5,30,D,243,8.213584
ladder,5,30,D,244,8.175833
ladder,5,30,D,245,8.236625
ladder,5,30,D,246,8.168958
ladder,5,30,D,247,8.208625
ladder,5,30,D,248,8.169791
ladder,5,30,D,249,8.209708
ladder,5,30,D,250,8.204709
ladder,5,30,D,251,8.224708
ladder,5,30,D,252,8.165167
ladder,5,30,D,253,8.232791
ladder,5,30,D,254,8.199042
ladder,5,30,D,255,8.220000
ladder,5,30,D,256,8.945042
ladder,5,30,D,257,8.250208
ladder,5,30,D,258,8.249250
ladder,5,30,D,259,8.240334
ladder,5,30,D,260,8.211333
ladder,5,30,D,261,8.253292
ladder,5,30,D,262,8.158417
ladder,5,30,D,263,8.238167
ladder,5,30,D,264,8.205833
ladder,5,30,D,265,8.280583
ladder,5,30,D,266,8.201875
ladder,5,30,D,267,8.258167
ladder,5,30,D,268,8.162875
ladder,5,30,D,269,8.263292
ladder,5,30,D,270,8.209500
ladder,5,30,D,271,8.234209
ladder,5,30,D,272,8.221042
ladder,5,30,D,273,8.252292
ladder,5,30,D,274,8.220292
ladder,5,30,D,275,8.251875
ladder,5,30,D,276,8.208291
ladder,5,30,D,277,8.245125
ladder,5,30,D,278,8.242750
ladder,5,30,D,279,8.226500
ladder,5,30,D,280,8.201500
ladder,5,30,D,281,8.251000
ladder,5,30,D,282,8.216750
ladder,5,30,D,283,8.217500
ladder,5,30,D,284,8.219333
ladder,5,30,D,285,8.242125
ladder,5,30,D,286,8.197334
ladder,5,30,D,287,8.240625
ladder,5,30,D,288,8.219208
ladder,5,30,D,289,8.202375
ladder,5,30,D,290,8.213958
ladder,5,30,D,291,8.194583
ladder,5,30,D,292,8.207792
ladder,5,30,D,293,8.194209
ladder,5,30,D,294,8.244167
ladder,5,30,D,295,8.189500
ladder,5,30,D,296,8.201333
ladder,5,30,D,297,8.216209
ladder,5,30,D,298,8.252167
ladder,5,30,D,299,8.201375
ladder,5,30,D,300,8.201000
ladder,5,30,D,301,8.215042
ladder,5,30,D,302,8.244250
ladder,5,30,D,303,8.208542
ladder,5,30,D,304,8.193042
ladder,5,30,D,305,8.201000
ladder,5,30,D,306,8.244792
ladder,5,30,D,307,8.221708
ladder,5,30,D,308,8.216459
ladder,5,30,D,309,8.190625
ladder,5,30,D,310,8.242292
ladder,5,30,D,311,8.198875
ladder,5,30,D,312,8.220666
ladder,5,30,D,313,8.202250
ladder,5,30,D,314,8.257458
ladder,5,30,D,315,8.219334
ladder,5,30,D,316,8.213750
ladder,5,30,D,317,8.212917
ladder,5,30,D,318,8.231125
ladder,5,30,D,319,8.207125
ladder,5,30,D,320,8.228667
ladder,5,30,D,321,8.229500
ladder,5,30,D,322,8.245333
ladder,5,30,D,323,8.226500
ladder,5,30,D,324,8.206000
ladder,5,30,D,325,8.205625
ladder,5,30,D,326,8.228625
ladder,5,30,D,327,8.184875
ladder,5,30,D,328,8.231750
ladder,5,30,D,329,8.212791
ladder,5,30,D,330,8.248375
ladder,5,30,D,331,8.211709
ladder,5,30,D,332,8.248667
ladder,5,30,D,333,8.227625
ladder,5,30,D,334,8.250292
ladder,5,30,D,335,8.261125
ladder,5,30,D,336,8.261542
ladder,5,30,D,337,8.239792
ladder,5,30,D,338,8.291625
ladder,5,30,D,339,8.232250
ladder,5,30,D,340,8.281208
ladder,5,30,D,341,8.209584
ladder,5,30,D,342,8.270208
ladder,5,30,D,343,8.208042
ladder,5,30,D,344,8.239000
ladder,5,30,D,345,8.204000
ladder,5,30,D,346,8.246416
ladder,5,30,D,347,8.224250
ladder,5,30,D,348,8.267125
ladder,5,30,D,349,8.218125
ladder,5,30,D,350,8.243916
ladder,5,30,D,351,8.267959
ladder,5,30,D,352,8.279542
ladder,5,30,D,353,8.244334
ladder,5,30,D,354,8.276167
ladder,5,30,D,355,8.241167
ladder,5,30,D,356,8.284125
ladder,5,30,D,357,8.225083
ladder,5,30,D,358,8.247375
ladder,5,30,D,359,8.238042
ladder,5,30,D,360,8.267500
ladder,5,30,D,361,8.221000
ladder,5,30,D,362,8.286042
ladder,5,30,D,363,8.264958
ladder,5,30,D,364,8.286000
ladder,5,30,D,365,8.244167
ladder,5,30,D,366,8.261750
ladder,5,30,D,367,8.217375
ladder,5,30,D,368,8.250875
ladder,5,30,D,369,8.214292
ladder,5,30,D,370,8.266542
ladder,5,30,D,371,8.236958
ladder,5,30,D,372,8.272792
ladder,5,30,D,373,8.252792
ladder,5,30,D,374,8.244792
ladder,5,30,D,375,8.236291
ladder,5,30,D,376,8.243834
ladder,5,30,D,377,8.232333
ladder,5,30,D,378,8.260792
ladder,5,30,D,379,8.232167
ladder,5,30,D,380,8.250958
ladder,5,30,D,381,8.203500
ladder,5,30,D,382,8.283042
ladder,5,30,D,383,8.221375
ladder,5,30,D,384,8.228042
ladder,5,30,D,385,8.239250
ladder,5,30,D,386,8.247416
ladder,5,30,D,387,8.244750
ladder,5,30,D,388,8.271458
ladder,5,30,D,389,8.241541
ladder,5,30,D,390,8.258666
ladder,5,30,D,391,8.253208
ladder,5,30,D,392,8.255291
ladder,5,30,D,393,8.257083
ladder,5,30,D,394,8.257292
ladder,5,30,D,395,8.241833
ladder,5,30,D,396,8.248709
ladder,5,30,D,397,8.266625
ladder,5,30,D,398,8.267959
ladder,5,30,D,399,8.263417
ladder,5,30,D,400,8.229542
ladder,5,30,D,401,8.240917
ladder,5,30,D,402,8.263084
ladder,5,30,D,403,8.251708
ladder,5,30,D,404,8.273708
ladder,5,30,D,405,8.262167
ladder,5,30,D,406,8.256917
ladder,5,30,D,407,8.278417
ladder,5,30,D,408,8.238375
ladder,5,30,D,409,8.244167
ladder,5,30,D,410,8.252708
ladder,5,30,D,411,8.241125
ladder,5,30,D,412,8.235916
ladder,5,30,D,413,8.202000
ladder,5,30,D,414,8.229125
ladder,5,30,D,415,8.236916
ladder,5,30,D,416,8.268417
ladder,5,30,D,417,8.236500
ladder,5,30,D,418,8.224333
ladder,5,30,D,419,8.250416
ladder,5,30,D,420,8.221875
ladder,5,30,D,421,8.231833
ladder,5,30,D,422,8.222000
ladder,5,30,D,423,8.274625
ladder,5,30,D,424,8.213584
ladder,5,30,D,425,8.257042
ladder,5,30,D,426,8.228959
ladder,5,30,D,427,8.254833
ladder,5,30,D,428,8.228000
ladder,5,30,D,429,8.222959
ladder,5,30,D,430,8.259500
ladder,5,30,D,431,8.211750
ladder,5,30,D,432,8.228208
ladder,5,30,D,433,8.236000
ladder,5,30,D,434,8.275250
ladder,5,30,D,435,8.259875
ladder,5,30,D,436,8.259042
ladder,5,30,D,437,8.251834
ladder,5,30,D,438,8.244791
ladder,5,30,D,439,8.265792
ladder,5,30,D,440,8.235167
ladder,5,30,D,441,8.256708
ladder,5,30,D,442,8.246584
ladder,5,30,D,443,8.282000
ladder,5,30,D,444,8.257708
ladder,5,30,D,445,8.296834
ladder,5,30,D,446,8.238125
ladder,5,30,D,447,8.315500
ladder,5,30,D,448,8.259000
ladder,5,30,D,449,8.311875
ladder,5,30,D,450,8.285375
ladder,5,30,D,451,8.309666
ladder,5,30,D,452,8.255500
ladder,5,30,D,453,8.307500
ladder,5,30,D,454,8.258792
ladder,5,30,D,455,8.277041
ladder,5,30,D,456,8.248166
ladder,5,30,D,457,8.303625
ladder,5,30,D,458,8.259125
ladder,5,30,D,459,8.392250
ladder,5,30,D,460,8.271750
ladder,5,30,D,461,8.385250
ladder,5,30,D,462,8.216625
ladder,5,30,D,463,8.310709
ladder,5,30,D,464,8.282208
ladder,5,30,D,465,8.329167
ladder,5,30,D,466,8.268334
ladder,5,30,D,467,8.260333
ladder,5,30,D,468,8.255417
ladder,5,30,D,469,8.296209
ladder,5,30,D,470,8.272959
ladder,5,30,D,471,8.286875
ladder,5,30,D,472,8.261000
ladder,5,30,D,473,8.274917
ladder,5,30,D,474,8.252208
ladder,5,30,D,475,8.316625
ladder,5,30,D,476,8.274292
ladder,5,30,D,477,8.284375
ladder,5,30,D,478,8.252583
ladder,5,30,D,479,8.314250
ladder,5,30,D,480,8.258416
ladder,5,30,D,481,8.280250
ladder,5,30,D,482,8.257625
ladder,5,30,D,483,8.289834
ladder,5,30,D,484,8.285166
ladder,5,30,D,485,8.317000
ladder,5,30,D,486,8.262709
ladder,5,30,D,487,8.292750
ladder,5,30,D,488,8.244791
ladder,5,30,D,489,8.376541
ladder,5,30,D,490,8.304167
ladder,5,30,D,491,8.234917
ladder,5,30,D,492,8.200750
ladder,5,30,D,493,8.251125
ladder,5,30,D,494,8.183166
ladder,5,30,D,495,8.234916
ladder,5,30,D,496,8.176042
ladder,5,30,D,497,8.308209
ladder,5,30,D,498,8.354875
ladder,5,30,D,499,8.482042
ladder,5,30,D,500,8.195458
ladder,5,30,D,501,8.295125
ladder,5,30,D,502,8.320667
ladder,5,30,D,503,8.303500
ladder,5,30,D,504,8.227125
ladder,5,30,D,505,8.308125
ladder,5,30,D,506,8.319917
ladder,5,30,D,507,8.339916
ladder,5,30,D,508,8.301916
ladder,5,30,D,509,8.336500
ladder,5,30,D,510,8.304875
ladder,5,30,D,511,8.293667
ladder,6,31,B,1,8.240541
ladder,6,31,B,2,8.183666
ladder,6,31,B,3,8.187458
ladder,6,31,B,4,8.183542
ladder,6,31,B,5,8.304583
ladder,6,31,B,6,8.137167
ladder,6,31,B,7,8.164125
ladder,6,31,B,8,8.114916
ladder,6,31,B,9,8.141167
ladder,6,31,B,10,8.109375
ladder,6,31,B,11,8.157208
ladder,6,31,B,12,8.141584
ladder,6,31,B,13,8.149250
ladder,6,31,B,14,8.124041
ladder,6,31,B,15,8.180000
ladder,6,31,B,16,8.102833
ladder,6,31,B,17,8.137333
ladder,6,31,B,18,8.161875
ladder,6,31,B,19,8.173959
ladder,6,31,B,20,8.140166
ladder,6,31,B,21,8.152333
ladder,6,31,B,22,8.119084
ladder,6,31,B,23,8.160375
ladder,6,31,B,24,8.124292
ladder,6,31,B,25,8.147542
ladder,6,31,B,26,8.113834
ladder,6,31,B,27,8.176583
ladder,6,31,B,28,8.139792
ladder,6,31,B,29,8.132417
ladder,6,31,B,30,8.127417
ladder,6,31,B,31,8.166833
ladder,6,31,B,32,8.123792
ladder,6,31,B,33,8.160833
ladder,6,31,B,34,8.133709
ladder,6,31,B,35,8.180292
ladder,6,31,B,36,8.127584
ladder,6,31,B,37,8.112292
ladder,6,31,B,38,8.130125
ladder,6,31,B,39,8.113209
ladder,6,31,B,40,8.137834
ladder,6,31,B,41,8.136667
ladder,6,31,B,42,8.158833
ladder,6,31,B,43,8.123875
ladder,6,31,B,44,8.170000
ladder,6,31,B,45,8.138792
ladder,6,31,B,46,8.138500
ladder,6,31,B,47,8.099791
ladder,6,31,B,48,8.171792
ladder,6,31,B,49,8.258458
ladder,6,31,B,50,8.261083
ladder,6,31,B,51,8.085084
ladder,6,31,B,52,8.089417
ladder,6,31,B,53,8.183750
ladder,6,31,B,54,8.126458
ladder,6,31,B,55,8.050917
ladder,6,31,B,56,8.110833
ladder,6,31,B,57,8.056625
ladder,6,31,B,58,8.146334
ladder,6,31,B,59,8.235000
ladder,6,31,B,60,8.332333
ladder,6,31,B,61,8.358834
ladder,6,31,B,62,8.116250
ladder,6,31,B,63,8.126583
ladder,6,31,B,64,8.265083
ladder,6,31,B,65,8.188625
ladder,6,31,B,66,8.111375
ladder,6,31,B,67,8.123000
ladder,6,31,B,68,8.260209
ladder,6,31,B,69,8.183875
ladder,6,31,B,70,8.171500
ladder,6,31,B,71,8.112125
ladder,6,31,B,72,8.171125
ladder,6,31,B,73,8.159709
ladder,6,31,B,74,8.186792
ladder,6,31,B,75,8.098791
ladder,6,31,B,76,8.146084
ladder,6,31,B,77,8.208125
ladder,6,31,B,78,8.221000
ladder,6,31,B,79,8.087583
ladder,6,31,B,80,8.134375
ladder,6,31,B,81,8.112583
ladder,6,31,B,82,8.123333
ladder,6,31,B,83,8.058583
ladder,6,31,B,84,8.124500
ladder,6,31,B,85,8.114958
ladder,6,31,B,86,8.293166
ladder,6,31,B,87,8.331916
ladder,6,31,B,88,8.142917
ladder,6,31,B,89,8.122083
ladder,6,31,B,90,8.179333
ladder,6,31,B,91,8.218125
ladder,6,31,B,92,8.135000
ladder,6,31,B,93,8.071791
ladder,6,31,B,94,8.167584
ladder,6,31,B,95,8.203583
ladder,6,31,B,96,8.259709
ladder,6,31,B,97,8.276750
ladder,6,31,B,98,8.188541
ladder,6,31,B,99,8.142583
ladder,6,31,B,100,8.158834
ladder,6,31,B,101,8.151375
ladder,6,31,B,102,8.125292
ladder,6,31,B,103,8.161250
ladder,6,31,B,104,8.147167
ladder,6,31,B,105,8.150042
ladder,6,31,B,106,8.140458
ladder,6,31,B,107,8.184000
ladder,6,31,B,108,8.171083
ladder,6,31,B,109,8.186250
ladder,6,31,B,110,8.181000
ladder,6,31,B,111,8.157959
ladder,6,31,B,112,8.136417
ladder,6,31,B,113,8.162375
ladder,6,31,B,114,8.169375
ladder,6,31,B,115,8.161584
ladder,6,31,B,116,8.101084
ladder,6,31,B,117,8.162542
ladder,6,31,B,118,8.145167
ladder,6,31,B,119,8.144750
ladder,6,31,B,120,8.148125
ladder,6,31,B,121,8.151333
ladder,6,31,B,122,8.129208
ladder,6,31,B,123,8.171292
ladder,6,31,B,124,8.136667
ladder,6,31,B,125,8.166959
ladder,6,31,B,126,8.131584
ladder,6,31,B,127,8.244584
ladder,6,31,B,128,8.267375
ladder,6,31,B,129,8.343583
ladder,6,31,B,130,8.206250
ladder,6,31,B,131,8.196416
ladder,6,31,B,132,8.131500
ladder,6,31,B,133,8.143542
ladder,6,31,B,134,8.148916
ladder,6,31,B,135,8.155875
ladder,6,31,B,136,8.158916
ladder,6,31,B,137,8.168667
ladder,6,31,B,138,8.162917
ladder,6,31,B,139,8.162042
ladder,6,31,B,140,8.164292
ladder,6,31,B,141,8.161375
ladder,6,31,B,142,8.154625
ladder,6,31,B,143,8.145334
ladder,6,31,B,144,8.167917
ladder,6,31,B,145,8.141250
ladder,6,31,B,146,8.173000
ladder,6,31,B,147,8.119333
ladder,6,31,B,148,8.153375
ladder,6,31,B,149,8.143875
ladder,6,31,B,150,8.185084
ladder,6,31,B,151,8.148167
ladder,6,31,B,152,8.181291
ladder,6,31,B,153,8.129458
ladder,6,31,B,154,8.195084
ladder,6,31,B,155,8.151958
ladder,6,31,B,156,8.191375
ladder,6,31,B,157,8.119333
ladder,6,31,B,158,8.203416
ladder,6,31,B,159,8.141875
ladder,6,31,B,160,8.179791
ladder,6,31,B,161,8.145042
ladder,6,31,B,162,8.265500
ladder,6,31,B,163,8.186375
ladder,6,31,B,164,8.204583
ladder,6,31,B,165,8.167625
ladder,6,31,B,166,8.201875
ladder,6,31,B,167,8.153792
ladder,6,31,B,168,8.204750
ladder,6,31,B,169,8.177583
ladder,6,31,B,170,8.201333
ladder,6,31,B,171,8.156917
ladder,6,31,B,172,8.188625
ladder,6,31,B,173,8.173958
ladder,6,31,B,174,8.164917
ladder,6,31,B,175,8.161750
ladder,6,31,B,176,8.181625
ladder,6,31,B,177,8.148250
ladder,6,31,B,178,8.172416
ladder,6,31,B,179,8.168042
ladder,6,31,B,180,8.197833
ladder,6,31,B,181,8.164250
ladder,6,31,B,182,8.190583
ladder,6,31,B,183,8.169291
ladder,6,31,B,184,8.173625
ladder,6,31,B,185,8.158250
ladder,6,31,B,186,8.185334
ladder,6,31,B,187,8.178125
ladder,6,31,B,188,8.192792
ladder,6,31,B,189,8.117709
ladder,6,31,B,190,8.226375
ladder,6,31,B,191,8.178625
ladder,6,31,B,192,8.177917
ladder,6,31,B,193,8.165208
ladder,6,31,B,194,8.163917
ladder,6,31,B,195,8.166917
ladder,6,31,B,196,8.162917
ladder,6,31,B,197,8.175084
ladder,6,31,B,198,8.147542
ladder,6,31,B,199,8.157791
ladder,6,31,B,200,8.143291
ladder,6,31,B,201,8.189792
ladder,6,31,B,202,8.145666
ladder,6,31,B,203,8.189916
ladder,6,31,B,204,8.184666
ladder,6,31,B,205,8.199917
ladder,6,31,B,206,8.160542
ladder,6,31,B,207,8.197333
ladder,6,31,B,208,8.138417
ladder,6,31,B,209,8.200208
ladder,6,31,B,210,8.154917
ladder,6,31,B,211,8.205875
ladder,6,31,B,212,8.179250
ladder,6,31,B,213,8.219625
ladder,6,31,B,214,8.259334
ladder,6,31,B,215,8.221458
ladder,6,31,B,216,8.167375
ladder,6,31,B,217,8.176583
ladder,6,31,B,218,8.165792
ladder,6,31,B,219,8.171125
ladder,6,31,B,220,8.161333
ladder,6,31,B,221,8.187875
ladder,6,31,B,222,8.157666
ladder,6,31,B,223,8.163958
ladder,6,31,B,224,8.145125
ladder,6,31,B,225,8.179542
ladder,6,31,B,226,8.170375
ladder,6,31,B,227,8.199917
ladder,6,31,B,228,8.204416
ladder,6,31,B,229,8.173291
ladder,6,31,B,230,8.175917
ladder,6,31,B,231,8.174500
ladder,6,31,B,232,8.123750
ladder,6,31,B,233,8.190250
ladder,6,31,B,234,8.188250
ladder,6,31,B,235,8.190125
ladder,6,31,B,236,8.185459
ladder,6,31,B,237,8.178208
ladder,6,31,B,238,8.117625
ladder,6,31,B,239,8.185250
ladder,6,31,B,240,8.175458
ladder,6,31,B,241,8.167167
ladder,6,31,B,242,8.160708
ladder,6,31,B,243,8.170250
ladder,6,31,B,244,8.167958
ladder,6,31,B,245,8.176791
ladder,6,31,B,246,8.178708
ladder,6,31,B,247,8.171000
ladder,6,31,B,248,8.184583
ladder,6,31,B,249,8.166875
ladder,6,31,B,250,8.181500
ladder,6,31,B,251,8.171583
ladder,6,31,B,252,8.171417
ladder,6,31,B,253,8.157417
ladder,6,31,B,254,8.243000
ladder,6,31,B,255,8.178291
ladder,6,31,B,256,8.932334
ladder,6,31,B,257,8.299459
ladder,6,31,B,258,8.220417
ladder,6,31,B,259,8.149709
ladder,6,31,B,260,8.217834
ladder,6,31,B,261,8.221916
ladder,6,31,B,262,8.205375
ladder,6,31,B,263,8.191292
ladder,6,31,B,264,8.230291
ladder,6,31,B,265,8.202416
ladder,6,31,B,266,8.208750
ladder,6,31,B,267,8.184292
ladder,6,31,B,268,8.215792
ladder,6,31,B,269,8.165417
ladder,6,31,B,270,8.224875
ladder,6,31,B,271,8.161375
ladder,6,31,B,272,8.228583
ladder,6,31,B,273,8.170333
ladder,6,31,B,274,8.244292
ladder,6,31,B,275,8.163542
ladder,6,31,B,276,8.212166
ladder,6,31,B,277,8.169250
ladder,6,31,B,278,8.339250
ladder,6,31,B,279,8.204167
ladder,6,31,B,280,8.224292
ladder,6,31,B,281,8.187083
ladder,6,31,B,282,8.210833
ladder,6,31,B,283,8.171959
ladder,6,31,B,284,8.227750
ladder,6,31,B,285,8.195292
ladder,6,31,B,286,8.207917
ladder,6,31,B,287,8.211042
ladder,6,31,B,288,8.207333
ladder,6,31,B,289,8.213959
ladder,6,31,B,290,8.241125
ladder,6,31,B,291,8.185791
ladder,6,31,B,292,8.240041
ladder,6,31,B,293,8.216167
ladder,6,31,B,294,8.216208
ladder,6,31,B,295,8.233708
ladder,6,31,B,296,8.218791
ladder,6,31,B,297,8.205084
ladder,6,31,B,298,8.220958
ladder,6,31,B,299,8.208125
ladder,6,31,B,300,8.229333
ladder,6,31,B,301,8.184750
ladder,6,31,B,302,8.237541
ladder,6,31,B,303,8.212916
ladder,6,31,B,304,8.246083
ladder,6,31,B,305,8.182792
ladder,6,31,B,306,8.201208
ladder,6,31,B,307,8.198375
ladder,6,31,B,308,8.226584
ladder,6,31,B,309,8.187042
ladder,6,31,B,310,8.240334
ladder,6,31,B,311,8.256167
ladder,6,31,B,312,8.192875
ladder,6,31,B,313,8.168583
ladder,6,31,B,314,8.212875
ladder,6,31,B,315,8.213792
ladder,6,31,B,316,8.241500
ladder,6,31,B,317,8.210666
ladder,6,31,B,318,8.215125
ladder,6,31,B,319,8.199541
ladder,6,31,B,320,8.220291
ladder,6,31,B,321,8.212917
ladder,6,31,B,322,8.200042
ladder,6,31,B,323,8.215917
ladder,6,31,B,324,8.168125
ladder,6,31,B,325,8.219875
ladder,6,31,B,326,8.196417
ladder,6,31,B,327,8.215041
ladder,6,31,B,328,8.178541
ladder,6,31,B,329,8.225750
ladder,6,31,B,330,8.220500
ladder,6,31,B,331,8.201542
ladder,6,31,B,332,8.221375
ladder,6,31,B,333,8.226917
ladder,6,31,B,334,8.215958
ladder,6,31,B,335,8.243125
ladder,6,31,B,336,8.193042
ladder,6,31,B,337,8.255958
ladder,6,31,B,338,8.223167
ladder,6,31,B,339,8.210833
ladder,6,31,B,340,8.172584
ladder,6,31,B,341,8.219459
ladder,6,31,B,342,8.199666
ladder,6,31,B,343,8.224208
ladder,6,31,B,344,8.187916
ladder,6,31,B,345,8.243083
ladder,6,31,B,346,8.269166
ladder,6,31,B,347,8.233334
ladder,6,31,B,348,8.196291
ladder,6,31,B,349,8.278167
ladder,6,31,B,350,8.186583
ladder,6,31,B,351,8.235667
ladder,6,31,B,352,8.213042
ladder,6,31,B,353,8.216667
ladder,6,31,B,354,8.218459
ladder,6,31,B,355,8.211166
ladder,6,31,B,356,8.225084
ladder,6,31,B,357,8.247959
ladder,6,31,B,358,8.231500
ladder,6,31,B,359,8.222250
ladder,6,31,B,360,8.155125
ladder,6,31,B,361,8.225291
ladder,6,31,B,362,8.226250
ladder,6,31,B,363,8.229167
ladder,6,31,B,364,8.224834
ladder,6,31,B,365,8.224541
ladder,6,31,B,366,8.246375
ladder,6,31,B,367,8.227209
ladder,6,31,B,368,8.228208
ladder,6,31,B,369,8.230791
ladder,6,31,B,370,8.203708
ladder,6,31,B,371,8.246125
ladder,6,31,B,372,8.212625
ladder,6,31,B,373,8.263667
ladder,6,31,B,374,8.178542
ladder,6,31,B,375,8.284125
ladder,6,31,B,376,8.322208
ladder,6,31,B,377,8.262666
ladder,6,31,B,378,8.250792
ladder,6,31,B,379,8.327250
ladder,6,31,B,380,8.293750
ladder,6,31,B,381,8.385292
ladder,6,31,B,382,8.263625
ladder,6,31,B,383,8.296541
ladder,6,31,B,384,8.216833
ladder,6,31,B,385,8.263417
ladder,6,31,B,386,8.297458
ladder,6,31,B,387,8.315291
ladder,6,31,B,388,8.205375
ladder,6,31,B,389,8.356000
ladder,6,31,B,390,8.317583
ladder,6,31,B,391,8.295750
ladder,6,31,B,392,8.252167
ladder,6,31,B,393,8.363125
ladder,6,31,B,394,8.291583
ladder,6,31,B,395,8.183542
ladder,6,31,B,396,8.163250
ladder,6,31,B,397,8.184292
ladder,6,31,B,398,8.169334
ladder,6,31,B,399,8.218458
ladder,6,31,B,400,8.216542
ladder,6,31,B,401,8.171792
ladder,6,31,B,402,8.142250
ladder,6,31,B,403,8.199584
ladder,6,31,B,404,8.145666
ladder,6,31,B,405,8.203583
ladder,6,31,B,406,8.156708
ladder,6,31,B,407,8.196875
ladder,6,31,B,408,8.174834
ladder,6,31,B,409,8.145834
ladder,6,31,B,410,8.202334
ladder,6,31,B,411,8.193083
ladder,6,31,B,412,8.176125
ladder,6,31,B,413,8.252500
ladder,6,31,B,414,8.239875
ladder,6,31,B,415,8.231417
ladder,6,31,B,416,8.215167
ladder,6,31,B,417,8.160750
ladder,6,31,B,418,8.235500
ladder,6,31,B,419,8.174542
ladder,6,31,B,420,8.175417
ladder,6,31,B,421,8.065167
ladder,6,31,B,422,8.150417
ladder,6,31,B,423,8.132584
ladder,6,31,B,424,8.306083
ladder,6,31,B,425,8.258625
ladder,6,31,B,426,8.314708
ladder,6,31,B,427,8.328250
ladder,6,31,B,428,8.298291
ladder,6,31,B,429,8.219750
ladder,6,31,B,430,8.300709
ladder,6,31,B,431,8.286083
ladder,6,31,B,432,8.404542
ladder,6,31,B,433,8.240833
ladder,6,31,B,434,8.285167
ladder,6,31,B,435,8.219542
ladder,6,31,B,436,8.292833
ladder,6,31,B,437,8.228792
ladder,6,31,B,438,8.274125
ladder,6,31,B,439,8.241834
ladder,6,31,B,440,8.272625
ladder,6,31,B,441,8.265125
ladder,6,31,B,442,8.295083
ladder,6,31,B,443,8.215583
ladder,6,31,B,444,8.282333
ladder,6,31,B,445,8.283584
ladder,6,31,B,446,8.263166
ladder,6,31,B,447,8.247875
ladder,6,31,B,448,8.241750
ladder,6,31,B,449,8.249542
ladder,6,31,B,450,8.302125
ladder,6,31,B,451,8.244667
ladder,6,31,B,452,8.285334
ladder,6,31,B,453,8.273667
ladder,6,31,B,454,8.285167
ladder,6,31,B,455,8.272916
ladder,6,31,B,456,8.300917
ladder,6,31,B,457,8.232500
ladder,6,31,B,458,8.331334
ladder,6,31,B,459,8.222875
ladder,6,31,B,460,8.234791
ladder,6,31,B,461,8.247709
ladder,6,31,B,462,8.257666
ladder,6,31,B,463,8.219125
ladder,6,31,B,464,8.266666
ladder,6,31,B,465,8.258125
ladder,6,31,B,466,8.260416
ladder,6,31,B,467,8.251958
ladder,6,31,B,468,8.258042
ladder,6,31,B,469,8.205792
ladder,6,31,B,470,8.227916
ladder,6,31,B,471,8.241750
ladder,6,31,B,472,8.205667
ladder,6,31,B,473,8.290750
ladder,6,31,B,474,8.326625
ladder,6,31,B,475,8.193125
ladder,6,31,B,476,8.171666
ladder,6,31,B,477,8.191708
ladder,6,31,B,478,8.155541
ladder,6,31,B,479,8.159959
ladder,6,31,B,480,8.175542
ladder,6,31,B,481,8.333084
ladder,6,31,B,482,8.521500
ladder,6,31,B,483,8.876334
ladder,6,31,B,484,8.593417
ladder,6,31,B,485,8.284334
ladder,6,31,B,486,8.432625
ladder,6,31,B,487,8.471834
ladder,6,31,B,488,8.365500
ladder,6,31,B,489,8.268542
ladder,6,31,B,490,8.348792
ladder,6,31,B,491,8.458500
ladder,6,31,B,492,8.447916
ladder,6,31,B,493,8.491208
ladder,6,31,B,494,8.592500
ladder,6,31,B,495,8.270500
ladder,6,31,B,496,8.296542
ladder,6,31,B,497,8.362916
ladder,6,31,B,498,8.259708
ladder,6,31,B,499,8.202292
ladder,6,31,B,500,8.383584
ladder,6,31,B,501,8.324958
ladder,6,31,B,502,8.319458
ladder,6,31,B,503,8.270708
ladder,6,31,B,504,8.299625
ladder,6,31,B,505,8.275500
ladder,6,31,B,506,8.292750
ladder,6,31,B,507,8.258042
ladder,6,31,B,508,8.336875
ladder,6,31,B,509,8.265583
ladder,6,31,B,510,8.287625
ladder,6,31,B,511,8.252625
ladder,6,32,A,1,8.233333
ladder,6,32,A,2,8.157333
ladder,6,32,A,3,8.148625
ladder,6,32,A,4,8.115750
ladder,6,32,A,5,8.173208
ladder,6,32,A,6,8.137750
ladder,6,32,A,7,8.142250
ladder,6,32,A,8,8.130791
ladder,6,32,A,9,8.156916
ladder,6,32,A,10,8.107792
ladder,6,32,A,11,8.167375
ladder,6,32,A,12,8.117458
ladder,6,32,A,13,8.167791
ladder,6,32,A,14,8.115333
ladder,6,32,A,15,8.161708
ladder,6,32,A,16,8.134041
ladder,6,32,A,17,8.165750
ladder,6,32,A,18,8.100834
ladder,6,32,A,19,8.180541
ladder,6,32,A,20,8.139000
ladder,6,32,A,21,8.133875
ladder,6,32,A,22,8.115250
ladder,6,32,A,23,8.145875
ladder,6,32,A,24,8.123542
ladder,6,32,A,25,8.119250
ladder,6,32,A,26,8.131208
ladder,6,32,A,27,8.123375
ladder,6,32,A,28,8.116042
ladder,6,32,A,29,8.130209
ladder,6,32,A,30,8.121458
ladder,6,32,A,31,8.137000
ladder,6,32,A,32,8.149250
ladder,6,32,A,33,8.210250
ladder,6,32,A,34,8.158667
ladder,6,32,A,35,8.136666
ladder,6,32,A,36,8.129417
ladder,6,32,A,37,8.129125
ladder,6,32,A,38,8.133250
ladder,6,32,A,39,8.142458
ladder,6,32,A,40,8.139500
ladder,6,32,A,41,8.132584
ladder,6,32,A,42,8.088625
ladder,6,32,A,43,8.097708
ladder,6,32,A,44,8.168209
ladder,6,32,A,45,8.139625
ladder,6,32,A,46,8.141209
ladder,6,32,A,47,8.130292
ladder,6,32,A,48,8.119875
ladder,6,32,A,49,8.104458
ladder,6,32,A,50,8.205583
ladder,6,32,A,51,8.127041
ladder,6,32,A,52,8.167084
ladder,6,32,A,53,8.131417
ladder,6,32,A,54,8.195208
ladder,6,32,A,55,8.122292
ladder,6,32,A,56,8.197542
ladder,6,32,A,57,8.132833
ladder,6,32,A,58,8.261959
ladder,6,32,A,59,8.160625
ladder,6,32,A,60,8.174542
ladder,6,32,A,61,8.113667
ladder,6,32,A,62,8.168667
ladder,6,32,A,63,8.105334
ladder,6,32,A,64,8.230667
ladder,6,32,A,65,8.135042
ladder,6,32,A,66,8.169584
ladder,6,32,A,67,8.147375
ladder,6,32,A,68,8.181125
ladder,6,32,A,69,8.168958
ladder,6,32,A,70,8.231875
ladder,6,32,A,71,8.121875
ladder,6,32,A,72,8.183500
ladder,6,32,A,73,8.106750
ladder,6,32,A,74,8.140584
ladder,6,32,A,75,8.137292
ladder,6,32,A,76,8.157000
ladder,6,32,A,77,8.178416
ladder,6,32,A,78,8.120125
ladder,6,32,A,79,8.148917
ladder,6,32,A,80,8.175833
ladder,6,32,A,81,8.151125
ladder,6,32,A,82,8.173834
ladder,6,32,A,83,8.192125
ladder,6,32,A,84,8.301334
ladder,6,32,A,85,8.132875
ladder,6,32,A,86,8.129208
ladder,6,32,A,87,8.147417
ladder,6,32,A,88,8.145708
ladder,6,32,A,89,8.145417
ladder,6,32,A,90,8.147458
ladder,6,32,A,91,8.168084
ladder,6,32,A,92,8.135541
ladder,6,32,A,93,8.168166
ladder,6,32,A,94,8.108917
ladder,6,32,A,95,8.178958
ladder,6,32,A,96,8.140333
ladder,6,32,A,97,8.168625
ladder,6,32,A,98,8.151375
ladder,6,32,A,99,8.160417
ladder,6,32,A,100,8.143209
ladder,6,32,A,101,8.157792
ladder,6,32,A,102,8.156875
ladder,6,32,A,103,8.239083
ladder,6,32,A,104,8.215625
ladder,6,32,A,105,8.218041
ladder,6,32,A,106,8.156291
ladder,6,32,A,107,8.194792
ladder,6,32,A,108,8.176917
ladder,6,32,A,109,8.178000
ladder,6,32,A,110,8.140500
ladder,6,32,A,111,8.263333
ladder,6,32,A,112,8.147833
ladder,6,32,A,113,8.180292
ladder,6,32,A,114,8.232583
ladder,6,32,A,115,8.307416
ladder,6,32,A,116,8.271167
ladder,6,32,A,117,8.200792
ladder,6,32,A,118,8.139291
ladder,6,32,A,119,8.171542
ladder,6,32,A,120,8.157084
ladder,6,32,A,121,8.158292
ladder,6,32,A,122,8.138042
ladder,6,32,A,123,8.177125
ladder,6,32,A,124,8.164875
ladder,6,32,A,125,8.166583
ladder,6,32,A,126,8.149083
ladder,6,32,A,127,8.156125
ladder,6,32,A,128,8.145416
ladder,6,32,A,129,8.184000
ladder,6,32,A,130,8.152167
ladder,6,32,A,131,8.169625
ladder,6,32,A,132,8.145833
ladder,6,32,A,133,8.165041
ladder,6,32,A,134,8.118917
ladder,6,32,A,135,8.186167
ladder,6,32,A,136,8.144583
ladder,6,32,A,137,8.197333
ladder,6,32,A,138,8.190792
ladder,6,32,A,139,8.175500
ladder,6,32,A,140,8.154834
ladder,6,32,A,141,8.152875
ladder,6,32,A,142,8.154709
ladder,6,32,A,143,8.132417
ladder,6,32,A,144,8.144625
ladder,6,32,A,145,8.283084
ladder,6,32,A,146,8.196667
ladder,6,32,A,147,8.161625
ladder,6,32,A,148,8.165333
ladder,6,32,A,149,8.127084
ladder,6,32,A,150,8.150333
ladder,6,32,A,151,8.151583
ladder,6,32,A,152,8.168584
ladder,6,32,A,153,8.131125
ladder,6,32,A,154,8.152708
ladder,6,32,A,155,8.151250
ladder,6,32,A,156,8.158334
ladder,6,32,A,157,8.136541
ladder,6,32,A,158,8.139084
ladder,6,32,A,159,8.162875
ladder,6,32,A,160,8.172583
ladder,6,32,A,161,8.163000
ladder,6,32,A,162,8.211375
ladder,6,32,A,163,8.149917
ladder,6,32,A,164,8.169458
ladder,6,32,A,165,8.110333
ladder,6,32,A,166,8.163084
ladder,6,32,A,167,8.131416
ladder,6,32,A,168,8.159959
ladder,6,32,A,169,8.147042
ladder,6,32,A,170,8.147291
ladder,6,32,A,171,8.142666
ladder,6,32,A,172,8.201959
ladder,6,32,A,173,8.159375
ladder,6,32,A,174,8.208375
ladder,6,32,A,175,8.151667
ladder,6,32,A,176,8.198125
ladder,6,32,A,177,8.151625
ladder,6,32,A,178,8.200167
ladder,6,32,A,179,8.171167
ladder,6,32,A,180,8.199959
ladder,6,32,A,181,8.247625
ladder,6,32,A,182,8.288125
ladder,6,32,A,183,8.152458
ladder,6,32,A,184,8.243041
ladder,6,32,A,185,8.199916
ladder,6,32,A,186,8.207875
ladder,6,32,A,187,8.232959
ladder,6,32,A,188,8.201709
ladder,6,32,A,189,8.187375
ladder,6,32,A,190,8.175416
ladder,6,32,A,191,8.142708
ladder,6,32,A,192,8.146542
ladder,6,32,A,193,8.159291
ladder,6,32,A,194,8.193375
ladder,6,32,A,195,8.151167
ladder,6,32,A,196,8.265250
ladder,6,32,A,197,8.283417
ladder,6,32,A,198,8.280416
ladder,6,32,A,199,8.302708
ladder,6,32,A,200,8.272042
ladder,6,32,A,201,8.231208
ladder,6,32,A,202,8.105458
ladder,6,32,A,203,8.107084
ladder,6,32,A,204,8.112583
ladder,6,32,A,205,8.093708
ladder,6,32,A,206,8.150750
ladder,6,32,A,207,8.101125
ladder,6,32,A,208,8.097417
ladder,6,32,A,209,8.172750
ladder,6,32,A,210,8.085916
ladder,6,32,A,211,8.151000
ladder,6,32,A,212,8.098875
ladder,6,32,A,213,8.100000
ladder,6,32,A,214,8.056750
ladder,6,32,A,215,8.129458
ladder,6,32,A,216,8.129625
ladder,6,32,A,217,8.091209
ladder,6,32,A,218,8.088792
ladder,6,32,A,219,8.173583
ladder,6,32,A,220,8.135333
ladder,6,32,A,221,8.170791
ladder,6,32,A,222,8.134292
ladder,6,32,A,223,8.131584
ladder,6,32,A,224,8.126000
ladder,6,32,A,225,8.126833
ladder,6,32,A,226,8.110042
ladder,6,32,A,227,8.172709
ladder,6,32,A,228,8.032500
ladder,6,32,A,229,8.095458
ladder,6,32,A,230,8.236250
ladder,6,32,A,231,8.218667
ladder,6,32,A,232,8.167708
ladder,6,32,A,233,8.216333
ladder,6,32,A,234,8.190959
ladder,6,32,A,235,8.213459
ladder,6,32,A,236,8.185042
ladder,6,32,A,237,8.250583
ladder,6,32,A,238,8.202750
ladder,6,32,A,239,8.170625
ladder,6,32,A,240,8.237250
ladder,6,32,A,241,8.199667
ladder,6,32,A,242,8.196708
ladder,6,32,A,243,8.158375
ladder,6,32,A,244,8.200500
ladder,6,32,A,245,8.171084
ladder,6,32,A,246,8.208666
ladder,6,32,A,247,8.173000
ladder,6,32,A,248,8.191583
ladder,6,32,A,249,8.182959
ladder,6,32,A,250,8.207209
ladder,6,32,A,251,8.201875
ladder,6,32,A,252,8.201042
ladder,6,32,A,253,8.240500
ladder,6,32,A,254,8.198958
ladder,6,32,A,255,8.223166
ladder,6,32,A,256,8.929833
ladder,6,32,A,257,8.250167
ladder,6,32,A,258,8.229875
ladder,6,32,A,259,8.211209
ladder,6,32,A,260,8.217041
ladder,6,32,A,261,8.188333
ladder,6,32,A,262,8.234958
ladder,6,32,A,263,8.218792
ladder,6,32,A,264,8.279291
ladder,6,32,A,265,8.167958
ladder,6,32,A,266,8.213959
ladder,6,32,A,267,8.179958
ladder,6,32,A,268,8.184250
ladder,6,32,A,269,8.168958
ladder,6,32,A,270,8.197709
ladder,6,32,A,271,8.177667
ladder,6,32,A,272,8.190208
ladder,6,32,A,273,8.245416
ladder,6,32,A,274,8.187000
ladder,6,32,A,275,8.213125
ladder,6,32,A,276,8.222292
ladder,6,32,A,277,8.225167
ladder,6,32,A,278,8.205083
ladder,6,32,A,279,8.159917
ladder,6,32,A,280,8.164958
ladder,6,32,A,281,8.170667
ladder,6,32,A,282,8.203250
ladder,6,32,A,283,8.172666
ladder,6,32,A,284,8.208833
ladder,6,32,A,285,8.186167
ladder,6,32,A,286,8.212375
ladder,6,32,A,287,8.184917
ladder,6,32,A,288,8.169250
ladder,6,32,A,289,8.245125
ladder,6,32,A,290,8.236708
ladder,6,32,A,291,8.215375
ladder,6,32,A,292,8.197084
ladder,6,32,A,293,8.238000
ladder,6,32,A,294,8.222792
ladder,6,32,A,295,8.180708
ladder,6,32,A,296,8.221625
ladder,6,32,A,297,8.233541
ladder,6,32,A,298,8.202583
ladder,6,32,A,299,8.186042
ladder,6,32,A,300,8.352333
ladder,6,32,A,301,8.418333
ladder,6,32,A,302,8.342958
ladder,6,32,A,303,8.318833
ladder,6,32,A,304,8.357084
ladder,6,32,A,305,8.307000
ladder,6,32,A,306,8.308625
ladder,6,32,A,307,8.266333
ladder,6,32,A,308,8.339458
ladder,6,32,A,309,8.431708
ladder,6,32,A,310,9.120000
ladder,6,32,A,311,8.963542
ladder,6,32,A,312,8.394084
ladder,6,32,A,313,8.350459
ladder,6,32,A,314,8.515292
ladder,6,32,A,315,8.364083
ladder,6,32,A,316,8.227750
ladder,6,32,A,317,8.136250
ladder,6,32,A,318,8.325542
ladder,6,32,A,319,8.225791
ladder,6,32,A,320,8.262042
ladder,6,32,A,321,8.218959
ladder,6,32,A,322,8.257208
ladder,6,32,A,323,8.187500
ladder,6,32,A,324,8.247334
ladder,6,32,A,325,8.189250
ladder,6,32,A,326,8.218250
ladder,6,32,A,327,8.204084
ladder,6,32,A,328,8.230125
ladder,6,32,A,329,8.228542
ladder,6,32,A,330,8.258833
ladder,6,32,A,331,8.218875
ladder,6,32,A,332,8.256292
ladder,6,32,A,333,8.220334
ladder,6,32,A,334,8.236667
ladder,6,32,A,335,8.209042
ladder,6,32,A,336,8.227583
ladder,6,32,A,337,8.241833
ladder,6,32,A,338,8.219000
ladder,6,32,A,339,8.231958
ladder,6,32,A,340,8.244375
ladder,6,32,A,341,8.240083
ladder,6,32,A,342,8.233708
ladder,6,32,A,343,8.218542
ladder,6,32,A,344,8.174958
ladder,6,32,A,345,8.215834
ladder,6,32,A,346,8.200000
ladder,6,32,A,347,8.217875
ladder,6,32,A,348,8.226917
ladder,6,32,A,349,8.227958
ladder,6,32,A,350,8.230417
ladder,6,32,A,351,8.247167
ladder,6,32,A,352,8.187792
ladder,6,32,A,353,8.230000
ladder,6,32,A,354,8.228458
ladder,6,32,A,355,8.222584
ladder,6,32,A,356,8.270083
ladder,6,32,A,357,8.206291
ladder,6,32,A,358,8.197583
ladder,6,32,A,359,8.264417
ladder,6,32,A,360,8.221542
ladder,6,32,A,361,8.241958
ladder,6,32,A,362,8.243750
ladder,6,32,A,363,8.248167
ladder,6,32,A,364,8.220125
ladder,6,32,A,365,8.258583
ladder,6,32,A,366,8.232084
ladder,6,32,A,367,8.245750
ladder,6,32,A,368,8.197167
ladder,6,32,A,369,8.249583
ladder,6,32,A,370,8.243625
ladder,6,32,A,371,8.248833
ladder,6,32,A,372,8.223416
ladder,6,32,A,373,8.236459
ladder,6,32,A,374,8.304208
ladder,6,32,A,375,8.292083
ladder,6,32,A,376,8.172500
ladder,6,32,A,377,8.179750
ladder,6,32,A,378,8.178542
ladder,6,32,A,379,8.181959
ladder,6,32,A,380,8.117042
ladder,6,32,A,381,8.191292
ladder,6,32,A,382,8.207542
ladder,6,32,A,383,8.327834
ladder,6,32,A,384,8.399959
ladder,6,32,A,385,8.320208
ladder,6,32,A,386,8.230875
ladder,6,32,A,387,8.261250
ladder,6,32,A,388,8.268167
ladder,6,32,A,389,8.201166
ladder,6,32,A,390,8.266000
ladder,6,32,A,391,8.352167
ladder,6,32,A,392,8.285500
ladder,6,32,A,393,8.272917
ladder,6,32,A,394,8.225500
ladder,6,32,A,395,8.258000
ladder,6,32,A,396,8.270417
ladder,6,32,A,397,8.221833
ladder,6,32,A,398,8.287375
ladder,6,32,A,399,8.239292
ladder,6,32,A,400,8.245834
ladder,6,32,A,401,8.204375
ladder,6,32,A,402,8.204875
ladder,6,32,A,403,8.257833
ladder,6,32,A,404,8.248208
ladder,6,32,A,405,8.222333
ladder,6,32,A,406,8.226458
ladder,6,32,A,407,8.234125
ladder,6,32,A,408,8.200083
ladder,6,32,A,409,8.196542
ladder,6,32,A,410,8.199542
ladder,6,32,A,411,8.244416
ladder,6,32,A,412,8.242625
ladder,6,32,A,413,8.243250
ladder,6,32,A,414,8.237083
ladder,6,32,A,415,8.262916
ladder,6,32,A,416,8.290875
ladder,6,32,A,417,8.242292
ladder,6,32,A,418,8.241000
ladder,6,32,A,419,8.280708
ladder,6,32,A,420,8.254542
ladder,6,32,A,421,8.326625
ladder,6,32,A,422,8.226708
ladder,6,32,A,423,8.230250
ladder,6,32,A,424,8.213500
ladder,6,32,A,425,8.265125
ladder,6,32,A,426,8.250500
ladder,6,32,A,427,8.307125
ladder,6,32,A,428,8.336750
ladder,6,32,A,429,8.266083
ladder,6,32,A,430,8.256042
ladder,6,32,A,431,8.273416
ladder,6,32,A,432,8.215333
ladder,6,32,A,433,8.257917
ladder,6,32,A,434,8.266750
ladder,6,32,A,435,8.234500
ladder,6,32,A,436,8.240792
ladder,6,32,A,437,8.243167
ladder,6,32,A,438,8.285542
ladder,6,32,A,439,8.253083
ladder,6,32,A,440,8.255750
ladder,6,32,A,441,8.234875
ladder,6,32,A,442,8.250042
ladder,6,32,A,443,8.245792
ladder,6,32,A,444,8.247084
ladder,6,32,A,445,8.245958
ladder,6,32,A,446,8.259416
ladder,6,32,A,447,8.218792
ladder,6,32,A,448,8.252125
ladder,6,32,A,449,8.232750
ladder,6,32,A,450,8.273375
ladder,6,32,A,451,8.243791
ladder,6,32,A,452,8.261500
ladder,6,32,A,453,8.275000
ladder,6,32,A,454,8.246208
ladder,6,32,A,455,8.227167
ladder,6,32,A,456,8.260417
ladder,6,32,A,457,8.204458
ladder,6,32,A,458,8.277416
ladder,6,32,A,459,8.202000
ladder,6,32,A,460,8.284125
ladder,6,32,A,461,8.238750
ladder,6,32,A,462,8.258875
ladder,6,32,A,463,8.261625
ladder,6,32,A,464,8.305750
ladder,6,32,A,465,8.351083
ladder,6,32,A,466,8.263417
ladder,6,32,A,467,8.271458
ladder,6,32,A,468,8.263625
ladder,6,32,A,469,8.228375
ladder,6,32,A,470,8.297208
ladder,6,32,A,471,8.217500
ladder,6,32,A,472,8.324916
ladder,6,32,A,473,8.235000
ladder,6,32,A,474,8.302417
ladder,6,32,A,475,8.232250
ladder,6,32,A,476,8.273167
ladder,6,32,A,477,8.233917
ladder,6,32,A,478,8.276041
ladder,6,32,A,479,8.226291
ladder,6,32,A,480,8.328375
ladder,6,32,A,481,8.245375
ladder,6,32,A,482,8.304208
ladder,6,32,A,483,8.234667
ladder,6,32,A,484,8.315291
ladder,6,32,A,485,8.253250
ladder,6,32,A,486,8.389416
ladder,6,32,A,487,8.263250
ladder,6,32,A,488,8.402584
ladder,6,32,A,489,8.236416
ladder,6,32,A,490,8.410334
ladder,6,32,A,491,8.257708
ladder,6,32,A,492,8.383541
ladder,6,32,A,493,8.268125
ladder,6,32,A,494,8.303125
ladder,6,32,A,495,8.245167
ladder,6,32,A,496,8.290084
ladder,6,32,A,497,8.320667
ladder,6,32,A,498,8.313167
ladder,6,32,A,499,8.276208
ladder,6,32,A,500,8.302167
ladder,6,32,A,501,8.242584
ladder,6,32,A,502,8.307416
ladder,6,32,A,503,8.260375
ladder,6,32,A,504,8.390625
ladder,6,32,A,505,8.235792
ladder,6,32,A,506,8.305042
ladder,6,32,A,507,8.233000
ladder,6,32,A,508,8.295584
ladder,6,32,A,509,8.242750
ladder,6,32,A,510,8.286125
ladder,6,32,A,511,8.243458
ladder,6,33,D,1,8.250750
ladder,6,33,D,2,8.197375
ladder,6,33,D,3,8.152292
ladder,6,33,D,4,8.173375
ladder,6,33,D,5,8.183250
ladder,6,33,D,6,8.169834
ladder,6,33,D,7,8.173125
ladder,6,33,D,8,8.122917
ladder,6,33,D,9,8.161542
ladder,6,33,D,10,8.145291
ladder,6,33,D,11,8.162375
ladder,6,33,D,12,8.132875
ladder,6,33,D,13,8.187042
ladder,6,33,D,14,8.136917
ladder,6,33,D,15,8.173459
ladder,6,33,D,16,8.142333
ladder,6,33,D,17,8.190167
ladder,6,33,D,18,8.145250
ladder,6,33,D,19,8.245375
ladder,6,33,D,20,8.135250
ladder,6,33,D,21,8.199500
ladder,6,33,D,22,8.134125
ladder,6,33,D,23,8.159375
ladder,6,33,D,24,8.138375
ladder,6,33,D,25,8.180167
ladder,6,33,D,26,8.145792
ladder,6,33,D,27,8.182583
ladder,6,33,D,28,8.145583
ladder,6,33,D,29,8.166167
ladder,6,33,D,30,8.145875
ladder,6,33,D,31,8.173042
ladder,6,33,D,32,8.145500
ladder,6,33,D,33,8.156833
ladder,6,33,D,34,8.164916
ladder,6,33,D,35,8.174417
ladder,6,33,D,36,8.143333
ladder,6,33,D,37,8.168542
ladder,6,33,D,38,8.171958
ladder,6,33,D,39,8.166875
ladder,6,33,D,40,8.164625
ladder,6,33,D,41,8.182667
ladder,6,33,D,42,8.158333
ladder,6,33,D,43,8.162292
ladder,6,33,D,44,8.164125
ladder,6,33,D,45,8.161458
ladder,6,33,D,46,8.192625
ladder,6,33,D,47,8.155458
ladder,6,33,D,48,8.178458
ladder,6,33,D,49,8.191917
ladder,6,33,D,50,8.185750
ladder,6,33,D,51,8.117875
ladder,6,33,D,52,8.199791
ladder,6,33,D,53,8.164625
ladder,6,33,D,54,8.190667
ladder,6,33,D,55,8.146375
ladder,6,33,D,56,8.208166
ladder,6,33,D,57,8.147292
ladder,6,33,D,58,8.213834
ladder,6,33,D,59,8.252541
ladder,6,33,D,60,8.233208
ladder,6,33,D,61,8.159459
ladder,6,33,D,62,8.185042
ladder,6,33,D,63,8.147125
ladder,6,33,D,64,8.182583
ladder,6,33,D,65,8.150708
ladder,6,33,D,66,8.195125
ladder,6,33,D,67,8.164084
ladder,6,33,D,68,8.198084
ladder,6,33,D,69,8.171417
ladder,6,33,D,70,8.111458
ladder,6,33,D,71,8.188000
ladder,6,33,D,72,8.265916
ladder,6,33,D,73,8.154583
ladder,6,33,D,74,8.144875
ladder,6,33,D,75,8.084375
ladder,6,33,D,76,8.151291
ladder,6,33,D,77,8.235041
ladder,6,33,D,78,8.129375
ladder,6,33,D,79,8.103542
ladder,6,33,D,80,8.135125
ladder,6,33,D,81,8.241500
ladder,6,33,D,82,9.475292
ladder,6,33,D,83,8.632833
ladder,6,33,D,84,8.130292
ladder,6,33,D,85,8.128000
ladder,6,33,D,86,8.288625
ladder,6,33,D,87,8.120292
ladder,6,33,D,88,8.138083
ladder,6,33,D,89,8.107000
ladder,6,33,D,90,8.287625
ladder,6,33,D,91,8.184458
ladder,6,33,D,92,8.191667
ladder,6,33,D,93,8.176792
ladder,6,33,D,94,8.174750
ladder,6,33,D,95,8.184125
ladder,6,33,D,96,8.183708
ladder,6,33,D,97,8.176791
ladder,6,33,D,98,8.189083
ladder,6,33,D,99,8.174250
ladder,6,33,D,100,8.193333
ladder,6,33,D,101,8.205458
ladder,6,33,D,102,8.192541
ladder,6,33,D,103,8.190333
ladder,6,33,D,104,8.178792
ladder,6,33,D,105,8.167250
ladder,6,33,D,106,8.180917
ladder,6,33,D,107,8.222333
ladder,6,33,D,108,8.257125
ladder,6,33,D,109,8.302333
ladder,6,33,D,110,8.183292
ladder,6,33,D,111,8.193375
ladder,6,33,D,112,8.165209
ladder,6,33,D,113,8.186625
ladder,6,33,D,114,8.164625
ladder,6,33,D,115,8.176459
ladder,6,33,D,116,8.157583
ladder,6,33,D,117,8.184917
ladder,6,33,D,118,8.182875
ladder,6,33,D,119,8.191125
ladder,6,33,D,120,8.172250
ladder,6,33,D,121,8.171334
ladder,6,33,D,122,8.170833
ladder,6,33,D,123,8.202750
ladder,6,33,D,124,8.179084
ladder,6,33,D,125,8.167042
ladder,6,33,D,126,8.182334
ladder,6,33,D,127,8.182750
ladder,6,33,D,128,8.195208
ladder,6,33,D,129,8.216625
ladder,6,33,D,130,8.144500
ladder,6,33,D,131,8.188917
ladder,6,33,D,132,8.176708
ladder,6,33,D,133,8.161125
ladder,6,33,D,134,8.166666
ladder,6,33,D,135,8.185000
ladder,6,33,D,136,8.159208
ladder,6,33,D,137,8.210333
ladder,6,33,D,138,8.217375
ladder,6,33,D,139,8.347166
ladder,6,33,D,140,8.194583
ladder,6,33,D,141,8.228125
ladder,6,33,D,142,8.196458
ladder,6,33,D,143,8.204250
ladder,6,33,D,144,8.166750
ladder,6,33,D,145,8.206083
ladder,6,33,D,146,8.158375
ladder,6,33,D,147,8.227375
ladder,6,33,D,148,8.174292
ladder,6,33,D,149,8.201583
ladder,6,33,D,150,8.180000
ladder,6,33,D,151,8.182167
ladder,6,33,D,152,8.189333
ladder,6,33,D,153,8.181792
ladder,6,33,D,154,8.191834
ladder,6,33,D,155,8.170917
ladder,6,33,D,156,8.172958
ladder,6,33,D,157,8.197625
ladder,6,33,D,158,8.189583
ladder,6,33,D,159,8.180083
ladder,6,33,D,160,8.187292
ladder,6,33,D,161,8.176375
ladder,6,33,D,162,8.203875
ladder,6,33,D,163,8.191208
ladder,6,33,D,164,8.203000
ladder,6,33,D,165,8.158125
ladder,6,33,D,166,8.214542
ladder,6,33,D,167,8.185750
ladder,6,33,D,168,8.190750
ladder,6,33,D,169,8.180750
ladder,6,33,D,170,8.205792
ladder,6,33,D,171,8.158708
ladder,6,33,D,172,8.220458
ladder,6,33,D,173,8.192958
ladder,6,33,D,174,8.208167
ladder,6,33,D,175,8.199833
ladder,6,33,D,176,8.215083
ladder,6,33,D,177,8.163583
ladder,6,33,D,178,8.240000
ladder,6,33,D,179,8.170459
ladder,6,33,D,180,8.226000
ladder,6,33,D,181,8.163792
ladder,6,33,D,182,8.236708
ladder,6,33,D,183,8.185042
ladder,6,33,D,184,8.336334
ladder,6,33,D,185,8.179000
ladder,6,33,D,186,8.212250
ladder,6,33,D,187,8.171000
ladder,6,33,D,188,8.226333
ladder,6,33,D,189,8.186084
ladder,6,33,D,190,8.237500
ladder,6,33,D,191,8.195375
ladder,6,33,D,192,8.226375
ladder,6,33,D,193,8.180708
ladder,6,33,D,194,8.208208
ladder,6,33,D,195,8.185375
ladder,6,33,D,196,8.209167
ladder,6,33,D,197,8.199917
ladder,6,33,D,198,8.241625
ladder,6,33,D,199,8.198750
ladder,6,33,D,200,8.212875
ladder,6,33,D,201,8.167417
ladder,6,33,D,202,8.181042
ladder,6,33,D,203,8.233208
ladder,6,33,D,204,8.226208
ladder,6,33,D,205,8.191000
ladder,6,33,D,206,8.203083
ladder,6,33,D,207,8.171250
ladder,6,33,D,208,8.226500
ladder,6,33,D,209,8.111750
ladder,6,33,D,210,8.243917
ladder,6,33,D,211,8.262292
ladder,6,33,D,212,8.231250
ladder,6,33,D,213,8.107083
ladder,6,33,D,214,8.212583
ladder,6,33,D,215,8.138167
ladder,6,33,D,216,8.160042
ladder,6,33,D,217,8.103000
ladder,6,33,D,218,8.149625
ladder,6,33,D,219,8.222709
ladder,6,33,D,220,9.816291
ladder,6,33,D,221,8.888375
ladder,6,33,D,222,8.169250
ladder,6,33,D,223,8.182042
ladder,6,33,D,224,8.315541
ladder,6,33,D,225,8.184000
ladder,6,33,D,226,8.171833
ladder,6,33,D,227,8.135375
ladder,6,33,D,228,8.308750
ladder,6,33,D,229,8.272250
ladder,6,33,D,230,8.237875
ladder,6,33,D,231,8.215708
ladder,6,33,D,232,8.213792
ladder,6,33,D,233,8.215958
ladder,6,33,D,234,8.224667
ladder,6,33,D,235,8.176250
ladder,6,33,D,236,8.196292
ladder,6,33,D,237,8.217083
ladder,6,33,D,238,8.213334
ladder,6,33,D,239,8.218000
ladder,6,33,D,240,8.230250
ladder,6,33,D,241,8.259959
ladder,6,33,D,242,8.182250
ladder,6,33,D,243,8.216500
ladder,6,33,D,244,8.168000
ladder,6,33,D,245,8.250333
ladder,6,33,D,246,8.225792
ladder,6,33,D,247,8.209125
ladder,6,33,D,248,8.207334
ladder,6,33,D,249,8.192625
ladder,6,33,D,250,8.202583
ladder,6,33,D,251,8.192042
ladder,6,33,D,252,8.138292
ladder,6,33,D,253,8.199958
ladder,6,33,D,254,8.205417
ladder,6,33,D,255,8.194542
ladder,6,33,D,256,8.951667
ladder,6,33,D,257,8.300500
ladder,6,33,D,258,8.204458
ladder,6,33,D,259,8.232542
ladder,6,33,D,260,8.205792
ladder,6,33,D,261,8.258125
ladder,6,33,D,262,8.192167
ladder,6,33,D,263,8.237500
ladder,6,33,D,264,8.203208
ladder,6,33,D,265,8.221334
ladder,6,33,D,266,8.230167
ladder,6,33,D,267,8.204208
ladder,6,33,D,268,8.219458
ladder,6,33,D,269,8.280958
ladder,6,33,D,270,8.211625
ladder,6,33,D,271,8.222459
ladder,6,33,D,272,8.261375
ladder,6,33,D,273,8.277208
ladder,6,33,D,274,8.180167
ladder,6,33,D,275,8.262334
ladder,6,33,D,276,8.234375
ladder,6,33,D,277,8.273333
ladder,6,33,D,278,8.203250
ladder,6,33,D,279,8.246666
ladder,6,33,D,280,8.257625
ladder,6,33,D,281,8.254167
ladder,6,33,D,282,8.209167
ladder,6,33,D,283,8.308834
ladder,6,33,D,284,8.206125
ladder,6,33,D,285,8.245000
ladder,6,33,D,286,8.210167
ladder,6,33,D,287,8.247500
ladder,6,33,D,288,8.229583
ladder,6,33,D,289,8.259333
ladder,6,33,D,290,8.221750
ladder,6,33,D,291,8.263541
ladder,6,33,D,292,8.234000
ladder,6,33,D,293,8.247834
ladder,6,33,D,294,8.219291
ladder,6,33,D,295,8.243458
ladder,6,33,D,296,8.198792
ladder,6,33,D,297,8.254750
ladder,6,33,D,298,8.270417
ladder,6,33,D,299,8.231791
ladder,6,33,D,300,8.219417
ladder,6,33,D,301,8.250250
ladder,6,33,D,302,8.227000
ladder,6,33,D,303,8.254750
ladder,6,33,D,304,8.205459
ladder,6,33,D,305,8.262834
ladder,6,33,D,306,8.224917
ladder,6,33,D,307,8.287542
ladder,6,33,D,308,8.228375
ladder,6,33,D,309,8.229375
ladder,6,33,D,310,8.206417
ladder,6,33,D,311,8.235125
ladder,6,33,D,312,8.225708
ladder,6,33,D,313,8.243916
ladder,6,33,D,314,8.231333
ladder,6,33,D,315,8.287875
ladder,6,33,D,316,8.214417
ladder,6,33,D,317,8.244708
ladder,6,33,D,318,8.233292
ladder,6,33,D,319,8.226833
ladder,6,33,D,320,8.241125
ladder,6,33,D,321,8.245541
ladder,6,33,D,322,8.254042
ladder,6,33,D,323,8.257209
ladder,6,33,D,324,8.206417
ladder,6,33,D,325,8.222667
ladder,6,33,D,326,8.235625
ladder,6,33,D,327,8.246834
ladder,6,33,D,328,8.306667
ladder,6,33,D,329,8.226500
ladder,6,33,D,330,8.247209
ladder,6,33,D,331,8.247208
ladder,6,33,D,332,8.238584
ladder,6,33,D,333,8.261584
ladder,6,33,D,334,8.226083
ladder,6,33,D,335,8.220375
ladder,6,33,D,336,8.272458
ladder,6,33,D,337,8.250917
ladder,6,33,D,338,8.275166
ladder,6,33,D,339,8.213916
ladder,6,33,D,340,8.237875
ladder,6,33,D,341,8.242833
ladder,6,33,D,342,8.261291
ladder,6,33,D,343,8.225167
ladder,6,33,D,344,8.245750
ladder,6,33,D,345,8.263334
ladder,6,33,D,346,8.265583
ladder,6,33,D,347,8.226250
ladder,6,33,D,348,8.254709
ladder,6,33,D,349,8.218000
ladder,6,33,D,350,8.267541
ladder,6,33,D,351,8.215625
ladder,6,33,D,352,8.279708
ladder,6,33,D,353,8.240666
ladder,6,33,D,354,8.240709
ladder,6,33,D,355,8.265166
ladder,6,33,D,356,8.233625
ladder,6,33,D,357,8.241292
ladder,6,33,D,358,8.246042
ladder,6,33,D,359,8.218500
ladder,6,33,D,360,8.274792
ladder,6,33,D,361,8.251250
ladder,6,33,D,362,8.262416
ladder,6,33,D,363,8.240583
ladder,6,33,D,364,8.237916
ladder,6,33,D,365,8.256167
ladder,6,33,D,366,8.254500
ladder,6,33,D,367,8.235000
ladder,6,33,D,368,8.260875
ladder,6,33,D,369,8.219333
ladder,6,33,D,370,8.247458
ladder,6,33,D,371,8.257375
ladder,6,33,D,372,8.257583
ladder,6,33,D,373,8.259541
ladder,6,33,D,374,8.213167
ladder,6,33,D,375,8.283041
ladder,6,33,D,376,8.306417
ladder,6,33,D,377,8.240125
ladder,6,33,D,378,8.280917
ladder,6,33,D,379,8.244291
ladder,6,33,D,380,8.269375
ladder,6,33,D,381,8.238708
ladder,6,33,D,382,8.317917
ladder,6,33,D,383,8.250292
ladder,6,33,D,384,8.303500
ladder,6,33,D,385,8.253875
ladder,6,33,D,386,8.272250
ladder,6,33,D,387,8.240292
ladder,6,33,D,388,8.293959
ladder,6,33,D,389,8.235708
ladder,6,33,D,390,8.276500
ladder,6,33,D,391,8.303875
ladder,6,33,D,392,8.273083
ladder,6,33,D,393,8.246875
ladder,6,33,D,394,8.290500
ladder,6,33,D,395,8.230500
ladder,6,33,D,396,8.302667
ladder,6,33,D,397,8.237083
ladder,6,33,D,398,8.290541
ladder,6,33,D,399,8.274292
ladder,6,33,D,400,8.288875
ladder,6,33,D,401,8.241875
ladder,6,33,D,402,8.298458
ladder,6,33,D,403,8.245875
ladder,6,33,D,404,8.292709
ladder,6,33,D,405,8.233459
ladder,6,33,D,406,8.263500
ladder,6,33,D,407,8.273375
ladder,6,33,D,408,8.262709
ladder,6,33,D,409,8.237291
ladder,6,33,D,410,8.272792
ladder,6,33,D,411,8.235625
ladder,6,33,D,412,8.288083
ladder,6,33,D,413,8.241041
ladder,6,33,D,414,8.266458
ladder,6,33,D,415,8.255458
ladder,6,33,D,416,8.283417
ladder,6,33,D,417,8.235541
ladder,6,33,D,418,8.288875
ladder,6,33,D,419,8.281542
ladder,6,33,D,420,8.293583
ladder,6,33,D,421,8.253708
ladder,6,33,D,422,8.263083
ladder,6,33,D,423,8.263250
ladder,6,33,D,424,8.277416
ladder,6,33,D,425,8.266834
ladder,6,33,D,426,8.319958
ladder,6,33,D,427,8.265875
ladder,6,33,D,428,8.276000
ladder,6,33,D,429,8.267291
ladder,6,33,D,430,8.310542
ladder,6,33,D,431,8.234583
ladder,6,33,D,432,8.274792
ladder,6,33,D,433,8.261791
ladder,6,33,D,434,8.321750
ladder,6,33,D,435,8.261000
ladder,6,33,D,436,8.306833
ladder,6,33,D,437,8.267584
ladder,6,33,D,438,8.259334
ladder,6,33,D,439,8.305125
ladder,6,33,D,440,8.273333
ladder,6,33,D,441,8.254583
ladder,6,33,D,442,8.280042
ladder,6,33,D,443,8.296000
ladder,6,33,D,444,8.273375
ladder,6,33,D,445,8.254750
ladder,6,33,D,446,8.294583
ladder,6,33,D,447,8.253167
ladder,6,33,D,448,8.309791
ladder,6,33,D,449,8.267500
ladder,6,33,D,450,8.238083
ladder,6,33,D,451,8.282792
ladder,6,33,D,452,8.249834
ladder,6,33,D,453,8.241125
ladder,6,33,D,454,8.248292
ladder,6,33,D,455,8.339375
ladder,6,33,D,456,8.278166
ladder,6,33,D,457,8.289417
ladder,6,33,D,458,8.276250
ladder,6,33,D,459,8.310750
ladder,6,33,D,460,8.238750
ladder,6,33,D,461,8.262334
ladder,6,33,D,462,8.239500
ladder,6,33,D,463,8.369708
ladder,6,33,D,464,8.265917
ladder,6,33,D,465,8.299625
ladder,6,33,D,466,8.284583
ladder,6,33,D,467,8.298000
ladder,6,33,D,468,8.261583
ladder,6,33,D,469,8.297250
ladder,6,33,D,470,8.355584
ladder,6,33,D,471,8.273084
ladder,6,33,D,472,8.257875
ladder,6,33,D,473,8.252917
ladder,6,33,D,474,8.250583
ladder,6,33,D,475,8.270042
ladder,6,33,D,476,8.264709
ladder,6,33,D,477,8.273334
ladder,6,33,D,478,8.250500
ladder,6,33,D,479,8.261792
ladder,6,33,D,480,8.239042
ladder,6,33,D,481,8.284792
ladder,6,33,D,482,8.266250
ladder,6,33,D,483,8.401750
ladder,6,33,D,484,8.347083
ladder,6,33,D,485,8.243958
ladder,6,33,D,486,8.219791
ladder,6,33,D,487,8.242833
ladder,6,33,D,488,8.194750
ladder,6,33,D,489,8.178458
ladder,6,33,D,490,8.205750
ladder,6,33,D,491,8.247125
ladder,6,33,D,492,8.392250
ladder,6,33,D,493,8.472209
ladder,6,33,D,494,8.254792
ladder,6,33,D,495,8.243542
ladder,6,33,D,496,8.266583
ladder,6,33,D,497,8.336208
ladder,6,33,D,498,8.256917
ladder,6,33,D,499,8.207583
ladder,6,33,D,500,8.259042
ladder,6,33,D,501,8.389167
ladder,6,33,D,502,8.311958
ladder,6,33,D,503,8.377959
ladder,6,33,D,504,8.268083
ladder,6,33,D,505,8.304083
ladder,6,33,D,506,8.288958
ladder,6,33,D,507,8.310084
ladder,6,33,D,508,8.352416
ladder,6,33,D,509,8.344375
ladder,6,33,D,510,8.286875
ladder,6,33,D,511,8.398458
ladder,6,34,D,1,8.267542
ladder,6,34,D,2,8.202166
ladder,6,34,D,3,8.176208
ladder,6,34,D,4,8.196083
ladder,6,34,D,5,8.175042
ladder,6,34,D,6,8.184958
ladder,6,34,D,7,8.110250
ladder,6,34,D,8,8.154708
ladder,6,34,D,9,8.164459
ladder,6,34,D,10,8.197333
ladder,6,34,D,11,8.151125
ladder,6,34,D,12,8.135709
ladder,6,34,D,13,8.228083
ladder,6,34,D,14,8.175334
ladder,6,34,D,15,8.150333
ladder,6,34,D,16,8.182584
ladder,6,34,D,17,8.170291
ladder,6,34,D,18,8.167458
ladder,6,34,D,19,8.137834
ladder,6,34,D,20,8.169833
ladder,6,34,D,21,8.150166
ladder,6,34,D,22,8.139250
ladder,6,34,D,23,8.139166
ladder,6,34,D,24,8.171833
ladder,6,34,D,25,8.144500
ladder,6,34,D,26,8.147417
ladder,6,34,D,27,8.134833
ladder,6,34,D,28,8.130333
ladder,6,34,D,29,8.146875
ladder,6,34,D,30,8.131000
ladder,6,34,D,31,8.163500
ladder,6,34,D,32,8.158625
ladder,6,34,D,33,8.149917
ladder,6,34,D,34,8.140292
ladder,6,34,D,35,8.158167
ladder,6,34,D,36,8.143875
ladder,6,34,D,37,8.152417
ladder,6,34,D,38,8.182000
ladder,6,34,D,39,8.161500
ladder,6,34,D,40,8.130917
ladder,6,34,D,41,8.159542
ladder,6,34,D,42,8.148250
ladder,6,34,D,43,8.130458
ladder,6,34,D,44,8.138916
ladder,6,34,D,45,8.224042
ladder,6,34,D,46,8.139250
ladder,6,34,D,47,8.163583
ladder,6,34,D,48,8.171334
ladder,6,34,D,49,8.157958
ladder,6,34,D,50,8.166750
ladder,6,34,D,51,8.202875
ladder,6,34,D,52,8.151417
ladder,6,34,D,53,8.200084
ladder,6,34,D,54,8.168750
ladder,6,34,D,55,8.181125
ladder,6,34,D,56,8.144667
ladder,6,34,D,57,8.177875
ladder,6,34,D,58,8.147292
ladder,6,34,D,59,8.193917
ladder,6,34,D,60,8.163583
ladder,6,34,D,61,8.249459
ladder,6,34,D,62,8.165459
ladder,6,34,D,63,8.186583
ladder,6,34,D,64,8.159625
ladder,6,34,D,65,8.174250
ladder,6,34,D,66,8.176625
ladder,6,34,D,67,8.177750
ladder,6,34,D,68,8.156709
ladder,6,34,D,69,8.173208
ladder,6,34,D,70,8.170791
ladder,6,34,D,71,8.180208
ladder,6,34,D,72,8.151042
ladder,6,34,D,73,8.144125
ladder,6,34,D,74,8.163084
ladder,6,34,D,75,8.167375
ladder,6,34,D,76,8.170459
ladder,6,34,D,77,8.177750
ladder,6,34,D,78,8.221458
ladder,6,34,D,79,8.254584
ladder,6,34,D,80,8.198917
ladder,6,34,D,81,8.162208
ladder,6,34,D,82,8.174833
ladder,6,34,D,83,8.142792
ladder,6,34,D,84,8.188250
ladder,6,34,D,85,8.159792
ladder,6,34,D,86,8.171375
ladder,6,34,D,87,8.180500
ladder,6,34,D,88,8.191334
ladder,6,34,D,89,8.136291
ladder,6,34,D,90,8.199291
ladder,6,34,D,91,8.148334
ladder,6,34,D,92,8.208792
ladder,6,34,D,93,8.163833
ladder,6,34,D,94,8.200042
ladder,6,34,D,95,8.158333
ladder,6,34,D,96,8.196500
ladder,6,34,D,97,8.180084
ladder,6,34,D,98,8.253458
ladder,6,34,D,99,8.176208
ladder,6,34,D,100,8.201791
ladder,6,34,D,101,8.176458
ladder,6,34,D,102,8.217042
ladder,6,34,D,103,8.160542
ladder,6,34,D,104,8.221625
ladder,6,34,D,105,8.167459
ladder,6,34,D,106,8.194875
ladder,6,34,D,107,8.151958
ladder,6,34,D,108,8.182125
ladder,6,34,D,109,8.280792
ladder,6,34,D,110,8.368500
ladder,6,34,D,111,8.205417
ladder,6,34,D,112,8.198166
ladder,6,34,D,113,8.118500
ladder,6,34,D,114,8.176667
ladder,6,34,D,115,8.259250
ladder,6,34,D,116,8.286041
ladder,6,34,D,117,8.122625
ladder,6,34,D,118,8.172458
ladder,6,34,D,119,8.123458
ladder,6,34,D,120,8.173208
ladder,6,34,D,121,8.091500
ladder,6,34,D,122,8.119042
ladder,6,34,D,123,8.112584
ladder,6,34,D,124,8.152750
ladder,6,34,D,125,8.267292
ladder,6,34,D,126,8.978125
ladder,6,34,D,127,8.392417
ladder,6,34,D,128,8.191625
ladder,6,34,D,129,8.202750
ladder,6,34,D,130,8.311708
ladder,6,34,D,131,8.170834
ladder,6,34,D,132,8.145666
ladder,6,34,D,133,8.102000
ladder,6,34,D,134,8.262792
ladder,6,34,D,135,8.197458
ladder,6,34,D,136,8.197625
ladder,6,34,D,137,8.200666
ladder,6,34,D,138,8.192750
ladder,6,34,D,139,8.224375
ladder,6,34,D,140,8.318500
ladder,6,34,D,141,8.237667
ladder,6,34,D,142,8.217500
ladder,6,34,D,143,8.235667
ladder,6,34,D,144,8.201125
ladder,6,34,D,145,8.181542
ladder,6,34,D,146,8.178709
ladder,6,34,D,147,8.190500
ladder,6,34,D,148,8.184500
ladder,6,34,D,149,8.166792
ladder,6,34,D,150,8.191416
ladder,6,34,D,151,8.188750
ladder,6,34,D,152,8.178209
ladder,6,34,D,153,8.166625
ladder,6,34,D,154,8.165958
ladder,6,34,D,155,8.192875
ladder,6,34,D,156,8.169500
ladder,6,34,D,157,8.193083
ladder,6,34,D,158,8.215334
ladder,6,34,D,159,8.191083
ladder,6,34,D,160,8.174500
ladder,6,34,D,161,8.241375
ladder,6,34,D,162,8.178750
ladder,6,34,D,163,8.188875
ladder,6,34,D,164,8.199542
ladder,6,34,D,165,8.168542
ladder,6,34,D,166,8.191000
ladder,6,34,D,167,8.224750
ladder,6,34,D,168,8.178500
ladder,6,34,D,169,8.186292
ladder,6,34,D,170,8.150292
ladder,6,34,D,171,8.213250
ladder,6,34,D,172,8.160834
ladder,6,34,D,173,8.183416
ladder,6,34,D,174,8.173750
ladder,6,34,D,175,8.212042
ladder,6,34,D,176,8.177416
ladder,6,34,D,177,8.219666
ladder,6,34,D,178,8.201958
ladder,6,34,D,179,8.234708
ladder,6,34,D,180,8.182583
ladder,6,34,D,181,8.222334
ladder,6,34,D,182,8.199708
ladder,6,34,D,183,8.216292
ladder,6,34,D,184,8.181916
ladder,6,34,D,185,8.318500
ladder,6,34,D,186,8.170459
ladder,6,34,D,187,8.209292
ladder,6,34,D,188,8.196500
ladder,6,34,D,189,8.197750
ladder,6,34,D,190,8.181083
ladder,6,34,D,191,8.213000
ladder,6,34,D,192,8.211584
ladder,6,34,D,193,8.208333
ladder,6,34,D,194,8.262416
ladder,6,34,D,195,8.192916
ladder,6,34,D,196,8.204791
ladder,6,34,D,197,8.230500
ladder,6,34,D,198,8.189583
ladder,6,34,D,199,8.210333
ladder,6,34,D,200,8.218166
ladder,6,34,D,201,8.207875
ladder,6,34,D,202,8.214000
ladder,6,34,D,203,8.188916
ladder,6,34,D,204,8.216292
ladder,6,34,D,205,8.178250
ladder,6,34,D,206,8.204542
ladder,6,34,D,207,8.172167
ladder,6,34,D,208,8.201750
ladder,6,34,D,209,8.199625
ladder,6,34,D,210,8.222792
ladder,6,34,D,211,8.193916
ladder,6,34,D,212,8.214334
ladder,6,34,D,213,8.157167
ladder,6,34,D,214,8.217208
ladder,6,34,D,215,8.208833
ladder,6,34,D,216,8.224958
ladder,6,34,D,217,8.216125
ladder,6,34,D,218,8.160917
ladder,6,34,D,219,8.175667
ladder,6,34,D,220,8.275250
ladder,6,34,D,221,8.221000
ladder,6,34,D,222,8.154333
ladder,6,34,D,223,8.131625
ladder,6,34,D,224,8.185333
ladder,6,34,D,225,8.236958
ladder,6,34,D,226,8.155625
ladder,6,34,D,227,8.197750
ladder,6,34,D,228,8.241500
ladder,6,34,D,229,8.278750
ladder,6,34,D,230,8.401750
ladder,6,34,D,231,8.146000
ladder,6,34,D,232,8.291833
ladder,6,34,D,233,8.214625
ladder,6,34,D,234,8.259958
ladder,6,34,D,235,8.114375
ladder,6,34,D,236,8.168834
ladder,6,34,D,237,8.113209
ladder,6,34,D,238,8.324834
ladder,6,34,D,239,8.240375
ladder,6,34,D,240,8.214167
ladder,6,34,D,241,8.176541
ladder,6,34,D,242,8.262917
ladder,6,34,D,243,8.215500
ladder,6,34,D,244,8.268917
ladder,6,34,D,245,8.260875
ladder,6,34,D,246,8.234833
ladder,6,34,D,247,8.176541
ladder,6,34,D,248,8.215625
ladder,6,34,D,249,8.208875
ladder,6,34,D,250,8.276833
ladder,6,34,D,251,8.244958
ladder,6,34,D,252,8.237708
ladder,6,34,D,253,8.219958
ladder,6,34,D,254,8.200916
ladder,6,34,D,255,8.253333
ladder,6,34,D,256,8.988666
ladder,6,34,D,257,8.304333
ladder,6,34,D,258,8.265000
ladder,6,34,D,259,8.224209
ladder,6,34,D,260,8.247959
ladder,6,34,D,261,8.248583
ladder,6,34,D,262,8.239375
ladder,6,34,D,263,8.212750
ladder,6,34,D,264,8.235916
ladder,6,34,D,265,8.194917
ladder,6,34,D,266,8.196750
ladder,6,34,D,267,8.211167
ladder,6,34,D,268,8.236500
ladder,6,34,D,269,8.200750
ladder,6,34,D,270,8.221833
ladder,6,34,D,271,8.199792
ladder,6,34,D,272,8.207042
ladder,6,34,D,273,8.215417
ladder,6,34,D,274,8.182916
ladder,6,34,D,275,8.250292
ladder,6,34,D,276,8.225208
ladder,6,34,D,277,8.205958
ladder,6,34,D,278,8.186500
ladder,6,34,D,279,8.213833
ladder,6,34,D,280,8.201750
ladder,6,34,D,281,8.155917
ladder,6,34,D,282,8.248000
ladder,6,34,D,283,8.194750
ladder,6,34,D,284,8.213708
ladder,6,34,D,285,8.225750
ladder,6,34,D,286,8.250125
ladder,6,34,D,287,8.210000
ladder,6,34,D,288,8.228750
ladder,6,34,D,289,8.197000
ladder,6,34,D,290,8.231833
ladder,6,34,D,291,8.236917
ladder,6,34,D,292,8.223291
ladder,6,34,D,293,8.233375
ladder,6,34,D,294,8.198542
ladder,6,34,D,295,8.238125
ladder,6,34,D,296,8.219250
ladder,6,34,D,297,8.277083
ladder,6,34,D,298,8.203917
ladder,6,34,D,299,8.269791
ladder,6,34,D,300,8.244958
ladder,6,34,D,301,8.294500
ladder,6,34,D,302,8.221625
ladder,6,34,D,303,8.268750
ladder,6,34,D,304,8.216583
ladder,6,34,D,305,8.249208
ladder,6,34,D,306,8.212875
ladder,6,34,D,307,8.286375
ladder,6,34,D,308,8.209125
ladder,6,34,D,309,8.276458
ladder,6,34,D,310,8.214750
ladder,6,34,D,311,8.264917
ladder,6,34,D,312,8.210458
ladder,6,34,D,313,8.281750
ladder,6,34,D,314,8.201875
ladder,6,34,D,315,8.282000
ladder,6,34,D,316,8.242833
ladder,6,34,D,317,8.280583
ladder,6,34,D,318,8.222917
ladder,6,34,D,319,8.287917
ladder,6,34,D,320,8.221250
ladder,6,34,D,321,8.258500
ladder,6,34,D,322,8.270916
ladder,6,34,D,323,8.240458
ladder,6,34,D,324,8.253417
ladder,6,34,D,325,8.257708
ladder,6,34,D,326,8.210042
ladder,6,34,D,327,8.263000
ladder,6,34,D,328,8.226667
ladder,6,34,D,329,8.245625
ladder,6,34,D,330,8.217083
ladder,6,34,D,331,8.240000
ladder,6,34,D,332,8.277500
ladder,6,34,D,333,8.255834
ladder,6,34,D,334,8.209000
ladder,6,34,D,335,8.273333
ladder,6,34,D,336,8.252583
ladder,6,34,D,337,8.284000
ladder,6,34,D,338,8.235875
ladder,6,34,D,339,8.269083
ladder,6,34,D,340,8.246959
ladder,6,34,D,341,8.267791
ladder,6,34,D,342,8.244084
ladder,6,34,D,343,8.273916
ladder,6,34,D,344,8.235125
ladder,6,34,D,345,8.261666
ladder,6,34,D,346,8.263042
ladder,6,34,D,347,8.252167
ladder,6,34,D,348,8.250667
ladder,6,34,D,349,8.252916
ladder,6,34,D,350,8.262041
ladder,6,34,D,351,8.277375
ladder,6,34,D,352,8.240292
ladder,6,34,D,353,8.257208
ladder,6,34,D,354,8.266875
ladder,6,34,D,355,8.268375
ladder,6,34,D,356,8.249209
ladder,6,34,D,357,8.232667
ladder,6,34,D,358,8.260791
ladder,6,34,D,359,8.264791
ladder,6,34,D,360,8.201750
ladder,6,34,D,361,8.266792
ladder,6,34,D,362,8.226208
ladder,6,34,D,363,8.267500
ladder,6,34,D,364,8.259291
ladder,6,34,D,365,8.258917
ladder,6,34,D,366,8.261917
ladder,6,34,D,367,8.241916
ladder,6,34,D,368,8.262834
ladder,6,34,D,369,8.271542
ladder,6,34,D,370,8.254084
ladder,6,34,D,371,8.250583
ladder,6,34,D,372,8.272584
ladder,6,34,D,373,8.254416
ladder,6,34,D,374,8.258875
ladder,6,34,D,375,8.199917
ladder,6,34,D,376,8.265708
ladder,6,34,D,377,8.235125
ladder,6,34,D,378,8.264417
ladder,6,34,D,379,8.244625
ladder,6,34,D,380,8.281916
ladder,6,34,D,381,8.232666
ladder,6,34,D,382,8.249500
ladder,6,34,D,383,8.291292
ladder,6,34,D,384,8.236375
ladder,6,34,D,385,8.336542
ladder,6,34,D,386,8.345292
ladder,6,34,D,387,8.304708
ladder,6,34,D,388,8.240666
ladder,6,34,D,389,8.251792
ladder,6,34,D,390,8.279041
ladder,6,34,D,391,8.228000
ladder,6,34,D,392,8.240583
ladder,6,34,D,393,8.239709
ladder,6,34,D,394,8.248000
ladder,6,34,D,395,8.271709
ladder,6,34,D,396,8.277625
ladder,6,34,D,397,8.234584
ladder,6,34,D,398,8.257666
ladder,6,34,D,399,8.255334
ladder,6,34,D,400,8.254500
ladder,6,34,D,401,8.231208
ladder,6,34,D,402,8.258333
ladder,6,34,D,403,8.239083
ladder,6,34,D,404,8.240584
ladder,6,34,D,405,8.249792
ladder,6,34,D,406,8.254792
ladder,6,34,D,407,8.256250
ladder,6,34,D,408,8.227875
ladder,6,34,D,409,8.230375
ladder,6,34,D,410,8.255166
ladder,6,34,D,411,8.253458
ladder,6,34,D,412,8.312375
ladder,6,34,D,413,8.256875
ladder,6,34,D,414,8.322833
ladder,6,34,D,415,8.241708
ladder,6,34,D,416,8.317583
ladder,6,34,D,417,8.247250
ladder,6,34,D,418,8.320375
ladder,6,34,D,419,8.251208
ladder,6,34,D,420,8.267125
ladder,6,34,D,421,8.257375
ladder,6,34,D,422,8.330334
ladder,6,34,D,423,8.275625
ladder,6,34,D,424,8.369375
ladder,6,34,D,425,8.243584
ladder,6,34,D,426,8.393375
ladder,6,34,D,427,8.255291
ladder,6,34,D,428,8.296167
ladder,6,34,D,429,8.283667
ladder,6,34,D,430,8.294958
ladder,6,34,D,431,8.262667
ladder,6,34,D,432,8.345083
ladder,6,34,D,433,8.246084
ladder,6,34,D,434,8.298166
ladder,6,34,D,435,8.342042
ladder,6,34,D,436,8.308542
ladder,6,34,D,437,8.250333
ladder,6,34,D,438,8.292459
ladder,6,34,D,439,8.276459
ladder,6,34,D,440,8.417375
ladder,6,34,D,441,8.236375
ladder,6,34,D,442,8.413292
ladder,6,34,D,443,8.266583
ladder,6,34,D,444,8.410458
ladder,6,34,D,445,8.294625
ladder,6,34,D,446,8.361917
ladder,6,34,D,447,8.248500
ladder,6,34,D,448,8.403833
ladder,6,34,D,449,8.252666
ladder,6,34,D,450,8.404083
ladder,6,34,D,451,8.257708
ladder,6,34,D,452,8.408042
ladder,6,34,D,453,8.248208
ladder,6,34,D,454,8.343042
ladder,6,34,D,455,8.247167
ladder,6,34,D,456,8.281834
ladder,6,34,D,457,8.268084
ladder,6,34,D,458,8.311167
ladder,6,34,D,459,8.271333
ladder,6,34,D,460,8.309209
ladder,6,34,D,461,8.286750
ladder,6,34,D,462,8.314417
ladder,6,34,D,463,8.269666
ladder,6,34,D,464,8.308667
ladder,6,34,D,465,8.302750
ladder,6,34,D,466,8.270291
ladder,6,34,D,467,8.283250
ladder,6,34,D,468,8.286833
ladder,6,34,D,469,8.320084
ladder,6,34,D,470,8.309709
ladder,6,34,D,471,8.287417
ladder,6,34,D,472,8.296250
ladder,6,34,D,473,8.280625
ladder,6,34,D,474,8.312209
ladder,6,34,D,475,8.263958
ladder,6,34,D,476,8.282125
ladder,6,34,D,477,8.277000
ladder,6,34,D,478,8.302500
ladder,6,34,D,479,8.294541
ladder,6,34,D,480,8.298708
ladder,6,34,D,481,8.269334
ladder,6,34,D,482,8.326417
ladder,6,34,D,483,8.264458
ladder,6,34,D,484,8.325167
ladder,6,34,D,485,8.298000
ladder,6,34,D,486,8.298750
ladder,6,34,D,487,8.264625
ladder,6,34,D,488,8.365625
ladder,6,34,D,489,8.261250
ladder,6,34,D,490,8.340542
ladder,6,34,D,491,8.274458
ladder,6,34,D,492,8.336125
ladder,6,34,D,493,8.288458
ladder,6,34,D,494,8.312625
ladder,6,34,D,495,8.293208
ladder,6,34,D,496,8.319542
ladder,6,34,D,497,8.269875
ladder,6,34,D,498,8.311042
ladder,6,34,D,499,8.316375
ladder,6,34,D,500,8.296000
ladder,6,34,D,501,8.281792
ladder,6,34,D,502,8.305416
ladder,6,34,D,503,8.291250
ladder,6,34,D,504,8.305791
ladder,6,34,D,505,8.295166
ladder,6,34,D,506,8.280334
ladder,6,34,D,507,8.300209
ladder,6,34,D,508,8.293709
ladder,6,34,D,509,8.289750
ladder,6,34,D,510,8.286709
ladder,6,34,D,511,8.260042
ladder,6,35,A,1,8.270167
ladder,6,35,A,2,8.200042
ladder,6,35,A,3,8.143542
ladder,6,35,A,4,8.178625
ladder,6,35,A,5,8.110167
ladder,6,35,A,6,8.162333
ladder,6,35,A,7,8.116667
ladder,6,35,A,8,8.163167
ladder,6,35,A,9,8.138958
ladder,6,35,A,10,8.143583
ladder,6,35,A,11,8.134000
ladder,6,35,A,12,8.182333
ladder,6,35,A,13,8.099958
ladder,6,35,A,14,8.140792
ladder,6,35,A,15,8.126709
ladder,6,35,A,16,8.141875
ladder,6,35,A,17,8.111166
ladder,6,35,A,18,8.126292
ladder,6,35,A,19,8.120292
ladder,6,35,A,20,8.137791
ladder,6,35,A,21,8.115042
ladder,6,35,A,22,8.146792
ladder,6,35,A,23,8.138750
ladder,6,35,A,24,8.122417
ladder,6,35,A,25,8.112375
ladder,6,35,A,26,8.121250
ladder,6,35,A,27,8.108042
ladder,6,35,A,28,8.086916
ladder,6,35,A,29,8.145709
ladder,6,35,A,30,8.117000
ladder,6,35,A,31,8.124041
ladder,6,35,A,32,8.179250
ladder,6,35,A,33,8.132709
ladder,6,35,A,34,8.115416
ladder,6,35,A,35,8.154334
ladder,6,35,A,36,8.127334
ladder,6,35,A,37,8.178291
ladder,6,35,A,38,8.126417
ladder,6,35,A,39,8.165292
ladder,6,35,A,40,8.120458
ladder,6,35,A,41,8.165125
ladder,6,35,A,42,8.185125
ladder,6,35,A,43,8.211667
ladder,6,35,A,44,8.126959
ladder,6,35,A,45,8.153166
ladder,6,35,A,46,8.127166
ladder,6,35,A,47,8.172334
ladder,6,35,A,48,8.114584
ladder,6,35,A,49,8.142000
ladder,6,35,A,50,8.143042
ladder,6,35,A,51,8.145875
ladder,6,35,A,52,8.111041
ladder,6,35,A,53,8.146000
ladder,6,35,A,54,8.133209
ladder,6,35,A,55,8.151875
ladder,6,35,A,56,8.148500
ladder,6,35,A,57,8.133209
ladder,6,35,A,58,8.134041
ladder,6,35,A,59,8.141125
ladder,6,35,A,60,8.149583
ladder,6,35,A,61,8.188083
ladder,6,35,A,62,8.116292
ladder,6,35,A,63,8.145666
ladder,6,35,A,64,8.115792
ladder,6,35,A,65,8.127292
ladder,6,35,A,66,8.143959
ladder,6,35,A,67,8.132958
ladder,6,35,A,68,8.134167
ladder,6,35,A,69,8.125042
ladder,6,35,A,70,8.129750
ladder,6,35,A,71,8.104833
ladder,6,35,A,72,8.120291
ladder,6,35,A,73,8.202458
ladder,6,35,A,74,8.145750
ladder,6,35,A,75,8.126292
ladder,6,35,A,76,8.122625
ladder,6,35,A,77,8.099708
ladder,6,35,A,78,8.153208
ladder,6,35,A,79,8.146041
ladder,6,35,A,80,8.122125
ladder,6,35,A,81,8.150959
ladder,6,35,A,82,8.149375
ladder,6,35,A,83,8.114625
ladder,6,35,A,84,8.161125
ladder,6,35,A,85,8.126958
ladder,6,35,A,86,8.158250
ladder,6,35,A,87,8.136750
ladder,6,35,A,88,8.113750
ladder,6,35,A,89,8.115708
ladder,6,35,A,90,8.121500
ladder,6,35,A,91,8.205334
ladder,6,35,A,92,8.313125
ladder,6,35,A,93,8.178958
ladder,6,35,A,94,8.169916
ladder,6,35,A,95,8.138042
ladder,6,35,A,96,8.178542
ladder,6,35,A,97,8.120041
ladder,6,35,A,98,8.179542
ladder,6,35,A,99,8.144417
ladder,6,35,A,100,8.150041
ladder,6,35,A,101,8.144334
ladder,6,35,A,102,8.171000
ladder,6,35,A,103,8.142667
ladder,6,35,A,104,8.219167
ladder,6,35,A,105,8.139417
ladder,6,35,A,106,8.146250
ladder,6,35,A,107,8.148834
ladder,6,35,A,108,8.137542
ladder,6,35,A,109,8.139083
ladder,6,35,A,110,8.159209
ladder,6,35,A,111,8.141875
ladder,6,35,A,112,8.144000
ladder,6,35,A,113,8.135667
ladder,6,35,A,114,8.138916
ladder,6,35,A,115,8.157667
ladder,6,35,A,116,8.131000
ladder,6,35,A,117,8.149833
ladder,6,35,A,118,8.123666
ladder,6,35,A,119,8.161916
ladder,6,35,A,120,8.131333
ladder,6,35,A,121,8.180667
ladder,6,35,A,122,8.225750
ladder,6,35,A,123,8.273334
ladder,6,35,A,124,8.263875
ladder,6,35,A,125,8.202000
ladder,6,35,A,126,8.245250
ladder,6,35,A,127,8.173083
ladder,6,35,A,128,8.186708
ladder,6,35,A,129,8.170000
ladder,6,35,A,130,8.142542
ladder,6,35,A,131,8.098458
ladder,6,35,A,132,8.201084
ladder,6,35,A,133,8.309291
ladder,6,35,A,134,8.141709
ladder,6,35,A,135,8.143042
ladder,6,35,A,136,8.249792
ladder,6,35,A,137,8.183666
ladder,6,35,A,138,8.090708
ladder,6,35,A,139,8.137250
ladder,6,35,A,140,8.080417
ladder,6,35,A,141,8.154042
ladder,6,35,A,142,8.206458
ladder,6,35,A,143,8.734167
ladder,6,35,A,144,8.464209
ladder,6,35,A,145,8.231291
ladder,6,35,A,146,8.166042
ladder,6,35,A,147,8.264500
ladder,6,35,A,148,8.144292
ladder,6,35,A,149,8.161000
ladder,6,35,A,150,8.105500
ladder,6,35,A,151,8.286625
ladder,6,35,A,152,8.242333
ladder,6,35,A,153,8.242250
ladder,6,35,A,154,8.167916
ladder,6,35,A,155,8.224542
ladder,6,35,A,156,8.132208
ladder,6,35,A,157,8.175875
ladder,6,35,A,158,8.164500
ladder,6,35,A,159,8.178542
ladder,6,35,A,160,8.169250
ladder,6,35,A,161,8.202917
ladder,6,35,A,162,8.174417
ladder,6,35,A,163,8.172958
ladder,6,35,A,164,8.195208
ladder,6,35,A,165,8.200166
ladder,6,35,A,166,8.156167
ladder,6,35,A,167,8.176750
ladder,6,35,A,168,8.169875
ladder,6,35,A,169,8.168459
ladder,6,35,A,170,8.164541
ladder,6,35,A,171,8.178709
ladder,6,35,A,172,8.195500
ladder,6,35,A,173,8.158500
ladder,6,35,A,174,8.184917
ladder,6,35,A,175,8.164667
ladder,6,35,A,176,8.204083
ladder,6,35,A,177,8.143084
ladder,6,35,A,178,8.147333
ladder,6,35,A,179,8.173834
ladder,6,35,A,180,8.166708
ladder,6,35,A,181,8.153125
ladder,6,35,A,182,8.163291
ladder,6,35,A,183,8.158292
ladder,6,35,A,184,8.223041
ladder,6,35,A,185,8.170833
ladder,6,35,A,186,8.163041
ladder,6,35,A,187,8.203417
ladder,6,35,A,188,8.197500
ladder,6,35,A,189,8.135375
ladder,6,35,A,190,8.154958
ladder,6,35,A,191,8.151625
ladder,6,35,A,192,8.164292
ladder,6,35,A,193,8.183459
ladder,6,35,A,194,8.174792
ladder,6,35,A,195,8.234958
ladder,6,35,A,196,8.182291
ladder,6,35,A,197,8.166208
ladder,6,35,A,198,8.188375
ladder,6,35,A,199,8.134834
ladder,6,35,A,200,8.173125
ladder,6,35,A,201,8.151959
ladder,6,35,A,202,8.181958
ladder,6,35,A,203,8.149750
ladder,6,35,A,204,8.163792
ladder,6,35,A,205,8.169125
ladder,6,35,A,206,8.165750
ladder,6,35,A,207,8.149708
ladder,6,35,A,208,8.160334
ladder,6,35,A,209,8.156541
ladder,6,35,A,210,8.153125
ladder,6,35,A,211,8.148833
ladder,6,35,A,212,8.204667
ladder,6,35,A,213,8.158875
ladder,6,35,A,214,8.156250
ladder,6,35,A,215,8.151666
ladder,6,35,A,216,8.172792
ladder,6,35,A,217,8.161333
ladder,6,35,A,218,8.178833
ladder,6,35,A,219,8.181834
ladder,6,35,A,220,8.194583
ladder,6,35,A,221,8.192250
ladder,6,35,A,222,8.190250
ladder,6,35,A,223,8.155542
ladder,6,35,A,224,8.170791
ladder,6,35,A,225,8.177666
ladder,6,35,A,226,8.162333
ladder,6,35,A,227,8.228709
ladder,6,35,A,228,8.180708
ladder,6,35,A,229,8.176500
ladder,6,35,A,230,8.172958
ladder,6,35,A,231,8.170500
ladder,6,35,A,232,8.169583
ladder,6,35,A,233,8.192208
ladder,6,35,A,234,8.165709
ladder,6,35,A,235,8.201083
ladder,6,35,A,236,8.166958
ladder,6,35,A,237,8.216000
ladder,6,35,A,238,8.169667
ladder,6,35,A,239,8.215667
ladder,6,35,A,240,8.208000
ladder,6,35,A,241,8.203375
ladder,6,35,A,242,8.165834
ladder,6,35,A,243,8.234833
ladder,6,35,A,244,8.179208
ladder,6,35,A,245,8.220375
ladder,6,35,A,246,8.161542
ladder,6,35,A,247,8.233834
ladder,6,35,A,248,8.173917
ladder,6,35,A,249,8.214542
ladder,6,35,A,250,8.165792
ladder,6,35,A,251,8.257541
ladder,6,35,A,252,8.168833
ladder,6,35,A,253,8.230500
ladder,6,35,A,254,8.162000
ladder,6,35,A,255,8.246667
ladder,6,35,A,256,8.957459
ladder,6,35,A,257,8.328750
ladder,6,35,A,258,8.181833
ladder,6,35,A,259,8.229291
ladder,6,35,A,260,8.168292
ladder,6,35,A,261,8.227291
ladder,6,35,A,262,8.179125
ladder,6,35,A,263,8.212125
ladder,6,35,A,264,8.159083
ladder,6,35,A,265,8.206083
ladder,6,35,A,266,8.160458
ladder,6,35,A,267,8.209292
ladder,6,35,A,268,8.176375
ladder,6,35,A,269,8.208125
ladder,6,35,A,270,8.174250
ladder,6,35,A,271,8.283958
ladder,6,35,A,272,8.210209
ladder,6,35,A,273,8.212709
ladder,6,35,A,274,8.201667
ladder,6,35,A,275,8.197375
ladder,6,35,A,276,8.188208
ladder,6,35,A,277,8.218375
ladder,6,35,A,278,8.158958
ladder,6,35,A,279,8.219958
ladder,6,35,A,280,8.187917
ladder,6,35,A,281,8.225375
ladder,6,35,A,282,8.206833
ladder,6,35,A,283,8.211041
ladder,6,35,A,284,8.187542
ladder,6,35,A,285,8.220166
ladder,6,35,A,286,8.199792
ladder,6,35,A,287,8.217250
ladder,6,35,A,288,8.206291
ladder,6,35,A,289,8.228917
ladder,6,35,A,290,8.201167
ladder,6,35,A,291,8.209584
ladder,6,35,A,292,8.205167
ladder,6,35,A,293,8.201875
ladder,6,35,A,294,8.189417
ladder,6,35,A,295,8.182541
ladder,6,35,A,296,8.271333
ladder,6,35,A,297,8.168917
ladder,6,35,A,298,8.203333
ladder,6,35,A,299,8.190875
ladder,6,35,A,300,8.248958
ladder,6,35,A,301,8.183667
ladder,6,35,A,302,8.228000
ladder,6,35,A,303,8.211708
ladder,6,35,A,304,8.221875
ladder,6,35,A,305,8.181542
ladder,6,35,A,306,8.232167
ladder,6,35,A,307,8.192750
ladder,6,35,A,308,8.222375
ladder,6,35,A,309,8.220750
ladder,6,35,A,310,8.212583
ladder,6,35,A,311,8.176292
ladder,6,35,A,312,8.209250
ladder,6,35,A,313,8.192125
ladder,6,35,A,314,8.199000
ladder,6,35,A,315,8.182042
ladder,6,35,A,316,8.203583
ladder,6,35,A,317,8.179709
ladder,6,35,A,318,8.201917
ladder,6,35,A,319,8.191458
ladder,6,35,A,320,8.218625
ladder,6,35,A,321,8.276750
ladder,6,35,A,322,8.216292
ladder,6,35,A,323,8.203708
ladder,6,35,A,324,8.297000
ladder,6,35,A,325,8.173125
ladder,6,35,A,326,8.202666
ladder,6,35,A,327,8.215083
ladder,6,35,A,328,8.245125
ladder,6,35,A,329,8.210750
ladder,6,35,A,330,8.208125
ladder,6,35,A,331,8.208458
ladder,6,35,A,332,8.197000
ladder,6,35,A,333,8.190459
ladder,6,35,A,334,8.230750
ladder,6,35,A,335,8.194833
ladder,6,35,A,336,8.208583
ladder,6,35,A,337,8.225709
ladder,6,35,A,338,8.324042
ladder,6,35,A,339,8.199334
ladder,6,35,A,340,8.228833
ladder,6,35,A,341,8.195500
ladder,6,35,A,342,8.234250
ladder,6,35,A,343,8.196708
ladder,6,35,A,344,8.246459
ladder,6,35,A,345,8.206000
ladder,6,35,A,346,8.252667
ladder,6,35,A,347,8.193917
ladder,6,35,A,348,8.254292
ladder,6,35,A,349,8.237042
ladder,6,35,A,350,8.246167
ladder,6,35,A,351,8.208666
ladder,6,35,A,352,8.229500
ladder,6,35,A,353,8.220916
ladder,6,35,A,354,8.247958
ladder,6,35,A,355,8.269709
ladder,6,35,A,356,8.238083
ladder,6,35,A,357,8.221166
ladder,6,35,A,358,8.240208
ladder,6,35,A,359,8.223167
ladder,6,35,A,360,8.235667
ladder,6,35,A,361,8.219750
ladder,6,35,A,362,8.258333
ladder,6,35,A,363,8.219875
ladder,6,35,A,364,8.227209
ladder,6,35,A,365,8.250208
ladder,6,35,A,366,8.247000
ladder,6,35,A,367,8.228875
ladder,6,35,A,368,8.219500
ladder,6,35,A,369,8.242500
ladder,6,35,A,370,8.232917
ladder,6,35,A,371,8.250709
ladder,6,35,A,372,8.202000
ladder,6,35,A,373,8.231541
ladder,6,35,A,374,8.209167
ladder,6,35,A,375,8.252917
ladder,6,35,A,376,8.234083
ladder,6,35,A,377,8.222334
ladder,6,35,A,378,8.204542
ladder,6,35,A,379,8.270750
ladder,6,35,A,380,8.226125
ladder,6,35,A,381,8.259917
ladder,6,35,A,382,8.201000
ladder,6,35,A,383,8.247375
ladder,6,35,A,384,8.203708
ladder,6,35,A,385,8.272292
ladder,6,35,A,386,8.187375
ladder,6,35,A,387,8.278125
ladder,6,35,A,388,8.226000
ladder,6,35,A,389,8.252250
ladder,6,35,A,390,8.229375
ladder,6,35,A,391,8.253042
ladder,6,35,A,392,8.215375
ladder,6,35,A,393,8.281125
ladder,6,35,A,394,8.206541
ladder,6,35,A,395,8.257000
ladder,6,35,A,396,8.214708
ladder,6,35,A,397,8.269416
ladder,6,35,A,398,8.197417
ladder,6,35,A,399,8.260125
ladder,6,35,A,400,8.209042
ladder,6,35,A,401,8.276708
ladder,6,35,A,402,8.217000
ladder,6,35,A,403,8.276000
ladder,6,35,A,404,8.326750
ladder,6,35,A,405,8.335667
ladder,6,35,A,406,8.202792
ladder,6,35,A,407,8.271833
ladder,6,35,A,408,8.221750
ladder,6,35,A,409,8.278167
ladder,6,35,A,410,8.233667
ladder,6,35,A,411,8.259875
ladder,6,35,A,412,8.216459
ladder,6,35,A,413,8.255291
ladder,6,35,A,414,8.230708
ladder,6,35,A,415,8.270875
ladder,6,35,A,416,8.223416
ladder,6,35,A,417,8.276917
ladder,6,35,A,418,8.243667
ladder,6,35,A,419,8.275125
ladder,6,35,A,420,8.242417
ladder,6,35,A,421,8.288333
ladder,6,35,A,422,8.235250
ladder,6,35,A,423,8.273000
ladder,6,35,A,424,8.239917
ladder,6,35,A,425,8.264625
ladder,6,35,A,426,8.228667
ladder,6,35,A,427,8.289834
ladder,6,35,A,428,8.250000
ladder,6,35,A,429,8.298333
ladder,6,35,A,430,8.214292
ladder,6,35,A,431,8.361542
ladder,6,35,A,432,8.244041
ladder,6,35,A,433,8.229542
ladder,6,35,A,434,8.247666
ladder,6,35,A,435,8.236875
ladder,6,35,A,436,8.248125
ladder,6,35,A,437,8.258834
ladder,6,35,A,438,8.254083
ladder,6,35,A,439,8.247334
ladder,6,35,A,440,8.206334
ladder,6,35,A,441,8.237292
ladder,6,35,A,442,8.252000
ladder,6,35,A,443,8.247083
ladder,6,35,A,444,8.236042
ladder,6,35,A,445,8.236041
ladder,6,35,A,446,8.241167
ladder,6,35,A,447,8.247000
ladder,6,35,A,448,8.227292
ladder,6,35,A,449,8.246917
ladder,6,35,A,450,8.251083
ladder,6,35,A,451,8.238667
ladder,6,35,A,452,8.256375
ladder,6,35,A,453,8.259000
ladder,6,35,A,454,8.232709
ladder,6,35,A,455,8.246125
ladder,6,35,A,456,8.231416
ladder,6,35,A,457,8.244083
ladder,6,35,A,458,8.270667
ladder,6,35,A,459,8.268584
ladder,6,35,A,460,8.277167
ladder,6,35,A,461,8.265041
ladder,6,35,A,462,8.260291
ladder,6,35,A,463,8.255958
ladder,6,35,A,464,8.249541
ladder,6,35,A,465,8.232625
ladder,6,35,A,466,8.274209
ladder,6,35,A,467,8.250625
ladder,6,35,A,468,8.239875
ladder,6,35,A,469,8.237416
ladder,6,35,A,470,8.242125
ladder,6,35,A,471,8.256083
ladder,6,35,A,472,8.254708
ladder,6,35,A,473,8.244125
ladder,6,35,A,474,8.275417
ladder,6,35,A,475,8.245292
ladder,6,35,A,476,8.267125
ladder,6,35,A,477,8.260958
ladder,6,35,A,478,8.278791
ladder,6,35,A,479,8.278959
ladder,6,35,A,480,8.378791
ladder,6,35,A,481,8.417750
ladder,6,35,A,482,8.267833
ladder,6,35,A,483,8.233541
ladder,6,35,A,484,8.272208
ladder,6,35,A,485,8.253250
ladder,6,35,A,486,8.295083
ladder,6,35,A,487,8.241167
ladder,6,35,A,488,8.299000
ladder,6,35,A,489,8.240791
ladder,6,35,A,490,8.296625
ladder,6,35,A,491,8.235875
ladder,6,35,A,492,8.281209
ladder,6,35,A,493,8.242625
ladder,6,35,A,494,8.278791
ladder,6,35,A,495,8.218042
ladder,6,35,A,496,8.339083
ladder,6,35,A,497,8.426500
ladder,6,35,A,498,8.324958
ladder,6,35,A,499,8.243458
ladder,6,35,A,500,8.265708
ladder,6,35,A,501,8.243208
ladder,6,35,A,502,8.195208
ladder,6,35,A,503,8.223666
ladder,6,35,A,504,8.202125
ladder,6,35,A,505,8.376917
ladder,6,35,A,506,8.509833
ladder,6,35,A,507,8.757416
ladder,6,35,A,508,8.229750
ladder,6,35,A,509,8.273459
ladder,6,35,A,510,8.376542
ladder,6,35,A,511,8.299625
ladder,6,36,B,1,8.262000
ladder,6,36,B,2,8.325666
ladder,6,36,B,3,8.154958
ladder,6,36,B,4,8.300292
ladder,6,36,B,5,8.123417
ladder,6,36,B,6,8.328708
ladder,6,36,B,7,8.141709
ladder,6,36,B,8,8.305667
ladder,6,36,B,9,8.141667
ladder,6,36,B,10,8.407083
ladder,6,36,B,11,8.200541
ladder,6,36,B,12,8.215042
ladder,6,36,B,13,8.150958
ladder,6,36,B,14,8.211750
ladder,6,36,B,15,8.117125
ladder,6,36,B,16,8.182292
ladder,6,36,B,17,8.114750
ladder,6,36,B,18,8.169833
ladder,6,36,B,19,8.148875
ladder,6,36,B,20,8.161584
ladder,6,36,B,21,8.150334
ladder,6,36,B,22,8.164000
ladder,6,36,B,23,8.136500
ladder,6,36,B,24,8.135417
ladder,6,36,B,25,8.119208
ladder,6,36,B,26,8.132208
ladder,6,36,B,27,8.112125
ladder,6,36,B,28,8.164792
ladder,6,36,B,29,8.126125
ladder,6,36,B,30,8.143500
ladder,6,36,B,31,8.128125
ladder,6,36,B,32,8.142791
ladder,6,36,B,33,8.144125
ladder,6,36,B,34,8.151667
ladder,6,36,B,35,8.158291
ladder,6,36,B,36,8.138333
ladder,6,36,B,37,8.153959
ladder,6,36,B,38,8.177625
ladder,6,36,B,39,8.163542
ladder,6,36,B,40,8.147083
ladder,6,36,B,41,8.125583
ladder,6,36,B,42,8.117375
ladder,6,36,B,43,8.149959
ladder,6,36,B,44,8.115083
ladder,6,36,B,45,8.149625
ladder,6,36,B,46,8.132042
ladder,6,36,B,47,8.150667
ladder,6,36,B,48,8.156541
ladder,6,36,B,49,8.156375
ladder,6,36,B,50,8.106000
ladder,6,36,B,51,8.213625
ladder,6,36,B,52,8.103459
ladder,6,36,B,53,8.176750
ladder,6,36,B,54,8.112875
ladder,6,36,B,55,8.205542
ladder,6,36,B,56,8.142541
ladder,6,36,B,57,8.172875
ladder,6,36,B,58,8.147167
ladder,6,36,B,59,8.168750
ladder,6,36,B,60,8.180125
ladder,6,36,B,61,8.180625
ladder,6,36,B,62,8.135000
ladder,6,36,B,63,8.176833
ladder,6,36,B,64,8.141292
ladder,6,36,B,65,8.128667
ladder,6,36,B,66,8.135458
ladder,6,36,B,67,8.179583
ladder,6,36,B,68,8.134458
ladder,6,36,B,69,8.156500
ladder,6,36,B,70,8.168125
ladder,6,36,B,71,8.171209
ladder,6,36,B,72,8.147666
ladder,6,36,B,73,8.148084
ladder,6,36,B,74,8.127709
ladder,6,36,B,75,8.223583
ladder,6,36,B,76,8.143917
ladder,6,36,B,77,8.178000
ladder,6,36,B,78,8.148917
ladder,6,36,B,79,8.149292
ladder,6,36,B,80,8.153292
ladder,6,36,B,81,8.148417
ladder,6,36,B,82,8.151459
ladder,6,36,B,83,8.129875
ladder,6,36,B,84,8.146208
ladder,6,36,B,85,8.146750
ladder,6,36,B,86,8.153166
ladder,6,36,B,87,8.118791
ladder,6,36,B,88,8.159584
ladder,6,36,B,89,8.120083
ladder,6,36,B,90,8.163917
ladder,6,36,B,91,8.201291
ladder,6,36,B,92,8.313208
ladder,6,36,B,93,8.168542
ladder,6,36,B,94,8.155666
ladder,6,36,B,95,8.176292
ladder,6,36,B,96,8.176666
ladder,6,36,B,97,8.204708
ladder,6,36,B,98,8.157584
ladder,6,36,B,99,8.157666
ladder,6,36,B,100,8.147458
ladder,6,36,B,101,8.149458
ladder,6,36,B,102,8.147584
ladder,6,36,B,103,8.155834
ladder,6,36,B,104,8.162375
ladder,6,36,B,105,8.175625
ladder,6,36,B,106,8.148458
ladder,6,36,B,107,8.136500
ladder,6,36,B,108,8.166833
ladder,6,36,B,109,8.148792
ladder,6,36,B,110,8.175791
ladder,6,36,B,111,8.141709
ladder,6,36,B,112,8.170750
ladder,6,36,B,113,8.147125
ladder,6,36,B,114,8.142042
ladder,6,36,B,115,8.170750
ladder,6,36,B,116,8.148083
ladder,6,36,B,117,8.118250
ladder,6,36,B,118,8.155625
ladder,6,36,B,119,8.146875
ladder,6,36,B,120,8.142292
ladder,6,36,B,121,8.122875
ladder,6,36,B,122,8.253833
ladder,6,36,B,123,8.329708
ladder,6,36,B,124,8.315458
ladder,6,36,B,125,8.165000
ladder,6,36,B,126,8.141334
ladder,6,36,B,127,8.203208
ladder,6,36,B,128,8.163084
ladder,6,36,B,129,8.151958
ladder,6,36,B,130,8.192250
ladder,6,36,B,131,8.156625
ladder,6,36,B,132,8.153916
ladder,6,36,B,133,8.169291
ladder,6,36,B,134,8.156166
ladder,6,36,B,135,8.147584
ladder,6,36,B,136,8.134958
ladder,6,36,B,137,8.163709
ladder,6,36,B,138,8.170708
ladder,6,36,B,139,8.155167
ladder,6,36,B,140,8.143500
ladder,6,36,B,141,8.162167
ladder,6,36,B,142,8.119625
ladder,6,36,B,143,8.172084
ladder,6,36,B,144,8.141250
ladder,6,36,B,145,8.172542
ladder,6,36,B,146,8.157667
ladder,6,36,B,147,8.211417
ladder,6,36,B,148,8.145833
ladder,6,36,B,149,8.190292
ladder,6,36,B,150,8.158083
ladder,6,36,B,151,8.207333
ladder,6,36,B,152,8.170417
ladder,6,36,B,153,8.235250
ladder,6,36,B,154,8.218750
ladder,6,36,B,155,8.252375
ladder,6,36,B,156,8.105583
ladder,6,36,B,157,8.232375
ladder,6,36,B,158,8.233792
ladder,6,36,B,159,8.198750
ladder,6,36,B,160,8.149291
ladder,6,36,B,161,8.219375
ladder,6,36,B,162,8.138208
ladder,6,36,B,163,8.221625
ladder,6,36,B,164,8.075875
ladder,6,36,B,165,8.139250
ladder,6,36,B,166,8.159208
ladder,6,36,B,167,8.326875
ladder,6,36,B,168,8.309291
ladder,6,36,B,169,8.211500
ladder,6,36,B,170,8.122958
ladder,6,36,B,171,8.198375
ladder,6,36,B,172,8.270334
ladder,6,36,B,173,8.209042
ladder,6,36,B,174,8.127833
ladder,6,36,B,175,8.130125
ladder,6,36,B,176,8.117667
ladder,6,36,B,177,8.387083
ladder,6,36,B,178,8.191875
ladder,6,36,B,179,8.191458
ladder,6,36,B,180,8.174291
ladder,6,36,B,181,8.197334
ladder,6,36,B,182,8.193625
ladder,6,36,B,183,8.204791
ladder,6,36,B,184,8.214750
ladder,6,36,B,185,8.233584
ladder,6,36,B,186,8.216167
ladder,6,36,B,187,8.171041
ladder,6,36,B,188,8.168625
ladder,6,36,B,189,8.183500
ladder,6,36,B,190,8.188250
ladder,6,36,B,191,8.204875
ladder,6,36,B,192,8.197459
ladder,6,36,B,193,8.175042
ladder,6,36,B,194,8.185458
ladder,6,36,B,195,8.193750
ladder,6,36,B,196,8.195250
ladder,6,36,B,197,8.188000
ladder,6,36,B,198,8.221000
ladder,6,36,B,199,8.172416
ladder,6,36,B,200,8.182583
ladder,6,36,B,201,8.166375
ladder,6,36,B,202,8.209708
ladder,6,36,B,203,8.200458
ladder,6,36,B,204,8.212208
ladder,6,36,B,205,8.186292
ladder,6,36,B,206,8.229709
ladder,6,36,B,207,8.175958
ladder,6,36,B,208,8.206416
ladder,6,36,B,209,8.189791
ladder,6,36,B,210,8.241917
ladder,6,36,B,211,8.164625
ladder,6,36,B,212,8.212334
ladder,6,36,B,213,8.168250
ladder,6,36,B,214,8.226250
ladder,6,36,B,215,8.167125
ladder,6,36,B,216,8.253459
ladder,6,36,B,217,8.186458
ladder,6,36,B,218,8.237416
ladder,6,36,B,219,8.262667
ladder,6,36,B,220,8.197458
ladder,6,36,B,221,8.177750
ladder,6,36,B,222,8.194208
ladder,6,36,B,223,8.168958
ladder,6,36,B,224,8.196917
ladder,6,36,B,225,8.177500
ladder,6,36,B,226,8.202000
ladder,6,36,B,227,8.176958
ladder,6,36,B,228,8.176250
ladder,6,36,B,229,8.179792
ladder,6,36,B,230,8.169625
ladder,6,36,B,231,8.170083
ladder,6,36,B,232,8.178500
ladder,6,36,B,233,8.176625
ladder,6,36,B,234,8.170875
ladder,6,36,B,235,8.202541
ladder,6,36,B,236,8.202375
ladder,6,36,B,237,8.182458
ladder,6,36,B,238,8.188708
ladder,6,36,B,239,8.196708
ladder,6,36,B,240,8.218458
ladder,6,36,B,241,8.160083
ladder,6,36,B,242,8.183292
ladder,6,36,B,243,8.161500
ladder,6,36,B,244,8.167833
ladder,6,36,B,245,8.182208
ladder,6,36,B,246,8.172375
ladder,6,36,B,247,8.192084
ladder,6,36,B,248,8.207042
ladder,6,36,B,249,8.168583
ladder,6,36,B,250,8.192042
ladder,6,36,B,251,8.180583
ladder,6,36,B,252,8.190958
ladder,6,36,B,253,8.195209
ladder,6,36,B,254,8.161167
ladder,6,36,B,255,8.176708
ladder,6,36,B,256,8.958250
ladder,6,36,B,257,8.269500
ladder,6,36,B,258,8.216666
ladder,6,36,B,259,8.221500
ladder,6,36,B,260,8.225709
ladder,6,36,B,261,8.228708
ladder,6,36,B,262,8.184916
ladder,6,36,B,263,8.201167
ladder,6,36,B,264,8.189041
ladder,6,36,B,265,8.224167
ladder,6,36,B,266,8.165833
ladder,6,36,B,267,8.206167
ladder,6,36,B,268,8.171916
ladder,6,36,B,269,8.214792
ladder,6,36,B,270,8.210416
ladder,6,36,B,271,8.217750
ladder,6,36,B,272,8.201375
ladder,6,36,B,273,8.200792
ladder,6,36,B,274,8.197833
ladder,6,36,B,275,8.212417
ladder,6,36,B,276,8.197875
ladder,6,36,B,277,8.226209
ladder,6,36,B,278,8.189542
ladder,6,36,B,279,8.241625
ladder,6,36,B,280,8.187750
ladder,6,36,B,281,8.242333
ladder,6,36,B,282,8.189959
ladder,6,36,B,283,8.257959
ladder,6,36,B,284,8.201625
ladder,6,36,B,285,8.255917
ladder,6,36,B,286,8.251042
ladder,6,36,B,287,8.278917
ladder,6,36,B,288,8.191542
ladder,6,36,B,289,8.341083
ladder,6,36,B,290,8.200708
ladder,6,36,B,291,8.269542
ladder,6,36,B,292,8.176042
ladder,6,36,B,293,8.255125
ladder,6,36,B,294,8.203500
ladder,6,36,B,295,8.223834
ladder,6,36,B,296,8.220542
ladder,6,36,B,297,8.224083
ladder,6,36,B,298,8.194375
ladder,6,36,B,299,8.252667
ladder,6,36,B,300,8.210625
ladder,6,36,B,301,8.244125
ladder,6,36,B,302,8.224458
ladder,6,36,B,303,8.244083
ladder,6,36,B,304,8.215209
ladder,6,36,B,305,8.251375
ladder,6,36,B,306,8.220583
ladder,6,36,B,307,8.253458
ladder,6,36,B,308,8.242000
ladder,6,36,B,309,8.234250
ladder,6,36,B,310,8.193125
ladder,6,36,B,311,8.237417
ladder,6,36,B,312,8.182792
ladder,6,36,B,313,8.218292
ladder,6,36,B,314,8.212958
ladder,6,36,B,315,8.238959
ladder,6,36,B,316,8.228542
ladder,6,36,B,317,8.230416
ladder,6,36,B,318,8.201166
ladder,6,36,B,319,8.224833
ladder,6,36,B,320,8.215750
ladder,6,36,B,321,8.231709
ladder,6,36,B,322,8.245000
ladder,6,36,B,323,8.249583
ladder,6,36,B,324,8.217541
ladder,6,36,B,325,8.190416
ladder,6,36,B,326,8.224083
ladder,6,36,B,327,8.235875
ladder,6,36,B,328,8.211958
ladder,6,36,B,329,8.215458
ladder,6,36,B,330,8.217625
ladder,6,36,B,331,8.187042
ladder,6,36,B,332,8.203667
ladder,6,36,B,333,8.239125
ladder,6,36,B,334,8.230500
ladder,6,36,B,335,8.222459
ladder,6,36,B,336,8.226250
ladder,6,36,B,337,8.207000
ladder,6,36,B,338,8.221375
ladder,6,36,B,339,8.198042
ladder,6,36,B,340,8.241750
ladder,6,36,B,341,8.182625
ladder,6,36,B,342,8.247416
ladder,6,36,B,343,8.204208
ladder,6,36,B,344,8.203709
ladder,6,36,B,345,8.196750
ladder,6,36,B,346,8.179792
ladder,6,36,B,347,8.243834
ladder,6,36,B,348,8.232834
ladder,6,36,B,349,8.211458
ladder,6,36,B,350,8.238791
ladder,6,36,B,351,8.212292
ladder,6,36,B,352,8.224500
ladder,6,36,B,353,8.205750
ladder,6,36,B,354,8.238708
ladder,6,36,B,355,8.207417
ladder,6,36,B,356,8.235291
ladder,6,36,B,357,8.200416
ladder,6,36,B,358,8.209292
ladder,6,36,B,359,8.201583
ladder,6,36,B,360,8.235041
ladder,6,36,B,361,8.225041
ladder,6,36,B,362,8.201416
ladder,6,36,B,363,8.199833
ladder,6,36,B,364,8.255625
ladder,6,36,B,365,8.177708
ladder,6,36,B,366,8.219625
ladder,6,36,B,367,8.211000
ladder,6,36,B,368,8.314958
ladder,6,36,B,369,8.212000
ladder,6,36,B,370,8.209917
ladder,6,36,B,371,8.236042
ladder,6,36,B,372,8.242541
ladder,6,36,B,373,8.229916
ladder,6,36,B,374,8.285208
ladder,6,36,B,375,8.256000
ladder,6,36,B,376,8.256708
ladder,6,36,B,377,8.207917
ladder,6,36,B,378,8.245166
ladder,6,36,B,379,8.215291
ladder,6,36,B,380,8.241167
ladder,6,36,B,381,8.231042
ladder,6,36,B,382,8.290084
ladder,6,36,B,383,8.228125
ladder,6,36,B,384,8.277834
ladder,6,36,B,385,8.234792
ladder,6,36,B,386,8.209584
ladder,6,36,B,387,8.206792
ladder,6,36,B,388,8.284292
ladder,6,36,B,389,8.215500
ladder,6,36,B,390,8.248084
ladder,6,36,B,391,8.242334
ladder,6,36,B,392,8.264916
ladder,6,36,B,393,8.260042
ladder,6,36,B,394,8.255417
ladder,6,36,B,395,8.241833
ladder,6,36,B,396,8.283458
ladder,6,36,B,397,8.250959
ladder,6,36,B,398,8.281333
ladder,6,36,B,399,8.243458
ladder,6,36,B,400,8.254833
ladder,6,36,B,401,8.250416
ladder,6,36,B,402,8.291625
ladder,6,36,B,403,8.244291
ladder,6,36,B,404,8.259791
ladder,6,36,B,405,8.242500
ladder,6,36,B,406,8.245625
ladder,6,36,B,407,8.240750
ladder,6,36,B,408,8.241458
ladder,6,36,B,409,8.230167
ladder,6,36,B,410,8.240625
ladder,6,36,B,411,8.263625
ladder,6,36,B,412,8.249500
ladder,6,36,B,413,8.223875
ladder,6,36,B,414,8.244084
ladder,6,36,B,415,8.251792
ladder,6,36,B,416,8.263000
ladder,6,36,B,417,8.251958
ladder,6,36,B,418,8.237875
ladder,6,36,B,419,8.263125
ladder,6,36,B,420,8.248500
ladder,6,36,B,421,8.278250
ladder,6,36,B,422,8.245042
ladder,6,36,B,423,8.229917
ladder,6,36,B,424,8.250709
ladder,6,36,B,425,8.257875
ladder,6,36,B,426,8.235125
ladder,6,36,B,427,8.270959
ladder,6,36,B,428,8.261250
ladder,6,36,B,429,8.279667
ladder,6,36,B,430,8.274709
ladder,6,36,B,431,8.291292
ladder,6,36,B,432,8.236625
ladder,6,36,B,433,8.276542
ladder,6,36,B,434,8.240042
ladder,6,36,B,435,8.281333
ladder,6,36,B,436,8.232208
ladder,6,36,B,437,8.281666
ladder,6,36,B,438,8.218500
ladder,6,36,B,439,8.286584
ladder,6,36,B,440,8.251292
ladder,6,36,B,441,8.287833
ladder,6,36,B,442,8.247667
ladder,6,36,B,443,8.285166
ladder,6,36,B,444,8.244916
ladder,6,36,B,445,8.280625
ladder,6,36,B,446,8.261958
ladder,6,36,B,447,8.272375
ladder,6,36,B,448,8.264667
ladder,6,36,B,449,8.272875
ladder,6,36,B,450,8.257083
ladder,6,36,B,451,8.261208
ladder,6,36,B,452,8.218875
ladder,6,36,B,453,8.291500
ladder,6,36,B,454,8.239625
ladder,6,36,B,455,8.283667
ladder,6,36,B,456,8.213584
ladder,6,36,B,457,8.307166
ladder,6,36,B,458,8.226542
ladder,6,36,B,459,8.306208
ladder,6,36,B,460,8.262417
ladder,6,36,B,461,8.300750
ladder,6,36,B,462,8.238416
ladder,6,36,B,463,8.287750
ladder,6,36,B,464,8.226833
ladder,6,36,B,465,8.274083
ladder,6,36,B,466,8.258375
ladder,6,36,B,467,8.240541
ladder,6,36,B,468,8.235792
ladder,6,36,B,469,8.317208
ladder,6,36,B,470,8.242833
ladder,6,36,B,471,8.286625
ladder,6,36,B,472,8.240875
ladder,6,36,B,473,8.252666
ladder,6,36,B,474,8.234917
ladder,6,36,B,475,8.262167
ladder,6,36,B,476,8.228042
ladder,6,36,B,477,8.249625
ladder,6,36,B,478,8.238083
ladder,6,36,B,479,8.257792
ladder,6,36,B,480,8.271167
ladder,6,36,B,481,8.260500
ladder,6,36,B,482,8.247667
ladder,6,36,B,483,8.250500
ladder,6,36,B,484,8.270875
ladder,6,36,B,485,8.268000
ladder,6,36,B,486,8.232125
ladder,6,36,B,487,8.255458
ladder,6,36,B,488,8.236667
ladder,6,36,B,489,8.291584
ladder,6,36,B,490,8.232584
ladder,6,36,B,491,8.266916
ladder,6,36,B,492,8.223584
ladder,6,36,B,493,8.306125
ladder,6,36,B,494,8.272708
ladder,6,36,B,495,8.261208
ladder,6,36,B,496,8.314541
ladder,6,36,B,497,8.280875
ladder,6,36,B,498,8.266084
ladder,6,36,B,499,8.296459
ladder,6,36,B,500,8.280959
ladder,6,36,B,501,8.292167
ladder,6,36,B,502,8.275250
ladder,6,36,B,503,8.299416
ladder,6,36,B,504,8.270083
ladder,6,36,B,505,8.306000
ladder,6,36,B,506,8.246834
ladder,6,36,B,507,8.266584
ladder,6,36,B,508,8.292417
ladder,6,36,B,509,8.314084
ladder,6,36,B,510,8.250209
ladder,6,36,B,511,8.411666
