createdAt,id8,sha8,officialScore,baseline_decode_s,baseline_prefill_s,decode_speedup,prefill_speedup
2026-07-24T07:12:45.789Z,6447b89c,,1.00041555579786,0.0138730048828125,0.000379291912109375,1.0169679387824395,0.9523573986130071
2026-07-24T08:08:50.269Z,53f19ef5,8841cd9b,1.003986004566,0.013832236,0.00036649812890625,1.0194829879316214,0.9588941873248256
2026-07-24T09:38:32.253Z,97135816,716fb658,1.00612291300401,0.0138456487578125,0.000373041259765625,1.0218426382542316,0.9603998793196645
2026-07-24T10:33:51.719Z,24b61e87,1bb75fce,1.01061841552155,0.0138306279296875,0.00038251066015625,1.0198746186462184,0.9833508093661936
2026-07-24T12:00:53.812Z,525d4486,4d127770,1.00518892728026,0.013849439125,0.000371991455078125,1.020678113803064,0.9601174801779535
2026-07-24T13:07:08.734Z,e2d433f7,6b4c590d,1.01068577791901,0.013903306640625,0.000375837076171875,1.0251119185416482,0.9686140608763243
2026-07-24T14:01:44.019Z,5a9cb09b,14231294,1.00578046230089,0.01385105078125,0.000365488037109375,1.021045810109274,0.9613401868942536
2026-07-24T14:29:16.451Z,7df8d968,ca746f9a,1.01024930815004,0.0138904990234375,0.000368546224609375,1.0240813455164886,0.9698640938379194
2026-07-24T15:37:28.108Z,d16c31a7,efc4b849,1.00667676124379,0.013839981125,0.00036624739453125,1.0196095920184056,0.9688542204149628
2026-07-24T15:53:18.646Z,692a4e13,b2f4a385,1.00301297047781,0.0138034205703125,0.00037812109375,1.0164729854095176,0.9636929317649772
2026-07-24T16:10:05.957Z,11ca089d,9e6d8f27,1.00970450360311,0.013798492515625,0.000375910888671875,1.0185079579111218,0.983748070494669
2026-07-24T16:27:00.480Z,e1ed36d2,c3907806,1.00260824021153,0.01381520475,0.000364671466796875,1.0169044763758919,0.9609141781457479
2026-07-24T17:05:20.419Z,323f3987,28a3f4cc,1.00125963319884,0.0138151139296875,0.000366316244140625,1.0161794860946447,0.9578016032554135
2026-07-24T18:03:05.125Z,a6ec9e6f,7c978c92,1.0089484323649,0.01386269921875,0.000365773599609375,1.0254363339955517,0.9610583906655467
2026-07-24T18:24:43.192Z,ab5009cd,44265b70,1.02552090391903,0.0138585592421875,0.0003759345703125,1.0351634925704438,0.9971287255659985
2026-07-24T19:09:03.240Z,72bba602,b35bda72,1.0269326932197,0.013819496421875,0.000367049642578125,1.0506493322058035,0.9589468884345084
2026-07-24T20:10:38.999Z,21320d4a,1e73cec5,1.03471911133576,0.0138202216796875,0.0003795439453125,1.047956881839386,0.9960006927898236
2026-07-24T20:24:36.563Z,0d2e01c3,6ce43912,1.0268142647667,0.0138691572265625,0.000366967447265625,1.0477369957635114,0.9665197567333648
2026-07-24T21:05:26.782Z,6bbeb204,049f6d68,1.03533462320243,0.0138419423828125,0.00036558601953125,1.0595354645761692,0.9659985114811617
2026-07-24T21:54:44.487Z,5bb15364,97681ec9,1.07148211357673,0.0138630862578125,0.00036809130859375,1.1061656564212952,0.9738211238230939
2026-07-24T21:59:57.689Z,44cc1009,dfc6d485,1.05544211899124,0.013847642578125,0.000366119953125,1.0864669149044253,0.9675828637936358
2026-07-24T22:21:00.454Z,5c507266,533acf99,1.06207617170668,0.0138250670625,0.000367649576171875,1.0939203936293211,0.9719982985590035
2026-07-24T22:30:33.686Z,7faf229f,dc6c5512,1.06028722067665,0.0138271344453125,0.000366796955078125,1.0926828944635405,0.968749909244196
2026-07-24T22:38:25.939Z,6f86cae4,,1.07861082112345,0.0138286129609375,0.000368200603515625,1.1141938656147359,0.9785359889517485
2026-07-24T23:04:01.672Z,f21f01c9,f782a5fc,1.07681550956054,0.0138266927109375,0.00036711319921875,1.111453054257104,0.9792460710075314
2026-07-24T23:19:25.082Z,41abe827,8acb321c,1.09081988590194,0.0138350302734375,0.000364224771484375,1.138731717638554,0.9588439542021577
2026-07-24T23:19:34.084Z,04b45684,4b6e55d2,1.08893586416092,0.013824031578125,0.00037806103515625,1.1192576656775237,1.0028107334175544
2026-07-24T23:46:20.896Z,228e42f2,52a7d479,1.07967287673583,0.0138335231171875,0.000365443033203125,1.1198775647993753,0.96751372010782
2026-07-25T00:32:37.924Z,5850b8a4,6c95d3da,1.09397765224794,0.0139247001953125,0.000378789306640625,1.1252845685227926,1.0051866488493983
2026-07-25T01:00:06.815Z,f528d14e,74b2bffa,1.1018711679709,0.0138346126328125,0.0003667396640625,1.1496578346793982,0.970102150332811
2026-07-25T01:22:48.014Z,7333473f,3034cb78,1.09995348007529,0.01382691634375,0.0003696114921875,1.14889541816562,0.9652854944037583
2026-07-25T02:14:18.507Z,2fa32f01,017616ce,1.10279685400478,0.0138575530546875,0.0003655892734375,1.1564724142307574,0.9562605520470708
2026-07-25T02:20:37.743Z,6dd96407,dfc38449,1.10121632248945,0.0138559033203125,0.000364262287109375,1.1507713224795078,0.9649914558688129
2026-07-25T02:37:38.425Z,9e06de67,4bda0efe,1.12019352970843,0.0138277646484375,0.000382203451171875,1.164053119108936,0.9982833843981656
2026-07-25T02:46:27.381Z,758decfd,95dd6882,1.11147162135437,0.013867898765625,0.000375808919921875,1.1543297051964787,0.9922106831275982
2026-07-25T03:28:03.923Z,fe01af9d,e7519184,1.11253749151232,0.013845697265625,0.0003664685859375,1.1644829433542863,0.9701954332044096
2026-07-25T03:44:01.306Z,447d3841,a34a4244,1.1213085008486,0.013866328125,0.0003778021640625,1.1639736999588672,1.002469010246007
2026-07-25T04:13:42.636Z,9aa844ec,a6191c8a,1.11424115034079,0.013857865890625,0.00036411669921875,1.1659606172834391,0.97244518306821
2026-07-25T04:18:19.241Z,ba2c4a8e,308d52fa,1.11134721048207,0.013831487625,0.00036530672265625,1.1625655695022212,0.9708378162321012
2026-07-25T04:47:32.099Z,724deaec,04ccfc06,1.11506404324787,0.0138319576875,0.00036792667578125,1.164789763822853,0.9782652129028764
2026-07-25T05:06:47.990Z,b558aa11,4fdfe5a0,1.11577686297046,0.0138308658828125,0.000366899984375,1.1663291712125465,0.9768907384619985
2026-07-25T05:10:29.815Z,1f83b8f8,5b12e956,1.11552010584997,0.0138354541015625,0.000367064533203125,1.1681003955405942,0.9715588144099381
2026-07-25T05:22:21.136Z,87296e17,7736d4ef,1.11851285890146,0.0138609427109375,0.000365951416015625,1.1726186617119212,0.9707189786518124
2026-07-25T05:40:11.945Z,6c9156ad,e545998b,1.1202101269615,0.013817087234375,0.000366032876953125,1.1734860406412975,0.974460399138158
2026-07-25T05:41:57.952Z,7ba91118,9db18c49,1.08968321527376,0.013828212890625,0.00038229695703125,1.1193343246997316,1.005359949664214
2026-07-25T06:10:40.657Z,074266f3,49f952ba,1.11821275317857,0.0138483463515625,0.000371549560546875,1.163650189063218,0.9922713018881253
2026-07-25T06:20:47.448Z,f3d8ca18,b9145fff,1.11583824615494,0.013820884765625,0.000367485515625,1.1706055515439657,0.9664363003179464
2026-07-25T06:21:11.066Z,dad81b58,d44352b8,1.12616919694098,0.0138213860703125,0.000367881755859375,1.1799397917291246,0.9791180014461831
2026-07-25T06:33:26.520Z,b14f5394,539931d4,1.11483654957811,0.01381001334375,0.000366584228515625,1.1675709593028585,0.9704986618093453
2026-07-25T06:35:20.676Z,6cdc47cf,24db1314,1.11507152746303,0.0139104443359375,0.0003651385078125,1.1662033504283174,0.9747383469936808
2026-07-25T07:19:26.754Z,bd429b54,e1ffceb4,1.12726615711702,0.0138888567734375,0.00036553426171875,1.1844235252928352,0.9718176905347273
2026-07-25T07:30:58.733Z,f12ef3ab,6519c204,1.11056794478388,0.0138419436875,0.0003685859375,1.1575141716270874,0.9808477160220603
2026-07-25T07:40:30.453Z,404b2f50,e60e0368,1.17746804922035,0.0138456780625,0.000365612060546875,1.1998043424116334,1.1129233054316598
2026-07-25T07:48:30.253Z,87702457,de202522,1.11289469477931,0.0138597845,0.000366429443359375,1.1624738237009873,0.9764876195973282
2026-07-25T08:34:14.663Z,58864bf4,7cb9e25f,1.17679617776971,0.0138483483125,0.00036532568359375,1.2019819903381792,1.1043611362039547
2026-07-25T08:45:37.929Z,274911d1,e08360a0,1.15626807124521,0.013844322265625,0.000368246908203125,1.1876120827497512,1.067112755283602
2026-07-25T08:47:12.870Z,31a98dbb,bdb22ec3,1.1648163551371,0.0138212451171875,0.000364881671875,1.1875103183588807,1.0993036346915395
2026-07-25T09:24:26.807Z,1b420ea3,48c793c1,1.16412621962788,0.0138486038359375,0.000366377033203125,1.1829358850078142,1.1094728120637276
2026-07-25T09:52:17.014Z,0c987f5f,a2d1d186,1.1763923304578,0.01384769759375,0.000373479572265625,1.194848208214246,1.122717592300387
2026-07-25T10:07:47.940Z,e3582436,65ff4c42,1.18391530063005,0.013907908203125,0.000372487224609375,1.206151826585532,1.1196353364945408
2026-07-25T10:42:47.422Z,b27c7b54,6970dd6d,1.18968560346495,0.013862305015625,0.0003827052421875,1.198558684539024,1.1634585498690202
2026-07-25T12:09:12.794Z,d7bce66d,b25a5316,1.19710607772211,0.0138357864609375,0.0003652615546875,1.2085635724675892,1.1633812043176297
2026-07-25T12:36:57.109Z,0414276d,201cf888,1.20119808633019,0.0138737125625,0.000366756021484375,1.2098559319815612,1.175594517352988
2026-07-25T14:20:33.320Z,09d52bc1,d86178ae,1.22284024160918,0.01385501009375,0.000384149578125,1.2152056780981157,1.246032925532294
2026-07-25T17:53:05.182Z,def37fd6,471fca13,1.20759490098362,0.013836443359375,0.00036619620703125,1.2136990497975446,1.189466038065358
2026-07-25T18:55:05.917Z,86cf8b75,2d09975a,1.22267939625818,0.0138333037109375,0.00036570475390625,1.2192147753447942,1.2331324430965487
2026-07-25T19:16:26.315Z,7f725428,6371f299,1.2149095825788,0.0138270068359375,0.0003658677578125,1.2112015948979877,1.2261017948149426
2026-07-25T19:57:17.256Z,1f342cb2,d1910708,1.22619288325122,0.013864251625,0.000367959716796875,1.2242414984508774,1.2320657199988538
2026-07-25T20:03:13.478Z,9742c2f9,33cf7c93,1.05923147791199,0.013886734375,0.000377669921875,1.0096636729851511,1.2230193303553782
2026-07-25T20:10:12.679Z,b914defd,fe25476d,1.22139434001377,0.0138761360703125,0.000375631103515625,1.2236282261865723,1.2147171211570953
2026-07-25T20:31:01.944Z,3d98256d,9948681b,1.23394067416845,0.0138747281875,0.000378664712890625,1.2241953987859306,1.263644442313563
2026-07-25T20:40:48.210Z,37b9badd,3673a669,1.22053333840358,0.0138155270234375,0.0003652529296875,1.2205655501871342,1.2204367081534244
2026-07-25T21:15:53.843Z,3d64769e,f4351fca,1.22672586523471,0.0138225068359375,0.0003820760078125,1.2076476017129287,1.2857881525951318
2026-07-25T21:35:49.021Z,90ddcc55,aeea9f15,1.22274380159163,0.0138646311875,0.000385536294921875,1.2011873929232928,1.2897620187213898
2026-07-25T21:56:04.591Z,1e40e297,b4be45d6,1.10126252783009,0.0138313798828125,0.000366220865234375,1.0587076974270806,1.2394677627768491
2026-07-25T22:18:11.269Z,ed3a1eaa,118d29c9,1.23469451400012,0.01388796875,0.000378159994140625,1.2255424174449137,1.2625629248027572
2026-07-25T22:47:30.198Z,7c732252,d524e3fa,1.22734929402852,0.013820231125,0.000366078205078125,1.227472958882109,1.2269783742163032
2026-07-25T23:09:44.650Z,62b9aee0,581be4da,1.18705008783639,0.0138547587890625,0.000368173748046875,1.210859632345128,1.1183938627766712
2026-07-25T23:14:28.854Z,3e90ebca,29bf1e3e,1.22342842090059,0.0138322955703125,0.000364414958984375,1.2218458356432655,1.2281884862753698
2026-07-25T23:30:08.239Z,96ceb7b9,936ef3b2,1.24761843518397,0.0138944632109375,0.00037302335546875,1.2313350806468712,1.2977719275755206
2026-07-25T23:51:46.342Z,efc6872e,d732fea3,1.25333745608664,0.0138776009140625,0.000379934001953125,1.2310564618784474,1.3226293592656146
2026-07-25T23:54:16.406Z,69f31c5b,2bce2717,1.23589633303613,0.0138452561875,0.000367119140625,1.2250518608203533,1.2690091446433456
2026-07-26T00:17:00.194Z,3f76381f,b5906b82,1.25424136738178,0.0138887639921875,0.000385620525390625,1.226616198828059,1.3409061884516644
2026-07-26T00:29:21.539Z,ac623b3e,bd5f15bf,1.25390740635714,0.013877189453125,0.00038419246484375,1.2307526324075575,1.3260183998314725
2026-07-26T00:46:45.805Z,371d4194,6c91189d,1.24377686395493,0.0138774221953125,0.00038106119921875,1.2215379104929225,1.3129525970905964
2026-07-26T01:12:09.477Z,d5b5e40b,18a57fff,1.24145055838297,0.0138287926484375,0.000375434734375,1.2231505716416728,1.2980097204238632
2026-07-26T01:18:04.185Z,c0b69a4c,c4a9eba0,1.24647749507861,0.013825237625,0.0003820302734375,1.2237458461316109,1.3172374674366754
2026-07-26T01:30:31.519Z,a0a02972,5320e7d1,1.19550138361538,0.0138742112578125,0.000380510171875,1.2131743058134346,1.144012372262653
2026-07-26T01:51:30.255Z,6fc36684,66d6f6d6,1.23580350641068,0.01386551790625,0.0003806136875,1.2209603894474903,1.2814243381198576
2026-07-26T02:06:59.455Z,41c428db,5b7cee33,1.24999328107134,0.0138858255234375,0.000379994384765625,1.2278925474822135,1.3187109851563248
2026-07-26T02:20:23.398Z,65e0c6e8,395bf211,1.24753931694687,0.0138481357421875,0.000375846435546875,1.2286352382747543,1.3060146992929291
2026-07-26T02:33:48.409Z,307360f5,3c60e0c2,1.24121514696424,0.013844989578125,0.000382508626953125,1.2240070501245712,1.2943046434418506
2026-07-26T02:35:58.036Z,be7bf329,6503056e,1.23610260847138,0.0138390849609375,0.0003662884921875,1.222504406371057,1.27781149918081
2026-07-26T02:51:33.645Z,b59288cd,e880b65c,1.2477693208106,0.0138361363984375,0.000379155923828125,1.2281246264536856,1.308608971626118
2026-07-26T03:09:21.296Z,b884afd1,17e53692,1.23789860224055,0.0138848815078125,0.000377394857421875,1.2267965631168858,1.2718111798876321
2026-07-26T03:17:33.547Z,95affcab,120e2660,1.24124717340206,0.013845742515625,0.000366319173828125,1.2288287651412177,1.2792604785237263
2026-07-26T03:33:12.836Z,64fed46b,94fe73e9,1.24106218861519,0.0138877028046875,0.0003717412109375,1.2310686972493712,1.2715320494298925
2026-07-26T03:33:30.815Z,aeabc276,5fa6a40a,1.24602872429113,0.0138408600234375,0.000379000244140625,1.2240609518940158,1.3143259553904316
2026-07-26T03:47:17.385Z,32c2721e,a2e70821,1.23375291904043,0.0138463531875,0.000365615234375,1.225891577583025,1.2576407157330427
2026-07-26T03:48:45.737Z,64b7b940,6d35ec76,1.24119814878932,0.013882552734375,0.000376445068359375,1.2202463388484472,1.3062368662504682
2026-07-26T04:04:04.400Z,f5454903,b874bf7e,1.2295714347957,0.0138629134140625,0.00036527254296875,1.216747481185657,1.2688599597788999
2026-07-26T04:04:09.411Z,b3889ed8,0582a13a,1.265832366641,0.01389492415625,0.000383297201171875,1.2466913482610207,1.3250368238768504
2026-07-26T04:11:03.357Z,a11cf41e,1082df42,1.23943042290267,0.0138321910859375,0.00036462239453125,1.2261476050262463,1.2801484825958105
2026-07-26T04:25:38.216Z,24920794,726dad11,1.23441518499771,0.013908917640625,0.0003697088203125,1.2173144521945147,1.287172307807384
2026-07-26T04:29:44.828Z,1b806b48,3a046ca6,1.28285251870651,0.01387758659375,0.000368151611328125,1.2844826581146422,1.2779745028616138
2026-07-26T04:32:35.938Z,6dd236c2,de310092,1.31750722749935,0.013854569015625,0.000376279216796875,1.323515760134156,1.2996448010064987
2026-07-26T04:35:16.529Z,733ae6f8,5d4ed0c9,1.25462789446413,0.013837873375,0.00037318977734375,1.2438651778411407,1.2874780298684967
2026-07-26T05:06:39.683Z,26029899,,1.31329309936843,0.013839611984375,0.0003665107421875,1.3252454898662647,1.278078839436428
2026-07-26T05:06:47.805Z,b3c19aed,,1.26507357947568,0.0138407978515625,0.0003686912421875,1.2625215618330627,1.2727606254978372
2026-07-26T05:07:45.356Z,0c1ab7f8,,1.32713999806216,0.0138991624375,0.0003741529140625,1.3320792036224272,1.312431994246097
2026-07-26T05:11:41.195Z,39740a08,f5973c55,1.32632091061855,0.0138962841796875,0.000383375408203125,1.3259691656078434,1.3273767056023231
2026-07-26T05:24:14.859Z,7f846c2b,89320662,1.32138998948042,0.0138623470078125,0.00037716398046875,1.3240575686974243,1.31341945477655
2026-07-26T05:54:26.214Z,9938cead,4a3c55c1,1.3280843768009,0.0138238193359375,0.000378438068359375,1.3296177914688407,1.3234947353321882
2026-07-26T06:26:43.429Z,f0b7f871,,1.31939114783315,0.0138745266953125,0.000366628173828125,1.3339257294780758,1.2767307403401689
2026-07-26T06:41:21.951Z,39c6feab,f21c3d71,1.32515830813486,0.0138677942734375,0.000377613607421875,1.3288177557612282,1.3142403211067448
2026-07-26T06:43:20.123Z,f05541bc,251c2a17,1.3411938885684,0.0138894056015625,0.000375950845703125,1.3529484756296355,1.3065393379952397
2026-07-26T07:00:24.644Z,de214290,,1.33542030996134,0.013882351234375,0.00036675130078125,1.354810811359438,1.278898114293976
2026-07-26T07:06:47.153Z,e48bc9b0,cb23f2d9,1.31980143637947,0.013896840171875,0.000365871337890625,1.3331860904002566,1.2804483508857318
2026-07-26T07:12:44.871Z,6932edb2,f20ebb17,1.33402094262792,0.0138791419296875,0.00038046451953125,1.3348931245154614,1.3314078146319615
2026-07-26T07:31:29.407Z,aa5fb689,5ab00a6e,1.35005948331424,0.0138817565078125,0.000382576986328125,1.3551027629027732,1.3350419826901898
2026-07-26T07:35:23.562Z,3e9734e8,ffbdf22e,1.33524569320838,0.0138447158203125,0.00036696085546875,1.3526515543024322,1.2843604856240514
2026-07-26T07:52:35.189Z,76261560,0530a038,1.34842254452832,0.0138951139296875,0.000376055908203125,1.3596527629003377,1.3152853753542715
2026-07-26T08:09:42.285Z,8d0cc603,f1a1b3d5,1.34914715193622,0.013833019859375,0.00038324405859375,1.3517367334706358,1.3414081351870288
2026-07-26T08:40:02.451Z,ad760eb0,7a69f01c,1.33737183895408,0.013843440109375,0.000367595134765625,1.3543469889574296,1.2877123368976888
2026-07-26T08:55:52.038Z,74d7f1b0,cb323795,1.34152142184576,0.01384053971875,0.000372517251953125,1.3541393059628235,1.3043688389472679
2026-07-26T09:33:06.672Z,d0652d39,e1b3301f,1.35826578315633,0.0138728170625,0.0003808056640625,1.3601706530273274,1.3525671648131872
2026-07-26T09:42:05.727Z,15a982b8,a13b79ef,1.35358206951889,0.0138141617890625,0.000386574544921875,1.3541913779096917,1.351755788775944
2026-07-26T09:54:32.862Z,e17ee1e5,1316dd4a,1.36364675151664,0.013854317703125,0.000387123291015625,1.3591448377617954,1.377242161011776
2026-07-26T10:10:15.622Z,fe4c9350,da9058a5,1.3678844896557,0.014003642578125,0.000378070638671875,1.3765186266923506,1.342305664770912
2026-07-26T22:47:15.334Z,0d3169c6,60afb0ea,1.36341200500157,0.0138292236328125,0.00038590616796875,1.359132805578895,1.3763306108659537
2026-07-26T22:51:01.477Z,c5f60317,e8e9e993,1.34390028734112,0.0138064365234375,0.00036566926953125,1.3571630530961913,1.3048845918777157
2026-07-27T00:03:05.224Z,76220947,42c53d08,1.34216192219405,0.01388297265625,0.000363862548828125,1.3630063108305017,1.2815219642423024
2026-07-27T00:18:21.863Z,976b25dc,75a9b1cd,1.35292052151449,0.0138836123046875,0.0003741381015625,1.3625283225775535,1.3245017043843819
2026-07-27T00:34:00.881Z,b7d5e528,1658a434,1.34940642597366,0.0138998450546875,0.00036707877734375,1.3651851095089627,1.3031561799439264
2026-07-27T00:51:39.575Z,b17d22d0,2a4de3b3,1.35078823828365,0.01383402571875,0.000367631265625,1.365761178773902,1.3068471349143786
2026-07-27T16:37:26.218Z,5e7dfdb3,0c0e77c7,1.34711904600096,0.0138131826171875,0.000367774494140625,1.360403257304617,1.3080396722082837
2026-07-27T20:24:42.869Z,27114f56,fa79b4e2,1.35912971274699,0.013901772140625,0.0003777779140625,1.3642979214014779,1.3437422590886672
2026-07-27T22:49:42.864Z,f07bc515,edb58757,1.34914612641388,0.0138379296875,0.000370222982421875,1.361331791839987,1.3132396973483775
2026-07-28T01:41:23.110Z,e36827ee,4f4f6895,1.36970886189521,0.013838445640625,0.000365397625,1.3973884514075932,1.2899165450050039
2026-07-28T08:37:04.973Z,8529cb0b,7e7d2e99,1.2358597102812,0.013820569984375,0.000375896890625,1.217125237118704,1.293811163349286
2026-07-28T16:48:10.675Z,e6f0e197,ae4fd840,1.37285063507661,0.0138219212265625,0.00037127734375,1.3947153227514384,1.3092917735992675
2026-07-28T16:55:07.751Z,cb418c4c,f07522cc,1.38531241384667,0.0138392744140625,0.0003717074375,1.4004758967807196,1.340799958337558
2026-07-28T17:19:26.368Z,ce11e0d5,2420d39f,1.38685421375482,0.01382706478125,0.000366388751953125,1.408896917514065,1.322773801287054
2026-07-28T17:39:22.854Z,14259e08,827ed857,1.35939876474618,0.0138114215546875,0.000364799724609375,1.3970443577663514,1.252439905552757
2026-07-28T17:49:00.744Z,3088c6bb,2659e5b5,1.36932091051511,0.0138357864609375,0.00036754345703125,1.3933077165681416,1.2998098796940807
2026-07-28T18:26:07.263Z,741a1c8b,649290ea,1.38923701883417,0.0138248818359375,0.0003636796875,1.4102975815813357,1.3279236511935577
2026-07-28T19:04:21.705Z,1077625a,f4baa5cb,1.39754577179244,0.0138839908828125,0.00036765559765625,1.4149671695962343,1.3465580244785569
2026-07-28T19:45:00.033Z,7a5bfede,51ffe9b8,1.41349886278913,0.0139148815078125,0.000365756021484375,1.4373405785237765,1.3443204147706926
2026-07-28T19:45:15.317Z,5f2fd497,05c0f789,1.39044636612349,0.0138355263671875,0.00036416691015625,1.4103625175162515,1.3323695336435826
2026-07-28T19:45:42.378Z,bc4b06f9,fe2aa7b1,1.41098382161981,0.0138378180390625,0.000363903240234375,1.432106637998543,1.3494663617450064
2026-07-28T20:30:40.951Z,48a6fd8c,80525c95,1.4059382264766,0.013817421875,0.000365886474609375,1.4280778271643937,1.3415576139238898
2026-07-28T20:46:52.591Z,61278959,7f50e0ce,1.41426276470554,0.013807402671875,0.000366181072265625,1.4320993984142636,1.3620747498280323
2026-07-28T20:53:29.219Z,1602bf89,f1d95a3d,1.40610113720117,0.0138854697265625,0.000366130859375,1.4275548154195827,1.3436552641290842
2026-07-28T21:09:49.924Z,270ec981,55f965f8,1.41646790007268,0.01386119921875,0.000365323568359375,1.4344328530825534,1.3639117720781724
2026-07-28T21:17:14.731Z,9394a277,57deb819,1.37396271807332,0.0138408759765625,0.00036642960546875,1.3884452003759455,1.3314153610857504
2026-07-28T21:21:48.994Z,a67cebbe,a85ad620,1.42919486085133,0.013831652671875,0.0003793959140625,1.4331241520284752,1.4174715084339684
2026-07-28T21:26:17.185Z,8c84fc76,0f557a55,1.4090697794393,0.0138764466171875,0.000386904134765625,1.3982208919341454,1.4421241229425399
2026-07-28T21:36:30.293Z,fc9228e7,1157f284,1.41719016539783,0.0138245078125,0.000365746744140625,1.4331742799078928,1.3702995108415128
2026-07-28T21:39:01.564Z,f7b19412,ec67f640,1.41721458263674,0.01388148209375,0.000366020263671875,1.437762336868369,1.3573165398273814
2026-07-28T21:46:31.555Z,b3770586,50dffef3,1.39693034135092,0.01381065234375,0.000365203125,1.4092244936242662,1.3606876790830946
2026-07-28T21:54:18.650Z,2d2661a5,de0f3d55,1.43144036372266,0.0138651136015625,0.000379528240234375,1.4363180262207407,1.4169065371665654
2026-07-28T22:06:44.675Z,f26eebcd,0487cf73,1.43291184279537,0.01389592025,0.00037796492578125,1.4407623021339437,1.409616188338283
2026-07-28T22:20:42.664Z,89ad8a26,3fbbd067,1.43411308182018,0.0139112545546875,0.000383411865234375,1.4372568621562816,1.4247229399213273
2026-07-28T22:25:24.678Z,8e12f165,8ac2c56e,1.41175038512797,0.01383810775,0.000365245361328125,1.4285491014438905,1.362530217114991
2026-07-28T22:43:11.200Z,12f771ee,1754e9b9,1.41996999927696,0.0138840354765625,0.0003669439296875,1.4381809475244547,1.3667090872624226
2026-07-28T22:48:31.244Z,2b6d203d,60c6d7f1,1.41541284346728,0.0138298352890625,0.000364533935546875,1.4340040578689481,1.361072901711447
2026-07-28T23:02:16.322Z,626d50f2,8a4421d9,1.43103905908501,0.0139236022109375,0.00037651611328125,1.4411775292899331,1.4010495808299783
2026-07-28T23:03:26.035Z,29277109,6f78b578,1.42777481451649,0.013821704421875,0.000380078125,1.4320544652034783,1.415012447310419
2026-07-28T23:07:47.057Z,4beb3524,6a1fc0ea,1.36888035576929,0.01381816340625,0.00036694571875,1.395119522450192,1.29308691376789
2026-07-28T23:12:21.577Z,f74110b4,12a2d98a,1.42730687183759,0.0138355094375,0.000376635822265625,1.4332839855088388,1.4095246708483293
2026-07-28T23:12:22.879Z,83b957a7,2491c9ce,1.40757701153786,0.013845945640625,0.0003667890625,1.432681502381494,1.334872236393991
2026-07-28T23:32:45.140Z,f0dd9d2b,b22c68fe,1.42638189009687,0.013832998046875,0.000377654216796875,1.4334179183741538,1.4054803489005996
2026-07-28T23:33:16.536Z,34230456,e49bf16d,1.42717720847524,0.013841644859375,0.00036839949609375,1.4462210209673243,1.3715372175065557
2026-07-28T23:37:52.087Z,8e77023c,642ac8b6,1.42512065782418,0.013827171875,0.00037820849609375,1.4338906058288474,1.3991313355918489
2026-07-28T23:44:07.375Z,376d7160,e60c8747,1.42824396072333,0.013800408859375,0.000382460287109375,1.4288576305092344,1.426404532276628
2026-07-28T23:45:46.348Z,d0970519,35face87,1.41938812708505,0.013905509109375,0.000365312744140625,1.4407093090842498,1.3572991758600148
2026-07-28T23:55:25.114Z,8255154a,da165c5c,1.42407808709538,0.0138207838515625,0.00037828955078125,1.4292428405979993,1.4086955380802495
2026-07-28T23:59:19.700Z,94b90a36,23d6c91b,1.4308798470999,0.013835720703125,0.000368591552734375,1.4502739062482726,1.374239947278738
2026-07-29T00:02:50.885Z,b117b51e,edf00221,1.41321898708089,0.0138860830078125,0.000377089029296875,1.4175395826454213,1.400336053817351
2026-07-29T00:08:39.191Z,c5937bba,4203c05b,1.42048524347295,0.0138746640625,0.000368159830078125,1.437339222815847,1.3710998235283318
2026-07-29T00:09:54.707Z,ae94e087,2e84e98f,1.43459168659108,0.0138463346328125,0.000374480630859375,1.4370655871226632,1.4271955085201526
2026-07-29T00:17:21.715Z,265ecf85,49c0ce2f,1.42567140869818,0.013815046546875,0.000377340169921875,1.4313564423079448,1.4087514277324407
2026-07-29T00:36:13.982Z,1a6a6e83,cdd25333,1.430218147458,0.013878193359375,0.000367529458984375,1.4407023028065205,1.399221231022213
2026-07-29T00:52:44.663Z,adf12cb1,55318480,1.46609137638484,0.0138217796171875,0.00039606355859375,1.4504410929856408,1.5140627354470495
2026-07-29T00:56:10.737Z,18828749,955674d9,1.41501795367878,0.0138145094375,0.00036619791796875,1.4306178132126008,1.3692316073707445
2026-07-29T01:02:22.903Z,8fab959b,40b5c48a,1.43151649684317,0.0139024899140625,0.00036558992578125,1.4434463811862785,1.3963151839727383
2026-07-29T01:19:10.689Z,e4928ca8,01f63c67,1.41806674918047,0.013823499671875,0.000364937908203125,1.4269229143321882,1.3918266848173233
2026-07-29T01:28:05.030Z,9217c61d,03ae3c73,1.42186729203374,0.013804585609375,0.000364657634765625,1.4319065621090339,1.3921698305332857
2026-07-29T01:28:27.042Z,01058e81,6a89d852,1.43703988151897,0.01382895540625,0.000367476806640625,1.4380213299781517,1.4340995533400407
2026-07-29T01:34:04.288Z,162e6b91,6b455839,1.40539031811516,0.0138396263046875,0.000366382650390625,1.4102580677237708,1.390887648788687
2026-07-29T01:35:12.332Z,6c7032d6,a4cd34ca,1.45726980641091,0.013855279296875,0.000384024982421875,1.4537562303958478,1.467861568265889
2026-07-29T01:52:19.418Z,4228f9e1,b8fe3af4,1.45636242328873,0.01381888509375,0.000364552083984375,1.4558599384773827,1.457870918547172
2026-07-29T02:01:37.439Z,4608dc88,21a90f4d,1.43786563673258,0.0138368056640625,0.00036547412109375,1.4507459244151606,1.399906858784451
2026-07-29T02:10:49.589Z,ee04eb60,b6a767b5,1.4422710254292,0.0138807454375,0.0003656630859375,1.457424365136962,1.39774979748924
2026-07-29T02:15:49.601Z,f07a3774,ea3615ef,1.44503710662051,0.0138427122421875,0.000367655111328125,1.4591880367481957,1.4034024039975919
2026-07-29T02:18:38.789Z,5e592238,47f1ee8e,1.41823035218676,0.013832505859375,0.000379763427734375,1.4115866247590318,1.4383497387450128
2026-07-29T02:33:50.468Z,4dc86819,55da9b83,1.44168452450418,0.01385118425,0.000371467365234375,1.451436357393268,1.412820388499273
2026-07-29T02:40:44.597Z,e91272e7,12c521e4,1.44732757811807,0.0138055182265625,0.000377319255859375,1.4497082877592136,1.4402088811191418
2026-07-29T02:43:47.880Z,7fe3eb2c,6bf38ef6,1.44073191169933,0.013873187171875,0.000368740560546875,1.4542096634663664,1.4010435147204243
2026-07-29T02:47:09.208Z,0ac6d99d,3848dfee,1.44375685054176,0.013837123703125,0.000365069009765625,1.4581746872777754,1.4013530622060801
2026-07-29T02:48:46.600Z,3bb392a1,d1f9e6e3,1.43512280280403,0.0138242392578125,0.000363591552734375,1.4499414496156495,1.3915693813058296
2026-07-29T02:57:27.433Z,01cd6daa,a771a3c5,1.4376403251135,0.0138708017578125,0.000366239501953125,1.4545112610255484,1.3881925846685161
2026-07-29T03:18:20.383Z,6f858c45,9f7760b0,1.41273149269704,0.0138753763046875,0.00036762646484375,1.4120039075512332,1.4149164983917966
2026-07-29T03:20:26.833Z,7bc72a43,6c09cdb9,1.43891594537966,0.0138377744140625,0.00036776456640625,1.4514824836851548,1.401865356764243
2026-07-29T03:24:17.026Z,ab65cc0c,8c43b32d,1.46157184118805,0.0138328883515625,0.000380757244140625,1.458685396710571,1.4702654900040304
2026-07-29T03:27:15.272Z,00069cff,44521fb5,1.41141181780634,0.0138130390625,0.0003668863125,1.4145590286327014,1.4020121358679833
2026-07-29T03:34:45.567Z,87d6ff2b,6e0c0f30,1.45623583325594,0.0138502063828125,0.000383033123046875,1.451685812708513,1.4699716406415428
2026-07-29T03:36:13.077Z,731eca5b,3b20a4c9,1.4422185172904,0.0138674290390625,0.000382771728515625,1.4485178030447925,1.4234845492802375
2026-07-29T03:55:30.222Z,b47fec88,a08b92f2,1.44189985842541,0.0138098229140625,0.000365684650390625,1.4557994354595207,1.4009923274135723
2026-07-29T04:07:24.807Z,0c6d267e,a800d87d,1.46824739821125,0.013909615234375,0.000368496662109375,1.4664555825260261,1.4736359921480557
2026-07-29T04:09:15.544Z,0b8101e6,9f8883d9,1.44390386894915,0.013815629234375,0.000376243978515625,1.4490380005674386,1.4286103619203923
2026-07-29T04:26:17.236Z,62f46f7b,45f9c428,1.43896230921294,0.0138859606171875,0.000364590984375,1.4570877724586666,1.3859275670057167
2026-07-29T04:53:29.196Z,8ac894ef,557f88e3,1.44780622583997,0.0138131923828125,0.000365618978515625,1.4450918660028675,1.4559799344616238
2026-07-29T05:15:06.634Z,4257d0c6,0d563856,1.45453738261446,0.0138279345703125,0.000365882486328125,1.4566399340287413,1.4482479201150769
2026-07-29T05:33:27.072Z,339f969d,b061f27d,1.4649924584342,0.0138988411484375,0.000366179525390625,1.464188838662022,1.4674059651185603
2026-07-29T05:45:36.305Z,74c53bf7,,1.38817322747773,0.0138535833359375,0.000364091796875,1.4108621469306388,1.3222723370873979
2026-07-29T05:58:39.431Z,2dd72759,d342f621,1.45753458008896,0.0138334749296875,0.0003661025390625,1.4571726906378328,1.4586207877840112
2026-07-29T06:01:26.355Z,7aa31cd5,d58168e1,1.46950638066929,0.0139017770234375,0.000364373779296875,1.472820884402348,1.4596075570307807
2026-07-29T06:07:11.437Z,6b369022,9160aeb0,1.47853338550484,0.0138350413359375,0.000380096923828125,1.4587043797381654,1.53965239137449
2026-07-29T06:15:05.182Z,89d36ab7,0d156559,1.46123316072158,0.0138383955078125,0.000366240072265625,1.4582488336235833,1.4702228368458305
2026-07-29T06:16:51.830Z,32a0e5d6,e463347c,1.46262585731207,0.0138452063828125,0.000365278484375,1.4631041423698523,1.4611919400353615
2026-07-29T06:32:11.989Z,1771a0c5,624fe368,1.46559208722639,0.0138125029296875,0.00036540535546875,1.4662503322159302,1.4636191247660126
2026-07-29T06:32:46.113Z,750e80fe,d74e58c4,1.46569483268547,0.0138131809921875,0.00037495418359375,1.4526831949259607,1.505433199852531
2026-07-29T06:48:22.920Z,7ec1d546,6b021e00,1.46818750645517,0.013864220703125,0.00036667529296875,1.4669460935907292,1.4719180519286272
2026-07-29T06:58:07.634Z,12403fcc,ecf9277d,1.47024679992401,0.0138506344375,0.00036658056640625,1.4673056891920393,1.4791055509038074
2026-07-29T07:03:05.914Z,f8c95fea,8a606dde,1.47804133874956,0.0138704918671875,0.00036951277734375,1.474542092144608,1.4885889819631355
2026-07-29T07:25:56.297Z,2f2c92bf,ba88695c,1.46725945897566,0.013865490234375,0.0003647872734375,1.461932536480594,1.4833569695897464
2026-07-29T07:26:26.368Z,f56c6dba,c09935f5,1.48637732227551,0.0138935397109375,0.000377549884765625,1.4723882309975707,1.529147117368581
2026-07-29T07:34:03.043Z,789b33c3,99a33974,1.46168841902569,0.013859120765625,0.000365673828125,1.471683943853481,1.4321073347179472
2026-07-29T07:38:20.937Z,939fa822,a7bafc8f,1.47587158886993,0.013831431640625,0.000383957681640625,1.4567525074922185,1.5347476144042813
2026-07-29T07:56:07.378Z,3f1e2396,d0f437b9,1.47304550188992,0.0138241139375,0.000368236654296875,1.4720723904053763,1.4759686976890347
2026-07-29T08:02:23.455Z,8a291e6a,06d28a8f,1.47113724868174,0.013888605796875,0.000375540365234375,1.4571871959152354,1.513793819266686
2026-07-29T08:02:57.482Z,db8b3de0,d0afbcbe,1.46416076826862,0.0138040755234375,0.000366370931640625,1.4604932622301623,1.4752186367204903
2026-07-29T08:07:31.310Z,221fa6a0,7ef48c5f,1.47327096305192,0.013875515296875,0.000366415771484375,1.4697162253915037,1.4839868453838214
2026-07-29T08:09:13.901Z,89250076,fddd0be7,1.44331222213276,0.013873751296875,0.0003671263828125,1.4558530142260528,1.4063342938025885
2026-07-29T08:09:28.611Z,865dba86,975b6f18,1.46332152529578,0.0138525852890625,0.0003640458984375,1.4631086241842952,1.4639604145273564
2026-07-29T08:11:42.148Z,099d2f25,1c968feb,1.48589134081347,0.01385172884375,0.00037855224609375,1.4745174591033063,1.5205421016244416
2026-07-29T08:14:03.938Z,0d359bc1,9966686c,1.46426914517222,0.013823762046875,0.00036651123046875,1.4634316441573783,1.4667845250532499
2026-07-29T08:20:54.926Z,95b27cfb,031fc244,1.48057137713926,0.0139139759140625,0.0003647654609375,1.4816712075374274,1.4772767818828643
2026-07-29T08:36:03.591Z,0a2d796f,98f8272e,1.28968504019952,0.0138864068984375,0.000367321939453125,1.3983442528915335,1.0117945678985778
2026-07-29T08:56:03.484Z,55fa045d,2abd2f7d,1.47844839040604,0.01386079915625,0.000377118001953125,1.466487593039842,1.5149192912806653
2026-07-29T09:07:39.998Z,b9f2d36d,63703f38,1.46342939570171,0.013822367515625,0.000365216796875,1.4645494356290567,1.4600744127212177
2026-07-29T09:15:21.279Z,45588291,91b1a961,1.44616149229742,0.013862230796875,0.000378214763671875,1.421254315958352,1.523532710611255
2026-07-29T09:31:33.206Z,f9d7e4f0,91f53e28,1.42590060373808,0.0138220927734375,0.000364188396484375,1.4120275101531294,1.4683430686497596
2026-07-29T09:33:45.767Z,440272c7,a9957e2a,1.48549811397416,0.0138846764296875,0.000378709798828125,1.475222031099122,1.5167578465897533
2026-07-29T09:33:47.335Z,fd7b1e8b,e33c5ed4,1.48193672159546,0.01386251171875,0.00036802335546875,1.4796627333799908,1.4887796761159993
2026-07-29T09:35:51.330Z,e9e375d4,85e60209,1.46682425424587,0.01388973828125,0.0003643275546875,1.4670629832480706,1.466108300298176
2026-07-29T09:38:18.823Z,548766a7,ffe52589,1.48475979911134,0.01383788346875,0.000371808755859375,1.4729705269567779,1.5206967920633732
2026-07-29T09:40:55.719Z,a8419c6d,fb36ba01,1.49113669609871,0.013841048828125,0.000383284587890625,1.4718888207979766,1.5504037568111126
2026-07-29T09:58:57.721Z,fba93c0c,93d006f3,1.47621179664853,0.0139178684921875,0.00036877490234375,1.4740857974869763,1.4826082091529953
2026-07-29T10:03:30.216Z,0cd397c8,2c7d64d4,1.47077557826499,0.0138340638046875,0.000373170734375,1.461622652513573,1.4985796964058569
2026-07-29T10:10:28.454Z,8ddd747a,16324164,1.47761391115673,0.01383834765625,0.00037418359375,1.463130534339753,1.5219299490872957
2026-07-29T10:38:04.444Z,724f8e52,0f7905e0,1.52490608342507,0.01382775228125,0.00037973046875,1.524328698485851,1.5266395507846906
2026-07-29T10:38:50.554Z,4fb5720b,5e0f1eaf,1.47641500396809,0.013876443359375,0.00036625382421875,1.4759787318363955,1.477724594239716
2026-07-29T10:41:26.696Z,89d277c2,e32d8650,1.47203887453275,0.013828897140625,0.000366827962890625,1.4698327108312434,1.4786772537388881
2026-07-29T10:53:46.230Z,391a429a,c1d4b657,1.42824973313761,0.013818457359375,0.00036727099609375,1.4091046642086846,1.4872598332743152
2026-07-29T10:56:01.943Z,fc7ac56e,e41825ba,1.56294094243425,0.01380187271875,0.000378809732421875,1.5787124732088367,1.5165654268129307
2026-07-29T11:03:09.340Z,dd334680,d1e4a431,1.54413410960112,0.0138824576875,0.00036525162890625,1.5676636485944042,1.4756433412273893
2026-07-29T11:10:18.127Z,69b4f8f1,23af86e0,1.55406085161222,0.0138666298828125,0.000364213541015625,1.5863257328907783,1.461150574589932
2026-07-29T11:18:05.125Z,6200f82d,05004fe7,1.56421001638944,0.01382541178125,0.000378727294921875,1.5803339661127962,1.516818534268234
2026-07-29T11:23:04.764Z,94bf3324,7703da99,1.52481704742929,0.01384405859375,0.000364347900390625,1.5400359126457464,1.4800568921726762
2026-07-29T11:27:28.681Z,0783bc26,1549a070,1.23691294500457,0.01386711784375,0.00038531339453125,1.1500121447075675,1.5390377005007758
2026-07-29T11:42:09.670Z,94b95579,74d59a84,1.58215670828608,0.0138074720078125,0.000377243001953125,1.5970277507140531,1.5383692833362537
2026-07-29T11:43:19.956Z,42682184,3f1b6915,1.60697339759246,0.0139114296875,0.00036593660546875,1.654346734790266,1.4728385187016164
2026-07-29T11:59:13.963Z,6ffef2c8,757932a1,1.5852309672838,0.0138191627578125,0.000380733072265625,1.6022091922600905,1.5353681714984453
2026-07-29T12:08:01.002Z,4057cf75,446964cc,1.57561151574351,0.0138571959609375,0.000368032470703125,1.6037690134742268,1.494070636943974
2026-07-29T12:17:09.005Z,0a776076,c9c55638,1.5931789331164,0.0138408580703125,0.00037722200390625,1.6077388757612037,1.5502854826539951
2026-07-29T12:22:40.761Z,8afa9316,cf34c0a0,1.67474985190419,0.0138763564453125,0.0003796158046875,1.7300927499333172,1.5191184335193573
2026-07-29T12:23:28.527Z,5b7b43e5,72118003,1.58614844040695,0.0138335846328125,0.00036784480859375,1.6638856910622584,1.3740573300453796
2026-07-29T12:33:07.144Z,243e0877,ce250e44,1.62008015161417,0.013858373046875,0.000366672689453125,1.6694445823671007,1.480573540688458
2026-07-29T12:38:06.622Z,05af5ca4,b0a514a4,1.61293633328994,0.0138033466796875,0.000379092365234375,1.641606431225328,1.5298954940946532
2026-07-29T13:00:46.616Z,eef99d59,cecfa6cd,1.61215251894866,0.013878438796875,0.000367150390625,1.6565725755713299,1.485912043106808
2026-07-29T13:15:14.944Z,02786c6f,be49de57,1.70241851703024,0.0138308792265625,0.000377060220703125,1.768353345040944,1.5190014654594168
2026-07-29T13:20:42.942Z,0affc4c4,114697ac,1.61430834736868,0.0139015026015625,0.00036639518359375,1.664908181770754,1.471550285043036
2026-07-29T13:29:36.016Z,1b06d473,90cdfc86,1.57043671147662,0.0138442666015625,0.00036379443359375,1.6468873811546973,1.361727005795874
2026-07-29T13:40:39.464Z,ffe12fe1,4264f202,1.74132923777818,0.0138568916015625,0.0003808927421875,1.8160857588317592,1.5350216667431358
2026-07-29T13:46:38.152Z,c9560af7,2eeae690,1.70394542526788,0.0138489026640625,0.000367501626953125,1.7874744275638788,1.47605728175151
2026-07-29T13:57:00.954Z,1cb6fa66,a240f73e,1.70588149269653,0.013844711265625,0.000377517416015625,1.7730672002841514,1.5192171076453056
2026-07-29T14:01:36.430Z,88d8fe26,331bde80,1.7665340101967,0.0138804759140625,0.00036739851953125,1.876078102344484,1.4748072683360687
2026-07-29T14:13:09.523Z,bbf9c9a3,37b44c1f,1.77101737585294,0.013886716796875,0.000377911212890625,1.8656562033339885,1.514943510866955
2026-07-29T14:41:42.081Z,9bb7d756,067c3a33,1.75225219817139,0.0138684720078125,0.000376314373046875,1.8347225701082377,1.5264242019424323
2026-07-29T14:45:58.527Z,60cde362,356e4e11,1.77042164841963,0.013811264,0.000367564291015625,1.880642493691292,1.4770259006553446
2026-07-29T14:59:30.489Z,d7bfc0e0,45d6b256,1.80591049704696,0.0138990970078125,0.000384465494140625,1.94760490660567,1.4397341615375838
2026-07-29T15:20:05.550Z,3c86aad4,63ceb76b,1.75098330184721,0.013867295578125,0.0003661439609375,1.8569576616952896,1.467986331526075
2026-07-29T16:20:43.450Z,4ed1db4b,feff64dd,1.48755070888393,0.0138318795546875,0.000380268146484375,1.471547942662195,1.5366107579071424
2026-07-29T16:46:14.752Z,8ac95662,4c65eb2d,1.488610549371,0.0138831653671875,0.0003676533203125,1.4938899646005668,1.4728839850649125
2026-07-29T17:07:14.458Z,a846a02f,,1.48549594453412,0.0138389469375,0.000367561767578125,1.4887647456071709,1.4757325411051951
2026-07-29T18:49:49.902Z,864d4d45,9822204a,1.78172636077451,0.0138246910859375,0.000382786865234375,1.8689781027001404,1.5436590466474673
2026-07-29T18:50:19.615Z,23f8e9db,d6a1f8bf,1.75955150070948,0.01382734765625,0.00036546378515625,1.8677223004659533,1.4711976364030315
2026-07-29T20:18:10.838Z,a05f8452,,1.82245175452378,0.0138308779296875,0.0003654298515625,1.9606255280446085,1.4636599907007957
2026-07-29T20:34:54.688Z,eab58341,c1d5a1bd,1.77327332372427,0.0138691171875,0.00036468839453125,1.8847545369152134,1.4768566095340543
2026-07-29T21:08:40.296Z,4f44228b,,1.82805256641494,0.0138736259765625,0.000381364828125,1.9370666851846476,1.5364590992741982
2026-07-29T22:30:30.169Z,06dea36d,3e69baac,1.81501858452852,0.01384222265625,0.00037103328515625,1.9315159169398244,1.5060154629413167
2026-07-29T22:47:08.491Z,99ca5cc4,77f1148e,1.81844555591763,0.0138196901015625,0.00038170271875,1.9295991818270626,1.5219482740448684
2026-07-29T23:05:09.785Z,48ae6df8,19dd6903,1.8193947269561,0.013876782875,0.0003740052890625,1.9397710310412222,1.5012614030060303
2026-07-29T23:32:28.845Z,053c421d,,1.81298663354416,0.0138910029296875,0.000364684978515625,1.9406523180993887,1.4782068239239328
2026-07-29T23:58:21.106Z,add84fc1,,1.80454201373875,0.01383705859375,0.000364903158203125,1.9294878882970408,1.4761885114200581
2026-07-30T00:09:35.382Z,fa6bd444,,1.75587823542072,0.013821156578125,0.000364621908203125,1.8657559089835147,1.4635686744508523
2026-07-30T00:14:54.784Z,21805f6c,,1.82925363002644,0.0138221279296875,0.000379535236328125,1.9378790427303318,1.5385644873798379
2026-07-30T01:29:37.260Z,9d312950,,1.83581158564223,0.01384948990625,0.00037959334375,1.9428218844514298,1.548864638894405
2026-07-30T01:59:37.360Z,2902d120,f6f19118,1.82438720651435,0.013832029953125,0.000379299234375,1.9287790601354529,1.5439051824241814
2026-07-30T02:59:51.355Z,10ce9ef7,583b7706,1.81447085678621,0.0138492994765625,0.000365493326171875,1.9427648280214584,1.4782207406602845
2026-07-30T06:19:10.487Z,4e80a7f3,943e46a7,1.81168008146912,0.013821458984375,0.00036538134765625,1.9353787705391636,1.4860318554124514
2026-07-30T06:35:32.152Z,c238f64b,e01bce52,1.81970426504923,0.0138738994140625,0.00036766609765625,1.9417865657170128,1.4976101530029855
2026-07-30T07:14:59.889Z,36a23c8e,6ad80401,1.81521538283958,0.013848187828125,0.000365074138671875,1.9413720395383984,1.4838374974751782
2026-07-30T07:39:18.383Z,0604435a,,1.81029289474039,0.0139017718046875,0.00036733056640625,1.9431041708298524,1.4638855889698705
2026-07-30T08:01:16.669Z,8d8d49d0,c711ccc6,1.82620767607277,0.013824782875,0.000365353271484375,1.9400315430227084,1.5232608564441579
2026-07-30T08:12:01.372Z,5618b8c1,aeb75f99,1.79669756487906,0.01384038671875,0.000365564373046875,1.9149758999927975,1.4839182586014164
2026-07-30T08:28:32.299Z,16a66d31,b2860b03,1.83760609517679,0.0139112701875,0.000380001140625,1.9467383847498712,1.5455637187632192
2026-07-30T08:29:46.007Z,e8e195b5,9a690dd1,1.83917453016492,0.013825656578125,0.000380226806640625,1.9484261641992324,1.5468204939869732
2026-07-30T09:20:51.758Z,493f1ee1,612df038,1.84351774653613,0.0138591611328125,0.00037158097265625,1.9547603460166532,1.5463533142014139
2026-07-30T09:26:38.382Z,230fd7bc,2e7e3e4c,1.84080390878516,0.013843851234375,0.0003858857421875,1.942393038149459,1.5668187964170868
2026-07-30T11:26:07.928Z,455f08cb,352590b3,1.80542838337574,0.0138567946015625,0.000368560873046875,1.9377561543498767,1.4602381428137843
2026-07-30T11:42:09.683Z,38064348,fb28c522,1.83015304861098,0.013840759765625,0.0003663853359375,1.9460392922334115,1.5222809900948382
2026-07-30T12:05:34.441Z,34fce827,5ca26082,1.83042691219293,0.0138700374375,0.000365806884765625,1.9474027309042234,1.5199953023685155
2026-07-30T12:14:09.490Z,e73e322c,ff1de287,1.83580461581473,0.013823151046875,0.000366224365234375,1.953161979943909,1.5243722867117355
2026-07-30T12:30:34.573Z,7103dc88,04c88eed,1.83221936459442,0.013800097328125,0.00036413680078125,1.9492527757601303,1.5216171391844604
2026-07-30T13:17:06.258Z,75321fde,0cb27409,1.84298384385946,0.013886982421875,0.0003663474921875,1.9620567678705803,1.5273951475374639
2026-07-30T16:10:20.104Z,fe224d47,,1.8012660151496,0.0138167119140625,0.000365501220703125,1.910471645692858,1.5096964410704892
2026-07-30T16:25:32.293Z,9abfb0a8,,1.8342909017573,0.013879452796875,0.000365762287109375,1.9539696404229767,1.5174675501733048
2026-07-30T19:54:43.409Z,31135ded,b9553f00,1.84052364499015,0.01381693034375,0.00037893603515625,1.9407574762681195,1.5698270240808476
2026-07-30T21:22:57.023Z,1104eec9,c64593f8,1.8507764992023,0.0138813388671875,0.00038260774609375,1.950463586154849,1.5812566497761043
2026-07-30T23:05:11.220Z,cb88774f,02a4131f,1.83933513379521,0.0138184482421875,0.000368398845703125,1.946386676731874,1.5522300856371352
2026-07-30T23:37:19.591Z,d1e620bb,e59636e7,1.83714501351309,0.01389087109375,0.000367019287109375,1.9504696806845243,1.5351688234236884
2026-07-31T01:03:19.919Z,8487eeb4,b8980304,1.8438193169049,0.0138098317109375,0.000367115802734375,1.9632522945152184,1.527372972204306
2026-07-31T01:09:03.917Z,5be2e11b,27cd36b9,1.85833191559411,0.013806859703125,0.000381266845703125,1.9522979708087718,1.6027095843258317
2026-07-31T01:52:14.097Z,c27fd181,25630eb2,1.84731539516583,0.0138677526015625,0.0003687699375,1.960069218740859,1.5465001726449592
2026-07-31T02:08:46.053Z,50187716,06fe254b,1.84204850103789,0.013845950515625,0.00037445808984375,1.9404401279282137,1.5758087306553077
2026-07-31T02:15:25.744Z,53a608d5,853976d9,1.82374707083976,0.0138319147109375,0.000365970134765625,1.9380615094785745,1.5196926403743003
2026-07-31T02:58:06.498Z,f9a83624,e6d5f23e,1.81323537331795,0.0138145865859375,0.0003674877109375,1.9108549163459194,1.5492931093222337
2026-07-31T03:04:11.091Z,56501fbe,cfa04925,1.83159391724042,0.0138447685546875,0.000380343669921875,1.939215264279684,1.5432586051469208
2026-07-31T03:45:29.815Z,17c91142,4cc2c406,1.86066696924579,0.013802643875,0.00036569677734375,1.9834345959065818,1.536105131271708
2026-07-31T03:46:23.098Z,17bfc5f2,9f02792a,1.86001561755422,0.013829236,0.000377285970703125,1.9623501552569853,1.5839331601820514
2026-07-31T03:53:41.389Z,08e09606,05a0e4bc,1.87438246833447,0.0138726689453125,0.000376176025390625,1.989491373220599,1.5674968369833566
2026-07-31T03:56:26.298Z,d4d458fa,1833e606,1.87233992824567,0.0138140286484375,0.00037615576171875,1.9770578202296658,1.5903059483359303
2026-07-31T04:41:56.866Z,5d258d08,41ec8cee,1.85796606318207,0.0138299134140625,0.000367066244140625,1.982648932280015,1.5290216927821298
2026-07-31T04:57:38.065Z,c3d31d36,8bd5de79,1.85312622811908,0.01382036328125,0.00036568310546875,1.97884448956248,1.5218961340876578
2026-07-31T05:08:19.175Z,4135c9a6,01bef720,1.86619655396143,0.0138838265,0.000373484537109375,1.9868129838353812,1.5465307664856744
2026-07-31T05:32:00.433Z,ab713c88,b97c1cb2,1.83181826960376,0.0138844208984375,0.00036475537109375,1.9528422258237066,1.5119174274932798
2026-07-31T05:41:44.841Z,e97ab28f,02fd0afa,1.85687415714412,0.013822101234375,0.00036653084375,1.9878817913957711,1.5134156513951764
2026-07-31T05:57:55.931Z,3f7044b6,08cb38a3,1.87256253885152,0.013852203125,0.00037729264453125,1.9851078076185458,1.5717846072444772
2026-07-31T06:09:04.449Z,a714393a,102bd892,1.87781598888137,0.013872550453125,0.000366191,2.00210821110629,1.5493498342758245
2026-07-31T06:15:35.599Z,fd31ade5,8fd49f0b,1.86118722565248,0.013816461265625,0.000366131671875,1.9874077492346018,1.5286192193014145
2026-07-31T06:35:35.809Z,e8aed335,1d2191e6,1.86626855277899,0.0138226028671875,0.00036622591015625,1.9818232302666612,1.558482062962229
2026-07-31T06:39:36.312Z,585d499b,a7777e87,1.85859720100515,0.0138195283203125,0.0003684341640625,1.9754562987854554,1.5478855117252528
2026-07-31T06:47:43.688Z,1c41f314,20f5f37c,1.88971780141921,0.013837722984375,0.000385103759765625,1.9893699160944642,1.6197246010720228
2026-07-31T06:54:59.208Z,028ff427,962d8f6a,1.87294972254175,0.0138863935546875,0.00036867179296875,1.990996850881627,1.559167444047881
2026-07-31T07:12:09.250Z,eae3216a,ae24cab9,1.87206287403879,0.013855967453125,0.000365193359375,1.9968410312488676,1.5425926097802694
2026-07-31T07:13:16.967Z,242623ae,f7ce9b38,1.88496323221136,0.013859077796875,0.00038338118359375,1.987780276656429,1.6073350017451793
2026-07-31T07:14:19.341Z,796ebd80,6b1666b0,1.89954042203194,0.01388334440625,0.000377582193359375,2.015360345132966,1.5905086374869288
2026-07-31T07:15:32.031Z,e47c1d8a,a6450747,1.8852592697173,0.0138311380234375,0.000368298583984375,1.9988484681200467,1.5817750626779068
2026-07-31T07:23:24.049Z,45e33b7a,78076948,1.84462678365857,0.0138293154296875,0.000364967041015625,1.9693510895792565,1.5158792141422885
2026-07-31T07:41:39.760Z,ecd1f68c,ec5cf6d2,1.90699942946401,0.0139580416640625,0.000384697021484375,2.0127420306916717,1.6219516549484054
2026-07-31T07:49:26.105Z,00ff5187,a41cac3c,1.88930003808776,0.0138854352265625,0.000375438068359375,2.0059710202095573,1.5784461478213268
2026-07-31T07:51:05.339Z,294a62e3,e2e57932,1.87945676446303,0.01382711946875,0.0003671118984375,2.01112691312758,1.5339490142551981
2026-07-31T08:00:32.045Z,8b662aa2,49b01c78,1.85157801675682,0.013810183921875,0.00036520499609375,2.0089298063580565,1.4496854375330106
2026-07-31T08:21:00.164Z,7bf0f9e1,679c4ace,1.88197648789396,0.013823048171875,0.00036822184375,2.009094966021618,1.5468755567826877
2026-07-31T08:25:49.016Z,8ebce682,45e871af,1.87697068397526,0.0138104482421875,0.000381220296875,1.9813156936235035,1.5957649415337951
2026-07-31T08:27:37.117Z,e37a00f9,c80ded1f,1.88282503621659,0.0138652021484375,0.000366801677734375,2.0090559600753584,1.5497575366763103
2026-07-31T08:42:39.540Z,c0a82eab,092219a0,1.89327286964936,0.0138696380234375,0.000376973388671875,2.0046075255119744,1.5950150196060608
2026-07-31T08:50:35.248Z,fc536c33,885d9a56,1.88171980252024,0.0138885520859375,0.000364107421875,2.011710323658076,1.5400098097426234
2026-07-31T08:51:54.048Z,edfed6e8,ad9a64fb,1.87050014373041,0.0138118984375,0.000364771404296875,1.9922010047080192,1.5482158856188004
2026-07-31T09:13:40.626Z,5217cbee,6249d261,1.85643893769176,0.01384706803125,0.00036526025390625,1.9891016994162523,1.5092170758347137
2026-07-31T09:21:35.924Z,e102f6e4,88c3f9bc,1.89232648317205,0.0138030748671875,0.000374372314453125,2.0100969774626956,1.5788222489642467
2026-07-31T09:24:21.924Z,df54cf0f,0e8808fe,1.88890780830553,0.0138183248671875,0.0003804716796875,1.9975797449716917,1.5970947070524535
2026-07-31T09:25:37.696Z,1f47364e,b728ce34,1.87164319708376,0.0138635696640625,0.000364743896484375,1.998700693617497,1.5369118199946183
2026-07-31T09:28:18.848Z,22a87863,9c3b25f9,1.841774001113,0.013837952796875,0.000366319498046875,1.9516269993590551,1.5479427677186777
2026-07-31T09:37:58.337Z,e4d85c6b,bcf601d9,1.88924609738739,0.013905900390625,0.0003707724609375,2.0088992886877604,1.5713742789285094
2026-07-31T09:40:46.985Z,46b5084d,6a7f1c8e,1.89408728815847,0.0138232141953125,0.0003820677890625,1.995043506412693,1.6208500729548923
2026-07-31T09:49:03.925Z,8515e187,1debb2ae,1.87034738743468,0.01382744303125,0.000367038900390625,1.9886804881159243,1.5559443909514612
2026-07-31T09:50:56.854Z,cba68b3a,ba0574e7,1.85285320761702,0.0138151985703125,0.00037726554296875,1.9479212778591453,1.5945929879351382
2026-07-31T10:06:26.024Z,f138070a,3436e470,1.87235636966331,0.0138856595,0.000365214193359375,2.0006562427935703,1.5347464204370576
2026-07-31T10:07:28.149Z,a2878632,40dd70a3,1.87421090799875,0.0138380931015625,0.000367602783203125,1.996654726521085,1.5501186197707677
2026-07-31T10:20:19.256Z,59052c21,34f9d6bd,1.92020406397464,0.013829130203125,0.000383189046875,2.018198858232833,1.6538559103074753
2026-07-31T10:27:01.388Z,19f06926,7dc9ccb1,1.88561473656976,0.0138453395234375,0.000379447103515625,1.9894330541205076,1.6055501164951371
2026-07-31T10:29:25.071Z,ad4a7870,bbba0aed,1.8636870402223,0.0138644606171875,0.000366106201171875,2.006199481450875,1.494065369114812
2026-07-31T10:30:00.243Z,a52775a6,d72a66ac,1.88964994377297,0.0138293063203125,0.000378549560546875,1.9964549519001025,1.602311279760336
2026-07-31T10:38:18.966Z,d1fb8981,13663ffd,1.88486231459509,0.013895217125,0.000364533203125,2.0176485426256994,1.5366748070036034
2026-07-31T10:40:54.217Z,ce7dd5dd,9fae729f,1.86725198253015,0.013872087890625,0.000365763916015625,1.9921346891705847,1.5376433808737922
2026-07-31T10:43:49.451Z,f99b7679,a633f781,1.88745851040652,0.0138885126953125,0.00036487605859375,2.009774882656828,1.563390298298248
2026-07-31T10:50:38.580Z,3953dc8f,7edbaa63,1.87713467966921,0.013822628578125,0.000366567462890625,2.000626856798416,1.550541695821545
2026-07-31T10:52:07.849Z,4f364a4b,653fc240,1.8084631787956,0.013783487953125,0.0003639204921875,1.9399258934483976,1.4651539601722072
2026-07-31T10:54:34.433Z,a64f3281,ee3ab5a7,1.90581189296854,0.013815820640625,0.000382907064453125,2.003345328614671,1.640788781785047
2026-07-31T11:26:33.609Z,6e1b15fd,a2a6df23,1.89388162317561,0.013882404296875,0.000365837076171875,2.016590452040462,1.5687661152866974
2026-07-31T11:30:24.718Z,94df4f92,106b31d8,1.89424744406184,0.0138383333359375,0.00038350162890625,1.9951166974033214,1.6212199142545158
2026-07-31T11:34:39.538Z,0f06fb6a,89cf5f0e,1.91470696858463,0.0138776044921875,0.000382445880859375,2.012858413086623,1.6480469891154086
2026-07-31T11:49:38.979Z,a251101c,5d8e5d18,1.90158218332937,0.01383897884375,0.00036934855078125,2.022219790840408,1.581158217621128
2026-07-31T11:50:30.910Z,8aafd42e,95bc3867,1.88334669403797,0.0138395358046875,0.0003660037421875,2.0134428562717828,1.541356758768602
2026-07-31T11:53:36.259Z,b988a6b1,97758ae5,1.87928658239327,0.01380681184375,0.000364715005859375,1.9975106527880273,1.5649653988293697
2026-07-31T11:59:29.244Z,30e34dc5,ab3168e5,1.89102225186587,0.0138659697265625,0.00036358821484375,2.0154913584901646,1.561865873514894
2026-07-31T12:11:44.907Z,1ef874f9,ef0f0670,1.90584268837157,0.013819232421875,0.0003780337734375,2.0165748641265826,1.6088114655478738
2026-07-31T12:19:26.317Z,8859f3e6,4040c756,1.89220097378572,0.01382289453125,0.00036674169921875,2.0095816856772073,1.5796179281641014
2026-07-31T12:24:26.903Z,b810d3a1,049a587f,1.89119051677518,0.0138263466796875,0.000364933755859375,2.0103469040406723,1.5744472314612514
2026-07-31T12:32:10.911Z,2c5a125b,1c2c4694,1.90015247402122,0.0138679150390625,0.0003656146640625,2.0224056053794643,1.575973915008523
2026-07-31T12:39:18.379Z,80ccfbac,417ac4f1,1.89697228040841,0.013813513671875,0.000377009765625,1.9980350721882016,1.623433925446983
2026-07-31T12:49:20.856Z,5a89ed9d,a9de2bfc,1.88942901865856,0.0138208818359375,0.00036444059375,2.0139759608890277,1.5601252912313113
2026-07-31T13:01:13.040Z,effb6eb9,095ae672,1.9121067960526,0.013883755859375,0.00037615323828125,2.0247498516905993,1.6104025620549955
2026-07-31T13:04:38.514Z,91c34c2f,de55f49f,1.89393215044739,0.0138224186171875,0.000366260009765625,2.0132387143951367,1.5767826993255696
2026-07-31T13:11:09.394Z,974bce5e,27359221,1.87085907107869,0.013876029296875,0.000366951498046875,2.0046152956263747,1.5207967530634907
2026-07-31T13:22:31.257Z,bf7b1465,085655f2,1.91575063694511,0.0138935533828125,0.00038279150390625,2.018715534334627,1.6373085868747281
2026-07-31T13:37:55.215Z,abd580c1,a1066fc8,1.90805380053796,0.013942240234375,0.000377332599609375,2.0257654298368526,1.5943916014277555
2026-07-31T13:44:37.416Z,509d271e,18c66396,1.89212685599864,0.013817851234375,0.000384699787109375,2.002027143580611,1.5973170067274285
2026-07-31T13:46:35.097Z,904b74b7,16b3f94c,1.90279684002867,0.0138748385390625,0.0003654217109375,2.0275608584297093,1.5727076163950084
2026-07-31T13:50:00.731Z,64e2f909,7596f3f2,1.91524794481919,0.0138669485703125,0.0003786717109375,2.019461783864199,1.633778222650429
2026-07-31T14:24:08.365Z,32c2c3e2,6c91615b,1.90523258574183,0.0138616861953125,0.00037679191015625,2.01327035126257,1.6146771871932684
2026-07-31T14:24:25.022Z,19094283,e2fb6747,1.84281566459692,0.0138172193984375,0.000383447671875,1.911531870976423,1.6511363965221995
2026-07-31T14:31:20.655Z,a79278e5,af0b8034,1.86746785684484,0.013801429359375,0.000365324298828125,1.9908271590359468,1.5413876367052501
2026-07-31T14:40:38.303Z,6e321868,a54d8e9e,1.90432353041235,0.01383114453125,0.000380257974609375,2.006474188125494,1.628029249491563
2026-07-31T14:48:44.472Z,f4d3e70a,2fece69d,1.91060926586615,0.0138793076171875,0.0003757021484375,2.0230463363102746,1.609422350662499
2026-07-31T14:48:54.107Z,5139b34e,db484b42,1.90842925219087,0.013819581703125,0.000378939779296875,2.0102235786389295,1.6329435474453322
2026-07-31T14:49:40.607Z,d8a1babe,00e2bf2e,1.88963948654878,0.0137987115859375,0.00036663427734375,2.005687703698398,1.580250317263557
2026-07-31T14:51:24.145Z,5a9960d5,0752214a,1.87641201558561,0.0138169225234375,0.000366449544921875,2.006996801237857,1.5334611589734848
2026-07-31T14:59:42.408Z,87a3690b,9d161a91,1.89097160034512,0.013818380859375,0.0003646293125,2.0159506325088703,1.5606314246350492
2026-07-31T15:11:45.601Z,98cc0cc0,6cc0be50,1.88964963860437,0.013835304359375,0.000365963052734375,2.006445003074669,1.5784955960427918
2026-07-31T15:15:01.120Z,3421dc1c,b4d703c7,1.89325828944994,0.013828648109375,0.000366805990234375,2.0067615556203053,1.589835354968694
2026-07-31T15:30:27.604Z,4ad4bbff,da19541b,1.90985996131115,0.013858921875,0.000377196125,2.0146571851846278,1.6270564676362052
2026-07-31T15:35:06.087Z,fea7f28e,089df7a8,1.92055930540113,0.0138388147734375,0.00038662312890625,2.013443133412439,1.666835667784955
2026-07-31T15:45:30.940Z,9fdb0973,ae8f3860,1.89315818795811,0.0138683951875,0.000363982501953125,2.018847954040237,1.561121771115334
2026-07-31T16:02:10.890Z,0098bcb2,be426b28,1.90376087644282,0.013823359703125,0.00037813671875,2.0070762961838082,1.6246430028970615
2026-07-31T16:10:19.951Z,8f4ee8df,848620bf,1.90255544380149,0.0138748987578125,0.000367035482421875,2.0198504928282937,1.5899798227524606
2026-07-31T16:16:00.141Z,b6b0d432,ad82ea5a,1.89304447402607,0.0138383955078125,0.000365334634765625,2.015216440012948,1.5691995545367412
2026-07-31T16:26:05.091Z,e885776f,5e66d242,1.95209133527506,0.013804288734375,0.000365649658203125,2.009462914957066,1.7896188610736952
2026-07-31T16:39:25.295Z,96b31ffa,79c0162e,1.89374106658613,0.0138121741484375,0.00036548095703125,2.014208451098476,1.5738710503869948
2026-07-31T17:14:32.513Z,2e986899,d8c83222,1.95576737376627,0.0138612405546875,0.000364339599609375,2.0170731321226025,1.7828050439897034
2026-07-31T17:15:09.546Z,73ec2f02,8be3f119,1.90525631910954,0.0138966920546875,0.00037147119140625,2.0213108983960577,1.5955642243684527
2026-07-31T17:19:21.991Z,0c08e498,e4d3cc9b,1.93372883468164,0.0138899739609375,0.000366320962890625,2.0011728469316807,1.7447310436512409
2026-07-31T17:31:38.580Z,5b34e66d,a35ba2c5,1.9777423534056,0.013909994140625,0.00037925675390625,2.0201113396461103,1.8558930129456785
2026-07-31T17:32:50.521Z,0a21abf7,492dc2df,1.88260247024864,0.0138077526015625,0.000367021810546875,2.001333737210288,1.5670250800592205
2026-07-31T17:43:31.597Z,81c77b45,05ada545,1.97386874811045,0.013847959640625,0.00037824365234375,2.0175376832725225,1.848451749167768
2026-07-31T17:46:57.898Z,b098868b,8d9844d7,1.95594608967366,0.0139214651640625,0.00037265071484375,2.0255183139094655,1.7612418608509275
2026-07-31T17:55:19.263Z,7dd87e42,aabc3704,1.9480342865269,0.0138625169296875,0.00036746142578125,2.0007041457464108,1.798199073619992
2026-07-31T18:08:02.178Z,6f735a6f,2f9202b8,1.85078041927273,0.0138359501953125,0.00038207071875,1.9468469229802066,1.5900990178202423
2026-07-31T18:11:26.581Z,e623e714,bb81878d,1.97055031534369,0.0138330345078125,0.000373981771484375,2.020875155809673,1.82697102401685
2026-07-31T18:13:15.948Z,81b46f88,70d4cfa0,1.97752557823358,0.0138425514296875,0.000380881673828125,2.01816706846457,1.860446100460421
2026-07-31T18:21:27.653Z,57e07e0d,3a0fab5d,1.95805842478678,0.0138137216796875,0.000379977294921875,1.9933447844696326,1.8559031645268702
2026-07-31T18:35:10.624Z,a89665c3,17637475,1.95285413041421,0.0138405270234375,0.0003667596015625,2.0098374399842704,1.7914158894608867
2026-07-31T18:39:06.165Z,08ca2b31,fd1e1726,1.95062764883561,0.0138040794296875,0.0003667478828125,2.0073663490433553,1.7898539091561159
2026-07-31T18:40:24.505Z,8cdbcf15,83e5ccd2,1.97449289548495,0.01383265234375,0.00038256258203125,2.0098167848490114,1.8722028198385783
2026-07-31T18:56:02.042Z,7004b57b,94ac74fc,1.94848101181102,0.01382268815625,0.00036618074609375,2.002618859826768,1.7946915004548794
2026-07-31T19:08:58.294Z,13291ffa,85ae7463,1.97882485086662,0.01384037175,0.000384283529296875,2.0131369750233947,1.879357694689631
2026-07-31T19:20:45.725Z,16376154,248a8a5d,1.9690364807352,0.013827613609375,0.000383639484375,2.000295864871062,1.878158925281115
2026-07-31T19:27:36.707Z,18e504c4,70ca5ad4,1.95554617712976,0.0138217486953125,0.000367325765625,2.012072793874174,1.7953173829405873
2026-07-31T19:36:19.493Z,1780a275,5aad37d7,1.97589787650235,0.0138332298203125,0.000382799884765625,2.011349707627401,1.8732477423968557
2026-07-31T19:37:59.064Z,45ff66b0,44e20eaa,1.94617700225896,0.013908212890625,0.000366272052734375,2.00187124255905,1.7882198952754769
2026-07-31T19:43:48.082Z,d3ca9f33,9ff8fe4d,1.93978143797227,0.0138928486328125,0.000365093099609375,1.9943588674137807,1.7848481411662633
2026-07-31T19:44:31.500Z,c50302bf,57645078,1.97084137229918,0.0138317760390625,0.000378515625,2.0145876806478857,1.8452200303490136
2026-07-31T20:14:25.217Z,ce7049d3,e8f66de5,1.93472978966637,0.0138266653671875,0.000366757732421875,1.9886182654529938,1.7816689132987136
2026-07-31T20:15:05.021Z,675689a9,f9ed45f1,1.96804079425166,0.0138518186796875,0.00037888094140625,2.014064536424893,1.8361841665428817
2026-07-31T20:30:43.158Z,f0b61a59,9c5eaceb,1.95369564672089,0.013842788734375,0.000366191326171875,2.0109338410868665,1.7915720853075165
2026-07-31T20:33:30.096Z,e60ed61c,c1ad32e0,1.95698376681355,0.0138556321640625,0.000365821939453125,2.017193427001501,1.786924732050254
2026-07-31T20:36:49.400Z,143b419a,81bed26c,1.93651945011954,0.013876528640625,0.000383817138671875,1.9577949306520879,1.8740701977822434
2026-07-31T20:40:06.497Z,615d4661,f9cc24d2,1.95239503651177,0.013858248375,0.000365811685546875,2.0116611277583933,1.7848688402085218
2026-07-31T20:40:08.824Z,6632afb4,ee41ada2,1.40544578051383,0.0138612470703125,0.00036668408203125,1.4697572436329325,1.2289085227666288
2026-07-31T20:44:47.617Z,a31321f2,2ca15712,1.97279345275897,0.0138357161484375,0.00037806632421875,2.0167365632318472,1.8466260402489771
2026-07-31T21:01:24.109Z,483962f6,95391e3b,1.95277632160973,0.01384894921875,0.000377816,1.9915635626734618,1.8408885052090505
2026-07-31T21:09:22.970Z,80636e01,29511b68,1.95487738382684,0.01387890690625,0.00037885359765625,1.9910765835870228,1.8501809055950296
2026-07-31T21:38:21.096Z,d9155e48,574fdf13,1.97405594144362,0.0138403154296875,0.00038266593359375,2.008088141280816,1.8753809857509975
2026-07-31T21:51:21.014Z,7c2f810a,aeeec563,1.94411011212135,0.01383717415625,0.000364822916015625,2.013486795834477,1.7499960932010457
2026-07-31T21:51:51.233Z,38ed5aea,2bfd738b,1.95036349593992,0.0138120768203125,0.000376131509765625,1.988695229445852,1.8397446286516868
2026-07-31T22:14:11.776Z,61dc0e8c,2aabb38f,1.95811291431659,0.0138172200546875,0.000375436603515625,1.9992262415824165,1.8397766218104552
2026-07-31T22:17:15.927Z,4d620eca,41f3952c,1.9635390119947,0.01389511653125,0.00036540421484375,2.025895187548303,1.7877517795342561
2026-07-31T22:22:39.837Z,a18124d4,2f2e4ed8,1.91516131287086,0.013831728515625,0.000365899658203125,2.0047081383109044,1.6698135484782362
2026-07-31T22:24:33.744Z,745286a5,d545e3d0,1.98015241789063,0.013883974609375,0.00038617391015625,2.0125711933899986,1.8859958165681667
2026-07-31T22:27:08.069Z,e23e82c5,cedf4ff4,1.96088204924967,0.0138926142578125,0.0003672103671875,2.0182243613936217,1.7984466157719474
2026-07-31T22:38:19.304Z,f8707501,dcccc1ce,1.93365777067574,0.01382702896875,0.0003661241875,1.98387919048282,1.790493649276211
2026-07-31T22:41:40.000Z,5899be30,,1.95294550723983,0.0138638971328125,0.000366093912109375,2.0103294089092607,1.790436091446502
2026-07-31T22:50:47.902Z,f03984b6,,1.99457154574421,0.01383831803125,0.000378532470703125,2.0461746848613163,1.8474400519990244
2026-07-31T22:51:49.720Z,8a106d4c,,1.95933352187505,0.0138109332734375,0.0003752306328125,2.0021969956473313,1.836170725821289
2026-07-31T22:52:56.465Z,b56a6d9d,,1.98007926539749,0.0138156256484375,0.0003794695625,2.0249293559731725,1.8514017700379974
2026-07-31T23:06:51.041Z,6bca0dda,,1.97036731244374,0.0138976435546875,0.000373545734375,2.0206543424291104,1.826891230215209
2026-07-31T23:10:36.436Z,287404e5,,1.979875374596,0.013816486,0.000382300455078125,2.0176926447904115,1.870623489132746
2026-07-31T23:47:08.458Z,ad14f90b,fe4d8481,1.95253180914046,0.013881120765625,0.000364180013671875,2.0134908725409417,1.7805061394033077
2026-08-01T00:01:10.997Z,68061a95,23e07544,1.9481512450736,0.01378562825,0.000366109375,2.0047694701466865,1.787711202163969
2026-08-01T00:35:17.442Z,f39c080a,57e9c554,1.97686931508982,0.01380189453125,0.0003675541171875,2.031068978980043,1.8227949723837242
2026-08-01T00:39:00.103Z,0b45f500,b7a07084,1.94645684707768,0.0138437421875,0.00036433821484375,2.0047361715138474,1.781588661732714
2026-08-01T00:39:58.254Z,c5282629,7d82a932,1.98968636013236,0.0138493427734375,0.000366447671875,2.0590528215111803,1.7952958518378532
2026-08-01T00:54:34.239Z,197572a3,f4953779,2.00287417095718,0.0138862392578125,0.00038327042578125,2.046925099789864,1.876328215713312
2026-08-01T01:03:10.634Z,a2bec03e,ae076a95,1.94937434147595,0.013912422203125,0.000365385091796875,2.019355144222033,1.7536497849852946
2026-08-01T01:06:12.016Z,7f2cf675,23ede366,1.94678443362028,0.0138184068984375,0.0003641640625,2.005411995100292,1.780986531205778
2026-08-01T01:22:20.049Z,86f5a63d,ec42a35f,2.0145278253229,0.0138296985703125,0.000385360107421875,2.059449165894438,1.885557808501357
2026-08-01T01:34:16.012Z,9cb51530,6caa6516,1.98929477177307,0.0138521516953125,0.000371103189453125,2.040807116968926,1.8424286761880637
2026-08-01T01:41:34.600Z,adc4ede8,0e27b6ac,1.96331068211547,0.0138656692734375,0.00036663232421875,2.0378710427816555,1.755601824195017
2026-08-01T01:46:10.429Z,e55ea601,b03fd35e,1.98735458311987,0.01382160709375,0.0003797861328125,2.032957242819334,1.856593000676707
2026-08-01T01:54:49.758Z,bb7f7b35,f0b49453,1.99757888095391,0.0138139788359375,0.000363857421875,2.0539217249987805,1.837655444620091
2026-08-01T01:57:01.581Z,8771b08f,996c33e0,2.01632698346898,0.0138081656875,0.000383234048828125,2.0550300507378294,1.9045365758962587
2026-08-01T01:57:40.028Z,cc315c65,e73aa675,1.99484371948124,0.0138299576875,0.0003757486171875,2.0510793025640726,1.8352200888045116
2026-08-01T02:19:15.358Z,44f84ea2,873c0ed8,1.96566458578426,0.0138591416015625,0.000365977865234375,2.041975494138679,1.753420484203406
2026-08-01T02:22:27.340Z,e840a9f5,51f63283,2.00048129634162,0.0138427666015625,0.000379786376953125,2.0513048371128515,1.8554419383701934
2026-08-01T02:30:42.123Z,9b46df52,c276db32,2.00823438301597,0.013817045578125,0.00036569205859375,2.065819017897215,1.844933767839354
2026-08-01T02:31:51.398Z,55fb4be7,68286f16,1.97970422616021,0.0138272692109375,0.000364011638671875,2.040506219821949,1.8079543977175772
2026-08-01T02:55:30.779Z,0d624464,56009f60,1.89873668751338,0.01382914453125,0.00036706787109375,2.0117311076363005,1.596427400384166
2026-08-01T02:56:26.906Z,727fef2b,98b5671f,1.99981351757207,0.0138843785859375,0.000366579671875,2.0642657724072655,1.8182816830090252
2026-08-01T02:59:56.741Z,aaa1adbf,1fd9c4f0,1.9994082778562,0.013825047203125,0.000367606283203125,2.059657678543757,1.8290299096172762
2026-08-01T03:16:31.746Z,15b590c3,f5fe4a2b,2.01591279113596,0.0138181975859375,0.000381123697265625,2.0602223395151027,1.8886204412677403
2026-08-01T03:17:43.023Z,d643cd8f,4c0c92b2,1.99271911519416,0.01381435709375,0.000365542560546875,2.0554589808923196,1.8157577402874634
2026-08-01T04:07:34.090Z,420e5ec4,af376f1f,2.01812556481825,0.013906609703125,0.000375474853515625,2.070138521468996,1.869797242926462
2026-08-01T04:07:50.729Z,40d31c14,471ebf8a,1.96913140743739,0.0139261533203125,0.000378400716796875,2.0791066292894533,1.6728943223634989
2026-08-01T04:24:28.263Z,031bdcb2,64b4fb32,2.004881974259,0.013835530921875,0.000369726318359375,2.054336188192469,1.8635484784244605
2026-08-01T04:30:38.554Z,cfe8176b,e6b45a93,1.98718733885915,0.01390535871875,0.000367049072265625,2.0638801218995524,1.7737885257255042
2026-08-01T04:30:47.530Z,f91d527d,2b0d2e21,1.99645450654441,0.0137981136015625,0.000366892822265625,2.0563214314717593,1.8271098869758275
2026-08-01T04:33:10.144Z,26a3ffda,0bfa8494,1.9994341067571,0.0138357294921875,0.000378865234375,2.0969435049647007,1.7332778791160133
2026-08-01T04:36:55.482Z,3354ebc7,2bb4db8d,2.01081396331401,0.01389557421875,0.000365783609375,2.0773029206777442,1.82384561873583
2026-08-01T05:18:56.005Z,44076af3,0fb309b2,2.02897071936896,0.0138350266875,0.000364668701171875,2.1033870089570526,1.821149323264085
2026-08-01T05:21:11.192Z,86b92e13,ead6648b,1.86803506632491,0.0138614088515625,0.000366052490234375,2.0085642950710785,1.5027366657078398
2026-08-01T05:23:00.037Z,42835ffe,1487c9e8,2.04569940019417,0.0138232874296875,0.0003815990390625,2.0831537399220132,1.937328659360694
2026-08-01T05:23:00.041Z,f879263c,ae923a3f,2.01039236842442,0.013913478515625,0.0003667212734375,2.0741528128872866,1.8306320370589289
2026-08-01T05:23:17.984Z,bc150d44,dd9652e1,1.98043124538647,0.013835903,0.00036569132421875,2.096184450450297,1.6701312155010304
2026-08-01T05:42:36.178Z,93cb28ad,4e707901,2.01769971362673,0.0138711663359375,0.000379845703125,2.061178495687644,1.8926892741826986
2026-08-01T05:45:14.369Z,3e7e1a8a,ca9764ff,2.03482873345742,0.0138729147109375,0.00036656591796875,2.1091916212197415,1.8271042765163361
2026-08-01T05:55:33.600Z,97fafa3d,66a12f64,2.05279105901268,0.013847671546875,0.00038198722265625,2.10496348630458,1.9039050663486636
2026-08-01T06:02:15.666Z,0c5766ea,7d900f29,2.05354833623959,0.0138434609375,0.00036587605859375,2.1237955776602067,1.856442842313114
2026-08-01T06:03:28.383Z,c07dd6df,8ea04751,2.05147323086044,0.013849207359375,0.0003833544921875,2.086018627456793,1.9512318247220364
2026-08-01T06:26:26.051Z,a434d46d,548a7382,2.05634559176668,0.0138696155625,0.00036496630859375,2.1281030101754377,1.8552672566679203
2026-08-01T06:30:46.446Z,8b9bce3f,b63f87b3,2.03200729239653,0.0138417490234375,0.000377003173828125,2.0800004637240153,1.8945704246132529
2026-08-01T06:37:30.829Z,69171715,79866edb,2.05618780138899,0.013864374671875,0.000382698810546875,2.09279472107779,1.9501643800168202
2026-08-01T07:03:47.886Z,be309911,04623c69,2.0628111846662,0.013901166015625,0.00036599967578125,2.1319726378129813,1.8684996908964004
2026-08-01T07:19:13.010Z,3cba0973,553660ff,2.01121366989667,0.0138694192734375,0.000376884115234375,2.1182215958980017,1.7215461690814362
2026-08-01T07:19:22.299Z,9f98995f,d2a475a2,2.07491491426875,0.0138903678359375,0.000378147216796875,2.129347690809379,1.919824042995186
2026-08-01T07:23:44.439Z,894217e4,d523a25e,2.07010077443751,0.013801345703125,0.000378566162109375,2.120367600219877,1.926337916020772
2026-08-01T07:24:34.884Z,e368cedc,fe899e97,2.08397476221754,0.0138630149765625,0.000386158283203125,2.1269182481676356,1.9602769291020452
2026-08-01T07:44:25.598Z,c3033596,f3b05d1c,1.99926106954429,0.0138207701796875,0.00036729988671875,2.118690651769246,1.6798688852612045
2026-08-01T07:57:31.722Z,a947cc48,ea25bf34,2.047307660952,0.0138599361953125,0.000366008625,2.1117699870891444,1.8654886295447306
2026-08-01T08:18:28.197Z,a8834f26,53c6f22f,2.05605866689037,0.0138269482421875,0.000367815267578125,2.1215632865278957,1.8714319339728167
2026-08-01T08:21:17.352Z,15214500,48853928,2.06710887476455,0.0138355927734375,0.0003763712578125,2.1223169386644374,1.9099530223044319
2026-08-01T08:24:02.174Z,70f9b08f,f177327b,2.0616942902165,0.013886934890625,0.0003675474453125,2.1281643855699586,1.874483230217359
2026-08-01T08:38:18.537Z,cb3492e2,f3aad08c,2.07199407644655,0.013869035484375,0.000377068115234375,2.1266791301251096,1.9162321851701303
2026-08-01T08:38:52.558Z,4fad6d05,4970a580,2.08252061518928,0.0138731240234375,0.0003848592109375,2.126302345460394,1.9565104967873468
2026-08-01T08:48:26.894Z,5a61234d,9bfd3c02,2.05544254182859,0.013822580078125,0.0003662724609375,2.1215504525793993,1.869223667373945
2026-08-01T09:00:22.677Z,2324bd25,3c35cb8c,2.06134100034063,0.0138943561171875,0.0003654150390625,2.1325291328914537,1.8617203566813105
2026-08-01T09:13:52.686Z,446d2144,ceb4b408,2.05206178370757,0.0138358548125,0.000365161541015625,2.120798202129103,1.8589327983258552
2026-08-01T09:21:48.126Z,820d74bb,0c67f833,2.0720703397021,0.01386406021875,0.000375887126953125,2.126235784742255,1.9177134193478493
2026-08-01T09:28:52.351Z,d1f2057d,71a52670,2.07036696426164,0.013873046546875,0.00037778743359375,2.127342715180685,1.9084330791915332
2026-08-01T09:47:06.112Z,f1f0f2b8,138127ae,2.05769398601305,0.013839689453125,0.000367056396484375,2.1225772568383254,1.874703687280148
2026-08-01T09:49:03.360Z,277a0b2e,73700524,2.0620697283659,0.0138483642578125,0.000374163412109375,2.121335007292436,1.8940245769820367
2026-08-01T09:54:47.415Z,6e06cfb8,20a5701b,2.0496870427287,0.0138101735,0.0003646407890625,2.1179627707588327,1.8577841664869048
2026-08-01T09:57:14.552Z,c99742c4,9f49ce7a,2.08922406575461,0.0138219661484375,0.00038232503125,2.1389023048283016,1.94700574923964
2026-08-01T10:02:44.831Z,9e8275c0,d05d520d,2.05445674586657,0.013815748375,0.000367240966796875,2.1194937746269176,1.8710766225479951
2026-08-01T10:05:41.488Z,5e1b3b03,c6662479,2.0556003217775,0.013831183921875,0.000367575521484375,2.1228025995400794,1.8664908946087773
2026-08-01T10:06:04.508Z,d4a25149,aa0c6180,2.05975039694698,0.013861257484375,0.00036598193359375,2.1280491702680506,1.8677270365668135
2026-08-01T10:16:31.225Z,3c38836a,9a6e9eaa,2.07773888141253,0.013904755859375,0.00037890975,2.1312094985521486,1.9252424924721232
2026-08-01T10:20:21.582Z,8ccc223a,da0d1bb0,2.04012656067102,0.0138430380859375,0.000364250568359375,2.1080924366361167,1.8490961304509428
2026-08-01T10:33:37.382Z,844867de,03908c19,2.0663172697235,0.013930763671875,0.00036570947265625,2.139015361214358,1.8627145690759652
2026-08-01T10:46:43.750Z,1b1d2907,fed6f4a4,2.06592881126188,0.013854888671875,0.00036679345703125,2.1372954999519433,1.8658111978388023
2026-08-01T11:01:27.662Z,1ed984a1,26344ac5,2.05716634228818,0.0138085690078125,0.000366129802734375,2.1262747847679453,1.8630283925535456
2026-08-01T11:02:04.912Z,a8ad0039,a9f56dc5,2.06486429299686,0.0138523782578125,0.000365399251953125,2.1404233628563145,1.853817633638437
2026-08-01T11:10:38.316Z,740dd62f,82cda0a4,2.0693866504552,0.0138985384140625,0.0003677583828125,2.1420686519589656,1.8658057013092202
2026-08-01T11:10:43.036Z,22eb83ee,9e4a6ed5,2.06508953229467,0.0138445315703125,0.000365528564453125,2.1367554273556455,1.864193949234129
2026-08-01T11:15:14.017Z,d6cb21d5,9f2b053d,2.06617584762177,0.0138514156875,0.000365385822265625,2.138765761049201,1.8628567227572022
2026-08-01T11:22:11.661Z,db1ba6c1,3a7619f6,2.07657688970725,0.0138725638046875,0.000365981689453125,2.1561678875705153,1.8550018397305612
2026-08-01T12:00:03.955Z,991e7c78,a9a47fe7,2.06207363692859,0.0138862076796875,0.000366322021484375,2.1341868589886945,1.8600274579773417
2026-08-01T12:09:09.738Z,e95d71f0,f840c69f,2.05864743515089,0.0138258059921875,0.000366906494140625,2.12780365825413,1.864374904408621
2026-08-01T12:18:35.747Z,f4d93aab,1719f883,2.06871498797549,0.0138194231796875,0.00037692431640625,2.1238664662589057,1.9117056342667231
2026-08-01T12:29:52.370Z,30c2d1d8,d77d9872,2.08330849249332,0.0138252946015625,0.0003840166015625,2.1310008455001617,1.9465406198292858
2026-08-01T12:55:04.406Z,b4e5be80,fca5e3be,2.07393825508429,0.013895230796875,0.0003683052578125,2.1485121243181218,1.8653909421942783
2026-08-01T13:07:34.206Z,fd2f5f84,1e2ba619,2.08628668120678,0.013805858078125,0.0003770279140625,2.147011443985764,1.9142244726700737
2026-08-01T13:12:33.181Z,1a24ce81,df1b39f8,2.07020042464604,0.013885196609375,0.000367939697265625,2.144662535048789,1.8619699930912887
2026-08-01T13:12:45.881Z,37c91231,8172a35a,2.06794028851332,0.013822228515625,0.000366513671875,2.1425824803372797,1.8592565896455593
2026-08-01T13:17:00.554Z,8893af9a,17e5b538,2.08547886077977,0.0138875104140625,0.000365504150390625,2.1685018999056043,1.8549992875418955
2026-08-01T13:29:31.327Z,127220f3,7d91c50d,2.08350025288227,0.0138389498671875,0.00036728645703125,2.162038897681172,1.8645915876707633
2026-08-01T13:31:22.005Z,1f69e7d7,6d15b334,2.07039782000011,0.0138870247421875,0.000367434490234375,2.1452394697846167,1.8611778282881997
2026-08-01T13:33:25.811Z,09f13e9a,99b22b0a,2.085541055727,0.01390804296875,0.000366586669921875,2.166422798051992,1.8605670400095162
2026-08-01T13:38:58.333Z,0682cc25,af085760,2.09306570699382,0.0138332096328125,0.000378972005859375,2.1520609555455104,1.9256073909692932
2026-08-01T13:48:01.623Z,18698c39,1e280637,2.06628866932291,0.0138429420546875,0.0003673642578125,2.1361311534350356,1.8701663365803851
2026-08-01T14:26:33.514Z,2fd0e991,15c76033,2.08752970858467,0.0138071455078125,0.00036566015625,2.1724073088317546,1.8522810924067616
2026-08-01T14:40:04.785Z,aa6660cb,df0af746,2.11750832958454,0.0138311822890625,0.00038146687890625,2.181236387388597,1.9372796103266816
2026-08-01T14:52:27.124Z,96bfd3b7,bea5af32,2.11953731302476,0.0138489921875,0.000378898763671875,2.1895445992266027,1.922661713712948
2026-08-01T15:20:08.817Z,28ffcdcf,c8909049,2.09187410074599,0.013818812828125,0.000364611328125,2.1819992352995907,1.8432251599242029
2026-08-01T15:22:23.915Z,8340d919,15435785,2.0873659484431,0.013814227859375,0.000378853677734375,2.1510921811101342,1.9072925519231665
2026-08-01T15:22:57.585Z,2040eb59,45ade5cc,2.10388613029961,0.013886989578125,0.0003685498046875,2.1897542638550074,1.8659619361465694
2026-08-01T15:24:55.009Z,6b197721,502fe566,2.10815127767257,0.0138724635390625,0.00036818798828125,2.1939350672316627,1.8704055320400828
2026-08-01T15:35:14.589Z,bcba8a9b,fa628928,2.11256507108249,0.013838876625,0.0003732769375,2.1916317281741327,1.8920719290264454
2026-08-01T15:48:50.989Z,3749f38e,e5253d65,2.11762689626779,0.01387667415625,0.000379655111328125,2.1869620297689014,1.9225340880081625
2026-08-01T15:50:19.941Z,d2492c81,018f41af,2.09718659471591,0.013835841140625,0.000366454509765625,2.1799019376531197,1.8674002811679669
2026-08-01T16:02:26.792Z,f08b0d05,d44a0780,2.10163365753435,0.0138500250625,0.000367352294921875,2.1848166642783835,1.8706091795265156
2026-08-01T16:04:25.963Z,0b628fdf,84f42b60,2.10525844892704,0.0138417216796875,0.00036658211328125,2.1950273454628615,1.8573847300505801
2026-08-01T16:07:14.839Z,3223e19d,149892c3,2.12281334772927,0.0138455315703125,0.0003802377109375,2.19030925055764,1.9325508351309963
2026-08-01T16:31:58.679Z,9139d8bb,03f38f4d,2.09779715506183,0.013835268234375,0.000377880046875,2.1741726235187264,1.8843948106591866
2026-08-01T16:32:32.091Z,dd341a52,7a53d41d,2.12365737170721,0.01381303190625,0.000376303140625,2.199289573232799,1.9120117300597668
2026-08-01T16:40:33.303Z,8449082c,9f79cdfc,2.1640759452478,0.0138469485703125,0.000368082111328125,2.2736319629228885,1.8660767105710185
2026-08-01T16:47:18.643Z,246b3b79,9c47ece6,2.10549543677054,0.013874418296875,0.000366392333984375,2.1955284410930456,1.8569491696488858
2026-08-01T16:56:23.173Z,63d71950,71951be5,2.12353367515632,0.0139058671875,0.000377938638671875,2.198823596991482,1.912781852604067
2026-08-01T17:03:14.491Z,e9dffed0,3b064382,2.08280810240358,0.0138236188125,0.000366247234375,2.163067077396267,1.8594609920126761
2026-08-01T17:17:52.672Z,c652417b,28c8b44d,2.13183855041492,0.013892210609375,0.00037771842578125,2.2103483494751477,1.9126481055681546
2026-08-01T17:18:12.341Z,fa196819,d585893a,2.1411705399282,0.013823548828125,0.000376701904296875,2.2231504595683895,1.9129273173138672
2026-08-01T17:19:55.271Z,e18eea7f,b0a953c9,2.12705839213125,0.0137901878203125,0.00038347566796875,2.190942712664042,1.9463663300957166
2026-08-01T17:25:25.802Z,1451ee69,93cc1d63,2.18638089379018,0.0138432526015625,0.000367689861328125,2.3056885286084974,1.864238091351556
2026-08-01T17:26:55.186Z,73dae769,c75c84bb,2.15827833176438,0.013810861328125,0.000365350017578125,2.2713449699773833,1.8517421144887711
2026-08-01T17:41:54.089Z,df2a7483,500d92a0,2.23332009444833,0.0138870592421875,0.00036700691796875,2.3707153235296095,1.8670918086319037
2026-08-01T17:42:14.388Z,d9ac4010,3d699b88,2.19723015707135,0.0138016259765625,0.00037934334375,2.2960813203641597,1.925486190145732
2026-08-01T17:59:38.081Z,b1c74a18,fee8fa5b,2.16548499418822,0.0138089388046875,0.000365494548828125,2.279965574992466,1.855392708107482
2026-08-01T18:14:58.730Z,214fd89a,fc306048,2.2414044139947,0.013911723953125,0.00036719490625,2.384968779200647,1.8605133763413995
2026-08-01T18:28:43.388Z,77207f1d,6ef788a4,2.12260941970761,0.013843460609375,0.000366199626953125,2.218430277232511,1.8592722918659372
2026-08-01T18:31:30.350Z,ec3845b2,7025854a,2.22633108894179,0.0139204612578125,0.000369096435546875,2.3583876242225186,1.8728950512376912
2026-08-01T18:34:50.022Z,5139da0f,72e7df91,2.26148968661582,0.013882830734375,0.00038537019921875,2.3764347227699028,1.9489503612125283
2026-08-01T18:45:21.245Z,db173215,df88ed8a,2.36996072007723,0.0139099602890625,0.000366702068359375,2.5682349829553703,1.862345783592638
2026-08-01T18:47:38.179Z,f9e70ec6,b0ddd97b,2.2333038525828,0.01390944596875,0.000365052572265625,2.3720188502219814,1.8639611336301773
2026-08-01T18:47:51.308Z,9457f777,90a9abfa,2.22565369702867,0.0137997532578125,0.000373012775390625,2.3501153252171925,1.8904397444058112
2026-08-01T19:05:40.648Z,7d17ed88,8025d5b2,2.28723711618581,0.0138008235703125,0.00036530965234375,2.4515946568168334,1.8573714313133598
2026-08-01T19:09:34.367Z,1d7d08b4,ab8882cf,2.27427976237352,0.0138172802734375,0.00036681119921875,2.432178184803595,1.8594708772341009
2026-08-01T19:15:34.985Z,25fec7f7,974c581b,2.34820423740933,0.0139025240859375,0.00038199210546875,2.5027908435188824,1.9394107446551512
2026-08-01T20:13:14.909Z,9847ff8f,e6596576,2.37074944628857,0.0138476064453125,0.00036848974609375,2.565469122263709,1.870864160764886
2026-08-01T20:32:40.768Z,a2661603,fc57671f,2.35212323170799,0.013841111984375,0.00036981103515625,2.52946073670282,1.8912827356528652
2026-08-01T21:04:31.321Z,cc79cef2,71b80b1f,2.38717668655054,0.0138348850859375,0.00038550382421875,2.5506483303610423,1.956980526474057
2026-08-01T21:14:33.359Z,ddbd3049,d206e3c1,2.33600471446169,0.0138331666640625,0.00036346883203125,2.5319229263098695,1.834608561277944
2026-08-01T21:46:59.447Z,d3d5f287,bef70398,2.3287536239698,0.0137970778046875,0.000382367595703125,2.4684198749226143,1.9554065757492607
2026-08-01T21:52:14.309Z,ec21a463,0a318dd9,2.36316485776064,0.0138525520859375,0.00036625341796875,2.559272159948747,1.860487093437707
2026-08-01T22:06:57.989Z,7e5e9d07,7b5a2d29,2.364934149421,0.0138312376328125,0.00036727897265625,2.5539803348098964,1.8776885722838195
2026-08-01T22:15:10.417Z,82c9d335,bfa3120d,2.29224640648626,0.0138238131484375,0.00037820930859375,2.426804370434936,1.9317054143139607
2026-08-01T22:39:51.028Z,70a3ad4b,60f436a2,2.39434519974008,0.0138927916640625,0.000377356525390625,2.5759627244533863,1.9227744102278264
2026-08-01T22:41:46.510Z,27e703fa,94d56f22,2.29893823943838,0.013840071609375,0.0003667552890625,2.531397237523317,1.721980825651011
2026-08-01T23:04:28.783Z,3a638f7a,33569cd2,2.38611605413941,0.0138874420546875,0.000382604328125,2.574993191435223,1.8986197568735204
2026-08-01T23:10:12.865Z,a0da915f,70fe340b,2.45073250313311,0.0140159169921875,0.000379341552734375,2.6492948985023403,1.9399598118033108
2026-08-01T23:15:42.370Z,747be434,7d163eae,2.39324654143728,0.013824685875,0.000364698404296875,2.60747921364821,1.8504919275496197
2026-08-01T23:41:06.179Z,c855ace8,3fd15225,2.40555423249294,0.0138474580078125,0.0003679052734375,2.6092050453494573,1.8851068894911196
2026-08-02T00:01:28.078Z,a48d8a34,a348ef71,2.40344956241438,0.01391644921875,0.00036641325,2.6117095375320485,1.8731192434883492
2026-08-02T00:14:33.890Z,a27170ef,71c6501c,2.41089910868081,0.01386678515625,0.000377501791015625,2.597368885265403,1.928036469961528
2026-08-02T00:35:23.441Z,b56c7433,5d8aee51,2.35900694648947,0.0138277158203125,0.00038476611328125,2.582113579604826,1.7988330318359074
2026-08-02T00:38:42.521Z,72b29066,49a31a38,2.43150319956646,0.013883304359375,0.0003794755859375,2.621474848830529,1.9402705664395883
2026-08-02T00:55:00.582Z,2ff03b66,ca94779d,2.40760812177516,0.01387463509375,0.000365760171875,2.618729362458023,1.870989479573588
2026-08-02T00:56:18.576Z,0bf4b719,11b581b2,2.40921465290955,0.013865552734375,0.000368101888671875,2.6164397996521984,1.8809174838853744
2026-08-02T00:57:41.180Z,6ecdecda,f49133ae,2.40300388022108,0.01383956803125,0.00036522021484375,2.611446480851784,1.8722959543822937
2026-08-02T01:16:40.989Z,60c547cf,9404b4e1,2.37536025714402,0.0138218408203125,0.000363440591796875,2.600109466172516,1.8111025677309174
2026-08-02T01:22:49.293Z,3962bdf6,d78676f2,2.43963531989302,0.0139313251953125,0.00038032470703125,2.631365335708152,1.9442683267767635
2026-08-02T01:49:49.703Z,8a9e3bf9,ad273eaf,2.41272768930932,0.0139298984375,0.000365623373046875,2.6267534532865517,1.8697145073072603
2026-08-02T02:06:50.678Z,0755db83,299880ba,2.42039029114464,0.0138588522109375,0.000371209310546875,2.6253748555867262,1.8965646184829903
2026-08-02T02:11:39.096Z,a1f87673,54646520,2.41344938567045,0.01391389225,0.00036292374609375,2.633406198450138,1.8578011223034137
2026-08-02T02:16:33.752Z,d5cb5ecb,552c4c74,2.41365037717637,0.013814775390625,0.000375669025390625,2.605166455314132,1.9195128094551033
2026-08-02T02:42:22.241Z,a6462769,6a67c09f,2.41389127211317,0.01385055240625,0.000377486083984375,2.598142856253089,1.9358947316030108
2026-08-02T02:43:42.650Z,ba73d8d5,f1aa4d8a,2.43236093878375,0.013802722328125,0.00038551041796875,2.6075877174566413,1.9742188840431603
2026-08-02T02:50:07.449Z,eb4de0f6,f59ed83f,2.40059195660211,0.0138425765,0.000364498126953125,2.6125939576799837,1.8623342577460547
2026-08-02T03:07:59.770Z,163037c5,4b8eeb1c,2.43195972382806,0.0138273037109375,0.000383300048828125,2.6137097080895138,1.9590858146412982
2026-08-02T03:16:44.879Z,b1beed6b,ddedd08f,2.42118851196343,0.0138523365859375,0.000375572265625,2.6154626737719253,1.9207411426013028
2026-08-02T03:27:18.810Z,34a7d2d2,655c4040,2.40834273932724,0.0138256552734375,0.00037459033203125,2.6019160444978127,1.9098239447138603
2026-08-02T03:29:08.420Z,8d35b19d,96296f43,2.40903110011264,0.01381535709375,0.000365756267578125,2.6216703658870197,1.869112197599574
2026-08-02T03:41:21.551Z,4173c401,13496639,2.45196981458518,0.013917158203125,0.000384079751953125,2.6402444474889513,1.963939313525582
2026-08-02T03:58:56.221Z,cfe4fa37,99f211b8,2.40437298148577,0.013841772140625,0.0003682338046875,2.608004594889109,1.8840060780814687
2026-08-02T04:03:32.878Z,cb456e77,4d69a886,2.40458251527268,0.0138136123046875,0.00036771044921875,2.6095959265291597,1.8812172051445066
2026-08-02T04:11:47.162Z,859d97fa,bbf1fd08,2.44374526647954,0.01387890234375,0.0003804208984375,2.6352222435663992,1.9488211805796831
2026-08-02T04:23:33.264Z,01bc1e6e,310348fa,2.43659941933064,0.0138161627578125,0.000380490234375,2.6267117723431785,1.9449089909862753
2026-08-02T04:26:01.862Z,05e7894f,7702fab8,2.4549506212825,0.01389237109375,0.0003833603515625,2.6466235994572105,1.9592709649968867
2026-08-02T04:48:22.006Z,f5dc806e,4607ddd3,2.35506943409772,0.0138168193359375,0.000380071859375,2.510842133904351,1.9433751272065347
2026-08-02T05:00:19.132Z,1ae67aa6,44ee1b17,2.43952739824662,0.0138321705703125,0.000381998291015625,2.624698029531915,1.958775956246063
2026-08-02T05:06:50.264Z,672ffcc9,3ce4d235,2.42346847070602,0.0138431865234375,0.000366132080078125,2.6461200526214634,1.8617478625634836
2026-08-02T05:23:01.230Z,b84a1da2,cdebdc17,2.38332562045371,0.013837879234375,0.000365514728515625,2.581725872594912,1.875008087910867
2026-08-02T05:25:47.985Z,45c0e25e,1428baff,2.42681048598536,0.013811025390625,0.00037920516015625,2.616696641280159,1.9359017855584888
2026-08-02T05:41:11.970Z,c0c6fa12,cf7bd48e,2.44477946600487,0.0139103216171875,0.0003770361328125,2.650116639169683,1.9193924855444893
2026-08-02T05:51:12.927Z,9c03a2ad,41e18f6d,2.42096232039372,0.013871343421875,0.00036552116015625,2.6378902724997086,1.8714660006674995
2026-08-02T06:00:04.234Z,6b784899,37e38284,2.4112848722198,0.0139110283203125,0.00036504598046875,2.626950171171625,1.8648271391880797
2026-08-02T06:00:30.949Z,ed1d1c9f,59e47d79,2.42111225576712,0.01388253190625,0.00036690030859375,2.634621710640929,1.8789053610722144
2026-08-02T06:33:59.042Z,b7997005,7c783b9e,2.43038742113543,0.0138427001953125,0.000378322427734375,2.62190440236263,1.9357598452000393
2026-08-02T06:53:20.925Z,97610a42,f8b86160,2.43417609968635,0.01388040625,0.00036524715234375,2.658320421636205,1.8688996938159823
2026-08-02T06:54:47.886Z,7eb0702c,240141ed,2.4145041689639,0.013870579421875,0.000376253662109375,2.602433546619624,1.9282924138898043
2026-08-02T06:59:03.516Z,6e930ece,690d983b,2.42169707972474,0.0137988505859375,0.000368695474609375,2.6312535906031775,1.8879528971701203
2026-08-02T07:17:39.841Z,622f4c48,ec87b08a,2.41220820715398,0.013805394203125,0.000367046712890625,2.623315660548222,1.8754587105698723
2026-08-02T07:18:29.461Z,fb14710d,a9e641dc,2.42448162246522,0.013832080078125,0.000366572021484375,2.6421435808160423,1.8732957261949978
2026-08-02T07:27:06.803Z,cd12e493,a4c36edb,2.43483353664311,0.0138554615859375,0.000366788005859375,2.6562367123037722,1.8753260018030526
2026-08-02T07:30:58.608Z,a48e1aea,aff48821,2.44437559755196,0.0138530250625,0.000381518716796875,2.6346399277887116,1.952126469059802
2026-08-02T07:35:19.088Z,d9236405,6b99b034,2.43288405209964,0.0138440709609375,0.00037555045703125,2.6321427503285926,1.9211325461907176
2026-08-02T08:05:49.912Z,f2749ba7,762c4f0a,2.45118943899656,0.0139086721953125,0.000376946126953125,2.654069546874185,1.930948142554483
2026-08-02T08:05:50.909Z,cdd4eae6,ded04d3e,2.44763199719898,0.01391818978125,0.0003732010078125,2.6582270925673392,1.9107692688919107
2026-08-02T08:16:30.560Z,d5c3a835,13773716,2.43223975021484,0.0138590419921875,0.000371244466796875,2.6383808728960303,1.905518010481227
2026-08-02T08:19:51.397Z,5e36ba2e,9f23a46b,2.41773384583064,0.013837418296875,0.000365626708984375,2.634917136997516,1.867811627847297
2026-08-02T08:29:53.880Z,51b8b7df,5666439e,2.42307306753958,0.013822082359375,0.000366617513671875,2.637967656231391,1.8778359215762606
2026-08-02T08:57:53.699Z,89e6de5c,bb7ea7bd,2.408268030046,0.0138453411484375,0.0003760322265625,2.596784116791825,1.92093090275995
2026-08-02T08:59:36.532Z,d3675f41,46c81ded,2.41608999739613,0.0138409488984375,0.000365173828125,2.635845293088641,1.8607699341282726
2026-08-02T09:02:12.237Z,266d8a04,f2230b9a,2.42764160474245,0.0138356331328125,0.000378180990234375,2.6182648085858258,1.9350740171656629
2026-08-02T09:03:19.542Z,f9fb5399,70f1e35a,2.43907926550823,0.0139291311875,0.0003773377265625,2.6369680206849138,1.930141142625231
2026-08-02T09:06:18.112Z,9e2db08b,3fd43395,2.41070997766795,0.013827625,0.000365794759765625,2.6253351780564476,1.8664896576692591
2026-08-02T09:16:04.876Z,60b06278,f67f7672,2.4570599263034,0.013822808265625,0.000388021158203125,2.6433188459799313,1.9733964299162765
2026-08-02T09:21:14.922Z,71bba336,651b2151,2.39468426968937,0.013859724609375,0.000396640869140625,2.5320272602197056,2.0257596406942224
2026-08-02T09:25:55.750Z,a7fd6280,a8fab69f,2.4673725929178,0.0138821595078125,0.000384997720703125,2.6572038896146783,1.9754421087560476
2026-08-02T09:40:51.048Z,3d6f202d,ac809186,2.44448258157398,0.0139008746796875,0.0003676361484375,2.669177302094633,1.8776537923837384
2026-08-02T10:17:26.104Z,3434819a,1d726e6d,2.4569387146149,0.0139064462890625,0.00037552604296875,2.6664265154062807,1.9221551365617624
2026-08-02T10:18:42.961Z,3ae1801e,e88298b4,2.43572516215615,0.0138404479140625,0.0003657622890625,2.657578439676522,1.875231350687072
2026-08-02T10:30:13.747Z,c04b08fa,2bb86c79,2.42576539648299,0.01382405696875,0.0003763474921875,2.619576835312072,1.9262017016258581
2026-08-02T10:34:22.241Z,6890925b,ce2bc374,2.44092339160752,0.013873390296875,0.0003653326015625,2.66583776814474,1.873766402730644
2026-08-02T10:43:47.336Z,254e2653,ed87761c,2.47127095739884,0.0139009983671875,0.00038483585546875,2.6650395980086086,1.970472882190726
2026-08-02T10:45:48.707Z,f2d53125,d576780b,2.44983721222617,0.013816072265625,0.0003790904140625,2.6458445491452545,1.9447148695137602
2026-08-02T10:50:42.614Z,3b9bd18e,6a442a78,2.44126805690517,0.01382230859375,0.0003669298515625,2.663823976456052,1.8790801445307126
2026-08-02T11:17:13.633Z,f543ab77,8d1d0d34,2.41795066054969,0.0138098528671875,0.0003641209296875,2.637924738698577,1.8620980111829408
2026-08-02T11:21:25.777Z,cae54e3a,b793eef7,2.43904621533111,0.013899073890625,0.00036352604296875,2.669552527390572,1.8602216982505841
2026-08-02T11:29:48.310Z,3baf4256,5061a271,2.46669889930067,0.013871890625,0.000378698650390625,2.6776179731046517,1.928495885431971
2026-08-02T11:34:19.499Z,62f1a7ec,b84da9a9,2.45178746074974,0.013864461265625,0.000367189208984375,2.6798206539706566,1.877647608132773
2026-08-02T11:38:27.546Z,c86e1aa6,0959f655,2.44797787986051,0.0138281536484375,0.000378102865234375,2.6469777120840807,1.9363287919530665
2026-08-02T11:48:32.358Z,9653e928,39d71553,2.4887724241643,0.013874462890625,0.00038144816015625,2.69768760411269,1.9541854497540747
2026-08-02T11:53:38.321Z,fcc30725,de9fc600,2.44901939011737,0.0139135657578125,0.000366691080078125,2.6733685475325464,1.8827488542805282
2026-08-02T11:59:06.982Z,06c43838,a91bbe93,2.49818328135461,0.0140080393828125,0.000383924234375,2.705664248654346,1.9664163701416142
2026-08-02T12:05:51.092Z,ceada6ce,0f55343a,2.43969930558062,0.0139078014296875,0.00036412394140625,2.666756753542511,1.868077972521883
2026-08-02T12:12:22.044Z,52320eb5,85fda64a,2.45167791152461,0.013851419921875,0.00036635262109375,2.6801619678003115,1.8765949214909237
2026-08-02T12:35:01.975Z,10b3e266,5e895e67,2.45468334547979,0.0138721998671875,0.00037279296875,2.6704395668134113,1.9064860930244754
2026-08-02T13:12:35.524Z,11288c6f,62d0bc67,2.45086771421723,0.0138111985703125,0.000365877361328125,2.6788368494485937,1.8768980804370397
2026-08-02T13:13:44.599Z,078e3917,48481dcf,2.45967922021677,0.013831205078125,0.000374270751953125,2.672874853356957,1.9168053515051107
2026-08-02T13:20:40.098Z,32ecb714,aec78d12,2.49090518534651,0.013843481125,0.00039278898046875,2.673163521546482,2.0153580238560043
2026-08-02T13:26:53.370Z,5070349c,84aadb35,2.43740863196398,0.013874793296875,0.000383765298828125,2.6506713352768765,1.8951593591098166
2026-08-02T13:29:33.261Z,776a79e1,9c2a37eb,2.47105557685974,0.0138756813125,0.000377198650390625,2.6841546026516268,1.9280019671587674
2026-08-02T13:40:26.181Z,3f91e8bb,e0426cbb,2.42208189069992,0.0138052005234375,0.000365858642578125,2.6367829129470732,1.8772934429392147
2026-08-02T13:50:15.219Z,bfc01a41,c8fac0aa,2.44101247712978,0.01389866015625,0.000366250080078125,2.664714221841769,1.876411464723447
2026-08-02T13:58:58.718Z,ab7d5c8f,834c76d4,2.47629672093529,0.0138568681640625,0.000384359943359375,2.6718922662402647,1.971305354579602
2026-08-02T14:06:59.424Z,007f1c4f,14b0b7b1,2.46536704350732,0.0138780611953125,0.000378711263671875,2.6701510118032425,1.9405233507907562
2026-08-02T14:39:27.108Z,de6f1794,5fa33379,2.47458892514632,0.0139383089140625,0.00037749169921875,2.6828569204086232,1.941868084818821
2026-08-02T14:54:36.320Z,dda29d26,68af1084,2.44956849071784,0.0138230390625,0.000366222005859375,2.679406012869131,1.8717281197328355
2026-08-02T15:08:46.836Z,07ca0e41,d910a832,2.44869444225703,0.01389332259375,0.00036462060546875,2.6804755255605177,1.8668217130277613
2026-08-02T15:09:49.277Z,e09f2896,ab508461,2.48475894515385,0.013868420578125,0.000383945720703125,2.6872856075473535,1.9642446207977233
2026-08-02T15:13:01.480Z,3efc44e6,fcf42b24,2.47699178541929,0.013828251953125,0.000383248861328125,2.676605007412306,1.9631134877934524
2026-08-02T15:17:24.650Z,0567d907,0e984f91,2.46357585863884,0.01383528353125,0.000379359375,2.663496796233426,1.9494281022177113
2026-08-02T15:26:19.400Z,2c1c1430,baed10c9,2.46808529717334,0.0138165107421875,0.000378337078125,2.6717648060675545,1.9455660761343505
2026-08-02T15:26:39.556Z,c5ec9fae,2557dfab,2.44693510040363,0.0139342434921875,0.00036687646484375,2.6733812461953588,1.8763208810745746
2026-08-02T15:33:18.515Z,6d29b3a1,26ca1a23,2.43161735982457,0.013792892578125,0.00036724031640625,2.649092022483679,1.8805713114098255
2026-08-02T15:42:05.601Z,74e51bc2,f4028773,2.45700895783657,0.0138420146484375,0.00037410652734375,2.669818323736843,1.915057556593954
2026-08-02T16:04:09.733Z,3717b5d4,4554b71a,2.4430187737899,0.0138259166640625,0.000367318603515625,2.6657665556125254,1.8803594299957238
2026-08-02T16:05:03.533Z,c20165a2,fd1d1865,2.46866702006707,0.0138992119140625,0.000378506998046875,2.672062082478548,1.9467510957103316
2026-08-02T16:16:13.765Z,d4e70616,a29d1c0f,2.4371158277119,0.0138273896484375,0.000366525146484375,2.659400238374269,1.8756576415231365
2026-08-02T16:17:59.398Z,2a307460,44e304d8,2.45122611547881,0.013825693359375,0.000369651205078125,2.6702534074823623,1.89616473847279
2026-08-02T16:20:11.708Z,c746e5ff,50ed9455,2.43586613601339,0.0138620341796875,0.000367397298828125,2.6538409634425713,1.8836013414117319
2026-08-02T16:22:10.392Z,cf370fd1,e5c1a1dd,2.45675605562875,0.013842481765625,0.0003659744453125,2.687902164431427,1.875891734491688
2026-08-02T16:35:58.001Z,31eb5f5f,f0a21dfb,2.46808292246775,0.0138430478515625,0.000380175375,2.667526970186014,1.9548459135376302
2026-08-02T17:02:42.815Z,7557466e,da0de881,2.46287954186402,0.0138229208984375,0.00037324910546875,2.679049594001767,1.913508629904151
2026-08-02T17:17:43.178Z,a098d093,f59067f9,2.43296701440738,0.013864636390625,0.000363575927734375,2.660186129293377,1.8612675669486747
2026-08-02T17:30:20.780Z,78bf15ec,0bf8076f,2.46484661527999,0.013832947265625,0.000383733966796875,2.655482246152734,1.9711940907777823
2026-08-02T17:49:00.767Z,1939a09c,b81fbea9,2.43298749870918,0.01381462271875,0.00036509725,2.6530809444541332,1.876324756212014
2026-08-02T17:54:37.033Z,68607976,c3e4e678,2.49139772752565,0.0138462333984375,0.00038438899609375,2.6967056516020222,1.964588601576493
2026-08-02T17:55:27.233Z,5e10f639,15e7ad0b,2.4734197290985,0.013858139,0.000382087076171875,2.6729095570888886,1.9599206596569865
2026-08-02T18:01:11.574Z,c88e5f85,462ef3a8,2.46026035051305,0.013851616859375,0.00037851521875,2.662795495849684,1.940487410108176
2026-08-02T18:05:40.431Z,feac9a40,5fceee7d,2.4513078365705,0.013854302734375,0.0003847681484375,2.6714445495373047,1.8938820253633746
2026-08-02T18:19:19.572Z,d750a512,a39c8859,2.43991143867052,0.0138865927734375,0.000365639078125,2.6707577532271283,1.860341861821055
2026-08-02T18:35:33.650Z,1ba3a769,8c415ce3,2.40765113174974,0.0138274274140625,0.00036580183984375,2.6559427149501014,1.7935691314324977
2026-08-02T18:38:49.545Z,93f7ef94,f248943c,2.46964569362847,0.013927264,0.000365029134765625,2.706419193974712,1.8765209319604603
2026-08-02T18:48:18.375Z,5e04d067,02e44b63,2.46080517366796,0.0138392509765625,0.00036768351171875,2.6908190177376876,1.8821553191700382
2026-08-02T18:50:12.962Z,bcd444cd,cb16629b,2.46901830055485,0.0138829056015625,0.00036619816015625,2.7054065575192707,1.8767205986921573
2026-08-02T18:50:45.009Z,4389f61a,07b8b24a,2.46013054367165,0.013903538734375,0.000365490966796875,2.694694365854896,1.8719923472258693
2026-08-02T19:07:09.728Z,2fae9358,e857eae1,2.48259474527979,0.01384391015625,0.000380935384765625,2.690531361239782,1.9503347166547111
2026-08-02T19:11:52.596Z,921d39c9,57fe7c9a,2.45076075195468,0.0137959541015625,0.00036430159375,2.683797599125048,1.866183676999366
2026-08-02T19:29:23.985Z,e1653b43,33e41031,2.46820483740914,0.0138311142578125,0.000369142251953125,2.6979333486001327,1.8898665900057496
2026-08-02T19:49:29.143Z,873b668c,8f8dea77,2.46421127745041,0.013916101234375,0.0003641443671875,2.699571153728143,1.874249599147529
2026-08-02T19:56:38.466Z,d9a603c5,8edc7970,2.47406167138215,0.0138408834609375,0.000379764404296875,2.6806629932313237,1.9449812899480674
2026-08-02T19:57:46.319Z,32146382,15aebe03,2.46973189512625,0.013859505859375,0.00037060302734375,2.6968543520475246,1.8968228153490452
2026-08-02T19:57:56.529Z,37c372a6,104b179c,2.47157094388656,0.0138722109375,0.000374161783203125,2.690174570769528,1.9166858397782869
2026-08-02T20:36:44.604Z,b18d1e52,14cb86d1,2.46438460341033,0.013818306640625,0.00036493058203125,2.7011399617715655,1.8715122880821324
2026-08-02T20:37:52.248Z,d07b87d0,4cdefaac,2.45923092486215,0.0138678466796875,0.00036518098828125,2.696345032566677,1.8658247539832327
2026-08-02T20:40:24.341Z,41e9df26,ba122cb3,2.49038878589217,0.0139067314453125,0.000380517740234375,2.7015098147348224,1.9509626681086711
2026-08-02T22:19:02.163Z,ff139be7,aeeb2a84,2.46752648519655,0.0138659817734375,0.000369364990234375,2.6901692532943007,1.9041820957306168
2026-08-02T22:22:12.644Z,a38893e0,ccf4076b,2.44198873946034,0.01378253125,0.000374557697265625,2.6728441402506693,1.862317497080623
2026-08-02T22:25:01.324Z,1b05a342,e020cd36,2.44891646664311,0.01385914225,0.000365260580078125,2.6822466506318845,1.8638019030344402
2026-08-02T22:28:34.054Z,7cf3218c,e20482df,2.49711962978366,0.01393869303125,0.000380189859375,2.714477063105291,1.9440116611213702
2026-08-02T22:30:39.942Z,e710c093,5ee924dc,2.45239457489554,0.0138888720703125,0.0003664695625,2.683079188084035,1.8726685424649396
2026-08-02T22:39:34.849Z,8b346c1b,b60f5047,2.48236420784713,0.01387961328125,0.00037594051171875,2.7012936165327774,1.9264006936588258
2026-08-02T22:43:02.594Z,e8372074,6cc38af5,2.47896519929549,0.013812849609375,0.0003794998359375,2.6885638782298065,1.9432140492644339
2026-08-02T22:45:53.473Z,6d4c8878,6aaf23f0,2.45914065485293,0.013815640625,0.000366042642578125,2.690723148876279,1.8772686755164236
2026-08-02T22:53:48.478Z,e2c1a006,033f577c,2.45440748221527,0.0138417721328125,0.000364722900390625,2.687187202338126,1.8702208624420718
2026-08-02T22:53:55.264Z,89db1bf3,e3289b1e,2.48596636581173,0.0138503427734375,0.000384739908203125,2.685282167436568,1.972473652098638
2026-08-02T23:08:00.732Z,7278bd9d,269ada00,2.4756258531897,0.0138268307265625,0.00038019327734375,2.6816760269430877,1.9476957153506618
2026-08-02T23:20:44.911Z,9444c382,7a3208a8,2.45588745134701,0.0138120625,0.00036568505859375,2.684948586845385,1.8794289758925828
2026-08-02T23:34:03.208Z,f99f12e5,a44ef55b,2.47342731961199,0.0139010345078125,0.000367385009765625,2.7078012481483884,1.8851515140126502
2026-08-02T23:35:42.672Z,37c1f06b,7e5f8950,2.45452864526556,0.013864762375,0.00036499283984375,2.6883421562987704,1.8681803182862693
2026-08-02T23:53:02.656Z,e1553421,74778a19,2.46935401878295,0.01383162890625,0.00037510546875,2.685110624695016,1.9206440220802359
2026-08-02T23:55:56.760Z,a52b0c14,,2.48802133300494,0.013902211265625,0.000379232177734375,2.7025905759879407,1.9412238797234835
2026-08-02T23:59:04.078Z,4f0c6288,558780ab,2.46106697039518,0.0138440234375,0.000366174154296875,2.690382488723994,1.88387309960912
2026-08-03T00:12:36.259Z,df807c30,364d5210,2.44941576458627,0.01382777734375,0.00036589404296875,2.6775446108603287,1.8751667278367
2026-08-03T00:15:38.545Z,4897bb76,f38859fe,2.46598722011602,0.0138592112578125,0.000368838134765625,2.692284712472092,1.8949612377353406
2026-08-03T00:33:16.159Z,78e5cb8f,,2.49220150051568,0.0138700826796875,0.000378191080078125,2.7052290412865214,1.948590090192083
2026-08-03T00:53:37.379Z,0d67926e,,2.47526533734671,0.0138523515625,0.000381486490234375,2.6778464611723196,1.9549246537962435
2026-08-03T01:09:31.465Z,c53eb151,,2.46504989338915,0.0138138723984375,0.000365396404296875,2.699797827067086,1.876329581084554
2026-08-03T01:17:53.200Z,c9a4137a,,2.46658625685515,0.013915081703125,0.000364803955078125,2.705191880082661,1.8697821268991583
2026-08-03T01:34:45.191Z,0b1f1c16,1a638ad3,2.50068404011915,0.0138769821015625,0.00038515234375,2.700859040921445,1.9848584164089387
2026-08-03T01:35:37.631Z,07a0f310,ac56d33c,2.43583222510904,0.013861841796875,0.000364120767578125,2.664260938826678,1.8614835992643881
2026-08-03T01:47:26.794Z,2aedc1f8,ecde16b7,2.45378349619751,0.0137864248046875,0.000366443439453125,2.678867058965386,1.8857819685374735
2026-08-03T02:25:32.363Z,8266f978,59775b24,2.47478873345722,0.0138939505234375,0.000366773275390625,2.708038024556556,1.8888098827845639
2026-08-03T02:43:48.634Z,1a6f7771,b290f84b,2.44678500807303,0.01385930696875,0.000365886068359375,2.6874343136663628,1.8465865555102399
2026-08-03T03:07:04.140Z,f3fcdc24,a4400ad7,2.46217913040378,0.013846609703125,0.00036465576171875,2.6949611861969687,1.877677660893881
2026-08-03T03:24:45.480Z,5abd9175,7d6e54c5,2.46770859899993,0.0138252666015625,0.00036764599609375,2.6942166478495846,1.8961729711760877
2026-08-03T03:54:55.341Z,c459e530,d1f71860,2.48727950731578,0.0138355006484375,0.0003816505546875,2.6931297116792106,1.959415563058409
2026-08-03T03:56:36.806Z,75cfa817,2e95f7f5,2.46212925710486,0.013824232421875,0.000368501140625,2.6913263164956436,1.885143092710791
2026-08-03T04:13:26.509Z,078aee72,911cfae0,2.49301356555685,0.0138491256484375,0.0003840122890625,2.6916187097421926,1.980879015747579
2026-08-03T04:18:15.272Z,08cd9c82,4644f30e,2.46346888382652,0.013914412109375,0.000364608154296875,2.697391101776296,1.876534540554492
2026-08-03T04:32:35.440Z,2b9b5de8,622faea9,2.46674685029609,0.013842736328125,0.000365848388671875,2.6990372143052976,1.8830927504210824
2026-08-03T04:47:51.156Z,ae7d0bab,92e49cf2,2.50298308360101,0.01389043521875,0.00038629207421875,2.7022440590842827,1.9891060834059329
2026-08-03T04:51:35.315Z,b66fd901,1406d272,2.50139913815441,0.013857642578125,0.0003874935703125,2.6973636588974705,1.9948648471219912
2026-08-03T05:09:56.604Z,0cec81fd,c4a88b4b,2.47674304065625,0.0138696936796875,0.00037012858203125,2.7032458660739276,1.9048779860179224
2026-08-03T05:14:20.151Z,66d7de67,08942928,2.47762362856201,0.013824020828125,0.000376835041015625,2.6879714092603786,1.9402933782056324
2026-08-03T05:18:07.948Z,f00b56d8,213d0520,2.48388852997585,0.013887066734375,0.000373889484375,2.7054602574612803,1.922228146278763
2026-08-03T05:34:06.522Z,297bf8c6,e509c5e0,2.43228571035284,0.0138167919921875,0.000366986490234375,2.682278329823325,1.8136222305623757
2026-08-03T05:41:57.581Z,f00c8c2d,839780ba,2.4723684864337,0.013902043625,0.0003660454921875,2.7042321243703977,1.8893868763391033
2026-08-03T05:46:49.024Z,9d4b8143,10112bcf,2.47249018018304,0.013853369796875,0.00036906640625,2.699814209566293,1.8990511628374414
2026-08-03T06:04:11.832Z,c56773eb,f93f4511,2.47742181986975,0.0138778636015625,0.000368339599609375,2.7103218943363485,1.8920700581465546
2026-08-03T06:25:06.162Z,6da9f031,6f9ca0a6,2.51014969400843,0.013890261390625,0.0003803828125,2.7114439625329028,1.9915746359150703
2026-08-03T06:29:53.401Z,1676d370,943cd99a,2.46670300614258,0.0138558193359375,0.000366606771484375,2.69627346868985,1.8887550455557822
2026-08-03T06:50:04.353Z,53ca2075,e059a01d,2.50434765567785,0.013872168625,0.00037576456640625,2.7119711685872385,1.9720742705074361
2026-08-03T06:55:34.261Z,38d6a4f4,f0734a43,2.49187486442228,0.0139068704375,0.00036609814453125,2.7186056252389887,1.9189615987059654
2026-08-03T07:08:15.300Z,40373b93,0f8d5c22,2.4812107905336,0.013913517578125,0.000366485677734375,2.7098232099309922,1.9047227546513354
2026-08-03T07:25:04.027Z,89c2f953,f260e979,2.49260214636556,0.0139155126953125,0.0003660400390625,2.7202633921020554,1.917692578262399
2026-08-03T07:35:27.421Z,b30e9f6c,d1702ee0,2.4971518592356,0.013924630203125,0.0003662904453125,2.7253107577827955,1.9210192815666995
2026-08-03T07:53:43.244Z,a6e7f2f3,9f9893dd,2.47948462226143,0.0138161360625,0.0003659962578125,2.7003072395910768,1.9195796369354248
2026-08-03T08:13:27.699Z,d2bd16fc,e2d396a5,2.48159702075224,0.013844640625,0.000368382162109375,2.699025473841165,1.928875006711272
2026-08-03T08:32:09.749Z,2ca10d56,dc3da027,2.51380800933477,0.0138858515625,0.000385068033203125,2.707344447338958,2.012323887955736
2026-08-03T08:56:11.486Z,eb8cb876,0e10cf27,2.48417038804494,0.0138832711640625,0.000365473794921875,2.7079280430160444,1.917847907126115
2026-08-03T08:59:30.445Z,933dd38a,ece67d21,2.47859273577422,0.01382784603125,0.000366451580078125,2.6969942669400058,1.9238916970655566
2026-08-03T09:25:28.527Z,d3811066,77b33000,2.48048084473363,0.013826155921875,0.000365748453125,2.7021782488980075,1.918675495195965
2026-08-03T09:38:23.707Z,a9c5315c,78adfeab,2.51239548576708,0.013902812828125,0.000381309650390625,2.7133064812217165,1.9945983753002734
2026-08-03T09:54:10.070Z,762dc991,3763075b,2.50906445837827,0.0138599833984375,0.000382407064453125,2.7023801330489374,2.008204592484326
2026-08-03T10:03:07.191Z,853e314b,c9b9b0a4,2.5135460764639,0.0138706982421875,0.00038591862109375,2.7031104954403706,2.020952038324444
2026-08-03T10:24:05.132Z,2d8b9f33,180e54d3,2.48178605675137,0.0138617252578125,0.000365956216796875,2.7038805443539426,1.9190878616649318
2026-08-03T10:25:36.218Z,a7dafe20,47b661a7,2.48648413077186,0.013880998046875,0.000369992431640625,2.7048757713930254,1.931527056211697
2026-08-03T10:33:51.390Z,87ade697,96e058f0,2.48398031866718,0.0138353238984375,0.00036721134375,2.704163056909518,1.9252803389682425
2026-08-03T11:07:07.697Z,2debe38b,56c4bdfb,2.50341564269359,0.0138644612578125,0.00037704638671875,2.7068092757114335,1.9804271808135085
2026-08-03T11:15:00.878Z,52d9e1ae,82ffbfed,2.47690684166112,0.013849659828125,0.00036468294140625,2.7010840428964986,1.909960559619302
2026-08-03T11:47:21.939Z,d1bfc67d,20f1a11b,2.49268241746985,0.013825899734375,0.00037446915625,2.6999233603335613,1.9616137263374618
2026-08-03T12:28:04.651Z,0a9d439b,b4e5cd4f,2.52762582780825,0.0139108665390625,0.00038400748828125,2.727252894693664,2.0122174159912185
2026-08-03T12:34:19.401Z,e4d1ae9a,7e1169db,2.48098800469373,0.0138531878203125,0.000366143310546875,2.702988757882941,1.9185182721447493
2026-08-03T12:55:07.642Z,2e5327f3,9452f5aa,2.48595195740851,0.01388146875,0.000366853921875,2.708332760468808,1.922493394478086
2026-08-03T13:09:57.702Z,52e695f1,3c369462,2.47977999645356,0.01384658821875,0.000379582681640625,2.688767353905351,1.945328413616555
2026-08-03T13:12:47.882Z,baea4a4c,4b6dfe09,2.48459143421863,0.0138429401015625,0.000368606525390625,2.7029394987805304,1.929794037312837
2026-08-03T13:22:30.211Z,69a91fc7,546833d2,2.49792533377856,0.0138367451171875,0.000380546875,2.6923048824084534,1.9950100788249128
2026-08-03T13:34:59.736Z,bb75b2e6,e76a8014,2.47994817391526,0.0138267578125,0.00036585205078125,2.7004151931177436,1.9207851603393973
2026-08-03T13:37:42.639Z,e2822dc1,bba9e677,2.50480204565401,0.01383796646875,0.000378493083984375,2.704253891493916,1.990449883357107
2026-08-03T13:40:09.179Z,9db45b00,bbccc0eb,2.487565951868,0.013886293625,0.000366323162109375,2.713045043815256,1.9174648109616925
2026-08-03T13:46:14.550Z,c36ea974,8c9abfc4,2.47075202828346,0.013881805015625,0.000371739826171875,2.7001315105068278,1.893049154811719
2026-08-03T14:18:42.402Z,12100340,1cf1a117,2.50958853787969,0.013857218421875,0.00038154972265625,2.7100830634510618,1.992793427568403
2026-08-03T14:31:19.545Z,37bdfa08,6adae4f0,2.50371036638926,0.0138957063828125,0.00037531494140625,2.7143824021794702,1.9648222018229415
2026-08-03T14:32:10.961Z,96646c91,ea88e205,2.42102342066977,0.01389885384375,0.00037785262109375,2.6756080915544906,1.7936118356169466
2026-08-03T14:36:39.340Z,5f74edf3,cc2ecff6,2.48367355467981,0.01382233365625,0.0003650584296875,2.7085753840047873,1.914940440469284
2026-08-03T14:36:53.005Z,56cfb68d,b5d97a5e,2.49536203662558,0.0138565087890625,0.00036863623046875,2.7179279174875415,1.9311697536396006
2026-08-03T14:39:20.634Z,0c83fa3e,dfa3b775,2.50604134075253,0.013848580078125,0.000381322103515625,2.7167062842535037,1.9670928600575306
2026-08-03T15:02:47.508Z,26067e6d,9a0ff84e,2.51008776231113,0.0138492252578125,0.000385081787109375,2.700875832357144,2.01484558980748
2026-08-03T15:09:00.814Z,85fcc9e3,13ba1e4f,2.48677609736269,0.013864840171875,0.0003654677734375,2.7116632598335446,1.9179596511952686
2026-08-03T15:35:58.264Z,88172229,e558b98e,2.47915891809615,0.0138320205078125,0.000365924560546875,2.701539026704175,1.9159480499558985
2026-08-03T15:55:06.693Z,c00737b7,cbf8887a,2.50467134050552,0.0138158375703125,0.000376273681640625,2.7142215830498935,1.9681902988648425
2026-08-03T16:05:04.015Z,a9234b70,a046739e,2.49334014413704,0.0138932024765625,0.000368115234375,2.71656365406949,1.9278199064857753
2026-08-03T16:06:05.630Z,1fed0614,7db1a871,2.52075478398045,0.0139085302734375,0.000381365560546875,2.724970257922834,1.9954327735667126
2026-08-03T16:11:31.395Z,a00c6f49,a66f1fd4,2.47702499475116,0.0138316435546875,0.0003659365234375,2.6987993411720708,1.9151807561437157
2026-08-03T16:26:46.438Z,d63118e1,7be6894e,2.50708980345936,0.0138908619765625,0.00037362801171875,2.7229630765828787,1.956835440351171
2026-08-03T16:27:08.511Z,74d46279,bfe7519b,2.50058233290194,0.0138296923828125,0.0003791787109375,2.702341442167858,1.9812713955588526
2026-08-03T16:41:21.749Z,4ea65ae5,d9b01efb,2.48076425808243,0.013863930015625,0.000365109943359375,2.7048376992095955,1.9138960754697347
2026-08-03T17:10:17.961Z,b6942fde,64105eb5,2.49258031960097,0.0138866357421875,0.000365642822265625,2.724316316089253,1.9090796685787126
2026-08-03T17:36:34.930Z,4d1f0509,5ab8f6f4,2.51753892710602,0.0138797298125,0.000383477947265625,2.7159556996046885,2.0051032112785374
2026-08-03T17:45:08.043Z,b65b4adb,4e716a02,2.49786108234907,0.0138287880859375,0.000376223306640625,2.7040937175610247,1.9688285970484631
2026-08-03T17:55:19.065Z,83c2cfa8,3a7fdef0,2.47701514587328,0.0138338714140625,0.0003663759765625,2.6979966240537827,1.9168602112897843
2026-08-03T17:57:11.044Z,2a6a87fe,733405b6,2.51631386140395,0.013881345703125,0.000385257892578125,2.709203650873761,2.016203124132933
2026-08-03T18:04:58.783Z,56b72242,076f6f81,2.50864921012104,0.01386607421875,0.0003784716796875,2.713646072389072,1.9819839649516726
2026-08-03T18:33:03.868Z,59686373,3167d2a7,2.47871006608474,0.013842560875,0.000368510580078125,2.700068600129605,1.9176905441143317
2026-08-03T18:37:06.123Z,a950f827,7c5d23a8,2.49682095303272,0.01391707259375,0.0003714506015625,2.711688419502143,1.9490825873298114
2026-08-03T18:37:37.256Z,d5baf539,cc8b0ad9,2.48047774660606,0.01382509375,0.00036570442578125,2.707164392374609,1.9080838399111124
2026-08-03T18:49:39.915Z,7dd82013,9180334a,2.50286625449086,0.0138594915390625,0.000377741048828125,2.708000431188199,1.9760793688166616
2026-08-03T19:00:01.556Z,5d9c4a66,2d5c5e57,2.50653187422644,0.01401145246875,0.000366563640625,2.739012876735969,1.920926309379511
2026-08-03T19:20:15.116Z,21f1d1a3,4af269cf,2.52824411398,0.0138881474609375,0.000386021484375,2.7243299977452837,2.02067692426478
2026-08-03T19:32:23.537Z,8415f63c,c0400b06,2.53920622840463,0.0140472425078125,0.00038523152734375,2.7420511674803216,2.016346821577442
2026-08-03T19:59:50.747Z,5254ceb9,29a167e4,2.48909259933141,0.0139042200546875,0.00036568741796875,2.717119077571335,1.913542881206399
2026-08-03T20:02:19.466Z,2df3a1d6,7cfa908e,2.53232225063876,0.0138850078125,0.0003885220546875,2.7263183083378677,2.029299759431168
2026-08-03T20:12:36.741Z,3bd35591,8d3515ed,2.4906767353389,0.0139055013046875,0.00036539811328125,2.7211483665637712,1.9099095116730567
2026-08-03T20:24:54.567Z,da771316,3a03ed06,2.50505978600811,0.013867805984375,0.00037763273046875,2.710216935280981,1.9781545386045716
2026-08-03T20:37:43.933Z,4d776cfd,bb3f2cfd,2.49458583440792,0.013825720703125,0.00037408390234375,2.704238044893192,1.9582090446455729
2026-08-03T20:46:48.231Z,d16efda2,09948448,2.51391373213956,0.0138585250625,0.000379720947265625,2.7175673928265174,1.9900340727490937
2026-08-03T20:49:08.490Z,171a4af1,21693668,2.50811616949348,0.013880013671875,0.00037593937109375,2.719694781304671,1.9671165323006785
2026-08-03T20:58:51.819Z,eebdee90,25446cec,2.51770751222234,0.0139144007109375,0.00038107820703125,2.720348432148031,1.9959400930850644
2026-08-03T21:06:40.912Z,dd9d73f1,212a83c6,2.49341916361894,0.0138386298828125,0.0003729482421875,2.7044564848142483,1.9540747733607589
2026-08-03T21:24:58.090Z,413caff5,8bf99b41,2.50272467773394,0.01387492740625,0.00037819539453125,2.7042739979877717,1.9838106919890122
2026-08-03T21:26:35.359Z,9474bedb,abef3c44,2.44902385767715,0.0138276500703125,0.000372679767578125,2.6787297526668086,1.8714807287262625
2026-08-03T21:36:21.731Z,a1e5b4d1,,2.52360296372054,0.013908357421875,0.00038256689453125,2.725664750794781,2.0029347516261926
2026-08-03T21:58:38.066Z,09902b8b,,2.51185256384878,0.013851384765625,0.000381712158203125,2.71250483835681,1.9946422457438622
2026-08-03T22:05:35.951Z,2f822381,2fbc8fc3,2.49844996084007,0.0138451468125,0.000373279052734375,2.7100392521204095,1.9577438999405872
2026-08-03T22:10:05.888Z,331f2f7c,fc206a80,2.50043799506903,0.01386864909375,0.00037433935546875,2.714973100556771,1.953294670287563
2026-08-03T22:19:58.127Z,c1de0047,a3fd1918,2.48734681767385,0.0138494645234375,0.000366842041015625,2.7096680636349615,1.9239646989594397
2026-08-03T22:27:10.751Z,06b25f82,326b3f79,2.48700280864541,0.0138330384140625,0.00036710888671875,2.709902963305336,1.9224005557827362
2026-08-03T22:38:40.579Z,d42fd855,f075bfbc,2.50461060906999,0.013890972328125,0.00037929052734375,2.7135380614559796,1.9694869640954795
2026-08-03T22:46:32.389Z,933b06b8,583176ee,2.48696768368176,0.013846066734375,0.000365782552734375,2.7129479384397284,1.9158265552992448
2026-08-03T23:07:46.308Z,d71ba679,73cefdc9,2.50514683417535,0.01389008203125,0.0003741127109375,2.7210299608128823,1.954937033389297
2026-08-03T23:23:16.668Z,7eea7ed6,,2.48245365799878,0.013894939453125,0.000365486572265625,2.7088536259121634,1.9105921301164963
2026-08-03T23:35:48.733Z,86b31f1d,,2.52604987286797,0.0138776624296875,0.0003850161953125,2.721816305637994,2.0192553796828148
2026-08-03T23:59:19.320Z,0c8a59b4,560872dd,2.48206741793381,0.0138521399765625,0.00036572298046875,2.7057329687943796,1.9160176002918443
2026-08-04T00:10:56.571Z,afef4cbb,a3fa3142,2.4605706829276,0.0138263665390625,0.000367480794921875,2.701884220580612,1.8584170269686149
2026-08-04T00:16:30.424Z,7ee7e491,90b728d6,2.50123365022693,0.0138503382109375,0.00038359383203125,2.701654917985441,1.9848487753238073
2026-08-04T00:21:11.212Z,79db0429,a1f19ee2,2.51425551071682,0.0138390657578125,0.000385093830078125,2.7079669093859406,2.012368837630759
2026-08-04T00:52:22.724Z,10aa8b6e,f4fd084d,2.51553053358996,0.0138636311875,0.000382429443359375,2.7129659186743917,2.005327726692718
2026-08-04T01:13:39.795Z,8574e6aa,552a0422,2.50811563411106,0.0138743899765625,0.000377764974609375,2.7153042912869347,1.9766724229777224
2026-08-04T01:14:10.693Z,9cfa629f,dec1b7d6,2.51577393477844,0.0139116031953125,0.00038071630859375,2.71949343573326,1.9916930516157298
2026-08-04T01:28:44.497Z,9d8f7bf2,5b86e4d4,2.44776317907437,0.0139177877578125,0.00036335831640625,2.6947788008229656,1.834459903119646
2026-08-04T01:34:49.194Z,579ad1f1,181c37c9,2.51452279087518,0.0138713369140625,0.000382372314453125,2.715507064306407,1.9965008266717317
2026-08-04T01:54:16.797Z,5342aa6a,41486fd3,2.46372186474033,0.0138587633515625,0.00036634480859375,2.700237853809694,1.871374241590935
2026-08-04T02:15:25.233Z,cd20c193,f2b574f2,2.52499935828034,0.0139304986953125,0.000383532552734375,2.724936795539411,2.008980809811267
2026-08-04T02:21:37.012Z,cab3309b,786ba568,2.50908121266183,0.0138668352890625,0.00038285848046875,2.70489620287694,2.0026592529496727
2026-08-04T02:42:27.728Z,d0fd2fa6,8f0cbebe,2.47921592180175,0.0138363141328125,0.00036742488671875,2.700685481650812,1.9179416042952488
2026-08-04T02:57:13.430Z,913e588f,86241a60,2.52169805661144,0.01387323275,0.00038313118359375,2.7183088931285417,2.013148988128791
2026-08-04T03:03:33.582Z,5e489156,edaf316d,2.49110348456771,0.013912431640625,0.000365388916015625,2.721833392574157,1.909776140583865
2026-08-04T03:24:51.689Z,da0a7544,31c1a4e0,2.50868347326555,0.01387335775,0.00037875284765625,2.714619604632903,1.979960524221238
2026-08-04T03:50:21.438Z,0aaacedb,b4886744,2.50573598331082,0.013901142578125,0.000374585287109375,2.7239719363261865,1.9504433989725505
2026-08-04T04:10:20.067Z,a5e3ca3f,073f1ca1,2.50694246262639,0.0138655091171875,0.000378005779296875,2.7118291372866294,1.9805713744803328
2026-08-04T04:31:02.138Z,677be40d,577f24cc,2.50865979313805,0.0138882259140625,0.000377105712890625,2.71604628018295,1.9767674433683335
2026-08-04T04:50:43.172Z,d643f13b,57919e86,2.51067635402162,0.0138691770859375,0.000376360025390625,2.722078184120639,1.969976949297594
2026-08-04T05:11:11.081Z,00e11100,ead048e5,2.521336148203,0.013852431640625,0.000388481201171875,2.708099542760049,2.034834674879348
2026-08-04T05:24:09.877Z,cc934f72,cee471a4,2.48401842061886,0.013862462890625,0.000364602458984375,2.711212644272741,1.9104184540508116
2026-08-04T05:32:09.980Z,eab0722b,ee22d9ce,2.49324483028274,0.0138827067109375,0.000364929849609375,2.7249219868978494,1.9098422177097114
2026-08-04T05:52:21.990Z,7ea5eab2,1776eb69,2.50293637550777,0.013888191734375,0.0003710994453125,2.72511059679016,1.9393082387500438
2026-08-04T05:54:00.819Z,8a97d926,cc6b76d5,2.48445934096757,0.01385885221875,0.00036607332421875,2.70819124499976,1.918181003636959
2026-08-04T06:13:18.094Z,195a6075,,2.50870050096557,0.0138464130859375,0.000383517333984375,2.704139953315625,2.0031237104043216
2026-08-04T06:19:16.643Z,1053abec,,2.51653585313335,0.0139216305390625,0.00037900870703125,2.7251221186972496,1.9817760814820022
2026-08-04T06:30:35.044Z,520aa0bb,2aa49c8f,2.48165637163762,0.0138414638671875,0.000366352701171875,2.7049399439113486,1.916433268157245
2026-08-04T06:39:25.329Z,4bf4f794,19661213,2.51685968257226,0.0139308177109375,0.0003714331875,2.7418280413828313,1.9467732684543326
2026-08-04T06:42:30.819Z,502e5734,3ec0600b,2.49631928806137,0.013833480140625,0.00037757470703125,2.698726595847437,1.9757130222445614
2026-08-04T07:01:56.938Z,77e55f0b,777027b7,2.4962497550531,0.0138525182265625,0.000373495443359375,2.707018077879024,1.9573958934923388
2026-08-04T07:19:53.971Z,af6f27da,1f6540ea,2.48374309901598,0.0138671360625,0.000366050373046875,2.710018425796612,1.9120971873465666
2026-08-04T07:23:17.346Z,e6f6ef7b,353b1f7d,2.5041149427393,0.0138630286484375,0.000376354330078125,2.712793747943544,1.9695486440604844
2026-08-04T07:33:32.344Z,840859c2,1a54b7b6,2.39971338083026,0.013868858078125,0.000366332681640625,2.615082420113291,1.8543057673224195
2026-08-04T07:43:39.509Z,acea9e92,67c44ec5,2.51436945664402,0.0139007874375,0.00037780851171875,2.723723219144583,1.9780052978257183
2026-08-04T07:45:16.594Z,ebc7fca6,fe8a9eb8,2.51489325604434,0.01391303125,0.000379171630859375,2.72021590088871,1.9873213594148378
2026-08-04T07:53:46.950Z,27b9c7c6,b8b096b6,2.49724277954197,0.01383268425,0.00037801603125,2.701815010730292,1.9718607106819048
2026-08-04T07:59:02.716Z,97aba711,4d03ec4e,2.48071835136256,0.01386692025,0.00036601904296875,2.7050491573597286,1.9133056433423512
2026-08-04T08:12:22.008Z,d5dfea74,dd8924ba,2.49740396022535,0.013816969078125,0.000378282958984375,2.69914966330277,1.9782186223826603
2026-08-04T08:20:23.035Z,7fff05b5,a9d4ad60,2.51998197308642,0.01391357259375,0.000382489501953125,2.7242737056961968,1.9945159795373584
2026-08-04T08:51:04.711Z,52b82c17,2016bc0b,2.5222636117818,0.013866015953125,0.000384447998046875,2.7182301708456285,2.015130665624021
2026-08-04T09:12:13.784Z,0929b324,897e8276,2.52961792155429,0.0139175807265625,0.000383361572265625,2.7310954731959565,2.0100602282400684
2026-08-04T09:30:49.752Z,f8502e12,745ea5e7,2.48557662740996,0.0138489772109375,0.000370576251953125,2.697966986529749,1.9435634909049935
2026-08-04T09:33:36.811Z,ae9ac90b,86a612d4,2.52698866954533,0.0138407897109375,0.00038268782421875,2.7294227086388503,2.0053989211983163
2026-08-04T09:33:44.069Z,f93137cc,a2f53ba3,2.48596472092605,0.013857191734375,0.0003651361484375,2.7155127479430807,1.9073232676294893
2026-08-04T10:02:13.263Z,71586bcf,c99c2518,2.51594965327867,0.013881486,0.000388470703125,2.698239553905124,2.039699885784313
2026-08-04T10:26:12.371Z,f3cda678,df676dbb,2.50895277386862,0.0139172438125,0.000379341064453125,2.7141192701769215,1.981906495421457
2026-08-04T10:28:08.156Z,d5907b66,835a544a,2.49000159250402,0.0138692298203125,0.000381471759765625,2.681303800792605,1.9941619621201454
2026-08-04T10:49:27.512Z,5d522d6a,9845a4ad,2.49146984957439,0.0139202490234375,0.000364644123046875,2.7231262374516385,1.9081794738538094
2026-08-04T11:15:37.176Z,5e0e9cd1,cc0d2399,2.50009215851464,0.013862573890625,0.000378886310546875,2.70254713344102,1.9792663489729383
2026-08-04T11:28:35.714Z,828e5c14,50918732,2.48821287482885,0.0138765029296875,0.000365659830078125,2.7155499998471138,1.9141533196073395
2026-08-04T11:38:33.247Z,c210d200,57e16bbb,2.51474335355716,0.01386294921875,0.000382867513671875,2.713860212586985,2.0008395071542138
2026-08-04T12:14:04.866Z,eb1942d2,47ea0829,2.51402714711102,0.0138588408203125,0.0003808416328125,2.7165554146873867,1.9926184456085623
2026-08-04T13:31:11.178Z,b2629b9a,008243d1,2.49173101424537,0.013820013015625,0.000372547037109375,2.704663585674649,1.9483405507077
2026-08-04T14:06:41.076Z,f66de8d4,bebea69d,2.48505190016012,0.013826941734375,0.00036417610546875,2.711831442807232,1.912290104584919
2026-08-04T14:16:11.820Z,0c21dc18,d18d3be6,2.49232051064996,0.0138298844453125,0.000366997884765625,2.7202746805188376,1.9168021524160488
2026-08-04T14:44:34.975Z,739a6a44,2d8d3717,2.48260746136586,0.01386343359375,0.000385715576171875,2.6934806772047284,1.9439748067895333
2026-08-04T14:48:13.780Z,2dce5912,83c7a722,2.49270808422625,0.0138467346953125,0.000365923990234375,2.7204081105998497,1.9177125295399384
2026-08-04T15:04:14.588Z,46eeccf0,bca94c5a,2.55230814049095,0.0139922193984375,0.000393176677734375,2.7397780273616554,2.0634135943350587
2026-08-04T15:10:38.617Z,7a5a1e08,d6b5f65f,2.50704297437308,0.0138916002578125,0.000382054037109375,2.7081433490160376,1.9889880186176476
2026-08-04T15:24:24.132Z,ad778fad,bdd0bf94,2.49855938270219,0.013834125328125,0.00037682958984375,2.7074226971842075,1.9637694814578015
2026-08-04T15:26:52.602Z,463a5e94,6efbd972,2.51063013991556,0.0138392005234375,0.000383234294921875,2.707549533913768,2.0017125900603037
2026-08-04T15:34:35.701Z,1feeabc8,3478ba94,2.50037778074127,0.0138189235,0.000376800537109375,2.7072096609267673,1.9699574704897274
2026-08-04T15:42:03.111Z,4d7db13a,812c322a,2.51544228521117,0.0138479205703125,0.000383942544921875,2.7083646706918016,2.0152828494676918
2026-08-04T15:46:00.743Z,b2a6785a,6bce8d16,2.51298737966329,0.013879064453125,0.00038025390625,2.715305763695886,1.9920718833751958
2026-08-04T15:52:48.318Z,950b345d,e82596ef,2.48126214141395,0.013836443359375,0.000366895263671875,2.7021788285697284,1.9210927628341115
2026-08-04T16:06:06.503Z,ff29f5c2,2755e8a2,2.28339341925631,0.013880474609375,0.000369196126953125,2.46040650628863,1.8251660419679507
2026-08-04T16:28:04.459Z,8e232791,bf41384f,2.48741439289264,0.0138419850234375,0.000368338623046875,2.707572687286954,1.928644567647619
2026-08-04T16:35:10.566Z,c0b5c8ac,185c829a,2.49081973400727,0.0138474498671875,0.000367441244140625,2.714744915281657,1.9238982796191906
2026-08-04T16:38:02.264Z,12cb11a8,a0688008,2.53073874857624,0.013836953125,0.00038167252734375,2.7372704917510235,2.000028165903023
2026-08-04T16:48:12.650Z,7edda3d9,282186ac,2.51112397981731,0.01391589225,0.0003769072265625,2.7181142982437403,1.9800195393242677
2026-08-04T16:48:24.661Z,1fffc7e1,f99ca3ef,2.47381020056536,0.0138246822890625,0.000364856609375,2.699340377772947,1.9041122656010074
2026-08-04T16:54:40.920Z,553ef9f0,738889f8,1.57836348613204,0.013828389328125,0.0003828357734375,1.6280953304038945,1.4380984212143306
2026-08-04T17:07:41.301Z,987aa0dd,a60d5059,2.4558458778144,0.0138491103515625,0.000364586587890625,2.7004752375473653,1.8470720425878235
2026-08-04T17:10:51.256Z,7ae294c5,3093c493,2.5241861814239,0.0139241380234375,0.000373908609375,2.7470264814934335,1.9583801626261605
2026-08-04T17:27:54.215Z,ba76bd53,87a576c5,2.4785802409731,0.013814845703125,0.000366327068359375,2.700692335814848,1.9159607014855358
2026-08-04T17:36:34.721Z,c027d235,fa06f968,2.49966608485697,0.0138536748046875,0.000375122478515625,2.7078602442543573,1.966297616190057
2026-08-04T17:55:23.436Z,538dbab1,07bac646,2.47784400120858,0.0138298388671875,0.000363663412109375,2.7058399923267604,1.9027840800876954
2026-08-04T18:05:19.852Z,afec9214,f45d1a3c,2.51041552818176,0.013838583984375,0.00038234969140625,2.708048233330715,1.999922950630826
2026-08-04T18:05:40.290Z,8e9a736a,4d365f0e,2.48988046087666,0.0138108463515625,0.000364814126953125,2.7181056978463003,1.9138811525926507
2026-08-04T18:25:26.895Z,613221de,844307fa,2.48184840452356,0.0138489267578125,0.000365893798828125,2.706697795818528,1.913293932705023
2026-08-04T18:29:02.103Z,21148a15,11000a56,2.51996486168455,0.0139817685546875,0.00037394580078125,2.7411818916079462,1.9577822088854973
2026-08-04T18:41:26.351Z,2bd8d0b0,ecfeaeaa,2.4896614870463,0.0138446360703125,0.000368315591796875,2.7114345656061642,1.9273643436174293
2026-08-04T18:43:44.375Z,cdcba123,4c7406a0,2.52803294427805,0.01382670540625,0.000384329263671875,2.728219010846587,2.011375816703751
2026-08-04T19:00:43.642Z,bd97f777,07c95af3,2.50388710717819,0.013852814125,0.0003819169921875,2.703599968054966,1.9889857782199611
2026-08-04T19:05:00.195Z,964f0a29,f00220b1,2.4844531553955,0.0138345126953125,0.000367096353515625,2.707036842270201,1.9206169200315177
2026-08-04T19:22:52.619Z,10e83d6b,1a9ea7fe,2.5088912960698,0.0138712985,0.000366600748046875,2.742522674817288,1.920775902270623
2026-08-04T19:28:08.676Z,ca567869,3eefc02f,2.51078002675676,0.013891970703125,0.0003734451484375,2.728503907118375,1.9564147150806364
2026-08-04T19:59:34.490Z,7e368bd4,48254f0c,2.51575929219992,0.0138213115234375,0.00037910262109375,2.720067058874855,1.990386919472103
2026-08-04T20:11:21.057Z,b6032aeb,67ddeca8,2.51491097872962,0.013884241859375,0.000365572998046875,2.7552238126647013,1.9125809126844846
2026-08-04T20:19:12.985Z,2fc16e1e,c14520ad,2.5145149512973,0.013839729171875,0.000382175537109375,2.7130176508674397,2.001976758151622
2026-08-04T20:22:56.903Z,2ab00e97,6608ffe1,2.54521215348636,0.0139236422578125,0.000385103677734375,2.7483009421330693,2.0216366076174204
2026-08-04T20:43:06.235Z,66bab13a,cd603efc,2.48347519034056,0.0138416337890625,0.000367732666015625,2.705424063135195,1.921026065724721
2026-08-04T20:44:39.755Z,ca416f01,6b9623e9,1.86413621526892,0.013807869140625,0.000364807455078125,2.0895923529320486,1.3235058467152638
2026-08-04T21:08:19.297Z,f2fadb2c,2f280bdf,2.50096511054438,0.013873349609375,0.000374136962890625,2.713881623777409,1.9573019634170592
2026-08-04T21:08:44.315Z,39f436c0,89c913b3,2.50442340917929,0.0138605306015625,0.000368331787109375,2.733567445046012,1.9259350509923368
2026-08-04T21:10:26.219Z,bcd9d634,9025e8d1,2.49330918680716,0.0138406031953125,0.000369495443359375,2.7129736215502267,1.9353870714459265
2026-08-04T21:20:30.834Z,6757de65,1c4fb41c,1.78815832496795,0.0139250201875,0.00036781290625,1.8680865780993263,1.5683134803348555
2026-08-04T21:30:50.652Z,14c11a76,e0d50015,2.51580183978875,0.0138766682890625,0.00037777701953125,2.7249319957305325,1.9798793065063016
2026-08-04T21:39:35.939Z,d1e145f9,70937cc2,2.51926792581917,0.0138921721953125,0.000382762939453125,2.7184823461650622,2.0050161666663273
2026-08-04T21:52:23.675Z,45784e65,db7bb098,2.49911802173277,0.0138438984375,0.0003665025234375,2.7272961997898997,1.9228709718583157
2026-08-04T21:54:46.602Z,7bcb06a4,e5832639,2.51113692466134,0.013875660484375,0.000379314779296875,2.715752935476413,1.9852298815290763
2026-08-04T22:00:26.617Z,87b5e8c3,f282a170,2.49550707718651,0.013917358078125,0.000363899005859375,2.73003700653594,1.9060295137645649
2026-08-04T22:32:00.238Z,fe672d5d,5917bffe,2.48588885749615,0.0138484576796875,0.000367077798828125,2.7085904251923347,1.921749665339244
2026-08-04T22:35:59.302Z,f5a186d8,d33f0db7,2.48136501570611,0.0138179420625,0.000365461669921875,2.706568280054466,1.912078227832111
2026-08-04T22:47:11.580Z,ab669892,37d52f2e,2.50212021568474,0.01388005859375,0.00036697607421875,2.7334925622749724,1.9190177751847035
2026-08-04T22:54:48.628Z,af2a86ae,f87ad649,2.49196754205129,0.0138488766328125,0.00036463484765625,2.7230183027019157,1.9099317307464292
2026-08-04T22:57:48.779Z,b11d6eb9,ec568585,2.5057402803637,0.0138904563828125,0.000377435140625,2.7127874505734764,1.974680850257225
2026-08-04T23:11:34.767Z,9f5fbc7f,5ae7fca6,2.51878796030766,0.0138770234375,0.00038421769140625,2.7166026183337544,2.007650401949108
2026-08-04T23:15:58.303Z,62d95b26,16e14049,2.50076319301945,0.0138357890625,0.00036930672265625,2.7302037244223163,1.9217863761907303
2026-08-04T23:32:59.984Z,aefdd851,92691ffa,2.51482412964864,0.01381424771875,0.000382539712890625,2.7133791306469472,2.002161167075813
2026-08-04T23:34:31.432Z,2de39116,f4767ea7,2.51766413188069,0.0138711930390625,0.000380820150390625,2.7216670194946873,1.992903174536251
2026-08-04T23:48:08.220Z,17dacfd4,f8defddc,2.4746544199043,0.01382372428125,0.000364451578125,2.7012321356602875,1.9027096188701467
2026-08-04T23:56:58.306Z,b5713c5e,36a3b117,2.50216203323504,0.0138432379609375,0.0003672661953125,2.7342225553543344,1.917609335124758
2026-08-05T00:10:49.542Z,85078cae,81fd8dd9,2.48466053488496,0.013876407875,0.00036375439453125,2.7160983894835793,1.9020930277091592
2026-08-05T00:12:47.719Z,05372af7,63931789,2.51132829905103,0.0138300696640625,0.000383341388671875,2.7071218712145524,2.0048899525478263
2026-08-05T00:47:56.843Z,2689e2de,1094c07c,2.50917592509539,0.013885656578125,0.00037497998046875,2.7238377280766013,1.9614658653514607
2026-08-05T00:53:00.195Z,c501d098,b7e089a5,2.51355811638983,0.013852150390625,0.0003843642578125,2.706650915430862,2.0130704914029107
2026-08-05T01:08:39.476Z,939e4e31,c13b1194,2.4947045095913,0.0138464807890625,0.0003670552578125,2.724740967863387,1.9147002038148193
2026-08-05T01:13:01.818Z,70d6ddc5,8ce2bbdd,2.48309058823942,0.0138460869140625,0.000367092609375,2.7070155912459852,1.9164521656735383
2026-08-05T01:32:24.327Z,91b8aca6,c5080d58,2.51132104508183,0.013893768234375,0.000378354248046875,2.7182573763945537,1.9803284132736838
2026-08-05T01:33:01.167Z,6a22050c,28983f94,2.50171251684678,0.0138427415390625,0.000375973388671875,2.7110362160847155,1.9658195424311637
2026-08-05T01:51:57.658Z,af858240,f6c18c5c,2.50895502844065,0.0138742155,0.000380933755859375,2.708856862105907,1.9934866700520022
2026-08-05T01:57:43.605Z,ece22aa2,c2ddbd7b,2.4905899024541,0.01383295865625,0.00036800341796875,2.7154519596819116,1.9216864167468781
2026-08-05T02:11:14.173Z,f514ae49,3d637535,2.49079783707656,0.01388736165625,0.000365696125,2.7196538335772287,1.9134319978962882
2026-08-05T02:22:40.159Z,cef41d05,901b9511,2.4917036066282,0.0138344541015625,0.00036586808203125,2.7229790601447323,1.9092052435361533
2026-08-05T02:30:25.899Z,5d34ed82,7b57401c,2.50409380520256,0.0138781451875,0.000373697673828125,2.717110505425579,1.9601101179652405
2026-08-05T02:47:13.333Z,56db0c04,2e77b007,2.48421095314477,0.0138308405,0.00036727294921875,2.7086548589400823,1.9164296392619398
2026-08-05T02:49:26.168Z,ac197440,663e2d44,2.48409140372692,0.01384642903125,0.0003673271484375,2.7065452331853384,1.9205446963208235
2026-08-05T03:08:54.255Z,9a747b36,5b95e723,2.48288813403714,0.0138850224609375,0.000364959064453125,2.710993908480003,1.9074053068848784
2026-08-05T03:11:48.832Z,45c29255,84f6fd96,2.48855985474565,0.01384653125,0.0003687543125,2.709856482734455,1.9273185046351518
2026-08-05T03:29:41.880Z,9ffeea83,34b6967d,2.50389222408215,0.01385666015625,0.00037443741796875,2.715531050426682,1.962900143003253
2026-08-05T03:36:05.658Z,91c63b7c,b2eca9c6,2.50881673590786,0.013835181640625,0.000378019693359375,2.7187787111847,1.971306575950439
2026-08-05T03:48:48.144Z,10e7b4f7,d31f8498,2.47881747716224,0.0137888723984375,0.00036546671484375,2.7021404684604,1.913614411503022
2026-08-05T04:00:59.500Z,4dfcdda1,01fa51e0,2.48801848773336,0.01383746809375,0.000367148763671875,2.7153580400843884,1.913961090563838
2026-08-05T04:07:56.896Z,dc4e457f,c1a6cfc2,2.48578641230416,0.0138490400390625,0.00036437825390625,2.714888951890141,1.9080907603248307
2026-08-05T04:25:39.889Z,e704a8b1,b2d50999,2.50434387674892,0.0138226204453125,0.00037676668359375,2.716479540563249,1.9622599266093415
2026-08-05T04:28:26.505Z,444ed9e8,5e620425,2.49115425350831,0.0138725810546875,0.0003662884921875,2.717800005360632,1.918447836003532
2026-08-05T04:48:55.233Z,f2532c82,b0546aad,2.51452171692794,0.0138880465546875,0.000382794921875,2.7128188589075757,2.002438448575535
2026-08-05T04:49:58.837Z,af67f6d3,fc980b2a,2.49063865857866,0.013838029625,0.00036633349609375,2.7199748432840716,1.9122657078100431
2026-08-05T05:08:03.780Z,c2fe6422,10055985,2.51331102593126,0.01380720084375,0.000382990640625,2.709105748558894,2.0068137708352123
2026-08-05T05:10:29.631Z,8b352e9a,8af10e7f,2.5385320728661,0.0139561311875,0.000385093912109375,2.743877206456092,2.010187663247136
2026-08-05T05:29:08.312Z,87365c75,45df94d3,2.51845503210299,0.0138751513671875,0.000381074380859375,2.720469452015582,1.998044894803406
2026-08-05T05:47:28.144Z,bf8c2f17,7127663b,2.49219340387695,0.0138426171875,0.00036546044921875,2.72060587802542,1.915711352174429
2026-08-05T05:49:19.407Z,bb87d090,db30db27,2.49376670257062,0.0138252086640625,0.000374467693359375,2.702467986752059,1.9594835107885338
2026-08-05T06:12:04.098Z,1c45426e,f12ff305,2.52592316572676,0.0138846376953125,0.00038425284765625,2.727433849612582,2.006401599104583
2026-08-05T06:13:50.763Z,cbaac3a1,7b51489e,2.49801907429507,0.0138292893828125,0.000375871744140625,2.7037484115307193,1.9700813920675078
2026-08-05T06:36:44.833Z,a371f659,db2eea04,2.48677627170226,0.0138390026015625,0.000365998453125,2.7128094357599193,1.9155301719203568
2026-08-05T06:59:42.086Z,3b5993ba,7841ea22,2.53852693352231,0.0138822467421875,0.000384442546875,2.742434767188003,2.0133449245347714
2026-08-05T07:23:12.250Z,b00c17b2,48b2796d,2.49449076413212,0.01381539290625,0.00036760148046875,2.7201935609287866,1.923659388623437
2026-08-05T07:43:48.100Z,cea2a631,029e3c6d,2.49805859791807,0.0138710719453125,0.000365237060546875,2.7320988000432402,1.9095071312419107
2026-08-05T08:05:23.986Z,451c58e9,67a4704f,2.53663225263905,0.0138642389375,0.00038233292578125,2.743982553069909,2.0039459484360367
2026-08-05T09:06:46.809Z,da3363b0,90d9b027,2.5013763891574,0.01385615071875,0.00036736491015625,2.7328633050070494,1.9180611851564813
2026-08-05T09:33:21.106Z,c3ce66ec,e82d6cf1,2.52327585954979,0.0138995345078125,0.000371148111328125,2.7543223669047614,1.9400576008577801
2026-08-05T09:37:33.654Z,5c5d325c,7c11bf3c,2.51898344331676,0.0138842626953125,0.000374528890625,2.742347876730861,1.9522418328946007
2026-08-05T10:01:44.166Z,0411779d,2808e935,2.29069695209014,0.013919359375,0.00038687841796875,2.385154082200319,2.029183078680346
2026-08-05T10:01:54.626Z,f5c8e51c,e246c3df,2.51993628098184,0.013819328453125,0.0003810830078125,2.7250663156445047,1.9926315896975018
2026-08-05T10:23:20.619Z,89f37b16,3314d994,2.49997175940149,0.0138575872421875,0.00036596671484375,2.730717751839797,1.9182710394786258
2026-08-05T10:25:19.078Z,cdf71faf,504104e3,2.50505591848637,0.0138231184921875,0.000369242919921875,2.7368154469391444,1.9210256414529383
2026-08-05T10:38:19.365Z,4010b4d0,b29a43b0,2.46871308376565,0.0138224231796875,0.000368347900390625,2.6977415242654286,1.8918271973678107
2026-08-05T10:53:31.954Z,4058d0b4,d4235c92,2.54589247350597,0.0139007034453125,0.0003883982734375,2.7464708489445098,2.0278472926534445
2026-08-05T10:57:14.959Z,e38b00cc,653268de,2.29589349225638,0.0138297522734375,0.00037739599609375,2.41365475655837,1.975975242453469
2026-08-05T11:34:47.669Z,812cd8fb,8a4e7fb8,2.49553860236344,0.0138780348359375,0.00036582275390625,2.7279875992777636,1.910425002365831
2026-08-05T11:57:05.494Z,77a7dfe0,f0c9af04,2.53234315273715,0.0138512841796875,0.000384468099609375,2.7306490908723373,2.0197263992942682
2026-08-05T12:20:32.064Z,a1677dce,7b0db31b,2.51280838171028,0.013875859375,0.00037270613671875,2.7330186241868133,1.9530335978138775
2026-08-05T12:25:15.775Z,3e6fdcba,021fa4a4,2.49387730410401,0.013842189453125,0.00038259090234375,2.7037883055220844,1.9569614726136793
2026-08-05T12:30:50.605Z,c251fbea,ae22d9b4,2.48394526773618,0.0138431005859375,0.00036590771484375,2.7089082660167225,1.9150723834336065
2026-08-05T14:12:43.108Z,c747336c,cc4b1dc7,2.51665710865438,0.013895972328125,0.000385178873046875,2.7380116305445217,1.954295914930016
2026-08-05T14:48:45.043Z,249b72a3,aecbbdce,2.48947386255526,0.0138561376953125,0.000368264892578125,2.710935867890194,1.9278469493912587
2026-08-05T15:26:45.045Z,57306132,fd9cd358,2.44927871433893,0.0138403111953125,0.00037078955078125,2.6451940105513025,1.9443759513814474
2026-08-05T16:49:22.966Z,68f49500,22b8ae7e,2.50881936280172,0.0138323828125,0.000383243326171875,2.7056432764633542,2.000165633446201
2026-08-05T17:34:05.132Z,1343d1e7,f84bf78c,2.51112816575858,0.0138125126953125,0.000383353109375,2.704422426417655,2.0102586111743466
2026-08-05T18:12:05.932Z,2184a52f,50154a18,2.497001832375,0.0138714736328125,0.000374663330078125,2.706177284431943,1.9615831009103484
2026-08-05T19:00:49.006Z,285f79fa,3234ece1,2.50450520378964,0.01383549609375,0.00036743359375,2.7347024296816547,1.9237893850769405
2026-08-05T21:40:10.790Z,d1e15b7e,35d8a26b,2.49719997422207,0.0139492145234375,0.000365983724609375,2.7292345291050686,1.912893166221324
2026-08-05T21:40:34.634Z,98a9d3e8,2b905f6d,2.50202918303582,0.01381236490625,0.00037854264453125,2.7031936715427727,1.9839832325460578
2026-08-05T23:15:36.077Z,7f6fe89c,9ce98f9d,2.49929862663221,0.013854140296875,0.000364925861328125,2.735694859668992,1.9057662825137092
2026-08-05T23:59:16.255Z,3df17df8,70c52970,2.49403684067404,0.013824640953125,0.00036605867578125,2.7213363160236943,1.91983898112422
2026-08-06T00:11:58.043Z,0d123661,4bdeaae6,2.52045366445076,0.013843359703125,0.000367052978515625,2.7620803480838125,1.9151639034905434
2026-08-06T00:13:33.386Z,0e21e644,218f1bf3,2.48455003101732,0.01380735546875,0.000366878826171875,2.709156677218768,1.9164108443686068
2026-08-06T00:18:28.026Z,b976b1fa,7adea72a,2.51420893524899,0.0138945748671875,0.000377677654296875,2.723568724832786,1.9778367699419235
2026-08-06T00:20:37.483Z,29202d8a,f25d08d3,2.50339957955809,0.0138754973984375,0.000367577068359375,2.7314550573583536,1.9272520770732235
2026-08-06T01:00:38.378Z,731b2c4c,bcb7ef92,2.49142863422494,0.0138417428359375,0.000365330404296875,2.7195284299184492,1.91563602753387
2026-08-06T01:21:17.448Z,f5f0a479,9b16f127,2.49832710850843,0.0138373463515625,0.000368392009765625,2.720360281254464,1.9351646659236743
2026-08-06T01:36:32.150Z,1623af8d,8799a90d,2.489905720165,0.013830904296875,0.00036549422265625,2.7174401355300963,1.9153654767643116
2026-08-06T01:42:18.085Z,e20d8e42,496cdb8b,2.49418652882245,0.0138555234375,0.000364267986328125,2.7291909960541867,1.9037675835203662
2026-08-06T02:03:16.559Z,e4fe43f1,e26ea077,2.49739733055365,0.0138620048828125,0.00036386726953125,2.734051980156946,1.9034009036074475
2026-08-06T02:09:11.208Z,259b0524,656239f4,2.52853066932024,0.013895144859375,0.00037678125,2.745470595746244,1.9752520107101352
2026-08-06T02:54:53.158Z,8d4ae2f1,73ca2e95,2.5150890138619,0.0139164404296875,0.000368197998046875,2.746759756258754,1.930862790786997
2026-08-06T03:03:50.555Z,d59ae7f5,62fc4356,2.50272453824529,0.0138554013671875,0.000373398357421875,2.717339576017887,1.9553318068282315
2026-08-06T03:59:10.800Z,43626cfb,c482d886,2.51901740171598,0.0138614821015625,0.000377552083984375,2.7286523717423634,1.981892250377541
2026-08-06T04:42:12.785Z,58e28b8d,30fff37f,2.54216510564691,0.0138552649765625,0.00036776847265625,2.7888252197794854,1.9255336883466827
2026-08-06T05:04:23.273Z,97a5090c,3e165fa5,2.58882784082067,0.01384496646875,0.000382682697265625,2.82068398043601,2.0014713863613727
2026-08-06T07:38:09.880Z,42cdf4fe,aba6590e,1.90661932635002,0.0138877412109375,0.00038359415625,1.8938553579242958,1.9454297046019675
2026-08-06T08:35:55.471Z,b515ffbc,f04fb62d,2.44933571265545,0.01385867740625,0.000365513021484375,2.6775303414626785,1.8749515789684608
2026-08-06T08:59:59.720Z,9b145012,fd70bf8a,2.4646313195154,0.0138539560546875,0.0003770990390625,2.6728089256961307,1.932431522585292
2026-08-06T09:12:09.372Z,51890a2e,129cd66b,2.5776867776863,0.0138810325546875,0.000378341390625,2.814547758136407,1.9801345811350157
2026-08-06T09:26:30.789Z,d0d08b8b,328ddc6d,2.4738614772768,0.013857970703125,0.000383669595703125,2.671412683797924,1.964619997990163
2026-08-06T09:46:41.149Z,36aed443,60b02533,2.58407570096117,0.01384693425,0.00038801416015625,2.799447558460271,2.0323753550294295
2026-08-06T10:06:12.618Z,84001eb1,bf9eff66,2.45451236833785,0.013848995765625,0.000372762859375,2.6703875428764388,1.9060663716817252
2026-08-06T10:37:20.872Z,725fefd7,95392b6c,2.47775432790298,0.0138487822265625,0.000366818359375,2.7016679047809133,1.9113361905016326
2026-08-06T10:40:10.988Z,357e205c,2b0bb55e,2.44600544557771,0.0138338896484375,0.000363438638671875,2.6767704767919045,1.8663636931053353
2026-08-06T10:51:57.447Z,88f28c6d,bf18fbf3,2.58243258631003,0.01388671875,0.000383791830078125,2.806820110829617,2.011278606137682
2026-08-06T11:12:27.565Z,96f242f8,30805313,2.45257274064709,0.0138535224609375,0.000370898111328125,2.6708945886682627,1.8989666742255404
2026-08-06T12:11:18.217Z,26dc269c,55de8a22,2.51646456397889,0.013876995765625,0.00037713053515625,2.7286643803051334,1.9738443900955533
2026-08-06T12:23:49.293Z,3e595a77,5c0b6923,2.55354968656806,0.013888569984375,0.0003703408203125,2.803088888965134,1.9304859316160345
2026-08-06T13:25:37.312Z,c3448bb0,9af6191f,2.56961770500462,0.0138310966796875,0.00037955265234375,2.801926199060369,1.982001540187007
2026-08-06T13:58:51.290Z,9649d810,898ce69f,2.55932582737867,0.0138299850234375,0.000367728435546875,2.8140477896583986,1.9253421195853722
2026-08-06T14:29:54.765Z,7584512e,8b6c6bf3,2.47339653502303,0.013859587890625,0.000382166666015625,2.671694257186378,1.962522847115529
2026-08-06T14:35:14.505Z,c95b4e49,4ed4578e,2.49694929849958,0.0138371256484375,0.00037260791015625,2.7118337704305904,1.9491699244317697
2026-08-06T14:56:57.824Z,c5025aaa,611e72c2,2.56014730242417,0.01388770540625,0.000368459552734375,2.8150098520324534,1.9258393585542075
2026-08-06T15:19:17.724Z,428a4971,d09859ae,2.56134031782408,0.0138780009765625,0.000366533203125,2.8192989591462787,1.9206390295036007
2026-08-06T15:22:03.447Z,68ccce3f,9474bcc1,2.58063104055894,0.01383408821875,0.000383340251953125,2.80651299423672,2.006330591368149
2026-08-06T16:29:52.606Z,aa48ff65,74caf2e9,2.56224848754656,0.013845828125,0.000366470376953125,2.8207994779439267,1.9202967108883284
2026-08-06T16:35:20.166Z,5d086d0f,009255e7,2.58415726600426,0.0138546044921875,0.000379716634765625,2.814402127232268,2.0004021384674804
2026-08-06T18:09:31.784Z,dc5e693c,94c231e5,2.4790679846374,0.0138406669921875,0.00036494571875,2.7036805397050085,1.9111185229790493
2026-08-06T18:50:24.692Z,f52aa43d,a093f146,1.87619217737598,0.0138244775390625,0.0003661988125,1.8841550713414161,1.852504845843818
2026-08-06T20:21:56.931Z,9fd7161c,0a34fc97,2.54621175101921,0.0138677594375,0.000364128826171875,2.8059106487065524,1.902639727718983
2026-08-06T21:30:28.229Z,4b06e931,efd9c6e2,2.44836345722884,0.0139183678359375,0.000375670654296875,2.7067351492298504,1.8120336878980958
2026-08-06T21:47:53.685Z,db8b4df1,26b46535,2.59018571539341,0.0138819332734375,0.000381750326171875,2.818908868713026,2.0094652852564185
2026-08-06T22:09:25.005Z,0e430857,1376061d,2.4606001152998,0.013853878578125,0.000366215984375,2.6712281215371303,1.9232300037634273
2026-08-06T23:08:38.310Z,2278bd85,fd3ec81d,2.51764354092791,0.0138979248046875,0.000380153646484375,2.723583751070682,1.988633538969571
2026-08-06T23:17:11.672Z,6718326f,708500f7,2.59738344237761,0.0138635283203125,0.000383695068359375,2.8239845147384677,2.020958232443696
2026-08-06T23:29:27.545Z,99b71258,9b77e611,2.55562101733798,0.013851607421875,0.000368312662109375,2.807937425800435,1.9267418389503195
2026-08-06T23:41:25.247Z,6a3755a2,bcfe4266,2.59208115377193,0.01394075553125,0.00037940576171875,2.827307284429911,1.997447353267799
2026-08-06T23:53:57.401Z,82423579,62984609,2.59661489690809,0.013899558265625,0.0003819740390625,2.8224333759546165,2.021897242585458
2026-08-06T23:55:26.061Z,4f863d14,98c3e17e,2.59602407326883,0.01385751171875,0.000388282388671875,2.8132377142700804,2.03993142772145
2026-08-07T00:21:17.463Z,e54c6e68,a28ecf9f,2.565877969853,0.0138383190078125,0.00037307771875,2.8024889213863298,1.969301803521002
2026-08-07T00:29:19.105Z,4f546a83,5886a3d3,2.46709285841269,0.0138916953125,0.000366181966796875,2.68109474644664,1.922230657466789
2026-08-07T00:32:46.746Z,4f5b31e9,a7c86001,2.57020409192922,0.01386740071875,0.0003670035,2.8218424044357704,1.942102630376519
2026-08-07T01:10:33.582Z,89521f6b,3776f950,2.48215846443248,0.0138562737578125,0.000379322021484375,2.7105747577467705,1.9060480607501844
2026-08-07T01:14:35.529Z,254139ca,df97ef47,2.56925780750838,0.0138458636015625,0.000367713296875,2.8196686506042723,1.943732571750097
2026-08-07T01:43:54.714Z,f778cb3b,9615d6a0,2.57185838359981,0.013847515296875,0.000373620443359375,2.806373248113167,1.9794836029950775
2026-08-07T02:00:09.608Z,d786ad5c,409ba5c8,2.56432760787264,0.013892033203125,0.00038374755859375,2.8018250473613273,1.965943317395163
2026-08-07T02:14:11.913Z,a7c3facb,4b0e59e0,2.5836111382277,0.0139141220703125,0.000384193115234375,2.7983835006582214,2.033231821382517
2026-08-07T02:20:19.542Z,08ddee45,456a92e5,2.57481889508242,0.01385760709375,0.000375639974609375,2.8186331453619227,1.9627775685674194
2026-08-07T02:38:09.238Z,b360dd02,82a2e9d4,2.57060980275408,0.0139044065703125,0.00036711026953125,2.8222133249401633,1.9425630483985985
2026-08-07T02:41:24.512Z,a3e38005,47e8f5ec,2.40727961939956,0.0138140921171875,0.000362341796875,2.7417258764555257,1.6294238289570744
2026-08-07T03:03:12.188Z,f2160f8f,702c1d8d,2.55817063147974,0.0138200843046875,0.000378620931640625,2.7940794090795658,1.9633684178542896
2026-08-07T03:06:28.570Z,f2b7cccd,ab17a99f,2.59787481790585,0.0138675205078125,0.000382853109375,2.818978667358392,2.0332815160862445
2026-08-07T03:27:41.125Z,ec2b0a57,389b149c,2.48390641906103,0.0138656139375,0.000364208822265625,2.784390506731284,1.7633985773918082
2026-08-07T03:48:29.324Z,9631b9d4,1201db1b,1.64018613277615,0.01385130925,0.00037642488671875,1.6682428719875062,1.558815477947808
2026-08-07T04:16:34.301Z,0fe73ec1,58df9647,2.46293330768686,0.01381615396875,0.000366695556640625,2.6764691122310396,1.9192161992010726
2026-08-07T04:45:10.977Z,259c2653,25ca60aa,2.4522337499294,0.0138268177109375,0.00036468798828125,2.6632925072885256,1.9142156360206675
2026-08-07T05:35:04.696Z,c03dc117,be504bba,2.5490802468639,0.0138223203125,0.000365247314453125,2.8047880044191524,1.9135239675274414
2026-08-07T06:26:46.685Z,26b8e82a,0b5372f5,2.56253848898976,0.0138103876953125,0.000377965576171875,2.797072999899222,1.9704716258358206
2026-08-07T06:49:45.199Z,0bc3eb4c,5164d313,2.56222295324231,0.0138363548125,0.0003740111484375,2.799902956488196,1.9635353858492781
2026-08-07T06:58:51.591Z,b15c3c51,a6ffac89,2.55749520132486,0.0138422845078125,0.00036495068359375,2.804296578637331,1.9399363627762576
