comparison,family,order,quartet,position,arm,mode,request_id,wall_ns,profile_ns,profile_count,eval_ns,token
empty_control,ordinary_layers,ABBA,0,0,A,off,11,546751000,0.0,0,143187458.33333334,5991
empty_control,ordinary_layers,ABBA,0,1,B,empty,12,546856500,125.0,39,143254750.0,5991
empty_control,ordinary_layers,ABBA,0,2,B,empty,13,546404209,125.0,39,143000333.33333334,5991
empty_control,ordinary_layers,ABBA,0,3,A,off,14,546628666,0.0,0,143181958.33333334,5991
empty_control,ordinary_layers,ABBA,1,0,A,off,15,545413458,0.0,0,142623541.66666666,5991
empty_control,ordinary_layers,ABBA,1,1,B,empty,16,545950458,250.0,39,142699041.66666666,5991
empty_control,ordinary_layers,ABBA,1,2,B,empty,17,545868958,291.6666666666667,39,142993833.33333334,5991
empty_control,ordinary_layers,ABBA,1,3,A,off,18,546099667,0.0,0,142693625.0,5991
empty_control,ordinary_layers,ABBA,2,0,A,off,19,548056583,0.0,0,142774291.66666666,5991
empty_control,ordinary_layers,ABBA,2,1,B,empty,20,547706625,208.33333333333334,39,143207750.0,5991
empty_control,ordinary_layers,ABBA,2,2,B,empty,21,546617458,41.666666666666664,39,143515791.66666666,5991
empty_control,ordinary_layers,ABBA,2,3,A,off,22,547023209,0.0,0,143223708.33333334,5991
empty_control,ordinary_layers,ABBA,3,0,A,off,23,546815334,0.0,0,143373791.66666666,5991
empty_control,ordinary_layers,ABBA,3,1,B,empty,24,547237042,208.33333333333334,39,143013000.0,5991
empty_control,ordinary_layers,ABBA,3,2,B,empty,25,547516542,83.33333333333333,39,143597916.66666666,5991
empty_control,ordinary_layers,ABBA,3,3,A,off,26,546676958,0.0,0,143175958.33333334,5991
empty_control,ordinary_layers,ABBA,4,0,A,off,27,547068750,0.0,0,143258750.0,5991
empty_control,ordinary_layers,ABBA,4,1,B,empty,28,544860250,250.0,39,142647291.66666666,5991
empty_control,ordinary_layers,ABBA,4,2,B,empty,29,546452459,291.6666666666667,39,142675000.0,5991
empty_control,ordinary_layers,ABBA,4,3,A,off,30,546909542,0.0,0,143023375.0,5991
empty_control,ordinary_layers,ABBA,5,0,A,off,31,548204541,0.0,0,142792333.33333334,5991
empty_control,ordinary_layers,ABBA,5,1,B,empty,32,546762375,250.0,39,143132416.66666666,5991
empty_control,ordinary_layers,ABBA,5,2,B,empty,33,546521125,208.33333333333334,39,143048625.0,5991
empty_control,ordinary_layers,ABBA,5,3,A,off,34,545911000,0.0,0,143310958.33333334,5991
empty_control,ordinary_layers,ABBA,6,0,A,off,35,546816417,0.0,0,143201208.33333334,5991
empty_control,ordinary_layers,ABBA,6,1,B,empty,36,547411375,83.33333333333333,39,143200416.66666666,5991
empty_control,ordinary_layers,ABBA,6,2,B,empty,37,545990333,291.6666666666667,39,142642416.66666666,5991
empty_control,ordinary_layers,ABBA,6,3,A,off,38,546474750,0.0,0,143087666.66666666,5991
empty_control,ordinary_layers,ABBA,7,0,A,off,39,546188625,0.0,0,142695583.33333334,5991
empty_control,ordinary_layers,ABBA,7,1,B,empty,40,548691125,333.3333333333333,39,142836291.66666666,5991
empty_control,ordinary_layers,ABBA,7,2,B,empty,41,547015250,208.33333333333334,39,143440083.33333334,5991
empty_control,ordinary_layers,ABBA,7,3,A,off,42,547746958,0.0,0,143435583.33333334,5991
empty_control,ordinary_layers,ABBA,8,0,A,off,43,547142667,0.0,0,143224916.66666666,5991
empty_control,ordinary_layers,ABBA,8,1,B,empty,44,545796917,166.66666666666666,39,143018458.33333334,5991
empty_control,ordinary_layers,ABBA,8,2,B,empty,45,546894167,41.666666666666664,39,142760416.66666666,5991
empty_control,ordinary_layers,ABBA,8,3,A,off,46,547655583,0.0,0,143322208.33333334,5991
empty_control,ordinary_layers,ABBA,9,0,A,off,47,545672375,0.0,0,142603125.0,5991
empty_control,ordinary_layers,ABBA,9,1,B,empty,48,546227917,166.66666666666666,39,142592416.66666666,5991
empty_control,ordinary_layers,ABBA,9,2,B,empty,49,547633208,166.66666666666666,39,143061291.66666666,5991
empty_control,ordinary_layers,ABBA,9,3,A,off,50,547006250,0.0,0,143288208.33333334,5991
empty_control,ordinary_layers,ABBA,10,0,A,off,51,546767667,0.0,0,143137166.66666666,5991
empty_control,ordinary_layers,ABBA,10,1,B,empty,52,546571583,208.33333333333334,39,143270250.0,5991
empty_control,ordinary_layers,ABBA,10,2,B,empty,53,546785791,125.0,39,143178416.66666666,5991
empty_control,ordinary_layers,ABBA,10,3,A,off,54,546187000,0.0,0,142909250.0,5991
empty_control,ordinary_layers,ABBA,11,0,A,off,55,546617833,0.0,0,143182916.66666666,5991
empty_control,ordinary_layers,ABBA,11,1,B,empty,56,546976375,250.0,39,143288125.0,5991
empty_control,ordinary_layers,ABBA,11,2,B,empty,57,547455792,250.0,39,143096291.66666666,5991
empty_control,ordinary_layers,ABBA,11,3,A,off,58,548841291,0.0,0,144557291.66666666,5991
empty_control,ordinary_layers,ABBA,12,0,A,off,59,550290250,0.0,0,144288375.0,5991
empty_control,ordinary_layers,ABBA,12,1,B,empty,60,550249625,208.33333333333334,39,144370291.66666666,5991
empty_control,ordinary_layers,ABBA,12,2,B,empty,61,549661792,41.666666666666664,39,143985458.33333334,5991
empty_control,ordinary_layers,ABBA,12,3,A,off,62,547013083,0.0,0,142954125.0,5991
empty_control,ordinary_layers,ABBA,13,0,A,off,63,547476750,0.0,0,142027250.0,5991
empty_control,ordinary_layers,ABBA,13,1,B,empty,64,557939959,416.6666666666667,39,142801916.66666666,5991
empty_control,ordinary_layers,ABBA,13,2,B,empty,65,547190750,125.0,39,142702625.0,5991
empty_control,ordinary_layers,ABBA,13,3,A,off,66,546440625,0.0,0,142706750.0,5991
empty_control,ordinary_layers,ABBA,14,0,A,off,67,545921292,0.0,0,142750083.33333334,5991
empty_control,ordinary_layers,ABBA,14,1,B,empty,68,545920625,250.0,39,142809125.0,5991
empty_control,ordinary_layers,ABBA,14,2,B,empty,69,545750834,208.33333333333334,39,142721666.66666666,5991
empty_control,ordinary_layers,ABBA,14,3,A,off,70,545381958,0.0,0,142743750.0,5991
empty_control,ordinary_layers,ABBA,15,0,A,off,71,545471334,0.0,0,142865458.33333334,5991
empty_control,ordinary_layers,ABBA,15,1,B,empty,72,545781042,291.6666666666667,39,142990333.33333334,5991
empty_control,ordinary_layers,ABBA,15,2,B,empty,73,546443625,83.33333333333333,39,142911250.0,5991
empty_control,ordinary_layers,ABBA,15,3,A,off,74,546267833,0.0,0,143073458.33333334,5991
empty_control,ordinary_layers,ABBA,16,0,A,off,75,545595334,0.0,0,142695458.33333334,5991
empty_control,ordinary_layers,ABBA,16,1,B,empty,76,545710542,166.66666666666666,39,142901875.0,5991
empty_control,ordinary_layers,ABBA,16,2,B,empty,77,546038583,291.6666666666667,39,142640541.66666666,5991
empty_control,ordinary_layers,ABBA,16,3,A,off,78,545956959,0.0,0,143023541.66666666,5991
empty_control,ordinary_layers,ABBA,17,0,A,off,79,548016875,0.0,0,142552500.0,5991
empty_control,ordinary_layers,ABBA,17,1,B,empty,80,548129792,291.6666666666667,39,143359875.0,5991
empty_control,ordinary_layers,ABBA,17,2,B,empty,81,546736292,83.33333333333333,39,143373416.66666666,5991
empty_control,ordinary_layers,ABBA,17,3,A,off,82,547653166,0.0,0,143180250.0,5991
empty_control,ordinary_layers,ABBA,18,0,A,off,83,546914792,0.0,0,143271750.0,5991
empty_control,ordinary_layers,ABBA,18,1,B,empty,84,547014333,250.0,39,142778708.33333334,5991
empty_control,ordinary_layers,ABBA,18,2,B,empty,85,549071000,541.6666666666666,39,142188333.33333334,5991
empty_control,ordinary_layers,ABBA,18,3,A,off,86,551485000,0.0,0,142147708.33333334,5991
empty_control,ordinary_layers,ABBA,19,0,A,off,87,560198792,0.0,0,143071708.33333334,5991
empty_control,ordinary_layers,ABBA,19,1,B,empty,88,545750125,166.66666666666666,39,142156833.33333334,5991
empty_control,ordinary_layers,ABBA,19,2,B,empty,89,548384167,166.66666666666666,39,143371791.66666666,5991
empty_control,ordinary_layers,ABBA,19,3,A,off,90,546082000,0.0,0,143126166.66666666,5991
empty_control,ordinary_layers,ABBA,20,0,A,off,91,546534500,0.0,0,143216541.66666666,5991
empty_control,ordinary_layers,ABBA,20,1,B,empty,92,546816084,125.0,39,143209875.0,5991
empty_control,ordinary_layers,ABBA,20,2,B,empty,93,547114209,125.0,39,143200791.66666666,5991
empty_control,ordinary_layers,ABBA,20,3,A,off,94,546774125,0.0,0,143367666.66666666,5991
empty_control,ordinary_layers,ABBA,21,0,A,off,95,547296583,0.0,0,143321500.0,5991
empty_control,ordinary_layers,ABBA,21,1,B,empty,96,546321625,208.33333333333334,39,143400416.66666666,5991
empty_control,ordinary_layers,ABBA,21,2,B,empty,97,547565416,166.66666666666666,39,143032041.66666666,5991
empty_control,ordinary_layers,ABBA,21,3,A,off,98,546947209,0.0,0,143342083.33333334,5991
empty_control,ordinary_layers,ABBA,22,0,A,off,99,546282291,0.0,0,142579500.0,5991
empty_control,ordinary_layers,ABBA,22,1,B,empty,100,547997333,83.33333333333333,39,143345291.66666666,5991
empty_control,ordinary_layers,ABBA,22,2,B,empty,101,547584125,208.33333333333334,39,143364083.33333334,5991
empty_control,ordinary_layers,ABBA,22,3,A,off,102,548022459,0.0,0,143423166.66666666,5991
empty_control,ordinary_layers,ABBA,23,0,A,off,103,546994625,0.0,0,143040750.0,5991
empty_control,ordinary_layers,ABBA,23,1,B,empty,104,546409333,208.33333333333334,39,142709500.0,5991
empty_control,ordinary_layers,ABBA,23,2,B,empty,105,547008167,208.33333333333334,39,142517958.33333334,5991
empty_control,ordinary_layers,ABBA,23,3,A,off,106,547893833,0.0,0,142868958.33333334,5991
empty_control,ordinary_layers,ABBA,24,0,A,off,107,547594542,0.0,0,143212000.0,5991
empty_control,ordinary_layers,ABBA,24,1,B,empty,108,547574959,166.66666666666666,39,143141625.0,5991
empty_control,ordinary_layers,ABBA,24,2,B,empty,109,546831333,125.0,39,142937875.0,5991
empty_control,ordinary_layers,ABBA,24,3,A,off,110,546839208,0.0,0,143322000.0,5991
empty_control,ordinary_layers,ABBA,25,0,A,off,111,546942667,0.0,0,143100166.66666666,5991
empty_control,ordinary_layers,ABBA,25,1,B,empty,112,546422208,41.666666666666664,39,143190083.33333334,5991
empty_control,ordinary_layers,ABBA,25,2,B,empty,113,547206250,375.0,39,143283958.33333334,5991
empty_control,ordinary_layers,ABBA,25,3,A,off,114,546574083,0.0,0,143442041.66666666,5991
empty_control,ordinary_layers,ABBA,26,0,A,off,115,546135625,0.0,0,142899791.66666666,5991
empty_control,ordinary_layers,ABBA,26,1,B,empty,116,549386209,208.33333333333334,39,142601041.66666666,5991
empty_control,ordinary_layers,ABBA,26,2,B,empty,117,549630750,291.6666666666667,39,142769041.66666666,5991
empty_control,ordinary_layers,ABBA,26,3,A,off,118,548124833,0.0,0,143630958.33333334,5991
empty_control,ordinary_layers,ABBA,27,0,A,off,119,547907791,0.0,0,143102041.66666666,5991
empty_control,ordinary_layers,ABBA,27,1,B,empty,120,547137959,208.33333333333334,39,143428125.0,5991
empty_control,ordinary_layers,ABBA,27,2,B,empty,121,546684458,41.666666666666664,39,143045000.0,5991
empty_control,ordinary_layers,ABBA,27,3,A,off,122,547300250,0.0,0,143196625.0,5991
empty_control,ordinary_layers,ABBA,28,0,A,off,123,546828750,0.0,0,143043000.0,5991
empty_control,ordinary_layers,ABBA,28,1,B,empty,124,546758375,83.33333333333333,39,142754625.0,5991
empty_control,ordinary_layers,ABBA,28,2,B,empty,125,547701209,125.0,39,143429958.33333334,5991
empty_control,ordinary_layers,ABBA,28,3,A,off,126,547662125,0.0,0,143420458.33333334,5991
empty_control,ordinary_layers,ABBA,29,0,A,off,127,546088500,0.0,0,143431291.66666666,5991
empty_control,ordinary_layers,ABBA,29,1,B,empty,128,546011000,208.33333333333334,39,142689291.66666666,5991
empty_control,ordinary_layers,ABBA,29,2,B,empty,129,549698750,375.0,39,142647416.66666666,5991
empty_control,ordinary_layers,ABBA,29,3,A,off,130,548213917,0.0,0,141988500.0,5991
empty_control,ordinary_layers,ABBA,30,0,A,off,131,563595167,0.0,0,143189750.0,5991
empty_control,ordinary_layers,ABBA,30,1,B,empty,132,547269000,291.6666666666667,39,142893750.0,5991
empty_control,ordinary_layers,ABBA,30,2,B,empty,133,550465292,833.3333333333334,39,142465125.0,5991
empty_control,ordinary_layers,ABBA,30,3,A,off,134,561095334,0.0,0,143135625.0,5991
empty_control,ordinary_layers,ABBA,31,0,A,off,135,547282917,0.0,0,143307083.33333334,5991
empty_control,ordinary_layers,ABBA,31,1,B,empty,136,546551666,250.0,39,143180416.66666666,5991
empty_control,ordinary_layers,ABBA,31,2,B,empty,137,547481209,291.6666666666667,39,143177625.0,5991
empty_control,ordinary_layers,ABBA,31,3,A,off,138,547934334,0.0,0,143325041.66666666,5991
empty_control,ordinary_layers,BAAB,0,0,B,empty,139,546852458,166.66666666666666,39,143037333.33333334,5991
empty_control,ordinary_layers,BAAB,0,1,A,off,140,546414209,0.0,0,142986000.0,5991
empty_control,ordinary_layers,BAAB,0,2,A,off,141,549435125,0.0,0,142472125.0,5991
empty_control,ordinary_layers,BAAB,0,3,B,empty,142,552416084,625.0,39,141886000.0,5991
empty_control,ordinary_layers,BAAB,1,0,B,empty,143,556090000,166.66666666666666,39,142935750.0,5991
empty_control,ordinary_layers,BAAB,1,1,A,off,144,547768583,0.0,0,143031916.66666666,5991
empty_control,ordinary_layers,BAAB,1,2,A,off,145,547188625,0.0,0,143377333.33333334,5991
empty_control,ordinary_layers,BAAB,1,3,B,empty,146,546493416,208.33333333333334,39,143135958.33333334,5991
empty_control,ordinary_layers,BAAB,2,0,B,empty,147,545876000,458.3333333333333,39,142580958.33333334,5991
empty_control,ordinary_layers,BAAB,2,1,A,off,148,549912541,0.0,0,142149958.33333334,5991
empty_control,ordinary_layers,BAAB,2,2,A,off,149,557677542,0.0,0,142270500.0,5991
empty_control,ordinary_layers,BAAB,2,3,B,empty,150,547049292,458.3333333333333,39,142917541.66666666,5991
empty_control,ordinary_layers,BAAB,3,0,B,empty,151,546625875,750.0,39,142170750.0,5991
empty_control,ordinary_layers,BAAB,3,1,A,off,152,561452292,0.0,0,142937583.33333334,5991
empty_control,ordinary_layers,BAAB,3,2,A,off,153,548672917,0.0,0,143433333.33333334,5991
empty_control,ordinary_layers,BAAB,3,3,B,empty,154,547014625,125.0,39,143463958.33333334,5991
empty_control,ordinary_layers,BAAB,4,0,B,empty,155,546894709,208.33333333333334,39,143196791.66666666,5991
empty_control,ordinary_layers,BAAB,4,1,A,off,156,546547583,0.0,0,143041416.66666666,5991
empty_control,ordinary_layers,BAAB,4,2,A,off,157,547755667,0.0,0,143334541.66666666,5991
empty_control,ordinary_layers,BAAB,4,3,B,empty,158,547470666,83.33333333333333,39,143450750.0,5991
empty_control,ordinary_layers,BAAB,5,0,B,empty,159,547315375,333.3333333333333,39,142934500.0,5991
empty_control,ordinary_layers,BAAB,5,1,A,off,160,546898459,0.0,0,143080958.33333334,5991
empty_control,ordinary_layers,BAAB,5,2,A,off,161,547307041,0.0,0,142729833.33333334,5991
empty_control,ordinary_layers,BAAB,5,3,B,empty,162,546599792,208.33333333333334,39,142829333.33333334,5991
empty_control,ordinary_layers,BAAB,6,0,B,empty,163,546434500,41.666666666666664,39,142857166.66666666,5991
empty_control,ordinary_layers,BAAB,6,1,A,off,164,547019625,0.0,0,143262916.66666666,5991
empty_control,ordinary_layers,BAAB,6,2,A,off,165,546304250,0.0,0,143095750.0,5991
empty_control,ordinary_layers,BAAB,6,3,B,empty,166,545984916,208.33333333333334,39,142993041.66666666,5991
empty_control,ordinary_layers,BAAB,7,0,B,empty,167,546714041,333.3333333333333,39,143368000.0,5991
empty_control,ordinary_layers,BAAB,7,1,A,off,168,551214459,0.0,0,144453375.0,5991
empty_control,ordinary_layers,BAAB,7,2,A,off,169,550932292,0.0,0,144616875.0,5991
empty_control,ordinary_layers,BAAB,7,3,B,empty,170,550807625,166.66666666666666,39,143957916.66666666,5991
empty_control,ordinary_layers,BAAB,8,0,B,empty,171,549277667,333.3333333333333,39,143164875.0,5991
empty_control,ordinary_layers,BAAB,8,1,A,off,172,547520667,0.0,0,143180666.66666666,5991
empty_control,ordinary_layers,BAAB,8,2,A,off,173,546473917,0.0,0,142653333.33333334,5991
empty_control,ordinary_layers,BAAB,8,3,B,empty,174,547652916,291.6666666666667,39,143247208.33333334,5991
empty_control,ordinary_layers,BAAB,9,0,B,empty,175,547679875,166.66666666666666,39,143076000.0,5991
empty_control,ordinary_layers,BAAB,9,1,A,off,176,546922542,0.0,0,143319833.33333334,5991
empty_control,ordinary_layers,BAAB,9,2,A,off,177,548001458,0.0,0,143510083.33333334,5991
empty_control,ordinary_layers,BAAB,9,3,B,empty,178,547319958,375.0,39,143345541.66666666,5991
empty_control,ordinary_layers,BAAB,10,0,B,empty,179,547337709,125.0,39,142798083.33333334,5991
empty_control,ordinary_layers,BAAB,10,1,A,off,180,546917417,0.0,0,143285708.33333334,5991
empty_control,ordinary_layers,BAAB,10,2,A,off,181,546626584,0.0,0,142545000.0,5991
empty_control,ordinary_layers,BAAB,10,3,B,empty,182,549837375,291.6666666666667,39,142880500.0,5991
empty_control,ordinary_layers,BAAB,11,0,B,empty,183,547188084,208.33333333333334,39,143207541.66666666,5991
empty_control,ordinary_layers,BAAB,11,1,A,off,184,547381250,0.0,0,142990833.33333334,5991
empty_control,ordinary_layers,BAAB,11,2,A,off,185,546736167,0.0,0,143081416.66666666,5991
empty_control,ordinary_layers,BAAB,11,3,B,empty,186,547641625,208.33333333333334,39,143144208.33333334,5991
empty_control,ordinary_layers,BAAB,12,0,B,empty,187,546123541,416.6666666666667,39,142833083.33333334,5991
empty_control,ordinary_layers,BAAB,12,1,A,off,188,551685250,0.0,0,143553166.66666666,5991
empty_control,ordinary_layers,BAAB,12,2,A,off,189,547664375,0.0,0,143377083.33333334,5991
empty_control,ordinary_layers,BAAB,12,3,B,empty,190,546903042,41.666666666666664,39,143170166.66666666,5991
empty_control,ordinary_layers,BAAB,13,0,B,empty,191,547581125,166.66666666666666,39,143308375.0,5991
empty_control,ordinary_layers,BAAB,13,1,A,off,192,548075459,0.0,0,143221333.33333334,5991
empty_control,ordinary_layers,BAAB,13,2,A,off,193,547167500,0.0,0,143277708.33333334,5991
empty_control,ordinary_layers,BAAB,13,3,B,empty,194,547718000,125.0,39,143437375.0,5991
empty_control,ordinary_layers,BAAB,14,0,B,empty,195,548003791,208.33333333333334,39,143580333.33333334,5991
empty_control,ordinary_layers,BAAB,14,1,A,off,196,546258500,0.0,0,143347541.66666666,5991
empty_control,ordinary_layers,BAAB,14,2,A,off,197,547436583,0.0,0,143650958.33333334,5991
empty_control,ordinary_layers,BAAB,14,3,B,empty,198,547327500,250.0,39,142991250.0,5991
empty_control,ordinary_layers,BAAB,15,0,B,empty,199,547747959,83.33333333333333,39,143205166.66666666,5991
empty_control,ordinary_layers,BAAB,15,1,A,off,200,546499416,0.0,0,143103083.33333334,5991
empty_control,ordinary_layers,BAAB,15,2,A,off,201,547602917,0.0,0,142650875.0,5991
empty_control,ordinary_layers,BAAB,15,3,B,empty,202,547361583,166.66666666666666,39,143286166.66666666,5991
empty_control,ordinary_layers,BAAB,16,0,B,empty,203,547224833,291.6666666666667,39,143045833.33333334,5991
empty_control,ordinary_layers,BAAB,16,1,A,off,204,546842084,0.0,0,143187500.0,5991
empty_control,ordinary_layers,BAAB,16,2,A,off,205,547669000,0.0,0,143428875.0,5991
empty_control,ordinary_layers,BAAB,16,3,B,empty,206,548247834,333.3333333333333,39,143537250.0,5991
empty_control,ordinary_layers,BAAB,17,0,B,empty,207,547629708,41.666666666666664,39,143535083.33333334,5991
empty_control,ordinary_layers,BAAB,17,1,A,off,208,547359416,0.0,0,143546625.0,5991
empty_control,ordinary_layers,BAAB,17,2,A,off,209,547502583,0.0,0,143164458.33333334,5991
empty_control,ordinary_layers,BAAB,17,3,B,empty,210,547063834,166.66666666666666,39,143258500.0,5991
empty_control,ordinary_layers,BAAB,18,0,B,empty,211,547497208,333.3333333333333,39,143490458.33333334,5991
empty_control,ordinary_layers,BAAB,18,1,A,off,212,547252375,0.0,0,143024791.66666666,5991
empty_control,ordinary_layers,BAAB,18,2,A,off,213,548097833,0.0,0,143372208.33333334,5991
empty_control,ordinary_layers,BAAB,18,3,B,empty,214,547411834,208.33333333333334,39,143157250.0,5991
empty_control,ordinary_layers,BAAB,19,0,B,empty,215,547241875,333.3333333333333,39,143424958.33333334,5991
empty_control,ordinary_layers,BAAB,19,1,A,off,216,546550459,0.0,0,143276375.0,5991
empty_control,ordinary_layers,BAAB,19,2,A,off,217,548200875,0.0,0,143384375.0,5991
empty_control,ordinary_layers,BAAB,19,3,B,empty,218,546961417,250.0,39,143222208.33333334,5991
empty_control,ordinary_layers,BAAB,20,0,B,empty,219,547422416,208.33333333333334,39,143211750.0,5991
empty_control,ordinary_layers,BAAB,20,1,A,off,220,547234542,0.0,0,143433291.66666666,5991
empty_control,ordinary_layers,BAAB,20,2,A,off,221,547716333,0.0,0,143073000.0,5991
empty_control,ordinary_layers,BAAB,20,3,B,empty,222,546907125,208.33333333333334,39,143326125.0,5991
empty_control,ordinary_layers,BAAB,21,0,B,empty,223,547160833,458.3333333333333,39,143107958.33333334,5991
empty_control,ordinary_layers,BAAB,21,1,A,off,224,546952750,0.0,0,143203291.66666666,5991
empty_control,ordinary_layers,BAAB,21,2,A,off,225,546646000,0.0,0,143483125.0,5991
empty_control,ordinary_layers,BAAB,21,3,B,empty,226,547169291,83.33333333333333,39,143501750.0,5991
empty_control,ordinary_layers,BAAB,22,0,B,empty,227,547211125,83.33333333333333,39,143451166.66666666,5991
empty_control,ordinary_layers,BAAB,22,1,A,off,228,547485792,0.0,0,143780083.33333334,5991
empty_control,ordinary_layers,BAAB,22,2,A,off,229,547389792,0.0,0,143728750.0,5991
empty_control,ordinary_layers,BAAB,22,3,B,empty,230,547778875,83.33333333333333,39,143245708.33333334,5991
empty_control,ordinary_layers,BAAB,23,0,B,empty,231,547888833,166.66666666666666,39,143639041.66666666,5991
empty_control,ordinary_layers,BAAB,23,1,A,off,232,547067833,0.0,0,143145666.66666666,5991
empty_control,ordinary_layers,BAAB,23,2,A,off,233,546386541,0.0,0,142497458.33333334,5991
empty_control,ordinary_layers,BAAB,23,3,B,empty,234,547623833,291.6666666666667,39,143172625.0,5991
empty_control,ordinary_layers,BAAB,24,0,B,empty,235,547035125,291.6666666666667,39,143287541.66666666,5991
empty_control,ordinary_layers,BAAB,24,1,A,off,236,548280375,0.0,0,143668458.33333334,5991
empty_control,ordinary_layers,BAAB,24,2,A,off,237,547842334,0.0,0,143309000.0,5991
empty_control,ordinary_layers,BAAB,24,3,B,empty,238,546445291,41.666666666666664,39,142944958.33333334,5991
empty_control,ordinary_layers,BAAB,25,0,B,empty,239,547641042,125.0,39,142921916.66666666,5991
empty_control,ordinary_layers,BAAB,25,1,A,off,240,548067542,0.0,0,143266458.33333334,5991
empty_control,ordinary_layers,BAAB,25,2,A,off,241,546297375,0.0,0,143079416.66666666,5991
empty_control,ordinary_layers,BAAB,25,3,B,empty,242,546827917,250.0,39,143497416.66666666,5991
empty_control,ordinary_layers,BAAB,26,0,B,empty,243,547043666,250.0,39,143061000.0,5991
empty_control,ordinary_layers,BAAB,26,1,A,off,244,546889459,0.0,0,143167833.33333334,5991
empty_control,ordinary_layers,BAAB,26,2,A,off,245,546868125,0.0,0,142560666.66666666,5991
empty_control,ordinary_layers,BAAB,26,3,B,empty,246,548476875,250.0,39,143422125.0,5991
empty_control,ordinary_layers,BAAB,27,0,B,empty,247,546829209,333.3333333333333,39,143252500.0,5991
empty_control,ordinary_layers,BAAB,27,1,A,off,248,547916667,0.0,0,143177250.0,5991
empty_control,ordinary_layers,BAAB,27,2,A,off,249,547664375,0.0,0,143398166.66666666,5991
empty_control,ordinary_layers,BAAB,27,3,B,empty,250,547562166,250.0,39,143386458.33333334,5991
empty_control,ordinary_layers,BAAB,28,0,B,empty,251,546585500,208.33333333333334,39,143160083.33333334,5991
empty_control,ordinary_layers,BAAB,28,1,A,off,252,547475083,0.0,0,143213125.0,5991
empty_control,ordinary_layers,BAAB,28,2,A,off,253,546807084,0.0,0,143315458.33333334,5991
empty_control,ordinary_layers,BAAB,28,3,B,empty,254,547632750,166.66666666666666,39,143169541.66666666,5991
empty_control,ordinary_layers,BAAB,29,0,B,empty,255,547484750,166.66666666666666,39,143359750.0,5991
empty_control,ordinary_layers,BAAB,29,1,A,off,256,547568833,0.0,0,143366083.33333334,5991
empty_control,ordinary_layers,BAAB,29,2,A,off,257,547454875,0.0,0,143203916.66666666,5991
empty_control,ordinary_layers,BAAB,29,3,B,empty,258,547298209,208.33333333333334,39,143392500.0,5991
empty_control,ordinary_layers,BAAB,30,0,B,empty,259,546943917,250.0,39,143380875.0,5991
empty_control,ordinary_layers,BAAB,30,1,A,off,260,545877667,0.0,0,143097583.33333334,5991
empty_control,ordinary_layers,BAAB,30,2,A,off,261,547295666,0.0,0,143303333.33333334,5991
empty_control,ordinary_layers,BAAB,30,3,B,empty,262,546458083,291.6666666666667,39,143163625.0,5991
empty_control,ordinary_layers,BAAB,31,0,B,empty,263,547756125,208.33333333333334,39,143210958.33333334,5991
empty_control,ordinary_layers,BAAB,31,1,A,off,264,545975459,0.0,0,142814750.0,5991
empty_control,ordinary_layers,BAAB,31,2,A,off,265,546389750,0.0,0,143014833.33333334,5991
empty_control,ordinary_layers,BAAB,31,3,B,empty,266,547030666,666.6666666666666,39,142982250.0,5991
family_measurement,cache_construction,ABBA,0,0,A,empty,269,547307667,0.0,1,143493208.33333334,5991
family_measurement,cache_construction,ABBA,0,1,B,active,270,547112209,1791.6666666666667,1,143092166.66666666,5991
family_measurement,cache_construction,ABBA,0,2,B,active,271,547142750,1500.0,1,143509708.33333334,5991
family_measurement,cache_construction,ABBA,0,3,A,empty,272,547486375,0.0,1,143130625.0,5991
family_measurement,cache_construction,ABBA,1,0,A,empty,273,547416542,41.666666666666664,1,143484208.33333334,5991
family_measurement,cache_construction,ABBA,1,1,B,active,274,547313875,2458.3333333333335,1,143107041.66666666,5991
family_measurement,cache_construction,ABBA,1,2,B,active,275,547656458,2000.0,1,143130791.66666666,5991
family_measurement,cache_construction,ABBA,1,3,A,empty,276,545998209,0.0,1,143063083.33333334,5991
family_measurement,cache_construction,ABBA,2,0,A,empty,277,550009875,0.0,1,143962791.66666666,5991
family_measurement,cache_construction,ABBA,2,1,B,active,278,549203125,2333.3333333333335,1,143646333.33333334,5991
family_measurement,cache_construction,ABBA,2,2,B,active,279,549016334,1958.3333333333333,1,143631416.66666666,5991
family_measurement,cache_construction,ABBA,2,3,A,empty,280,548978334,0.0,1,143265000.0,5991
family_measurement,cache_construction,ABBA,3,0,A,empty,281,546530916,0.0,1,143109125.0,5991
family_measurement,cache_construction,ABBA,3,1,B,active,282,547183750,1916.6666666666667,1,143201833.33333334,5991
family_measurement,cache_construction,ABBA,3,2,B,active,283,546784667,2500.0,1,143102666.66666666,5991
family_measurement,cache_construction,ABBA,3,3,A,empty,284,547456125,0.0,1,143250208.33333334,5991
family_measurement,cache_construction,ABBA,4,0,A,empty,285,547285959,0.0,1,143187583.33333334,5991
family_measurement,cache_construction,ABBA,4,1,B,active,286,547025334,2083.3333333333335,1,143110583.33333334,5991
family_measurement,cache_construction,ABBA,4,2,B,active,287,545721334,1291.6666666666667,1,143062458.33333334,5991
family_measurement,cache_construction,ABBA,4,3,A,empty,288,548239083,0.0,1,143437416.66666666,5991
family_measurement,cache_construction,ABBA,5,0,A,empty,289,546948084,0.0,1,143287291.66666666,5991
family_measurement,cache_construction,ABBA,5,1,B,active,290,547248125,1458.3333333333333,1,143262958.33333334,5991
family_measurement,cache_construction,ABBA,5,2,B,active,291,547722333,2291.6666666666665,1,142975875.0,5991
family_measurement,cache_construction,ABBA,5,3,A,empty,292,547537291,0.0,1,143194583.33333334,5991
family_measurement,cache_construction,ABBA,6,0,A,empty,293,546397667,0.0,1,142065125.0,5991
family_measurement,cache_construction,ABBA,6,1,B,active,294,548553166,2750.0,1,143165958.33333334,5991
family_measurement,cache_construction,ABBA,6,2,B,active,295,547011292,2583.3333333333335,1,143058166.66666666,5991
family_measurement,cache_construction,ABBA,6,3,A,empty,296,547140584,0.0,1,142976791.66666666,5991
family_measurement,cache_construction,ABBA,7,0,A,empty,297,548161709,0.0,1,143085958.33333334,5991
family_measurement,cache_construction,ABBA,7,1,B,active,298,547308541,2458.3333333333335,1,143177333.33333334,5991
family_measurement,cache_construction,ABBA,7,2,B,active,299,546914750,2875.0,1,142892083.33333334,5991
family_measurement,cache_construction,ABBA,7,3,A,empty,300,547346417,0.0,1,143145583.33333334,5991
family_measurement,cache_construction,ABBA,8,0,A,empty,301,546944083,0.0,1,143097666.66666666,5991
family_measurement,cache_construction,ABBA,8,1,B,active,302,546893875,1375.0,1,143264958.33333334,5991
family_measurement,cache_construction,ABBA,8,2,B,active,303,547444708,1625.0,1,143290458.33333334,5991
family_measurement,cache_construction,ABBA,8,3,A,empty,304,545929334,0.0,1,142856500.0,5991
family_measurement,cache_construction,ABBA,9,0,A,empty,305,549616042,0.0,1,143121375.0,5991
family_measurement,cache_construction,ABBA,9,1,B,active,306,547338584,1666.6666666666667,1,143151375.0,5991
family_measurement,cache_construction,ABBA,9,2,B,active,307,548165125,2875.0,1,143263583.33333334,5991
family_measurement,cache_construction,ABBA,9,3,A,empty,308,547877125,0.0,1,143428041.66666666,5991
family_measurement,cache_construction,ABBA,10,0,A,empty,309,547782583,41.666666666666664,1,143427333.33333334,5991
family_measurement,cache_construction,ABBA,10,1,B,active,310,547012333,2083.3333333333335,1,143386000.0,5991
family_measurement,cache_construction,ABBA,10,2,B,active,311,547594917,2250.0,1,143396666.66666666,5991
family_measurement,cache_construction,ABBA,10,3,A,empty,312,547718792,0.0,1,143153458.33333334,5991
family_measurement,cache_construction,ABBA,11,0,A,empty,313,547398791,0.0,1,143214250.0,5991
family_measurement,cache_construction,ABBA,11,1,B,active,314,546828084,2500.0,1,142641708.33333334,5991
family_measurement,cache_construction,ABBA,11,2,B,active,315,546836667,2375.0,1,142997625.0,5991
family_measurement,cache_construction,ABBA,11,3,A,empty,316,547169750,0.0,1,143060500.0,5991
family_measurement,cache_construction,ABBA,12,0,A,empty,317,548030500,0.0,1,143148833.33333334,5991
family_measurement,cache_construction,ABBA,12,1,B,active,318,547333750,4041.6666666666665,1,143277625.0,5991
family_measurement,cache_construction,ABBA,12,2,B,active,319,547820125,2083.3333333333335,1,143329666.66666666,5991
family_measurement,cache_construction,ABBA,12,3,A,empty,320,547015833,0.0,1,143481833.33333334,5991
family_measurement,cache_construction,ABBA,13,0,A,empty,321,546819708,0.0,1,143113791.66666666,5991
family_measurement,cache_construction,ABBA,13,1,B,active,322,547311084,2583.3333333333335,1,143235166.66666666,5991
family_measurement,cache_construction,ABBA,13,2,B,active,323,547684709,2500.0,1,143025208.33333334,5991
family_measurement,cache_construction,ABBA,13,3,A,empty,324,547421750,0.0,1,143176375.0,5991
family_measurement,cache_construction,ABBA,14,0,A,empty,325,547926125,0.0,1,143139416.66666666,5991
family_measurement,cache_construction,ABBA,14,1,B,active,326,547253250,1583.3333333333333,1,143397041.66666666,5991
family_measurement,cache_construction,ABBA,14,2,B,active,327,547133167,2791.6666666666665,1,143231625.0,5991
family_measurement,cache_construction,ABBA,14,3,A,empty,328,547851125,41.666666666666664,1,143191625.0,5991
family_measurement,cache_construction,ABBA,15,0,A,empty,329,546296209,0.0,1,142871833.33333334,5991
family_measurement,cache_construction,ABBA,15,1,B,active,330,546119584,2583.3333333333335,1,142856250.0,5991
family_measurement,cache_construction,ABBA,15,2,B,active,331,545752083,2166.6666666666665,1,142722833.33333334,5991
family_measurement,cache_construction,ABBA,15,3,A,empty,332,546147333,0.0,1,142591708.33333334,5991
family_measurement,cache_construction,ABBA,16,0,A,empty,333,546667833,0.0,1,142489916.66666666,5991
family_measurement,cache_construction,ABBA,16,1,B,active,334,546556375,2250.0,1,142628833.33333334,5991
family_measurement,cache_construction,ABBA,16,2,B,active,335,547973291,4541.666666666667,1,143013750.0,5991
family_measurement,cache_construction,ABBA,16,3,A,empty,336,546129875,0.0,1,142800166.66666666,5991
family_measurement,cache_construction,ABBA,17,0,A,empty,337,547827084,0.0,1,143155875.0,5991
family_measurement,cache_construction,ABBA,17,1,B,active,338,547093625,1750.0,1,143235166.66666666,5991
family_measurement,cache_construction,ABBA,17,2,B,active,339,546927125,1541.6666666666667,1,143403500.0,5991
family_measurement,cache_construction,ABBA,17,3,A,empty,340,547702667,41.666666666666664,1,143436416.66666666,5991
family_measurement,cache_construction,ABBA,18,0,A,empty,341,546511417,0.0,1,143204125.0,5991
family_measurement,cache_construction,ABBA,18,1,B,active,342,546999417,1250.0,1,143178416.66666666,5991
family_measurement,cache_construction,ABBA,18,2,B,active,343,547018834,2166.6666666666665,1,143083041.66666666,5991
family_measurement,cache_construction,ABBA,18,3,A,empty,344,547772125,41.666666666666664,1,143294833.33333334,5991
family_measurement,cache_construction,ABBA,19,0,A,empty,345,547151583,0.0,1,143211000.0,5991
family_measurement,cache_construction,ABBA,19,1,B,active,346,547800500,1541.6666666666667,1,143508625.0,5991
family_measurement,cache_construction,ABBA,19,2,B,active,347,546788750,1250.0,1,143262708.33333334,5991
family_measurement,cache_construction,ABBA,19,3,A,empty,348,546231542,0.0,1,142628041.66666666,5991
family_measurement,cache_construction,ABBA,20,0,A,empty,349,548105958,0.0,1,142656875.0,5991
family_measurement,cache_construction,ABBA,20,1,B,active,350,546640750,2000.0,1,142071541.66666666,5991
family_measurement,cache_construction,ABBA,20,2,B,active,351,551875250,5708.333333333333,1,142151375.0,5991
family_measurement,cache_construction,ABBA,20,3,A,empty,352,546668958,0.0,1,142776125.0,5991
family_measurement,cache_construction,ABBA,21,0,A,empty,353,546557333,41.666666666666664,1,142630458.33333334,5991
family_measurement,cache_construction,ABBA,21,1,B,active,354,547664792,2166.6666666666665,1,142941375.0,5991
family_measurement,cache_construction,ABBA,21,2,B,active,355,546343417,2083.3333333333335,1,143124791.66666666,5991
family_measurement,cache_construction,ABBA,21,3,A,empty,356,546142583,0.0,1,142135083.33333334,5991
family_measurement,cache_construction,ABBA,22,0,A,empty,357,553314166,0.0,1,143239708.33333334,5991
family_measurement,cache_construction,ABBA,22,1,B,active,358,547359750,2041.6666666666667,1,143395208.33333334,5991
family_measurement,cache_construction,ABBA,22,2,B,active,359,547104166,1708.3333333333333,1,143292875.0,5991
family_measurement,cache_construction,ABBA,22,3,A,empty,360,546727959,0.0,1,142793958.33333334,5991
family_measurement,cache_construction,ABBA,23,0,A,empty,361,548183292,41.666666666666664,1,142944291.66666666,5991
family_measurement,cache_construction,ABBA,23,1,B,active,362,546380500,2250.0,1,141914875.0,5991
family_measurement,cache_construction,ABBA,23,2,B,active,363,562749458,13166.666666666666,1,141591375.0,5991
family_measurement,cache_construction,ABBA,23,3,A,empty,364,547912750,0.0,1,143320708.33333334,5991
family_measurement,cache_construction,ABBA,24,0,A,empty,365,546449125,0.0,1,142010208.33333334,5991
family_measurement,cache_construction,ABBA,24,1,B,active,366,548362084,3625.0,1,142320916.66666666,5991
family_measurement,cache_construction,ABBA,24,2,B,active,367,547162667,4250.0,1,142726125.0,5991
family_measurement,cache_construction,ABBA,24,3,A,empty,368,552938083,0.0,1,143435750.0,5991
family_measurement,cache_construction,ABBA,25,0,A,empty,369,547425000,0.0,1,143365458.33333334,5991
family_measurement,cache_construction,ABBA,25,1,B,active,370,547945125,2500.0,1,143391708.33333334,5991
family_measurement,cache_construction,ABBA,25,2,B,active,371,546754125,2250.0,1,142088583.33333334,5991
family_measurement,cache_construction,ABBA,25,3,A,empty,372,546430500,41.666666666666664,1,142605208.33333334,5991
family_measurement,cache_construction,ABBA,26,0,A,empty,373,547045125,0.0,1,142971375.0,5991
family_measurement,cache_construction,ABBA,26,1,B,active,374,551426541,3541.6666666666665,1,143133875.0,5991
family_measurement,cache_construction,ABBA,26,2,B,active,375,547128125,1916.6666666666667,1,143034916.66666666,5991
family_measurement,cache_construction,ABBA,26,3,A,empty,376,546394583,0.0,1,143093750.0,5991
family_measurement,cache_construction,ABBA,27,0,A,empty,377,547030125,0.0,1,143221666.66666666,5991
family_measurement,cache_construction,ABBA,27,1,B,active,378,546540208,2125.0,1,142961833.33333334,5991
family_measurement,cache_construction,ABBA,27,2,B,active,379,548812917,3083.3333333333335,1,142856041.66666666,5991
family_measurement,cache_construction,ABBA,27,3,A,empty,380,549831042,0.0,1,142639708.33333334,5991
family_measurement,cache_construction,ABBA,28,0,A,empty,381,561900750,0.0,1,142346833.33333334,5991
family_measurement,cache_construction,ABBA,28,1,B,active,382,561198042,14625.0,1,142457750.0,5991
family_measurement,cache_construction,ABBA,28,2,B,active,383,563375792,13958.333333333334,1,142344208.33333334,5991
family_measurement,cache_construction,ABBA,28,3,A,empty,384,550180750,0.0,1,143218416.66666666,5991
family_measurement,cache_construction,ABBA,29,0,A,empty,385,547345250,0.0,1,143178125.0,5991
family_measurement,cache_construction,ABBA,29,1,B,active,386,547140708,2333.3333333333335,1,143948625.0,5991
family_measurement,cache_construction,ABBA,29,2,B,active,387,551677875,2375.0,1,144377500.0,5991
family_measurement,cache_construction,ABBA,29,3,A,empty,388,551377542,0.0,1,143556416.66666666,5991
family_measurement,cache_construction,ABBA,30,0,A,empty,389,549990208,0.0,1,143897041.66666666,5991
family_measurement,cache_construction,ABBA,30,1,B,active,390,547943625,1958.3333333333333,1,142188458.33333334,5991
family_measurement,cache_construction,ABBA,30,2,B,active,391,561517667,12375.0,1,142502166.66666666,5991
family_measurement,cache_construction,ABBA,30,3,A,empty,392,563101542,0.0,1,142341291.66666666,5991
family_measurement,cache_construction,ABBA,31,0,A,empty,393,558496875,0.0,1,143140791.66666666,5991
family_measurement,cache_construction,ABBA,31,1,B,active,394,546442334,1875.0,1,143037958.33333334,5991
family_measurement,cache_construction,ABBA,31,2,B,active,395,546828375,1708.3333333333333,1,143058208.33333334,5991
family_measurement,cache_construction,ABBA,31,3,A,empty,396,547281083,0.0,1,142986375.0,5991
family_measurement,cache_construction,BAAB,0,0,B,active,397,547994792,2083.3333333333335,1,143388833.33333334,5991
family_measurement,cache_construction,BAAB,0,1,A,empty,398,546301500,0.0,1,142653625.0,5991
family_measurement,cache_construction,BAAB,0,2,A,empty,399,547351125,0.0,1,142932375.0,5991
family_measurement,cache_construction,BAAB,0,3,B,active,400,545954709,2541.6666666666665,1,141894166.66666666,5991
family_measurement,cache_construction,BAAB,1,0,B,active,401,551593667,4375.0,1,142207875.0,5991
family_measurement,cache_construction,BAAB,1,1,A,empty,402,562125250,0.0,1,142523666.66666666,5991
family_measurement,cache_construction,BAAB,1,2,A,empty,403,551533583,0.0,1,142903916.66666666,5991
family_measurement,cache_construction,BAAB,1,3,B,active,404,553009500,4458.333333333333,1,143474625.0,5991
family_measurement,cache_construction,BAAB,2,0,B,active,405,547446042,1916.6666666666667,1,143376625.0,5991
family_measurement,cache_construction,BAAB,2,1,A,empty,406,547212500,0.0,1,143235666.66666666,5991
family_measurement,cache_construction,BAAB,2,2,A,empty,407,547346584,0.0,1,143301208.33333334,5991
family_measurement,cache_construction,BAAB,2,3,B,active,408,547413708,1541.6666666666667,1,143325875.0,5991
family_measurement,cache_construction,BAAB,3,0,B,active,409,546843833,1875.0,1,142464958.33333334,5991
family_measurement,cache_construction,BAAB,3,1,A,empty,410,545998042,0.0,1,142856958.33333334,5991
family_measurement,cache_construction,BAAB,3,2,A,empty,411,547336791,0.0,1,143428291.66666666,5991
family_measurement,cache_construction,BAAB,3,3,B,active,412,547954792,2833.3333333333335,1,143440000.0,5991
family_measurement,cache_construction,BAAB,4,0,B,active,413,547118959,1666.6666666666667,1,143329250.0,5991
family_measurement,cache_construction,BAAB,4,1,A,empty,414,547512209,0.0,1,143315458.33333334,5991
family_measurement,cache_construction,BAAB,4,2,A,empty,415,547114458,0.0,1,143474791.66666666,5991
family_measurement,cache_construction,BAAB,4,3,B,active,416,547330250,1583.3333333333333,1,143279333.33333334,5991
family_measurement,cache_construction,BAAB,5,0,B,active,417,547581250,2000.0,1,143276708.33333334,5991
family_measurement,cache_construction,BAAB,5,1,A,empty,418,546886209,0.0,1,143061833.33333334,5991
family_measurement,cache_construction,BAAB,5,2,A,empty,419,547009958,0.0,1,143038583.33333334,5991
family_measurement,cache_construction,BAAB,5,3,B,active,420,548830917,2291.6666666666665,1,143524833.33333334,5991
family_measurement,cache_construction,BAAB,6,0,B,active,421,547918666,2041.6666666666667,1,143428541.66666666,5991
family_measurement,cache_construction,BAAB,6,1,A,empty,422,546950125,0.0,1,142977375.0,5991
family_measurement,cache_construction,BAAB,6,2,A,empty,423,546394334,41.666666666666664,1,143173750.0,5991
family_measurement,cache_construction,BAAB,6,3,B,active,424,546108500,1708.3333333333333,1,143036583.33333334,5991
family_measurement,cache_construction,BAAB,7,0,B,active,425,546246208,1750.0,1,142683208.33333334,5991
family_measurement,cache_construction,BAAB,7,1,A,empty,426,546450125,41.666666666666664,1,143032833.33333334,5991
family_measurement,cache_construction,BAAB,7,2,A,empty,427,546200292,0.0,1,142767250.0,5991
family_measurement,cache_construction,BAAB,7,3,B,active,428,546299500,1916.6666666666667,1,142939208.33333334,5991
family_measurement,cache_construction,BAAB,8,0,B,active,429,546285625,2166.6666666666665,1,142818125.0,5991
family_measurement,cache_construction,BAAB,8,1,A,empty,430,547293166,0.0,1,143143250.0,5991
family_measurement,cache_construction,BAAB,8,2,A,empty,431,545647208,0.0,1,142628708.33333334,5991
family_measurement,cache_construction,BAAB,8,3,B,active,432,546040125,1875.0,1,142646125.0,5991
family_measurement,cache_construction,BAAB,9,0,B,active,433,545756041,1458.3333333333333,1,143023708.33333334,5991
family_measurement,cache_construction,BAAB,9,1,A,empty,434,545809625,0.0,1,142731333.33333334,5991
family_measurement,cache_construction,BAAB,9,2,A,empty,435,546036625,0.0,1,143162291.66666666,5991
family_measurement,cache_construction,BAAB,9,3,B,active,436,546167541,1583.3333333333333,1,142843333.33333334,5991
family_measurement,cache_construction,BAAB,10,0,B,active,437,546434625,1750.0,1,142903458.33333334,5991
family_measurement,cache_construction,BAAB,10,1,A,empty,438,546184625,0.0,1,142687250.0,5991
family_measurement,cache_construction,BAAB,10,2,A,empty,439,546402333,0.0,1,142808833.33333334,5991
family_measurement,cache_construction,BAAB,10,3,B,active,440,545914459,1500.0,1,142896916.66666666,5991
family_measurement,cache_construction,BAAB,11,0,B,active,441,546536833,1875.0,1,143032333.33333334,5991
family_measurement,cache_construction,BAAB,11,1,A,empty,442,546002875,0.0,1,142901291.66666666,5991
family_measurement,cache_construction,BAAB,11,2,A,empty,443,546300375,0.0,1,142769458.33333334,5991
family_measurement,cache_construction,BAAB,11,3,B,active,444,546012250,2000.0,1,142791125.0,5991
family_measurement,cache_construction,BAAB,12,0,B,active,445,546535333,2250.0,1,142676916.66666666,5991
family_measurement,cache_construction,BAAB,12,1,A,empty,446,546562750,0.0,1,142697333.33333334,5991
family_measurement,cache_construction,BAAB,12,2,A,empty,447,546547208,0.0,1,142881583.33333334,5991
family_measurement,cache_construction,BAAB,12,3,B,active,448,546589167,2833.3333333333335,1,142516791.66666666,5991
family_measurement,cache_construction,BAAB,13,0,B,active,449,546389916,2708.3333333333335,1,142638625.0,5991
family_measurement,cache_construction,BAAB,13,1,A,empty,450,546141000,0.0,1,142763000.0,5991
family_measurement,cache_construction,BAAB,13,2,A,empty,451,545842083,41.666666666666664,1,142874666.66666666,5991
family_measurement,cache_construction,BAAB,13,3,B,active,452,545624125,1500.0,1,142727416.66666666,5991
family_measurement,cache_construction,BAAB,14,0,B,active,453,546117000,2208.3333333333335,1,142802666.66666666,5991
family_measurement,cache_construction,BAAB,14,1,A,empty,454,545991625,0.0,1,142672166.66666666,5991
family_measurement,cache_construction,BAAB,14,2,A,empty,455,546056750,0.0,1,142888958.33333334,5991
family_measurement,cache_construction,BAAB,14,3,B,active,456,546292583,1625.0,1,143185500.0,5991
family_measurement,cache_construction,BAAB,15,0,B,active,457,546187959,1750.0,1,142854750.0,5991
family_measurement,cache_construction,BAAB,15,1,A,empty,458,545909042,0.0,1,142685333.33333334,5991
family_measurement,cache_construction,BAAB,15,2,A,empty,459,546269458,0.0,1,143006125.0,5991
family_measurement,cache_construction,BAAB,15,3,B,active,460,546274917,1708.3333333333333,1,142884000.0,5991
family_measurement,cache_construction,BAAB,16,0,B,active,461,546369750,1833.3333333333333,1,143048041.66666666,5991
family_measurement,cache_construction,BAAB,16,1,A,empty,462,545518667,0.0,1,142743208.33333334,5991
family_measurement,cache_construction,BAAB,16,2,A,empty,463,546559583,0.0,1,142965708.33333334,5991
family_measurement,cache_construction,BAAB,16,3,B,active,464,545828750,2208.3333333333335,1,142946083.33333334,5991
family_measurement,cache_construction,BAAB,17,0,B,active,465,546782875,2291.6666666666665,1,142860000.0,5991
family_measurement,cache_construction,BAAB,17,1,A,empty,466,546099000,0.0,1,142671583.33333334,5991
family_measurement,cache_construction,BAAB,17,2,A,empty,467,546602208,0.0,1,142680041.66666666,5991
family_measurement,cache_construction,BAAB,17,3,B,active,468,546841125,2541.6666666666665,1,142883041.66666666,5991
family_measurement,cache_construction,BAAB,18,0,B,active,469,546034500,2416.6666666666665,1,142740500.0,5991
family_measurement,cache_construction,BAAB,18,1,A,empty,470,545862208,0.0,1,142878541.66666666,5991
family_measurement,cache_construction,BAAB,18,2,A,empty,471,545514166,0.0,1,142832708.33333334,5991
family_measurement,cache_construction,BAAB,18,3,B,active,472,546211208,1375.0,1,142930458.33333334,5991
family_measurement,cache_construction,BAAB,19,0,B,active,473,546107542,1458.3333333333333,1,143164791.66666666,5991
family_measurement,cache_construction,BAAB,19,1,A,empty,474,546495458,0.0,1,143133416.66666666,5991
family_measurement,cache_construction,BAAB,19,2,A,empty,475,545782750,0.0,1,142891791.66666666,5991
family_measurement,cache_construction,BAAB,19,3,B,active,476,546504958,2541.6666666666665,1,143278083.33333334,5991
family_measurement,cache_construction,BAAB,20,0,B,active,477,545776916,1875.0,1,143049416.66666666,5991
family_measurement,cache_construction,BAAB,20,1,A,empty,478,546389708,0.0,1,142868166.66666666,5991
family_measurement,cache_construction,BAAB,20,2,A,empty,479,546550250,0.0,1,143108958.33333334,5991
family_measurement,cache_construction,BAAB,20,3,B,active,480,546349042,2125.0,1,142726208.33333334,5991
family_measurement,cache_construction,BAAB,21,0,B,active,481,546538584,2333.3333333333335,1,142860458.33333334,5991
family_measurement,cache_construction,BAAB,21,1,A,empty,482,546389042,0.0,1,142842500.0,5991
family_measurement,cache_construction,BAAB,21,2,A,empty,483,546825334,41.666666666666664,1,142897916.66666666,5991
family_measurement,cache_construction,BAAB,21,3,B,active,484,546167208,1833.3333333333333,1,143183625.0,5991
family_measurement,cache_construction,BAAB,22,0,B,active,485,546049917,1833.3333333333333,1,142795125.0,5991
family_measurement,cache_construction,BAAB,22,1,A,empty,486,545901333,0.0,1,143107333.33333334,5991
family_measurement,cache_construction,BAAB,22,2,A,empty,487,546242958,0.0,1,142929583.33333334,5991
family_measurement,cache_construction,BAAB,22,3,B,active,488,546066125,2458.3333333333335,1,143018708.33333334,5991
family_measurement,cache_construction,BAAB,23,0,B,active,489,546264500,1708.3333333333333,1,142919208.33333334,5991
family_measurement,cache_construction,BAAB,23,1,A,empty,490,546088541,0.0,1,142845458.33333334,5991
family_measurement,cache_construction,BAAB,23,2,A,empty,491,545939583,0.0,1,142779625.0,5991
family_measurement,cache_construction,BAAB,23,3,B,active,492,546380542,1666.6666666666667,1,142991375.0,5991
family_measurement,cache_construction,BAAB,24,0,B,active,493,545464750,1666.6666666666667,1,142868708.33333334,5991
family_measurement,cache_construction,BAAB,24,1,A,empty,494,546332917,0.0,1,143205125.0,5991
family_measurement,cache_construction,BAAB,24,2,A,empty,495,546523917,0.0,1,143046875.0,5991
family_measurement,cache_construction,BAAB,24,3,B,active,496,549467292,1833.3333333333333,1,144289583.33333334,5991
family_measurement,cache_construction,BAAB,25,0,B,active,497,550168250,2000.0,1,143788708.33333334,5991
family_measurement,cache_construction,BAAB,25,1,A,empty,498,549608459,41.666666666666664,1,143612041.66666666,5991
family_measurement,cache_construction,BAAB,25,2,A,empty,499,549345875,0.0,1,143930750.0,5991
family_measurement,cache_construction,BAAB,25,3,B,active,500,546828459,1666.6666666666667,1,142778208.33333334,5991
family_measurement,cache_construction,BAAB,26,0,B,active,501,547115667,1541.6666666666667,1,143347458.33333334,5991
family_measurement,cache_construction,BAAB,26,1,A,empty,502,547152458,0.0,1,142887541.66666666,5991
family_measurement,cache_construction,BAAB,26,2,A,empty,503,547796625,0.0,1,142839625.0,5991
family_measurement,cache_construction,BAAB,26,3,B,active,504,546285000,2000.0,1,143063583.33333334,5991
family_measurement,cache_construction,BAAB,27,0,B,active,505,546949416,2000.0,1,143140666.66666666,5991
family_measurement,cache_construction,BAAB,27,1,A,empty,506,546358792,0.0,1,142970833.33333334,5991
family_measurement,cache_construction,BAAB,27,2,A,empty,507,546341250,0.0,1,143105500.0,5991
family_measurement,cache_construction,BAAB,27,3,B,active,508,546422250,2458.3333333333335,1,143151208.33333334,5991
family_measurement,cache_construction,BAAB,28,0,B,active,509,547515167,2375.0,1,143306000.0,5991
family_measurement,cache_construction,BAAB,28,1,A,empty,510,547163208,0.0,1,143196958.33333334,5991
family_measurement,cache_construction,BAAB,28,2,A,empty,511,546645833,0.0,1,143159333.33333334,5991
family_measurement,cache_construction,BAAB,28,3,B,active,512,547097542,2500.0,1,143223000.0,5991
family_measurement,cache_construction,BAAB,29,0,B,active,513,547919792,1875.0,1,143121958.33333334,5991
family_measurement,cache_construction,BAAB,29,1,A,empty,514,548370209,0.0,1,143523166.66666666,5991
family_measurement,cache_construction,BAAB,29,2,A,empty,515,547387542,0.0,1,143379333.33333334,5991
family_measurement,cache_construction,BAAB,29,3,B,active,516,547753209,1458.3333333333333,1,143756458.33333334,5991
family_measurement,cache_construction,BAAB,30,0,B,active,517,547016542,1416.6666666666667,1,143363291.66666666,5991
family_measurement,cache_construction,BAAB,30,1,A,empty,518,547028834,0.0,1,142762791.66666666,5991
family_measurement,cache_construction,BAAB,30,2,A,empty,519,550331042,0.0,1,143245333.33333334,5991
family_measurement,cache_construction,BAAB,30,3,B,active,520,547656292,2500.0,1,143121750.0,5991
family_measurement,cache_construction,BAAB,31,0,B,active,521,547408208,1500.0,1,143310916.66666666,5991
family_measurement,cache_construction,BAAB,31,1,A,empty,522,547348084,0.0,1,143169208.33333334,5991
family_measurement,cache_construction,BAAB,31,2,A,empty,523,547595041,0.0,1,143312000.0,5991
family_measurement,cache_construction,BAAB,31,3,B,active,524,546577167,2250.0,1,142589500.0,5991
family_measurement,input_setup,ABBA,0,0,A,empty,527,546769583,0.0,1,143129083.33333334,5991
family_measurement,input_setup,ABBA,0,1,B,active,528,547373833,6458.333333333333,1,143315708.33333334,5991
family_measurement,input_setup,ABBA,0,2,B,active,529,546769250,5916.666666666667,1,143138125.0,5991
family_measurement,input_setup,ABBA,0,3,A,empty,530,547285833,0.0,1,143258000.0,5991
family_measurement,input_setup,ABBA,1,0,A,empty,531,546834167,0.0,1,142712333.33333334,5991
family_measurement,input_setup,ABBA,1,1,B,active,532,547456458,11208.333333333334,1,142909666.66666666,5991
family_measurement,input_setup,ABBA,1,2,B,active,533,546126500,10500.0,1,142576000.0,5991
family_measurement,input_setup,ABBA,1,3,A,empty,534,547271333,41.666666666666664,1,143348416.66666666,5991
family_measurement,input_setup,ABBA,2,0,A,empty,535,547755834,0.0,1,143202250.0,5991
family_measurement,input_setup,ABBA,2,1,B,active,536,547815375,8083.333333333333,1,143238041.66666666,5991
family_measurement,input_setup,ABBA,2,2,B,active,537,548727583,9416.666666666666,1,143381250.0,5991
family_measurement,input_setup,ABBA,2,3,A,empty,538,546526708,0.0,1,142960875.0,5991
family_measurement,input_setup,ABBA,3,0,A,empty,539,547648000,0.0,1,143226000.0,5991
family_measurement,input_setup,ABBA,3,1,B,active,540,547923625,8958.333333333334,1,143250541.66666666,5991
family_measurement,input_setup,ABBA,3,2,B,active,541,548160334,10416.666666666666,1,143352208.33333334,5991
family_measurement,input_setup,ABBA,3,3,A,empty,542,547051125,0.0,1,143202541.66666666,5991
family_measurement,input_setup,ABBA,4,0,A,empty,543,546436458,0.0,1,143076041.66666666,5991
family_measurement,input_setup,ABBA,4,1,B,active,544,546773458,6416.666666666667,1,143008625.0,5991
family_measurement,input_setup,ABBA,4,2,B,active,545,546898083,6416.666666666667,1,142928791.66666666,5991
family_measurement,input_setup,ABBA,4,3,A,empty,546,548452208,0.0,1,143326958.33333334,5991
family_measurement,input_setup,ABBA,5,0,A,empty,547,547299459,0.0,1,142941458.33333334,5991
family_measurement,input_setup,ABBA,5,1,B,active,548,546998750,10083.333333333334,1,143205416.66666666,5991
family_measurement,input_setup,ABBA,5,2,B,active,549,546998416,5666.666666666667,1,143078416.66666666,5991
family_measurement,input_setup,ABBA,5,3,A,empty,550,547170250,0.0,1,143002666.66666666,5991
family_measurement,input_setup,ABBA,6,0,A,empty,551,548412084,41.666666666666664,1,143360750.0,5991
family_measurement,input_setup,ABBA,6,1,B,active,552,547816833,10291.666666666666,1,143265041.66666666,5991
family_measurement,input_setup,ABBA,6,2,B,active,553,548160042,14458.333333333334,1,143600625.0,5991
family_measurement,input_setup,ABBA,6,3,A,empty,554,547099292,0.0,1,143381458.33333334,5991
family_measurement,input_setup,ABBA,7,0,A,empty,555,546727083,41.666666666666664,1,142870666.66666666,5991
family_measurement,input_setup,ABBA,7,1,B,active,556,549577125,17041.666666666668,1,142641833.33333334,5991
family_measurement,input_setup,ABBA,7,2,B,active,557,547785708,12583.333333333334,1,142069916.66666666,5991
family_measurement,input_setup,ABBA,7,3,A,empty,558,548922792,0.0,1,143159541.66666666,5991
family_measurement,input_setup,ABBA,8,0,A,empty,559,546964375,0.0,1,143202625.0,5991
family_measurement,input_setup,ABBA,8,1,B,active,560,547832625,8375.0,1,143220958.33333334,5991
family_measurement,input_setup,ABBA,8,2,B,active,561,547553125,6958.333333333333,1,143123416.66666666,5991
family_measurement,input_setup,ABBA,8,3,A,empty,562,547267958,0.0,1,142989666.66666666,5991
family_measurement,input_setup,ABBA,9,0,A,empty,563,547505333,0.0,1,143304916.66666666,5991
family_measurement,input_setup,ABBA,9,1,B,active,564,547662125,10333.333333333334,1,143299041.66666666,5991
family_measurement,input_setup,ABBA,9,2,B,active,565,546694584,5958.333333333333,1,143128375.0,5991
family_measurement,input_setup,ABBA,9,3,A,empty,566,547099667,0.0,1,143207625.0,5991
family_measurement,input_setup,ABBA,10,0,A,empty,567,546713125,0.0,1,143134750.0,5991
family_measurement,input_setup,ABBA,10,1,B,active,568,548340333,11000.0,1,142985625.0,5991
family_measurement,input_setup,ABBA,10,2,B,active,569,547816750,12541.666666666666,1,143075208.33333334,5991
family_measurement,input_setup,ABBA,10,3,A,empty,570,547584208,0.0,1,141997583.33333334,5991
family_measurement,input_setup,ABBA,11,0,A,empty,571,562516542,41.666666666666664,1,142063708.33333334,5991
family_measurement,input_setup,ABBA,11,1,B,active,572,560722458,60333.333333333336,1,143219000.0,5991
family_measurement,input_setup,ABBA,11,2,B,active,573,547492458,7458.333333333333,1,143340625.0,5991
family_measurement,input_setup,ABBA,11,3,A,empty,574,547275833,0.0,1,143164666.66666666,5991
family_measurement,input_setup,ABBA,12,0,A,empty,575,548066709,0.0,1,143252166.66666666,5991
family_measurement,input_setup,ABBA,12,1,B,active,576,547386750,5875.0,1,143146291.66666666,5991
family_measurement,input_setup,ABBA,12,2,B,active,577,546407917,5791.666666666667,1,142795375.0,5991
family_measurement,input_setup,ABBA,12,3,A,empty,578,548616208,0.0,1,142844958.33333334,5991
family_measurement,input_setup,ABBA,13,0,A,empty,579,548181250,41.666666666666664,1,143041666.66666666,5991
family_measurement,input_setup,ABBA,13,1,B,active,580,548807375,20541.666666666668,1,143191000.0,5991
family_measurement,input_setup,ABBA,13,2,B,active,581,547248584,6625.0,1,143384541.66666666,5991
family_measurement,input_setup,ABBA,13,3,A,empty,582,547268917,0.0,1,143377750.0,5991
family_measurement,input_setup,ABBA,14,0,A,empty,583,547558208,0.0,1,143268625.0,5991
family_measurement,input_setup,ABBA,14,1,B,active,584,546859667,6500.0,1,143311916.66666666,5991
family_measurement,input_setup,ABBA,14,2,B,active,585,547225375,5750.0,1,143014500.0,5991
family_measurement,input_setup,ABBA,14,3,A,empty,586,546726292,0.0,1,143520458.33333334,5991
family_measurement,input_setup,ABBA,15,0,A,empty,587,547989250,0.0,1,143232333.33333334,5991
family_measurement,input_setup,ABBA,15,1,B,active,588,547444125,5958.333333333333,1,143304541.66666666,5991
family_measurement,input_setup,ABBA,15,2,B,active,589,548232542,8458.333333333334,1,143154291.66666666,5991
family_measurement,input_setup,ABBA,15,3,A,empty,590,547658708,0.0,1,143234750.0,5991
family_measurement,input_setup,ABBA,16,0,A,empty,591,546599667,41.666666666666664,1,143374208.33333334,5991
family_measurement,input_setup,ABBA,16,1,B,active,592,547714417,6875.0,1,143136458.33333334,5991
family_measurement,input_setup,ABBA,16,2,B,active,593,547260292,5875.0,1,143314791.66666666,5991
family_measurement,input_setup,ABBA,16,3,A,empty,594,547711125,0.0,1,143229250.0,5991
family_measurement,input_setup,ABBA,17,0,A,empty,595,547232417,41.666666666666664,1,143014416.66666666,5991
family_measurement,input_setup,ABBA,17,1,B,active,596,547781333,12583.333333333334,1,143183458.33333334,5991
family_measurement,input_setup,ABBA,17,2,B,active,597,546179625,9791.666666666666,1,142022458.33333334,5991
family_measurement,input_setup,ABBA,17,3,A,empty,598,560346500,41.666666666666664,1,143321125.0,5991
family_measurement,input_setup,ABBA,18,0,A,empty,599,547019584,0.0,1,143033000.0,5991
family_measurement,input_setup,ABBA,18,1,B,active,600,546890500,13500.0,1,142606916.66666666,5991
family_measurement,input_setup,ABBA,18,2,B,active,601,548105375,17291.666666666668,1,142843833.33333334,5991
family_measurement,input_setup,ABBA,18,3,A,empty,602,547007125,0.0,1,143429458.33333334,5991
family_measurement,input_setup,ABBA,19,0,A,empty,603,547079709,0.0,1,143194333.33333334,5991
family_measurement,input_setup,ABBA,19,1,B,active,604,546795625,5875.0,1,143058083.33333334,5991
family_measurement,input_setup,ABBA,19,2,B,active,605,550813666,6208.333333333333,1,144555583.33333334,5991
family_measurement,input_setup,ABBA,19,3,A,empty,606,553279750,0.0,1,144769041.66666666,5991
family_measurement,input_setup,ABBA,20,0,A,empty,607,551208500,0.0,1,144020083.33333334,5991
family_measurement,input_setup,ABBA,20,1,B,active,608,551492250,10500.0,1,144576125.0,5991
family_measurement,input_setup,ABBA,20,2,B,active,609,546924417,10166.666666666666,1,142080208.33333334,5991
family_measurement,input_setup,ABBA,20,3,A,empty,610,556010834,0.0,1,143416500.0,5991
family_measurement,input_setup,ABBA,21,0,A,empty,611,547873875,41.666666666666664,1,143301166.66666666,5991
family_measurement,input_setup,ABBA,21,1,B,active,612,547345250,5625.0,1,143452541.66666666,5991
family_measurement,input_setup,ABBA,21,2,B,active,613,547759334,7583.333333333333,1,143375458.33333334,5991
family_measurement,input_setup,ABBA,21,3,A,empty,614,548050375,0.0,1,143459041.66666666,5991
family_measurement,input_setup,ABBA,22,0,A,empty,615,547952292,0.0,1,143330458.33333334,5991
family_measurement,input_setup,ABBA,22,1,B,active,616,547635708,9875.0,1,143350916.66666666,5991
family_measurement,input_setup,ABBA,22,2,B,active,617,547306708,10375.0,1,142849291.66666666,5991
family_measurement,input_setup,ABBA,22,3,A,empty,618,548066500,0.0,1,143067875.0,5991
family_measurement,input_setup,ABBA,23,0,A,empty,619,547109875,0.0,1,141909500.0,5991
family_measurement,input_setup,ABBA,23,1,B,active,620,558544459,57541.666666666664,1,142415708.33333334,5991
family_measurement,input_setup,ABBA,23,2,B,active,621,551677542,18458.333333333332,1,143182458.33333334,5991
family_measurement,input_setup,ABBA,23,3,A,empty,622,547067042,0.0,1,142944791.66666666,5991
family_measurement,input_setup,ABBA,24,0,A,empty,623,547736458,0.0,1,143338750.0,5991
family_measurement,input_setup,ABBA,24,1,B,active,624,547459292,8458.333333333334,1,142959250.0,5991
family_measurement,input_setup,ABBA,24,2,B,active,625,547711833,11708.333333333334,1,143192625.0,5991
family_measurement,input_setup,ABBA,24,3,A,empty,626,547284583,0.0,1,143366875.0,5991
family_measurement,input_setup,ABBA,25,0,A,empty,627,548490875,0.0,1,143166500.0,5991
family_measurement,input_setup,ABBA,25,1,B,active,628,548057458,7583.333333333333,1,143631958.33333334,5991
family_measurement,input_setup,ABBA,25,2,B,active,629,547734542,5791.666666666667,1,143402250.0,5991
family_measurement,input_setup,ABBA,25,3,A,empty,630,547664333,41.666666666666664,1,143211875.0,5991
family_measurement,input_setup,ABBA,26,0,A,empty,631,547113958,41.666666666666664,1,142949500.0,5991
family_measurement,input_setup,ABBA,26,1,B,active,632,548541583,10916.666666666666,1,143458250.0,5991
family_measurement,input_setup,ABBA,26,2,B,active,633,547570167,6250.0,1,143376791.66666666,5991
family_measurement,input_setup,ABBA,26,3,A,empty,634,547525709,0.0,1,143390041.66666666,5991
family_measurement,input_setup,ABBA,27,0,A,empty,635,547816625,0.0,1,143186666.66666666,5991
family_measurement,input_setup,ABBA,27,1,B,active,636,547469500,9625.0,1,143406500.0,5991
family_measurement,input_setup,ABBA,27,2,B,active,637,548067584,8583.333333333334,1,143201875.0,5991
family_measurement,input_setup,ABBA,27,3,A,empty,638,547360625,0.0,1,142902208.33333334,5991
family_measurement,input_setup,ABBA,28,0,A,empty,639,547437625,0.0,1,143026541.66666666,5991
family_measurement,input_setup,ABBA,28,1,B,active,640,548130084,13291.666666666666,1,143160958.33333334,5991
family_measurement,input_setup,ABBA,28,2,B,active,641,547370750,10750.0,1,143357458.33333334,5991
family_measurement,input_setup,ABBA,28,3,A,empty,642,547090167,0.0,1,142973750.0,5991
family_measurement,input_setup,ABBA,29,0,A,empty,643,547726792,41.666666666666664,1,143122458.33333334,5991
family_measurement,input_setup,ABBA,29,1,B,active,644,547714083,10125.0,1,143433750.0,5991
family_measurement,input_setup,ABBA,29,2,B,active,645,548018375,5166.666666666667,1,143611250.0,5991
family_measurement,input_setup,ABBA,29,3,A,empty,646,548229208,0.0,1,143496166.66666666,5991
family_measurement,input_setup,ABBA,30,0,A,empty,647,548453083,0.0,1,143573541.66666666,5991
family_measurement,input_setup,ABBA,30,1,B,active,648,547897917,8041.666666666667,1,143562541.66666666,5991
family_measurement,input_setup,ABBA,30,2,B,active,649,547079334,5916.666666666667,1,143604166.66666666,5991
family_measurement,input_setup,ABBA,30,3,A,empty,650,548262417,0.0,1,143375916.66666666,5991
family_measurement,input_setup,ABBA,31,0,A,empty,651,548053875,41.666666666666664,1,143323833.33333334,5991
family_measurement,input_setup,ABBA,31,1,B,active,652,547371083,8291.666666666666,1,143265791.66666666,5991
family_measurement,input_setup,ABBA,31,2,B,active,653,551404708,12500.0,1,142631500.0,5991
family_measurement,input_setup,ABBA,31,3,A,empty,654,549601750,0.0,1,142828500.0,5991
family_measurement,input_setup,BAAB,0,0,B,active,655,550033542,15541.666666666666,1,142768458.33333334,5991
family_measurement,input_setup,BAAB,0,1,A,empty,656,547028375,0.0,1,142932625.0,5991
family_measurement,input_setup,BAAB,0,2,A,empty,657,546520875,0.0,1,142744041.66666666,5991
family_measurement,input_setup,BAAB,0,3,B,active,658,547204500,11500.0,1,142600416.66666666,5991
family_measurement,input_setup,BAAB,1,0,B,active,659,546923125,8958.333333333334,1,142920708.33333334,5991
family_measurement,input_setup,BAAB,1,1,A,empty,660,547446000,0.0,1,143175583.33333334,5991
family_measurement,input_setup,BAAB,1,2,A,empty,661,547305792,0.0,1,143147083.33333334,5991
family_measurement,input_setup,BAAB,1,3,B,active,662,547677042,9250.0,1,142835083.33333334,5991
family_measurement,input_setup,BAAB,2,0,B,active,663,547654833,9708.333333333334,1,143330625.0,5991
family_measurement,input_setup,BAAB,2,1,A,empty,664,547475208,0.0,1,143212500.0,5991
family_measurement,input_setup,BAAB,2,2,A,empty,665,547866708,0.0,1,143649291.66666666,5991
family_measurement,input_setup,BAAB,2,3,B,active,666,547288250,5833.333333333333,1,143525666.66666666,5991
family_measurement,input_setup,BAAB,3,0,B,active,667,547517292,5583.333333333333,1,143427750.0,5991
family_measurement,input_setup,BAAB,3,1,A,empty,668,547112792,0.0,1,142828458.33333334,5991
family_measurement,input_setup,BAAB,3,2,A,empty,669,549430042,0.0,1,143407500.0,5991
family_measurement,input_setup,BAAB,3,3,B,active,670,547495250,5208.333333333333,1,143553708.33333334,5991
family_measurement,input_setup,BAAB,4,0,B,active,671,548096792,7541.666666666667,1,143203208.33333334,5991
family_measurement,input_setup,BAAB,4,1,A,empty,672,546915125,0.0,1,142820916.66666666,5991
family_measurement,input_setup,BAAB,4,2,A,empty,673,546960083,0.0,1,143134333.33333334,5991
family_measurement,input_setup,BAAB,4,3,B,active,674,547985209,10625.0,1,143217958.33333334,5991
family_measurement,input_setup,BAAB,5,0,B,active,675,548219667,9208.333333333334,1,143353208.33333334,5991
family_measurement,input_setup,BAAB,5,1,A,empty,676,546754792,0.0,1,142898750.0,5991
family_measurement,input_setup,BAAB,5,2,A,empty,677,547018834,41.666666666666664,1,142872666.66666666,5991
family_measurement,input_setup,BAAB,5,3,B,active,678,547815542,10083.333333333334,1,143368750.0,5991
family_measurement,input_setup,BAAB,6,0,B,active,679,547005833,9875.0,1,143059541.66666666,5991
family_measurement,input_setup,BAAB,6,1,A,empty,680,546786500,0.0,1,143057250.0,5991
family_measurement,input_setup,BAAB,6,2,A,empty,681,546754292,0.0,1,143285125.0,5991
family_measurement,input_setup,BAAB,6,3,B,active,682,546661042,5291.666666666667,1,143072958.33333334,5991
family_measurement,input_setup,BAAB,7,0,B,active,683,547624583,6333.333333333333,1,143379791.66666666,5991
family_measurement,input_setup,BAAB,7,1,A,empty,684,547196041,0.0,1,143243375.0,5991
family_measurement,input_setup,BAAB,7,2,A,empty,685,547200208,0.0,1,143443666.66666666,5991
family_measurement,input_setup,BAAB,7,3,B,active,686,547564666,5791.666666666667,1,143450791.66666666,5991
family_measurement,input_setup,BAAB,8,0,B,active,687,546983084,6666.666666666667,1,142730250.0,5991
family_measurement,input_setup,BAAB,8,1,A,empty,688,546466583,0.0,1,142853416.66666666,5991
family_measurement,input_setup,BAAB,8,2,A,empty,689,546473292,0.0,1,142658125.0,5991
family_measurement,input_setup,BAAB,8,3,B,active,690,546040792,7125.0,1,142882541.66666666,5991
family_measurement,input_setup,BAAB,9,0,B,active,691,546112667,9833.333333333334,1,142641500.0,5991
family_measurement,input_setup,BAAB,9,1,A,empty,692,546816583,0.0,1,142764666.66666666,5991
family_measurement,input_setup,BAAB,9,2,A,empty,693,546363416,41.666666666666664,1,142656041.66666666,5991
family_measurement,input_setup,BAAB,9,3,B,active,694,546343625,8083.333333333333,1,142682166.66666666,5991
family_measurement,input_setup,BAAB,10,0,B,active,695,546676583,6708.333333333333,1,142833083.33333334,5991
family_measurement,input_setup,BAAB,10,1,A,empty,696,546113791,41.666666666666664,1,142762583.33333334,5991
family_measurement,input_setup,BAAB,10,2,A,empty,697,545995834,0.0,1,143100416.66666666,5991
family_measurement,input_setup,BAAB,10,3,B,active,698,546504583,5625.0,1,143007666.66666666,5991
family_measurement,input_setup,BAAB,11,0,B,active,699,545797333,5375.0,1,142737333.33333334,5991
family_measurement,input_setup,BAAB,11,1,A,empty,700,546338166,0.0,1,142960958.33333334,5991
family_measurement,input_setup,BAAB,11,2,A,empty,701,546131791,0.0,1,142927666.66666666,5991
family_measurement,input_setup,BAAB,11,3,B,active,702,546322208,9291.666666666666,1,142661000.0,5991
family_measurement,input_setup,BAAB,12,0,B,active,703,546248917,9000.0,1,143046291.66666666,5991
family_measurement,input_setup,BAAB,12,1,A,empty,704,546551375,0.0,1,142712666.66666666,5991
family_measurement,input_setup,BAAB,12,2,A,empty,705,546724834,0.0,1,142759458.33333334,5991
family_measurement,input_setup,BAAB,12,3,B,active,706,546425208,6916.666666666667,1,142655625.0,5991
family_measurement,input_setup,BAAB,13,0,B,active,707,546893500,8000.0,1,142924333.33333334,5991
family_measurement,input_setup,BAAB,13,1,A,empty,708,546703208,0.0,1,142878791.66666666,5991
family_measurement,input_setup,BAAB,13,2,A,empty,709,546603708,0.0,1,142816416.66666666,5991
family_measurement,input_setup,BAAB,13,3,B,active,710,546059333,6666.666666666667,1,142805125.0,5991
family_measurement,input_setup,BAAB,14,0,B,active,711,546866000,7000.0,1,142891458.33333334,5991
family_measurement,input_setup,BAAB,14,1,A,empty,712,546668916,0.0,1,142947375.0,5991
family_measurement,input_setup,BAAB,14,2,A,empty,713,546578125,0.0,1,142671708.33333334,5991
family_measurement,input_setup,BAAB,14,3,B,active,714,547830791,7000.0,1,143607583.33333334,5991
family_measurement,input_setup,BAAB,15,0,B,active,715,551590583,12375.0,1,144138333.33333334,5991
family_measurement,input_setup,BAAB,15,1,A,empty,716,550140750,0.0,1,143841500.0,5991
family_measurement,input_setup,BAAB,15,2,A,empty,717,550053791,0.0,1,143759041.66666666,5991
family_measurement,input_setup,BAAB,15,3,B,active,718,548096417,11708.333333333334,1,142859458.33333334,5991
family_measurement,input_setup,BAAB,16,0,B,active,719,546038833,8125.0,1,142611125.0,5991
family_measurement,input_setup,BAAB,16,1,A,empty,720,546679833,0.0,1,143023625.0,5991
family_measurement,input_setup,BAAB,16,2,A,empty,721,546871000,0.0,1,143085708.33333334,5991
family_measurement,input_setup,BAAB,16,3,B,active,722,546818834,7375.0,1,142774291.66666666,5991
family_measurement,input_setup,BAAB,17,0,B,active,723,546253625,8041.666666666667,1,142778625.0,5991
family_measurement,input_setup,BAAB,17,1,A,empty,724,546721291,0.0,1,142700166.66666666,5991
family_measurement,input_setup,BAAB,17,2,A,empty,725,546972959,0.0,1,142931625.0,5991
family_measurement,input_setup,BAAB,17,3,B,active,726,546557583,13125.0,1,142752833.33333334,5991
family_measurement,input_setup,BAAB,18,0,B,active,727,547047000,6916.666666666667,1,142957833.33333334,5991
family_measurement,input_setup,BAAB,18,1,A,empty,728,547036000,0.0,1,142914666.66666666,5991
family_measurement,input_setup,BAAB,18,2,A,empty,729,547289958,0.0,1,143019458.33333334,5991
family_measurement,input_setup,BAAB,18,3,B,active,730,546641208,8250.0,1,143089750.0,5991
family_measurement,input_setup,BAAB,19,0,B,active,731,546957333,7666.666666666667,1,142974208.33333334,5991
family_measurement,input_setup,BAAB,19,1,A,empty,732,546733791,0.0,1,142974750.0,5991
family_measurement,input_setup,BAAB,19,2,A,empty,733,547702292,0.0,1,142975041.66666666,5991
family_measurement,input_setup,BAAB,19,3,B,active,734,547492167,9416.666666666666,1,142921625.0,5991
family_measurement,input_setup,BAAB,20,0,B,active,735,547563708,11875.0,1,142731583.33333334,5991
family_measurement,input_setup,BAAB,20,1,A,empty,736,547020750,41.666666666666664,1,143252166.66666666,5991
family_measurement,input_setup,BAAB,20,2,A,empty,737,546326375,0.0,1,142732875.0,5991
family_measurement,input_setup,BAAB,20,3,B,active,738,546473333,8375.0,1,142872416.66666666,5991
family_measurement,input_setup,BAAB,21,0,B,active,739,546692125,7833.333333333333,1,142899166.66666666,5991
family_measurement,input_setup,BAAB,21,1,A,empty,740,547138667,0.0,1,143039583.33333334,5991
family_measurement,input_setup,BAAB,21,2,A,empty,741,546150459,0.0,1,142849166.66666666,5991
family_measurement,input_setup,BAAB,21,3,B,active,742,547205750,5791.666666666667,1,142926958.33333334,5991
family_measurement,input_setup,BAAB,22,0,B,active,743,547173875,7416.666666666667,1,143008958.33333334,5991
family_measurement,input_setup,BAAB,22,1,A,empty,744,547313292,0.0,1,142945791.66666666,5991
family_measurement,input_setup,BAAB,22,2,A,empty,745,546859125,41.666666666666664,1,142914291.66666666,5991
family_measurement,input_setup,BAAB,22,3,B,active,746,546408959,5750.0,1,142750750.0,5991
family_measurement,input_setup,BAAB,23,0,B,active,747,546974250,6458.333333333333,1,143077333.33333334,5991
family_measurement,input_setup,BAAB,23,1,A,empty,748,546807125,0.0,1,142673458.33333334,5991
family_measurement,input_setup,BAAB,23,2,A,empty,749,547317292,0.0,1,142990833.33333334,5991
family_measurement,input_setup,BAAB,23,3,B,active,750,546872875,8500.0,1,142857750.0,5991
family_measurement,input_setup,BAAB,24,0,B,active,751,547273083,6208.333333333333,1,143018083.33333334,5991
family_measurement,input_setup,BAAB,24,1,A,empty,752,546830166,0.0,1,143057250.0,5991
family_measurement,input_setup,BAAB,24,2,A,empty,753,548017834,0.0,1,142770875.0,5991
family_measurement,input_setup,BAAB,24,3,B,active,754,548054208,15250.0,1,143045250.0,5991
family_measurement,input_setup,BAAB,25,0,B,active,755,548886208,11916.666666666666,1,143061833.33333334,5991
family_measurement,input_setup,BAAB,25,1,A,empty,756,548225666,0.0,1,143262000.0,5991
family_measurement,input_setup,BAAB,25,2,A,empty,757,546163334,0.0,1,142714291.66666666,5991
family_measurement,input_setup,BAAB,25,3,B,active,758,549748000,12583.333333333334,1,143125791.66666666,5991
family_measurement,input_setup,BAAB,26,0,B,active,759,548519000,10708.333333333334,1,143262708.33333334,5991
family_measurement,input_setup,BAAB,26,1,A,empty,760,549079958,0.0,1,143258750.0,5991
family_measurement,input_setup,BAAB,26,2,A,empty,761,547324167,0.0,1,143306958.33333334,5991
family_measurement,input_setup,BAAB,26,3,B,active,762,547837625,5666.666666666667,1,143303291.66666666,5991
family_measurement,input_setup,BAAB,27,0,B,active,763,548284459,9333.333333333334,1,143233916.66666666,5991
family_measurement,input_setup,BAAB,27,1,A,empty,764,548684167,0.0,1,143598708.33333334,5991
family_measurement,input_setup,BAAB,27,2,A,empty,765,549124458,0.0,1,143799500.0,5991
family_measurement,input_setup,BAAB,27,3,B,active,766,548934000,9291.666666666666,1,143278041.66666666,5991
family_measurement,input_setup,BAAB,28,0,B,active,767,547721083,5916.666666666667,1,143152208.33333334,5991
family_measurement,input_setup,BAAB,28,1,A,empty,768,548820542,0.0,1,142753333.33333334,5991
family_measurement,input_setup,BAAB,28,2,A,empty,769,550646875,41.666666666666664,1,143528083.33333334,5991
family_measurement,input_setup,BAAB,28,3,B,active,770,548210500,6125.0,1,143624083.33333334,5991
family_measurement,input_setup,BAAB,29,0,B,active,771,548701041,9375.0,1,143010708.33333334,5991
family_measurement,input_setup,BAAB,29,1,A,empty,772,548207625,0.0,1,142812958.33333334,5991
family_measurement,input_setup,BAAB,29,2,A,empty,773,547695084,0.0,1,142806416.66666666,5991
family_measurement,input_setup,BAAB,29,3,B,active,774,546808542,6333.333333333333,1,143119125.0,5991
family_measurement,input_setup,BAAB,30,0,B,active,775,548044167,5500.0,1,143163166.66666666,5991
family_measurement,input_setup,BAAB,30,1,A,empty,776,548289542,0.0,1,143594125.0,5991
family_measurement,input_setup,BAAB,30,2,A,empty,777,547593791,0.0,1,143093750.0,5991
family_measurement,input_setup,BAAB,30,3,B,active,778,548458333,7708.333333333333,1,143071916.66666666,5991
family_measurement,input_setup,BAAB,31,0,B,active,779,547693500,5416.666666666667,1,143145125.0,5991
family_measurement,input_setup,BAAB,31,1,A,empty,780,548044250,0.0,1,143530166.66666666,5991
family_measurement,input_setup,BAAB,31,2,A,empty,781,547838875,0.0,1,142294166.66666666,5991
family_measurement,input_setup,BAAB,31,3,B,active,782,548941791,13583.333333333334,1,142153041.66666666,5991
family_measurement,ordinary_layers,ABBA,0,0,A,empty,785,549067166,250.0,39,143481791.66666666,5991
family_measurement,ordinary_layers,ABBA,0,1,B,active,786,547948208,1616208.3333333333,39,143202541.66666666,5991
family_measurement,ordinary_layers,ABBA,0,2,B,active,787,549129500,1615833.3333333333,39,143695500.0,5991
family_measurement,ordinary_layers,ABBA,0,3,A,empty,788,548927458,250.0,39,143457541.66666666,5991
family_measurement,ordinary_layers,ABBA,1,0,A,empty,789,548493917,208.33333333333334,39,143087708.33333334,5991
family_measurement,ordinary_layers,ABBA,1,1,B,active,790,546396917,2420916.6666666665,39,142909416.66666666,5991
family_measurement,ordinary_layers,ABBA,1,2,B,active,791,546970084,2035250.0,39,142577750.0,5991
family_measurement,ordinary_layers,ABBA,1,3,A,empty,792,548175125,250.0,39,143144333.33333334,5991
family_measurement,ordinary_layers,ABBA,2,0,A,empty,793,548303625,125.0,39,142990750.0,5991
family_measurement,ordinary_layers,ABBA,2,1,B,active,794,548013125,1538166.6666666667,39,143227375.0,5991
family_measurement,ordinary_layers,ABBA,2,2,B,active,795,547849333,1556583.3333333333,39,143240166.66666666,5991
family_measurement,ordinary_layers,ABBA,2,3,A,empty,796,547801958,208.33333333333334,39,143561666.66666666,5991
family_measurement,ordinary_layers,ABBA,3,0,A,empty,797,547597375,375.0,39,143256000.0,5991
family_measurement,ordinary_layers,ABBA,3,1,B,active,798,548357792,1536125.0,39,143565666.66666666,5991
family_measurement,ordinary_layers,ABBA,3,2,B,active,799,547467417,1554208.3333333333,39,143641875.0,5991
family_measurement,ordinary_layers,ABBA,3,3,A,empty,800,548274000,208.33333333333334,39,143189416.66666666,5991
family_measurement,ordinary_layers,ABBA,4,0,A,empty,801,548303750,0.0,39,143326916.66666666,5991
family_measurement,ordinary_layers,ABBA,4,1,B,active,802,547310625,2067791.6666666667,39,142936500.0,5991
family_measurement,ordinary_layers,ABBA,4,2,B,active,803,549287292,1615500.0,39,143347083.33333334,5991
family_measurement,ordinary_layers,ABBA,4,3,A,empty,804,548859500,333.3333333333333,39,143662458.33333334,5991
family_measurement,ordinary_layers,ABBA,5,0,A,empty,805,547904041,83.33333333333333,39,143139625.0,5991
family_measurement,ordinary_layers,ABBA,5,1,B,active,806,548015500,1527750.0,39,143297208.33333334,5991
family_measurement,ordinary_layers,ABBA,5,2,B,active,807,548739833,1563500.0,39,143098291.66666666,5991
family_measurement,ordinary_layers,ABBA,5,3,A,empty,808,547770500,291.6666666666667,39,143170000.0,5991
family_measurement,ordinary_layers,ABBA,6,0,A,empty,809,546418542,208.33333333333334,39,142559750.0,5991
family_measurement,ordinary_layers,ABBA,6,1,B,active,810,548162542,1966166.6666666667,39,142709958.33333334,5991
family_measurement,ordinary_layers,ABBA,6,2,B,active,811,547840542,1702166.6666666667,39,143090708.33333334,5991
family_measurement,ordinary_layers,ABBA,6,3,A,empty,812,547660125,250.0,39,143135875.0,5991
family_measurement,ordinary_layers,ABBA,7,0,A,empty,813,547226792,250.0,39,142561875.0,5991
family_measurement,ordinary_layers,ABBA,7,1,B,active,814,547677417,2008958.3333333333,39,143135833.33333334,5991
family_measurement,ordinary_layers,ABBA,7,2,B,active,815,548052083,1555250.0,39,143164333.33333334,5991
family_measurement,ordinary_layers,ABBA,7,3,A,empty,816,547548750,250.0,39,143258291.66666666,5991
family_measurement,ordinary_layers,ABBA,8,0,A,empty,817,547930875,416.6666666666667,39,143452916.66666666,5991
family_measurement,ordinary_layers,ABBA,8,1,B,active,818,548826125,1552375.0,39,143038583.33333334,5991
family_measurement,ordinary_layers,ABBA,8,2,B,active,819,548037792,1544250.0,39,143558166.66666666,5991
family_measurement,ordinary_layers,ABBA,8,3,A,empty,820,549245666,166.66666666666666,39,143432125.0,5991
family_measurement,ordinary_layers,ABBA,9,0,A,empty,821,548331250,83.33333333333333,39,143268791.66666666,5991
family_measurement,ordinary_layers,ABBA,9,1,B,active,822,547836458,2194500.0,39,143110791.66666666,5991
family_measurement,ordinary_layers,ABBA,9,2,B,active,823,549175292,1581833.3333333333,39,143697375.0,5991
family_measurement,ordinary_layers,ABBA,9,3,A,empty,824,552686542,166.66666666666666,39,144125375.0,5991
family_measurement,ordinary_layers,ABBA,10,0,A,empty,825,551565875,208.33333333333334,39,143887166.66666666,5991
family_measurement,ordinary_layers,ABBA,10,1,B,active,826,551991375,1559541.6666666667,39,144072250.0,5991
family_measurement,ordinary_layers,ABBA,10,2,B,active,827,548993667,1534791.6666666667,39,143730583.33333334,5991
family_measurement,ordinary_layers,ABBA,10,3,A,empty,828,547885709,250.0,39,142858916.66666666,5991
family_measurement,ordinary_layers,ABBA,11,0,A,empty,829,548714875,291.6666666666667,39,142861458.33333334,5991
family_measurement,ordinary_layers,ABBA,11,1,B,active,830,548149917,2370166.6666666665,39,142747541.66666666,5991
family_measurement,ordinary_layers,ABBA,11,2,B,active,831,548130292,2124541.6666666665,39,143149791.66666666,5991
family_measurement,ordinary_layers,ABBA,11,3,A,empty,832,547801583,166.66666666666666,39,143051208.33333334,5991
family_measurement,ordinary_layers,ABBA,12,0,A,empty,833,547064334,83.33333333333333,39,143009500.0,5991
family_measurement,ordinary_layers,ABBA,12,1,B,active,834,548118792,1540500.0,39,143697208.33333334,5991
family_measurement,ordinary_layers,ABBA,12,2,B,active,835,547633042,1574833.3333333333,39,143176375.0,5991
family_measurement,ordinary_layers,ABBA,12,3,A,empty,836,548675458,208.33333333333334,39,143778416.66666666,5991
family_measurement,ordinary_layers,ABBA,13,0,A,empty,837,548098709,333.3333333333333,39,143690083.33333334,5991
family_measurement,ordinary_layers,ABBA,13,1,B,active,838,547968458,1584916.6666666667,39,143037250.0,5991
family_measurement,ordinary_layers,ABBA,13,2,B,active,839,548725375,1587958.3333333333,39,143294250.0,5991
family_measurement,ordinary_layers,ABBA,13,3,A,empty,840,548757917,125.0,39,143434000.0,5991
family_measurement,ordinary_layers,ABBA,14,0,A,empty,841,547052958,333.3333333333333,39,142970708.33333334,5991
family_measurement,ordinary_layers,ABBA,14,1,B,active,842,552716458,2837041.6666666665,39,143165625.0,5991
family_measurement,ordinary_layers,ABBA,14,2,B,active,843,548144833,1580750.0,39,143252083.33333334,5991
family_measurement,ordinary_layers,ABBA,14,3,A,empty,844,548139959,291.6666666666667,39,143247666.66666666,5991
family_measurement,ordinary_layers,ABBA,15,0,A,empty,845,547976250,250.0,39,143259208.33333334,5991
family_measurement,ordinary_layers,ABBA,15,1,B,active,846,547951458,1559083.3333333333,39,143152250.0,5991
family_measurement,ordinary_layers,ABBA,15,2,B,active,847,548276542,3207166.6666666665,39,142649958.33333334,5991
family_measurement,ordinary_layers,ABBA,15,3,A,empty,848,550965625,416.6666666666667,39,142824375.0,5991
family_measurement,ordinary_layers,ABBA,16,0,A,empty,849,548584375,166.66666666666666,39,142980583.33333334,5991
family_measurement,ordinary_layers,ABBA,16,1,B,active,850,547905833,1583000.0,39,143174791.66666666,5991
family_measurement,ordinary_layers,ABBA,16,2,B,active,851,548319541,1545750.0,39,143315833.33333334,5991
family_measurement,ordinary_layers,ABBA,16,3,A,empty,852,547193292,83.33333333333333,39,143210250.0,5991
family_measurement,ordinary_layers,ABBA,17,0,A,empty,853,547902833,208.33333333333334,39,142900166.66666666,5991
family_measurement,ordinary_layers,ABBA,17,1,B,active,854,548019333,1614250.0,39,143358916.66666666,5991
family_measurement,ordinary_layers,ABBA,17,2,B,active,855,548645584,1603375.0,39,143397916.66666666,5991
family_measurement,ordinary_layers,ABBA,17,3,A,empty,856,548081500,166.66666666666666,39,143340458.33333334,5991
family_measurement,ordinary_layers,ABBA,18,0,A,empty,857,547364209,208.33333333333334,39,143254000.0,5991
family_measurement,ordinary_layers,ABBA,18,1,B,active,858,548017083,1560833.3333333333,39,143493666.66666666,5991
family_measurement,ordinary_layers,ABBA,18,2,B,active,859,548487333,1548958.3333333333,39,143286875.0,5991
family_measurement,ordinary_layers,ABBA,18,3,A,empty,860,549250542,333.3333333333333,39,143463625.0,5991
family_measurement,ordinary_layers,ABBA,19,0,A,empty,861,548686084,250.0,39,143448250.0,5991
family_measurement,ordinary_layers,ABBA,19,1,B,active,862,548194583,1579833.3333333333,39,143395416.66666666,5991
family_measurement,ordinary_layers,ABBA,19,2,B,active,863,547394208,1541375.0,39,143378083.33333334,5991
family_measurement,ordinary_layers,ABBA,19,3,A,empty,864,547930833,333.3333333333333,39,143296083.33333334,5991
family_measurement,ordinary_layers,ABBA,20,0,A,empty,865,548096833,291.6666666666667,39,143388291.66666666,5991
family_measurement,ordinary_layers,ABBA,20,1,B,active,866,547108875,2201541.6666666665,39,142584208.33333334,5991
family_measurement,ordinary_layers,ABBA,20,2,B,active,867,548355917,2789666.6666666665,39,142732458.33333334,5991
family_measurement,ordinary_layers,ABBA,20,3,A,empty,868,547571125,125.0,39,143269291.66666666,5991
family_measurement,ordinary_layers,ABBA,21,0,A,empty,869,548041625,541.6666666666666,39,143184458.33333334,5991
family_measurement,ordinary_layers,ABBA,21,1,B,active,870,547541375,1528875.0,39,143244250.0,5991
family_measurement,ordinary_layers,ABBA,21,2,B,active,871,547820250,2052708.3333333333,39,142974875.0,5991
family_measurement,ordinary_layers,ABBA,21,3,A,empty,872,549883542,291.6666666666667,39,142318625.0,5991
family_measurement,ordinary_layers,ABBA,22,0,A,empty,873,565752542,541.6666666666666,39,143171250.0,5991
family_measurement,ordinary_layers,ABBA,22,1,B,active,874,548365375,1569291.6666666667,39,143172958.33333334,5991
family_measurement,ordinary_layers,ABBA,22,2,B,active,875,547096000,1568541.6666666667,39,143218375.0,5991
family_measurement,ordinary_layers,ABBA,22,3,A,empty,876,548827792,333.3333333333333,39,143391708.33333334,5991
family_measurement,ordinary_layers,ABBA,23,0,A,empty,877,546791750,250.0,39,142607375.0,5991
family_measurement,ordinary_layers,ABBA,23,1,B,active,878,548945875,2148583.3333333335,39,142836958.33333334,5991
family_measurement,ordinary_layers,ABBA,23,2,B,active,879,549720875,6836250.0,39,142308416.66666666,5991
family_measurement,ordinary_layers,ABBA,23,3,A,empty,880,558262750,583.3333333333334,39,143263250.0,5991
family_measurement,ordinary_layers,ABBA,24,0,A,empty,881,547602125,250.0,39,143004166.66666666,5991
family_measurement,ordinary_layers,ABBA,24,1,B,active,882,547778708,1540666.6666666667,39,143275458.33333334,5991
family_measurement,ordinary_layers,ABBA,24,2,B,active,883,548806292,1561291.6666666667,39,143447833.33333334,5991
family_measurement,ordinary_layers,ABBA,24,3,A,empty,884,547901000,291.6666666666667,39,143217875.0,5991
family_measurement,ordinary_layers,ABBA,25,0,A,empty,885,548373833,291.6666666666667,39,143394750.0,5991
family_measurement,ordinary_layers,ABBA,25,1,B,active,886,547902000,2180583.3333333335,39,142698916.66666666,5991
family_measurement,ordinary_layers,ABBA,25,2,B,active,887,548033792,1665250.0,39,143185375.0,5991
family_measurement,ordinary_layers,ABBA,25,3,A,empty,888,547628333,250.0,39,143045291.66666666,5991
family_measurement,ordinary_layers,ABBA,26,0,A,empty,889,549084416,125.0,39,143278208.33333334,5991
family_measurement,ordinary_layers,ABBA,26,1,B,active,890,546685875,1556916.6666666667,39,143093875.0,5991
family_measurement,ordinary_layers,ABBA,26,2,B,active,891,547512458,1574875.0,39,143169541.66666666,5991
family_measurement,ordinary_layers,ABBA,26,3,A,empty,892,547988334,166.66666666666666,39,143397625.0,5991
family_measurement,ordinary_layers,ABBA,27,0,A,empty,893,548133916,166.66666666666666,39,143361500.0,5991
family_measurement,ordinary_layers,ABBA,27,1,B,active,894,548586334,1533375.0,39,143519916.66666666,5991
family_measurement,ordinary_layers,ABBA,27,2,B,active,895,548401250,2399416.6666666665,39,143045958.33333334,5991
family_measurement,ordinary_layers,ABBA,27,3,A,empty,896,548850583,166.66666666666666,39,143454458.33333334,5991
family_measurement,ordinary_layers,ABBA,28,0,A,empty,897,547554125,166.66666666666666,39,143043583.33333334,5991
family_measurement,ordinary_layers,ABBA,28,1,B,active,898,548070375,2062000.0,39,143466125.0,5991
family_measurement,ordinary_layers,ABBA,28,2,B,active,899,547556958,1602416.6666666667,39,143200750.0,5991
family_measurement,ordinary_layers,ABBA,28,3,A,empty,900,547964125,83.33333333333333,39,143256375.0,5991
family_measurement,ordinary_layers,ABBA,29,0,A,empty,901,548255041,208.33333333333334,39,143572750.0,5991
family_measurement,ordinary_layers,ABBA,29,1,B,active,902,548327250,1561750.0,39,143127583.33333334,5991
family_measurement,ordinary_layers,ABBA,29,2,B,active,903,547610208,1555500.0,39,143416333.33333334,5991
family_measurement,ordinary_layers,ABBA,29,3,A,empty,904,547510334,250.0,39,142639666.66666666,5991
family_measurement,ordinary_layers,ABBA,30,0,A,empty,905,548245958,41.666666666666664,39,142909583.33333334,5991
family_measurement,ordinary_layers,ABBA,30,1,B,active,906,548018541,1787208.3333333333,39,142966833.33333334,5991
family_measurement,ordinary_layers,ABBA,30,2,B,active,907,548076667,1609875.0,39,143301083.33333334,5991
family_measurement,ordinary_layers,ABBA,30,3,A,empty,908,547690584,208.33333333333334,39,143583000.0,5991
family_measurement,ordinary_layers,ABBA,31,0,A,empty,909,548429500,166.66666666666666,39,143203666.66666666,5991
family_measurement,ordinary_layers,ABBA,31,1,B,active,910,548434916,1563250.0,39,143355291.66666666,5991
family_measurement,ordinary_layers,ABBA,31,2,B,active,911,548628250,1531583.3333333333,39,143298833.33333334,5991
family_measurement,ordinary_layers,ABBA,31,3,A,empty,912,547825375,125.0,39,142868791.66666666,5991
family_measurement,ordinary_layers,BAAB,0,0,B,active,913,548954709,1642416.6666666667,39,143445458.33333334,5991
family_measurement,ordinary_layers,BAAB,0,1,A,empty,914,548115417,375.0,39,143307333.33333334,5991
family_measurement,ordinary_layers,BAAB,0,2,A,empty,915,548939459,250.0,39,143175166.66666666,5991
family_measurement,ordinary_layers,BAAB,0,3,B,active,916,547758792,2196000.0,39,143076291.66666666,5991
family_measurement,ordinary_layers,BAAB,1,0,B,active,917,547390125,1617791.6666666667,39,143125041.66666666,5991
family_measurement,ordinary_layers,BAAB,1,1,A,empty,918,548373250,166.66666666666666,39,143360416.66666666,5991
family_measurement,ordinary_layers,BAAB,1,2,A,empty,919,547993541,166.66666666666666,39,143339125.0,5991
family_measurement,ordinary_layers,BAAB,1,3,B,active,920,547383875,1561125.0,39,143122666.66666666,5991
family_measurement,ordinary_layers,BAAB,2,0,B,active,921,548297791,1567583.3333333333,39,143500666.66666666,5991
family_measurement,ordinary_layers,BAAB,2,1,A,empty,922,548772875,166.66666666666666,39,143285291.66666666,5991
family_measurement,ordinary_layers,BAAB,2,2,A,empty,923,547063000,208.33333333333334,39,142299416.66666666,5991
family_measurement,ordinary_layers,BAAB,2,3,B,active,924,548302834,2122000.0,39,142572166.66666666,5991
family_measurement,ordinary_layers,BAAB,3,0,B,active,925,548297125,1914416.6666666667,39,143155291.66666666,5991
family_measurement,ordinary_layers,BAAB,3,1,A,empty,926,547217083,250.0,39,142937083.33333334,5991
family_measurement,ordinary_layers,BAAB,3,2,A,empty,927,547173834,375.0,39,143030791.66666666,5991
family_measurement,ordinary_layers,BAAB,3,3,B,active,928,547352709,1591958.3333333333,39,143148250.0,5991
family_measurement,ordinary_layers,BAAB,4,0,B,active,929,547066209,1835666.6666666667,39,142842333.33333334,5991
family_measurement,ordinary_layers,BAAB,4,1,A,empty,930,549753708,250.0,39,143540291.66666666,5991
family_measurement,ordinary_layers,BAAB,4,2,A,empty,931,548962208,125.0,39,143455500.0,5991
family_measurement,ordinary_layers,BAAB,4,3,B,active,932,547389750,1538625.0,39,143264833.33333334,5991
family_measurement,ordinary_layers,BAAB,5,0,B,active,933,551480375,1641958.3333333333,39,143883458.33333334,5991
family_measurement,ordinary_layers,BAAB,5,1,A,empty,934,551313000,166.66666666666666,39,143440916.66666666,5991
family_measurement,ordinary_layers,BAAB,5,2,A,empty,935,551590167,125.0,39,143742250.0,5991
family_measurement,ordinary_layers,BAAB,5,3,B,active,936,550849083,1579833.3333333333,39,143519000.0,5991
family_measurement,ordinary_layers,BAAB,6,0,B,active,937,548514500,1567541.6666666667,39,143324875.0,5991
family_measurement,ordinary_layers,BAAB,6,1,A,empty,938,548528459,333.3333333333333,39,143118541.66666666,5991
family_measurement,ordinary_layers,BAAB,6,2,A,empty,939,549995792,833.3333333333334,39,142245791.66666666,5991
family_measurement,ordinary_layers,BAAB,6,3,B,active,940,548343541,2319875.0,39,143472916.66666666,5991
family_measurement,ordinary_layers,BAAB,7,0,B,active,941,548124750,1602375.0,39,143446916.66666666,5991
family_measurement,ordinary_layers,BAAB,7,1,A,empty,942,547932125,125.0,39,142870666.66666666,5991
family_measurement,ordinary_layers,BAAB,7,2,A,empty,943,548081875,166.66666666666666,39,142815541.66666666,5991
family_measurement,ordinary_layers,BAAB,7,3,B,active,944,547345542,2060083.3333333333,39,142949708.33333334,5991
family_measurement,ordinary_layers,BAAB,8,0,B,active,945,548311625,1590625.0,39,143370208.33333334,5991
family_measurement,ordinary_layers,BAAB,8,1,A,empty,946,547681000,166.66666666666666,39,143090000.0,5991
family_measurement,ordinary_layers,BAAB,8,2,A,empty,947,547963916,125.0,39,143187125.0,5991
family_measurement,ordinary_layers,BAAB,8,3,B,active,948,547171333,1517958.3333333333,39,143244625.0,5991
family_measurement,ordinary_layers,BAAB,9,0,B,active,949,548132917,1577291.6666666667,39,143437125.0,5991
family_measurement,ordinary_layers,BAAB,9,1,A,empty,950,547940708,250.0,39,143583291.66666666,5991
family_measurement,ordinary_layers,BAAB,9,2,A,empty,951,547801625,166.66666666666666,39,143167500.0,5991
family_measurement,ordinary_layers,BAAB,9,3,B,active,952,547547666,1547916.6666666667,39,143344333.33333334,5991
family_measurement,ordinary_layers,BAAB,10,0,B,active,953,548535750,1533958.3333333333,39,143304125.0,5991
family_measurement,ordinary_layers,BAAB,10,1,A,empty,954,547159875,166.66666666666666,39,143105041.66666666,5991
family_measurement,ordinary_layers,BAAB,10,2,A,empty,955,547288583,416.6666666666667,39,142052583.33333334,5991
family_measurement,ordinary_layers,BAAB,10,3,B,active,956,549809791,2004500.0,39,143308333.33333334,5991
family_measurement,ordinary_layers,BAAB,11,0,B,active,957,547260958,1554541.6666666667,39,143168166.66666666,5991
family_measurement,ordinary_layers,BAAB,11,1,A,empty,958,548144792,250.0,39,143333791.66666666,5991
family_measurement,ordinary_layers,BAAB,11,2,A,empty,959,547306584,166.66666666666666,39,143029625.0,5991
family_measurement,ordinary_layers,BAAB,11,3,B,active,960,547096375,2012416.6666666667,39,142750791.66666666,5991
family_measurement,ordinary_layers,BAAB,12,0,B,active,961,551343833,3580333.3333333335,39,142934625.0,5991
family_measurement,ordinary_layers,BAAB,12,1,A,empty,962,548141459,541.6666666666666,39,142580708.33333334,5991
family_measurement,ordinary_layers,BAAB,12,2,A,empty,963,548274208,208.33333333333334,39,143028958.33333334,5991
family_measurement,ordinary_layers,BAAB,12,3,B,active,964,547800541,1647166.6666666667,39,143168958.33333334,5991
family_measurement,ordinary_layers,BAAB,13,0,B,active,965,547996291,1548916.6666666667,39,143406333.33333334,5991
family_measurement,ordinary_layers,BAAB,13,1,A,empty,966,547848666,333.3333333333333,39,142991125.0,5991
family_measurement,ordinary_layers,BAAB,13,2,A,empty,967,547156750,166.66666666666666,39,143315333.33333334,5991
family_measurement,ordinary_layers,BAAB,13,3,B,active,968,547413208,1571583.3333333333,39,142840041.66666666,5991
family_measurement,ordinary_layers,BAAB,14,0,B,active,969,548595167,2334791.6666666665,39,143602583.33333334,5991
family_measurement,ordinary_layers,BAAB,14,1,A,empty,970,547144667,500.0,39,142093125.0,5991
family_measurement,ordinary_layers,BAAB,14,2,A,empty,971,561086042,1125.0,39,142424083.33333334,5991
family_measurement,ordinary_layers,BAAB,14,3,B,active,972,553088458,7979375.0,39,142108291.66666666,5991
family_measurement,ordinary_layers,BAAB,15,0,B,active,973,553599333,3406000.0,39,143161083.33333334,5991
family_measurement,ordinary_layers,BAAB,15,1,A,empty,974,548356459,166.66666666666666,39,142985000.0,5991
family_measurement,ordinary_layers,BAAB,15,2,A,empty,975,547578958,375.0,39,143161375.0,5991
family_measurement,ordinary_layers,BAAB,15,3,B,active,976,547777500,4699041.666666667,39,142326416.66666666,5991
family_measurement,ordinary_layers,BAAB,16,0,B,active,977,552017708,2155875.0,39,143167750.0,5991
family_measurement,ordinary_layers,BAAB,16,1,A,empty,978,549123834,41.666666666666664,39,143577000.0,5991
family_measurement,ordinary_layers,BAAB,16,2,A,empty,979,548050917,208.33333333333334,39,143219708.33333334,5991
family_measurement,ordinary_layers,BAAB,16,3,B,active,980,547261042,1601333.3333333333,39,143060125.0,5991
family_measurement,ordinary_layers,BAAB,17,0,B,active,981,547619250,1634791.6666666667,39,143045625.0,5991
family_measurement,ordinary_layers,BAAB,17,1,A,empty,982,548115083,208.33333333333334,39,143372750.0,5991
family_measurement,ordinary_layers,BAAB,17,2,A,empty,983,547031875,250.0,39,143397166.66666666,5991
family_measurement,ordinary_layers,BAAB,17,3,B,active,984,547904875,1551375.0,39,143041458.33333334,5991
family_measurement,ordinary_layers,BAAB,18,0,B,active,985,547541833,1534500.0,39,142984083.33333334,5991
family_measurement,ordinary_layers,BAAB,18,1,A,empty,986,547025209,333.3333333333333,39,142874541.66666666,5991
family_measurement,ordinary_layers,BAAB,18,2,A,empty,987,548081417,416.6666666666667,39,142419875.0,5991
family_measurement,ordinary_layers,BAAB,18,3,B,active,988,559278667,2315708.3333333335,39,143257958.33333334,5991
family_measurement,ordinary_layers,BAAB,19,0,B,active,989,547313459,1535625.0,39,143153000.0,5991
family_measurement,ordinary_layers,BAAB,19,1,A,empty,990,547873500,125.0,39,143019916.66666666,5991
family_measurement,ordinary_layers,BAAB,19,2,A,empty,991,547971750,375.0,39,143269875.0,5991
family_measurement,ordinary_layers,BAAB,19,3,B,active,992,548114250,2303208.3333333335,39,143097708.33333334,5991
family_measurement,ordinary_layers,BAAB,20,0,B,active,993,548527167,1650541.6666666667,39,143329833.33333334,5991
family_measurement,ordinary_layers,BAAB,20,1,A,empty,994,548498000,166.66666666666666,39,143333541.66666666,5991
family_measurement,ordinary_layers,BAAB,20,2,A,empty,995,548030625,125.0,39,143324541.66666666,5991
family_measurement,ordinary_layers,BAAB,20,3,B,active,996,548599292,1585750.0,39,143678416.66666666,5991
family_measurement,ordinary_layers,BAAB,21,0,B,active,997,547822500,2073208.3333333333,39,142895333.33333334,5991
family_measurement,ordinary_layers,BAAB,21,1,A,empty,998,550085792,583.3333333333334,39,143436958.33333334,5991
family_measurement,ordinary_layers,BAAB,21,2,A,empty,999,547997916,166.66666666666666,39,142957833.33333334,5991
family_measurement,ordinary_layers,BAAB,21,3,B,active,1000,548964041,2409208.3333333335,39,142921333.33333334,5991
family_measurement,ordinary_layers,BAAB,22,0,B,active,1001,547440875,2048791.6666666667,39,142895500.0,5991
family_measurement,ordinary_layers,BAAB,22,1,A,empty,1002,548581792,125.0,39,143180500.0,5991
family_measurement,ordinary_layers,BAAB,22,2,A,empty,1003,547077417,83.33333333333333,39,143243166.66666666,5991
family_measurement,ordinary_layers,BAAB,22,3,B,active,1004,548257792,1559291.6666666667,39,143114833.33333334,5991
family_measurement,ordinary_layers,BAAB,23,0,B,active,1005,547993792,1975791.6666666667,39,143149250.0,5991
family_measurement,ordinary_layers,BAAB,23,1,A,empty,1006,555316958,333.3333333333333,39,143258083.33333334,5991
family_measurement,ordinary_layers,BAAB,23,2,A,empty,1007,548469541,166.66666666666666,39,143536333.33333334,5991
family_measurement,ordinary_layers,BAAB,23,3,B,active,1008,548078958,1597291.6666666667,39,142773666.66666666,5991
family_measurement,ordinary_layers,BAAB,24,0,B,active,1009,548775750,2089916.6666666667,39,143614333.33333334,5991
family_measurement,ordinary_layers,BAAB,24,1,A,empty,1010,547754291,208.33333333333334,39,143146833.33333334,5991
family_measurement,ordinary_layers,BAAB,24,2,A,empty,1011,548203167,375.0,39,143254833.33333334,5991
family_measurement,ordinary_layers,BAAB,24,3,B,active,1012,547509334,1594708.3333333333,39,143250375.0,5991
family_measurement,ordinary_layers,BAAB,25,0,B,active,1013,547877959,1584500.0,39,143125458.33333334,5991
family_measurement,ordinary_layers,BAAB,25,1,A,empty,1014,547611833,208.33333333333334,39,142966750.0,5991
family_measurement,ordinary_layers,BAAB,25,2,A,empty,1015,548080209,375.0,39,143274541.66666666,5991
family_measurement,ordinary_layers,BAAB,25,3,B,active,1016,548130833,1575333.3333333333,39,143087166.66666666,5991
family_measurement,ordinary_layers,BAAB,26,0,B,active,1017,547849625,1605166.6666666667,39,143330333.33333334,5991
family_measurement,ordinary_layers,BAAB,26,1,A,empty,1018,547748875,83.33333333333333,39,143088000.0,5991
family_measurement,ordinary_layers,BAAB,26,2,A,empty,1019,546958792,291.6666666666667,39,142525125.0,5991
family_measurement,ordinary_layers,BAAB,26,3,B,active,1020,547870125,2030625.0,39,142833041.66666666,5991
family_measurement,ordinary_layers,BAAB,27,0,B,active,1021,547606917,1636166.6666666667,39,142970541.66666666,5991
family_measurement,ordinary_layers,BAAB,27,1,A,empty,1022,548756417,375.0,39,143676166.66666666,5991
family_measurement,ordinary_layers,BAAB,27,2,A,empty,1023,547785000,166.66666666666666,39,143291041.66666666,5991
family_measurement,ordinary_layers,BAAB,27,3,B,active,1024,548373459,1767500.0,39,143376541.66666666,5991
family_measurement,ordinary_layers,BAAB,28,0,B,active,1025,548651792,1585041.6666666667,39,143443958.33333334,5991
family_measurement,ordinary_layers,BAAB,28,1,A,empty,1026,548999000,166.66666666666666,39,143324833.33333334,5991
family_measurement,ordinary_layers,BAAB,28,2,A,empty,1027,547434792,250.0,39,143158708.33333334,5991
family_measurement,ordinary_layers,BAAB,28,3,B,active,1028,546220667,2113750.0,39,142598833.33333334,5991
family_measurement,ordinary_layers,BAAB,29,0,B,active,1029,549484791,1861791.6666666667,39,143089208.33333334,5991
family_measurement,ordinary_layers,BAAB,29,1,A,empty,1030,548037041,83.33333333333333,39,143177291.66666666,5991
family_measurement,ordinary_layers,BAAB,29,2,A,empty,1031,548133000,166.66666666666666,39,142973625.0,5991
family_measurement,ordinary_layers,BAAB,29,3,B,active,1032,548382708,1994583.3333333333,39,143005875.0,5991
family_measurement,ordinary_layers,BAAB,30,0,B,active,1033,548891916,1884083.3333333333,39,143449958.33333334,5991
family_measurement,ordinary_layers,BAAB,30,1,A,empty,1034,548315750,83.33333333333333,39,142929291.66666666,5991
family_measurement,ordinary_layers,BAAB,30,2,A,empty,1035,547995333,125.0,39,143067583.33333334,5991
family_measurement,ordinary_layers,BAAB,30,3,B,active,1036,548077250,2477708.3333333335,39,143141833.33333334,5991
family_measurement,ordinary_layers,BAAB,31,0,B,active,1037,547890583,1609958.3333333333,39,143109666.66666666,5991
family_measurement,ordinary_layers,BAAB,31,1,A,empty,1038,548272875,250.0,39,143117708.33333334,5991
family_measurement,ordinary_layers,BAAB,31,2,A,empty,1039,548065459,125.0,39,142779916.66666666,5991
family_measurement,ordinary_layers,BAAB,31,3,B,active,1040,548641125,2369000.0,39,143436416.66666666,5991
