GPUPSO v_copyint32float32 maxThreads=1024 execWidth=32 tgMem=0
GPUPSO vs_Subtractfloat32 maxThreads=1024 execWidth=32 tgMem=0
GPUPSO vs_Dividefloat32 maxThreads=1024 execWidth=32 tgMem=0
GPUPSO vs_Maximumfloat32 maxThreads=1024 execWidth=32 tgMem=0
GPUPSO vs_Minimumfloat32 maxThreads=1024 execWidth=32 tgMem=0
GPUPSO sv_Subtractfloat32 maxThreads=1024 execWidth=32 tgMem=0
GPUPSO sv_Powerfloat32 maxThreads=1024 execWidth=32 tgMem=0
GPUPSO sv_Multiplyfloat32 maxThreads=1024 execWidth=32 tgMem=0
GPUPSO vv_Multiplyfloat32 maxThreads=1024 execWidth=32 tgMem=0
GPUPSO vv_Addfloat32 maxThreads=1024 execWidth=32 tgMem=0
GPUPSO vv_Dividefloat32 maxThreads=1024 execWidth=32 tgMem=0
GPUPROF 74338.023396417 74338.023714375 190 21760 v_copyint32float32|vs_Subtractfloat32|vs_Dividefloat32|vs_Maximumfloat32|vs_Minimumfloat32|sv_Subtractfloat32|v_copyint32float32|vs_Dividefloat32|sv_Powerfloat32|v_copyint32float32|vs_Dividefloat32|v_copyint32float32|vs_Subtractfloat32|vs_Dividefloat32|vs_Maximumfloat32|vs_Minimumfloat32|sv_Subtractfloat32|v_copyint32float32|vs_Dividefloat32|sv_Powerfloat32|v_copyint32float32|vs_Dividefloat32|v_copyint32float32|vs_Subtractfloat32|vs_Dividefloat32|vs_Maximumfloat32|vs_Minimumfloat32|sv_Subtractfloat32|v_copyint32float32|vs_Dividefloat32|sv_Powerfloat32|v_copyint32float32|vs_Dividefloat32|v_copyint32float32|vs_Subtractfloat32|vs_Dividefloat32|vs_Maximumfloat32|vs_Minimumfloat32|sv_Subtractfloat32|v_copyint32float32|v_copyint32float32|v_copyint32float32|v_copyint32float32|v_copyint32float32|v_copyint32float32|vs_Subtractfloat32|vs_Subtractfloat32|vs_Subtractfloat32|vs_Subtractfloat32|vs_Subtractfloat32|vs_Subtractfloat32|vs_Dividefloat32|vs_Dividefloat32|vs_Dividefloat32|vs_Dividefloat32|vs_Dividefloat32|vs_Dividefloat32|v_copyint32float32|vs_Maximumfloat32|v_copyint32float32|vs_Maximumfloat32|v_copyint32float32|vs_Maximumfloat32|v_copyint32float32|vs_Maximumfloat32|v_copyint32float32|vs_Maximumfloat32|v_copyint32float32|vs_Maximumfloat32|v_copyint32float32|v_copyint32float32|vs_Dividefloat32|vs_Minimumfloat32|v_copyint32float32|vs_Dividefloat32|vs_Minimumfloat32|v_copyint32float32|vs_Dividefloat32|vs_Minimumfloat32|v_copyint32float32|vs_Dividefloat32|vs_Minimumfloat32|v_copyint32float32|vs_Dividefloat32|vs_Minimumfloat32|v_copyint32float32|vs_Dividefloat32|vs_Minimumfloat32|v_copyint32float32|vs_Dividefloat32|vs_Dividefloat32|sv_Powerfloat32|sv_Subtractfloat32|vs_Dividefloat32|sv_Powerfloat32|sv_Subtractfloat32|vs_Dividefloat32|sv_Powerfloat32|sv_Subtractfloat32|vs_Dividefloat32|sv_Powerfloat32|sv_Subtractfloat32|vs_Dividefloat32|sv_Powerfloat32|sv_Subtractfloat32|vs_Dividefloat32|sv_Powerfloat32|sv_Subtractfloat32|vs_Dividefloat32|sv_Powerfloat32|sv_Subtractfloat32|sv_Powerfloat32|sv_Multiplyfloat32|sv_Subtractfloat32|sv_Powerfloat32|sv_Multiplyfloat32|sv_Subtractfloat32|sv_Powerfloat32|sv_Multiplyfloat32|sv_Subtractfloat32|sv_Powerfloat32|sv_Multiplyfloat32|sv_Subtractfloat32|sv_Powerfloat32|sv_Multiplyfloat32|sv_Subtractfloat32|sv_Powerfloat32|sv_Multiplyfloat32|sv_Subtractfloat32|sv_Powerfloat32|sv_Multiplyfloat32|sv_Subtractfloat32|sv_Powerfloat32|sv_Multiplyfloat32|sv_Subtractfloat32|sv_Powerfloat32|sv_Multiplyfloat32|sv_Subtractfloat32|sv_Powerfloat32|sv_Multiplyfloat32|vv_Multiplyfloat32|vv_Multiplyfloat32|vv_Multiplyfloat32|vv_Multiplyfloat32|vv_Multiplyfloat32|vv_Multiplyfloat32|vv_Multiplyfloat32|vv_Multiplyfloat32|vv_Multiplyfloat32|vv_Multiplyfloat32|vv_Multiplyfloat32|vv_Multiplyfloat32|vv_Multiplyfloat32|vv_Multiplyfloat32|vv_Multiplyfloat32|vv_Multiplyfloat32|vv_Multiplyfloat32|vv_Multiplyfloat32|vv_Multiplyfloat32|vv_Multiplyfloat32|vv_Addfloat32|vv_Multiplyfloat32|vv_Addfloat32|vv_Multiplyfloat32|vv_Addfloat32|vv_Multiplyfloat32|vv_Addfloat32|vv_Multiplyfloat32|vv_Addfloat32|vv_Multiplyfloat32|vv_Addfloat32|vv_Multiplyfloat32|vv_Addfloat32|vv_Multiplyfloat32|vv_Addfloat32|vv_Multiplyfloat32|vv_Addfloat32|vv_Multiplyfloat32|vv_Addfloat32|vv_Multiplyfloat32|vv_Dividefloat32|vv_Dividefloat32|vv_Dividefloat32|vv_Dividefloat32|vv_Dividefloat32|vv_Dividefloat32|vv_Dividefloat32|vv_Dividefloat32|vv_Dividefloat32|vv_Dividefloat32
GPUPSO nvfp4_quantize_bfloat16_t_gs_16_b_4 maxThreads=1024 execWidth=32 tgMem=0
GPUPSO gg1_copyuint8uint8 maxThreads=1024 execWidth=32 tgMem=0
GPUPSO row_reduce_simple_minuint8 maxThreads=1024 execWidth=32 tgMem=128
GPUPSO row_reduce_simple_maxuint8 maxThreads=1024 execWidth=32 tgMem=128
GPUPSO v_copyuint8int32 maxThreads=1024 execWidth=32 tgMem=0
GPUPSO vv_Subtractint32 maxThreads=1024 execWidth=32 tgMem=0
GPUPSO vs_LessEqualint32 maxThreads=1024 execWidth=32 tgMem=0
GPUPSO v_copybool_int32 maxThreads=1024 execWidth=32 tgMem=0
GPUPSO all_reduce_sumint32 maxThreads=1024 execWidth=32 tgMem=128
GPUPROF 74338.027650500 74338.030335167 15 43934212 nvfp4_quantize_bfloat16_t_gs_16_b_4|nvfp4_quantize_bfloat16_t_gs_16_b_4|nvfp4_quantize_bfloat16_t_gs_16_b_4|gg1_copyuint8uint8|gg1_copyuint8uint8|gg1_copyuint8uint8|row_reduce_simple_minuint8|row_reduce_simple_maxuint8|v_copyuint8int32|v_copyuint8int32|vv_Subtractint32|vs_LessEqualint32|v_copybool_int32|all_reduce_sumint32|all_reduce_sumint32
GPUPSO g3_copyuint8uint8 maxThreads=1024 execWidth=32 tgMem=0
GPUPSO vn_copyuint8int32 maxThreads=1024 execWidth=32 tgMem=0
GPUPSO g2_Subtractint32 maxThreads=1024 execWidth=32 tgMem=0
GPUPSO g2_Selectint32 maxThreads=1024 execWidth=32 tgMem=0
GPUPSO vn_copyint32uint8 maxThreads=1024 execWidth=32 tgMem=0
GPUPSO vsn_RightShiftuint16 maxThreads=1024 execWidth=32 tgMem=0
GPUPSO vsn_BitwiseAnduint16 maxThreads=1024 execWidth=32 tgMem=0
GPUPSO vvn_BitwiseOruint16 maxThreads=1024 execWidth=32 tgMem=0
GPUPSO vn_copyuint16uint8 maxThreads=1024 execWidth=32 tgMem=0
GPUPSO vs_Selectuint8 maxThreads=1024 execWidth=32 tgMem=0
GPUPSO vsn_RightShiftint32 maxThreads=1024 execWidth=32 tgMem=0
GPUPSO vsn_BitwiseAndint32 maxThreads=1024 execWidth=32 tgMem=0
GPUPSO gg1_copyint32int32 maxThreads=1024 execWidth=32 tgMem=0
GPUPSO g2_Addint32 maxThreads=1024 execWidth=32 tgMem=0
GPUPSO g3_copyint32int32 maxThreads=1024 execWidth=32 tgMem=0
GPUPSO vs_Equaluint8 maxThreads=1024 execWidth=32 tgMem=0
GPUPSO g2_Selectuint8 maxThreads=1024 execWidth=32 tgMem=0
GPUPSO vvn_NotEqualuint8 maxThreads=1024 execWidth=32 tgMem=0
GPUPSO vn_copybool_int32 maxThreads=1024 execWidth=32 tgMem=0
GPUPROF 74338.034172750 74338.035065875 28 47817220 v_copyuint8int32|g3_copyuint8uint8|vn_copyuint8int32|g2_Subtractint32|g2_Selectint32|vn_copyint32uint8|vsn_RightShiftuint16|vsn_BitwiseAnduint16|vsn_BitwiseAnduint16|vvn_BitwiseOruint16|vn_copyuint16uint8|vn_copyuint8int32|vs_Selectuint8|vsn_RightShiftint32|vsn_BitwiseAndint32|vsn_BitwiseAndint32|v_copyuint8int32|gg1_copyint32int32|gg1_copyint32int32|g2_Addint32|g3_copyint32int32|vs_Equaluint8|vn_copyint32uint8|g2_Selectuint8|vvn_NotEqualuint8|vn_copybool_int32|all_reduce_sumint32|all_reduce_sumint32
mlxfast: narrow-scales built lane-major: qkv
GPUPSO row_reduce_small_1_reduce_minuint8 maxThreads=1024 execWidth=32 tgMem=0
GPUPSO g2_Subtractuint8 maxThreads=1024 execWidth=32 tgMem=0
GPUPSO all_reduce_maxuint8 maxThreads=1024 execWidth=32 tgMem=32
GPUPROF 74338.036848000 74338.038862125 6 33054853 nvfp4_quantize_bfloat16_t_gs_16_b_4|row_reduce_small_1_reduce_minuint8|g2_Subtractuint8|all_reduce_maxuint8|all_reduce_maxuint8|v_copyuint8int32
GPUPSO vsn_RightShiftuint32 maxThreads=1024 execWidth=32 tgMem=0
GPUPSO vsn_BitwiseAnduint32 maxThreads=1024 execWidth=32 tgMem=0
GPUPSO vvn_BitwiseOruint32 maxThreads=1024 execWidth=32 tgMem=0
GPUPSO vn_copyuint32uint8 maxThreads=1024 execWidth=32 tgMem=0
GPUPSO g2_copyint32int32 maxThreads=1024 execWidth=32 tgMem=0
GPUPSO vsn_LeftShiftint32 maxThreads=1024 execWidth=32 tgMem=0
GPUPSO vvn_Addint32 maxThreads=1024 execWidth=32 tgMem=0
mlxfast: narrow-scales built: oproj
GPUPROF 74338.041197042 74338.042112375 63 55271940 vsn_RightShiftuint32|vsn_RightShiftuint32|vsn_RightShiftuint32|vsn_BitwiseAnduint32|vsn_BitwiseAnduint32|vsn_RightShiftuint32|vsn_BitwiseAnduint32|vvn_BitwiseOruint32|vsn_BitwiseAnduint32|vvn_BitwiseOruint32|vvn_BitwiseOruint32|vn_copyuint32uint8|vsn_RightShiftuint16|vsn_RightShiftuint16|vsn_BitwiseAnduint16|vsn_BitwiseAnduint16|vsn_BitwiseAnduint16|vsn_BitwiseAnduint16|vvn_BitwiseOruint16|vvn_BitwiseOruint16|vn_copyuint16uint8|vn_copyuint16uint8|vn_copyuint8int32|vn_copyuint8int32|vsn_RightShiftint32|vsn_RightShiftint32|vsn_RightShiftint32|vsn_RightShiftint32|vsn_RightShiftint32|vsn_RightShiftint32|vsn_RightShiftint32|vsn_RightShiftint32|vsn_RightShiftint32|v_copyuint8int32|vsn_BitwiseAndint32|vsn_BitwiseAndint32|vsn_BitwiseAndint32|vsn_BitwiseAndint32|vsn_BitwiseAndint32|vsn_BitwiseAndint32|vsn_BitwiseAndint32|vsn_BitwiseAndint32|vsn_BitwiseAndint32|vsn_BitwiseAndint32|gg1_copyint32int32|gg1_copyint32int32|gg1_copyint32int32|gg1_copyint32int32|gg1_copyint32int32|gg1_copyint32int32|gg1_copyint32int32|gg1_copyint32int32|gg1_copyint32int32|gg1_copyint32int32|g2_copyint32int32|vsn_LeftShiftint32|vvn_Addint32|vvn_Addint32|vn_copyint32uint8|vvn_NotEqualuint8|vn_copybool_int32|all_reduce_sumint32|all_reduce_sumint32
GPUPROF 74338.043247417 74338.046574250 15 54983172 nvfp4_quantize_bfloat16_t_gs_16_b_4|nvfp4_quantize_bfloat16_t_gs_16_b_4|nvfp4_quantize_bfloat16_t_gs_16_b_4|gg1_copyuint8uint8|gg1_copyuint8uint8|gg1_copyuint8uint8|row_reduce_simple_minuint8|row_reduce_simple_maxuint8|v_copyuint8int32|v_copyuint8int32|vv_Subtractint32|vs_LessEqualint32|v_copybool_int32|all_reduce_sumint32|all_reduce_sumint32
GPUPROF 74338.047817292 74338.048992500 28 59771396 v_copyuint8int32|g3_copyuint8uint8|vn_copyuint8int32|g2_Subtractint32|g2_Selectint32|vn_copyint32uint8|vsn_RightShiftuint16|vsn_BitwiseAnduint16|vsn_BitwiseAnduint16|vvn_BitwiseOruint16|vn_copyuint16uint8|vn_copyuint8int32|vs_Selectuint8|vsn_RightShiftint32|vsn_BitwiseAndint32|vsn_BitwiseAndint32|v_copyuint8int32|gg1_copyint32int32|gg1_copyint32int32|g2_Addint32|g3_copyint32int32|vs_Equaluint8|vn_copyint32uint8|g2_Selectuint8|vvn_NotEqualuint8|vn_copybool_int32|all_reduce_sumint32|all_reduce_sumint32
GPUPROF 74338.049915500 74338.052577000 6 44073093 nvfp4_quantize_bfloat16_t_gs_16_b_4|row_reduce_small_1_reduce_minuint8|g2_Subtractuint8|all_reduce_maxuint8|all_reduce_maxuint8|v_copyuint8int32
GPUPROF 74338.053272250 74338.054646667 63 73695748 vsn_RightShiftuint32|vsn_RightShiftuint32|vsn_RightShiftuint32|vsn_BitwiseAnduint32|vsn_BitwiseAnduint32|vsn_RightShiftuint32|vsn_BitwiseAnduint32|vvn_BitwiseOruint32|vsn_BitwiseAnduint32|vvn_BitwiseOruint32|vvn_BitwiseOruint32|vn_copyuint32uint8|vsn_RightShiftuint16|vsn_RightShiftuint16|vsn_BitwiseAnduint16|vsn_BitwiseAnduint16|vsn_BitwiseAnduint16|vsn_BitwiseAnduint16|vvn_BitwiseOruint16|vvn_BitwiseOruint16|vn_copyuint16uint8|vn_copyuint16uint8|vn_copyuint8int32|vn_copyuint8int32|vsn_RightShiftint32|vsn_RightShiftint32|vsn_RightShiftint32|vsn_RightShiftint32|vsn_RightShiftint32|vsn_RightShiftint32|vsn_RightShiftint32|vsn_RightShiftint32|vsn_RightShiftint32|v_copyuint8int32|vsn_BitwiseAndint32|vsn_BitwiseAndint32|vsn_BitwiseAndint32|vsn_BitwiseAndint32|vsn_BitwiseAndint32|vsn_BitwiseAndint32|vsn_BitwiseAndint32|vsn_BitwiseAndint32|vsn_BitwiseAndint32|vsn_BitwiseAndint32|gg1_copyint32int32|gg1_copyint32int32|gg1_copyint32int32|gg1_copyint32int32|gg1_copyint32int32|gg1_copyint32int32|gg1_copyint32int32|gg1_copyint32int32|gg1_copyint32int32|gg1_copyint32int32|g2_copyint32int32|vsn_LeftShiftint32|vvn_Addint32|vvn_Addint32|vn_copyint32uint8|vvn_NotEqualuint8|vn_copybool_int32|all_reduce_sumint32|all_reduce_sumint32
GPUPSO g1_NotEqualuint8 maxThreads=1024 execWidth=32 tgMem=0
GPUPSO gather_frontint32_int32_int_1 maxThreads=1024 execWidth=32 tgMem=0
GPUPSO ss_Subtractint32 maxThreads=1024 execWidth=32 tgMem=0
GPUPROF 74338.056115292 74338.057264875 6 50332176 g1_NotEqualuint8|vn_copybool_int32|gather_frontint32_int32_int_1|all_reduce_sumint32|all_reduce_sumint32|ss_Subtractint32
GPUPSO gatheruint8int32_1_0_int maxThreads=1024 execWidth=32 tgMem=0
GPUPROF 74338.057982250 74338.057996375 1 8388613 gatheruint8int32_1_0_int
GPUPSO gg2_copyuint8uint8 maxThreads=1024 execWidth=32 tgMem=0
GPUPSO gatheruint8int32_1_1_int maxThreads=1024 execWidth=32 tgMem=0
GPUPROF 74338.061156417 74338.070835750 12 201343516 gg2_copyuint8uint8|gg2_copyuint8uint8|gatheruint8int32_1_1_int|g3_copyuint8uint8|g1_NotEqualuint8|vn_copybool_int32|gather_frontint32_int32_int_1|all_reduce_sumint32|all_reduce_sumint32|gather_frontint32_int32_int_1|ss_Subtractint32|ss_Subtractint32
GPUPROF 74338.071175667 74338.071183875 1 16777221 gatheruint8int32_1_0_int
mlxfast: packed-scales active: packed routed gate/up bank prepared
GPUPROF 74338.071333375 74338.071342125 1 16777221 gatheruint8int32_1_0_int
GPUPROF 74338.072243000 74338.075554625 15 54983172 nvfp4_quantize_bfloat16_t_gs_16_b_4|nvfp4_quantize_bfloat16_t_gs_16_b_4|nvfp4_quantize_bfloat16_t_gs_16_b_4|gg1_copyuint8uint8|gg1_copyuint8uint8|gg1_copyuint8uint8|row_reduce_simple_minuint8|row_reduce_simple_maxuint8|v_copyuint8int32|v_copyuint8int32|vv_Subtractint32|vs_LessEqualint32|v_copybool_int32|all_reduce_sumint32|all_reduce_sumint32
GPUPROF 74338.076231792 74338.077169000 28 59771396 v_copyuint8int32|g3_copyuint8uint8|vn_copyuint8int32|g2_Subtractint32|g2_Selectint32|vn_copyint32uint8|vsn_RightShiftuint16|vsn_BitwiseAnduint16|vsn_BitwiseAnduint16|vvn_BitwiseOruint16|vn_copyuint16uint8|vn_copyuint8int32|vs_Selectuint8|vsn_RightShiftint32|vsn_BitwiseAndint32|vsn_BitwiseAndint32|v_copyuint8int32|gg1_copyint32int32|gg1_copyint32int32|g2_Addint32|g3_copyint32int32|vs_Equaluint8|vn_copyint32uint8|g2_Selectuint8|vvn_NotEqualuint8|vn_copybool_int32|all_reduce_sumint32|all_reduce_sumint32
GPUPROF 74338.078186917 74338.080824292 6 44073093 nvfp4_quantize_bfloat16_t_gs_16_b_4|row_reduce_small_1_reduce_minuint8|g2_Subtractuint8|all_reduce_maxuint8|all_reduce_maxuint8|v_copyuint8int32
GPUPROF 74338.081573250 74338.082610375 63 73695748 vsn_RightShiftuint32|vsn_RightShiftuint32|vsn_RightShiftuint32|vsn_BitwiseAnduint32|vsn_BitwiseAnduint32|vsn_RightShiftuint32|vsn_BitwiseAnduint32|vvn_BitwiseOruint32|vsn_BitwiseAnduint32|vvn_BitwiseOruint32|vvn_BitwiseOruint32|vn_copyuint32uint8|vsn_RightShiftuint16|vsn_RightShiftuint16|vsn_BitwiseAnduint16|vsn_BitwiseAnduint16|vsn_BitwiseAnduint16|vsn_BitwiseAnduint16|vvn_BitwiseOruint16|vvn_BitwiseOruint16|vn_copyuint16uint8|vn_copyuint16uint8|vn_copyuint8int32|vn_copyuint8int32|vsn_RightShiftint32|vsn_RightShiftint32|vsn_RightShiftint32|vsn_RightShiftint32|vsn_RightShiftint32|vsn_RightShiftint32|vsn_RightShiftint32|vsn_RightShiftint32|vsn_RightShiftint32|v_copyuint8int32|vsn_BitwiseAndint32|vsn_BitwiseAndint32|vsn_BitwiseAndint32|vsn_BitwiseAndint32|vsn_BitwiseAndint32|vsn_BitwiseAndint32|vsn_BitwiseAndint32|vsn_BitwiseAndint32|vsn_BitwiseAndint32|vsn_BitwiseAndint32|gg1_copyint32int32|gg1_copyint32int32|gg1_copyint32int32|gg1_copyint32int32|gg1_copyint32int32|gg1_copyint32int32|gg1_copyint32int32|gg1_copyint32int32|gg1_copyint32int32|gg1_copyint32int32|g2_copyint32int32|vsn_LeftShiftint32|vvn_Addint32|vvn_Addint32|vn_copyint32uint8|vvn_NotEqualuint8|vn_copybool_int32|all_reduce_sumint32|all_reduce_sumint32
GPUPROF 74338.083407042 74338.084237167 6 50332176 g1_NotEqualuint8|vn_copybool_int32|gather_frontint32_int32_int_1|all_reduce_sumint32|all_reduce_sumint32|ss_Subtractint32
GPUPROF 74338.084843125 74338.084857250 1 8388613 gatheruint8int32_1_0_int
GPUPROF 74338.090425875 74338.099984875 12 201343516 gg2_copyuint8uint8|gg2_copyuint8uint8|gatheruint8int32_1_1_int|g3_copyuint8uint8|g1_NotEqualuint8|vn_copybool_int32|gather_frontint32_int32_int_1|all_reduce_sumint32|all_reduce_sumint32|gather_frontint32_int32_int_1|ss_Subtractint32|ss_Subtractint32
GPUPROF 74338.100464750 74338.100479250 1 16777221 gatheruint8int32_1_0_int
GPUPROF 74338.100909500 74338.100921167 1 16777221 gatheruint8int32_1_0_int
GPUPROF 74338.101815000 74338.105142000 15 54983172 nvfp4_quantize_bfloat16_t_gs_16_b_4|nvfp4_quantize_bfloat16_t_gs_16_b_4|nvfp4_quantize_bfloat16_t_gs_16_b_4|gg1_copyuint8uint8|gg1_copyuint8uint8|gg1_copyuint8uint8|row_reduce_simple_minuint8|row_reduce_simple_maxuint8|v_copyuint8int32|v_copyuint8int32|vv_Subtractint32|vs_LessEqualint32|v_copybool_int32|all_reduce_sumint32|all_reduce_sumint32
GPUPROF 74338.105573500 74338.106762750 28 59771396 v_copyuint8int32|g3_copyuint8uint8|vn_copyuint8int32|g2_Subtractint32|g2_Selectint32|vn_copyint32uint8|vsn_RightShiftuint16|vsn_BitwiseAnduint16|vsn_BitwiseAnduint16|vvn_BitwiseOruint16|vn_copyuint16uint8|vn_copyuint8int32|vs_Selectuint8|vsn_RightShiftint32|vsn_BitwiseAndint32|vsn_BitwiseAndint32|v_copyuint8int32|gg1_copyint32int32|gg1_copyint32int32|g2_Addint32|g3_copyint32int32|vs_Equaluint8|vn_copyint32uint8|g2_Selectuint8|vvn_NotEqualuint8|vn_copybool_int32|all_reduce_sumint32|all_reduce_sumint32
GPUPROF 74338.107719375 74338.110357167 6 44073093 nvfp4_quantize_bfloat16_t_gs_16_b_4|row_reduce_small_1_reduce_minuint8|g2_Subtractuint8|all_reduce_maxuint8|all_reduce_maxuint8|v_copyuint8int32
GPUPROF 74338.111130000 74338.112177375 63 73695748 vsn_RightShiftuint32|vsn_RightShiftuint32|vsn_RightShiftuint32|vsn_BitwiseAnduint32|vsn_BitwiseAnduint32|vsn_RightShiftuint32|vsn_BitwiseAnduint32|vvn_BitwiseOruint32|vsn_BitwiseAnduint32|vvn_BitwiseOruint32|vvn_BitwiseOruint32|vn_copyuint32uint8|vsn_RightShiftuint16|vsn_RightShiftuint16|vsn_BitwiseAnduint16|vsn_BitwiseAnduint16|vsn_BitwiseAnduint16|vsn_BitwiseAnduint16|vvn_BitwiseOruint16|vvn_BitwiseOruint16|vn_copyuint16uint8|vn_copyuint16uint8|vn_copyuint8int32|vn_copyuint8int32|vsn_RightShiftint32|vsn_RightShiftint32|vsn_RightShiftint32|vsn_RightShiftint32|vsn_RightShiftint32|vsn_RightShiftint32|vsn_RightShiftint32|vsn_RightShiftint32|vsn_RightShiftint32|v_copyuint8int32|vsn_BitwiseAndint32|vsn_BitwiseAndint32|vsn_BitwiseAndint32|vsn_BitwiseAndint32|vsn_BitwiseAndint32|vsn_BitwiseAndint32|vsn_BitwiseAndint32|vsn_BitwiseAndint32|vsn_BitwiseAndint32|vsn_BitwiseAndint32|gg1_copyint32int32|gg1_copyint32int32|gg1_copyint32int32|gg1_copyint32int32|gg1_copyint32int32|gg1_copyint32int32|gg1_copyint32int32|gg1_copyint32int32|gg1_copyint32int32|gg1_copyint32int32|g2_copyint32int32|vsn_LeftShiftint32|vvn_Addint32|vvn_Addint32|vn_copyint32uint8|vvn_NotEqualuint8|vn_copybool_int32|all_reduce_sumint32|all_reduce_sumint32
GPUPROF 74338.112995125 74338.113820625 6 50332176 g1_NotEqualuint8|vn_copybool_int32|gather_frontint32_int32_int_1|all_reduce_sumint32|all_reduce_sumint32|ss_Subtractint32
GPUPROF 74338.113995750 74338.114003375 1 8388613 gatheruint8int32_1_0_int
GPUPROF 74338.118369250 74338.128006000 12 201343516 gg2_copyuint8uint8|gg2_copyuint8uint8|gatheruint8int32_1_1_int|g3_copyuint8uint8|g1_NotEqualuint8|vn_copybool_int32|gather_frontint32_int32_int_1|all_reduce_sumint32|all_reduce_sumint32|gather_frontint32_int32_int_1|ss_Subtractint32|ss_Subtractint32
GPUPROF 74338.128453125 74338.128465292 1 16777221 gatheruint8int32_1_0_int
GPUPROF 74338.128880625 74338.128892292 1 16777221 gatheruint8int32_1_0_int
GPUPROF 74338.129779250 74338.132434417 15 43934212 nvfp4_quantize_bfloat16_t_gs_16_b_4|nvfp4_quantize_bfloat16_t_gs_16_b_4|nvfp4_quantize_bfloat16_t_gs_16_b_4|gg1_copyuint8uint8|gg1_copyuint8uint8|gg1_copyuint8uint8|row_reduce_simple_minuint8|row_reduce_simple_maxuint8|v_copyuint8int32|v_copyuint8int32|vv_Subtractint32|vs_LessEqualint32|v_copybool_int32|all_reduce_sumint32|all_reduce_sumint32
GPUPROF 74338.132754000 74338.133519375 28 47817220 v_copyuint8int32|g3_copyuint8uint8|vn_copyuint8int32|g2_Subtractint32|g2_Selectint32|vn_copyint32uint8|vsn_RightShiftuint16|vsn_BitwiseAnduint16|vsn_BitwiseAnduint16|vvn_BitwiseOruint16|vn_copyuint16uint8|vn_copyuint8int32|vs_Selectuint8|vsn_RightShiftint32|vsn_BitwiseAndint32|vsn_BitwiseAndint32|v_copyuint8int32|gg1_copyint32int32|gg1_copyint32int32|g2_Addint32|g3_copyint32int32|vs_Equaluint8|vn_copyint32uint8|g2_Selectuint8|vvn_NotEqualuint8|vn_copybool_int32|all_reduce_sumint32|all_reduce_sumint32
GPUPROF 74338.134052875 74338.136071375 6 33054853 nvfp4_quantize_bfloat16_t_gs_16_b_4|row_reduce_small_1_reduce_minuint8|g2_Subtractuint8|all_reduce_maxuint8|all_reduce_maxuint8|v_copyuint8int32
GPUPROF 74338.136598417 74338.137525917 63 55271940 vsn_RightShiftuint32|vsn_RightShiftuint32|vsn_RightShiftuint32|vsn_BitwiseAnduint32|vsn_BitwiseAnduint32|vsn_RightShiftuint32|vsn_BitwiseAnduint32|vvn_BitwiseOruint32|vsn_BitwiseAnduint32|vvn_BitwiseOruint32|vvn_BitwiseOruint32|vn_copyuint32uint8|vsn_RightShiftuint16|vsn_RightShiftuint16|vsn_BitwiseAnduint16|vsn_BitwiseAnduint16|vsn_BitwiseAnduint16|vsn_BitwiseAnduint16|vvn_BitwiseOruint16|vvn_BitwiseOruint16|vn_copyuint16uint8|vn_copyuint16uint8|vn_copyuint8int32|vn_copyuint8int32|vsn_RightShiftint32|vsn_RightShiftint32|vsn_RightShiftint32|vsn_RightShiftint32|vsn_RightShiftint32|vsn_RightShiftint32|vsn_RightShiftint32|vsn_RightShiftint32|vsn_RightShiftint32|v_copyuint8int32|vsn_BitwiseAndint32|vsn_BitwiseAndint32|vsn_BitwiseAndint32|vsn_BitwiseAndint32|vsn_BitwiseAndint32|vsn_BitwiseAndint32|vsn_BitwiseAndint32|vsn_BitwiseAndint32|vsn_BitwiseAndint32|vsn_BitwiseAndint32|gg1_copyint32int32|gg1_copyint32int32|gg1_copyint32int32|gg1_copyint32int32|gg1_copyint32int32|gg1_copyint32int32|gg1_copyint32int32|gg1_copyint32int32|gg1_copyint32int32|gg1_copyint32int32|g2_copyint32int32|vsn_LeftShiftint32|vvn_Addint32|vvn_Addint32|vn_copyint32uint8|vvn_NotEqualuint8|vn_copybool_int32|all_reduce_sumint32|all_reduce_sumint32
GPUPROF 74338.137987917 74338.138985917 6 50332176 g1_NotEqualuint8|vn_copybool_int32|gather_frontint32_int32_int_1|all_reduce_sumint32|all_reduce_sumint32|ss_Subtractint32
GPUPROF 74338.139480125 74338.139496542 1 8388613 gatheruint8int32_1_0_int
GPUPROF 74338.145978917 74338.155550875 12 201343516 gg2_copyuint8uint8|gg2_copyuint8uint8|gatheruint8int32_1_1_int|g3_copyuint8uint8|g1_NotEqualuint8|vn_copybool_int32|gather_frontint32_int32_int_1|all_reduce_sumint32|all_reduce_sumint32|gather_frontint32_int32_int_1|ss_Subtractint32|ss_Subtractint32
GPUPROF 74338.155797167 74338.155806000 1 16777221 gatheruint8int32_1_0_int
GPUPROF 74338.155954875 74338.155963250 1 16777221 gatheruint8int32_1_0_int
GPUPROF 74338.156508250 74338.159831250 15 54983172 nvfp4_quantize_bfloat16_t_gs_16_b_4|nvfp4_quantize_bfloat16_t_gs_16_b_4|nvfp4_quantize_bfloat16_t_gs_16_b_4|gg1_copyuint8uint8|gg1_copyuint8uint8|gg1_copyuint8uint8|row_reduce_simple_minuint8|row_reduce_simple_maxuint8|v_copyuint8int32|v_copyuint8int32|vv_Subtractint32|vs_LessEqualint32|v_copybool_int32|all_reduce_sumint32|all_reduce_sumint32
GPUPROF 74338.160534542 74338.161789000 28 59771396 v_copyuint8int32|g3_copyuint8uint8|vn_copyuint8int32|g2_Subtractint32|g2_Selectint32|vn_copyint32uint8|vsn_RightShiftuint16|vsn_BitwiseAnduint16|vsn_BitwiseAnduint16|vvn_BitwiseOruint16|vn_copyuint16uint8|vn_copyuint8int32|vs_Selectuint8|vsn_RightShiftint32|vsn_BitwiseAndint32|vsn_BitwiseAndint32|v_copyuint8int32|gg1_copyint32int32|gg1_copyint32int32|g2_Addint32|g3_copyint32int32|vs_Equaluint8|vn_copyint32uint8|g2_Selectuint8|vvn_NotEqualuint8|vn_copybool_int32|all_reduce_sumint32|all_reduce_sumint32
GPUPROF 74338.162459167 74338.165113667 6 44073093 nvfp4_quantize_bfloat16_t_gs_16_b_4|row_reduce_small_1_reduce_minuint8|g2_Subtractuint8|all_reduce_maxuint8|all_reduce_maxuint8|v_copyuint8int32
GPUPROF 74338.166019625 74338.167053000 63 73695748 vsn_RightShiftuint32|vsn_RightShiftuint32|vsn_RightShiftuint32|vsn_BitwiseAnduint32|vsn_BitwiseAnduint32|vsn_RightShiftuint32|vsn_BitwiseAnduint32|vvn_BitwiseOruint32|vsn_BitwiseAnduint32|vvn_BitwiseOruint32|vvn_BitwiseOruint32|vn_copyuint32uint8|vsn_RightShiftuint16|vsn_RightShiftuint16|vsn_BitwiseAnduint16|vsn_BitwiseAnduint16|vsn_BitwiseAnduint16|vsn_BitwiseAnduint16|vvn_BitwiseOruint16|vvn_BitwiseOruint16|vn_copyuint16uint8|vn_copyuint16uint8|vn_copyuint8int32|vn_copyuint8int32|vsn_RightShiftint32|vsn_RightShiftint32|vsn_RightShiftint32|vsn_RightShiftint32|vsn_RightShiftint32|vsn_RightShiftint32|vsn_RightShiftint32|vsn_RightShiftint32|vsn_RightShiftint32|v_copyuint8int32|vsn_BitwiseAndint32|vsn_BitwiseAndint32|vsn_BitwiseAndint32|vsn_BitwiseAndint32|vsn_BitwiseAndint32|vsn_BitwiseAndint32|vsn_BitwiseAndint32|vsn_BitwiseAndint32|vsn_BitwiseAndint32|vsn_BitwiseAndint32|gg1_copyint32int32|gg1_copyint32int32|gg1_copyint32int32|gg1_copyint32int32|gg1_copyint32int32|gg1_copyint32int32|gg1_copyint32int32|gg1_copyint32int32|gg1_copyint32int32|gg1_copyint32int32|g2_copyint32int32|vsn_LeftShiftint32|vvn_Addint32|vvn_Addint32|vn_copyint32uint8|vvn_NotEqualuint8|vn_copybool_int32|all_reduce_sumint32|all_reduce_sumint32
GPUPROF 74338.167629750 74338.168455375 6 50332176 g1_NotEqualuint8|vn_copybool_int32|gather_frontint32_int32_int_1|all_reduce_sumint32|all_reduce_sumint32|ss_Subtractint32
GPUPROF 74338.168901167 74338.168913625 1 8388613 gatheruint8int32_1_0_int
GPUPROF 74338.172159750 74338.181516625 12 201343516 gg2_copyuint8uint8|gg2_copyuint8uint8|gatheruint8int32_1_1_int|g3_copyuint8uint8|g1_NotEqualuint8|vn_copybool_int32|gather_frontint32_int32_int_1|all_reduce_sumint32|all_reduce_sumint32|gather_frontint32_int32_int_1|ss_Subtractint32|ss_Subtractint32
GPUPROF 74338.181745625 74338.181754542 1 16777221 gatheruint8int32_1_0_int
GPUPROF 74338.181908375 74338.181916542 1 16777221 gatheruint8int32_1_0_int
GPUPROF 74338.182524667 74338.185850750 15 54983172 nvfp4_quantize_bfloat16_t_gs_16_b_4|nvfp4_quantize_bfloat16_t_gs_16_b_4|nvfp4_quantize_bfloat16_t_gs_16_b_4|gg1_copyuint8uint8|gg1_copyuint8uint8|gg1_copyuint8uint8|row_reduce_simple_minuint8|row_reduce_simple_maxuint8|v_copyuint8int32|v_copyuint8int32|vv_Subtractint32|vs_LessEqualint32|v_copybool_int32|all_reduce_sumint32|all_reduce_sumint32
GPUPROF 74338.186300750 74338.187463917 28 59771396 v_copyuint8int32|g3_copyuint8uint8|vn_copyuint8int32|g2_Subtractint32|g2_Selectint32|vn_copyint32uint8|vsn_RightShiftuint16|vsn_BitwiseAnduint16|vsn_BitwiseAnduint16|vvn_BitwiseOruint16|vn_copyuint16uint8|vn_copyuint8int32|vs_Selectuint8|vsn_RightShiftint32|vsn_BitwiseAndint32|vsn_BitwiseAndint32|v_copyuint8int32|gg1_copyint32int32|gg1_copyint32int32|g2_Addint32|g3_copyint32int32|vs_Equaluint8|vn_copyint32uint8|g2_Selectuint8|vvn_NotEqualuint8|vn_copybool_int32|all_reduce_sumint32|all_reduce_sumint32
GPUPROF 74338.188130250 74338.190764917 6 44073093 nvfp4_quantize_bfloat16_t_gs_16_b_4|row_reduce_small_1_reduce_minuint8|g2_Subtractuint8|all_reduce_maxuint8|all_reduce_maxuint8|v_copyuint8int32
GPUPROF 74338.191587750 74338.192612042 63 73695748 vsn_RightShiftuint32|vsn_RightShiftuint32|vsn_RightShiftuint32|vsn_BitwiseAnduint32|vsn_BitwiseAnduint32|vsn_RightShiftuint32|vsn_BitwiseAnduint32|vvn_BitwiseOruint32|vsn_BitwiseAnduint32|vvn_BitwiseOruint32|vvn_BitwiseOruint32|vn_copyuint32uint8|vsn_RightShiftuint16|vsn_RightShiftuint16|vsn_BitwiseAnduint16|vsn_BitwiseAnduint16|vsn_BitwiseAnduint16|vsn_BitwiseAnduint16|vvn_BitwiseOruint16|vvn_BitwiseOruint16|vn_copyuint16uint8|vn_copyuint16uint8|vn_copyuint8int32|vn_copyuint8int32|vsn_RightShiftint32|vsn_RightShiftint32|vsn_RightShiftint32|vsn_RightShiftint32|vsn_RightShiftint32|vsn_RightShiftint32|vsn_RightShiftint32|vsn_RightShiftint32|vsn_RightShiftint32|v_copyuint8int32|vsn_BitwiseAndint32|vsn_BitwiseAndint32|vsn_BitwiseAndint32|vsn_BitwiseAndint32|vsn_BitwiseAndint32|vsn_BitwiseAndint32|vsn_BitwiseAndint32|vsn_BitwiseAndint32|vsn_BitwiseAndint32|vsn_BitwiseAndint32|gg1_copyint32int32|gg1_copyint32int32|gg1_copyint32int32|gg1_copyint32int32|gg1_copyint32int32|gg1_copyint32int32|gg1_copyint32int32|gg1_copyint32int32|gg1_copyint32int32|gg1_copyint32int32|g2_copyint32int32|vsn_LeftShiftint32|vvn_Addint32|vvn_Addint32|vn_copyint32uint8|vvn_NotEqualuint8|vn_copybool_int32|all_reduce_sumint32|all_reduce_sumint32
GPUPROF 74338.193500875 74338.194333500 6 50332176 g1_NotEqualuint8|vn_copybool_int32|gather_frontint32_int32_int_1|all_reduce_sumint32|all_reduce_sumint32|ss_Subtractint32
GPUPROF 74338.194503125 74338.194511125 1 8388613 gatheruint8int32_1_0_int
GPUPROF 74338.202180917 74338.211726500 12 201343516 gg2_copyuint8uint8|gg2_copyuint8uint8|gatheruint8int32_1_1_int|g3_copyuint8uint8|g1_NotEqualuint8|vn_copybool_int32|gather_frontint32_int32_int_1|all_reduce_sumint32|all_reduce_sumint32|gather_frontint32_int32_int_1|ss_Subtractint32|ss_Subtractint32
GPUPROF 74338.211982250 74338.211990625 1 16777221 gatheruint8int32_1_0_int
GPUPROF 74338.212162042 74338.212170167 1 16777221 gatheruint8int32_1_0_int
GPUPROF 74338.212792375 74338.216050875 15 54983172 nvfp4_quantize_bfloat16_t_gs_16_b_4|nvfp4_quantize_bfloat16_t_gs_16_b_4|nvfp4_quantize_bfloat16_t_gs_16_b_4|gg1_copyuint8uint8|gg1_copyuint8uint8|gg1_copyuint8uint8|row_reduce_simple_minuint8|row_reduce_simple_maxuint8|v_copyuint8int32|v_copyuint8int32|vv_Subtractint32|vs_LessEqualint32|v_copybool_int32|all_reduce_sumint32|all_reduce_sumint32
GPUPROF 74338.216497625 74338.217419167 28 59771396 v_copyuint8int32|g3_copyuint8uint8|vn_copyuint8int32|g2_Subtractint32|g2_Selectint32|vn_copyint32uint8|vsn_RightShiftuint16|vsn_BitwiseAnduint16|vsn_BitwiseAnduint16|vvn_BitwiseOruint16|vn_copyuint16uint8|vn_copyuint8int32|vs_Selectuint8|vsn_RightShiftint32|vsn_BitwiseAndint32|vsn_BitwiseAndint32|v_copyuint8int32|gg1_copyint32int32|gg1_copyint32int32|g2_Addint32|g3_copyint32int32|vs_Equaluint8|vn_copyint32uint8|g2_Selectuint8|vvn_NotEqualuint8|vn_copybool_int32|all_reduce_sumint32|all_reduce_sumint32
GPUPROF 74338.218126042 74338.219604917 6 44073093 nvfp4_quantize_bfloat16_t_gs_16_b_4|row_reduce_small_1_reduce_minuint8|g2_Subtractuint8|all_reduce_maxuint8|all_reduce_maxuint8|v_copyuint8int32
GPUPROF 74338.220194625 74338.220704792 63 73695748 vsn_RightShiftuint32|vsn_RightShiftuint32|vsn_RightShiftuint32|vsn_BitwiseAnduint32|vsn_BitwiseAnduint32|vsn_RightShiftuint32|vsn_BitwiseAnduint32|vvn_BitwiseOruint32|vsn_BitwiseAnduint32|vvn_BitwiseOruint32|vvn_BitwiseOruint32|vn_copyuint32uint8|vsn_RightShiftuint16|vsn_RightShiftuint16|vsn_BitwiseAnduint16|vsn_BitwiseAnduint16|vsn_BitwiseAnduint16|vsn_BitwiseAnduint16|vvn_BitwiseOruint16|vvn_BitwiseOruint16|vn_copyuint16uint8|vn_copyuint16uint8|vn_copyuint8int32|vn_copyuint8int32|vsn_RightShiftint32|vsn_RightShiftint32|vsn_RightShiftint32|vsn_RightShiftint32|vsn_RightShiftint32|vsn_RightShiftint32|vsn_RightShiftint32|vsn_RightShiftint32|vsn_RightShiftint32|v_copyuint8int32|vsn_BitwiseAndint32|vsn_BitwiseAndint32|vsn_BitwiseAndint32|vsn_BitwiseAndint32|vsn_BitwiseAndint32|vsn_BitwiseAndint32|vsn_BitwiseAndint32|vsn_BitwiseAndint32|vsn_BitwiseAndint32|vsn_BitwiseAndint32|gg1_copyint32int32|gg1_copyint32int32|gg1_copyint32int32|gg1_copyint32int32|gg1_copyint32int32|gg1_copyint32int32|gg1_copyint32int32|gg1_copyint32int32|gg1_copyint32int32|gg1_copyint32int32|g2_copyint32int32|vsn_LeftShiftint32|vvn_Addint32|vvn_Addint32|vn_copyint32uint8|vvn_NotEqualuint8|vn_copybool_int32|all_reduce_sumint32|all_reduce_sumint32
GPUPROF 74338.221306667 74338.221755875 6 50332176 g1_NotEqualuint8|vn_copybool_int32|gather_frontint32_int32_int_1|all_reduce_sumint32|all_reduce_sumint32|ss_Subtractint32
GPUPROF 74338.221924375 74338.221928250 1 8388613 gatheruint8int32_1_0_int
GPUPROF 74338.227713417 74338.231210750 12 201343516 gg2_copyuint8uint8|gg2_copyuint8uint8|gatheruint8int32_1_1_int|g3_copyuint8uint8|g1_NotEqualuint8|vn_copybool_int32|gather_frontint32_int32_int_1|all_reduce_sumint32|all_reduce_sumint32|gather_frontint32_int32_int_1|ss_Subtractint32|ss_Subtractint32
GPUPROF 74338.231375250 74338.231379125 1 16777221 gatheruint8int32_1_0_int
GPUPROF 74338.231527625 74338.231530750 1 16777221 gatheruint8int32_1_0_int
GPUPROF 74338.232290750 74338.233147167 15 43934212 nvfp4_quantize_bfloat16_t_gs_16_b_4|nvfp4_quantize_bfloat16_t_gs_16_b_4|nvfp4_quantize_bfloat16_t_gs_16_b_4|gg1_copyuint8uint8|gg1_copyuint8uint8|gg1_copyuint8uint8|row_reduce_simple_minuint8|row_reduce_simple_maxuint8|v_copyuint8int32|v_copyuint8int32|vv_Subtractint32|vs_LessEqualint32|v_copybool_int32|all_reduce_sumint32|all_reduce_sumint32
GPUPROF 74338.233460625 74338.233753250 28 47817220 v_copyuint8int32|g3_copyuint8uint8|vn_copyuint8int32|g2_Subtractint32|g2_Selectint32|vn_copyint32uint8|vsn_RightShiftuint16|vsn_BitwiseAnduint16|vsn_BitwiseAnduint16|vvn_BitwiseOruint16|vn_copyuint16uint8|vn_copyuint8int32|vs_Selectuint8|vsn_RightShiftint32|vsn_BitwiseAndint32|vsn_BitwiseAndint32|v_copyuint8int32|gg1_copyint32int32|gg1_copyint32int32|g2_Addint32|g3_copyint32int32|vs_Equaluint8|vn_copyint32uint8|g2_Selectuint8|vvn_NotEqualuint8|vn_copybool_int32|all_reduce_sumint32|all_reduce_sumint32
GPUPROF 74338.234356875 74338.235008042 6 33054853 nvfp4_quantize_bfloat16_t_gs_16_b_4|row_reduce_small_1_reduce_minuint8|g2_Subtractuint8|all_reduce_maxuint8|all_reduce_maxuint8|v_copyuint8int32
GPUPROF 74338.235816875 74338.236307125 63 55271940 vsn_RightShiftuint32|vsn_RightShiftuint32|vsn_RightShiftuint32|vsn_BitwiseAnduint32|vsn_BitwiseAnduint32|vsn_RightShiftuint32|vsn_BitwiseAnduint32|vvn_BitwiseOruint32|vsn_BitwiseAnduint32|vvn_BitwiseOruint32|vvn_BitwiseOruint32|vn_copyuint32uint8|vsn_RightShiftuint16|vsn_RightShiftuint16|vsn_BitwiseAnduint16|vsn_BitwiseAnduint16|vsn_BitwiseAnduint16|vsn_BitwiseAnduint16|vvn_BitwiseOruint16|vvn_BitwiseOruint16|vn_copyuint16uint8|vn_copyuint16uint8|vn_copyuint8int32|vn_copyuint8int32|vsn_RightShiftint32|vsn_RightShiftint32|vsn_RightShiftint32|vsn_RightShiftint32|vsn_RightShiftint32|vsn_RightShiftint32|vsn_RightShiftint32|vsn_RightShiftint32|vsn_RightShiftint32|v_copyuint8int32|vsn_BitwiseAndint32|vsn_BitwiseAndint32|vsn_BitwiseAndint32|vsn_BitwiseAndint32|vsn_BitwiseAndint32|vsn_BitwiseAndint32|vsn_BitwiseAndint32|vsn_BitwiseAndint32|vsn_BitwiseAndint32|vsn_BitwiseAndint32|gg1_copyint32int32|gg1_copyint32int32|gg1_copyint32int32|gg1_copyint32int32|gg1_copyint32int32|gg1_copyint32int32|gg1_copyint32int32|gg1_copyint32int32|gg1_copyint32int32|gg1_copyint32int32|g2_copyint32int32|vsn_LeftShiftint32|vvn_Addint32|vvn_Addint32|vn_copyint32uint8|vvn_NotEqualuint8|vn_copybool_int32|all_reduce_sumint32|all_reduce_sumint32
GPUPROF 74338.236901917 74338.237414375 6 50332176 g1_NotEqualuint8|vn_copybool_int32|gather_frontint32_int32_int_1|all_reduce_sumint32|all_reduce_sumint32|ss_Subtractint32
GPUPROF 74338.237621000 74338.237625125 1 8388613 gatheruint8int32_1_0_int
GPUPROF 74338.239478917 74338.243886000 12 201343516 gg2_copyuint8uint8|gg2_copyuint8uint8|gatheruint8int32_1_1_int|g3_copyuint8uint8|g1_NotEqualuint8|vn_copybool_int32|gather_frontint32_int32_int_1|all_reduce_sumint32|all_reduce_sumint32|gather_frontint32_int32_int_1|ss_Subtractint32|ss_Subtractint32
GPUPROF 74338.244104375 74338.244108792 1 16777221 gatheruint8int32_1_0_int
GPUPROF 74338.244326292 74338.244330625 1 16777221 gatheruint8int32_1_0_int
GPUPROF 74338.244860167 74338.245945667 15 54983172 nvfp4_quantize_bfloat16_t_gs_16_b_4|nvfp4_quantize_bfloat16_t_gs_16_b_4|nvfp4_quantize_bfloat16_t_gs_16_b_4|gg1_copyuint8uint8|gg1_copyuint8uint8|gg1_copyuint8uint8|row_reduce_simple_minuint8|row_reduce_simple_maxuint8|v_copyuint8int32|v_copyuint8int32|vv_Subtractint32|vs_LessEqualint32|v_copybool_int32|all_reduce_sumint32|all_reduce_sumint32
GPUPROF 74338.246332917 74338.246845000 28 59771396 v_copyuint8int32|g3_copyuint8uint8|vn_copyuint8int32|g2_Subtractint32|g2_Selectint32|vn_copyint32uint8|vsn_RightShiftuint16|vsn_BitwiseAnduint16|vsn_BitwiseAnduint16|vvn_BitwiseOruint16|vn_copyuint16uint8|vn_copyuint8int32|vs_Selectuint8|vsn_RightShiftint32|vsn_BitwiseAndint32|vsn_BitwiseAndint32|v_copyuint8int32|gg1_copyint32int32|gg1_copyint32int32|g2_Addint32|g3_copyint32int32|vs_Equaluint8|vn_copyint32uint8|g2_Selectuint8|vvn_NotEqualuint8|vn_copybool_int32|all_reduce_sumint32|all_reduce_sumint32
GPUPROF 74338.247497250 74338.248353000 6 44073093 nvfp4_quantize_bfloat16_t_gs_16_b_4|row_reduce_small_1_reduce_minuint8|g2_Subtractuint8|all_reduce_maxuint8|all_reduce_maxuint8|v_copyuint8int32
GPUPROF 74338.248995750 74338.249569250 63 73695748 vsn_RightShiftuint32|vsn_RightShiftuint32|vsn_RightShiftuint32|vsn_BitwiseAnduint32|vsn_BitwiseAnduint32|vsn_RightShiftuint32|vsn_BitwiseAnduint32|vvn_BitwiseOruint32|vsn_BitwiseAnduint32|vvn_BitwiseOruint32|vvn_BitwiseOruint32|vn_copyuint32uint8|vsn_RightShiftuint16|vsn_RightShiftuint16|vsn_BitwiseAnduint16|vsn_BitwiseAnduint16|vsn_BitwiseAnduint16|vsn_BitwiseAnduint16|vvn_BitwiseOruint16|vvn_BitwiseOruint16|vn_copyuint16uint8|vn_copyuint16uint8|vn_copyuint8int32|vn_copyuint8int32|vsn_RightShiftint32|vsn_RightShiftint32|vsn_RightShiftint32|vsn_RightShiftint32|vsn_RightShiftint32|vsn_RightShiftint32|vsn_RightShiftint32|vsn_RightShiftint32|vsn_RightShiftint32|v_copyuint8int32|vsn_BitwiseAndint32|vsn_BitwiseAndint32|vsn_BitwiseAndint32|vsn_BitwiseAndint32|vsn_BitwiseAndint32|vsn_BitwiseAndint32|vsn_BitwiseAndint32|vsn_BitwiseAndint32|vsn_BitwiseAndint32|vsn_BitwiseAndint32|gg1_copyint32int32|gg1_copyint32int32|gg1_copyint32int32|gg1_copyint32int32|gg1_copyint32int32|gg1_copyint32int32|gg1_copyint32int32|gg1_copyint32int32|gg1_copyint32int32|gg1_copyint32int32|g2_copyint32int32|vsn_LeftShiftint32|vvn_Addint32|vvn_Addint32|vn_copyint32uint8|vvn_NotEqualuint8|vn_copybool_int32|all_reduce_sumint32|all_reduce_sumint32
GPUPROF 74338.250075375 74338.250563000 6 50332176 g1_NotEqualuint8|vn_copybool_int32|gather_frontint32_int32_int_1|all_reduce_sumint32|all_reduce_sumint32|ss_Subtractint32
GPUPROF 74338.250810250 74338.250814375 1 8388613 gatheruint8int32_1_0_int
GPUPROF 74338.252334750 74338.256469292 12 201343516 gg2_copyuint8uint8|gg2_copyuint8uint8|gatheruint8int32_1_1_int|g3_copyuint8uint8|g1_NotEqualuint8|vn_copybool_int32|gather_frontint32_int32_int_1|all_reduce_sumint32|all_reduce_sumint32|gather_frontint32_int32_int_1|ss_Subtractint32|ss_Subtractint32
GPUPROF 74338.256678417 74338.256682875 1 16777221 gatheruint8int32_1_0_int
GPUPROF 74338.257197875 74338.257205875 1 16777221 gatheruint8int32_1_0_int
GPUPROF 74338.257773250 74338.259022875 15 54983172 nvfp4_quantize_bfloat16_t_gs_16_b_4|nvfp4_quantize_bfloat16_t_gs_16_b_4|nvfp4_quantize_bfloat16_t_gs_16_b_4|gg1_copyuint8uint8|gg1_copyuint8uint8|gg1_copyuint8uint8|row_reduce_simple_minuint8|row_reduce_simple_maxuint8|v_copyuint8int32|v_copyuint8int32|vv_Subtractint32|vs_LessEqualint32|v_copybool_int32|all_reduce_sumint32|all_reduce_sumint32
GPUPROF 74338.259424750 74338.260198750 28 59771396 v_copyuint8int32|g3_copyuint8uint8|vn_copyuint8int32|g2_Subtractint32|g2_Selectint32|vn_copyint32uint8|vsn_RightShiftuint16|vsn_BitwiseAnduint16|vsn_BitwiseAnduint16|vvn_BitwiseOruint16|vn_copyuint16uint8|vn_copyuint8int32|vs_Selectuint8|vsn_RightShiftint32|vsn_BitwiseAndint32|vsn_BitwiseAndint32|v_copyuint8int32|gg1_copyint32int32|gg1_copyint32int32|g2_Addint32|g3_copyint32int32|vs_Equaluint8|vn_copyint32uint8|g2_Selectuint8|vvn_NotEqualuint8|vn_copybool_int32|all_reduce_sumint32|all_reduce_sumint32
GPUPROF 74338.260796667 74338.261704292 6 44073093 nvfp4_quantize_bfloat16_t_gs_16_b_4|row_reduce_small_1_reduce_minuint8|g2_Subtractuint8|all_reduce_maxuint8|all_reduce_maxuint8|v_copyuint8int32
GPUPROF 74338.262167167 74338.262743917 63 73695748 vsn_RightShiftuint32|vsn_RightShiftuint32|vsn_RightShiftuint32|vsn_BitwiseAnduint32|vsn_BitwiseAnduint32|vsn_RightShiftuint32|vsn_BitwiseAnduint32|vvn_BitwiseOruint32|vsn_BitwiseAnduint32|vvn_BitwiseOruint32|vvn_BitwiseOruint32|vn_copyuint32uint8|vsn_RightShiftuint16|vsn_RightShiftuint16|vsn_BitwiseAnduint16|vsn_BitwiseAnduint16|vsn_BitwiseAnduint16|vsn_BitwiseAnduint16|vvn_BitwiseOruint16|vvn_BitwiseOruint16|vn_copyuint16uint8|vn_copyuint16uint8|vn_copyuint8int32|vn_copyuint8int32|vsn_RightShiftint32|vsn_RightShiftint32|vsn_RightShiftint32|vsn_RightShiftint32|vsn_RightShiftint32|vsn_RightShiftint32|vsn_RightShiftint32|vsn_RightShiftint32|vsn_RightShiftint32|v_copyuint8int32|vsn_BitwiseAndint32|vsn_BitwiseAndint32|vsn_BitwiseAndint32|vsn_BitwiseAndint32|vsn_BitwiseAndint32|vsn_BitwiseAndint32|vsn_BitwiseAndint32|vsn_BitwiseAndint32|vsn_BitwiseAndint32|vsn_BitwiseAndint32|gg1_copyint32int32|gg1_copyint32int32|gg1_copyint32int32|gg1_copyint32int32|gg1_copyint32int32|gg1_copyint32int32|gg1_copyint32int32|gg1_copyint32int32|gg1_copyint32int32|gg1_copyint32int32|g2_copyint32int32|vsn_LeftShiftint32|vvn_Addint32|vvn_Addint32|vn_copyint32uint8|vvn_NotEqualuint8|vn_copybool_int32|all_reduce_sumint32|all_reduce_sumint32
GPUPROF 74338.263202500 74338.263730250 6 50332176 g1_NotEqualuint8|vn_copybool_int32|gather_frontint32_int32_int_1|all_reduce_sumint32|all_reduce_sumint32|ss_Subtractint32
GPUPROF 74338.263983667 74338.263989500 1 8388613 gatheruint8int32_1_0_int
GPUPROF 74338.265303292 74338.268994000 12 201343516 gg2_copyuint8uint8|gg2_copyuint8uint8|gatheruint8int32_1_1_int|g3_copyuint8uint8|g1_NotEqualuint8|vn_copybool_int32|gather_frontint32_int32_int_1|all_reduce_sumint32|all_reduce_sumint32|gather_frontint32_int32_int_1|ss_Subtractint32|ss_Subtractint32
GPUPROF 74338.269197125 74338.269202000 1 16777221 gatheruint8int32_1_0_int
GPUPROF 74338.269347875 74338.269352125 1 16777221 gatheruint8int32_1_0_int
GPUPROF 74338.269919750 74338.270881000 15 54983172 nvfp4_quantize_bfloat16_t_gs_16_b_4|nvfp4_quantize_bfloat16_t_gs_16_b_4|nvfp4_quantize_bfloat16_t_gs_16_b_4|gg1_copyuint8uint8|gg1_copyuint8uint8|gg1_copyuint8uint8|row_reduce_simple_minuint8|row_reduce_simple_maxuint8|v_copyuint8int32|v_copyuint8int32|vv_Subtractint32|vs_LessEqualint32|v_copybool_int32|all_reduce_sumint32|all_reduce_sumint32
GPUPROF 74338.271198375 74338.271650042 28 59771396 v_copyuint8int32|g3_copyuint8uint8|vn_copyuint8int32|g2_Subtractint32|g2_Selectint32|vn_copyint32uint8|vsn_RightShiftuint16|vsn_BitwiseAnduint16|vsn_BitwiseAnduint16|vvn_BitwiseOruint16|vn_copyuint16uint8|vn_copyuint8int32|vs_Selectuint8|vsn_RightShiftint32|vsn_BitwiseAndint32|vsn_BitwiseAndint32|v_copyuint8int32|gg1_copyint32int32|gg1_copyint32int32|g2_Addint32|g3_copyint32int32|vs_Equaluint8|vn_copyint32uint8|g2_Selectuint8|vvn_NotEqualuint8|vn_copybool_int32|all_reduce_sumint32|all_reduce_sumint32
GPUPROF 74338.272171167 74338.272934375 6 44073093 nvfp4_quantize_bfloat16_t_gs_16_b_4|row_reduce_small_1_reduce_minuint8|g2_Subtractuint8|all_reduce_maxuint8|all_reduce_maxuint8|v_copyuint8int32
GPUPROF 74338.273389500 74338.273897750 63 73695748 vsn_RightShiftuint32|vsn_RightShiftuint32|vsn_RightShiftuint32|vsn_BitwiseAnduint32|vsn_BitwiseAnduint32|vsn_RightShiftuint32|vsn_BitwiseAnduint32|vvn_BitwiseOruint32|vsn_BitwiseAnduint32|vvn_BitwiseOruint32|vvn_BitwiseOruint32|vn_copyuint32uint8|vsn_RightShiftuint16|vsn_RightShiftuint16|vsn_BitwiseAnduint16|vsn_BitwiseAnduint16|vsn_BitwiseAnduint16|vsn_BitwiseAnduint16|vvn_BitwiseOruint16|vvn_BitwiseOruint16|vn_copyuint16uint8|vn_copyuint16uint8|vn_copyuint8int32|vn_copyuint8int32|vsn_RightShiftint32|vsn_RightShiftint32|vsn_RightShiftint32|vsn_RightShiftint32|vsn_RightShiftint32|vsn_RightShiftint32|vsn_RightShiftint32|vsn_RightShiftint32|vsn_RightShiftint32|v_copyuint8int32|vsn_BitwiseAndint32|vsn_BitwiseAndint32|vsn_BitwiseAndint32|vsn_BitwiseAndint32|vsn_BitwiseAndint32|vsn_BitwiseAndint32|vsn_BitwiseAndint32|vsn_BitwiseAndint32|vsn_BitwiseAndint32|vsn_BitwiseAndint32|gg1_copyint32int32|gg1_copyint32int32|gg1_copyint32int32|gg1_copyint32int32|gg1_copyint32int32|gg1_copyint32int32|gg1_copyint32int32|gg1_copyint32int32|gg1_copyint32int32|gg1_copyint32int32|g2_copyint32int32|vsn_LeftShiftint32|vvn_Addint32|vvn_Addint32|vn_copyint32uint8|vvn_NotEqualuint8|vn_copybool_int32|all_reduce_sumint32|all_reduce_sumint32
GPUPROF 74338.274481250 74338.275208500 6 50332176 g1_NotEqualuint8|vn_copybool_int32|gather_frontint32_int32_int_1|all_reduce_sumint32|all_reduce_sumint32|ss_Subtractint32
GPUPROF 74338.275457125 74338.275461167 1 8388613 gatheruint8int32_1_0_int
GPUPROF 74338.276773917 74338.280036750 12 201343516 gg2_copyuint8uint8|gg2_copyuint8uint8|gatheruint8int32_1_1_int|g3_copyuint8uint8|g1_NotEqualuint8|vn_copybool_int32|gather_frontint32_int32_int_1|all_reduce_sumint32|all_reduce_sumint32|gather_frontint32_int32_int_1|ss_Subtractint32|ss_Subtractint32
GPUPROF 74338.280236000 74338.280239500 1 16777221 gatheruint8int32_1_0_int
GPUPROF 74338.280386000 74338.280389417 1 16777221 gatheruint8int32_1_0_int
GPUPROF 74338.280832500 74338.281604625 15 43934212 nvfp4_quantize_bfloat16_t_gs_16_b_4|nvfp4_quantize_bfloat16_t_gs_16_b_4|nvfp4_quantize_bfloat16_t_gs_16_b_4|gg1_copyuint8uint8|gg1_copyuint8uint8|gg1_copyuint8uint8|row_reduce_simple_minuint8|row_reduce_simple_maxuint8|v_copyuint8int32|v_copyuint8int32|vv_Subtractint32|vs_LessEqualint32|v_copybool_int32|all_reduce_sumint32|all_reduce_sumint32
GPUPROF 74338.281978875 74338.282352250 28 47817220 v_copyuint8int32|g3_copyuint8uint8|vn_copyuint8int32|g2_Subtractint32|g2_Selectint32|vn_copyint32uint8|vsn_RightShiftuint16|vsn_BitwiseAnduint16|vsn_BitwiseAnduint16|vvn_BitwiseOruint16|vn_copyuint16uint8|vn_copyuint8int32|vs_Selectuint8|vsn_RightShiftint32|vsn_BitwiseAndint32|vsn_BitwiseAndint32|v_copyuint8int32|gg1_copyint32int32|gg1_copyint32int32|g2_Addint32|g3_copyint32int32|vs_Equaluint8|vn_copyint32uint8|g2_Selectuint8|vvn_NotEqualuint8|vn_copybool_int32|all_reduce_sumint32|all_reduce_sumint32
GPUPROF 74338.282766167 74338.283330917 6 33054853 nvfp4_quantize_bfloat16_t_gs_16_b_4|row_reduce_small_1_reduce_minuint8|g2_Subtractuint8|all_reduce_maxuint8|all_reduce_maxuint8|v_copyuint8int32
GPUPROF 74338.283800417 74338.284136250 63 55271940 vsn_RightShiftuint32|vsn_RightShiftuint32|vsn_RightShiftuint32|vsn_BitwiseAnduint32|vsn_BitwiseAnduint32|vsn_RightShiftuint32|vsn_BitwiseAnduint32|vvn_BitwiseOruint32|vsn_BitwiseAnduint32|vvn_BitwiseOruint32|vvn_BitwiseOruint32|vn_copyuint32uint8|vsn_RightShiftuint16|vsn_RightShiftuint16|vsn_BitwiseAnduint16|vsn_BitwiseAnduint16|vsn_BitwiseAnduint16|vsn_BitwiseAnduint16|vvn_BitwiseOruint16|vvn_BitwiseOruint16|vn_copyuint16uint8|vn_copyuint16uint8|vn_copyuint8int32|vn_copyuint8int32|vsn_RightShiftint32|vsn_RightShiftint32|vsn_RightShiftint32|vsn_RightShiftint32|vsn_RightShiftint32|vsn_RightShiftint32|vsn_RightShiftint32|vsn_RightShiftint32|vsn_RightShiftint32|v_copyuint8int32|vsn_BitwiseAndint32|vsn_BitwiseAndint32|vsn_BitwiseAndint32|vsn_BitwiseAndint32|vsn_BitwiseAndint32|vsn_BitwiseAndint32|vsn_BitwiseAndint32|vsn_BitwiseAndint32|vsn_BitwiseAndint32|vsn_BitwiseAndint32|gg1_copyint32int32|gg1_copyint32int32|gg1_copyint32int32|gg1_copyint32int32|gg1_copyint32int32|gg1_copyint32int32|gg1_copyint32int32|gg1_copyint32int32|gg1_copyint32int32|gg1_copyint32int32|g2_copyint32int32|vsn_LeftShiftint32|vvn_Addint32|vvn_Addint32|vn_copyint32uint8|vvn_NotEqualuint8|vn_copybool_int32|all_reduce_sumint32|all_reduce_sumint32
GPUPROF 74338.284431750 74338.284852125 6 50332176 g1_NotEqualuint8|vn_copybool_int32|gather_frontint32_int32_int_1|all_reduce_sumint32|all_reduce_sumint32|ss_Subtractint32
GPUPROF 74338.285002250 74338.285005792 1 8388613 gatheruint8int32_1_0_int
GPUPROF 74338.286170000 74338.289207500 12 201343516 gg2_copyuint8uint8|gg2_copyuint8uint8|gatheruint8int32_1_1_int|g3_copyuint8uint8|g1_NotEqualuint8|vn_copybool_int32|gather_frontint32_int32_int_1|all_reduce_sumint32|all_reduce_sumint32|gather_frontint32_int32_int_1|ss_Subtractint32|ss_Subtractint32
GPUPROF 74338.289404042 74338.289407667 1 16777221 gatheruint8int32_1_0_int
GPUPROF 74338.289556250 74338.289559375 1 16777221 gatheruint8int32_1_0_int
GPUPROF 74338.289959500 74338.290789042 15 54983172 nvfp4_quantize_bfloat16_t_gs_16_b_4|nvfp4_quantize_bfloat16_t_gs_16_b_4|nvfp4_quantize_bfloat16_t_gs_16_b_4|gg1_copyuint8uint8|gg1_copyuint8uint8|gg1_copyuint8uint8|row_reduce_simple_minuint8|row_reduce_simple_maxuint8|v_copyuint8int32|v_copyuint8int32|vv_Subtractint32|vs_LessEqualint32|v_copybool_int32|all_reduce_sumint32|all_reduce_sumint32
GPUPROF 74338.291084750 74338.291500375 28 59771396 v_copyuint8int32|g3_copyuint8uint8|vn_copyuint8int32|g2_Subtractint32|g2_Selectint32|vn_copyint32uint8|vsn_RightShiftuint16|vsn_BitwiseAnduint16|vsn_BitwiseAnduint16|vvn_BitwiseOruint16|vn_copyuint16uint8|vn_copyuint8int32|vs_Selectuint8|vsn_RightShiftint32|vsn_BitwiseAndint32|vsn_BitwiseAndint32|v_copyuint8int32|gg1_copyint32int32|gg1_copyint32int32|g2_Addint32|g3_copyint32int32|vs_Equaluint8|vn_copyint32uint8|g2_Selectuint8|vvn_NotEqualuint8|vn_copybool_int32|all_reduce_sumint32|all_reduce_sumint32
GPUPROF 74338.292169917 74338.292844125 6 44073093 nvfp4_quantize_bfloat16_t_gs_16_b_4|row_reduce_small_1_reduce_minuint8|g2_Subtractuint8|all_reduce_maxuint8|all_reduce_maxuint8|v_copyuint8int32
GPUPROF 74338.293393625 74338.293874750 63 73695748 vsn_RightShiftuint32|vsn_RightShiftuint32|vsn_RightShiftuint32|vsn_BitwiseAnduint32|vsn_BitwiseAnduint32|vsn_RightShiftuint32|vsn_BitwiseAnduint32|vvn_BitwiseOruint32|vsn_BitwiseAnduint32|vvn_BitwiseOruint32|vvn_BitwiseOruint32|vn_copyuint32uint8|vsn_RightShiftuint16|vsn_RightShiftuint16|vsn_BitwiseAnduint16|vsn_BitwiseAnduint16|vsn_BitwiseAnduint16|vsn_BitwiseAnduint16|vvn_BitwiseOruint16|vvn_BitwiseOruint16|vn_copyuint16uint8|vn_copyuint16uint8|vn_copyuint8int32|vn_copyuint8int32|vsn_RightShiftint32|vsn_RightShiftint32|vsn_RightShiftint32|vsn_RightShiftint32|vsn_RightShiftint32|vsn_RightShiftint32|vsn_RightShiftint32|vsn_RightShiftint32|vsn_RightShiftint32|v_copyuint8int32|vsn_BitwiseAndint32|vsn_BitwiseAndint32|vsn_BitwiseAndint32|vsn_BitwiseAndint32|vsn_BitwiseAndint32|vsn_BitwiseAndint32|vsn_BitwiseAndint32|vsn_BitwiseAndint32|vsn_BitwiseAndint32|vsn_BitwiseAndint32|gg1_copyint32int32|gg1_copyint32int32|gg1_copyint32int32|gg1_copyint32int32|gg1_copyint32int32|gg1_copyint32int32|gg1_copyint32int32|gg1_copyint32int32|gg1_copyint32int32|gg1_copyint32int32|g2_copyint32int32|vsn_LeftShiftint32|vvn_Addint32|vvn_Addint32|vn_copyint32uint8|vvn_NotEqualuint8|vn_copybool_int32|all_reduce_sumint32|all_reduce_sumint32
GPUPROF 74338.294368625 74338.294779375 6 50332176 g1_NotEqualuint8|vn_copybool_int32|gather_frontint32_int32_int_1|all_reduce_sumint32|all_reduce_sumint32|ss_Subtractint32
GPUPROF 74338.294931250 74338.294935875 1 8388613 gatheruint8int32_1_0_int
GPUPROF 74338.296042000 74338.298971292 12 201343516 gg2_copyuint8uint8|gg2_copyuint8uint8|gatheruint8int32_1_1_int|g3_copyuint8uint8|g1_NotEqualuint8|vn_copybool_int32|gather_frontint32_int32_int_1|all_reduce_sumint32|all_reduce_sumint32|gather_frontint32_int32_int_1|ss_Subtractint32|ss_Subtractint32
GPUPROF 74338.299181625 74338.299186625 1 16777221 gatheruint8int32_1_0_int
GPUPROF 74338.299326875 74338.299331500 1 16777221 gatheruint8int32_1_0_int
GPUPROF 74338.299711250 74338.300494625 15 54983172 nvfp4_quantize_bfloat16_t_gs_16_b_4|nvfp4_quantize_bfloat16_t_gs_16_b_4|nvfp4_quantize_bfloat16_t_gs_16_b_4|gg1_copyuint8uint8|gg1_copyuint8uint8|gg1_copyuint8uint8|row_reduce_simple_minuint8|row_reduce_simple_maxuint8|v_copyuint8int32|v_copyuint8int32|vv_Subtractint32|vs_LessEqualint32|v_copybool_int32|all_reduce_sumint32|all_reduce_sumint32
GPUPROF 74338.300827625 74338.301249500 28 59771396 v_copyuint8int32|g3_copyuint8uint8|vn_copyuint8int32|g2_Subtractint32|g2_Selectint32|vn_copyint32uint8|vsn_RightShiftuint16|vsn_BitwiseAnduint16|vsn_BitwiseAnduint16|vvn_BitwiseOruint16|vn_copyuint16uint8|vn_copyuint8int32|vs_Selectuint8|vsn_RightShiftint32|vsn_BitwiseAndint32|vsn_BitwiseAndint32|v_copyuint8int32|gg1_copyint32int32|gg1_copyint32int32|g2_Addint32|g3_copyint32int32|vs_Equaluint8|vn_copyint32uint8|g2_Selectuint8|vvn_NotEqualuint8|vn_copybool_int32|all_reduce_sumint32|all_reduce_sumint32
GPUPROF 74338.301818667 74338.302439042 6 44073093 nvfp4_quantize_bfloat16_t_gs_16_b_4|row_reduce_small_1_reduce_minuint8|g2_Subtractuint8|all_reduce_maxuint8|all_reduce_maxuint8|v_copyuint8int32
GPUPROF 74338.302864292 74338.303342542 63 73695748 vsn_RightShiftuint32|vsn_RightShiftuint32|vsn_RightShiftuint32|vsn_BitwiseAnduint32|vsn_BitwiseAnduint32|vsn_RightShiftuint32|vsn_BitwiseAnduint32|vvn_BitwiseOruint32|vsn_BitwiseAnduint32|vvn_BitwiseOruint32|vvn_BitwiseOruint32|vn_copyuint32uint8|vsn_RightShiftuint16|vsn_RightShiftuint16|vsn_BitwiseAnduint16|vsn_BitwiseAnduint16|vsn_BitwiseAnduint16|vsn_BitwiseAnduint16|vvn_BitwiseOruint16|vvn_BitwiseOruint16|vn_copyuint16uint8|vn_copyuint16uint8|vn_copyuint8int32|vn_copyuint8int32|vsn_RightShiftint32|vsn_RightShiftint32|vsn_RightShiftint32|vsn_RightShiftint32|vsn_RightShiftint32|vsn_RightShiftint32|vsn_RightShiftint32|vsn_RightShiftint32|vsn_RightShiftint32|v_copyuint8int32|vsn_BitwiseAndint32|vsn_BitwiseAndint32|vsn_BitwiseAndint32|vsn_BitwiseAndint32|vsn_BitwiseAndint32|vsn_BitwiseAndint32|vsn_BitwiseAndint32|vsn_BitwiseAndint32|vsn_BitwiseAndint32|vsn_BitwiseAndint32|gg1_copyint32int32|gg1_copyint32int32|gg1_copyint32int32|gg1_copyint32int32|gg1_copyint32int32|gg1_copyint32int32|gg1_copyint32int32|gg1_copyint32int32|gg1_copyint32int32|gg1_copyint32int32|g2_copyint32int32|vsn_LeftShiftint32|vvn_Addint32|vvn_Addint32|vn_copyint32uint8|vvn_NotEqualuint8|vn_copybool_int32|all_reduce_sumint32|all_reduce_sumint32
GPUPROF 74338.303845792 74338.304255167 6 50332176 g1_NotEqualuint8|vn_copybool_int32|gather_frontint32_int32_int_1|all_reduce_sumint32|all_reduce_sumint32|ss_Subtractint32
GPUPROF 74338.304401917 74338.304404875 1 8388613 gatheruint8int32_1_0_int
GPUPROF 74338.305516375 74338.308354250 12 201343516 gg2_copyuint8uint8|gg2_copyuint8uint8|gatheruint8int32_1_1_int|g3_copyuint8uint8|g1_NotEqualuint8|vn_copybool_int32|gather_frontint32_int32_int_1|all_reduce_sumint32|all_reduce_sumint32|gather_frontint32_int32_int_1|ss_Subtractint32|ss_Subtractint32
GPUPROF 74338.308555500 74338.308559125 1 16777221 gatheruint8int32_1_0_int
GPUPROF 74338.308694167 74338.308697042 1 16777221 gatheruint8int32_1_0_int
GPUPROF 74338.309080875 74338.309811542 15 54983172 nvfp4_quantize_bfloat16_t_gs_16_b_4|nvfp4_quantize_bfloat16_t_gs_16_b_4|nvfp4_quantize_bfloat16_t_gs_16_b_4|gg1_copyuint8uint8|gg1_copyuint8uint8|gg1_copyuint8uint8|row_reduce_simple_minuint8|row_reduce_simple_maxuint8|v_copyuint8int32|v_copyuint8int32|vv_Subtractint32|vs_LessEqualint32|v_copybool_int32|all_reduce_sumint32|all_reduce_sumint32
GPUPROF 74338.310215125 74338.310634000 28 59771396 v_copyuint8int32|g3_copyuint8uint8|vn_copyuint8int32|g2_Subtractint32|g2_Selectint32|vn_copyint32uint8|vsn_RightShiftuint16|vsn_BitwiseAnduint16|vsn_BitwiseAnduint16|vvn_BitwiseOruint16|vn_copyuint16uint8|vn_copyuint8int32|vs_Selectuint8|vsn_RightShiftint32|vsn_BitwiseAndint32|vsn_BitwiseAndint32|v_copyuint8int32|gg1_copyint32int32|gg1_copyint32int32|g2_Addint32|g3_copyint32int32|vs_Equaluint8|vn_copyint32uint8|g2_Selectuint8|vvn_NotEqualuint8|vn_copybool_int32|all_reduce_sumint32|all_reduce_sumint32
GPUPROF 74338.311047125 74338.311619375 6 44073093 nvfp4_quantize_bfloat16_t_gs_16_b_4|row_reduce_small_1_reduce_minuint8|g2_Subtractuint8|all_reduce_maxuint8|all_reduce_maxuint8|v_copyuint8int32
GPUPROF 74338.312033125 74338.312514542 63 73695748 vsn_RightShiftuint32|vsn_RightShiftuint32|vsn_RightShiftuint32|vsn_BitwiseAnduint32|vsn_BitwiseAnduint32|vsn_RightShiftuint32|vsn_BitwiseAnduint32|vvn_BitwiseOruint32|vsn_BitwiseAnduint32|vvn_BitwiseOruint32|vvn_BitwiseOruint32|vn_copyuint32uint8|vsn_RightShiftuint16|vsn_RightShiftuint16|vsn_BitwiseAnduint16|vsn_BitwiseAnduint16|vsn_BitwiseAnduint16|vsn_BitwiseAnduint16|vvn_BitwiseOruint16|vvn_BitwiseOruint16|vn_copyuint16uint8|vn_copyuint16uint8|vn_copyuint8int32|vn_copyuint8int32|vsn_RightShiftint32|vsn_RightShiftint32|vsn_RightShiftint32|vsn_RightShiftint32|vsn_RightShiftint32|vsn_RightShiftint32|vsn_RightShiftint32|vsn_RightShiftint32|vsn_RightShiftint32|v_copyuint8int32|vsn_BitwiseAndint32|vsn_BitwiseAndint32|vsn_BitwiseAndint32|vsn_BitwiseAndint32|vsn_BitwiseAndint32|vsn_BitwiseAndint32|vsn_BitwiseAndint32|vsn_BitwiseAndint32|vsn_BitwiseAndint32|vsn_BitwiseAndint32|gg1_copyint32int32|gg1_copyint32int32|gg1_copyint32int32|gg1_copyint32int32|gg1_copyint32int32|gg1_copyint32int32|gg1_copyint32int32|gg1_copyint32int32|gg1_copyint32int32|gg1_copyint32int32|g2_copyint32int32|vsn_LeftShiftint32|vvn_Addint32|vvn_Addint32|vn_copyint32uint8|vvn_NotEqualuint8|vn_copybool_int32|all_reduce_sumint32|all_reduce_sumint32
GPUPROF 74338.313052500 74338.313460292 6 50332176 g1_NotEqualuint8|vn_copybool_int32|gather_frontint32_int32_int_1|all_reduce_sumint32|all_reduce_sumint32|ss_Subtractint32
GPUPROF 74338.313613542 74338.313616875 1 8388613 gatheruint8int32_1_0_int
GPUPROF 74338.314745500 74338.317575167 12 201343516 gg2_copyuint8uint8|gg2_copyuint8uint8|gatheruint8int32_1_1_int|g3_copyuint8uint8|g1_NotEqualuint8|vn_copybool_int32|gather_frontint32_int32_int_1|all_reduce_sumint32|all_reduce_sumint32|gather_frontint32_int32_int_1|ss_Subtractint32|ss_Subtractint32
GPUPROF 74338.317779000 74338.317782375 1 16777221 gatheruint8int32_1_0_int
GPUPROF 74338.317918875 74338.317921750 1 16777221 gatheruint8int32_1_0_int
GPUPROF 74338.318366750 74338.318952125 15 43934212 nvfp4_quantize_bfloat16_t_gs_16_b_4|nvfp4_quantize_bfloat16_t_gs_16_b_4|nvfp4_quantize_bfloat16_t_gs_16_b_4|gg1_copyuint8uint8|gg1_copyuint8uint8|gg1_copyuint8uint8|row_reduce_simple_minuint8|row_reduce_simple_maxuint8|v_copyuint8int32|v_copyuint8int32|vv_Subtractint32|vs_LessEqualint32|v_copybool_int32|all_reduce_sumint32|all_reduce_sumint32
GPUPROF 74338.319308000 74338.319598375 28 47817220 v_copyuint8int32|g3_copyuint8uint8|vn_copyuint8int32|g2_Subtractint32|g2_Selectint32|vn_copyint32uint8|vsn_RightShiftuint16|vsn_BitwiseAnduint16|vsn_BitwiseAnduint16|vvn_BitwiseOruint16|vn_copyuint16uint8|vn_copyuint8int32|vs_Selectuint8|vsn_RightShiftint32|vsn_BitwiseAndint32|vsn_BitwiseAndint32|v_copyuint8int32|gg1_copyint32int32|gg1_copyint32int32|g2_Addint32|g3_copyint32int32|vs_Equaluint8|vn_copyint32uint8|g2_Selectuint8|vvn_NotEqualuint8|vn_copybool_int32|all_reduce_sumint32|all_reduce_sumint32
GPUPROF 74338.319983542 74338.320417500 6 33054853 nvfp4_quantize_bfloat16_t_gs_16_b_4|row_reduce_small_1_reduce_minuint8|g2_Subtractuint8|all_reduce_maxuint8|all_reduce_maxuint8|v_copyuint8int32
GPUPROF 74338.320844750 74338.321107042 63 55271940 vsn_RightShiftuint32|vsn_RightShiftuint32|vsn_RightShiftuint32|vsn_BitwiseAnduint32|vsn_BitwiseAnduint32|vsn_RightShiftuint32|vsn_BitwiseAnduint32|vvn_BitwiseOruint32|vsn_BitwiseAnduint32|vvn_BitwiseOruint32|vvn_BitwiseOruint32|vn_copyuint32uint8|vsn_RightShiftuint16|vsn_RightShiftuint16|vsn_BitwiseAnduint16|vsn_BitwiseAnduint16|vsn_BitwiseAnduint16|vsn_BitwiseAnduint16|vvn_BitwiseOruint16|vvn_BitwiseOruint16|vn_copyuint16uint8|vn_copyuint16uint8|vn_copyuint8int32|vn_copyuint8int32|vsn_RightShiftint32|vsn_RightShiftint32|vsn_RightShiftint32|vsn_RightShiftint32|vsn_RightShiftint32|vsn_RightShiftint32|vsn_RightShiftint32|vsn_RightShiftint32|vsn_RightShiftint32|v_copyuint8int32|vsn_BitwiseAndint32|vsn_BitwiseAndint32|vsn_BitwiseAndint32|vsn_BitwiseAndint32|vsn_BitwiseAndint32|vsn_BitwiseAndint32|vsn_BitwiseAndint32|vsn_BitwiseAndint32|vsn_BitwiseAndint32|vsn_BitwiseAndint32|gg1_copyint32int32|gg1_copyint32int32|gg1_copyint32int32|gg1_copyint32int32|gg1_copyint32int32|gg1_copyint32int32|gg1_copyint32int32|gg1_copyint32int32|gg1_copyint32int32|gg1_copyint32int32|g2_copyint32int32|vsn_LeftShiftint32|vvn_Addint32|vvn_Addint32|vn_copyint32uint8|vvn_NotEqualuint8|vn_copybool_int32|all_reduce_sumint32|all_reduce_sumint32
GPUPROF 74338.321379625 74338.321800792 6 50332176 g1_NotEqualuint8|vn_copybool_int32|gather_frontint32_int32_int_1|all_reduce_sumint32|all_reduce_sumint32|ss_Subtractint32
GPUPROF 74338.321949750 74338.321953000 1 8388613 gatheruint8int32_1_0_int
GPUPROF 74338.323077750 74338.325920792 12 201343516 gg2_copyuint8uint8|gg2_copyuint8uint8|gatheruint8int32_1_1_int|g3_copyuint8uint8|g1_NotEqualuint8|vn_copybool_int32|gather_frontint32_int32_int_1|all_reduce_sumint32|all_reduce_sumint32|gather_frontint32_int32_int_1|ss_Subtractint32|ss_Subtractint32
GPUPROF 74338.326126042 74338.326129750 1 16777221 gatheruint8int32_1_0_int
GPUPROF 74338.326262917 74338.326265875 1 16777221 gatheruint8int32_1_0_int
GPUPROF 74338.326632667 74338.327363292 15 54983172 nvfp4_quantize_bfloat16_t_gs_16_b_4|nvfp4_quantize_bfloat16_t_gs_16_b_4|nvfp4_quantize_bfloat16_t_gs_16_b_4|gg1_copyuint8uint8|gg1_copyuint8uint8|gg1_copyuint8uint8|row_reduce_simple_minuint8|row_reduce_simple_maxuint8|v_copyuint8int32|v_copyuint8int32|vv_Subtractint32|vs_LessEqualint32|v_copybool_int32|all_reduce_sumint32|all_reduce_sumint32
GPUPROF 74338.327763125 74338.328164042 28 59771396 v_copyuint8int32|g3_copyuint8uint8|vn_copyuint8int32|g2_Subtractint32|g2_Selectint32|vn_copyint32uint8|vsn_RightShiftuint16|vsn_BitwiseAnduint16|vsn_BitwiseAnduint16|vvn_BitwiseOruint16|vn_copyuint16uint8|vn_copyuint8int32|vs_Selectuint8|vsn_RightShiftint32|vsn_BitwiseAndint32|vsn_BitwiseAndint32|v_copyuint8int32|gg1_copyint32int32|gg1_copyint32int32|g2_Addint32|g3_copyint32int32|vs_Equaluint8|vn_copyint32uint8|g2_Selectuint8|vvn_NotEqualuint8|vn_copybool_int32|all_reduce_sumint32|all_reduce_sumint32
GPUPROF 74338.328642167 74338.329220542 6 44073093 nvfp4_quantize_bfloat16_t_gs_16_b_4|row_reduce_small_1_reduce_minuint8|g2_Subtractuint8|all_reduce_maxuint8|all_reduce_maxuint8|v_copyuint8int32
GPUPROF 74338.329830292 74338.330292500 63 73695748 vsn_RightShiftuint32|vsn_RightShiftuint32|vsn_RightShiftuint32|vsn_BitwiseAnduint32|vsn_BitwiseAnduint32|vsn_RightShiftuint32|vsn_BitwiseAnduint32|vvn_BitwiseOruint32|vsn_BitwiseAnduint32|vvn_BitwiseOruint32|vvn_BitwiseOruint32|vn_copyuint32uint8|vsn_RightShiftuint16|vsn_RightShiftuint16|vsn_BitwiseAnduint16|vsn_BitwiseAnduint16|vsn_BitwiseAnduint16|vsn_BitwiseAnduint16|vvn_BitwiseOruint16|vvn_BitwiseOruint16|vn_copyuint16uint8|vn_copyuint16uint8|vn_copyuint8int32|vn_copyuint8int32|vsn_RightShiftint32|vsn_RightShiftint32|vsn_RightShiftint32|vsn_RightShiftint32|vsn_RightShiftint32|vsn_RightShiftint32|vsn_RightShiftint32|vsn_RightShiftint32|vsn_RightShiftint32|v_copyuint8int32|vsn_BitwiseAndint32|vsn_BitwiseAndint32|vsn_BitwiseAndint32|vsn_BitwiseAndint32|vsn_BitwiseAndint32|vsn_BitwiseAndint32|vsn_BitwiseAndint32|vsn_BitwiseAndint32|vsn_BitwiseAndint32|vsn_BitwiseAndint32|gg1_copyint32int32|gg1_copyint32int32|gg1_copyint32int32|gg1_copyint32int32|gg1_copyint32int32|gg1_copyint32int32|gg1_copyint32int32|gg1_copyint32int32|gg1_copyint32int32|gg1_copyint32int32|g2_copyint32int32|vsn_LeftShiftint32|vvn_Addint32|vvn_Addint32|vn_copyint32uint8|vvn_NotEqualuint8|vn_copybool_int32|all_reduce_sumint32|all_reduce_sumint32
GPUPROF 74338.330671125 74338.331084042 6 50332176 g1_NotEqualuint8|vn_copybool_int32|gather_frontint32_int32_int_1|all_reduce_sumint32|all_reduce_sumint32|ss_Subtractint32
GPUPROF 74338.331211750 74338.331214667 1 8388613 gatheruint8int32_1_0_int
GPUPROF 74338.332370500 74338.335233917 12 201343516 gg2_copyuint8uint8|gg2_copyuint8uint8|gatheruint8int32_1_1_int|g3_copyuint8uint8|g1_NotEqualuint8|vn_copybool_int32|gather_frontint32_int32_int_1|all_reduce_sumint32|all_reduce_sumint32|gather_frontint32_int32_int_1|ss_Subtractint32|ss_Subtractint32
GPUPROF 74338.335369917 74338.335373250 1 16777221 gatheruint8int32_1_0_int
GPUPROF 74338.335497167 74338.335500375 1 16777221 gatheruint8int32_1_0_int
GPUPROF 74338.335944917 74338.336678917 15 54983172 nvfp4_quantize_bfloat16_t_gs_16_b_4|nvfp4_quantize_bfloat16_t_gs_16_b_4|nvfp4_quantize_bfloat16_t_gs_16_b_4|gg1_copyuint8uint8|gg1_copyuint8uint8|gg1_copyuint8uint8|row_reduce_simple_minuint8|row_reduce_simple_maxuint8|v_copyuint8int32|v_copyuint8int32|vv_Subtractint32|vs_LessEqualint32|v_copybool_int32|all_reduce_sumint32|all_reduce_sumint32
GPUPROF 74338.337077125 74338.337462625 28 59771396 v_copyuint8int32|g3_copyuint8uint8|vn_copyuint8int32|g2_Subtractint32|g2_Selectint32|vn_copyint32uint8|vsn_RightShiftuint16|vsn_BitwiseAnduint16|vsn_BitwiseAnduint16|vvn_BitwiseOruint16|vn_copyuint16uint8|vn_copyuint8int32|vs_Selectuint8|vsn_RightShiftint32|vsn_BitwiseAndint32|vsn_BitwiseAndint32|v_copyuint8int32|gg1_copyint32int32|gg1_copyint32int32|g2_Addint32|g3_copyint32int32|vs_Equaluint8|vn_copyint32uint8|g2_Selectuint8|vvn_NotEqualuint8|vn_copybool_int32|all_reduce_sumint32|all_reduce_sumint32
GPUPROF 74338.337900000 74338.338469625 6 44073093 nvfp4_quantize_bfloat16_t_gs_16_b_4|row_reduce_small_1_reduce_minuint8|g2_Subtractuint8|all_reduce_maxuint8|all_reduce_maxuint8|v_copyuint8int32
GPUPROF 74338.338823917 74338.339278417 63 73695748 vsn_RightShiftuint32|vsn_RightShiftuint32|vsn_RightShiftuint32|vsn_BitwiseAnduint32|vsn_BitwiseAnduint32|vsn_RightShiftuint32|vsn_BitwiseAnduint32|vvn_BitwiseOruint32|vsn_BitwiseAnduint32|vvn_BitwiseOruint32|vvn_BitwiseOruint32|vn_copyuint32uint8|vsn_RightShiftuint16|vsn_RightShiftuint16|vsn_BitwiseAnduint16|vsn_BitwiseAnduint16|vsn_BitwiseAnduint16|vsn_BitwiseAnduint16|vvn_BitwiseOruint16|vvn_BitwiseOruint16|vn_copyuint16uint8|vn_copyuint16uint8|vn_copyuint8int32|vn_copyuint8int32|vsn_RightShiftint32|vsn_RightShiftint32|vsn_RightShiftint32|vsn_RightShiftint32|vsn_RightShiftint32|vsn_RightShiftint32|vsn_RightShiftint32|vsn_RightShiftint32|vsn_RightShiftint32|v_copyuint8int32|vsn_BitwiseAndint32|vsn_BitwiseAndint32|vsn_BitwiseAndint32|vsn_BitwiseAndint32|vsn_BitwiseAndint32|vsn_BitwiseAndint32|vsn_BitwiseAndint32|vsn_BitwiseAndint32|vsn_BitwiseAndint32|vsn_BitwiseAndint32|gg1_copyint32int32|gg1_copyint32int32|gg1_copyint32int32|gg1_copyint32int32|gg1_copyint32int32|gg1_copyint32int32|gg1_copyint32int32|gg1_copyint32int32|gg1_copyint32int32|gg1_copyint32int32|g2_copyint32int32|vsn_LeftShiftint32|vvn_Addint32|vvn_Addint32|vn_copyint32uint8|vvn_NotEqualuint8|vn_copybool_int32|all_reduce_sumint32|all_reduce_sumint32
GPUPROF 74338.339671625 74338.340077250 6 50332176 g1_NotEqualuint8|vn_copybool_int32|gather_frontint32_int32_int_1|all_reduce_sumint32|all_reduce_sumint32|ss_Subtractint32
GPUPROF 74338.340207500 74338.340210792 1 8388613 gatheruint8int32_1_0_int
GPUPROF 74338.341385875 74338.344239542 12 201343516 gg2_copyuint8uint8|gg2_copyuint8uint8|gatheruint8int32_1_1_int|g3_copyuint8uint8|g1_NotEqualuint8|vn_copybool_int32|gather_frontint32_int32_int_1|all_reduce_sumint32|all_reduce_sumint32|gather_frontint32_int32_int_1|ss_Subtractint32|ss_Subtractint32
GPUPROF 74338.344365375 74338.344368500 1 16777221 gatheruint8int32_1_0_int
GPUPROF 74338.344483125 74338.344485750 1 16777221 gatheruint8int32_1_0_int
GPUPROF 74338.344857375 74338.345589167 15 54983172 nvfp4_quantize_bfloat16_t_gs_16_b_4|nvfp4_quantize_bfloat16_t_gs_16_b_4|nvfp4_quantize_bfloat16_t_gs_16_b_4|gg1_copyuint8uint8|gg1_copyuint8uint8|gg1_copyuint8uint8|row_reduce_simple_minuint8|row_reduce_simple_maxuint8|v_copyuint8int32|v_copyuint8int32|vv_Subtractint32|vs_LessEqualint32|v_copybool_int32|all_reduce_sumint32|all_reduce_sumint32
GPUPROF 74338.345872125 74338.346285375 28 59771396 v_copyuint8int32|g3_copyuint8uint8|vn_copyuint8int32|g2_Subtractint32|g2_Selectint32|vn_copyint32uint8|vsn_RightShiftuint16|vsn_BitwiseAnduint16|vsn_BitwiseAnduint16|vvn_BitwiseOruint16|vn_copyuint16uint8|vn_copyuint8int32|vs_Selectuint8|vsn_RightShiftint32|vsn_BitwiseAndint32|vsn_BitwiseAndint32|v_copyuint8int32|gg1_copyint32int32|gg1_copyint32int32|g2_Addint32|g3_copyint32int32|vs_Equaluint8|vn_copyint32uint8|g2_Selectuint8|vvn_NotEqualuint8|vn_copybool_int32|all_reduce_sumint32|all_reduce_sumint32
GPUPROF 74338.346699750 74338.347271792 6 44073093 nvfp4_quantize_bfloat16_t_gs_16_b_4|row_reduce_small_1_reduce_minuint8|g2_Subtractuint8|all_reduce_maxuint8|all_reduce_maxuint8|v_copyuint8int32
GPUPROF 74338.347714167 74338.348188667 63 73695748 vsn_RightShiftuint32|vsn_RightShiftuint32|vsn_RightShiftuint32|vsn_BitwiseAnduint32|vsn_BitwiseAnduint32|vsn_RightShiftuint32|vsn_BitwiseAnduint32|vvn_BitwiseOruint32|vsn_BitwiseAnduint32|vvn_BitwiseOruint32|vvn_BitwiseOruint32|vn_copyuint32uint8|vsn_RightShiftuint16|vsn_RightShiftuint16|vsn_BitwiseAnduint16|vsn_BitwiseAnduint16|vsn_BitwiseAnduint16|vsn_BitwiseAnduint16|vvn_BitwiseOruint16|vvn_BitwiseOruint16|vn_copyuint16uint8|vn_copyuint16uint8|vn_copyuint8int32|vn_copyuint8int32|vsn_RightShiftint32|vsn_RightShiftint32|vsn_RightShiftint32|vsn_RightShiftint32|vsn_RightShiftint32|vsn_RightShiftint32|vsn_RightShiftint32|vsn_RightShiftint32|vsn_RightShiftint32|v_copyuint8int32|vsn_BitwiseAndint32|vsn_BitwiseAndint32|vsn_BitwiseAndint32|vsn_BitwiseAndint32|vsn_BitwiseAndint32|vsn_BitwiseAndint32|vsn_BitwiseAndint32|vsn_BitwiseAndint32|vsn_BitwiseAndint32|vsn_BitwiseAndint32|gg1_copyint32int32|gg1_copyint32int32|gg1_copyint32int32|gg1_copyint32int32|gg1_copyint32int32|gg1_copyint32int32|gg1_copyint32int32|gg1_copyint32int32|gg1_copyint32int32|gg1_copyint32int32|g2_copyint32int32|vsn_LeftShiftint32|vvn_Addint32|vvn_Addint32|vn_copyint32uint8|vvn_NotEqualuint8|vn_copybool_int32|all_reduce_sumint32|all_reduce_sumint32
GPUPROF 74338.348717875 74338.349123375 6 50332176 g1_NotEqualuint8|vn_copybool_int32|gather_frontint32_int32_int_1|all_reduce_sumint32|all_reduce_sumint32|ss_Subtractint32
GPUPROF 74338.349263417 74338.349266625 1 8388613 gatheruint8int32_1_0_int
GPUPROF 74338.350444000 74338.353268667 12 201343516 gg2_copyuint8uint8|gg2_copyuint8uint8|gatheruint8int32_1_1_int|g3_copyuint8uint8|g1_NotEqualuint8|vn_copybool_int32|gather_frontint32_int32_int_1|all_reduce_sumint32|all_reduce_sumint32|gather_frontint32_int32_int_1|ss_Subtractint32|ss_Subtractint32
GPUPROF 74338.353457167 74338.353460375 1 16777221 gatheruint8int32_1_0_int
GPUPROF 74338.353568375 74338.353571125 1 16777221 gatheruint8int32_1_0_int
GPUPROF 74338.353965875 74338.354557042 15 43934212 nvfp4_quantize_bfloat16_t_gs_16_b_4|nvfp4_quantize_bfloat16_t_gs_16_b_4|nvfp4_quantize_bfloat16_t_gs_16_b_4|gg1_copyuint8uint8|gg1_copyuint8uint8|gg1_copyuint8uint8|row_reduce_simple_minuint8|row_reduce_simple_maxuint8|v_copyuint8int32|v_copyuint8int32|vv_Subtractint32|vs_LessEqualint32|v_copybool_int32|all_reduce_sumint32|all_reduce_sumint32
GPUPROF 74338.354916500 74338.355204375 28 47817220 v_copyuint8int32|g3_copyuint8uint8|vn_copyuint8int32|g2_Subtractint32|g2_Selectint32|vn_copyint32uint8|vsn_RightShiftuint16|vsn_BitwiseAnduint16|vsn_BitwiseAnduint16|vvn_BitwiseOruint16|vn_copyuint16uint8|vn_copyuint8int32|vs_Selectuint8|vsn_RightShiftint32|vsn_BitwiseAndint32|vsn_BitwiseAndint32|v_copyuint8int32|gg1_copyint32int32|gg1_copyint32int32|g2_Addint32|g3_copyint32int32|vs_Equaluint8|vn_copyint32uint8|g2_Selectuint8|vvn_NotEqualuint8|vn_copybool_int32|all_reduce_sumint32|all_reduce_sumint32
GPUPROF 74338.355566625 74338.356002250 6 33054853 nvfp4_quantize_bfloat16_t_gs_16_b_4|row_reduce_small_1_reduce_minuint8|g2_Subtractuint8|all_reduce_maxuint8|all_reduce_maxuint8|v_copyuint8int32
GPUPROF 74338.356304750 74338.356583875 63 55271940 vsn_RightShiftuint32|vsn_RightShiftuint32|vsn_RightShiftuint32|vsn_BitwiseAnduint32|vsn_BitwiseAnduint32|vsn_RightShiftuint32|vsn_BitwiseAnduint32|vvn_BitwiseOruint32|vsn_BitwiseAnduint32|vvn_BitwiseOruint32|vvn_BitwiseOruint32|vn_copyuint32uint8|vsn_RightShiftuint16|vsn_RightShiftuint16|vsn_BitwiseAnduint16|vsn_BitwiseAnduint16|vsn_BitwiseAnduint16|vsn_BitwiseAnduint16|vvn_BitwiseOruint16|vvn_BitwiseOruint16|vn_copyuint16uint8|vn_copyuint16uint8|vn_copyuint8int32|vn_copyuint8int32|vsn_RightShiftint32|vsn_RightShiftint32|vsn_RightShiftint32|vsn_RightShiftint32|vsn_RightShiftint32|vsn_RightShiftint32|vsn_RightShiftint32|vsn_RightShiftint32|vsn_RightShiftint32|v_copyuint8int32|vsn_BitwiseAndint32|vsn_BitwiseAndint32|vsn_BitwiseAndint32|vsn_BitwiseAndint32|vsn_BitwiseAndint32|vsn_BitwiseAndint32|vsn_BitwiseAndint32|vsn_BitwiseAndint32|vsn_BitwiseAndint32|vsn_BitwiseAndint32|gg1_copyint32int32|gg1_copyint32int32|gg1_copyint32int32|gg1_copyint32int32|gg1_copyint32int32|gg1_copyint32int32|gg1_copyint32int32|gg1_copyint32int32|gg1_copyint32int32|gg1_copyint32int32|g2_copyint32int32|vsn_LeftShiftint32|vvn_Addint32|vvn_Addint32|vn_copyint32uint8|vvn_NotEqualuint8|vn_copybool_int32|all_reduce_sumint32|all_reduce_sumint32
GPUPROF 74338.356873292 74338.357290875 6 50332176 g1_NotEqualuint8|vn_copybool_int32|gather_frontint32_int32_int_1|all_reduce_sumint32|all_reduce_sumint32|ss_Subtractint32
GPUPROF 74338.357444542 74338.357448000 1 8388613 gatheruint8int32_1_0_int
GPUPROF 74338.358612000 74338.361460875 12 201343516 gg2_copyuint8uint8|gg2_copyuint8uint8|gatheruint8int32_1_1_int|g3_copyuint8uint8|g1_NotEqualuint8|vn_copybool_int32|gather_frontint32_int32_int_1|all_reduce_sumint32|all_reduce_sumint32|gather_frontint32_int32_int_1|ss_Subtractint32|ss_Subtractint32
GPUPROF 74338.361654292 74338.361657917 1 16777221 gatheruint8int32_1_0_int
GPUPROF 74338.361786750 74338.361789750 1 16777221 gatheruint8int32_1_0_int
GPUPROF 74338.362179000 74338.362911375 15 54983172 nvfp4_quantize_bfloat16_t_gs_16_b_4|nvfp4_quantize_bfloat16_t_gs_16_b_4|nvfp4_quantize_bfloat16_t_gs_16_b_4|gg1_copyuint8uint8|gg1_copyuint8uint8|gg1_copyuint8uint8|row_reduce_simple_minuint8|row_reduce_simple_maxuint8|v_copyuint8int32|v_copyuint8int32|vv_Subtractint32|vs_LessEqualint32|v_copybool_int32|all_reduce_sumint32|all_reduce_sumint32
GPUPROF 74338.363239542 74338.363654375 28 59771396 v_copyuint8int32|g3_copyuint8uint8|vn_copyuint8int32|g2_Subtractint32|g2_Selectint32|vn_copyint32uint8|vsn_RightShiftuint16|vsn_BitwiseAnduint16|vsn_BitwiseAnduint16|vvn_BitwiseOruint16|vn_copyuint16uint8|vn_copyuint8int32|vs_Selectuint8|vsn_RightShiftint32|vsn_BitwiseAndint32|vsn_BitwiseAndint32|v_copyuint8int32|gg1_copyint32int32|gg1_copyint32int32|g2_Addint32|g3_copyint32int32|vs_Equaluint8|vn_copyint32uint8|g2_Selectuint8|vvn_NotEqualuint8|vn_copybool_int32|all_reduce_sumint32|all_reduce_sumint32
GPUPROF 74338.364088125 74338.364659875 6 44073093 nvfp4_quantize_bfloat16_t_gs_16_b_4|row_reduce_small_1_reduce_minuint8|g2_Subtractuint8|all_reduce_maxuint8|all_reduce_maxuint8|v_copyuint8int32
GPUPROF 74338.365086792 74338.365546792 63 73695748 vsn_RightShiftuint32|vsn_RightShiftuint32|vsn_RightShiftuint32|vsn_BitwiseAnduint32|vsn_BitwiseAnduint32|vsn_RightShiftuint32|vsn_BitwiseAnduint32|vvn_BitwiseOruint32|vsn_BitwiseAnduint32|vvn_BitwiseOruint32|vvn_BitwiseOruint32|vn_copyuint32uint8|vsn_RightShiftuint16|vsn_RightShiftuint16|vsn_BitwiseAnduint16|vsn_BitwiseAnduint16|vsn_BitwiseAnduint16|vsn_BitwiseAnduint16|vvn_BitwiseOruint16|vvn_BitwiseOruint16|vn_copyuint16uint8|vn_copyuint16uint8|vn_copyuint8int32|vn_copyuint8int32|vsn_RightShiftint32|vsn_RightShiftint32|vsn_RightShiftint32|vsn_RightShiftint32|vsn_RightShiftint32|vsn_RightShiftint32|vsn_RightShiftint32|vsn_RightShiftint32|vsn_RightShiftint32|v_copyuint8int32|vsn_BitwiseAndint32|vsn_BitwiseAndint32|vsn_BitwiseAndint32|vsn_BitwiseAndint32|vsn_BitwiseAndint32|vsn_BitwiseAndint32|vsn_BitwiseAndint32|vsn_BitwiseAndint32|vsn_BitwiseAndint32|vsn_BitwiseAndint32|gg1_copyint32int32|gg1_copyint32int32|gg1_copyint32int32|gg1_copyint32int32|gg1_copyint32int32|gg1_copyint32int32|gg1_copyint32int32|gg1_copyint32int32|gg1_copyint32int32|gg1_copyint32int32|g2_copyint32int32|vsn_LeftShiftint32|vvn_Addint32|vvn_Addint32|vn_copyint32uint8|vvn_NotEqualuint8|vn_copybool_int32|all_reduce_sumint32|all_reduce_sumint32
GPUPROF 74338.366083667 74338.366487417 6 50332176 g1_NotEqualuint8|vn_copybool_int32|gather_frontint32_int32_int_1|all_reduce_sumint32|all_reduce_sumint32|ss_Subtractint32
GPUPROF 74338.366622792 74338.366626375 1 8388613 gatheruint8int32_1_0_int
GPUPROF 74338.367790000 74338.370648792 12 201343516 gg2_copyuint8uint8|gg2_copyuint8uint8|gatheruint8int32_1_1_int|g3_copyuint8uint8|g1_NotEqualuint8|vn_copybool_int32|gather_frontint32_int32_int_1|all_reduce_sumint32|all_reduce_sumint32|gather_frontint32_int32_int_1|ss_Subtractint32|ss_Subtractint32
GPUPROF 74338.370824125 74338.370827167 1 16777221 gatheruint8int32_1_0_int
GPUPROF 74338.370983625 74338.370986750 1 16777221 gatheruint8int32_1_0_int
GPUPROF 74338.371356792 74338.372083875 15 54983172 nvfp4_quantize_bfloat16_t_gs_16_b_4|nvfp4_quantize_bfloat16_t_gs_16_b_4|nvfp4_quantize_bfloat16_t_gs_16_b_4|gg1_copyuint8uint8|gg1_copyuint8uint8|gg1_copyuint8uint8|row_reduce_simple_minuint8|row_reduce_simple_maxuint8|v_copyuint8int32|v_copyuint8int32|vv_Subtractint32|vs_LessEqualint32|v_copybool_int32|all_reduce_sumint32|all_reduce_sumint32
GPUPROF 74338.372477375 74338.372887500 28 59771396 v_copyuint8int32|g3_copyuint8uint8|vn_copyuint8int32|g2_Subtractint32|g2_Selectint32|vn_copyint32uint8|vsn_RightShiftuint16|vsn_BitwiseAnduint16|vsn_BitwiseAnduint16|vvn_BitwiseOruint16|vn_copyuint16uint8|vn_copyuint8int32|vs_Selectuint8|vsn_RightShiftint32|vsn_BitwiseAndint32|vsn_BitwiseAndint32|v_copyuint8int32|gg1_copyint32int32|gg1_copyint32int32|g2_Addint32|g3_copyint32int32|vs_Equaluint8|vn_copyint32uint8|g2_Selectuint8|vvn_NotEqualuint8|vn_copybool_int32|all_reduce_sumint32|all_reduce_sumint32
GPUPROF 74338.373309375 74338.373886500 6 44073093 nvfp4_quantize_bfloat16_t_gs_16_b_4|row_reduce_small_1_reduce_minuint8|g2_Subtractuint8|all_reduce_maxuint8|all_reduce_maxuint8|v_copyuint8int32
GPUPROF 74338.374298125 74338.374778375 63 73695748 vsn_RightShiftuint32|vsn_RightShiftuint32|vsn_RightShiftuint32|vsn_BitwiseAnduint32|vsn_BitwiseAnduint32|vsn_RightShiftuint32|vsn_BitwiseAnduint32|vvn_BitwiseOruint32|vsn_BitwiseAnduint32|vvn_BitwiseOruint32|vvn_BitwiseOruint32|vn_copyuint32uint8|vsn_RightShiftuint16|vsn_RightShiftuint16|vsn_BitwiseAnduint16|vsn_BitwiseAnduint16|vsn_BitwiseAnduint16|vsn_BitwiseAnduint16|vvn_BitwiseOruint16|vvn_BitwiseOruint16|vn_copyuint16uint8|vn_copyuint16uint8|vn_copyuint8int32|vn_copyuint8int32|vsn_RightShiftint32|vsn_RightShiftint32|vsn_RightShiftint32|vsn_RightShiftint32|vsn_RightShiftint32|vsn_RightShiftint32|vsn_RightShiftint32|vsn_RightShiftint32|vsn_RightShiftint32|v_copyuint8int32|vsn_BitwiseAndint32|vsn_BitwiseAndint32|vsn_BitwiseAndint32|vsn_BitwiseAndint32|vsn_BitwiseAndint32|vsn_BitwiseAndint32|vsn_BitwiseAndint32|vsn_BitwiseAndint32|vsn_BitwiseAndint32|vsn_BitwiseAndint32|gg1_copyint32int32|gg1_copyint32int32|gg1_copyint32int32|gg1_copyint32int32|gg1_copyint32int32|gg1_copyint32int32|gg1_copyint32int32|gg1_copyint32int32|gg1_copyint32int32|gg1_copyint32int32|g2_copyint32int32|vsn_LeftShiftint32|vvn_Addint32|vvn_Addint32|vn_copyint32uint8|vvn_NotEqualuint8|vn_copybool_int32|all_reduce_sumint32|all_reduce_sumint32
GPUPROF 74338.375276000 74338.375683875 6 50332176 g1_NotEqualuint8|vn_copybool_int32|gather_frontint32_int32_int_1|all_reduce_sumint32|all_reduce_sumint32|ss_Subtractint32
GPUPROF 74338.375812625 74338.375815625 1 8388613 gatheruint8int32_1_0_int
GPUPROF 74338.377005000 74338.379865792 12 201343516 gg2_copyuint8uint8|gg2_copyuint8uint8|gatheruint8int32_1_1_int|g3_copyuint8uint8|g1_NotEqualuint8|vn_copybool_int32|gather_frontint32_int32_int_1|all_reduce_sumint32|all_reduce_sumint32|gather_frontint32_int32_int_1|ss_Subtractint32|ss_Subtractint32
GPUPROF 74338.380065375 74338.380069167 1 16777221 gatheruint8int32_1_0_int
GPUPROF 74338.380191042 74338.380193750 1 16777221 gatheruint8int32_1_0_int
GPUPROF 74338.380585292 74338.381317500 15 54983172 nvfp4_quantize_bfloat16_t_gs_16_b_4|nvfp4_quantize_bfloat16_t_gs_16_b_4|nvfp4_quantize_bfloat16_t_gs_16_b_4|gg1_copyuint8uint8|gg1_copyuint8uint8|gg1_copyuint8uint8|row_reduce_simple_minuint8|row_reduce_simple_maxuint8|v_copyuint8int32|v_copyuint8int32|vv_Subtractint32|vs_LessEqualint32|v_copybool_int32|all_reduce_sumint32|all_reduce_sumint32
GPUPROF 74338.381638500 74338.382049875 28 59771396 v_copyuint8int32|g3_copyuint8uint8|vn_copyuint8int32|g2_Subtractint32|g2_Selectint32|vn_copyint32uint8|vsn_RightShiftuint16|vsn_BitwiseAnduint16|vsn_BitwiseAnduint16|vvn_BitwiseOruint16|vn_copyuint16uint8|vn_copyuint8int32|vs_Selectuint8|vsn_RightShiftint32|vsn_BitwiseAndint32|vsn_BitwiseAndint32|v_copyuint8int32|gg1_copyint32int32|gg1_copyint32int32|g2_Addint32|g3_copyint32int32|vs_Equaluint8|vn_copyint32uint8|g2_Selectuint8|vvn_NotEqualuint8|vn_copybool_int32|all_reduce_sumint32|all_reduce_sumint32
GPUPROF 74338.382474375 74338.383052417 6 44073093 nvfp4_quantize_bfloat16_t_gs_16_b_4|row_reduce_small_1_reduce_minuint8|g2_Subtractuint8|all_reduce_maxuint8|all_reduce_maxuint8|v_copyuint8int32
GPUPROF 74338.383525500 74338.383988750 63 73695748 vsn_RightShiftuint32|vsn_RightShiftuint32|vsn_RightShiftuint32|vsn_BitwiseAnduint32|vsn_BitwiseAnduint32|vsn_RightShiftuint32|vsn_BitwiseAnduint32|vvn_BitwiseOruint32|vsn_BitwiseAnduint32|vvn_BitwiseOruint32|vvn_BitwiseOruint32|vn_copyuint32uint8|vsn_RightShiftuint16|vsn_RightShiftuint16|vsn_BitwiseAnduint16|vsn_BitwiseAnduint16|vsn_BitwiseAnduint16|vsn_BitwiseAnduint16|vvn_BitwiseOruint16|vvn_BitwiseOruint16|vn_copyuint16uint8|vn_copyuint16uint8|vn_copyuint8int32|vn_copyuint8int32|vsn_RightShiftint32|vsn_RightShiftint32|vsn_RightShiftint32|vsn_RightShiftint32|vsn_RightShiftint32|vsn_RightShiftint32|vsn_RightShiftint32|vsn_RightShiftint32|vsn_RightShiftint32|v_copyuint8int32|vsn_BitwiseAndint32|vsn_BitwiseAndint32|vsn_BitwiseAndint32|vsn_BitwiseAndint32|vsn_BitwiseAndint32|vsn_BitwiseAndint32|vsn_BitwiseAndint32|vsn_BitwiseAndint32|vsn_BitwiseAndint32|vsn_BitwiseAndint32|gg1_copyint32int32|gg1_copyint32int32|gg1_copyint32int32|gg1_copyint32int32|gg1_copyint32int32|gg1_copyint32int32|gg1_copyint32int32|gg1_copyint32int32|gg1_copyint32int32|gg1_copyint32int32|g2_copyint32int32|vsn_LeftShiftint32|vvn_Addint32|vvn_Addint32|vn_copyint32uint8|vvn_NotEqualuint8|vn_copybool_int32|all_reduce_sumint32|all_reduce_sumint32
GPUPROF 74338.384500292 74338.384909292 6 50332176 g1_NotEqualuint8|vn_copybool_int32|gather_frontint32_int32_int_1|all_reduce_sumint32|all_reduce_sumint32|ss_Subtractint32
GPUPROF 74338.385049375 74338.385052625 1 8388613 gatheruint8int32_1_0_int
GPUPROF 74338.386225625 74338.389070250 12 201343516 gg2_copyuint8uint8|gg2_copyuint8uint8|gatheruint8int32_1_1_int|g3_copyuint8uint8|g1_NotEqualuint8|vn_copybool_int32|gather_frontint32_int32_int_1|all_reduce_sumint32|all_reduce_sumint32|gather_frontint32_int32_int_1|ss_Subtractint32|ss_Subtractint32
GPUPROF 74338.389268000 74338.389271500 1 16777221 gatheruint8int32_1_0_int
GPUPROF 74338.389397417 74338.389400250 1 16777221 gatheruint8int32_1_0_int
GPUPROF 74338.389817125 74338.390403625 15 43934212 nvfp4_quantize_bfloat16_t_gs_16_b_4|nvfp4_quantize_bfloat16_t_gs_16_b_4|nvfp4_quantize_bfloat16_t_gs_16_b_4|gg1_copyuint8uint8|gg1_copyuint8uint8|gg1_copyuint8uint8|row_reduce_simple_minuint8|row_reduce_simple_maxuint8|v_copyuint8int32|v_copyuint8int32|vv_Subtractint32|vs_LessEqualint32|v_copybool_int32|all_reduce_sumint32|all_reduce_sumint32
GPUPROF 74338.390618625 74338.390906375 28 47817220 v_copyuint8int32|g3_copyuint8uint8|vn_copyuint8int32|g2_Subtractint32|g2_Selectint32|vn_copyint32uint8|vsn_RightShiftuint16|vsn_BitwiseAnduint16|vsn_BitwiseAnduint16|vvn_BitwiseOruint16|vn_copyuint16uint8|vn_copyuint8int32|vs_Selectuint8|vsn_RightShiftint32|vsn_BitwiseAndint32|vsn_BitwiseAndint32|v_copyuint8int32|gg1_copyint32int32|gg1_copyint32int32|g2_Addint32|g3_copyint32int32|vs_Equaluint8|vn_copyint32uint8|g2_Selectuint8|vvn_NotEqualuint8|vn_copybool_int32|all_reduce_sumint32|all_reduce_sumint32
GPUPROF 74338.391277917 74338.391714125 6 33054853 nvfp4_quantize_bfloat16_t_gs_16_b_4|row_reduce_small_1_reduce_minuint8|g2_Subtractuint8|all_reduce_maxuint8|all_reduce_maxuint8|v_copyuint8int32
GPUPROF 74338.392146667 74338.392437792 63 55271940 vsn_RightShiftuint32|vsn_RightShiftuint32|vsn_RightShiftuint32|vsn_BitwiseAnduint32|vsn_BitwiseAnduint32|vsn_RightShiftuint32|vsn_BitwiseAnduint32|vvn_BitwiseOruint32|vsn_BitwiseAnduint32|vvn_BitwiseOruint32|vvn_BitwiseOruint32|vn_copyuint32uint8|vsn_RightShiftuint16|vsn_RightShiftuint16|vsn_BitwiseAnduint16|vsn_BitwiseAnduint16|vsn_BitwiseAnduint16|vsn_BitwiseAnduint16|vvn_BitwiseOruint16|vvn_BitwiseOruint16|vn_copyuint16uint8|vn_copyuint16uint8|vn_copyuint8int32|vn_copyuint8int32|vsn_RightShiftint32|vsn_RightShiftint32|vsn_RightShiftint32|vsn_RightShiftint32|vsn_RightShiftint32|vsn_RightShiftint32|vsn_RightShiftint32|vsn_RightShiftint32|vsn_RightShiftint32|v_copyuint8int32|vsn_BitwiseAndint32|vsn_BitwiseAndint32|vsn_BitwiseAndint32|vsn_BitwiseAndint32|vsn_BitwiseAndint32|vsn_BitwiseAndint32|vsn_BitwiseAndint32|vsn_BitwiseAndint32|vsn_BitwiseAndint32|vsn_BitwiseAndint32|gg1_copyint32int32|gg1_copyint32int32|gg1_copyint32int32|gg1_copyint32int32|gg1_copyint32int32|gg1_copyint32int32|gg1_copyint32int32|gg1_copyint32int32|gg1_copyint32int32|gg1_copyint32int32|g2_copyint32int32|vsn_LeftShiftint32|vvn_Addint32|vvn_Addint32|vn_copyint32uint8|vvn_NotEqualuint8|vn_copybool_int32|all_reduce_sumint32|all_reduce_sumint32
GPUPROF 74338.392705500 74338.393120375 6 50332176 g1_NotEqualuint8|vn_copybool_int32|gather_frontint32_int32_int_1|all_reduce_sumint32|all_reduce_sumint32|ss_Subtractint32
GPUPROF 74338.393257625 74338.393261125 1 8388613 gatheruint8int32_1_0_int
GPUPROF 74338.394423125 74338.397263125 12 201343516 gg2_copyuint8uint8|gg2_copyuint8uint8|gatheruint8int32_1_1_int|g3_copyuint8uint8|g1_NotEqualuint8|vn_copybool_int32|gather_frontint32_int32_int_1|all_reduce_sumint32|all_reduce_sumint32|gather_frontint32_int32_int_1|ss_Subtractint32|ss_Subtractint32
GPUPROF 74338.397450875 74338.397454250 1 16777221 gatheruint8int32_1_0_int
GPUPROF 74338.397582625 74338.397585625 1 16777221 gatheruint8int32_1_0_int
GPUPROF 74338.397948625 74338.398678750 15 54983172 nvfp4_quantize_bfloat16_t_gs_16_b_4|nvfp4_quantize_bfloat16_t_gs_16_b_4|nvfp4_quantize_bfloat16_t_gs_16_b_4|gg1_copyuint8uint8|gg1_copyuint8uint8|gg1_copyuint8uint8|row_reduce_simple_minuint8|row_reduce_simple_maxuint8|v_copyuint8int32|v_copyuint8int32|vv_Subtractint32|vs_LessEqualint32|v_copybool_int32|all_reduce_sumint32|all_reduce_sumint32
GPUPROF 74338.398956625 74338.399366542 28 59771396 v_copyuint8int32|g3_copyuint8uint8|vn_copyuint8int32|g2_Subtractint32|g2_Selectint32|vn_copyint32uint8|vsn_RightShiftuint16|vsn_BitwiseAnduint16|vsn_BitwiseAnduint16|vvn_BitwiseOruint16|vn_copyuint16uint8|vn_copyuint8int32|vs_Selectuint8|vsn_RightShiftint32|vsn_BitwiseAndint32|vsn_BitwiseAndint32|v_copyuint8int32|gg1_copyint32int32|gg1_copyint32int32|g2_Addint32|g3_copyint32int32|vs_Equaluint8|vn_copyint32uint8|g2_Selectuint8|vvn_NotEqualuint8|vn_copybool_int32|all_reduce_sumint32|all_reduce_sumint32
GPUPROF 74338.399797792 74338.400369375 6 44073093 nvfp4_quantize_bfloat16_t_gs_16_b_4|row_reduce_small_1_reduce_minuint8|g2_Subtractuint8|all_reduce_maxuint8|all_reduce_maxuint8|v_copyuint8int32
GPUPROF 74338.400897375 74338.401356000 63 73695748 vsn_RightShiftuint32|vsn_RightShiftuint32|vsn_RightShiftuint32|vsn_BitwiseAnduint32|vsn_BitwiseAnduint32|vsn_RightShiftuint32|vsn_BitwiseAnduint32|vvn_BitwiseOruint32|vsn_BitwiseAnduint32|vvn_BitwiseOruint32|vvn_BitwiseOruint32|vn_copyuint32uint8|vsn_RightShiftuint16|vsn_RightShiftuint16|vsn_BitwiseAnduint16|vsn_BitwiseAnduint16|vsn_BitwiseAnduint16|vsn_BitwiseAnduint16|vvn_BitwiseOruint16|vvn_BitwiseOruint16|vn_copyuint16uint8|vn_copyuint16uint8|vn_copyuint8int32|vn_copyuint8int32|vsn_RightShiftint32|vsn_RightShiftint32|vsn_RightShiftint32|vsn_RightShiftint32|vsn_RightShiftint32|vsn_RightShiftint32|vsn_RightShiftint32|vsn_RightShiftint32|vsn_RightShiftint32|v_copyuint8int32|vsn_BitwiseAndint32|vsn_BitwiseAndint32|vsn_BitwiseAndint32|vsn_BitwiseAndint32|vsn_BitwiseAndint32|vsn_BitwiseAndint32|vsn_BitwiseAndint32|vsn_BitwiseAndint32|vsn_BitwiseAndint32|vsn_BitwiseAndint32|gg1_copyint32int32|gg1_copyint32int32|gg1_copyint32int32|gg1_copyint32int32|gg1_copyint32int32|gg1_copyint32int32|gg1_copyint32int32|gg1_copyint32int32|gg1_copyint32int32|gg1_copyint32int32|g2_copyint32int32|vsn_LeftShiftint32|vvn_Addint32|vvn_Addint32|vn_copyint32uint8|vvn_NotEqualuint8|vn_copybool_int32|all_reduce_sumint32|all_reduce_sumint32
GPUPROF 74338.401792375 74338.402199750 6 50332176 g1_NotEqualuint8|vn_copybool_int32|gather_frontint32_int32_int_1|all_reduce_sumint32|all_reduce_sumint32|ss_Subtractint32
GPUPROF 74338.402341000 74338.402344417 1 8388613 gatheruint8int32_1_0_int
GPUPROF 74338.403485125 74338.406330292 12 201343516 gg2_copyuint8uint8|gg2_copyuint8uint8|gatheruint8int32_1_1_int|g3_copyuint8uint8|g1_NotEqualuint8|vn_copybool_int32|gather_frontint32_int32_int_1|all_reduce_sumint32|all_reduce_sumint32|gather_frontint32_int32_int_1|ss_Subtractint32|ss_Subtractint32
GPUPROF 74338.406518125 74338.406521875 1 16777221 gatheruint8int32_1_0_int
GPUPROF 74338.406650500 74338.406653250 1 16777221 gatheruint8int32_1_0_int
GPUPROF 74338.407076417 74338.407804375 15 54983172 nvfp4_quantize_bfloat16_t_gs_16_b_4|nvfp4_quantize_bfloat16_t_gs_16_b_4|nvfp4_quantize_bfloat16_t_gs_16_b_4|gg1_copyuint8uint8|gg1_copyuint8uint8|gg1_copyuint8uint8|row_reduce_simple_minuint8|row_reduce_simple_maxuint8|v_copyuint8int32|v_copyuint8int32|vv_Subtractint32|vs_LessEqualint32|v_copybool_int32|all_reduce_sumint32|all_reduce_sumint32
GPUPROF 74338.408137250 74338.408546917 28 59771396 v_copyuint8int32|g3_copyuint8uint8|vn_copyuint8int32|g2_Subtractint32|g2_Selectint32|vn_copyint32uint8|vsn_RightShiftuint16|vsn_BitwiseAnduint16|vsn_BitwiseAnduint16|vvn_BitwiseOruint16|vn_copyuint16uint8|vn_copyuint8int32|vs_Selectuint8|vsn_RightShiftint32|vsn_BitwiseAndint32|vsn_BitwiseAndint32|v_copyuint8int32|gg1_copyint32int32|gg1_copyint32int32|g2_Addint32|g3_copyint32int32|vs_Equaluint8|vn_copyint32uint8|g2_Selectuint8|vvn_NotEqualuint8|vn_copybool_int32|all_reduce_sumint32|all_reduce_sumint32
GPUPROF 74338.408975917 74338.409554250 6 44073093 nvfp4_quantize_bfloat16_t_gs_16_b_4|row_reduce_small_1_reduce_minuint8|g2_Subtractuint8|all_reduce_maxuint8|all_reduce_maxuint8|v_copyuint8int32
GPUPROF 74338.409900500 74338.410359875 63 73695748 vsn_RightShiftuint32|vsn_RightShiftuint32|vsn_RightShiftuint32|vsn_BitwiseAnduint32|vsn_BitwiseAnduint32|vsn_RightShiftuint32|vsn_BitwiseAnduint32|vvn_BitwiseOruint32|vsn_BitwiseAnduint32|vvn_BitwiseOruint32|vvn_BitwiseOruint32|vn_copyuint32uint8|vsn_RightShiftuint16|vsn_RightShiftuint16|vsn_BitwiseAnduint16|vsn_BitwiseAnduint16|vsn_BitwiseAnduint16|vsn_BitwiseAnduint16|vvn_BitwiseOruint16|vvn_BitwiseOruint16|vn_copyuint16uint8|vn_copyuint16uint8|vn_copyuint8int32|vn_copyuint8int32|vsn_RightShiftint32|vsn_RightShiftint32|vsn_RightShiftint32|vsn_RightShiftint32|vsn_RightShiftint32|vsn_RightShiftint32|vsn_RightShiftint32|vsn_RightShiftint32|vsn_RightShiftint32|v_copyuint8int32|vsn_BitwiseAndint32|vsn_BitwiseAndint32|vsn_BitwiseAndint32|vsn_BitwiseAndint32|vsn_BitwiseAndint32|vsn_BitwiseAndint32|vsn_BitwiseAndint32|vsn_BitwiseAndint32|vsn_BitwiseAndint32|vsn_BitwiseAndint32|gg1_copyint32int32|gg1_copyint32int32|gg1_copyint32int32|gg1_copyint32int32|gg1_copyint32int32|gg1_copyint32int32|gg1_copyint32int32|gg1_copyint32int32|gg1_copyint32int32|gg1_copyint32int32|g2_copyint32int32|vsn_LeftShiftint32|vvn_Addint32|vvn_Addint32|vn_copyint32uint8|vvn_NotEqualuint8|vn_copybool_int32|all_reduce_sumint32|all_reduce_sumint32
GPUPROF 74338.410881250 74338.411285250 6 50332176 g1_NotEqualuint8|vn_copybool_int32|gather_frontint32_int32_int_1|all_reduce_sumint32|all_reduce_sumint32|ss_Subtractint32
GPUPROF 74338.411420000 74338.411423417 1 8388613 gatheruint8int32_1_0_int
GPUPROF 74338.412583417 74338.415447500 12 201343516 gg2_copyuint8uint8|gg2_copyuint8uint8|gatheruint8int32_1_1_int|g3_copyuint8uint8|g1_NotEqualuint8|vn_copybool_int32|gather_frontint32_int32_int_1|all_reduce_sumint32|all_reduce_sumint32|gather_frontint32_int32_int_1|ss_Subtractint32|ss_Subtractint32
GPUPROF 74338.415638667 74338.415642167 1 16777221 gatheruint8int32_1_0_int
GPUPROF 74338.415771125 74338.415774000 1 16777221 gatheruint8int32_1_0_int
GPUPROF 74338.416166625 74338.416898042 15 54983172 nvfp4_quantize_bfloat16_t_gs_16_b_4|nvfp4_quantize_bfloat16_t_gs_16_b_4|nvfp4_quantize_bfloat16_t_gs_16_b_4|gg1_copyuint8uint8|gg1_copyuint8uint8|gg1_copyuint8uint8|row_reduce_simple_minuint8|row_reduce_simple_maxuint8|v_copyuint8int32|v_copyuint8int32|vv_Subtractint32|vs_LessEqualint32|v_copybool_int32|all_reduce_sumint32|all_reduce_sumint32
GPUPROF 74338.417287417 74338.417701792 28 59771396 v_copyuint8int32|g3_copyuint8uint8|vn_copyuint8int32|g2_Subtractint32|g2_Selectint32|vn_copyint32uint8|vsn_RightShiftuint16|vsn_BitwiseAnduint16|vsn_BitwiseAnduint16|vvn_BitwiseOruint16|vn_copyuint16uint8|vn_copyuint8int32|vs_Selectuint8|vsn_RightShiftint32|vsn_BitwiseAndint32|vsn_BitwiseAndint32|v_copyuint8int32|gg1_copyint32int32|gg1_copyint32int32|g2_Addint32|g3_copyint32int32|vs_Equaluint8|vn_copyint32uint8|g2_Selectuint8|vvn_NotEqualuint8|vn_copybool_int32|all_reduce_sumint32|all_reduce_sumint32
GPUPROF 74338.418132667 74338.418706042 6 44073093 nvfp4_quantize_bfloat16_t_gs_16_b_4|row_reduce_small_1_reduce_minuint8|g2_Subtractuint8|all_reduce_maxuint8|all_reduce_maxuint8|v_copyuint8int32
GPUPROF 74338.419115417 74338.419584875 63 73695748 vsn_RightShiftuint32|vsn_RightShiftuint32|vsn_RightShiftuint32|vsn_BitwiseAnduint32|vsn_BitwiseAnduint32|vsn_RightShiftuint32|vsn_BitwiseAnduint32|vvn_BitwiseOruint32|vsn_BitwiseAnduint32|vvn_BitwiseOruint32|vvn_BitwiseOruint32|vn_copyuint32uint8|vsn_RightShiftuint16|vsn_RightShiftuint16|vsn_BitwiseAnduint16|vsn_BitwiseAnduint16|vsn_BitwiseAnduint16|vsn_BitwiseAnduint16|vvn_BitwiseOruint16|vvn_BitwiseOruint16|vn_copyuint16uint8|vn_copyuint16uint8|vn_copyuint8int32|vn_copyuint8int32|vsn_RightShiftint32|vsn_RightShiftint32|vsn_RightShiftint32|vsn_RightShiftint32|vsn_RightShiftint32|vsn_RightShiftint32|vsn_RightShiftint32|vsn_RightShiftint32|vsn_RightShiftint32|v_copyuint8int32|vsn_BitwiseAndint32|vsn_BitwiseAndint32|vsn_BitwiseAndint32|vsn_BitwiseAndint32|vsn_BitwiseAndint32|vsn_BitwiseAndint32|vsn_BitwiseAndint32|vsn_BitwiseAndint32|vsn_BitwiseAndint32|vsn_BitwiseAndint32|gg1_copyint32int32|gg1_copyint32int32|gg1_copyint32int32|gg1_copyint32int32|gg1_copyint32int32|gg1_copyint32int32|gg1_copyint32int32|gg1_copyint32int32|gg1_copyint32int32|gg1_copyint32int32|g2_copyint32int32|vsn_LeftShiftint32|vvn_Addint32|vvn_Addint32|vn_copyint32uint8|vvn_NotEqualuint8|vn_copybool_int32|all_reduce_sumint32|all_reduce_sumint32
GPUPROF 74338.420078000 74338.420497000 6 50332176 g1_NotEqualuint8|vn_copybool_int32|gather_frontint32_int32_int_1|all_reduce_sumint32|all_reduce_sumint32|ss_Subtractint32
GPUPROF 74338.420612667 74338.420615875 1 8388613 gatheruint8int32_1_0_int
GPUPROF 74338.421757292 74338.424591875 12 201343516 gg2_copyuint8uint8|gg2_copyuint8uint8|gatheruint8int32_1_1_int|g3_copyuint8uint8|g1_NotEqualuint8|vn_copybool_int32|gather_frontint32_int32_int_1|all_reduce_sumint32|all_reduce_sumint32|gather_frontint32_int32_int_1|ss_Subtractint32|ss_Subtractint32
GPUPROF 74338.424787000 74338.424790625 1 16777221 gatheruint8int32_1_0_int
GPUPROF 74338.424920500 74338.424923292 1 16777221 gatheruint8int32_1_0_int
GPUPROF 74338.425337792 74338.425924625 15 43934212 nvfp4_quantize_bfloat16_t_gs_16_b_4|nvfp4_quantize_bfloat16_t_gs_16_b_4|nvfp4_quantize_bfloat16_t_gs_16_b_4|gg1_copyuint8uint8|gg1_copyuint8uint8|gg1_copyuint8uint8|row_reduce_simple_minuint8|row_reduce_simple_maxuint8|v_copyuint8int32|v_copyuint8int32|vv_Subtractint32|vs_LessEqualint32|v_copybool_int32|all_reduce_sumint32|all_reduce_sumint32
GPUPROF 74338.426276167 74338.426571625 28 47817220 v_copyuint8int32|g3_copyuint8uint8|vn_copyuint8int32|g2_Subtractint32|g2_Selectint32|vn_copyint32uint8|vsn_RightShiftuint16|vsn_BitwiseAnduint16|vsn_BitwiseAnduint16|vvn_BitwiseOruint16|vn_copyuint16uint8|vn_copyuint8int32|vs_Selectuint8|vsn_RightShiftint32|vsn_BitwiseAndint32|vsn_BitwiseAndint32|v_copyuint8int32|gg1_copyint32int32|gg1_copyint32int32|g2_Addint32|g3_copyint32int32|vs_Equaluint8|vn_copyint32uint8|g2_Selectuint8|vvn_NotEqualuint8|vn_copybool_int32|all_reduce_sumint32|all_reduce_sumint32
GPUPROF 74338.426945750 74338.427381917 6 33054853 nvfp4_quantize_bfloat16_t_gs_16_b_4|row_reduce_small_1_reduce_minuint8|g2_Subtractuint8|all_reduce_maxuint8|all_reduce_maxuint8|v_copyuint8int32
GPUPROF 74338.427752875 74338.428045375 63 55271940 vsn_RightShiftuint32|vsn_RightShiftuint32|vsn_RightShiftuint32|vsn_BitwiseAnduint32|vsn_BitwiseAnduint32|vsn_RightShiftuint32|vsn_BitwiseAnduint32|vvn_BitwiseOruint32|vsn_BitwiseAnduint32|vvn_BitwiseOruint32|vvn_BitwiseOruint32|vn_copyuint32uint8|vsn_RightShiftuint16|vsn_RightShiftuint16|vsn_BitwiseAnduint16|vsn_BitwiseAnduint16|vsn_BitwiseAnduint16|vsn_BitwiseAnduint16|vvn_BitwiseOruint16|vvn_BitwiseOruint16|vn_copyuint16uint8|vn_copyuint16uint8|vn_copyuint8int32|vn_copyuint8int32|vsn_RightShiftint32|vsn_RightShiftint32|vsn_RightShiftint32|vsn_RightShiftint32|vsn_RightShiftint32|vsn_RightShiftint32|vsn_RightShiftint32|vsn_RightShiftint32|vsn_RightShiftint32|v_copyuint8int32|vsn_BitwiseAndint32|vsn_BitwiseAndint32|vsn_BitwiseAndint32|vsn_BitwiseAndint32|vsn_BitwiseAndint32|vsn_BitwiseAndint32|vsn_BitwiseAndint32|vsn_BitwiseAndint32|vsn_BitwiseAndint32|vsn_BitwiseAndint32|gg1_copyint32int32|gg1_copyint32int32|gg1_copyint32int32|gg1_copyint32int32|gg1_copyint32int32|gg1_copyint32int32|gg1_copyint32int32|gg1_copyint32int32|gg1_copyint32int32|gg1_copyint32int32|g2_copyint32int32|vsn_LeftShiftint32|vvn_Addint32|vvn_Addint32|vn_copyint32uint8|vvn_NotEqualuint8|vn_copybool_int32|all_reduce_sumint32|all_reduce_sumint32
GPUPROF 74338.428317167 74338.428734250 6 50332176 g1_NotEqualuint8|vn_copybool_int32|gather_frontint32_int32_int_1|all_reduce_sumint32|all_reduce_sumint32|ss_Subtractint32
GPUPROF 74338.428874250 74338.428877375 1 8388613 gatheruint8int32_1_0_int
GPUPROF 74338.430051250 74338.432902000 12 201343516 gg2_copyuint8uint8|gg2_copyuint8uint8|gatheruint8int32_1_1_int|g3_copyuint8uint8|g1_NotEqualuint8|vn_copybool_int32|gather_frontint32_int32_int_1|all_reduce_sumint32|all_reduce_sumint32|gather_frontint32_int32_int_1|ss_Subtractint32|ss_Subtractint32
GPUPROF 74338.433094500 74338.433098125 1 16777221 gatheruint8int32_1_0_int
GPUPROF 74338.433225292 74338.433228167 1 16777221 gatheruint8int32_1_0_int
GPUPROF 74338.433612125 74338.434342917 15 54983172 nvfp4_quantize_bfloat16_t_gs_16_b_4|nvfp4_quantize_bfloat16_t_gs_16_b_4|nvfp4_quantize_bfloat16_t_gs_16_b_4|gg1_copyuint8uint8|gg1_copyuint8uint8|gg1_copyuint8uint8|row_reduce_simple_minuint8|row_reduce_simple_maxuint8|v_copyuint8int32|v_copyuint8int32|vv_Subtractint32|vs_LessEqualint32|v_copybool_int32|all_reduce_sumint32|all_reduce_sumint32
GPUPROF 74338.434725625 74338.435138917 28 59771396 v_copyuint8int32|g3_copyuint8uint8|vn_copyuint8int32|g2_Subtractint32|g2_Selectint32|vn_copyint32uint8|vsn_RightShiftuint16|vsn_BitwiseAnduint16|vsn_BitwiseAnduint16|vvn_BitwiseOruint16|vn_copyuint16uint8|vn_copyuint8int32|vs_Selectuint8|vsn_RightShiftint32|vsn_BitwiseAndint32|vsn_BitwiseAndint32|v_copyuint8int32|gg1_copyint32int32|gg1_copyint32int32|g2_Addint32|g3_copyint32int32|vs_Equaluint8|vn_copyint32uint8|g2_Selectuint8|vvn_NotEqualuint8|vn_copybool_int32|all_reduce_sumint32|all_reduce_sumint32
GPUPROF 74338.435579125 74338.436152375 6 44073093 nvfp4_quantize_bfloat16_t_gs_16_b_4|row_reduce_small_1_reduce_minuint8|g2_Subtractuint8|all_reduce_maxuint8|all_reduce_maxuint8|v_copyuint8int32
GPUPROF 74338.436614125 74338.437069750 63 73695748 vsn_RightShiftuint32|vsn_RightShiftuint32|vsn_RightShiftuint32|vsn_BitwiseAnduint32|vsn_BitwiseAnduint32|vsn_RightShiftuint32|vsn_BitwiseAnduint32|vvn_BitwiseOruint32|vsn_BitwiseAnduint32|vvn_BitwiseOruint32|vvn_BitwiseOruint32|vn_copyuint32uint8|vsn_RightShiftuint16|vsn_RightShiftuint16|vsn_BitwiseAnduint16|vsn_BitwiseAnduint16|vsn_BitwiseAnduint16|vsn_BitwiseAnduint16|vvn_BitwiseOruint16|vvn_BitwiseOruint16|vn_copyuint16uint8|vn_copyuint16uint8|vn_copyuint8int32|vn_copyuint8int32|vsn_RightShiftint32|vsn_RightShiftint32|vsn_RightShiftint32|vsn_RightShiftint32|vsn_RightShiftint32|vsn_RightShiftint32|vsn_RightShiftint32|vsn_RightShiftint32|vsn_RightShiftint32|v_copyuint8int32|vsn_BitwiseAndint32|vsn_BitwiseAndint32|vsn_BitwiseAndint32|vsn_BitwiseAndint32|vsn_BitwiseAndint32|vsn_BitwiseAndint32|vsn_BitwiseAndint32|vsn_BitwiseAndint32|vsn_BitwiseAndint32|vsn_BitwiseAndint32|gg1_copyint32int32|gg1_copyint32int32|gg1_copyint32int32|gg1_copyint32int32|gg1_copyint32int32|gg1_copyint32int32|gg1_copyint32int32|gg1_copyint32int32|gg1_copyint32int32|gg1_copyint32int32|g2_copyint32int32|vsn_LeftShiftint32|vvn_Addint32|vvn_Addint32|vn_copyint32uint8|vvn_NotEqualuint8|vn_copybool_int32|all_reduce_sumint32|all_reduce_sumint32
GPUPROF 74338.437527375 74338.437938750 6 50332176 g1_NotEqualuint8|vn_copybool_int32|gather_frontint32_int32_int_1|all_reduce_sumint32|all_reduce_sumint32|ss_Subtractint32
GPUPROF 74338.438074750 74338.438078250 1 8388613 gatheruint8int32_1_0_int
GPUPROF 74338.439274125 74338.442126625 12 201343516 gg2_copyuint8uint8|gg2_copyuint8uint8|gatheruint8int32_1_1_int|g3_copyuint8uint8|g1_NotEqualuint8|vn_copybool_int32|gather_frontint32_int32_int_1|all_reduce_sumint32|all_reduce_sumint32|gather_frontint32_int32_int_1|ss_Subtractint32|ss_Subtractint32
GPUPROF 74338.442324292 74338.442327750 1 16777221 gatheruint8int32_1_0_int
GPUPROF 74338.442453792 74338.442456792 1 16777221 gatheruint8int32_1_0_int
GPUPROF 74338.442825875 74338.443556917 15 54983172 nvfp4_quantize_bfloat16_t_gs_16_b_4|nvfp4_quantize_bfloat16_t_gs_16_b_4|nvfp4_quantize_bfloat16_t_gs_16_b_4|gg1_copyuint8uint8|gg1_copyuint8uint8|gg1_copyuint8uint8|row_reduce_simple_minuint8|row_reduce_simple_maxuint8|v_copyuint8int32|v_copyuint8int32|vv_Subtractint32|vs_LessEqualint32|v_copybool_int32|all_reduce_sumint32|all_reduce_sumint32
GPUPROF 74338.443935292 74338.444345625 28 59771396 v_copyuint8int32|g3_copyuint8uint8|vn_copyuint8int32|g2_Subtractint32|g2_Selectint32|vn_copyint32uint8|vsn_RightShiftuint16|vsn_BitwiseAnduint16|vsn_BitwiseAnduint16|vvn_BitwiseOruint16|vn_copyuint16uint8|vn_copyuint8int32|vs_Selectuint8|vsn_RightShiftint32|vsn_BitwiseAndint32|vsn_BitwiseAndint32|v_copyuint8int32|gg1_copyint32int32|gg1_copyint32int32|g2_Addint32|g3_copyint32int32|vs_Equaluint8|vn_copyint32uint8|g2_Selectuint8|vvn_NotEqualuint8|vn_copybool_int32|all_reduce_sumint32|all_reduce_sumint32
GPUPROF 74338.444755750 74338.445328625 6 44073093 nvfp4_quantize_bfloat16_t_gs_16_b_4|row_reduce_small_1_reduce_minuint8|g2_Subtractuint8|all_reduce_maxuint8|all_reduce_maxuint8|v_copyuint8int32
GPUPROF 74338.445794750 74338.446267292 63 73695748 vsn_RightShiftuint32|vsn_RightShiftuint32|vsn_RightShiftuint32|vsn_BitwiseAnduint32|vsn_BitwiseAnduint32|vsn_RightShiftuint32|vsn_BitwiseAnduint32|vvn_BitwiseOruint32|vsn_BitwiseAnduint32|vvn_BitwiseOruint32|vvn_BitwiseOruint32|vn_copyuint32uint8|vsn_RightShiftuint16|vsn_RightShiftuint16|vsn_BitwiseAnduint16|vsn_BitwiseAnduint16|vsn_BitwiseAnduint16|vsn_BitwiseAnduint16|vvn_BitwiseOruint16|vvn_BitwiseOruint16|vn_copyuint16uint8|vn_copyuint16uint8|vn_copyuint8int32|vn_copyuint8int32|vsn_RightShiftint32|vsn_RightShiftint32|vsn_RightShiftint32|vsn_RightShiftint32|vsn_RightShiftint32|vsn_RightShiftint32|vsn_RightShiftint32|vsn_RightShiftint32|vsn_RightShiftint32|v_copyuint8int32|vsn_BitwiseAndint32|vsn_BitwiseAndint32|vsn_BitwiseAndint32|vsn_BitwiseAndint32|vsn_BitwiseAndint32|vsn_BitwiseAndint32|vsn_BitwiseAndint32|vsn_BitwiseAndint32|vsn_BitwiseAndint32|vsn_BitwiseAndint32|gg1_copyint32int32|gg1_copyint32int32|gg1_copyint32int32|gg1_copyint32int32|gg1_copyint32int32|gg1_copyint32int32|gg1_copyint32int32|gg1_copyint32int32|gg1_copyint32int32|gg1_copyint32int32|g2_copyint32int32|vsn_LeftShiftint32|vvn_Addint32|vvn_Addint32|vn_copyint32uint8|vvn_NotEqualuint8|vn_copybool_int32|all_reduce_sumint32|all_reduce_sumint32
GPUPROF 74338.446779792 74338.447186542 6 50332176 g1_NotEqualuint8|vn_copybool_int32|gather_frontint32_int32_int_1|all_reduce_sumint32|all_reduce_sumint32|ss_Subtractint32
GPUPROF 74338.447325000 74338.447328417 1 8388613 gatheruint8int32_1_0_int
GPUPROF 74338.448508792 74338.451355875 12 201343516 gg2_copyuint8uint8|gg2_copyuint8uint8|gatheruint8int32_1_1_int|g3_copyuint8uint8|g1_NotEqualuint8|vn_copybool_int32|gather_frontint32_int32_int_1|all_reduce_sumint32|all_reduce_sumint32|gather_frontint32_int32_int_1|ss_Subtractint32|ss_Subtractint32
GPUPROF 74338.451553875 74338.451557167 1 16777221 gatheruint8int32_1_0_int
GPUPROF 74338.451688375 74338.451691375 1 16777221 gatheruint8int32_1_0_int
GPUPROF 74338.452067500 74338.452798750 15 54983172 nvfp4_quantize_bfloat16_t_gs_16_b_4|nvfp4_quantize_bfloat16_t_gs_16_b_4|nvfp4_quantize_bfloat16_t_gs_16_b_4|gg1_copyuint8uint8|gg1_copyuint8uint8|gg1_copyuint8uint8|row_reduce_simple_minuint8|row_reduce_simple_maxuint8|v_copyuint8int32|v_copyuint8int32|vv_Subtractint32|vs_LessEqualint32|v_copybool_int32|all_reduce_sumint32|all_reduce_sumint32
GPUPROF 74338.453186500 74338.453587000 28 59771396 v_copyuint8int32|g3_copyuint8uint8|vn_copyuint8int32|g2_Subtractint32|g2_Selectint32|vn_copyint32uint8|vsn_RightShiftuint16|vsn_BitwiseAnduint16|vsn_BitwiseAnduint16|vvn_BitwiseOruint16|vn_copyuint16uint8|vn_copyuint8int32|vs_Selectuint8|vsn_RightShiftint32|vsn_BitwiseAndint32|vsn_BitwiseAndint32|v_copyuint8int32|gg1_copyint32int32|gg1_copyint32int32|g2_Addint32|g3_copyint32int32|vs_Equaluint8|vn_copyint32uint8|g2_Selectuint8|vvn_NotEqualuint8|vn_copybool_int32|all_reduce_sumint32|all_reduce_sumint32
GPUPROF 74338.454049000 74338.454622000 6 44073093 nvfp4_quantize_bfloat16_t_gs_16_b_4|row_reduce_small_1_reduce_minuint8|g2_Subtractuint8|all_reduce_maxuint8|all_reduce_maxuint8|v_copyuint8int32
GPUPROF 74338.455086125 74338.455556375 63 73695748 vsn_RightShiftuint32|vsn_RightShiftuint32|vsn_RightShiftuint32|vsn_BitwiseAnduint32|vsn_BitwiseAnduint32|vsn_RightShiftuint32|vsn_BitwiseAnduint32|vvn_BitwiseOruint32|vsn_BitwiseAnduint32|vvn_BitwiseOruint32|vvn_BitwiseOruint32|vn_copyuint32uint8|vsn_RightShiftuint16|vsn_RightShiftuint16|vsn_BitwiseAnduint16|vsn_BitwiseAnduint16|vsn_BitwiseAnduint16|vsn_BitwiseAnduint16|vvn_BitwiseOruint16|vvn_BitwiseOruint16|vn_copyuint16uint8|vn_copyuint16uint8|vn_copyuint8int32|vn_copyuint8int32|vsn_RightShiftint32|vsn_RightShiftint32|vsn_RightShiftint32|vsn_RightShiftint32|vsn_RightShiftint32|vsn_RightShiftint32|vsn_RightShiftint32|vsn_RightShiftint32|vsn_RightShiftint32|v_copyuint8int32|vsn_BitwiseAndint32|vsn_BitwiseAndint32|vsn_BitwiseAndint32|vsn_BitwiseAndint32|vsn_BitwiseAndint32|vsn_BitwiseAndint32|vsn_BitwiseAndint32|vsn_BitwiseAndint32|vsn_BitwiseAndint32|vsn_BitwiseAndint32|gg1_copyint32int32|gg1_copyint32int32|gg1_copyint32int32|gg1_copyint32int32|gg1_copyint32int32|gg1_copyint32int32|gg1_copyint32int32|gg1_copyint32int32|gg1_copyint32int32|gg1_copyint32int32|g2_copyint32int32|vsn_LeftShiftint32|vvn_Addint32|vvn_Addint32|vn_copyint32uint8|vvn_NotEqualuint8|vn_copybool_int32|all_reduce_sumint32|all_reduce_sumint32
GPUPROF 74338.455927250 74338.456339500 6 50332176 g1_NotEqualuint8|vn_copybool_int32|gather_frontint32_int32_int_1|all_reduce_sumint32|all_reduce_sumint32|ss_Subtractint32
GPUPROF 74338.456475250 74338.456478167 1 8388613 gatheruint8int32_1_0_int
GPUPROF 74338.457640125 74338.460471375 12 201343516 gg2_copyuint8uint8|gg2_copyuint8uint8|gatheruint8int32_1_1_int|g3_copyuint8uint8|g1_NotEqualuint8|vn_copybool_int32|gather_frontint32_int32_int_1|all_reduce_sumint32|all_reduce_sumint32|gather_frontint32_int32_int_1|ss_Subtractint32|ss_Subtractint32
GPUPROF 74338.460667375 74338.460670375 1 16777221 gatheruint8int32_1_0_int
GPUPROF 74338.460799167 74338.460802042 1 16777221 gatheruint8int32_1_0_int
GPUPROF 74338.461224667 74338.461812250 15 43934212 nvfp4_quantize_bfloat16_t_gs_16_b_4|nvfp4_quantize_bfloat16_t_gs_16_b_4|nvfp4_quantize_bfloat16_t_gs_16_b_4|gg1_copyuint8uint8|gg1_copyuint8uint8|gg1_copyuint8uint8|row_reduce_simple_minuint8|row_reduce_simple_maxuint8|v_copyuint8int32|v_copyuint8int32|vv_Subtractint32|vs_LessEqualint32|v_copybool_int32|all_reduce_sumint32|all_reduce_sumint32
GPUPROF 74338.462158167 74338.462445125 28 47817220 v_copyuint8int32|g3_copyuint8uint8|vn_copyuint8int32|g2_Subtractint32|g2_Selectint32|vn_copyint32uint8|vsn_RightShiftuint16|vsn_BitwiseAnduint16|vsn_BitwiseAnduint16|vvn_BitwiseOruint16|vn_copyuint16uint8|vn_copyuint8int32|vs_Selectuint8|vsn_RightShiftint32|vsn_BitwiseAndint32|vsn_BitwiseAndint32|v_copyuint8int32|gg1_copyint32int32|gg1_copyint32int32|g2_Addint32|g3_copyint32int32|vs_Equaluint8|vn_copyint32uint8|g2_Selectuint8|vvn_NotEqualuint8|vn_copybool_int32|all_reduce_sumint32|all_reduce_sumint32
GPUPROF 74338.462819000 74338.463254125 6 33054853 nvfp4_quantize_bfloat16_t_gs_16_b_4|row_reduce_small_1_reduce_minuint8|g2_Subtractuint8|all_reduce_maxuint8|all_reduce_maxuint8|v_copyuint8int32
GPUPROF 74338.463652542 74338.463951792 63 55271940 vsn_RightShiftuint32|vsn_RightShiftuint32|vsn_RightShiftuint32|vsn_BitwiseAnduint32|vsn_BitwiseAnduint32|vsn_RightShiftuint32|vsn_BitwiseAnduint32|vvn_BitwiseOruint32|vsn_BitwiseAnduint32|vvn_BitwiseOruint32|vvn_BitwiseOruint32|vn_copyuint32uint8|vsn_RightShiftuint16|vsn_RightShiftuint16|vsn_BitwiseAnduint16|vsn_BitwiseAnduint16|vsn_BitwiseAnduint16|vsn_BitwiseAnduint16|vvn_BitwiseOruint16|vvn_BitwiseOruint16|vn_copyuint16uint8|vn_copyuint16uint8|vn_copyuint8int32|vn_copyuint8int32|vsn_RightShiftint32|vsn_RightShiftint32|vsn_RightShiftint32|vsn_RightShiftint32|vsn_RightShiftint32|vsn_RightShiftint32|vsn_RightShiftint32|vsn_RightShiftint32|vsn_RightShiftint32|v_copyuint8int32|vsn_BitwiseAndint32|vsn_BitwiseAndint32|vsn_BitwiseAndint32|vsn_BitwiseAndint32|vsn_BitwiseAndint32|vsn_BitwiseAndint32|vsn_BitwiseAndint32|vsn_BitwiseAndint32|vsn_BitwiseAndint32|vsn_BitwiseAndint32|gg1_copyint32int32|gg1_copyint32int32|gg1_copyint32int32|gg1_copyint32int32|gg1_copyint32int32|gg1_copyint32int32|gg1_copyint32int32|gg1_copyint32int32|gg1_copyint32int32|gg1_copyint32int32|g2_copyint32int32|vsn_LeftShiftint32|vvn_Addint32|vvn_Addint32|vn_copyint32uint8|vvn_NotEqualuint8|vn_copybool_int32|all_reduce_sumint32|all_reduce_sumint32
GPUPROF 74338.464219667 74338.464637917 6 50332176 g1_NotEqualuint8|vn_copybool_int32|gather_frontint32_int32_int_1|all_reduce_sumint32|all_reduce_sumint32|ss_Subtractint32
GPUPROF 74338.464774875 74338.464778375 1 8388613 gatheruint8int32_1_0_int
GPUPROF 74338.465914167 74338.468753042 12 201343516 gg2_copyuint8uint8|gg2_copyuint8uint8|gatheruint8int32_1_1_int|g3_copyuint8uint8|g1_NotEqualuint8|vn_copybool_int32|gather_frontint32_int32_int_1|all_reduce_sumint32|all_reduce_sumint32|gather_frontint32_int32_int_1|ss_Subtractint32|ss_Subtractint32
GPUPROF 74338.468948875 74338.468952542 1 16777221 gatheruint8int32_1_0_int
GPUPROF 74338.469079000 74338.469081542 1 16777221 gatheruint8int32_1_0_int
GPUPROF 74338.469469500 74338.470198042 15 54983172 nvfp4_quantize_bfloat16_t_gs_16_b_4|nvfp4_quantize_bfloat16_t_gs_16_b_4|nvfp4_quantize_bfloat16_t_gs_16_b_4|gg1_copyuint8uint8|gg1_copyuint8uint8|gg1_copyuint8uint8|row_reduce_simple_minuint8|row_reduce_simple_maxuint8|v_copyuint8int32|v_copyuint8int32|vv_Subtractint32|vs_LessEqualint32|v_copybool_int32|all_reduce_sumint32|all_reduce_sumint32
GPUPROF 74338.470471500 74338.470866250 28 59771396 v_copyuint8int32|g3_copyuint8uint8|vn_copyuint8int32|g2_Subtractint32|g2_Selectint32|vn_copyint32uint8|vsn_RightShiftuint16|vsn_BitwiseAnduint16|vsn_BitwiseAnduint16|vvn_BitwiseOruint16|vn_copyuint16uint8|vn_copyuint8int32|vs_Selectuint8|vsn_RightShiftint32|vsn_BitwiseAndint32|vsn_BitwiseAndint32|v_copyuint8int32|gg1_copyint32int32|gg1_copyint32int32|g2_Addint32|g3_copyint32int32|vs_Equaluint8|vn_copyint32uint8|g2_Selectuint8|vvn_NotEqualuint8|vn_copybool_int32|all_reduce_sumint32|all_reduce_sumint32
GPUPROF 74338.471291000 74338.471864417 6 44073093 nvfp4_quantize_bfloat16_t_gs_16_b_4|row_reduce_small_1_reduce_minuint8|g2_Subtractuint8|all_reduce_maxuint8|all_reduce_maxuint8|v_copyuint8int32
GPUPROF 74338.472422625 74338.472888125 63 73695748 vsn_RightShiftuint32|vsn_RightShiftuint32|vsn_RightShiftuint32|vsn_BitwiseAnduint32|vsn_BitwiseAnduint32|vsn_RightShiftuint32|vsn_BitwiseAnduint32|vvn_BitwiseOruint32|vsn_BitwiseAnduint32|vvn_BitwiseOruint32|vvn_BitwiseOruint32|vn_copyuint32uint8|vsn_RightShiftuint16|vsn_RightShiftuint16|vsn_BitwiseAnduint16|vsn_BitwiseAnduint16|vsn_BitwiseAnduint16|vsn_BitwiseAnduint16|vvn_BitwiseOruint16|vvn_BitwiseOruint16|vn_copyuint16uint8|vn_copyuint16uint8|vn_copyuint8int32|vn_copyuint8int32|vsn_RightShiftint32|vsn_RightShiftint32|vsn_RightShiftint32|vsn_RightShiftint32|vsn_RightShiftint32|vsn_RightShiftint32|vsn_RightShiftint32|vsn_RightShiftint32|vsn_RightShiftint32|v_copyuint8int32|vsn_BitwiseAndint32|vsn_BitwiseAndint32|vsn_BitwiseAndint32|vsn_BitwiseAndint32|vsn_BitwiseAndint32|vsn_BitwiseAndint32|vsn_BitwiseAndint32|vsn_BitwiseAndint32|vsn_BitwiseAndint32|vsn_BitwiseAndint32|gg1_copyint32int32|gg1_copyint32int32|gg1_copyint32int32|gg1_copyint32int32|gg1_copyint32int32|gg1_copyint32int32|gg1_copyint32int32|gg1_copyint32int32|gg1_copyint32int32|gg1_copyint32int32|g2_copyint32int32|vsn_LeftShiftint32|vvn_Addint32|vvn_Addint32|vn_copyint32uint8|vvn_NotEqualuint8|vn_copybool_int32|all_reduce_sumint32|all_reduce_sumint32
GPUPROF 74338.473270500 74338.473679750 6 50332176 g1_NotEqualuint8|vn_copybool_int32|gather_frontint32_int32_int_1|all_reduce_sumint32|all_reduce_sumint32|ss_Subtractint32
GPUPROF 74338.473817292 74338.473820500 1 8388613 gatheruint8int32_1_0_int
GPUPROF 74338.474978500 74338.477818750 12 201343516 gg2_copyuint8uint8|gg2_copyuint8uint8|gatheruint8int32_1_1_int|g3_copyuint8uint8|g1_NotEqualuint8|vn_copybool_int32|gather_frontint32_int32_int_1|all_reduce_sumint32|all_reduce_sumint32|gather_frontint32_int32_int_1|ss_Subtractint32|ss_Subtractint32
GPUPROF 74338.478011750 74338.478015250 1 16777221 gatheruint8int32_1_0_int
GPUPROF 74338.478142375 74338.478145500 1 16777221 gatheruint8int32_1_0_int
GPUPROF 74338.478531875 74338.479263375 15 54983172 nvfp4_quantize_bfloat16_t_gs_16_b_4|nvfp4_quantize_bfloat16_t_gs_16_b_4|nvfp4_quantize_bfloat16_t_gs_16_b_4|gg1_copyuint8uint8|gg1_copyuint8uint8|gg1_copyuint8uint8|row_reduce_simple_minuint8|row_reduce_simple_maxuint8|v_copyuint8int32|v_copyuint8int32|vv_Subtractint32|vs_LessEqualint32|v_copybool_int32|all_reduce_sumint32|all_reduce_sumint32
GPUPROF 74338.479652250 74338.480061625 28 59771396 v_copyuint8int32|g3_copyuint8uint8|vn_copyuint8int32|g2_Subtractint32|g2_Selectint32|vn_copyint32uint8|vsn_RightShiftuint16|vsn_BitwiseAnduint16|vsn_BitwiseAnduint16|vvn_BitwiseOruint16|vn_copyuint16uint8|vn_copyuint8int32|vs_Selectuint8|vsn_RightShiftint32|vsn_BitwiseAndint32|vsn_BitwiseAndint32|v_copyuint8int32|gg1_copyint32int32|gg1_copyint32int32|g2_Addint32|g3_copyint32int32|vs_Equaluint8|vn_copyint32uint8|g2_Selectuint8|vvn_NotEqualuint8|vn_copybool_int32|all_reduce_sumint32|all_reduce_sumint32
GPUPROF 74338.480494625 74338.481066500 6 44073093 nvfp4_quantize_bfloat16_t_gs_16_b_4|row_reduce_small_1_reduce_minuint8|g2_Subtractuint8|all_reduce_maxuint8|all_reduce_maxuint8|v_copyuint8int32
GPUPROF 74338.481543500 74338.482006250 63 73695748 vsn_RightShiftuint32|vsn_RightShiftuint32|vsn_RightShiftuint32|vsn_BitwiseAnduint32|vsn_BitwiseAnduint32|vsn_RightShiftuint32|vsn_BitwiseAnduint32|vvn_BitwiseOruint32|vsn_BitwiseAnduint32|vvn_BitwiseOruint32|vvn_BitwiseOruint32|vn_copyuint32uint8|vsn_RightShiftuint16|vsn_RightShiftuint16|vsn_BitwiseAnduint16|vsn_BitwiseAnduint16|vsn_BitwiseAnduint16|vsn_BitwiseAnduint16|vvn_BitwiseOruint16|vvn_BitwiseOruint16|vn_copyuint16uint8|vn_copyuint16uint8|vn_copyuint8int32|vn_copyuint8int32|vsn_RightShiftint32|vsn_RightShiftint32|vsn_RightShiftint32|vsn_RightShiftint32|vsn_RightShiftint32|vsn_RightShiftint32|vsn_RightShiftint32|vsn_RightShiftint32|vsn_RightShiftint32|v_copyuint8int32|vsn_BitwiseAndint32|vsn_BitwiseAndint32|vsn_BitwiseAndint32|vsn_BitwiseAndint32|vsn_BitwiseAndint32|vsn_BitwiseAndint32|vsn_BitwiseAndint32|vsn_BitwiseAndint32|vsn_BitwiseAndint32|vsn_BitwiseAndint32|gg1_copyint32int32|gg1_copyint32int32|gg1_copyint32int32|gg1_copyint32int32|gg1_copyint32int32|gg1_copyint32int32|gg1_copyint32int32|gg1_copyint32int32|gg1_copyint32int32|gg1_copyint32int32|g2_copyint32int32|vsn_LeftShiftint32|vvn_Addint32|vvn_Addint32|vn_copyint32uint8|vvn_NotEqualuint8|vn_copybool_int32|all_reduce_sumint32|all_reduce_sumint32
GPUPROF 74338.482446500 74338.482854000 6 50332176 g1_NotEqualuint8|vn_copybool_int32|gather_frontint32_int32_int_1|all_reduce_sumint32|all_reduce_sumint32|ss_Subtractint32
GPUPROF 74338.482991167 74338.482994500 1 8388613 gatheruint8int32_1_0_int
GPUPROF 74338.484149250 74338.486988792 12 201343516 gg2_copyuint8uint8|gg2_copyuint8uint8|gatheruint8int32_1_1_int|g3_copyuint8uint8|g1_NotEqualuint8|vn_copybool_int32|gather_frontint32_int32_int_1|all_reduce_sumint32|all_reduce_sumint32|gather_frontint32_int32_int_1|ss_Subtractint32|ss_Subtractint32
GPUPROF 74338.487160375 74338.487164125 1 16777221 gatheruint8int32_1_0_int
GPUPROF 74338.487278875 74338.487281417 1 16777221 gatheruint8int32_1_0_int
GPUPROF 74338.487639417 74338.488373875 15 54983172 nvfp4_quantize_bfloat16_t_gs_16_b_4|nvfp4_quantize_bfloat16_t_gs_16_b_4|nvfp4_quantize_bfloat16_t_gs_16_b_4|gg1_copyuint8uint8|gg1_copyuint8uint8|gg1_copyuint8uint8|row_reduce_simple_minuint8|row_reduce_simple_maxuint8|v_copyuint8int32|v_copyuint8int32|vv_Subtractint32|vs_LessEqualint32|v_copybool_int32|all_reduce_sumint32|all_reduce_sumint32
GPUPROF 74338.488618250 74338.489029042 28 59771396 v_copyuint8int32|g3_copyuint8uint8|vn_copyuint8int32|g2_Subtractint32|g2_Selectint32|vn_copyint32uint8|vsn_RightShiftuint16|vsn_BitwiseAnduint16|vsn_BitwiseAnduint16|vvn_BitwiseOruint16|vn_copyuint16uint8|vn_copyuint8int32|vs_Selectuint8|vsn_RightShiftint32|vsn_BitwiseAndint32|vsn_BitwiseAndint32|v_copyuint8int32|gg1_copyint32int32|gg1_copyint32int32|g2_Addint32|g3_copyint32int32|vs_Equaluint8|vn_copyint32uint8|g2_Selectuint8|vvn_NotEqualuint8|vn_copybool_int32|all_reduce_sumint32|all_reduce_sumint32
GPUPROF 74338.489437375 74338.490009750 6 44073093 nvfp4_quantize_bfloat16_t_gs_16_b_4|row_reduce_small_1_reduce_minuint8|g2_Subtractuint8|all_reduce_maxuint8|all_reduce_maxuint8|v_copyuint8int32
GPUPROF 74338.490473417 74338.490933292 63 73695748 vsn_RightShiftuint32|vsn_RightShiftuint32|vsn_RightShiftuint32|vsn_BitwiseAnduint32|vsn_BitwiseAnduint32|vsn_RightShiftuint32|vsn_BitwiseAnduint32|vvn_BitwiseOruint32|vsn_BitwiseAnduint32|vvn_BitwiseOruint32|vvn_BitwiseOruint32|vn_copyuint32uint8|vsn_RightShiftuint16|vsn_RightShiftuint16|vsn_BitwiseAnduint16|vsn_BitwiseAnduint16|vsn_BitwiseAnduint16|vsn_BitwiseAnduint16|vvn_BitwiseOruint16|vvn_BitwiseOruint16|vn_copyuint16uint8|vn_copyuint16uint8|vn_copyuint8int32|vn_copyuint8int32|vsn_RightShiftint32|vsn_RightShiftint32|vsn_RightShiftint32|vsn_RightShiftint32|vsn_RightShiftint32|vsn_RightShiftint32|vsn_RightShiftint32|vsn_RightShiftint32|vsn_RightShiftint32|v_copyuint8int32|vsn_BitwiseAndint32|vsn_BitwiseAndint32|vsn_BitwiseAndint32|vsn_BitwiseAndint32|vsn_BitwiseAndint32|vsn_BitwiseAndint32|vsn_BitwiseAndint32|vsn_BitwiseAndint32|vsn_BitwiseAndint32|vsn_BitwiseAndint32|gg1_copyint32int32|gg1_copyint32int32|gg1_copyint32int32|gg1_copyint32int32|gg1_copyint32int32|gg1_copyint32int32|gg1_copyint32int32|gg1_copyint32int32|gg1_copyint32int32|gg1_copyint32int32|g2_copyint32int32|vsn_LeftShiftint32|vvn_Addint32|vvn_Addint32|vn_copyint32uint8|vvn_NotEqualuint8|vn_copybool_int32|all_reduce_sumint32|all_reduce_sumint32
GPUPROF 74338.491377375 74338.491787500 6 50332176 g1_NotEqualuint8|vn_copybool_int32|gather_frontint32_int32_int_1|all_reduce_sumint32|all_reduce_sumint32|ss_Subtractint32
GPUPROF 74338.491928792 74338.491932000 1 8388613 gatheruint8int32_1_0_int
GPUPROF 74338.493089417 74338.495938417 12 201343516 gg2_copyuint8uint8|gg2_copyuint8uint8|gatheruint8int32_1_1_int|g3_copyuint8uint8|g1_NotEqualuint8|vn_copybool_int32|gather_frontint32_int32_int_1|all_reduce_sumint32|all_reduce_sumint32|gather_frontint32_int32_int_1|ss_Subtractint32|ss_Subtractint32
GPUPROF 74338.496134042 74338.496137875 1 16777221 gatheruint8int32_1_0_int
GPUPROF 74338.496265875 74338.496268750 1 16777221 gatheruint8int32_1_0_int
GPUPROF 74338.496692500 74338.497278875 15 43934212 nvfp4_quantize_bfloat16_t_gs_16_b_4|nvfp4_quantize_bfloat16_t_gs_16_b_4|nvfp4_quantize_bfloat16_t_gs_16_b_4|gg1_copyuint8uint8|gg1_copyuint8uint8|gg1_copyuint8uint8|row_reduce_simple_minuint8|row_reduce_simple_maxuint8|v_copyuint8int32|v_copyuint8int32|vv_Subtractint32|vs_LessEqualint32|v_copybool_int32|all_reduce_sumint32|all_reduce_sumint32
GPUPROF 74338.497496125 74338.497788375 28 47817220 v_copyuint8int32|g3_copyuint8uint8|vn_copyuint8int32|g2_Subtractint32|g2_Selectint32|vn_copyint32uint8|vsn_RightShiftuint16|vsn_BitwiseAnduint16|vsn_BitwiseAnduint16|vvn_BitwiseOruint16|vn_copyuint16uint8|vn_copyuint8int32|vs_Selectuint8|vsn_RightShiftint32|vsn_BitwiseAndint32|vsn_BitwiseAndint32|v_copyuint8int32|gg1_copyint32int32|gg1_copyint32int32|g2_Addint32|g3_copyint32int32|vs_Equaluint8|vn_copyint32uint8|g2_Selectuint8|vvn_NotEqualuint8|vn_copybool_int32|all_reduce_sumint32|all_reduce_sumint32
GPUPROF 74338.498166250 74338.498601500 6 33054853 nvfp4_quantize_bfloat16_t_gs_16_b_4|row_reduce_small_1_reduce_minuint8|g2_Subtractuint8|all_reduce_maxuint8|all_reduce_maxuint8|v_copyuint8int32
GPUPROF 74338.499040375 74338.499334750 63 55271940 vsn_RightShiftuint32|vsn_RightShiftuint32|vsn_RightShiftuint32|vsn_BitwiseAnduint32|vsn_BitwiseAnduint32|vsn_RightShiftuint32|vsn_BitwiseAnduint32|vvn_BitwiseOruint32|vsn_BitwiseAnduint32|vvn_BitwiseOruint32|vvn_BitwiseOruint32|vn_copyuint32uint8|vsn_RightShiftuint16|vsn_RightShiftuint16|vsn_BitwiseAnduint16|vsn_BitwiseAnduint16|vsn_BitwiseAnduint16|vsn_BitwiseAnduint16|vvn_BitwiseOruint16|vvn_BitwiseOruint16|vn_copyuint16uint8|vn_copyuint16uint8|vn_copyuint8int32|vn_copyuint8int32|vsn_RightShiftint32|vsn_RightShiftint32|vsn_RightShiftint32|vsn_RightShiftint32|vsn_RightShiftint32|vsn_RightShiftint32|vsn_RightShiftint32|vsn_RightShiftint32|vsn_RightShiftint32|v_copyuint8int32|vsn_BitwiseAndint32|vsn_BitwiseAndint32|vsn_BitwiseAndint32|vsn_BitwiseAndint32|vsn_BitwiseAndint32|vsn_BitwiseAndint32|vsn_BitwiseAndint32|vsn_BitwiseAndint32|vsn_BitwiseAndint32|vsn_BitwiseAndint32|gg1_copyint32int32|gg1_copyint32int32|gg1_copyint32int32|gg1_copyint32int32|gg1_copyint32int32|gg1_copyint32int32|gg1_copyint32int32|gg1_copyint32int32|gg1_copyint32int32|gg1_copyint32int32|g2_copyint32int32|vsn_LeftShiftint32|vvn_Addint32|vvn_Addint32|vn_copyint32uint8|vvn_NotEqualuint8|vn_copybool_int32|all_reduce_sumint32|all_reduce_sumint32
GPUPROF 74338.499605250 74338.500020750 6 50332176 g1_NotEqualuint8|vn_copybool_int32|gather_frontint32_int32_int_1|all_reduce_sumint32|all_reduce_sumint32|ss_Subtractint32
GPUPROF 74338.500160000 74338.500163417 1 8388613 gatheruint8int32_1_0_int
GPUPROF 74338.501308625 74338.504148375 12 201343516 gg2_copyuint8uint8|gg2_copyuint8uint8|gatheruint8int32_1_1_int|g3_copyuint8uint8|g1_NotEqualuint8|vn_copybool_int32|gather_frontint32_int32_int_1|all_reduce_sumint32|all_reduce_sumint32|gather_frontint32_int32_int_1|ss_Subtractint32|ss_Subtractint32
GPUPROF 74338.504340625 74338.504344125 1 16777221 gatheruint8int32_1_0_int
GPUPROF 74338.504467125 74338.504469792 1 16777221 gatheruint8int32_1_0_int
GPUPROF 74338.504847250 74338.505577625 15 54983172 nvfp4_quantize_bfloat16_t_gs_16_b_4|nvfp4_quantize_bfloat16_t_gs_16_b_4|nvfp4_quantize_bfloat16_t_gs_16_b_4|gg1_copyuint8uint8|gg1_copyuint8uint8|gg1_copyuint8uint8|row_reduce_simple_minuint8|row_reduce_simple_maxuint8|v_copyuint8int32|v_copyuint8int32|vv_Subtractint32|vs_LessEqualint32|v_copybool_int32|all_reduce_sumint32|all_reduce_sumint32
GPUPROF 74338.505919625 74338.506334542 28 59771396 v_copyuint8int32|g3_copyuint8uint8|vn_copyuint8int32|g2_Subtractint32|g2_Selectint32|vn_copyint32uint8|vsn_RightShiftuint16|vsn_BitwiseAnduint16|vsn_BitwiseAnduint16|vvn_BitwiseOruint16|vn_copyuint16uint8|vn_copyuint8int32|vs_Selectuint8|vsn_RightShiftint32|vsn_BitwiseAndint32|vsn_BitwiseAndint32|v_copyuint8int32|gg1_copyint32int32|gg1_copyint32int32|g2_Addint32|g3_copyint32int32|vs_Equaluint8|vn_copyint32uint8|g2_Selectuint8|vvn_NotEqualuint8|vn_copybool_int32|all_reduce_sumint32|all_reduce_sumint32
GPUPROF 74338.506758500 74338.507331250 6 44073093 nvfp4_quantize_bfloat16_t_gs_16_b_4|row_reduce_small_1_reduce_minuint8|g2_Subtractuint8|all_reduce_maxuint8|all_reduce_maxuint8|v_copyuint8int32
GPUPROF 74338.507874375 74338.508338250 63 73695748 vsn_RightShiftuint32|vsn_RightShiftuint32|vsn_RightShiftuint32|vsn_BitwiseAnduint32|vsn_BitwiseAnduint32|vsn_RightShiftuint32|vsn_BitwiseAnduint32|vvn_BitwiseOruint32|vsn_BitwiseAnduint32|vvn_BitwiseOruint32|vvn_BitwiseOruint32|vn_copyuint32uint8|vsn_RightShiftuint16|vsn_RightShiftuint16|vsn_BitwiseAnduint16|vsn_BitwiseAnduint16|vsn_BitwiseAnduint16|vsn_BitwiseAnduint16|vvn_BitwiseOruint16|vvn_BitwiseOruint16|vn_copyuint16uint8|vn_copyuint16uint8|vn_copyuint8int32|vn_copyuint8int32|vsn_RightShiftint32|vsn_RightShiftint32|vsn_RightShiftint32|vsn_RightShiftint32|vsn_RightShiftint32|vsn_RightShiftint32|vsn_RightShiftint32|vsn_RightShiftint32|vsn_RightShiftint32|v_copyuint8int32|vsn_BitwiseAndint32|vsn_BitwiseAndint32|vsn_BitwiseAndint32|vsn_BitwiseAndint32|vsn_BitwiseAndint32|vsn_BitwiseAndint32|vsn_BitwiseAndint32|vsn_BitwiseAndint32|vsn_BitwiseAndint32|vsn_BitwiseAndint32|gg1_copyint32int32|gg1_copyint32int32|gg1_copyint32int32|gg1_copyint32int32|gg1_copyint32int32|gg1_copyint32int32|gg1_copyint32int32|gg1_copyint32int32|gg1_copyint32int32|gg1_copyint32int32|g2_copyint32int32|vsn_LeftShiftint32|vvn_Addint32|vvn_Addint32|vn_copyint32uint8|vvn_NotEqualuint8|vn_copybool_int32|all_reduce_sumint32|all_reduce_sumint32
GPUPROF 74338.508767000 74338.509178625 6 50332176 g1_NotEqualuint8|vn_copybool_int32|gather_frontint32_int32_int_1|all_reduce_sumint32|all_reduce_sumint32|ss_Subtractint32
GPUPROF 74338.509312750 74338.509316125 1 8388613 gatheruint8int32_1_0_int
GPUPROF 74338.510486792 74338.513342375 12 201343516 gg2_copyuint8uint8|gg2_copyuint8uint8|gatheruint8int32_1_1_int|g3_copyuint8uint8|g1_NotEqualuint8|vn_copybool_int32|gather_frontint32_int32_int_1|all_reduce_sumint32|all_reduce_sumint32|gather_frontint32_int32_int_1|ss_Subtractint32|ss_Subtractint32
GPUPROF 74338.513531375 74338.513534750 1 16777221 gatheruint8int32_1_0_int
GPUPROF 74338.513668250 74338.513671042 1 16777221 gatheruint8int32_1_0_int
GPUPROF 74338.514047667 74338.514778375 15 54983172 nvfp4_quantize_bfloat16_t_gs_16_b_4|nvfp4_quantize_bfloat16_t_gs_16_b_4|nvfp4_quantize_bfloat16_t_gs_16_b_4|gg1_copyuint8uint8|gg1_copyuint8uint8|gg1_copyuint8uint8|row_reduce_simple_minuint8|row_reduce_simple_maxuint8|v_copyuint8int32|v_copyuint8int32|vv_Subtractint32|vs_LessEqualint32|v_copybool_int32|all_reduce_sumint32|all_reduce_sumint32
GPUPROF 74338.515032625 74338.515445250 28 59771396 v_copyuint8int32|g3_copyuint8uint8|vn_copyuint8int32|g2_Subtractint32|g2_Selectint32|vn_copyint32uint8|vsn_RightShiftuint16|vsn_BitwiseAnduint16|vsn_BitwiseAnduint16|vvn_BitwiseOruint16|vn_copyuint16uint8|vn_copyuint8int32|vs_Selectuint8|vsn_RightShiftint32|vsn_BitwiseAndint32|vsn_BitwiseAndint32|v_copyuint8int32|gg1_copyint32int32|gg1_copyint32int32|g2_Addint32|g3_copyint32int32|vs_Equaluint8|vn_copyint32uint8|g2_Selectuint8|vvn_NotEqualuint8|vn_copybool_int32|all_reduce_sumint32|all_reduce_sumint32
GPUPROF 74338.515846750 74338.516419917 6 44073093 nvfp4_quantize_bfloat16_t_gs_16_b_4|row_reduce_small_1_reduce_minuint8|g2_Subtractuint8|all_reduce_maxuint8|all_reduce_maxuint8|v_copyuint8int32
GPUPROF 74338.516894125 74338.517353125 63 73695748 vsn_RightShiftuint32|vsn_RightShiftuint32|vsn_RightShiftuint32|vsn_BitwiseAnduint32|vsn_BitwiseAnduint32|vsn_RightShiftuint32|vsn_BitwiseAnduint32|vvn_BitwiseOruint32|vsn_BitwiseAnduint32|vvn_BitwiseOruint32|vvn_BitwiseOruint32|vn_copyuint32uint8|vsn_RightShiftuint16|vsn_RightShiftuint16|vsn_BitwiseAnduint16|vsn_BitwiseAnduint16|vsn_BitwiseAnduint16|vsn_BitwiseAnduint16|vvn_BitwiseOruint16|vvn_BitwiseOruint16|vn_copyuint16uint8|vn_copyuint16uint8|vn_copyuint8int32|vn_copyuint8int32|vsn_RightShiftint32|vsn_RightShiftint32|vsn_RightShiftint32|vsn_RightShiftint32|vsn_RightShiftint32|vsn_RightShiftint32|vsn_RightShiftint32|vsn_RightShiftint32|vsn_RightShiftint32|v_copyuint8int32|vsn_BitwiseAndint32|vsn_BitwiseAndint32|vsn_BitwiseAndint32|vsn_BitwiseAndint32|vsn_BitwiseAndint32|vsn_BitwiseAndint32|vsn_BitwiseAndint32|vsn_BitwiseAndint32|vsn_BitwiseAndint32|vsn_BitwiseAndint32|gg1_copyint32int32|gg1_copyint32int32|gg1_copyint32int32|gg1_copyint32int32|gg1_copyint32int32|gg1_copyint32int32|gg1_copyint32int32|gg1_copyint32int32|gg1_copyint32int32|gg1_copyint32int32|g2_copyint32int32|vsn_LeftShiftint32|vvn_Addint32|vvn_Addint32|vn_copyint32uint8|vvn_NotEqualuint8|vn_copybool_int32|all_reduce_sumint32|all_reduce_sumint32
GPUPROF 74338.517863625 74338.518270042 6 50332176 g1_NotEqualuint8|vn_copybool_int32|gather_frontint32_int32_int_1|all_reduce_sumint32|all_reduce_sumint32|ss_Subtractint32
GPUPROF 74338.518407375 74338.518410917 1 8388613 gatheruint8int32_1_0_int
GPUPROF 74338.519574417 74338.522424542 12 201343516 gg2_copyuint8uint8|gg2_copyuint8uint8|gatheruint8int32_1_1_int|g3_copyuint8uint8|g1_NotEqualuint8|vn_copybool_int32|gather_frontint32_int32_int_1|all_reduce_sumint32|all_reduce_sumint32|gather_frontint32_int32_int_1|ss_Subtractint32|ss_Subtractint32
GPUPROF 74338.522618000 74338.522621375 1 16777221 gatheruint8int32_1_0_int
GPUPROF 74338.522751500 74338.522754125 1 16777221 gatheruint8int32_1_0_int
GPUPROF 74338.523138917 74338.523870667 15 54983172 nvfp4_quantize_bfloat16_t_gs_16_b_4|nvfp4_quantize_bfloat16_t_gs_16_b_4|nvfp4_quantize_bfloat16_t_gs_16_b_4|gg1_copyuint8uint8|gg1_copyuint8uint8|gg1_copyuint8uint8|row_reduce_simple_minuint8|row_reduce_simple_maxuint8|v_copyuint8int32|v_copyuint8int32|vv_Subtractint32|vs_LessEqualint32|v_copybool_int32|all_reduce_sumint32|all_reduce_sumint32
GPUPROF 74338.524200917 74338.524613875 28 59771396 v_copyuint8int32|g3_copyuint8uint8|vn_copyuint8int32|g2_Subtractint32|g2_Selectint32|vn_copyint32uint8|vsn_RightShiftuint16|vsn_BitwiseAnduint16|vsn_BitwiseAnduint16|vvn_BitwiseOruint16|vn_copyuint16uint8|vn_copyuint8int32|vs_Selectuint8|vsn_RightShiftint32|vsn_BitwiseAndint32|vsn_BitwiseAndint32|v_copyuint8int32|gg1_copyint32int32|gg1_copyint32int32|g2_Addint32|g3_copyint32int32|vs_Equaluint8|vn_copyint32uint8|g2_Selectuint8|vvn_NotEqualuint8|vn_copybool_int32|all_reduce_sumint32|all_reduce_sumint32
GPUPROF 74338.525037792 74338.525610500 6 44073093 nvfp4_quantize_bfloat16_t_gs_16_b_4|row_reduce_small_1_reduce_minuint8|g2_Subtractuint8|all_reduce_maxuint8|all_reduce_maxuint8|v_copyuint8int32
GPUPROF 74338.525957417 74338.526438500 63 73695748 vsn_RightShiftuint32|vsn_RightShiftuint32|vsn_RightShiftuint32|vsn_BitwiseAnduint32|vsn_BitwiseAnduint32|vsn_RightShiftuint32|vsn_BitwiseAnduint32|vvn_BitwiseOruint32|vsn_BitwiseAnduint32|vvn_BitwiseOruint32|vvn_BitwiseOruint32|vn_copyuint32uint8|vsn_RightShiftuint16|vsn_RightShiftuint16|vsn_BitwiseAnduint16|vsn_BitwiseAnduint16|vsn_BitwiseAnduint16|vsn_BitwiseAnduint16|vvn_BitwiseOruint16|vvn_BitwiseOruint16|vn_copyuint16uint8|vn_copyuint16uint8|vn_copyuint8int32|vn_copyuint8int32|vsn_RightShiftint32|vsn_RightShiftint32|vsn_RightShiftint32|vsn_RightShiftint32|vsn_RightShiftint32|vsn_RightShiftint32|vsn_RightShiftint32|vsn_RightShiftint32|vsn_RightShiftint32|v_copyuint8int32|vsn_BitwiseAndint32|vsn_BitwiseAndint32|vsn_BitwiseAndint32|vsn_BitwiseAndint32|vsn_BitwiseAndint32|vsn_BitwiseAndint32|vsn_BitwiseAndint32|vsn_BitwiseAndint32|vsn_BitwiseAndint32|vsn_BitwiseAndint32|gg1_copyint32int32|gg1_copyint32int32|gg1_copyint32int32|gg1_copyint32int32|gg1_copyint32int32|gg1_copyint32int32|gg1_copyint32int32|gg1_copyint32int32|gg1_copyint32int32|gg1_copyint32int32|g2_copyint32int32|vsn_LeftShiftint32|vvn_Addint32|vvn_Addint32|vn_copyint32uint8|vvn_NotEqualuint8|vn_copybool_int32|all_reduce_sumint32|all_reduce_sumint32
GPUPROF 74338.526954750 74338.527368375 6 50332176 g1_NotEqualuint8|vn_copybool_int32|gather_frontint32_int32_int_1|all_reduce_sumint32|all_reduce_sumint32|ss_Subtractint32
GPUPROF 74338.527506875 74338.527510000 1 8388613 gatheruint8int32_1_0_int
GPUPROF 74338.528675292 74338.531505417 12 201343516 gg2_copyuint8uint8|gg2_copyuint8uint8|gatheruint8int32_1_1_int|g3_copyuint8uint8|g1_NotEqualuint8|vn_copybool_int32|gather_frontint32_int32_int_1|all_reduce_sumint32|all_reduce_sumint32|gather_frontint32_int32_int_1|ss_Subtractint32|ss_Subtractint32
GPUPROF 74338.531704417 74338.531708167 1 16777221 gatheruint8int32_1_0_int
GPUPROF 74338.531836125 74338.531839000 1 16777221 gatheruint8int32_1_0_int
GPUPSO gg2_copyuint32uint32 maxThreads=1024 execWidth=32 tgMem=0
GPUPSO gg1_copyuint32uint32 maxThreads=1024 execWidth=32 tgMem=0
GPUPSO gg1_copybfloat16bfloat16 maxThreads=1024 execWidth=32 tgMem=0
GPUPSO affine_quantize_bfloat16_t_gs_32_b_8 maxThreads=1024 execWidth=32 tgMem=0
GPUPROF 74338.546100875 74338.551778000 12 855639040 gg1_copyuint8uint8|gg1_copyuint8uint8|gg1_copyuint8uint8|gg1_copyuint8uint8|gg2_copyuint32uint32|gg2_copyuint32uint32|gg1_copyuint8uint8|gg1_copyuint8uint8|gg1_copyuint8uint8|gg1_copyuint8uint8|gg2_copyuint32uint32|gg2_copyuint32uint32
GPUPROF 74338.560385292 74338.566365250 12 855639040 gg1_copyuint8uint8|gg1_copyuint8uint8|gg1_copyuint8uint8|gg1_copyuint8uint8|gg2_copyuint32uint32|gg2_copyuint32uint32|gg1_copyuint8uint8|gg1_copyuint8uint8|gg1_copyuint8uint8|gg1_copyuint8uint8|gg2_copyuint32uint32|gg2_copyuint32uint32
GPUPROF 74338.571687750 74338.575154792 42 587428352 gg1_copyuint8uint8|gg1_copyuint8uint8|gg1_copyuint32uint32|gg1_copyuint32uint32|gg1_copybfloat16bfloat16|gg1_copybfloat16bfloat16|gg1_copybfloat16bfloat16|gg1_copybfloat16bfloat16|affine_quantize_bfloat16_t_gs_32_b_8|gg1_copyuint32uint32|gg1_copyuint32uint32|gg1_copyuint32uint32|gg1_copyuint8uint8|gg1_copyuint8uint8|gg1_copyuint32uint32|gg1_copyuint32uint32|affine_quantize_bfloat16_t_gs_32_b_8|gg1_copyuint32uint32|gg1_copyuint32uint32|gg1_copyuint32uint32|gg1_copyuint8uint8|gg1_copyuint8uint8|gg1_copyuint32uint32|gg1_copyuint32uint32|affine_quantize_bfloat16_t_gs_32_b_8|gg1_copyuint32uint32|gg1_copyuint32uint32|gg1_copyuint32uint32|gg1_copyuint8uint8|gg1_copyuint8uint8|gg1_copyuint32uint32|gg1_copyuint32uint32|affine_quantize_bfloat16_t_gs_32_b_8|gg1_copyuint32uint32|gg1_copyuint32uint32|gg1_copyuint32uint32|gg1_copyuint8uint8|gg1_copyuint8uint8|gg1_copyuint8uint8|gg1_copyuint8uint8|gg2_copyuint32uint32|gg2_copyuint32uint32
GPUPROF 74338.584666625 74338.590352917 12 855639040 gg1_copyuint8uint8|gg1_copyuint8uint8|gg1_copyuint8uint8|gg1_copyuint8uint8|gg2_copyuint32uint32|gg2_copyuint32uint32|gg1_copyuint8uint8|gg1_copyuint8uint8|gg1_copyuint8uint8|gg1_copyuint8uint8|gg2_copyuint32uint32|gg2_copyuint32uint32
GPUPROF 74338.599878250 74338.605479292 12 855639040 gg1_copyuint8uint8|gg1_copyuint8uint8|gg1_copyuint8uint8|gg1_copyuint8uint8|gg2_copyuint32uint32|gg2_copyuint32uint32|gg1_copyuint8uint8|gg1_copyuint8uint8|gg1_copyuint8uint8|gg1_copyuint8uint8|gg2_copyuint32uint32|gg2_copyuint32uint32
GPUPROF 74338.619117875 74338.625484250 12 855639040 gg1_copyuint8uint8|gg1_copyuint8uint8|gg1_copyuint8uint8|gg1_copyuint8uint8|gg2_copyuint32uint32|gg2_copyuint32uint32|gg1_copyuint8uint8|gg1_copyuint8uint8|gg1_copyuint8uint8|gg1_copyuint8uint8|gg2_copyuint32uint32|gg2_copyuint32uint32
GPUPROF 74338.629316000 74338.633149042 64 587674368 gg1_copyuint8uint8|gg1_copyuint8uint8|gg1_copyuint8uint8|gg1_copyuint8uint8|gg1_copyuint32uint32|gg1_copyuint32uint32|affine_quantize_bfloat16_t_gs_32_b_8|gg1_copyuint32uint32|gg1_copyuint32uint32|gg1_copyuint32uint32|gg1_copyuint8uint8|gg1_copyuint8uint8|gg1_copyuint32uint32|gg1_copyuint32uint32|affine_quantize_bfloat16_t_gs_32_b_8|gg1_copyuint32uint32|gg1_copyuint32uint32|gg1_copyuint32uint32|gg1_copyuint8uint8|gg1_copyuint8uint8|gg1_copyuint32uint32|gg1_copyuint32uint32|affine_quantize_bfloat16_t_gs_32_b_8|gg1_copyuint32uint32|gg1_copyuint32uint32|gg1_copyuint32uint32|gg1_copyuint8uint8|gg1_copyuint8uint8|gg1_copyuint32uint32|gg1_copyuint32uint32|affine_quantize_bfloat16_t_gs_32_b_8|gg1_copyuint32uint32|gg1_copyuint32uint32|gg1_copyuint32uint32|gg1_copyuint8uint8|gg1_copyuint8uint8|gg1_copyuint32uint32|gg1_copyuint32uint32|affine_quantize_bfloat16_t_gs_32_b_8|gg1_copyuint32uint32|gg1_copyuint32uint32|gg1_copyuint32uint32|gg1_copyuint8uint8|gg1_copyuint8uint8|gg1_copyuint32uint32|gg1_copyuint32uint32|affine_quantize_bfloat16_t_gs_32_b_8|gg1_copyuint32uint32|gg1_copyuint32uint32|gg1_copyuint32uint32|gg1_copyuint8uint8|gg1_copyuint8uint8|gg1_copyuint32uint32|gg1_copyuint32uint32|affine_quantize_bfloat16_t_gs_32_b_8|gg1_copyuint32uint32|gg1_copyuint32uint32|gg1_copyuint32uint32|gg1_copyuint8uint8|gg1_copyuint8uint8|gg2_copyuint32uint32|gg2_copyuint32uint32|gg1_copyuint8uint8|gg1_copyuint8uint8
GPUPROF 74338.640958750 74338.646592250 10 838861568 gg1_copyuint8uint8|gg1_copyuint8uint8|gg2_copyuint32uint32|gg2_copyuint32uint32|gg1_copyuint8uint8|gg1_copyuint8uint8|gg1_copyuint8uint8|gg1_copyuint8uint8|gg2_copyuint32uint32|gg2_copyuint32uint32
GPUPROF 74338.653957250 74338.659937375 12 855639040 gg1_copyuint8uint8|gg1_copyuint8uint8|gg1_copyuint8uint8|gg1_copyuint8uint8|gg2_copyuint32uint32|gg2_copyuint32uint32|gg1_copyuint8uint8|gg1_copyuint8uint8|gg1_copyuint8uint8|gg1_copyuint8uint8|gg2_copyuint32uint32|gg2_copyuint32uint32
GPUPROF 74338.666657375 74338.673099625 12 855639040 gg1_copyuint8uint8|gg1_copyuint8uint8|gg1_copyuint8uint8|gg1_copyuint8uint8|gg2_copyuint32uint32|gg2_copyuint32uint32|gg1_copyuint8uint8|gg1_copyuint8uint8|gg1_copyuint8uint8|gg1_copyuint8uint8|gg2_copyuint32uint32|gg2_copyuint32uint32
GPUPROF 74338.676753375 74338.680562625 64 583377664 gg1_copyuint8uint8|gg1_copyuint8uint8|gg1_copyuint8uint8|gg1_copyuint8uint8|gg1_copyuint8uint8|gg1_copyuint8uint8|gg1_copyuint32uint32|gg1_copyuint32uint32|affine_quantize_bfloat16_t_gs_32_b_8|gg1_copyuint32uint32|gg1_copyuint32uint32|gg1_copyuint32uint32|gg1_copyuint8uint8|gg1_copyuint8uint8|gg1_copyuint32uint32|gg1_copyuint32uint32|affine_quantize_bfloat16_t_gs_32_b_8|gg1_copyuint32uint32|gg1_copyuint32uint32|gg1_copyuint32uint32|gg1_copyuint8uint8|gg1_copyuint8uint8|gg1_copyuint32uint32|gg1_copyuint32uint32|affine_quantize_bfloat16_t_gs_32_b_8|gg1_copyuint32uint32|gg1_copyuint32uint32|gg1_copyuint32uint32|gg1_copyuint8uint8|gg1_copyuint8uint8|gg1_copyuint32uint32|gg1_copyuint32uint32|affine_quantize_bfloat16_t_gs_32_b_8|gg1_copyuint32uint32|gg1_copyuint32uint32|gg1_copyuint32uint32|gg1_copyuint8uint8|gg1_copyuint8uint8|gg1_copyuint32uint32|gg1_copyuint32uint32|affine_quantize_bfloat16_t_gs_32_b_8|gg1_copyuint32uint32|gg1_copyuint32uint32|gg1_copyuint32uint32|gg1_copyuint8uint8|gg1_copyuint8uint8|gg1_copyuint32uint32|gg1_copyuint32uint32|affine_quantize_bfloat16_t_gs_32_b_8|gg1_copyuint32uint32|gg1_copyuint32uint32|gg1_copyuint32uint32|gg1_copyuint8uint8|gg1_copyuint8uint8|gg1_copyuint32uint32|gg1_copyuint32uint32|affine_quantize_bfloat16_t_gs_32_b_8|gg1_copyuint32uint32|gg1_copyuint32uint32|gg1_copyuint32uint32|gg2_copyuint32uint32|gg2_copyuint32uint32|gg1_copyuint8uint8|gg1_copyuint8uint8
GPUPROF 74338.688068375 74338.693801167 10 838861568 gg1_copyuint8uint8|gg1_copyuint8uint8|gg2_copyuint32uint32|gg2_copyuint32uint32|gg1_copyuint8uint8|gg1_copyuint8uint8|gg1_copyuint8uint8|gg1_copyuint8uint8|gg2_copyuint32uint32|gg2_copyuint32uint32
GPUPSO rope_float32_ maxThreads=1024 execWidth=32 tgMem=0
GPUPSO rope_freqs_float32_ maxThreads=1024 execWidth=32 tgMem=0
GPUPROF 74338.700726167 74338.706718875 12 855639040 gg1_copyuint8uint8|gg1_copyuint8uint8|gg1_copyuint8uint8|gg1_copyuint8uint8|gg2_copyuint32uint32|gg2_copyuint32uint32|gg1_copyuint8uint8|gg1_copyuint8uint8|gg1_copyuint8uint8|gg1_copyuint8uint8|gg2_copyuint32uint32|gg2_copyuint32uint32
GPUPROF 74338.713626125 74338.719870542 12 855639040 gg1_copyuint8uint8|gg1_copyuint8uint8|gg1_copyuint8uint8|gg1_copyuint8uint8|gg2_copyuint32uint32|gg2_copyuint32uint32|gg1_copyuint8uint8|gg1_copyuint8uint8|gg1_copyuint8uint8|gg1_copyuint8uint8|gg2_copyuint32uint32|gg2_copyuint32uint32
GPUPROF 74338.722421792 74338.726379542 64 583377664 gg1_copyuint8uint8|gg1_copyuint8uint8|gg1_copyuint8uint8|gg1_copyuint8uint8|gg2_copyuint32uint32|gg2_copyuint32uint32|gg1_copyuint8uint8|gg1_copyuint8uint8|gg1_copyuint32uint32|gg1_copyuint32uint32|affine_quantize_bfloat16_t_gs_32_b_8|gg1_copyuint32uint32|gg1_copyuint32uint32|gg1_copyuint32uint32|gg1_copyuint8uint8|gg1_copyuint8uint8|gg1_copyuint32uint32|gg1_copyuint32uint32|affine_quantize_bfloat16_t_gs_32_b_8|gg1_copyuint32uint32|gg1_copyuint32uint32|gg1_copyuint32uint32|gg1_copyuint8uint8|gg1_copyuint8uint8|gg1_copyuint32uint32|gg1_copyuint32uint32|affine_quantize_bfloat16_t_gs_32_b_8|gg1_copyuint32uint32|gg1_copyuint32uint32|gg1_copyuint32uint32|gg1_copyuint8uint8|gg1_copyuint8uint8|gg1_copyuint32uint32|gg1_copyuint32uint32|affine_quantize_bfloat16_t_gs_32_b_8|gg1_copyuint32uint32|gg1_copyuint32uint32|gg1_copyuint32uint32|gg1_copyuint8uint8|gg1_copyuint8uint8|gg1_copyuint32uint32|gg1_copyuint32uint32|affine_quantize_bfloat16_t_gs_32_b_8|gg1_copyuint32uint32|gg1_copyuint32uint32|gg1_copyuint32uint32|gg1_copyuint8uint8|gg1_copyuint8uint8|gg1_copyuint32uint32|gg1_copyuint32uint32|affine_quantize_bfloat16_t_gs_32_b_8|gg1_copyuint32uint32|gg1_copyuint32uint32|gg1_copyuint32uint32|gg1_copyuint8uint8|gg1_copyuint8uint8|gg1_copyuint32uint32|gg1_copyuint32uint32|affine_quantize_bfloat16_t_gs_32_b_8|gg1_copyuint32uint32|gg1_copyuint32uint32|gg1_copyuint32uint32|gg1_copyuint8uint8|gg1_copyuint8uint8
GPUPROF 74338.733759000 74338.739543375 10 838861568 gg1_copyuint8uint8|gg1_copyuint8uint8|gg2_copyuint32uint32|gg2_copyuint32uint32|gg1_copyuint8uint8|gg1_copyuint8uint8|gg1_copyuint8uint8|gg1_copyuint8uint8|gg2_copyuint32uint32|gg2_copyuint32uint32
GPUPROF 74338.746451125 74338.752554375 12 855639040 gg1_copyuint8uint8|gg1_copyuint8uint8|gg1_copyuint8uint8|gg1_copyuint8uint8|gg2_copyuint32uint32|gg2_copyuint32uint32|gg1_copyuint8uint8|gg1_copyuint8uint8|gg1_copyuint8uint8|gg1_copyuint8uint8|gg2_copyuint32uint32|gg2_copyuint32uint32
GPUPROF 74338.760343375 74338.766529667 12 855639040 gg1_copyuint8uint8|gg1_copyuint8uint8|gg1_copyuint8uint8|gg1_copyuint8uint8|gg2_copyuint32uint32|gg2_copyuint32uint32|gg1_copyuint8uint8|gg1_copyuint8uint8|gg1_copyuint8uint8|gg1_copyuint8uint8|gg2_copyuint32uint32|gg2_copyuint32uint32
GPUPROF 74338.770672792 74338.774726417 66 583574272 gg1_copyuint8uint8|gg1_copyuint8uint8|gg1_copyuint8uint8|gg1_copyuint8uint8|gg2_copyuint32uint32|gg2_copyuint32uint32|gg1_copyuint8uint8|gg1_copyuint8uint8|gg1_copyuint32uint32|gg1_copyuint32uint32|affine_quantize_bfloat16_t_gs_32_b_8|gg1_copyuint32uint32|gg1_copyuint32uint32|gg1_copyuint32uint32|gg1_copyuint8uint8|gg1_copyuint8uint8|gg1_copyuint32uint32|gg1_copyuint32uint32|affine_quantize_bfloat16_t_gs_32_b_8|gg1_copyuint32uint32|gg1_copyuint32uint32|gg1_copyuint32uint32|gg1_copyuint8uint8|gg1_copyuint8uint8|gg1_copyuint32uint32|gg1_copyuint32uint32|affine_quantize_bfloat16_t_gs_32_b_8|gg1_copyuint32uint32|gg1_copyuint32uint32|gg1_copyuint32uint32|gg1_copyuint8uint8|gg1_copyuint8uint8|gg1_copyuint32uint32|gg1_copyuint32uint32|affine_quantize_bfloat16_t_gs_32_b_8|gg1_copyuint32uint32|gg1_copyuint32uint32|gg1_copyuint32uint32|gg1_copyuint8uint8|gg1_copyuint8uint8|gg1_copyuint32uint32|gg1_copyuint32uint32|affine_quantize_bfloat16_t_gs_32_b_8|gg1_copyuint32uint32|gg1_copyuint32uint32|gg1_copyuint32uint32|gg1_copyuint8uint8|gg1_copyuint8uint8|gg1_copyuint32uint32|gg1_copyuint32uint32|affine_quantize_bfloat16_t_gs_32_b_8|gg1_copyuint32uint32|gg1_copyuint32uint32|gg1_copyuint32uint32|gg1_copyuint8uint8|gg1_copyuint8uint8|gg1_copyuint32uint32|gg1_copyuint32uint32|affine_quantize_bfloat16_t_gs_32_b_8|gg1_copyuint32uint32|gg1_copyuint32uint32|gg1_copyuint32uint32|gg1_copyuint8uint8|gg1_copyuint8uint8|gg1_copyuint8uint8|gg1_copyuint8uint8
GPUPROF 74338.782119375 74338.787883375 10 838861568 gg1_copyuint8uint8|gg1_copyuint8uint8|gg2_copyuint32uint32|gg2_copyuint32uint32|gg1_copyuint8uint8|gg1_copyuint8uint8|gg1_copyuint8uint8|gg1_copyuint8uint8|gg2_copyuint32uint32|gg2_copyuint32uint32
GPUPROF 74338.794825375 74338.801109125 12 855639040 gg1_copyuint8uint8|gg1_copyuint8uint8|gg1_copyuint8uint8|gg1_copyuint8uint8|gg2_copyuint32uint32|gg2_copyuint32uint32|gg1_copyuint8uint8|gg1_copyuint8uint8|gg1_copyuint8uint8|gg1_copyuint8uint8|gg2_copyuint32uint32|gg2_copyuint32uint32
GPUPROF 74338.809542500 74338.816846792 12 855639040 gg1_copyuint8uint8|gg1_copyuint8uint8|gg1_copyuint8uint8|gg1_copyuint8uint8|gg2_copyuint32uint32|gg2_copyuint32uint32|gg1_copyuint8uint8|gg1_copyuint8uint8|gg1_copyuint8uint8|gg1_copyuint8uint8|gg2_copyuint32uint32|gg2_copyuint32uint32
GPUPROF 74338.811717375 74338.814996375 62 264822920 gg1_copyuint32uint32|gg1_copyuint32uint32|affine_quantize_bfloat16_t_gs_32_b_8|gg1_copyuint32uint32|gg1_copyuint32uint32|gg1_copyuint32uint32|gg1_copyuint8uint8|gg1_copyuint8uint8|gg1_copyuint32uint32|gg1_copyuint32uint32|affine_quantize_bfloat16_t_gs_32_b_8|gg1_copyuint32uint32|gg1_copyuint32uint32|gg1_copyuint32uint32|gg1_copyuint8uint8|gg1_copyuint8uint8|gg1_copyuint32uint32|gg1_copyuint32uint32|affine_quantize_bfloat16_t_gs_32_b_8|gg1_copyuint32uint32|gg1_copyuint32uint32|gg1_copyuint32uint32|gg1_copyuint8uint8|gg1_copyuint8uint8|gg1_copyuint32uint32|gg1_copyuint32uint32|affine_quantize_bfloat16_t_gs_32_b_8|gg1_copyuint32uint32|gg1_copyuint32uint32|gg1_copyuint32uint32|gg1_copyuint8uint8|gg1_copyuint8uint8|gg1_copyuint32uint32|gg1_copyuint32uint32|affine_quantize_bfloat16_t_gs_32_b_8|gg1_copyuint32uint32|gg1_copyuint32uint32|gg1_copyuint32uint32|gg1_copyuint8uint8|gg1_copyuint8uint8|gg1_copyuint32uint32|gg1_copyuint32uint32|affine_quantize_bfloat16_t_gs_32_b_8|gg1_copyuint32uint32|gg1_copyuint32uint32|gg1_copyuint32uint32|gg1_copyuint8uint8|gg1_copyuint8uint8|gg1_copyuint32uint32|gg1_copyuint32uint32|affine_quantize_bfloat16_t_gs_32_b_8|gg1_copyuint32uint32|gg1_copyuint32uint32|gg1_copyuint32uint32|gg1_copybfloat16bfloat16|gg1_copybfloat16bfloat16|affine_quantize_bfloat16_t_gs_32_b_8|gg1_copyuint32uint32|gg1_copyuint32uint32|gg1_copyuint32uint32|rope_float32_|rope_freqs_float32_
GPUPSO vn_copybfloat16float32 maxThreads=1024 execWidth=32 tgMem=0
GPUPSO vn_Absfloat32float32 maxThreads=1024 execWidth=32 tgMem=0
GPUPSO row_reduce_small_1_reduce_maxfloat32 maxThreads=1024 execWidth=32 tgMem=0
GPUPSO vsn_GreaterEqualuint32 maxThreads=1024 execWidth=32 tgMem=0
GPUPSO vn_copyuint32int32 maxThreads=1024 execWidth=32 tgMem=0
GPUPSO vsn_Subtractint32 maxThreads=1024 execWidth=32 tgMem=0
GPUPSO vsn_Maximumint32 maxThreads=1024 execWidth=32 tgMem=0
GPUPSO vsn_Minimumint32 maxThreads=1024 execWidth=32 tgMem=0
GPUPSO vn_copyint32uint32 maxThreads=1024 execWidth=32 tgMem=0
GPUPSO vsn_LeftShiftuint32 maxThreads=1024 execWidth=32 tgMem=0
GPUPSO vsn_Equalint32 maxThreads=1024 execWidth=32 tgMem=0
GPUPSO svn_Selectfloat32 maxThreads=1024 execWidth=32 tgMem=0
GPUPSO g2_Dividefloat32 maxThreads=1024 execWidth=32 tgMem=0
GPUPSO vn_Roundfloat32float32 maxThreads=1024 execWidth=32 tgMem=0
GPUPSO all_reduce_maxfloat32 maxThreads=1024 execWidth=32 tgMem=128
GPUPROF 74338.836183125 74338.842925875 1 1233125376 vn_copybfloat16float32
GPUPROF 74338.851043500 74338.859055542 1 1644167168 vn_Absfloat32float32
GPUPROF 74338.859056667 74338.865018125 1 847773696 row_reduce_small_1_reduce_maxfloat32
GPUPROF 74338.872865167 74338.884687250 14 2042363904 vsn_BitwiseAnduint32|vsn_RightShiftuint32|vsn_GreaterEqualuint32|vn_copyuint32int32|vn_copybool_int32|vsn_Subtractint32|vvn_Addint32|vsn_Maximumint32|vsn_Minimumint32|vn_copyint32uint32|vsn_LeftShiftuint32|vsn_Equalint32|svn_Selectfloat32|g2_Dividefloat32
GPUPROF 74338.890447542 74338.904892792 2 1644167168 vn_Roundfloat32float32|vn_Absfloat32float32
GPUPROF 74338.904894000 74338.908050750 2 822099972 all_reduce_maxfloat32|all_reduce_maxfloat32
GPUPSO vsn_Addfloat32 maxThreads=1024 execWidth=32 tgMem=0
GPUPSO vn_copyfloat32uint8 maxThreads=1024 execWidth=32 tgMem=0
GPUPSO vsn_RightShiftuint8 maxThreads=1024 execWidth=32 tgMem=0
GPUPROF 74338.917270875 74338.930054292 2 1849688064 vsn_Addfloat32|vn_copyfloat32uint8
GPUPROF 74338.935295875 74338.947495625 5 2055208960 vsn_RightShiftuint32|vsn_RightShiftuint32|vsn_BitwiseAnduint32|vsn_BitwiseAnduint32|vsn_RightShiftuint32
GPUPROF 74338.947496792 74338.961043042 6 1284505600 vsn_BitwiseAnduint32|vvn_BitwiseOruint32|vsn_BitwiseAnduint32|vvn_BitwiseOruint32|vvn_BitwiseOruint32|vn_copyuint32uint8
GPUPROF 74338.942074417 74338.946373167 1 616562688 vsn_RightShiftuint8
GPUPROF 74338.961044375 74338.963191250 2 770703360 vsn_RightShiftuint16|vsn_RightShiftuint16
GPUPROF 74338.963192417 74338.967402042 4 1284505600 vsn_BitwiseAnduint16|vsn_BitwiseAnduint16|vsn_BitwiseAnduint16|vsn_BitwiseAnduint16
GPUPROF 74338.967403042 74338.970436500 2 513802240 vvn_BitwiseOruint16|vvn_BitwiseOruint16
GPUPROF 74338.970437417 74338.972234750 3 417464320 vn_copyint32uint8|vn_copyuint16uint8|vn_copyuint16uint8
mlxfast: lm_head prune active (coarse copy resident)
GPUPSO gather_frontbfloat16_int32_int_2 maxThreads=1024 execWidth=32 tgMem=0
GPUPSO rmsbfloat16 maxThreads=1024 execWidth=32 tgMem=144
GPUPSO steel_gemm_splitk_nt_bfloat16_float32_bm32_bn32_bk16_wm2_wn2_MN_taligned_K_taligned maxThreads=128 execWidth=32 tgMem=3072
GPUPSO steel_gemm_splitk_accum_bfloat16_float32 maxThreads=1024 execWidth=32 tgMem=0
GPUPSO steel_gemm_fused_nt_bfloat16_bfloat16_bm64_bn64_bk16_wm2_wn2_has_batch_n_use_out_source_n_do_axpby_n_align_M_t_align_N_t_align_K_t maxThreads=128 execWidth=32 tgMem=6144
GPUPSO steel_gemm_splitk_nt_bfloat16_float32_bm32_bn32_bk16_wm2_wn2_MN_naligned_K_taligned maxThreads=128 execWidth=32 tgMem=3072
GPUPSO custom_kernel_laguna_prefill_full_qk_norm_yarn_bf16_128_h1_v2_bfloat16_t_bfloat16_t_bfloat16_t_bfloat16_t_float_int32_tc_bfloat16_t_bfloat16_t maxThreads=1024 execWidth=32 tgMem=0
GPUPSO steel_attention_bfloat16_bq32_bk16_bd128_wm4_wn1_maskbfloat16_align_Q_t_align_K_t_has_mask_n_do_causal_t_has_sinks_n maxThreads=128 execWidth=32 tgMem=14848
GPUPSO Cf4IAsTypeADf4IBroadcastCBEf4IBroadcastBCFf4ILogAddExpDEGV2OAsTypeF_VC_V2_10408321403207385874_contiguous maxThreads=1024 execWidth=32 tgMem=0
GPUPSO g2_Multiplybfloat16 maxThreads=1024 execWidth=32 tgMem=0
GPUPSO custom_kernel_laguna_residual_rms_bf16_2048_v1_bfloat16_t_bfloat16_t_bfloat16_t_bfloat16_t_bfloat16_t maxThreads=1024 execWidth=32 tgMem=144
GPUPSO CV2ISigmoidADV2IBroadcastACEV2IBroadcastCAFV2IMultiplyDEGV2IBroadcastFBHV2IBroadcastBFIV2OMultiplyGH_VV_V2V2_11160318154034397263_contiguous maxThreads=1024 execWidth=32 tgMem=0
GPUPSO vvn_Addbfloat16 maxThreads=1024 execWidth=32 tgMem=0
GPUPROF 74338.977255917 74338.977615042 4 424679424 gather_frontbfloat16_int32_int_2|rmsbfloat16|steel_gemm_splitk_nt_bfloat16_float32_bm32_bn32_bk16_wm2_wn2_MN_taligned_K_taligned|steel_gemm_splitk_accum_bfloat16_float32
GPUPSO custom_kernel_laguna_prefill_sliding_qk_norm_rope_bf16_128_h1_v2_bfloat16_t_bfloat16_t_bfloat16_t_bfloat16_t_float_int32_tc_bfloat16_t_bfloat16_t maxThreads=1024 execWidth=32 tgMem=0
GPUPSO custom_kernel_laguna_prefill_router_tournament_ordinal_norm_v1_bfloat16_t_float_uint32_t_float maxThreads=1024 execWidth=32 tgMem=3584
GPUPSO custom_kernel_mlx_lm_route_csort_scatter_fused_m8_u32_v4_uint32_t_uint32_t_uint32_t_uint32_t maxThreads=1024 execWidth=32 tgMem=2080
GPUPSO gather_frontbfloat16_uint32_int_2 maxThreads=1024 execWidth=32 tgMem=0
GPUPSO arangeuint32 maxThreads=1024 execWidth=32 tgMem=0
GPUPSO nvfp4_gather_qmm_rhs_nt_bfloat16_t_gs_16_b_4_bm_16_bn_32_bk_32_wm_1_wn_2_align_M_t_align_N_t_align_K_t maxThreads=1024 execWidth=32 tgMem=3840
GPUPSO nvfp4_qmm_t_splitk_fused_bfloat16_t_gs_16_b_4_alN_true maxThreads=1024 execWidth=32 tgMem=5120
GPUPSO g2_copybfloat16bfloat16 maxThreads=1024 execWidth=32 tgMem=0
GPUPSO nvfp4_qmm_t_bfloat16_t_gs_16_b_4_alN_true_batch_0 maxThreads=1024 execWidth=32 tgMem=5120
GPUPSO custom_kernel_laguna_prefill_sorted_moe_tail_bf16_v1_bfloat16_t_uint32_t_float_bfloat16_t_bfloat16_t_bfloat16_t maxThreads=1024 execWidth=32 tgMem=0
GPUPROF 74338.978199167 74338.990106750 16 212455940 steel_gemm_splitk_nt_bfloat16_float32_bm32_bn32_bk16_wm2_wn2_MN_taligned_K_taligned|steel_gemm_splitk_accum_bfloat16_float32|steel_gemm_fused_nt_bfloat16_bfloat16_bm64_bn64_bk16_wm2_wn2_has_batch_n_use_out_source_n_do_axpby_n_align_M_t_align_N_t_align_K_t|steel_gemm_splitk_nt_bfloat16_float32_bm32_bn32_bk16_wm2_wn2_MN_naligned_K_taligned|steel_gemm_splitk_accum_bfloat16_float32|custom_kernel_laguna_prefill_full_qk_norm_yarn_bf16_128_h1_v2_bfloat16_t_bfloat16_t_bfloat16_t_bfloat16_t_float_int32_tc_bfloat16_t_bfloat16_t|steel_attention_bfloat16_bq32_bk16_bd128_wm4_wn1_maskbfloat16_align_Q_t_align_K_t_has_mask_n_do_causal_t_has_sinks_n|Cf4IAsTypeADf4IBroadcastCBEf4IBroadcastBCFf4ILogAddExpDEGV2OAsTypeF_VC_V2_10408321403207385874_contiguous|g2_Multiplybfloat16|steel_gemm_fused_nt_bfloat16_bfloat16_bm64_bn64_bk16_wm2_wn2_has_batch_n_use_out_source_n_do_axpby_n_align_M_t_align_N_t_align_K_t|custom_kernel_laguna_residual_rms_bf16_2048_v1_bfloat16_t_bfloat16_t_bfloat16_t_bfloat16_t_bfloat16_t|steel_gemm_fused_nt_bfloat16_bfloat16_bm64_bn64_bk16_wm2_wn2_has_batch_n_use_out_source_n_do_axpby_n_align_M_t_align_N_t_align_K_t|steel_gemm_fused_nt_bfloat16_bfloat16_bm64_bn64_bk16_wm2_wn2_has_batch_n_use_out_source_n_do_axpby_n_align_M_t_align_N_t_align_K_t|CV2ISigmoidADV2IBroadcastACEV2IBroadcastCAFV2IMultiplyDEGV2IBroadcastFBHV2IBroadcastBFIV2OMultiplyGH_VV_V2V2_11160318154034397263_contiguous|steel_gemm_fused_nt_bfloat16_bfloat16_bm64_bn64_bk16_wm2_wn2_has_batch_n_use_out_source_n_do_axpby_n_align_M_t_align_N_t_align_K_t|vvn_Addbfloat16
GPUPROF 74338.990122417 74339.001337375 30 636347908 rmsbfloat16|steel_gemm_splitk_nt_bfloat16_float32_bm32_bn32_bk16_wm2_wn2_MN_taligned_K_taligned|steel_gemm_splitk_accum_bfloat16_float32|steel_gemm_splitk_nt_bfloat16_float32_bm32_bn32_bk16_wm2_wn2_MN_taligned_K_taligned|steel_gemm_splitk_accum_bfloat16_float32|steel_gemm_fused_nt_bfloat16_bfloat16_bm64_bn64_bk16_wm2_wn2_has_batch_n_use_out_source_n_do_axpby_n_align_M_t_align_N_t_align_K_t|steel_gemm_splitk_nt_bfloat16_float32_bm32_bn32_bk16_wm2_wn2_MN_taligned_K_taligned|steel_gemm_splitk_accum_bfloat16_float32|custom_kernel_laguna_prefill_sliding_qk_norm_rope_bf16_128_h1_v2_bfloat16_t_bfloat16_t_bfloat16_t_bfloat16_t_float_int32_tc_bfloat16_t_bfloat16_t|steel_attention_bfloat16_bq32_bk16_bd128_wm4_wn1_maskbfloat16_align_Q_t_align_K_t_has_mask_n_do_causal_t_has_sinks_n|Cf4IAsTypeADf4IBroadcastCBEf4IBroadcastBCFf4ILogAddExpDEGV2OAsTypeF_VC_V2_10408321403207385874_contiguous|g2_Multiplybfloat16|steel_gemm_fused_nt_bfloat16_bfloat16_bm64_bn64_bk16_wm2_wn2_has_batch_n_use_out_source_n_do_axpby_n_align_M_t_align_N_t_align_K_t|custom_kernel_laguna_residual_rms_bf16_2048_v1_bfloat16_t_bfloat16_t_bfloat16_t_bfloat16_t_bfloat16_t|steel_gemm_splitk_nt_bfloat16_float32_bm32_bn32_bk16_wm2_wn2_MN_taligned_K_taligned|steel_gemm_splitk_accum_bfloat16_float32|custom_kernel_laguna_prefill_router_tournament_ordinal_norm_v1_bfloat16_t_float_uint32_t_float|custom_kernel_mlx_lm_route_csort_scatter_fused_m8_u32_v4_uint32_t_uint32_t_uint32_t_uint32_t|gather_frontbfloat16_uint32_int_2|arangeuint32|nvfp4_gather_qmm_rhs_nt_bfloat16_t_gs_16_b_4_bm_16_bn_32_bk_32_wm_1_wn_2_align_M_t_align_N_t_align_K_t|nvfp4_qmm_t_splitk_fused_bfloat16_t_gs_16_b_4_alN_true|nvfp4_qmm_t_splitk_fused_bfloat16_t_gs_16_b_4_alN_true|g2_copybfloat16bfloat16|g2_copybfloat16bfloat16|CV2ISigmoidADV2IBroadcastACEV2IBroadcastCAFV2IMultiplyDEGV2IBroadcastFBHV2IBroadcastBFIV2OMultiplyGH_VV_V2V2_11160318154034397263_contiguous|arangeuint32|CV2ISigmoidADV2IBroadcastACEV2IBroadcastCAFV2IMultiplyDEGV2IBroadcastFBHV2IBroadcastBFIV2OMultiplyGH_VV_V2V2_11160318154034397263_contiguous|nvfp4_qmm_t_bfloat16_t_gs_16_b_4_alN_true_batch_0|nvfp4_gather_qmm_rhs_nt_bfloat16_t_gs_16_b_4_bm_16_bn_32_bk_32_wm_1_wn_2_align_M_t_align_N_t_align_K_t
GPUPROF 74339.001338125 74339.001472875 1 23101440 custom_kernel_laguna_prefill_sorted_moe_tail_bf16_v1_bfloat16_t_uint32_t_float_bfloat16_t_bfloat16_t_bfloat16_t
GPUPROF 74339.001473875 74339.012682875 30 636347908 rmsbfloat16|steel_gemm_splitk_nt_bfloat16_float32_bm32_bn32_bk16_wm2_wn2_MN_taligned_K_taligned|steel_gemm_splitk_accum_bfloat16_float32|steel_gemm_splitk_nt_bfloat16_float32_bm32_bn32_bk16_wm2_wn2_MN_taligned_K_taligned|steel_gemm_splitk_accum_bfloat16_float32|steel_gemm_fused_nt_bfloat16_bfloat16_bm64_bn64_bk16_wm2_wn2_has_batch_n_use_out_source_n_do_axpby_n_align_M_t_align_N_t_align_K_t|steel_gemm_splitk_nt_bfloat16_float32_bm32_bn32_bk16_wm2_wn2_MN_taligned_K_taligned|steel_gemm_splitk_accum_bfloat16_float32|custom_kernel_laguna_prefill_sliding_qk_norm_rope_bf16_128_h1_v2_bfloat16_t_bfloat16_t_bfloat16_t_bfloat16_t_float_int32_tc_bfloat16_t_bfloat16_t|steel_attention_bfloat16_bq32_bk16_bd128_wm4_wn1_maskbfloat16_align_Q_t_align_K_t_has_mask_n_do_causal_t_has_sinks_n|Cf4IAsTypeADf4IBroadcastCBEf4IBroadcastBCFf4ILogAddExpDEGV2OAsTypeF_VC_V2_10408321403207385874_contiguous|g2_Multiplybfloat16|steel_gemm_fused_nt_bfloat16_bfloat16_bm64_bn64_bk16_wm2_wn2_has_batch_n_use_out_source_n_do_axpby_n_align_M_t_align_N_t_align_K_t|custom_kernel_laguna_residual_rms_bf16_2048_v1_bfloat16_t_bfloat16_t_bfloat16_t_bfloat16_t_bfloat16_t|steel_gemm_splitk_nt_bfloat16_float32_bm32_bn32_bk16_wm2_wn2_MN_taligned_K_taligned|steel_gemm_splitk_accum_bfloat16_float32|custom_kernel_laguna_prefill_router_tournament_ordinal_norm_v1_bfloat16_t_float_uint32_t_float|custom_kernel_mlx_lm_route_csort_scatter_fused_m8_u32_v4_uint32_t_uint32_t_uint32_t_uint32_t|gather_frontbfloat16_uint32_int_2|arangeuint32|nvfp4_gather_qmm_rhs_nt_bfloat16_t_gs_16_b_4_bm_16_bn_32_bk_32_wm_1_wn_2_align_M_t_align_N_t_align_K_t|nvfp4_qmm_t_splitk_fused_bfloat16_t_gs_16_b_4_alN_true|nvfp4_qmm_t_splitk_fused_bfloat16_t_gs_16_b_4_alN_true|g2_copybfloat16bfloat16|g2_copybfloat16bfloat16|CV2ISigmoidADV2IBroadcastACEV2IBroadcastCAFV2IMultiplyDEGV2IBroadcastFBHV2IBroadcastBFIV2OMultiplyGH_VV_V2V2_11160318154034397263_contiguous|arangeuint32|CV2ISigmoidADV2IBroadcastACEV2IBroadcastCAFV2IMultiplyDEGV2IBroadcastFBHV2IBroadcastBFIV2OMultiplyGH_VV_V2V2_11160318154034397263_contiguous|nvfp4_qmm_t_bfloat16_t_gs_16_b_4_alN_true_batch_0|nvfp4_gather_qmm_rhs_nt_bfloat16_t_gs_16_b_4_bm_16_bn_32_bk_32_wm_1_wn_2_align_M_t_align_N_t_align_K_t
GPUPROF 74339.012683750 74339.012761500 1 23101440 custom_kernel_laguna_prefill_sorted_moe_tail_bf16_v1_bfloat16_t_uint32_t_float_bfloat16_t_bfloat16_t_bfloat16_t
GPUPROF 74339.012762375 74339.023903000 30 636347908 rmsbfloat16|steel_gemm_splitk_nt_bfloat16_float32_bm32_bn32_bk16_wm2_wn2_MN_taligned_K_taligned|steel_gemm_splitk_accum_bfloat16_float32|steel_gemm_splitk_nt_bfloat16_float32_bm32_bn32_bk16_wm2_wn2_MN_taligned_K_taligned|steel_gemm_splitk_accum_bfloat16_float32|steel_gemm_fused_nt_bfloat16_bfloat16_bm64_bn64_bk16_wm2_wn2_has_batch_n_use_out_source_n_do_axpby_n_align_M_t_align_N_t_align_K_t|steel_gemm_splitk_nt_bfloat16_float32_bm32_bn32_bk16_wm2_wn2_MN_taligned_K_taligned|steel_gemm_splitk_accum_bfloat16_float32|custom_kernel_laguna_prefill_sliding_qk_norm_rope_bf16_128_h1_v2_bfloat16_t_bfloat16_t_bfloat16_t_bfloat16_t_float_int32_tc_bfloat16_t_bfloat16_t|steel_attention_bfloat16_bq32_bk16_bd128_wm4_wn1_maskbfloat16_align_Q_t_align_K_t_has_mask_n_do_causal_t_has_sinks_n|Cf4IAsTypeADf4IBroadcastCBEf4IBroadcastBCFf4ILogAddExpDEGV2OAsTypeF_VC_V2_10408321403207385874_contiguous|g2_Multiplybfloat16|steel_gemm_fused_nt_bfloat16_bfloat16_bm64_bn64_bk16_wm2_wn2_has_batch_n_use_out_source_n_do_axpby_n_align_M_t_align_N_t_align_K_t|custom_kernel_laguna_residual_rms_bf16_2048_v1_bfloat16_t_bfloat16_t_bfloat16_t_bfloat16_t_bfloat16_t|steel_gemm_splitk_nt_bfloat16_float32_bm32_bn32_bk16_wm2_wn2_MN_taligned_K_taligned|steel_gemm_splitk_accum_bfloat16_float32|custom_kernel_laguna_prefill_router_tournament_ordinal_norm_v1_bfloat16_t_float_uint32_t_float|custom_kernel_mlx_lm_route_csort_scatter_fused_m8_u32_v4_uint32_t_uint32_t_uint32_t_uint32_t|gather_frontbfloat16_uint32_int_2|arangeuint32|nvfp4_gather_qmm_rhs_nt_bfloat16_t_gs_16_b_4_bm_16_bn_32_bk_32_wm_1_wn_2_align_M_t_align_N_t_align_K_t|nvfp4_qmm_t_splitk_fused_bfloat16_t_gs_16_b_4_alN_true|nvfp4_qmm_t_splitk_fused_bfloat16_t_gs_16_b_4_alN_true|g2_copybfloat16bfloat16|g2_copybfloat16bfloat16|CV2ISigmoidADV2IBroadcastACEV2IBroadcastCAFV2IMultiplyDEGV2IBroadcastFBHV2IBroadcastBFIV2OMultiplyGH_VV_V2V2_11160318154034397263_contiguous|arangeuint32|CV2ISigmoidADV2IBroadcastACEV2IBroadcastCAFV2IMultiplyDEGV2IBroadcastFBHV2IBroadcastBFIV2OMultiplyGH_VV_V2V2_11160318154034397263_contiguous|nvfp4_qmm_t_bfloat16_t_gs_16_b_4_alN_true_batch_0|nvfp4_gather_qmm_rhs_nt_bfloat16_t_gs_16_b_4_bm_16_bn_32_bk_32_wm_1_wn_2_align_M_t_align_N_t_align_K_t
GPUPROF 74339.023904000 74339.023983042 1 23101440 custom_kernel_laguna_prefill_sorted_moe_tail_bf16_v1_bfloat16_t_uint32_t_float_bfloat16_t_bfloat16_t_bfloat16_t
GPUPROF 74339.023983875 74339.033715250 30 612017668 rmsbfloat16|steel_gemm_splitk_nt_bfloat16_float32_bm32_bn32_bk16_wm2_wn2_MN_taligned_K_taligned|steel_gemm_splitk_accum_bfloat16_float32|steel_gemm_splitk_nt_bfloat16_float32_bm32_bn32_bk16_wm2_wn2_MN_taligned_K_taligned|steel_gemm_splitk_accum_bfloat16_float32|steel_gemm_fused_nt_bfloat16_bfloat16_bm64_bn64_bk16_wm2_wn2_has_batch_n_use_out_source_n_do_axpby_n_align_M_t_align_N_t_align_K_t|steel_gemm_splitk_nt_bfloat16_float32_bm32_bn32_bk16_wm2_wn2_MN_naligned_K_taligned|steel_gemm_splitk_accum_bfloat16_float32|custom_kernel_laguna_prefill_full_qk_norm_yarn_bf16_128_h1_v2_bfloat16_t_bfloat16_t_bfloat16_t_bfloat16_t_float_int32_tc_bfloat16_t_bfloat16_t|steel_attention_bfloat16_bq32_bk16_bd128_wm4_wn1_maskbfloat16_align_Q_t_align_K_t_has_mask_n_do_causal_t_has_sinks_n|Cf4IAsTypeADf4IBroadcastCBEf4IBroadcastBCFf4ILogAddExpDEGV2OAsTypeF_VC_V2_10408321403207385874_contiguous|g2_Multiplybfloat16|steel_gemm_fused_nt_bfloat16_bfloat16_bm64_bn64_bk16_wm2_wn2_has_batch_n_use_out_source_n_do_axpby_n_align_M_t_align_N_t_align_K_t|custom_kernel_laguna_residual_rms_bf16_2048_v1_bfloat16_t_bfloat16_t_bfloat16_t_bfloat16_t_bfloat16_t|steel_gemm_splitk_nt_bfloat16_float32_bm32_bn32_bk16_wm2_wn2_MN_taligned_K_taligned|steel_gemm_splitk_accum_bfloat16_float32|custom_kernel_laguna_prefill_router_tournament_ordinal_norm_v1_bfloat16_t_float_uint32_t_float|custom_kernel_mlx_lm_route_csort_scatter_fused_m8_u32_v4_uint32_t_uint32_t_uint32_t_uint32_t|gather_frontbfloat16_uint32_int_2|arangeuint32|nvfp4_gather_qmm_rhs_nt_bfloat16_t_gs_16_b_4_bm_16_bn_32_bk_32_wm_1_wn_2_align_M_t_align_N_t_align_K_t|nvfp4_qmm_t_splitk_fused_bfloat16_t_gs_16_b_4_alN_true|nvfp4_qmm_t_splitk_fused_bfloat16_t_gs_16_b_4_alN_true|g2_copybfloat16bfloat16|g2_copybfloat16bfloat16|CV2ISigmoidADV2IBroadcastACEV2IBroadcastCAFV2IMultiplyDEGV2IBroadcastFBHV2IBroadcastBFIV2OMultiplyGH_VV_V2V2_11160318154034397263_contiguous|arangeuint32|CV2ISigmoidADV2IBroadcastACEV2IBroadcastCAFV2IMultiplyDEGV2IBroadcastFBHV2IBroadcastBFIV2OMultiplyGH_VV_V2V2_11160318154034397263_contiguous|nvfp4_qmm_t_bfloat16_t_gs_16_b_4_alN_true_batch_0|nvfp4_gather_qmm_rhs_nt_bfloat16_t_gs_16_b_4_bm_16_bn_32_bk_32_wm_1_wn_2_align_M_t_align_N_t_align_K_t
GPUPROF 74339.033716417 74339.033798292 1 23101440 custom_kernel_laguna_prefill_sorted_moe_tail_bf16_v1_bfloat16_t_uint32_t_float_bfloat16_t_bfloat16_t_bfloat16_t
GPUPROF 74339.033799125 74339.044922375 30 636347908 rmsbfloat16|steel_gemm_splitk_nt_bfloat16_float32_bm32_bn32_bk16_wm2_wn2_MN_taligned_K_taligned|steel_gemm_splitk_accum_bfloat16_float32|steel_gemm_splitk_nt_bfloat16_float32_bm32_bn32_bk16_wm2_wn2_MN_taligned_K_taligned|steel_gemm_splitk_accum_bfloat16_float32|steel_gemm_fused_nt_bfloat16_bfloat16_bm64_bn64_bk16_wm2_wn2_has_batch_n_use_out_source_n_do_axpby_n_align_M_t_align_N_t_align_K_t|steel_gemm_splitk_nt_bfloat16_float32_bm32_bn32_bk16_wm2_wn2_MN_taligned_K_taligned|steel_gemm_splitk_accum_bfloat16_float32|custom_kernel_laguna_prefill_sliding_qk_norm_rope_bf16_128_h1_v2_bfloat16_t_bfloat16_t_bfloat16_t_bfloat16_t_float_int32_tc_bfloat16_t_bfloat16_t|steel_attention_bfloat16_bq32_bk16_bd128_wm4_wn1_maskbfloat16_align_Q_t_align_K_t_has_mask_n_do_causal_t_has_sinks_n|Cf4IAsTypeADf4IBroadcastCBEf4IBroadcastBCFf4ILogAddExpDEGV2OAsTypeF_VC_V2_10408321403207385874_contiguous|g2_Multiplybfloat16|steel_gemm_fused_nt_bfloat16_bfloat16_bm64_bn64_bk16_wm2_wn2_has_batch_n_use_out_source_n_do_axpby_n_align_M_t_align_N_t_align_K_t|custom_kernel_laguna_residual_rms_bf16_2048_v1_bfloat16_t_bfloat16_t_bfloat16_t_bfloat16_t_bfloat16_t|steel_gemm_splitk_nt_bfloat16_float32_bm32_bn32_bk16_wm2_wn2_MN_taligned_K_taligned|steel_gemm_splitk_accum_bfloat16_float32|custom_kernel_laguna_prefill_router_tournament_ordinal_norm_v1_bfloat16_t_float_uint32_t_float|custom_kernel_mlx_lm_route_csort_scatter_fused_m8_u32_v4_uint32_t_uint32_t_uint32_t_uint32_t|gather_frontbfloat16_uint32_int_2|arangeuint32|nvfp4_gather_qmm_rhs_nt_bfloat16_t_gs_16_b_4_bm_16_bn_32_bk_32_wm_1_wn_2_align_M_t_align_N_t_align_K_t|nvfp4_qmm_t_splitk_fused_bfloat16_t_gs_16_b_4_alN_true|nvfp4_qmm_t_splitk_fused_bfloat16_t_gs_16_b_4_alN_true|g2_copybfloat16bfloat16|g2_copybfloat16bfloat16|CV2ISigmoidADV2IBroadcastACEV2IBroadcastCAFV2IMultiplyDEGV2IBroadcastFBHV2IBroadcastBFIV2OMultiplyGH_VV_V2V2_11160318154034397263_contiguous|arangeuint32|CV2ISigmoidADV2IBroadcastACEV2IBroadcastCAFV2IMultiplyDEGV2IBroadcastFBHV2IBroadcastBFIV2OMultiplyGH_VV_V2V2_11160318154034397263_contiguous|nvfp4_qmm_t_bfloat16_t_gs_16_b_4_alN_true_batch_0|nvfp4_gather_qmm_rhs_nt_bfloat16_t_gs_16_b_4_bm_16_bn_32_bk_32_wm_1_wn_2_align_M_t_align_N_t_align_K_t
GPUPROF 74339.044923250 74339.044998917 1 23101440 custom_kernel_laguna_prefill_sorted_moe_tail_bf16_v1_bfloat16_t_uint32_t_float_bfloat16_t_bfloat16_t_bfloat16_t
GPUPROF 74339.044999750 74339.056129250 30 636347908 rmsbfloat16|steel_gemm_splitk_nt_bfloat16_float32_bm32_bn32_bk16_wm2_wn2_MN_taligned_K_taligned|steel_gemm_splitk_accum_bfloat16_float32|steel_gemm_splitk_nt_bfloat16_float32_bm32_bn32_bk16_wm2_wn2_MN_taligned_K_taligned|steel_gemm_splitk_accum_bfloat16_float32|steel_gemm_fused_nt_bfloat16_bfloat16_bm64_bn64_bk16_wm2_wn2_has_batch_n_use_out_source_n_do_axpby_n_align_M_t_align_N_t_align_K_t|steel_gemm_splitk_nt_bfloat16_float32_bm32_bn32_bk16_wm2_wn2_MN_taligned_K_taligned|steel_gemm_splitk_accum_bfloat16_float32|custom_kernel_laguna_prefill_sliding_qk_norm_rope_bf16_128_h1_v2_bfloat16_t_bfloat16_t_bfloat16_t_bfloat16_t_float_int32_tc_bfloat16_t_bfloat16_t|steel_attention_bfloat16_bq32_bk16_bd128_wm4_wn1_maskbfloat16_align_Q_t_align_K_t_has_mask_n_do_causal_t_has_sinks_n|Cf4IAsTypeADf4IBroadcastCBEf4IBroadcastBCFf4ILogAddExpDEGV2OAsTypeF_VC_V2_10408321403207385874_contiguous|g2_Multiplybfloat16|steel_gemm_fused_nt_bfloat16_bfloat16_bm64_bn64_bk16_wm2_wn2_has_batch_n_use_out_source_n_do_axpby_n_align_M_t_align_N_t_align_K_t|custom_kernel_laguna_residual_rms_bf16_2048_v1_bfloat16_t_bfloat16_t_bfloat16_t_bfloat16_t_bfloat16_t|steel_gemm_splitk_nt_bfloat16_float32_bm32_bn32_bk16_wm2_wn2_MN_taligned_K_taligned|steel_gemm_splitk_accum_bfloat16_float32|custom_kernel_laguna_prefill_router_tournament_ordinal_norm_v1_bfloat16_t_float_uint32_t_float|custom_kernel_mlx_lm_route_csort_scatter_fused_m8_u32_v4_uint32_t_uint32_t_uint32_t_uint32_t|gather_frontbfloat16_uint32_int_2|arangeuint32|nvfp4_gather_qmm_rhs_nt_bfloat16_t_gs_16_b_4_bm_16_bn_32_bk_32_wm_1_wn_2_align_M_t_align_N_t_align_K_t|nvfp4_qmm_t_splitk_fused_bfloat16_t_gs_16_b_4_alN_true|nvfp4_qmm_t_splitk_fused_bfloat16_t_gs_16_b_4_alN_true|g2_copybfloat16bfloat16|g2_copybfloat16bfloat16|CV2ISigmoidADV2IBroadcastACEV2IBroadcastCAFV2IMultiplyDEGV2IBroadcastFBHV2IBroadcastBFIV2OMultiplyGH_VV_V2V2_11160318154034397263_contiguous|arangeuint32|CV2ISigmoidADV2IBroadcastACEV2IBroadcastCAFV2IMultiplyDEGV2IBroadcastFBHV2IBroadcastBFIV2OMultiplyGH_VV_V2V2_11160318154034397263_contiguous|nvfp4_qmm_t_bfloat16_t_gs_16_b_4_alN_true_batch_0|nvfp4_gather_qmm_rhs_nt_bfloat16_t_gs_16_b_4_bm_16_bn_32_bk_32_wm_1_wn_2_align_M_t_align_N_t_align_K_t
GPUPROF 74339.056130167 74339.056206500 1 23101440 custom_kernel_laguna_prefill_sorted_moe_tail_bf16_v1_bfloat16_t_uint32_t_float_bfloat16_t_bfloat16_t_bfloat16_t
GPUPROF 74339.056207250 74339.067334375 30 636347908 rmsbfloat16|steel_gemm_splitk_nt_bfloat16_float32_bm32_bn32_bk16_wm2_wn2_MN_taligned_K_taligned|steel_gemm_splitk_accum_bfloat16_float32|steel_gemm_splitk_nt_bfloat16_float32_bm32_bn32_bk16_wm2_wn2_MN_taligned_K_taligned|steel_gemm_splitk_accum_bfloat16_float32|steel_gemm_fused_nt_bfloat16_bfloat16_bm64_bn64_bk16_wm2_wn2_has_batch_n_use_out_source_n_do_axpby_n_align_M_t_align_N_t_align_K_t|steel_gemm_splitk_nt_bfloat16_float32_bm32_bn32_bk16_wm2_wn2_MN_taligned_K_taligned|steel_gemm_splitk_accum_bfloat16_float32|custom_kernel_laguna_prefill_sliding_qk_norm_rope_bf16_128_h1_v2_bfloat16_t_bfloat16_t_bfloat16_t_bfloat16_t_float_int32_tc_bfloat16_t_bfloat16_t|steel_attention_bfloat16_bq32_bk16_bd128_wm4_wn1_maskbfloat16_align_Q_t_align_K_t_has_mask_n_do_causal_t_has_sinks_n|Cf4IAsTypeADf4IBroadcastCBEf4IBroadcastBCFf4ILogAddExpDEGV2OAsTypeF_VC_V2_10408321403207385874_contiguous|g2_Multiplybfloat16|steel_gemm_fused_nt_bfloat16_bfloat16_bm64_bn64_bk16_wm2_wn2_has_batch_n_use_out_source_n_do_axpby_n_align_M_t_align_N_t_align_K_t|custom_kernel_laguna_residual_rms_bf16_2048_v1_bfloat16_t_bfloat16_t_bfloat16_t_bfloat16_t_bfloat16_t|steel_gemm_splitk_nt_bfloat16_float32_bm32_bn32_bk16_wm2_wn2_MN_taligned_K_taligned|steel_gemm_splitk_accum_bfloat16_float32|custom_kernel_laguna_prefill_router_tournament_ordinal_norm_v1_bfloat16_t_float_uint32_t_float|custom_kernel_mlx_lm_route_csort_scatter_fused_m8_u32_v4_uint32_t_uint32_t_uint32_t_uint32_t|gather_frontbfloat16_uint32_int_2|arangeuint32|nvfp4_gather_qmm_rhs_nt_bfloat16_t_gs_16_b_4_bm_16_bn_32_bk_32_wm_1_wn_2_align_M_t_align_N_t_align_K_t|nvfp4_qmm_t_splitk_fused_bfloat16_t_gs_16_b_4_alN_true|nvfp4_qmm_t_splitk_fused_bfloat16_t_gs_16_b_4_alN_true|g2_copybfloat16bfloat16|g2_copybfloat16bfloat16|CV2ISigmoidADV2IBroadcastACEV2IBroadcastCAFV2IMultiplyDEGV2IBroadcastFBHV2IBroadcastBFIV2OMultiplyGH_VV_V2V2_11160318154034397263_contiguous|arangeuint32|CV2ISigmoidADV2IBroadcastACEV2IBroadcastCAFV2IMultiplyDEGV2IBroadcastFBHV2IBroadcastBFIV2OMultiplyGH_VV_V2V2_11160318154034397263_contiguous|nvfp4_qmm_t_bfloat16_t_gs_16_b_4_alN_true_batch_0|nvfp4_gather_qmm_rhs_nt_bfloat16_t_gs_16_b_4_bm_16_bn_32_bk_32_wm_1_wn_2_align_M_t_align_N_t_align_K_t
GPUPROF 74339.067335375 74339.067411750 1 23101440 custom_kernel_laguna_prefill_sorted_moe_tail_bf16_v1_bfloat16_t_uint32_t_float_bfloat16_t_bfloat16_t_bfloat16_t
GPUPROF 74339.067412500 74339.077172875 30 612017668 rmsbfloat16|steel_gemm_splitk_nt_bfloat16_float32_bm32_bn32_bk16_wm2_wn2_MN_taligned_K_taligned|steel_gemm_splitk_accum_bfloat16_float32|steel_gemm_splitk_nt_bfloat16_float32_bm32_bn32_bk16_wm2_wn2_MN_taligned_K_taligned|steel_gemm_splitk_accum_bfloat16_float32|steel_gemm_fused_nt_bfloat16_bfloat16_bm64_bn64_bk16_wm2_wn2_has_batch_n_use_out_source_n_do_axpby_n_align_M_t_align_N_t_align_K_t|steel_gemm_splitk_nt_bfloat16_float32_bm32_bn32_bk16_wm2_wn2_MN_naligned_K_taligned|steel_gemm_splitk_accum_bfloat16_float32|custom_kernel_laguna_prefill_full_qk_norm_yarn_bf16_128_h1_v2_bfloat16_t_bfloat16_t_bfloat16_t_bfloat16_t_float_int32_tc_bfloat16_t_bfloat16_t|steel_attention_bfloat16_bq32_bk16_bd128_wm4_wn1_maskbfloat16_align_Q_t_align_K_t_has_mask_n_do_causal_t_has_sinks_n|Cf4IAsTypeADf4IBroadcastCBEf4IBroadcastBCFf4ILogAddExpDEGV2OAsTypeF_VC_V2_10408321403207385874_contiguous|g2_Multiplybfloat16|steel_gemm_fused_nt_bfloat16_bfloat16_bm64_bn64_bk16_wm2_wn2_has_batch_n_use_out_source_n_do_axpby_n_align_M_t_align_N_t_align_K_t|custom_kernel_laguna_residual_rms_bf16_2048_v1_bfloat16_t_bfloat16_t_bfloat16_t_bfloat16_t_bfloat16_t|steel_gemm_splitk_nt_bfloat16_float32_bm32_bn32_bk16_wm2_wn2_MN_taligned_K_taligned|steel_gemm_splitk_accum_bfloat16_float32|custom_kernel_laguna_prefill_router_tournament_ordinal_norm_v1_bfloat16_t_float_uint32_t_float|custom_kernel_mlx_lm_route_csort_scatter_fused_m8_u32_v4_uint32_t_uint32_t_uint32_t_uint32_t|gather_frontbfloat16_uint32_int_2|arangeuint32|nvfp4_gather_qmm_rhs_nt_bfloat16_t_gs_16_b_4_bm_16_bn_32_bk_32_wm_1_wn_2_align_M_t_align_N_t_align_K_t|nvfp4_qmm_t_splitk_fused_bfloat16_t_gs_16_b_4_alN_true|nvfp4_qmm_t_splitk_fused_bfloat16_t_gs_16_b_4_alN_true|g2_copybfloat16bfloat16|g2_copybfloat16bfloat16|CV2ISigmoidADV2IBroadcastACEV2IBroadcastCAFV2IMultiplyDEGV2IBroadcastFBHV2IBroadcastBFIV2OMultiplyGH_VV_V2V2_11160318154034397263_contiguous|arangeuint32|CV2ISigmoidADV2IBroadcastACEV2IBroadcastCAFV2IMultiplyDEGV2IBroadcastFBHV2IBroadcastBFIV2OMultiplyGH_VV_V2V2_11160318154034397263_contiguous|nvfp4_qmm_t_bfloat16_t_gs_16_b_4_alN_true_batch_0|nvfp4_gather_qmm_rhs_nt_bfloat16_t_gs_16_b_4_bm_16_bn_32_bk_32_wm_1_wn_2_align_M_t_align_N_t_align_K_t
GPUPROF 74339.077173750 74339.077250625 1 23101440 custom_kernel_laguna_prefill_sorted_moe_tail_bf16_v1_bfloat16_t_uint32_t_float_bfloat16_t_bfloat16_t_bfloat16_t
GPUPROF 74339.077251500 74339.088393625 30 636347908 rmsbfloat16|steel_gemm_splitk_nt_bfloat16_float32_bm32_bn32_bk16_wm2_wn2_MN_taligned_K_taligned|steel_gemm_splitk_accum_bfloat16_float32|steel_gemm_splitk_nt_bfloat16_float32_bm32_bn32_bk16_wm2_wn2_MN_taligned_K_taligned|steel_gemm_splitk_accum_bfloat16_float32|steel_gemm_fused_nt_bfloat16_bfloat16_bm64_bn64_bk16_wm2_wn2_has_batch_n_use_out_source_n_do_axpby_n_align_M_t_align_N_t_align_K_t|steel_gemm_splitk_nt_bfloat16_float32_bm32_bn32_bk16_wm2_wn2_MN_taligned_K_taligned|steel_gemm_splitk_accum_bfloat16_float32|custom_kernel_laguna_prefill_sliding_qk_norm_rope_bf16_128_h1_v2_bfloat16_t_bfloat16_t_bfloat16_t_bfloat16_t_float_int32_tc_bfloat16_t_bfloat16_t|steel_attention_bfloat16_bq32_bk16_bd128_wm4_wn1_maskbfloat16_align_Q_t_align_K_t_has_mask_n_do_causal_t_has_sinks_n|Cf4IAsTypeADf4IBroadcastCBEf4IBroadcastBCFf4ILogAddExpDEGV2OAsTypeF_VC_V2_10408321403207385874_contiguous|g2_Multiplybfloat16|steel_gemm_fused_nt_bfloat16_bfloat16_bm64_bn64_bk16_wm2_wn2_has_batch_n_use_out_source_n_do_axpby_n_align_M_t_align_N_t_align_K_t|custom_kernel_laguna_residual_rms_bf16_2048_v1_bfloat16_t_bfloat16_t_bfloat16_t_bfloat16_t_bfloat16_t|steel_gemm_splitk_nt_bfloat16_float32_bm32_bn32_bk16_wm2_wn2_MN_taligned_K_taligned|steel_gemm_splitk_accum_bfloat16_float32|custom_kernel_laguna_prefill_router_tournament_ordinal_norm_v1_bfloat16_t_float_uint32_t_float|custom_kernel_mlx_lm_route_csort_scatter_fused_m8_u32_v4_uint32_t_uint32_t_uint32_t_uint32_t|gather_frontbfloat16_uint32_int_2|arangeuint32|nvfp4_gather_qmm_rhs_nt_bfloat16_t_gs_16_b_4_bm_16_bn_32_bk_32_wm_1_wn_2_align_M_t_align_N_t_align_K_t|nvfp4_qmm_t_splitk_fused_bfloat16_t_gs_16_b_4_alN_true|nvfp4_qmm_t_splitk_fused_bfloat16_t_gs_16_b_4_alN_true|g2_copybfloat16bfloat16|g2_copybfloat16bfloat16|CV2ISigmoidADV2IBroadcastACEV2IBroadcastCAFV2IMultiplyDEGV2IBroadcastFBHV2IBroadcastBFIV2OMultiplyGH_VV_V2V2_11160318154034397263_contiguous|arangeuint32|CV2ISigmoidADV2IBroadcastACEV2IBroadcastCAFV2IMultiplyDEGV2IBroadcastFBHV2IBroadcastBFIV2OMultiplyGH_VV_V2V2_11160318154034397263_contiguous|nvfp4_qmm_t_bfloat16_t_gs_16_b_4_alN_true_batch_0|nvfp4_gather_qmm_rhs_nt_bfloat16_t_gs_16_b_4_bm_16_bn_32_bk_32_wm_1_wn_2_align_M_t_align_N_t_align_K_t
GPUPROF 74339.088394625 74339.088472417 1 23101440 custom_kernel_laguna_prefill_sorted_moe_tail_bf16_v1_bfloat16_t_uint32_t_float_bfloat16_t_bfloat16_t_bfloat16_t
GPUPROF 74339.088473250 74339.099617125 30 636347908 rmsbfloat16|steel_gemm_splitk_nt_bfloat16_float32_bm32_bn32_bk16_wm2_wn2_MN_taligned_K_taligned|steel_gemm_splitk_accum_bfloat16_float32|steel_gemm_splitk_nt_bfloat16_float32_bm32_bn32_bk16_wm2_wn2_MN_taligned_K_taligned|steel_gemm_splitk_accum_bfloat16_float32|steel_gemm_fused_nt_bfloat16_bfloat16_bm64_bn64_bk16_wm2_wn2_has_batch_n_use_out_source_n_do_axpby_n_align_M_t_align_N_t_align_K_t|steel_gemm_splitk_nt_bfloat16_float32_bm32_bn32_bk16_wm2_wn2_MN_taligned_K_taligned|steel_gemm_splitk_accum_bfloat16_float32|custom_kernel_laguna_prefill_sliding_qk_norm_rope_bf16_128_h1_v2_bfloat16_t_bfloat16_t_bfloat16_t_bfloat16_t_float_int32_tc_bfloat16_t_bfloat16_t|steel_attention_bfloat16_bq32_bk16_bd128_wm4_wn1_maskbfloat16_align_Q_t_align_K_t_has_mask_n_do_causal_t_has_sinks_n|Cf4IAsTypeADf4IBroadcastCBEf4IBroadcastBCFf4ILogAddExpDEGV2OAsTypeF_VC_V2_10408321403207385874_contiguous|g2_Multiplybfloat16|steel_gemm_fused_nt_bfloat16_bfloat16_bm64_bn64_bk16_wm2_wn2_has_batch_n_use_out_source_n_do_axpby_n_align_M_t_align_N_t_align_K_t|custom_kernel_laguna_residual_rms_bf16_2048_v1_bfloat16_t_bfloat16_t_bfloat16_t_bfloat16_t_bfloat16_t|steel_gemm_splitk_nt_bfloat16_float32_bm32_bn32_bk16_wm2_wn2_MN_taligned_K_taligned|steel_gemm_splitk_accum_bfloat16_float32|custom_kernel_laguna_prefill_router_tournament_ordinal_norm_v1_bfloat16_t_float_uint32_t_float|custom_kernel_mlx_lm_route_csort_scatter_fused_m8_u32_v4_uint32_t_uint32_t_uint32_t_uint32_t|gather_frontbfloat16_uint32_int_2|arangeuint32|nvfp4_gather_qmm_rhs_nt_bfloat16_t_gs_16_b_4_bm_16_bn_32_bk_32_wm_1_wn_2_align_M_t_align_N_t_align_K_t|nvfp4_qmm_t_splitk_fused_bfloat16_t_gs_16_b_4_alN_true|nvfp4_qmm_t_splitk_fused_bfloat16_t_gs_16_b_4_alN_true|g2_copybfloat16bfloat16|g2_copybfloat16bfloat16|CV2ISigmoidADV2IBroadcastACEV2IBroadcastCAFV2IMultiplyDEGV2IBroadcastFBHV2IBroadcastBFIV2OMultiplyGH_VV_V2V2_11160318154034397263_contiguous|arangeuint32|CV2ISigmoidADV2IBroadcastACEV2IBroadcastCAFV2IMultiplyDEGV2IBroadcastFBHV2IBroadcastBFIV2OMultiplyGH_VV_V2V2_11160318154034397263_contiguous|nvfp4_qmm_t_bfloat16_t_gs_16_b_4_alN_true_batch_0|nvfp4_gather_qmm_rhs_nt_bfloat16_t_gs_16_b_4_bm_16_bn_32_bk_32_wm_1_wn_2_align_M_t_align_N_t_align_K_t
GPUPROF 74339.099618167 74339.099695500 1 23101440 custom_kernel_laguna_prefill_sorted_moe_tail_bf16_v1_bfloat16_t_uint32_t_float_bfloat16_t_bfloat16_t_bfloat16_t
GPUPROF 74339.099696292 74339.110835375 30 636347908 rmsbfloat16|steel_gemm_splitk_nt_bfloat16_float32_bm32_bn32_bk16_wm2_wn2_MN_taligned_K_taligned|steel_gemm_splitk_accum_bfloat16_float32|steel_gemm_splitk_nt_bfloat16_float32_bm32_bn32_bk16_wm2_wn2_MN_taligned_K_taligned|steel_gemm_splitk_accum_bfloat16_float32|steel_gemm_fused_nt_bfloat16_bfloat16_bm64_bn64_bk16_wm2_wn2_has_batch_n_use_out_source_n_do_axpby_n_align_M_t_align_N_t_align_K_t|steel_gemm_splitk_nt_bfloat16_float32_bm32_bn32_bk16_wm2_wn2_MN_taligned_K_taligned|steel_gemm_splitk_accum_bfloat16_float32|custom_kernel_laguna_prefill_sliding_qk_norm_rope_bf16_128_h1_v2_bfloat16_t_bfloat16_t_bfloat16_t_bfloat16_t_float_int32_tc_bfloat16_t_bfloat16_t|steel_attention_bfloat16_bq32_bk16_bd128_wm4_wn1_maskbfloat16_align_Q_t_align_K_t_has_mask_n_do_causal_t_has_sinks_n|Cf4IAsTypeADf4IBroadcastCBEf4IBroadcastBCFf4ILogAddExpDEGV2OAsTypeF_VC_V2_10408321403207385874_contiguous|g2_Multiplybfloat16|steel_gemm_fused_nt_bfloat16_bfloat16_bm64_bn64_bk16_wm2_wn2_has_batch_n_use_out_source_n_do_axpby_n_align_M_t_align_N_t_align_K_t|custom_kernel_laguna_residual_rms_bf16_2048_v1_bfloat16_t_bfloat16_t_bfloat16_t_bfloat16_t_bfloat16_t|steel_gemm_splitk_nt_bfloat16_float32_bm32_bn32_bk16_wm2_wn2_MN_taligned_K_taligned|steel_gemm_splitk_accum_bfloat16_float32|custom_kernel_laguna_prefill_router_tournament_ordinal_norm_v1_bfloat16_t_float_uint32_t_float|custom_kernel_mlx_lm_route_csort_scatter_fused_m8_u32_v4_uint32_t_uint32_t_uint32_t_uint32_t|gather_frontbfloat16_uint32_int_2|arangeuint32|nvfp4_gather_qmm_rhs_nt_bfloat16_t_gs_16_b_4_bm_16_bn_32_bk_32_wm_1_wn_2_align_M_t_align_N_t_align_K_t|nvfp4_qmm_t_splitk_fused_bfloat16_t_gs_16_b_4_alN_true|nvfp4_qmm_t_splitk_fused_bfloat16_t_gs_16_b_4_alN_true|g2_copybfloat16bfloat16|g2_copybfloat16bfloat16|CV2ISigmoidADV2IBroadcastACEV2IBroadcastCAFV2IMultiplyDEGV2IBroadcastFBHV2IBroadcastBFIV2OMultiplyGH_VV_V2V2_11160318154034397263_contiguous|arangeuint32|CV2ISigmoidADV2IBroadcastACEV2IBroadcastCAFV2IMultiplyDEGV2IBroadcastFBHV2IBroadcastBFIV2OMultiplyGH_VV_V2V2_11160318154034397263_contiguous|nvfp4_qmm_t_bfloat16_t_gs_16_b_4_alN_true_batch_0|nvfp4_gather_qmm_rhs_nt_bfloat16_t_gs_16_b_4_bm_16_bn_32_bk_32_wm_1_wn_2_align_M_t_align_N_t_align_K_t
GPUPROF 74339.110836250 74339.110915000 1 23101440 custom_kernel_laguna_prefill_sorted_moe_tail_bf16_v1_bfloat16_t_uint32_t_float_bfloat16_t_bfloat16_t_bfloat16_t
GPUPROF 74339.110915750 74339.120685250 30 612017668 rmsbfloat16|steel_gemm_splitk_nt_bfloat16_float32_bm32_bn32_bk16_wm2_wn2_MN_taligned_K_taligned|steel_gemm_splitk_accum_bfloat16_float32|steel_gemm_splitk_nt_bfloat16_float32_bm32_bn32_bk16_wm2_wn2_MN_taligned_K_taligned|steel_gemm_splitk_accum_bfloat16_float32|steel_gemm_fused_nt_bfloat16_bfloat16_bm64_bn64_bk16_wm2_wn2_has_batch_n_use_out_source_n_do_axpby_n_align_M_t_align_N_t_align_K_t|steel_gemm_splitk_nt_bfloat16_float32_bm32_bn32_bk16_wm2_wn2_MN_naligned_K_taligned|steel_gemm_splitk_accum_bfloat16_float32|custom_kernel_laguna_prefill_full_qk_norm_yarn_bf16_128_h1_v2_bfloat16_t_bfloat16_t_bfloat16_t_bfloat16_t_float_int32_tc_bfloat16_t_bfloat16_t|steel_attention_bfloat16_bq32_bk16_bd128_wm4_wn1_maskbfloat16_align_Q_t_align_K_t_has_mask_n_do_causal_t_has_sinks_n|Cf4IAsTypeADf4IBroadcastCBEf4IBroadcastBCFf4ILogAddExpDEGV2OAsTypeF_VC_V2_10408321403207385874_contiguous|g2_Multiplybfloat16|steel_gemm_fused_nt_bfloat16_bfloat16_bm64_bn64_bk16_wm2_wn2_has_batch_n_use_out_source_n_do_axpby_n_align_M_t_align_N_t_align_K_t|custom_kernel_laguna_residual_rms_bf16_2048_v1_bfloat16_t_bfloat16_t_bfloat16_t_bfloat16_t_bfloat16_t|steel_gemm_splitk_nt_bfloat16_float32_bm32_bn32_bk16_wm2_wn2_MN_taligned_K_taligned|steel_gemm_splitk_accum_bfloat16_float32|custom_kernel_laguna_prefill_router_tournament_ordinal_norm_v1_bfloat16_t_float_uint32_t_float|custom_kernel_mlx_lm_route_csort_scatter_fused_m8_u32_v4_uint32_t_uint32_t_uint32_t_uint32_t|gather_frontbfloat16_uint32_int_2|arangeuint32|nvfp4_gather_qmm_rhs_nt_bfloat16_t_gs_16_b_4_bm_16_bn_32_bk_32_wm_1_wn_2_align_M_t_align_N_t_align_K_t|nvfp4_qmm_t_splitk_fused_bfloat16_t_gs_16_b_4_alN_true|nvfp4_qmm_t_splitk_fused_bfloat16_t_gs_16_b_4_alN_true|g2_copybfloat16bfloat16|g2_copybfloat16bfloat16|CV2ISigmoidADV2IBroadcastACEV2IBroadcastCAFV2IMultiplyDEGV2IBroadcastFBHV2IBroadcastBFIV2OMultiplyGH_VV_V2V2_11160318154034397263_contiguous|arangeuint32|CV2ISigmoidADV2IBroadcastACEV2IBroadcastCAFV2IMultiplyDEGV2IBroadcastFBHV2IBroadcastBFIV2OMultiplyGH_VV_V2V2_11160318154034397263_contiguous|nvfp4_qmm_t_bfloat16_t_gs_16_b_4_alN_true_batch_0|nvfp4_gather_qmm_rhs_nt_bfloat16_t_gs_16_b_4_bm_16_bn_32_bk_32_wm_1_wn_2_align_M_t_align_N_t_align_K_t
GPUPROF 74339.120686125 74339.120766125 1 23101440 custom_kernel_laguna_prefill_sorted_moe_tail_bf16_v1_bfloat16_t_uint32_t_float_bfloat16_t_bfloat16_t_bfloat16_t
GPUPROF 74339.120766875 74339.131899667 30 636347908 rmsbfloat16|steel_gemm_splitk_nt_bfloat16_float32_bm32_bn32_bk16_wm2_wn2_MN_taligned_K_taligned|steel_gemm_splitk_accum_bfloat16_float32|steel_gemm_splitk_nt_bfloat16_float32_bm32_bn32_bk16_wm2_wn2_MN_taligned_K_taligned|steel_gemm_splitk_accum_bfloat16_float32|steel_gemm_fused_nt_bfloat16_bfloat16_bm64_bn64_bk16_wm2_wn2_has_batch_n_use_out_source_n_do_axpby_n_align_M_t_align_N_t_align_K_t|steel_gemm_splitk_nt_bfloat16_float32_bm32_bn32_bk16_wm2_wn2_MN_taligned_K_taligned|steel_gemm_splitk_accum_bfloat16_float32|custom_kernel_laguna_prefill_sliding_qk_norm_rope_bf16_128_h1_v2_bfloat16_t_bfloat16_t_bfloat16_t_bfloat16_t_float_int32_tc_bfloat16_t_bfloat16_t|steel_attention_bfloat16_bq32_bk16_bd128_wm4_wn1_maskbfloat16_align_Q_t_align_K_t_has_mask_n_do_causal_t_has_sinks_n|Cf4IAsTypeADf4IBroadcastCBEf4IBroadcastBCFf4ILogAddExpDEGV2OAsTypeF_VC_V2_10408321403207385874_contiguous|g2_Multiplybfloat16|steel_gemm_fused_nt_bfloat16_bfloat16_bm64_bn64_bk16_wm2_wn2_has_batch_n_use_out_source_n_do_axpby_n_align_M_t_align_N_t_align_K_t|custom_kernel_laguna_residual_rms_bf16_2048_v1_bfloat16_t_bfloat16_t_bfloat16_t_bfloat16_t_bfloat16_t|steel_gemm_splitk_nt_bfloat16_float32_bm32_bn32_bk16_wm2_wn2_MN_taligned_K_taligned|steel_gemm_splitk_accum_bfloat16_float32|custom_kernel_laguna_prefill_router_tournament_ordinal_norm_v1_bfloat16_t_float_uint32_t_float|custom_kernel_mlx_lm_route_csort_scatter_fused_m8_u32_v4_uint32_t_uint32_t_uint32_t_uint32_t|gather_frontbfloat16_uint32_int_2|arangeuint32|nvfp4_gather_qmm_rhs_nt_bfloat16_t_gs_16_b_4_bm_16_bn_32_bk_32_wm_1_wn_2_align_M_t_align_N_t_align_K_t|nvfp4_qmm_t_splitk_fused_bfloat16_t_gs_16_b_4_alN_true|nvfp4_qmm_t_splitk_fused_bfloat16_t_gs_16_b_4_alN_true|g2_copybfloat16bfloat16|g2_copybfloat16bfloat16|CV2ISigmoidADV2IBroadcastACEV2IBroadcastCAFV2IMultiplyDEGV2IBroadcastFBHV2IBroadcastBFIV2OMultiplyGH_VV_V2V2_11160318154034397263_contiguous|arangeuint32|CV2ISigmoidADV2IBroadcastACEV2IBroadcastCAFV2IMultiplyDEGV2IBroadcastFBHV2IBroadcastBFIV2OMultiplyGH_VV_V2V2_11160318154034397263_contiguous|nvfp4_qmm_t_bfloat16_t_gs_16_b_4_alN_true_batch_0|nvfp4_gather_qmm_rhs_nt_bfloat16_t_gs_16_b_4_bm_16_bn_32_bk_32_wm_1_wn_2_align_M_t_align_N_t_align_K_t
GPUPROF 74339.131900542 74339.131976750 1 23101440 custom_kernel_laguna_prefill_sorted_moe_tail_bf16_v1_bfloat16_t_uint32_t_float_bfloat16_t_bfloat16_t_bfloat16_t
GPUPROF 74339.131977500 74339.143110125 30 636347908 rmsbfloat16|steel_gemm_splitk_nt_bfloat16_float32_bm32_bn32_bk16_wm2_wn2_MN_taligned_K_taligned|steel_gemm_splitk_accum_bfloat16_float32|steel_gemm_splitk_nt_bfloat16_float32_bm32_bn32_bk16_wm2_wn2_MN_taligned_K_taligned|steel_gemm_splitk_accum_bfloat16_float32|steel_gemm_fused_nt_bfloat16_bfloat16_bm64_bn64_bk16_wm2_wn2_has_batch_n_use_out_source_n_do_axpby_n_align_M_t_align_N_t_align_K_t|steel_gemm_splitk_nt_bfloat16_float32_bm32_bn32_bk16_wm2_wn2_MN_taligned_K_taligned|steel_gemm_splitk_accum_bfloat16_float32|custom_kernel_laguna_prefill_sliding_qk_norm_rope_bf16_128_h1_v2_bfloat16_t_bfloat16_t_bfloat16_t_bfloat16_t_float_int32_tc_bfloat16_t_bfloat16_t|steel_attention_bfloat16_bq32_bk16_bd128_wm4_wn1_maskbfloat16_align_Q_t_align_K_t_has_mask_n_do_causal_t_has_sinks_n|Cf4IAsTypeADf4IBroadcastCBEf4IBroadcastBCFf4ILogAddExpDEGV2OAsTypeF_VC_V2_10408321403207385874_contiguous|g2_Multiplybfloat16|steel_gemm_fused_nt_bfloat16_bfloat16_bm64_bn64_bk16_wm2_wn2_has_batch_n_use_out_source_n_do_axpby_n_align_M_t_align_N_t_align_K_t|custom_kernel_laguna_residual_rms_bf16_2048_v1_bfloat16_t_bfloat16_t_bfloat16_t_bfloat16_t_bfloat16_t|steel_gemm_splitk_nt_bfloat16_float32_bm32_bn32_bk16_wm2_wn2_MN_taligned_K_taligned|steel_gemm_splitk_accum_bfloat16_float32|custom_kernel_laguna_prefill_router_tournament_ordinal_norm_v1_bfloat16_t_float_uint32_t_float|custom_kernel_mlx_lm_route_csort_scatter_fused_m8_u32_v4_uint32_t_uint32_t_uint32_t_uint32_t|gather_frontbfloat16_uint32_int_2|arangeuint32|nvfp4_gather_qmm_rhs_nt_bfloat16_t_gs_16_b_4_bm_16_bn_32_bk_32_wm_1_wn_2_align_M_t_align_N_t_align_K_t|nvfp4_qmm_t_splitk_fused_bfloat16_t_gs_16_b_4_alN_true|nvfp4_qmm_t_splitk_fused_bfloat16_t_gs_16_b_4_alN_true|g2_copybfloat16bfloat16|g2_copybfloat16bfloat16|CV2ISigmoidADV2IBroadcastACEV2IBroadcastCAFV2IMultiplyDEGV2IBroadcastFBHV2IBroadcastBFIV2OMultiplyGH_VV_V2V2_11160318154034397263_contiguous|arangeuint32|CV2ISigmoidADV2IBroadcastACEV2IBroadcastCAFV2IMultiplyDEGV2IBroadcastFBHV2IBroadcastBFIV2OMultiplyGH_VV_V2V2_11160318154034397263_contiguous|nvfp4_qmm_t_bfloat16_t_gs_16_b_4_alN_true_batch_0|nvfp4_gather_qmm_rhs_nt_bfloat16_t_gs_16_b_4_bm_16_bn_32_bk_32_wm_1_wn_2_align_M_t_align_N_t_align_K_t
GPUPROF 74339.143111042 74339.143187250 1 23101440 custom_kernel_laguna_prefill_sorted_moe_tail_bf16_v1_bfloat16_t_uint32_t_float_bfloat16_t_bfloat16_t_bfloat16_t
GPUPROF 74339.143188000 74339.154323250 30 636347908 rmsbfloat16|steel_gemm_splitk_nt_bfloat16_float32_bm32_bn32_bk16_wm2_wn2_MN_taligned_K_taligned|steel_gemm_splitk_accum_bfloat16_float32|steel_gemm_splitk_nt_bfloat16_float32_bm32_bn32_bk16_wm2_wn2_MN_taligned_K_taligned|steel_gemm_splitk_accum_bfloat16_float32|steel_gemm_fused_nt_bfloat16_bfloat16_bm64_bn64_bk16_wm2_wn2_has_batch_n_use_out_source_n_do_axpby_n_align_M_t_align_N_t_align_K_t|steel_gemm_splitk_nt_bfloat16_float32_bm32_bn32_bk16_wm2_wn2_MN_taligned_K_taligned|steel_gemm_splitk_accum_bfloat16_float32|custom_kernel_laguna_prefill_sliding_qk_norm_rope_bf16_128_h1_v2_bfloat16_t_bfloat16_t_bfloat16_t_bfloat16_t_float_int32_tc_bfloat16_t_bfloat16_t|steel_attention_bfloat16_bq32_bk16_bd128_wm4_wn1_maskbfloat16_align_Q_t_align_K_t_has_mask_n_do_causal_t_has_sinks_n|Cf4IAsTypeADf4IBroadcastCBEf4IBroadcastBCFf4ILogAddExpDEGV2OAsTypeF_VC_V2_10408321403207385874_contiguous|g2_Multiplybfloat16|steel_gemm_fused_nt_bfloat16_bfloat16_bm64_bn64_bk16_wm2_wn2_has_batch_n_use_out_source_n_do_axpby_n_align_M_t_align_N_t_align_K_t|custom_kernel_laguna_residual_rms_bf16_2048_v1_bfloat16_t_bfloat16_t_bfloat16_t_bfloat16_t_bfloat16_t|steel_gemm_splitk_nt_bfloat16_float32_bm32_bn32_bk16_wm2_wn2_MN_taligned_K_taligned|steel_gemm_splitk_accum_bfloat16_float32|custom_kernel_laguna_prefill_router_tournament_ordinal_norm_v1_bfloat16_t_float_uint32_t_float|custom_kernel_mlx_lm_route_csort_scatter_fused_m8_u32_v4_uint32_t_uint32_t_uint32_t_uint32_t|gather_frontbfloat16_uint32_int_2|arangeuint32|nvfp4_gather_qmm_rhs_nt_bfloat16_t_gs_16_b_4_bm_16_bn_32_bk_32_wm_1_wn_2_align_M_t_align_N_t_align_K_t|nvfp4_qmm_t_splitk_fused_bfloat16_t_gs_16_b_4_alN_true|nvfp4_qmm_t_splitk_fused_bfloat16_t_gs_16_b_4_alN_true|g2_copybfloat16bfloat16|g2_copybfloat16bfloat16|CV2ISigmoidADV2IBroadcastACEV2IBroadcastCAFV2IMultiplyDEGV2IBroadcastFBHV2IBroadcastBFIV2OMultiplyGH_VV_V2V2_11160318154034397263_contiguous|arangeuint32|CV2ISigmoidADV2IBroadcastACEV2IBroadcastCAFV2IMultiplyDEGV2IBroadcastFBHV2IBroadcastBFIV2OMultiplyGH_VV_V2V2_11160318154034397263_contiguous|nvfp4_qmm_t_bfloat16_t_gs_16_b_4_alN_true_batch_0|nvfp4_gather_qmm_rhs_nt_bfloat16_t_gs_16_b_4_bm_16_bn_32_bk_32_wm_1_wn_2_align_M_t_align_N_t_align_K_t
GPUPROF 74339.154324000 74339.154401542 1 23101440 custom_kernel_laguna_prefill_sorted_moe_tail_bf16_v1_bfloat16_t_uint32_t_float_bfloat16_t_bfloat16_t_bfloat16_t
GPUPROF 74339.154402375 74339.164160250 30 612017668 rmsbfloat16|steel_gemm_splitk_nt_bfloat16_float32_bm32_bn32_bk16_wm2_wn2_MN_taligned_K_taligned|steel_gemm_splitk_accum_bfloat16_float32|steel_gemm_splitk_nt_bfloat16_float32_bm32_bn32_bk16_wm2_wn2_MN_taligned_K_taligned|steel_gemm_splitk_accum_bfloat16_float32|steel_gemm_fused_nt_bfloat16_bfloat16_bm64_bn64_bk16_wm2_wn2_has_batch_n_use_out_source_n_do_axpby_n_align_M_t_align_N_t_align_K_t|steel_gemm_splitk_nt_bfloat16_float32_bm32_bn32_bk16_wm2_wn2_MN_naligned_K_taligned|steel_gemm_splitk_accum_bfloat16_float32|custom_kernel_laguna_prefill_full_qk_norm_yarn_bf16_128_h1_v2_bfloat16_t_bfloat16_t_bfloat16_t_bfloat16_t_float_int32_tc_bfloat16_t_bfloat16_t|steel_attention_bfloat16_bq32_bk16_bd128_wm4_wn1_maskbfloat16_align_Q_t_align_K_t_has_mask_n_do_causal_t_has_sinks_n|Cf4IAsTypeADf4IBroadcastCBEf4IBroadcastBCFf4ILogAddExpDEGV2OAsTypeF_VC_V2_10408321403207385874_contiguous|g2_Multiplybfloat16|steel_gemm_fused_nt_bfloat16_bfloat16_bm64_bn64_bk16_wm2_wn2_has_batch_n_use_out_source_n_do_axpby_n_align_M_t_align_N_t_align_K_t|custom_kernel_laguna_residual_rms_bf16_2048_v1_bfloat16_t_bfloat16_t_bfloat16_t_bfloat16_t_bfloat16_t|steel_gemm_splitk_nt_bfloat16_float32_bm32_bn32_bk16_wm2_wn2_MN_taligned_K_taligned|steel_gemm_splitk_accum_bfloat16_float32|custom_kernel_laguna_prefill_router_tournament_ordinal_norm_v1_bfloat16_t_float_uint32_t_float|custom_kernel_mlx_lm_route_csort_scatter_fused_m8_u32_v4_uint32_t_uint32_t_uint32_t_uint32_t|gather_frontbfloat16_uint32_int_2|arangeuint32|nvfp4_gather_qmm_rhs_nt_bfloat16_t_gs_16_b_4_bm_16_bn_32_bk_32_wm_1_wn_2_align_M_t_align_N_t_align_K_t|nvfp4_qmm_t_splitk_fused_bfloat16_t_gs_16_b_4_alN_true|nvfp4_qmm_t_splitk_fused_bfloat16_t_gs_16_b_4_alN_true|g2_copybfloat16bfloat16|g2_copybfloat16bfloat16|CV2ISigmoidADV2IBroadcastACEV2IBroadcastCAFV2IMultiplyDEGV2IBroadcastFBHV2IBroadcastBFIV2OMultiplyGH_VV_V2V2_11160318154034397263_contiguous|arangeuint32|CV2ISigmoidADV2IBroadcastACEV2IBroadcastCAFV2IMultiplyDEGV2IBroadcastFBHV2IBroadcastBFIV2OMultiplyGH_VV_V2V2_11160318154034397263_contiguous|nvfp4_qmm_t_bfloat16_t_gs_16_b_4_alN_true_batch_0|nvfp4_gather_qmm_rhs_nt_bfloat16_t_gs_16_b_4_bm_16_bn_32_bk_32_wm_1_wn_2_align_M_t_align_N_t_align_K_t
GPUPROF 74339.164161125 74339.164237792 1 23101440 custom_kernel_laguna_prefill_sorted_moe_tail_bf16_v1_bfloat16_t_uint32_t_float_bfloat16_t_bfloat16_t_bfloat16_t
GPUPROF 74339.164238542 74339.175378167 30 636347908 rmsbfloat16|steel_gemm_splitk_nt_bfloat16_float32_bm32_bn32_bk16_wm2_wn2_MN_taligned_K_taligned|steel_gemm_splitk_accum_bfloat16_float32|steel_gemm_splitk_nt_bfloat16_float32_bm32_bn32_bk16_wm2_wn2_MN_taligned_K_taligned|steel_gemm_splitk_accum_bfloat16_float32|steel_gemm_fused_nt_bfloat16_bfloat16_bm64_bn64_bk16_wm2_wn2_has_batch_n_use_out_source_n_do_axpby_n_align_M_t_align_N_t_align_K_t|steel_gemm_splitk_nt_bfloat16_float32_bm32_bn32_bk16_wm2_wn2_MN_taligned_K_taligned|steel_gemm_splitk_accum_bfloat16_float32|custom_kernel_laguna_prefill_sliding_qk_norm_rope_bf16_128_h1_v2_bfloat16_t_bfloat16_t_bfloat16_t_bfloat16_t_float_int32_tc_bfloat16_t_bfloat16_t|steel_attention_bfloat16_bq32_bk16_bd128_wm4_wn1_maskbfloat16_align_Q_t_align_K_t_has_mask_n_do_causal_t_has_sinks_n|Cf4IAsTypeADf4IBroadcastCBEf4IBroadcastBCFf4ILogAddExpDEGV2OAsTypeF_VC_V2_10408321403207385874_contiguous|g2_Multiplybfloat16|steel_gemm_fused_nt_bfloat16_bfloat16_bm64_bn64_bk16_wm2_wn2_has_batch_n_use_out_source_n_do_axpby_n_align_M_t_align_N_t_align_K_t|custom_kernel_laguna_residual_rms_bf16_2048_v1_bfloat16_t_bfloat16_t_bfloat16_t_bfloat16_t_bfloat16_t|steel_gemm_splitk_nt_bfloat16_float32_bm32_bn32_bk16_wm2_wn2_MN_taligned_K_taligned|steel_gemm_splitk_accum_bfloat16_float32|custom_kernel_laguna_prefill_router_tournament_ordinal_norm_v1_bfloat16_t_float_uint32_t_float|custom_kernel_mlx_lm_route_csort_scatter_fused_m8_u32_v4_uint32_t_uint32_t_uint32_t_uint32_t|gather_frontbfloat16_uint32_int_2|arangeuint32|nvfp4_gather_qmm_rhs_nt_bfloat16_t_gs_16_b_4_bm_16_bn_32_bk_32_wm_1_wn_2_align_M_t_align_N_t_align_K_t|nvfp4_qmm_t_splitk_fused_bfloat16_t_gs_16_b_4_alN_true|nvfp4_qmm_t_splitk_fused_bfloat16_t_gs_16_b_4_alN_true|g2_copybfloat16bfloat16|g2_copybfloat16bfloat16|CV2ISigmoidADV2IBroadcastACEV2IBroadcastCAFV2IMultiplyDEGV2IBroadcastFBHV2IBroadcastBFIV2OMultiplyGH_VV_V2V2_11160318154034397263_contiguous|arangeuint32|CV2ISigmoidADV2IBroadcastACEV2IBroadcastCAFV2IMultiplyDEGV2IBroadcastFBHV2IBroadcastBFIV2OMultiplyGH_VV_V2V2_11160318154034397263_contiguous|nvfp4_qmm_t_bfloat16_t_gs_16_b_4_alN_true_batch_0|nvfp4_gather_qmm_rhs_nt_bfloat16_t_gs_16_b_4_bm_16_bn_32_bk_32_wm_1_wn_2_align_M_t_align_N_t_align_K_t
GPUPROF 74339.175379125 74339.175457625 1 23101440 custom_kernel_laguna_prefill_sorted_moe_tail_bf16_v1_bfloat16_t_uint32_t_float_bfloat16_t_bfloat16_t_bfloat16_t
GPUPROF 74339.175458375 74339.186609375 30 636347908 rmsbfloat16|steel_gemm_splitk_nt_bfloat16_float32_bm32_bn32_bk16_wm2_wn2_MN_taligned_K_taligned|steel_gemm_splitk_accum_bfloat16_float32|steel_gemm_splitk_nt_bfloat16_float32_bm32_bn32_bk16_wm2_wn2_MN_taligned_K_taligned|steel_gemm_splitk_accum_bfloat16_float32|steel_gemm_fused_nt_bfloat16_bfloat16_bm64_bn64_bk16_wm2_wn2_has_batch_n_use_out_source_n_do_axpby_n_align_M_t_align_N_t_align_K_t|steel_gemm_splitk_nt_bfloat16_float32_bm32_bn32_bk16_wm2_wn2_MN_taligned_K_taligned|steel_gemm_splitk_accum_bfloat16_float32|custom_kernel_laguna_prefill_sliding_qk_norm_rope_bf16_128_h1_v2_bfloat16_t_bfloat16_t_bfloat16_t_bfloat16_t_float_int32_tc_bfloat16_t_bfloat16_t|steel_attention_bfloat16_bq32_bk16_bd128_wm4_wn1_maskbfloat16_align_Q_t_align_K_t_has_mask_n_do_causal_t_has_sinks_n|Cf4IAsTypeADf4IBroadcastCBEf4IBroadcastBCFf4ILogAddExpDEGV2OAsTypeF_VC_V2_10408321403207385874_contiguous|g2_Multiplybfloat16|steel_gemm_fused_nt_bfloat16_bfloat16_bm64_bn64_bk16_wm2_wn2_has_batch_n_use_out_source_n_do_axpby_n_align_M_t_align_N_t_align_K_t|custom_kernel_laguna_residual_rms_bf16_2048_v1_bfloat16_t_bfloat16_t_bfloat16_t_bfloat16_t_bfloat16_t|steel_gemm_splitk_nt_bfloat16_float32_bm32_bn32_bk16_wm2_wn2_MN_taligned_K_taligned|steel_gemm_splitk_accum_bfloat16_float32|custom_kernel_laguna_prefill_router_tournament_ordinal_norm_v1_bfloat16_t_float_uint32_t_float|custom_kernel_mlx_lm_route_csort_scatter_fused_m8_u32_v4_uint32_t_uint32_t_uint32_t_uint32_t|gather_frontbfloat16_uint32_int_2|arangeuint32|nvfp4_gather_qmm_rhs_nt_bfloat16_t_gs_16_b_4_bm_16_bn_32_bk_32_wm_1_wn_2_align_M_t_align_N_t_align_K_t|nvfp4_qmm_t_splitk_fused_bfloat16_t_gs_16_b_4_alN_true|nvfp4_qmm_t_splitk_fused_bfloat16_t_gs_16_b_4_alN_true|g2_copybfloat16bfloat16|g2_copybfloat16bfloat16|CV2ISigmoidADV2IBroadcastACEV2IBroadcastCAFV2IMultiplyDEGV2IBroadcastFBHV2IBroadcastBFIV2OMultiplyGH_VV_V2V2_11160318154034397263_contiguous|arangeuint32|CV2ISigmoidADV2IBroadcastACEV2IBroadcastCAFV2IMultiplyDEGV2IBroadcastFBHV2IBroadcastBFIV2OMultiplyGH_VV_V2V2_11160318154034397263_contiguous|nvfp4_qmm_t_bfloat16_t_gs_16_b_4_alN_true_batch_0|nvfp4_gather_qmm_rhs_nt_bfloat16_t_gs_16_b_4_bm_16_bn_32_bk_32_wm_1_wn_2_align_M_t_align_N_t_align_K_t
GPUPROF 74339.186610167 74339.186688375 1 23101440 custom_kernel_laguna_prefill_sorted_moe_tail_bf16_v1_bfloat16_t_uint32_t_float_bfloat16_t_bfloat16_t_bfloat16_t
GPUPROF 74339.186689125 74339.197826250 30 636347908 rmsbfloat16|steel_gemm_splitk_nt_bfloat16_float32_bm32_bn32_bk16_wm2_wn2_MN_taligned_K_taligned|steel_gemm_splitk_accum_bfloat16_float32|steel_gemm_splitk_nt_bfloat16_float32_bm32_bn32_bk16_wm2_wn2_MN_taligned_K_taligned|steel_gemm_splitk_accum_bfloat16_float32|steel_gemm_fused_nt_bfloat16_bfloat16_bm64_bn64_bk16_wm2_wn2_has_batch_n_use_out_source_n_do_axpby_n_align_M_t_align_N_t_align_K_t|steel_gemm_splitk_nt_bfloat16_float32_bm32_bn32_bk16_wm2_wn2_MN_taligned_K_taligned|steel_gemm_splitk_accum_bfloat16_float32|custom_kernel_laguna_prefill_sliding_qk_norm_rope_bf16_128_h1_v2_bfloat16_t_bfloat16_t_bfloat16_t_bfloat16_t_float_int32_tc_bfloat16_t_bfloat16_t|steel_attention_bfloat16_bq32_bk16_bd128_wm4_wn1_maskbfloat16_align_Q_t_align_K_t_has_mask_n_do_causal_t_has_sinks_n|Cf4IAsTypeADf4IBroadcastCBEf4IBroadcastBCFf4ILogAddExpDEGV2OAsTypeF_VC_V2_10408321403207385874_contiguous|g2_Multiplybfloat16|steel_gemm_fused_nt_bfloat16_bfloat16_bm64_bn64_bk16_wm2_wn2_has_batch_n_use_out_source_n_do_axpby_n_align_M_t_align_N_t_align_K_t|custom_kernel_laguna_residual_rms_bf16_2048_v1_bfloat16_t_bfloat16_t_bfloat16_t_bfloat16_t_bfloat16_t|steel_gemm_splitk_nt_bfloat16_float32_bm32_bn32_bk16_wm2_wn2_MN_taligned_K_taligned|steel_gemm_splitk_accum_bfloat16_float32|custom_kernel_laguna_prefill_router_tournament_ordinal_norm_v1_bfloat16_t_float_uint32_t_float|custom_kernel_mlx_lm_route_csort_scatter_fused_m8_u32_v4_uint32_t_uint32_t_uint32_t_uint32_t|gather_frontbfloat16_uint32_int_2|arangeuint32|nvfp4_gather_qmm_rhs_nt_bfloat16_t_gs_16_b_4_bm_16_bn_32_bk_32_wm_1_wn_2_align_M_t_align_N_t_align_K_t|nvfp4_qmm_t_splitk_fused_bfloat16_t_gs_16_b_4_alN_true|nvfp4_qmm_t_splitk_fused_bfloat16_t_gs_16_b_4_alN_true|g2_copybfloat16bfloat16|g2_copybfloat16bfloat16|CV2ISigmoidADV2IBroadcastACEV2IBroadcastCAFV2IMultiplyDEGV2IBroadcastFBHV2IBroadcastBFIV2OMultiplyGH_VV_V2V2_11160318154034397263_contiguous|arangeuint32|CV2ISigmoidADV2IBroadcastACEV2IBroadcastCAFV2IMultiplyDEGV2IBroadcastFBHV2IBroadcastBFIV2OMultiplyGH_VV_V2V2_11160318154034397263_contiguous|nvfp4_qmm_t_bfloat16_t_gs_16_b_4_alN_true_batch_0|nvfp4_gather_qmm_rhs_nt_bfloat16_t_gs_16_b_4_bm_16_bn_32_bk_32_wm_1_wn_2_align_M_t_align_N_t_align_K_t
GPUPROF 74339.197827125 74339.197905500 1 23101440 custom_kernel_laguna_prefill_sorted_moe_tail_bf16_v1_bfloat16_t_uint32_t_float_bfloat16_t_bfloat16_t_bfloat16_t
GPUPROF 74339.197906292 74339.207648292 30 612017668 rmsbfloat16|steel_gemm_splitk_nt_bfloat16_float32_bm32_bn32_bk16_wm2_wn2_MN_taligned_K_taligned|steel_gemm_splitk_accum_bfloat16_float32|steel_gemm_splitk_nt_bfloat16_float32_bm32_bn32_bk16_wm2_wn2_MN_taligned_K_taligned|steel_gemm_splitk_accum_bfloat16_float32|steel_gemm_fused_nt_bfloat16_bfloat16_bm64_bn64_bk16_wm2_wn2_has_batch_n_use_out_source_n_do_axpby_n_align_M_t_align_N_t_align_K_t|steel_gemm_splitk_nt_bfloat16_float32_bm32_bn32_bk16_wm2_wn2_MN_naligned_K_taligned|steel_gemm_splitk_accum_bfloat16_float32|custom_kernel_laguna_prefill_full_qk_norm_yarn_bf16_128_h1_v2_bfloat16_t_bfloat16_t_bfloat16_t_bfloat16_t_float_int32_tc_bfloat16_t_bfloat16_t|steel_attention_bfloat16_bq32_bk16_bd128_wm4_wn1_maskbfloat16_align_Q_t_align_K_t_has_mask_n_do_causal_t_has_sinks_n|Cf4IAsTypeADf4IBroadcastCBEf4IBroadcastBCFf4ILogAddExpDEGV2OAsTypeF_VC_V2_10408321403207385874_contiguous|g2_Multiplybfloat16|steel_gemm_fused_nt_bfloat16_bfloat16_bm64_bn64_bk16_wm2_wn2_has_batch_n_use_out_source_n_do_axpby_n_align_M_t_align_N_t_align_K_t|custom_kernel_laguna_residual_rms_bf16_2048_v1_bfloat16_t_bfloat16_t_bfloat16_t_bfloat16_t_bfloat16_t|steel_gemm_splitk_nt_bfloat16_float32_bm32_bn32_bk16_wm2_wn2_MN_taligned_K_taligned|steel_gemm_splitk_accum_bfloat16_float32|custom_kernel_laguna_prefill_router_tournament_ordinal_norm_v1_bfloat16_t_float_uint32_t_float|custom_kernel_mlx_lm_route_csort_scatter_fused_m8_u32_v4_uint32_t_uint32_t_uint32_t_uint32_t|gather_frontbfloat16_uint32_int_2|arangeuint32|nvfp4_gather_qmm_rhs_nt_bfloat16_t_gs_16_b_4_bm_16_bn_32_bk_32_wm_1_wn_2_align_M_t_align_N_t_align_K_t|nvfp4_qmm_t_splitk_fused_bfloat16_t_gs_16_b_4_alN_true|nvfp4_qmm_t_splitk_fused_bfloat16_t_gs_16_b_4_alN_true|g2_copybfloat16bfloat16|g2_copybfloat16bfloat16|CV2ISigmoidADV2IBroadcastACEV2IBroadcastCAFV2IMultiplyDEGV2IBroadcastFBHV2IBroadcastBFIV2OMultiplyGH_VV_V2V2_11160318154034397263_contiguous|arangeuint32|CV2ISigmoidADV2IBroadcastACEV2IBroadcastCAFV2IMultiplyDEGV2IBroadcastFBHV2IBroadcastBFIV2OMultiplyGH_VV_V2V2_11160318154034397263_contiguous|nvfp4_qmm_t_bfloat16_t_gs_16_b_4_alN_true_batch_0|nvfp4_gather_qmm_rhs_nt_bfloat16_t_gs_16_b_4_bm_16_bn_32_bk_32_wm_1_wn_2_align_M_t_align_N_t_align_K_t
GPUPROF 74339.207649250 74339.207727917 1 23101440 custom_kernel_laguna_prefill_sorted_moe_tail_bf16_v1_bfloat16_t_uint32_t_float_bfloat16_t_bfloat16_t_bfloat16_t
GPUPROF 74339.207728750 74339.218860375 30 636347908 rmsbfloat16|steel_gemm_splitk_nt_bfloat16_float32_bm32_bn32_bk16_wm2_wn2_MN_taligned_K_taligned|steel_gemm_splitk_accum_bfloat16_float32|steel_gemm_splitk_nt_bfloat16_float32_bm32_bn32_bk16_wm2_wn2_MN_taligned_K_taligned|steel_gemm_splitk_accum_bfloat16_float32|steel_gemm_fused_nt_bfloat16_bfloat16_bm64_bn64_bk16_wm2_wn2_has_batch_n_use_out_source_n_do_axpby_n_align_M_t_align_N_t_align_K_t|steel_gemm_splitk_nt_bfloat16_float32_bm32_bn32_bk16_wm2_wn2_MN_taligned_K_taligned|steel_gemm_splitk_accum_bfloat16_float32|custom_kernel_laguna_prefill_sliding_qk_norm_rope_bf16_128_h1_v2_bfloat16_t_bfloat16_t_bfloat16_t_bfloat16_t_float_int32_tc_bfloat16_t_bfloat16_t|steel_attention_bfloat16_bq32_bk16_bd128_wm4_wn1_maskbfloat16_align_Q_t_align_K_t_has_mask_n_do_causal_t_has_sinks_n|Cf4IAsTypeADf4IBroadcastCBEf4IBroadcastBCFf4ILogAddExpDEGV2OAsTypeF_VC_V2_10408321403207385874_contiguous|g2_Multiplybfloat16|steel_gemm_fused_nt_bfloat16_bfloat16_bm64_bn64_bk16_wm2_wn2_has_batch_n_use_out_source_n_do_axpby_n_align_M_t_align_N_t_align_K_t|custom_kernel_laguna_residual_rms_bf16_2048_v1_bfloat16_t_bfloat16_t_bfloat16_t_bfloat16_t_bfloat16_t|steel_gemm_splitk_nt_bfloat16_float32_bm32_bn32_bk16_wm2_wn2_MN_taligned_K_taligned|steel_gemm_splitk_accum_bfloat16_float32|custom_kernel_laguna_prefill_router_tournament_ordinal_norm_v1_bfloat16_t_float_uint32_t_float|custom_kernel_mlx_lm_route_csort_scatter_fused_m8_u32_v4_uint32_t_uint32_t_uint32_t_uint32_t|gather_frontbfloat16_uint32_int_2|arangeuint32|nvfp4_gather_qmm_rhs_nt_bfloat16_t_gs_16_b_4_bm_16_bn_32_bk_32_wm_1_wn_2_align_M_t_align_N_t_align_K_t|nvfp4_qmm_t_splitk_fused_bfloat16_t_gs_16_b_4_alN_true|nvfp4_qmm_t_splitk_fused_bfloat16_t_gs_16_b_4_alN_true|g2_copybfloat16bfloat16|g2_copybfloat16bfloat16|CV2ISigmoidADV2IBroadcastACEV2IBroadcastCAFV2IMultiplyDEGV2IBroadcastFBHV2IBroadcastBFIV2OMultiplyGH_VV_V2V2_11160318154034397263_contiguous|arangeuint32|CV2ISigmoidADV2IBroadcastACEV2IBroadcastCAFV2IMultiplyDEGV2IBroadcastFBHV2IBroadcastBFIV2OMultiplyGH_VV_V2V2_11160318154034397263_contiguous|nvfp4_qmm_t_bfloat16_t_gs_16_b_4_alN_true_batch_0|nvfp4_gather_qmm_rhs_nt_bfloat16_t_gs_16_b_4_bm_16_bn_32_bk_32_wm_1_wn_2_align_M_t_align_N_t_align_K_t
GPUPROF 74339.218861125 74339.218942500 1 23101440 custom_kernel_laguna_prefill_sorted_moe_tail_bf16_v1_bfloat16_t_uint32_t_float_bfloat16_t_bfloat16_t_bfloat16_t
GPUPROF 74339.218943250 74339.230098250 30 636347908 rmsbfloat16|steel_gemm_splitk_nt_bfloat16_float32_bm32_bn32_bk16_wm2_wn2_MN_taligned_K_taligned|steel_gemm_splitk_accum_bfloat16_float32|steel_gemm_splitk_nt_bfloat16_float32_bm32_bn32_bk16_wm2_wn2_MN_taligned_K_taligned|steel_gemm_splitk_accum_bfloat16_float32|steel_gemm_fused_nt_bfloat16_bfloat16_bm64_bn64_bk16_wm2_wn2_has_batch_n_use_out_source_n_do_axpby_n_align_M_t_align_N_t_align_K_t|steel_gemm_splitk_nt_bfloat16_float32_bm32_bn32_bk16_wm2_wn2_MN_taligned_K_taligned|steel_gemm_splitk_accum_bfloat16_float32|custom_kernel_laguna_prefill_sliding_qk_norm_rope_bf16_128_h1_v2_bfloat16_t_bfloat16_t_bfloat16_t_bfloat16_t_float_int32_tc_bfloat16_t_bfloat16_t|steel_attention_bfloat16_bq32_bk16_bd128_wm4_wn1_maskbfloat16_align_Q_t_align_K_t_has_mask_n_do_causal_t_has_sinks_n|Cf4IAsTypeADf4IBroadcastCBEf4IBroadcastBCFf4ILogAddExpDEGV2OAsTypeF_VC_V2_10408321403207385874_contiguous|g2_Multiplybfloat16|steel_gemm_fused_nt_bfloat16_bfloat16_bm64_bn64_bk16_wm2_wn2_has_batch_n_use_out_source_n_do_axpby_n_align_M_t_align_N_t_align_K_t|custom_kernel_laguna_residual_rms_bf16_2048_v1_bfloat16_t_bfloat16_t_bfloat16_t_bfloat16_t_bfloat16_t|steel_gemm_splitk_nt_bfloat16_float32_bm32_bn32_bk16_wm2_wn2_MN_taligned_K_taligned|steel_gemm_splitk_accum_bfloat16_float32|custom_kernel_laguna_prefill_router_tournament_ordinal_norm_v1_bfloat16_t_float_uint32_t_float|custom_kernel_mlx_lm_route_csort_scatter_fused_m8_u32_v4_uint32_t_uint32_t_uint32_t_uint32_t|gather_frontbfloat16_uint32_int_2|arangeuint32|nvfp4_gather_qmm_rhs_nt_bfloat16_t_gs_16_b_4_bm_16_bn_32_bk_32_wm_1_wn_2_align_M_t_align_N_t_align_K_t|nvfp4_qmm_t_splitk_fused_bfloat16_t_gs_16_b_4_alN_true|nvfp4_qmm_t_splitk_fused_bfloat16_t_gs_16_b_4_alN_true|g2_copybfloat16bfloat16|g2_copybfloat16bfloat16|CV2ISigmoidADV2IBroadcastACEV2IBroadcastCAFV2IMultiplyDEGV2IBroadcastFBHV2IBroadcastBFIV2OMultiplyGH_VV_V2V2_11160318154034397263_contiguous|arangeuint32|CV2ISigmoidADV2IBroadcastACEV2IBroadcastCAFV2IMultiplyDEGV2IBroadcastFBHV2IBroadcastBFIV2OMultiplyGH_VV_V2V2_11160318154034397263_contiguous|nvfp4_qmm_t_bfloat16_t_gs_16_b_4_alN_true_batch_0|nvfp4_gather_qmm_rhs_nt_bfloat16_t_gs_16_b_4_bm_16_bn_32_bk_32_wm_1_wn_2_align_M_t_align_N_t_align_K_t
GPUPROF 74339.230099000 74339.230178125 1 23101440 custom_kernel_laguna_prefill_sorted_moe_tail_bf16_v1_bfloat16_t_uint32_t_float_bfloat16_t_bfloat16_t_bfloat16_t
GPUPROF 74339.230178875 74339.241344000 30 636347908 rmsbfloat16|steel_gemm_splitk_nt_bfloat16_float32_bm32_bn32_bk16_wm2_wn2_MN_taligned_K_taligned|steel_gemm_splitk_accum_bfloat16_float32|steel_gemm_splitk_nt_bfloat16_float32_bm32_bn32_bk16_wm2_wn2_MN_taligned_K_taligned|steel_gemm_splitk_accum_bfloat16_float32|steel_gemm_fused_nt_bfloat16_bfloat16_bm64_bn64_bk16_wm2_wn2_has_batch_n_use_out_source_n_do_axpby_n_align_M_t_align_N_t_align_K_t|steel_gemm_splitk_nt_bfloat16_float32_bm32_bn32_bk16_wm2_wn2_MN_taligned_K_taligned|steel_gemm_splitk_accum_bfloat16_float32|custom_kernel_laguna_prefill_sliding_qk_norm_rope_bf16_128_h1_v2_bfloat16_t_bfloat16_t_bfloat16_t_bfloat16_t_float_int32_tc_bfloat16_t_bfloat16_t|steel_attention_bfloat16_bq32_bk16_bd128_wm4_wn1_maskbfloat16_align_Q_t_align_K_t_has_mask_n_do_causal_t_has_sinks_n|Cf4IAsTypeADf4IBroadcastCBEf4IBroadcastBCFf4ILogAddExpDEGV2OAsTypeF_VC_V2_10408321403207385874_contiguous|g2_Multiplybfloat16|steel_gemm_fused_nt_bfloat16_bfloat16_bm64_bn64_bk16_wm2_wn2_has_batch_n_use_out_source_n_do_axpby_n_align_M_t_align_N_t_align_K_t|custom_kernel_laguna_residual_rms_bf16_2048_v1_bfloat16_t_bfloat16_t_bfloat16_t_bfloat16_t_bfloat16_t|steel_gemm_splitk_nt_bfloat16_float32_bm32_bn32_bk16_wm2_wn2_MN_taligned_K_taligned|steel_gemm_splitk_accum_bfloat16_float32|custom_kernel_laguna_prefill_router_tournament_ordinal_norm_v1_bfloat16_t_float_uint32_t_float|custom_kernel_mlx_lm_route_csort_scatter_fused_m8_u32_v4_uint32_t_uint32_t_uint32_t_uint32_t|gather_frontbfloat16_uint32_int_2|arangeuint32|nvfp4_gather_qmm_rhs_nt_bfloat16_t_gs_16_b_4_bm_16_bn_32_bk_32_wm_1_wn_2_align_M_t_align_N_t_align_K_t|nvfp4_qmm_t_splitk_fused_bfloat16_t_gs_16_b_4_alN_true|nvfp4_qmm_t_splitk_fused_bfloat16_t_gs_16_b_4_alN_true|g2_copybfloat16bfloat16|g2_copybfloat16bfloat16|CV2ISigmoidADV2IBroadcastACEV2IBroadcastCAFV2IMultiplyDEGV2IBroadcastFBHV2IBroadcastBFIV2OMultiplyGH_VV_V2V2_11160318154034397263_contiguous|arangeuint32|CV2ISigmoidADV2IBroadcastACEV2IBroadcastCAFV2IMultiplyDEGV2IBroadcastFBHV2IBroadcastBFIV2OMultiplyGH_VV_V2V2_11160318154034397263_contiguous|nvfp4_qmm_t_bfloat16_t_gs_16_b_4_alN_true_batch_0|nvfp4_gather_qmm_rhs_nt_bfloat16_t_gs_16_b_4_bm_16_bn_32_bk_32_wm_1_wn_2_align_M_t_align_N_t_align_K_t
GPUPROF 74339.241344750 74339.241423167 1 23101440 custom_kernel_laguna_prefill_sorted_moe_tail_bf16_v1_bfloat16_t_uint32_t_float_bfloat16_t_bfloat16_t_bfloat16_t
GPUPROF 74339.241424000 74339.251170000 30 612017668 rmsbfloat16|steel_gemm_splitk_nt_bfloat16_float32_bm32_bn32_bk16_wm2_wn2_MN_taligned_K_taligned|steel_gemm_splitk_accum_bfloat16_float32|steel_gemm_splitk_nt_bfloat16_float32_bm32_bn32_bk16_wm2_wn2_MN_taligned_K_taligned|steel_gemm_splitk_accum_bfloat16_float32|steel_gemm_fused_nt_bfloat16_bfloat16_bm64_bn64_bk16_wm2_wn2_has_batch_n_use_out_source_n_do_axpby_n_align_M_t_align_N_t_align_K_t|steel_gemm_splitk_nt_bfloat16_float32_bm32_bn32_bk16_wm2_wn2_MN_naligned_K_taligned|steel_gemm_splitk_accum_bfloat16_float32|custom_kernel_laguna_prefill_full_qk_norm_yarn_bf16_128_h1_v2_bfloat16_t_bfloat16_t_bfloat16_t_bfloat16_t_float_int32_tc_bfloat16_t_bfloat16_t|steel_attention_bfloat16_bq32_bk16_bd128_wm4_wn1_maskbfloat16_align_Q_t_align_K_t_has_mask_n_do_causal_t_has_sinks_n|Cf4IAsTypeADf4IBroadcastCBEf4IBroadcastBCFf4ILogAddExpDEGV2OAsTypeF_VC_V2_10408321403207385874_contiguous|g2_Multiplybfloat16|steel_gemm_fused_nt_bfloat16_bfloat16_bm64_bn64_bk16_wm2_wn2_has_batch_n_use_out_source_n_do_axpby_n_align_M_t_align_N_t_align_K_t|custom_kernel_laguna_residual_rms_bf16_2048_v1_bfloat16_t_bfloat16_t_bfloat16_t_bfloat16_t_bfloat16_t|steel_gemm_splitk_nt_bfloat16_float32_bm32_bn32_bk16_wm2_wn2_MN_taligned_K_taligned|steel_gemm_splitk_accum_bfloat16_float32|custom_kernel_laguna_prefill_router_tournament_ordinal_norm_v1_bfloat16_t_float_uint32_t_float|custom_kernel_mlx_lm_route_csort_scatter_fused_m8_u32_v4_uint32_t_uint32_t_uint32_t_uint32_t|gather_frontbfloat16_uint32_int_2|arangeuint32|nvfp4_gather_qmm_rhs_nt_bfloat16_t_gs_16_b_4_bm_16_bn_32_bk_32_wm_1_wn_2_align_M_t_align_N_t_align_K_t|nvfp4_qmm_t_splitk_fused_bfloat16_t_gs_16_b_4_alN_true|nvfp4_qmm_t_splitk_fused_bfloat16_t_gs_16_b_4_alN_true|g2_copybfloat16bfloat16|g2_copybfloat16bfloat16|CV2ISigmoidADV2IBroadcastACEV2IBroadcastCAFV2IMultiplyDEGV2IBroadcastFBHV2IBroadcastBFIV2OMultiplyGH_VV_V2V2_11160318154034397263_contiguous|arangeuint32|CV2ISigmoidADV2IBroadcastACEV2IBroadcastCAFV2IMultiplyDEGV2IBroadcastFBHV2IBroadcastBFIV2OMultiplyGH_VV_V2V2_11160318154034397263_contiguous|nvfp4_qmm_t_bfloat16_t_gs_16_b_4_alN_true_batch_0|nvfp4_gather_qmm_rhs_nt_bfloat16_t_gs_16_b_4_bm_16_bn_32_bk_32_wm_1_wn_2_align_M_t_align_N_t_align_K_t
GPUPROF 74339.251170875 74339.251252000 1 23101440 custom_kernel_laguna_prefill_sorted_moe_tail_bf16_v1_bfloat16_t_uint32_t_float_bfloat16_t_bfloat16_t_bfloat16_t
GPUPROF 74339.251252750 74339.262379167 30 636347908 rmsbfloat16|steel_gemm_splitk_nt_bfloat16_float32_bm32_bn32_bk16_wm2_wn2_MN_taligned_K_taligned|steel_gemm_splitk_accum_bfloat16_float32|steel_gemm_splitk_nt_bfloat16_float32_bm32_bn32_bk16_wm2_wn2_MN_taligned_K_taligned|steel_gemm_splitk_accum_bfloat16_float32|steel_gemm_fused_nt_bfloat16_bfloat16_bm64_bn64_bk16_wm2_wn2_has_batch_n_use_out_source_n_do_axpby_n_align_M_t_align_N_t_align_K_t|steel_gemm_splitk_nt_bfloat16_float32_bm32_bn32_bk16_wm2_wn2_MN_taligned_K_taligned|steel_gemm_splitk_accum_bfloat16_float32|custom_kernel_laguna_prefill_sliding_qk_norm_rope_bf16_128_h1_v2_bfloat16_t_bfloat16_t_bfloat16_t_bfloat16_t_float_int32_tc_bfloat16_t_bfloat16_t|steel_attention_bfloat16_bq32_bk16_bd128_wm4_wn1_maskbfloat16_align_Q_t_align_K_t_has_mask_n_do_causal_t_has_sinks_n|Cf4IAsTypeADf4IBroadcastCBEf4IBroadcastBCFf4ILogAddExpDEGV2OAsTypeF_VC_V2_10408321403207385874_contiguous|g2_Multiplybfloat16|steel_gemm_fused_nt_bfloat16_bfloat16_bm64_bn64_bk16_wm2_wn2_has_batch_n_use_out_source_n_do_axpby_n_align_M_t_align_N_t_align_K_t|custom_kernel_laguna_residual_rms_bf16_2048_v1_bfloat16_t_bfloat16_t_bfloat16_t_bfloat16_t_bfloat16_t|steel_gemm_splitk_nt_bfloat16_float32_bm32_bn32_bk16_wm2_wn2_MN_taligned_K_taligned|steel_gemm_splitk_accum_bfloat16_float32|custom_kernel_laguna_prefill_router_tournament_ordinal_norm_v1_bfloat16_t_float_uint32_t_float|custom_kernel_mlx_lm_route_csort_scatter_fused_m8_u32_v4_uint32_t_uint32_t_uint32_t_uint32_t|gather_frontbfloat16_uint32_int_2|arangeuint32|nvfp4_gather_qmm_rhs_nt_bfloat16_t_gs_16_b_4_bm_16_bn_32_bk_32_wm_1_wn_2_align_M_t_align_N_t_align_K_t|nvfp4_qmm_t_splitk_fused_bfloat16_t_gs_16_b_4_alN_true|nvfp4_qmm_t_splitk_fused_bfloat16_t_gs_16_b_4_alN_true|g2_copybfloat16bfloat16|g2_copybfloat16bfloat16|CV2ISigmoidADV2IBroadcastACEV2IBroadcastCAFV2IMultiplyDEGV2IBroadcastFBHV2IBroadcastBFIV2OMultiplyGH_VV_V2V2_11160318154034397263_contiguous|arangeuint32|CV2ISigmoidADV2IBroadcastACEV2IBroadcastCAFV2IMultiplyDEGV2IBroadcastFBHV2IBroadcastBFIV2OMultiplyGH_VV_V2V2_11160318154034397263_contiguous|nvfp4_qmm_t_bfloat16_t_gs_16_b_4_alN_true_batch_0|nvfp4_gather_qmm_rhs_nt_bfloat16_t_gs_16_b_4_bm_16_bn_32_bk_32_wm_1_wn_2_align_M_t_align_N_t_align_K_t
GPUPROF 74339.262379917 74339.262457042 1 23101440 custom_kernel_laguna_prefill_sorted_moe_tail_bf16_v1_bfloat16_t_uint32_t_float_bfloat16_t_bfloat16_t_bfloat16_t
GPUPROF 74339.262457875 74339.273581042 30 636347908 rmsbfloat16|steel_gemm_splitk_nt_bfloat16_float32_bm32_bn32_bk16_wm2_wn2_MN_taligned_K_taligned|steel_gemm_splitk_accum_bfloat16_float32|steel_gemm_splitk_nt_bfloat16_float32_bm32_bn32_bk16_wm2_wn2_MN_taligned_K_taligned|steel_gemm_splitk_accum_bfloat16_float32|steel_gemm_fused_nt_bfloat16_bfloat16_bm64_bn64_bk16_wm2_wn2_has_batch_n_use_out_source_n_do_axpby_n_align_M_t_align_N_t_align_K_t|steel_gemm_splitk_nt_bfloat16_float32_bm32_bn32_bk16_wm2_wn2_MN_taligned_K_taligned|steel_gemm_splitk_accum_bfloat16_float32|custom_kernel_laguna_prefill_sliding_qk_norm_rope_bf16_128_h1_v2_bfloat16_t_bfloat16_t_bfloat16_t_bfloat16_t_float_int32_tc_bfloat16_t_bfloat16_t|steel_attention_bfloat16_bq32_bk16_bd128_wm4_wn1_maskbfloat16_align_Q_t_align_K_t_has_mask_n_do_causal_t_has_sinks_n|Cf4IAsTypeADf4IBroadcastCBEf4IBroadcastBCFf4ILogAddExpDEGV2OAsTypeF_VC_V2_10408321403207385874_contiguous|g2_Multiplybfloat16|steel_gemm_fused_nt_bfloat16_bfloat16_bm64_bn64_bk16_wm2_wn2_has_batch_n_use_out_source_n_do_axpby_n_align_M_t_align_N_t_align_K_t|custom_kernel_laguna_residual_rms_bf16_2048_v1_bfloat16_t_bfloat16_t_bfloat16_t_bfloat16_t_bfloat16_t|steel_gemm_splitk_nt_bfloat16_float32_bm32_bn32_bk16_wm2_wn2_MN_taligned_K_taligned|steel_gemm_splitk_accum_bfloat16_float32|custom_kernel_laguna_prefill_router_tournament_ordinal_norm_v1_bfloat16_t_float_uint32_t_float|custom_kernel_mlx_lm_route_csort_scatter_fused_m8_u32_v4_uint32_t_uint32_t_uint32_t_uint32_t|gather_frontbfloat16_uint32_int_2|arangeuint32|nvfp4_gather_qmm_rhs_nt_bfloat16_t_gs_16_b_4_bm_16_bn_32_bk_32_wm_1_wn_2_align_M_t_align_N_t_align_K_t|nvfp4_qmm_t_splitk_fused_bfloat16_t_gs_16_b_4_alN_true|nvfp4_qmm_t_splitk_fused_bfloat16_t_gs_16_b_4_alN_true|g2_copybfloat16bfloat16|g2_copybfloat16bfloat16|CV2ISigmoidADV2IBroadcastACEV2IBroadcastCAFV2IMultiplyDEGV2IBroadcastFBHV2IBroadcastBFIV2OMultiplyGH_VV_V2V2_11160318154034397263_contiguous|arangeuint32|CV2ISigmoidADV2IBroadcastACEV2IBroadcastCAFV2IMultiplyDEGV2IBroadcastFBHV2IBroadcastBFIV2OMultiplyGH_VV_V2V2_11160318154034397263_contiguous|nvfp4_qmm_t_bfloat16_t_gs_16_b_4_alN_true_batch_0|nvfp4_gather_qmm_rhs_nt_bfloat16_t_gs_16_b_4_bm_16_bn_32_bk_32_wm_1_wn_2_align_M_t_align_N_t_align_K_t
GPUPROF 74339.273581875 74339.273658042 1 23101440 custom_kernel_laguna_prefill_sorted_moe_tail_bf16_v1_bfloat16_t_uint32_t_float_bfloat16_t_bfloat16_t_bfloat16_t
GPUPROF 74339.273658875 74339.284795750 30 636347908 rmsbfloat16|steel_gemm_splitk_nt_bfloat16_float32_bm32_bn32_bk16_wm2_wn2_MN_taligned_K_taligned|steel_gemm_splitk_accum_bfloat16_float32|steel_gemm_splitk_nt_bfloat16_float32_bm32_bn32_bk16_wm2_wn2_MN_taligned_K_taligned|steel_gemm_splitk_accum_bfloat16_float32|steel_gemm_fused_nt_bfloat16_bfloat16_bm64_bn64_bk16_wm2_wn2_has_batch_n_use_out_source_n_do_axpby_n_align_M_t_align_N_t_align_K_t|steel_gemm_splitk_nt_bfloat16_float32_bm32_bn32_bk16_wm2_wn2_MN_taligned_K_taligned|steel_gemm_splitk_accum_bfloat16_float32|custom_kernel_laguna_prefill_sliding_qk_norm_rope_bf16_128_h1_v2_bfloat16_t_bfloat16_t_bfloat16_t_bfloat16_t_float_int32_tc_bfloat16_t_bfloat16_t|steel_attention_bfloat16_bq32_bk16_bd128_wm4_wn1_maskbfloat16_align_Q_t_align_K_t_has_mask_n_do_causal_t_has_sinks_n|Cf4IAsTypeADf4IBroadcastCBEf4IBroadcastBCFf4ILogAddExpDEGV2OAsTypeF_VC_V2_10408321403207385874_contiguous|g2_Multiplybfloat16|steel_gemm_fused_nt_bfloat16_bfloat16_bm64_bn64_bk16_wm2_wn2_has_batch_n_use_out_source_n_do_axpby_n_align_M_t_align_N_t_align_K_t|custom_kernel_laguna_residual_rms_bf16_2048_v1_bfloat16_t_bfloat16_t_bfloat16_t_bfloat16_t_bfloat16_t|steel_gemm_splitk_nt_bfloat16_float32_bm32_bn32_bk16_wm2_wn2_MN_taligned_K_taligned|steel_gemm_splitk_accum_bfloat16_float32|custom_kernel_laguna_prefill_router_tournament_ordinal_norm_v1_bfloat16_t_float_uint32_t_float|custom_kernel_mlx_lm_route_csort_scatter_fused_m8_u32_v4_uint32_t_uint32_t_uint32_t_uint32_t|gather_frontbfloat16_uint32_int_2|arangeuint32|nvfp4_gather_qmm_rhs_nt_bfloat16_t_gs_16_b_4_bm_16_bn_32_bk_32_wm_1_wn_2_align_M_t_align_N_t_align_K_t|nvfp4_qmm_t_splitk_fused_bfloat16_t_gs_16_b_4_alN_true|nvfp4_qmm_t_splitk_fused_bfloat16_t_gs_16_b_4_alN_true|g2_copybfloat16bfloat16|g2_copybfloat16bfloat16|CV2ISigmoidADV2IBroadcastACEV2IBroadcastCAFV2IMultiplyDEGV2IBroadcastFBHV2IBroadcastBFIV2OMultiplyGH_VV_V2V2_11160318154034397263_contiguous|arangeuint32|CV2ISigmoidADV2IBroadcastACEV2IBroadcastCAFV2IMultiplyDEGV2IBroadcastFBHV2IBroadcastBFIV2OMultiplyGH_VV_V2V2_11160318154034397263_contiguous|nvfp4_qmm_t_bfloat16_t_gs_16_b_4_alN_true_batch_0|nvfp4_gather_qmm_rhs_nt_bfloat16_t_gs_16_b_4_bm_16_bn_32_bk_32_wm_1_wn_2_align_M_t_align_N_t_align_K_t
GPUPROF 74339.284796625 74339.284872750 1 23101440 custom_kernel_laguna_prefill_sorted_moe_tail_bf16_v1_bfloat16_t_uint32_t_float_bfloat16_t_bfloat16_t_bfloat16_t
GPUPROF 74339.284873625 74339.294617250 30 612017668 rmsbfloat16|steel_gemm_splitk_nt_bfloat16_float32_bm32_bn32_bk16_wm2_wn2_MN_taligned_K_taligned|steel_gemm_splitk_accum_bfloat16_float32|steel_gemm_splitk_nt_bfloat16_float32_bm32_bn32_bk16_wm2_wn2_MN_taligned_K_taligned|steel_gemm_splitk_accum_bfloat16_float32|steel_gemm_fused_nt_bfloat16_bfloat16_bm64_bn64_bk16_wm2_wn2_has_batch_n_use_out_source_n_do_axpby_n_align_M_t_align_N_t_align_K_t|steel_gemm_splitk_nt_bfloat16_float32_bm32_bn32_bk16_wm2_wn2_MN_naligned_K_taligned|steel_gemm_splitk_accum_bfloat16_float32|custom_kernel_laguna_prefill_full_qk_norm_yarn_bf16_128_h1_v2_bfloat16_t_bfloat16_t_bfloat16_t_bfloat16_t_float_int32_tc_bfloat16_t_bfloat16_t|steel_attention_bfloat16_bq32_bk16_bd128_wm4_wn1_maskbfloat16_align_Q_t_align_K_t_has_mask_n_do_causal_t_has_sinks_n|Cf4IAsTypeADf4IBroadcastCBEf4IBroadcastBCFf4ILogAddExpDEGV2OAsTypeF_VC_V2_10408321403207385874_contiguous|g2_Multiplybfloat16|steel_gemm_fused_nt_bfloat16_bfloat16_bm64_bn64_bk16_wm2_wn2_has_batch_n_use_out_source_n_do_axpby_n_align_M_t_align_N_t_align_K_t|custom_kernel_laguna_residual_rms_bf16_2048_v1_bfloat16_t_bfloat16_t_bfloat16_t_bfloat16_t_bfloat16_t|steel_gemm_splitk_nt_bfloat16_float32_bm32_bn32_bk16_wm2_wn2_MN_taligned_K_taligned|steel_gemm_splitk_accum_bfloat16_float32|custom_kernel_laguna_prefill_router_tournament_ordinal_norm_v1_bfloat16_t_float_uint32_t_float|custom_kernel_mlx_lm_route_csort_scatter_fused_m8_u32_v4_uint32_t_uint32_t_uint32_t_uint32_t|gather_frontbfloat16_uint32_int_2|arangeuint32|nvfp4_gather_qmm_rhs_nt_bfloat16_t_gs_16_b_4_bm_16_bn_32_bk_32_wm_1_wn_2_align_M_t_align_N_t_align_K_t|nvfp4_qmm_t_splitk_fused_bfloat16_t_gs_16_b_4_alN_true|nvfp4_qmm_t_splitk_fused_bfloat16_t_gs_16_b_4_alN_true|g2_copybfloat16bfloat16|g2_copybfloat16bfloat16|CV2ISigmoidADV2IBroadcastACEV2IBroadcastCAFV2IMultiplyDEGV2IBroadcastFBHV2IBroadcastBFIV2OMultiplyGH_VV_V2V2_11160318154034397263_contiguous|arangeuint32|CV2ISigmoidADV2IBroadcastACEV2IBroadcastCAFV2IMultiplyDEGV2IBroadcastFBHV2IBroadcastBFIV2OMultiplyGH_VV_V2V2_11160318154034397263_contiguous|nvfp4_qmm_t_bfloat16_t_gs_16_b_4_alN_true_batch_0|nvfp4_gather_qmm_rhs_nt_bfloat16_t_gs_16_b_4_bm_16_bn_32_bk_32_wm_1_wn_2_align_M_t_align_N_t_align_K_t
GPUPROF 74339.294618042 74339.294696292 1 23101440 custom_kernel_laguna_prefill_sorted_moe_tail_bf16_v1_bfloat16_t_uint32_t_float_bfloat16_t_bfloat16_t_bfloat16_t
mlxfast: packed-scales active: routed swiglu qmv packed dispatch
GPUPSO gemv_al_bfloat16_bm8_bn1_sm1_sn32_tm4_tn4_nc0_axpby0 maxThreads=256 execWidth=32 tgMem=0
GPUPSO rope_bfloat16_ maxThreads=1024 execWidth=32 tgMem=0
GPUPSO rope_single_bfloat16_ maxThreads=1024 execWidth=32 tgMem=0
GPUPSO sdpa_vector_bfloat16_t_128_128_nomask_qnt_nc_nosinks maxThreads=1024 execWidth=32 tgMem=16896
GPUPSO gemv_al_bfloat16_bm4_bn1_sm1_sn32_tm4_tn4_nc0_axpby0 maxThreads=128 execWidth=32 tgMem=0
GPUPSO custom_kernel_laguna_residual_rms_router_bf16_2048_rpg8_keys_v1_bfloat16_t_bfloat16_t_bfloat16_t_bfloat16_t_float_bfloat16_t_bfloat16_t_bfloat16_t_uint32_t maxThreads=1024 execWidth=32 tgMem=4240
GPUPSO custom_kernel_laguna_shared_nvfp4_swiglu_qmv_rows1_bf16_v1_bfloat16_t_uint32_t_uint8_t_bfloat16_t maxThreads=1024 execWidth=32 tgMem=0
GPUPSO custom_kernel_laguna_decode_router_top8_ordinal_table_norm_v1_bfloat16_t_float_uint32_t_float maxThreads=1024 execWidth=32 tgMem=3072
GPUPSO custom_kernel_laguna_routed_nvfp4_swiglu_qmv_packed_top8keys_r1_bf16_v2_bfloat16_t_uint32_t_uint8_t_uint32_t_bfloat16_t maxThreads=1024 execWidth=32 tgMem=0
GPUPSO custom_kernel_laguna_routed_shared_nvfp4_down_residual_bf16_r1_v5_bfloat16_t_uint32_t_uint8_t_uint32_t_float_bfloat16_t_uint32_t_uint8_t_bfloat16_t_bfloat16_t maxThreads=1024 execWidth=32 tgMem=80
GPUPSO custom_kernel_laguna_lmhead_int5_inline_coarse_ratio_bound_delta_bf16_v6_bfloat16_t_uint8_t_uint8_t_uint8_t_float_bfloat16_t maxThreads=1024 execWidth=32 tgMem=0
GPUPROF 74339.294697042 74339.305818000 30 636347908 rmsbfloat16|steel_gemm_splitk_nt_bfloat16_float32_bm32_bn32_bk16_wm2_wn2_MN_taligned_K_taligned|steel_gemm_splitk_accum_bfloat16_float32|steel_gemm_splitk_nt_bfloat16_float32_bm32_bn32_bk16_wm2_wn2_MN_taligned_K_taligned|steel_gemm_splitk_accum_bfloat16_float32|steel_gemm_fused_nt_bfloat16_bfloat16_bm64_bn64_bk16_wm2_wn2_has_batch_n_use_out_source_n_do_axpby_n_align_M_t_align_N_t_align_K_t|steel_gemm_splitk_nt_bfloat16_float32_bm32_bn32_bk16_wm2_wn2_MN_taligned_K_taligned|steel_gemm_splitk_accum_bfloat16_float32|custom_kernel_laguna_prefill_sliding_qk_norm_rope_bf16_128_h1_v2_bfloat16_t_bfloat16_t_bfloat16_t_bfloat16_t_float_int32_tc_bfloat16_t_bfloat16_t|steel_attention_bfloat16_bq32_bk16_bd128_wm4_wn1_maskbfloat16_align_Q_t_align_K_t_has_mask_n_do_causal_t_has_sinks_n|Cf4IAsTypeADf4IBroadcastCBEf4IBroadcastBCFf4ILogAddExpDEGV2OAsTypeF_VC_V2_10408321403207385874_contiguous|g2_Multiplybfloat16|steel_gemm_fused_nt_bfloat16_bfloat16_bm64_bn64_bk16_wm2_wn2_has_batch_n_use_out_source_n_do_axpby_n_align_M_t_align_N_t_align_K_t|custom_kernel_laguna_residual_rms_bf16_2048_v1_bfloat16_t_bfloat16_t_bfloat16_t_bfloat16_t_bfloat16_t|steel_gemm_splitk_nt_bfloat16_float32_bm32_bn32_bk16_wm2_wn2_MN_taligned_K_taligned|steel_gemm_splitk_accum_bfloat16_float32|custom_kernel_laguna_prefill_router_tournament_ordinal_norm_v1_bfloat16_t_float_uint32_t_float|custom_kernel_mlx_lm_route_csort_scatter_fused_m8_u32_v4_uint32_t_uint32_t_uint32_t_uint32_t|gather_frontbfloat16_uint32_int_2|arangeuint32|nvfp4_gather_qmm_rhs_nt_bfloat16_t_gs_16_b_4_bm_16_bn_32_bk_32_wm_1_wn_2_align_M_t_align_N_t_align_K_t|nvfp4_qmm_t_splitk_fused_bfloat16_t_gs_16_b_4_alN_true|nvfp4_qmm_t_splitk_fused_bfloat16_t_gs_16_b_4_alN_true|g2_copybfloat16bfloat16|g2_copybfloat16bfloat16|CV2ISigmoidADV2IBroadcastACEV2IBroadcastCAFV2IMultiplyDEGV2IBroadcastFBHV2IBroadcastBFIV2OMultiplyGH_VV_V2V2_11160318154034397263_contiguous|arangeuint32|CV2ISigmoidADV2IBroadcastACEV2IBroadcastCAFV2IMultiplyDEGV2IBroadcastFBHV2IBroadcastBFIV2OMultiplyGH_VV_V2V2_11160318154034397263_contiguous|nvfp4_qmm_t_bfloat16_t_gs_16_b_4_alN_true_batch_0|nvfp4_gather_qmm_rhs_nt_bfloat16_t_gs_16_b_4_bm_16_bn_32_bk_32_wm_1_wn_2_align_M_t_align_N_t_align_K_t
GPUPROF 74339.305818750 74339.305898042 1 23101440 custom_kernel_laguna_prefill_sorted_moe_tail_bf16_v1_bfloat16_t_uint32_t_float_bfloat16_t_bfloat16_t_bfloat16_t
GPUPSO custom_kernel_laguna_lmhead_coarse_argmax_stage1_v5_float_float_uint32_t maxThreads=1024 execWidth=32 tgMem=256
GPUPSO custom_kernel_laguna_lmhead_exact_winner_bf16_midpoint_threshold_v1_float_uint32_t_bfloat16_t_bfloat16_t_float maxThreads=1024 execWidth=32 tgMem=16
GPUPSO custom_kernel_laguna_lmhead_exact_inline_mask_block_delta_bf16_lane0_mask_v1_float_bfloat16_t_floatc_bfloat16_t_bfloat16_t_bfloat16_t maxThreads=1024 execWidth=32 tgMem=0
GPUPROF 74339.305898792 74339.317020417 30 636347908 rmsbfloat16|steel_gemm_splitk_nt_bfloat16_float32_bm32_bn32_bk16_wm2_wn2_MN_taligned_K_taligned|steel_gemm_splitk_accum_bfloat16_float32|steel_gemm_splitk_nt_bfloat16_float32_bm32_bn32_bk16_wm2_wn2_MN_taligned_K_taligned|steel_gemm_splitk_accum_bfloat16_float32|steel_gemm_fused_nt_bfloat16_bfloat16_bm64_bn64_bk16_wm2_wn2_has_batch_n_use_out_source_n_do_axpby_n_align_M_t_align_N_t_align_K_t|steel_gemm_splitk_nt_bfloat16_float32_bm32_bn32_bk16_wm2_wn2_MN_taligned_K_taligned|steel_gemm_splitk_accum_bfloat16_float32|custom_kernel_laguna_prefill_sliding_qk_norm_rope_bf16_128_h1_v2_bfloat16_t_bfloat16_t_bfloat16_t_bfloat16_t_float_int32_tc_bfloat16_t_bfloat16_t|steel_attention_bfloat16_bq32_bk16_bd128_wm4_wn1_maskbfloat16_align_Q_t_align_K_t_has_mask_n_do_causal_t_has_sinks_n|Cf4IAsTypeADf4IBroadcastCBEf4IBroadcastBCFf4ILogAddExpDEGV2OAsTypeF_VC_V2_10408321403207385874_contiguous|g2_Multiplybfloat16|steel_gemm_fused_nt_bfloat16_bfloat16_bm64_bn64_bk16_wm2_wn2_has_batch_n_use_out_source_n_do_axpby_n_align_M_t_align_N_t_align_K_t|custom_kernel_laguna_residual_rms_bf16_2048_v1_bfloat16_t_bfloat16_t_bfloat16_t_bfloat16_t_bfloat16_t|steel_gemm_splitk_nt_bfloat16_float32_bm32_bn32_bk16_wm2_wn2_MN_taligned_K_taligned|steel_gemm_splitk_accum_bfloat16_float32|custom_kernel_laguna_prefill_router_tournament_ordinal_norm_v1_bfloat16_t_float_uint32_t_float|custom_kernel_mlx_lm_route_csort_scatter_fused_m8_u32_v4_uint32_t_uint32_t_uint32_t_uint32_t|gather_frontbfloat16_uint32_int_2|arangeuint32|nvfp4_gather_qmm_rhs_nt_bfloat16_t_gs_16_b_4_bm_16_bn_32_bk_32_wm_1_wn_2_align_M_t_align_N_t_align_K_t|nvfp4_qmm_t_splitk_fused_bfloat16_t_gs_16_b_4_alN_true|nvfp4_qmm_t_splitk_fused_bfloat16_t_gs_16_b_4_alN_true|g2_copybfloat16bfloat16|g2_copybfloat16bfloat16|CV2ISigmoidADV2IBroadcastACEV2IBroadcastCAFV2IMultiplyDEGV2IBroadcastFBHV2IBroadcastBFIV2OMultiplyGH_VV_V2V2_11160318154034397263_contiguous|arangeuint32|CV2ISigmoidADV2IBroadcastACEV2IBroadcastCAFV2IMultiplyDEGV2IBroadcastFBHV2IBroadcastBFIV2OMultiplyGH_VV_V2V2_11160318154034397263_contiguous|nvfp4_qmm_t_bfloat16_t_gs_16_b_4_alN_true_batch_0|nvfp4_gather_qmm_rhs_nt_bfloat16_t_gs_16_b_4_bm_16_bn_32_bk_32_wm_1_wn_2_align_M_t_align_N_t_align_K_t
GPUPROF 74339.317021167 74339.317097917 1 23101440 custom_kernel_laguna_prefill_sorted_moe_tail_bf16_v1_bfloat16_t_uint32_t_float_bfloat16_t_bfloat16_t_bfloat16_t
GPUPROF 74339.317098667 74339.328313375 30 636347908 rmsbfloat16|steel_gemm_splitk_nt_bfloat16_float32_bm32_bn32_bk16_wm2_wn2_MN_taligned_K_taligned|steel_gemm_splitk_accum_bfloat16_float32|steel_gemm_splitk_nt_bfloat16_float32_bm32_bn32_bk16_wm2_wn2_MN_taligned_K_taligned|steel_gemm_splitk_accum_bfloat16_float32|steel_gemm_fused_nt_bfloat16_bfloat16_bm64_bn64_bk16_wm2_wn2_has_batch_n_use_out_source_n_do_axpby_n_align_M_t_align_N_t_align_K_t|steel_gemm_splitk_nt_bfloat16_float32_bm32_bn32_bk16_wm2_wn2_MN_taligned_K_taligned|steel_gemm_splitk_accum_bfloat16_float32|custom_kernel_laguna_prefill_sliding_qk_norm_rope_bf16_128_h1_v2_bfloat16_t_bfloat16_t_bfloat16_t_bfloat16_t_float_int32_tc_bfloat16_t_bfloat16_t|steel_attention_bfloat16_bq32_bk16_bd128_wm4_wn1_maskbfloat16_align_Q_t_align_K_t_has_mask_n_do_causal_t_has_sinks_n|Cf4IAsTypeADf4IBroadcastCBEf4IBroadcastBCFf4ILogAddExpDEGV2OAsTypeF_VC_V2_10408321403207385874_contiguous|g2_Multiplybfloat16|steel_gemm_fused_nt_bfloat16_bfloat16_bm64_bn64_bk16_wm2_wn2_has_batch_n_use_out_source_n_do_axpby_n_align_M_t_align_N_t_align_K_t|custom_kernel_laguna_residual_rms_bf16_2048_v1_bfloat16_t_bfloat16_t_bfloat16_t_bfloat16_t_bfloat16_t|steel_gemm_splitk_nt_bfloat16_float32_bm32_bn32_bk16_wm2_wn2_MN_taligned_K_taligned|steel_gemm_splitk_accum_bfloat16_float32|custom_kernel_laguna_prefill_router_tournament_ordinal_norm_v1_bfloat16_t_float_uint32_t_float|custom_kernel_mlx_lm_route_csort_scatter_fused_m8_u32_v4_uint32_t_uint32_t_uint32_t_uint32_t|gather_frontbfloat16_uint32_int_2|arangeuint32|nvfp4_gather_qmm_rhs_nt_bfloat16_t_gs_16_b_4_bm_16_bn_32_bk_32_wm_1_wn_2_align_M_t_align_N_t_align_K_t|nvfp4_qmm_t_splitk_fused_bfloat16_t_gs_16_b_4_alN_true|nvfp4_qmm_t_splitk_fused_bfloat16_t_gs_16_b_4_alN_true|g2_copybfloat16bfloat16|g2_copybfloat16bfloat16|CV2ISigmoidADV2IBroadcastACEV2IBroadcastCAFV2IMultiplyDEGV2IBroadcastFBHV2IBroadcastBFIV2OMultiplyGH_VV_V2V2_11160318154034397263_contiguous|arangeuint32|CV2ISigmoidADV2IBroadcastACEV2IBroadcastCAFV2IMultiplyDEGV2IBroadcastFBHV2IBroadcastBFIV2OMultiplyGH_VV_V2V2_11160318154034397263_contiguous|nvfp4_qmm_t_bfloat16_t_gs_16_b_4_alN_true_batch_0|nvfp4_gather_qmm_rhs_nt_bfloat16_t_gs_16_b_4_bm_16_bn_32_bk_32_wm_1_wn_2_align_M_t_align_N_t_align_K_t
GPUPROF 74339.328329792 74339.328407750 1 23101440 custom_kernel_laguna_prefill_sorted_moe_tail_bf16_v1_bfloat16_t_uint32_t_float_bfloat16_t_bfloat16_t_bfloat16_t
GPUPROF 74339.328408542 74339.338146000 30 612017668 rmsbfloat16|steel_gemm_splitk_nt_bfloat16_float32_bm32_bn32_bk16_wm2_wn2_MN_taligned_K_taligned|steel_gemm_splitk_accum_bfloat16_float32|steel_gemm_splitk_nt_bfloat16_float32_bm32_bn32_bk16_wm2_wn2_MN_taligned_K_taligned|steel_gemm_splitk_accum_bfloat16_float32|steel_gemm_fused_nt_bfloat16_bfloat16_bm64_bn64_bk16_wm2_wn2_has_batch_n_use_out_source_n_do_axpby_n_align_M_t_align_N_t_align_K_t|steel_gemm_splitk_nt_bfloat16_float32_bm32_bn32_bk16_wm2_wn2_MN_naligned_K_taligned|steel_gemm_splitk_accum_bfloat16_float32|custom_kernel_laguna_prefill_full_qk_norm_yarn_bf16_128_h1_v2_bfloat16_t_bfloat16_t_bfloat16_t_bfloat16_t_float_int32_tc_bfloat16_t_bfloat16_t|steel_attention_bfloat16_bq32_bk16_bd128_wm4_wn1_maskbfloat16_align_Q_t_align_K_t_has_mask_n_do_causal_t_has_sinks_n|Cf4IAsTypeADf4IBroadcastCBEf4IBroadcastBCFf4ILogAddExpDEGV2OAsTypeF_VC_V2_10408321403207385874_contiguous|g2_Multiplybfloat16|steel_gemm_fused_nt_bfloat16_bfloat16_bm64_bn64_bk16_wm2_wn2_has_batch_n_use_out_source_n_do_axpby_n_align_M_t_align_N_t_align_K_t|custom_kernel_laguna_residual_rms_bf16_2048_v1_bfloat16_t_bfloat16_t_bfloat16_t_bfloat16_t_bfloat16_t|steel_gemm_splitk_nt_bfloat16_float32_bm32_bn32_bk16_wm2_wn2_MN_taligned_K_taligned|steel_gemm_splitk_accum_bfloat16_float32|custom_kernel_laguna_prefill_router_tournament_ordinal_norm_v1_bfloat16_t_float_uint32_t_float|custom_kernel_mlx_lm_route_csort_scatter_fused_m8_u32_v4_uint32_t_uint32_t_uint32_t_uint32_t|gather_frontbfloat16_uint32_int_2|arangeuint32|nvfp4_gather_qmm_rhs_nt_bfloat16_t_gs_16_b_4_bm_16_bn_32_bk_32_wm_1_wn_2_align_M_t_align_N_t_align_K_t|nvfp4_qmm_t_splitk_fused_bfloat16_t_gs_16_b_4_alN_true|nvfp4_qmm_t_splitk_fused_bfloat16_t_gs_16_b_4_alN_true|g2_copybfloat16bfloat16|g2_copybfloat16bfloat16|CV2ISigmoidADV2IBroadcastACEV2IBroadcastCAFV2IMultiplyDEGV2IBroadcastFBHV2IBroadcastBFIV2OMultiplyGH_VV_V2V2_11160318154034397263_contiguous|arangeuint32|CV2ISigmoidADV2IBroadcastACEV2IBroadcastCAFV2IMultiplyDEGV2IBroadcastFBHV2IBroadcastBFIV2OMultiplyGH_VV_V2V2_11160318154034397263_contiguous|nvfp4_qmm_t_bfloat16_t_gs_16_b_4_alN_true_batch_0|nvfp4_gather_qmm_rhs_nt_bfloat16_t_gs_16_b_4_bm_16_bn_32_bk_32_wm_1_wn_2_align_M_t_align_N_t_align_K_t
GPUPROF 74339.338147000 74339.338225000 1 23101440 custom_kernel_laguna_prefill_sorted_moe_tail_bf16_v1_bfloat16_t_uint32_t_float_bfloat16_t_bfloat16_t_bfloat16_t
GPUPROF 74339.338225792 74339.349347750 30 636347908 rmsbfloat16|steel_gemm_splitk_nt_bfloat16_float32_bm32_bn32_bk16_wm2_wn2_MN_taligned_K_taligned|steel_gemm_splitk_accum_bfloat16_float32|steel_gemm_splitk_nt_bfloat16_float32_bm32_bn32_bk16_wm2_wn2_MN_taligned_K_taligned|steel_gemm_splitk_accum_bfloat16_float32|steel_gemm_fused_nt_bfloat16_bfloat16_bm64_bn64_bk16_wm2_wn2_has_batch_n_use_out_source_n_do_axpby_n_align_M_t_align_N_t_align_K_t|steel_gemm_splitk_nt_bfloat16_float32_bm32_bn32_bk16_wm2_wn2_MN_taligned_K_taligned|steel_gemm_splitk_accum_bfloat16_float32|custom_kernel_laguna_prefill_sliding_qk_norm_rope_bf16_128_h1_v2_bfloat16_t_bfloat16_t_bfloat16_t_bfloat16_t_float_int32_tc_bfloat16_t_bfloat16_t|steel_attention_bfloat16_bq32_bk16_bd128_wm4_wn1_maskbfloat16_align_Q_t_align_K_t_has_mask_n_do_causal_t_has_sinks_n|Cf4IAsTypeADf4IBroadcastCBEf4IBroadcastBCFf4ILogAddExpDEGV2OAsTypeF_VC_V2_10408321403207385874_contiguous|g2_Multiplybfloat16|steel_gemm_fused_nt_bfloat16_bfloat16_bm64_bn64_bk16_wm2_wn2_has_batch_n_use_out_source_n_do_axpby_n_align_M_t_align_N_t_align_K_t|custom_kernel_laguna_residual_rms_bf16_2048_v1_bfloat16_t_bfloat16_t_bfloat16_t_bfloat16_t_bfloat16_t|steel_gemm_splitk_nt_bfloat16_float32_bm32_bn32_bk16_wm2_wn2_MN_taligned_K_taligned|steel_gemm_splitk_accum_bfloat16_float32|custom_kernel_laguna_prefill_router_tournament_ordinal_norm_v1_bfloat16_t_float_uint32_t_float|custom_kernel_mlx_lm_route_csort_scatter_fused_m8_u32_v4_uint32_t_uint32_t_uint32_t_uint32_t|gather_frontbfloat16_uint32_int_2|arangeuint32|nvfp4_gather_qmm_rhs_nt_bfloat16_t_gs_16_b_4_bm_16_bn_32_bk_32_wm_1_wn_2_align_M_t_align_N_t_align_K_t|nvfp4_qmm_t_splitk_fused_bfloat16_t_gs_16_b_4_alN_true|nvfp4_qmm_t_splitk_fused_bfloat16_t_gs_16_b_4_alN_true|g2_copybfloat16bfloat16|g2_copybfloat16bfloat16|CV2ISigmoidADV2IBroadcastACEV2IBroadcastCAFV2IMultiplyDEGV2IBroadcastFBHV2IBroadcastBFIV2OMultiplyGH_VV_V2V2_11160318154034397263_contiguous|arangeuint32|CV2ISigmoidADV2IBroadcastACEV2IBroadcastCAFV2IMultiplyDEGV2IBroadcastFBHV2IBroadcastBFIV2OMultiplyGH_VV_V2V2_11160318154034397263_contiguous|nvfp4_qmm_t_bfloat16_t_gs_16_b_4_alN_true_batch_0|nvfp4_gather_qmm_rhs_nt_bfloat16_t_gs_16_b_4_bm_16_bn_32_bk_32_wm_1_wn_2_align_M_t_align_N_t_align_K_t
GPUPROF 74339.349348667 74339.349426500 1 23101440 custom_kernel_laguna_prefill_sorted_moe_tail_bf16_v1_bfloat16_t_uint32_t_float_bfloat16_t_bfloat16_t_bfloat16_t
GPUPROF 74339.349427250 74339.360564542 30 636347908 rmsbfloat16|steel_gemm_splitk_nt_bfloat16_float32_bm32_bn32_bk16_wm2_wn2_MN_taligned_K_taligned|steel_gemm_splitk_accum_bfloat16_float32|steel_gemm_splitk_nt_bfloat16_float32_bm32_bn32_bk16_wm2_wn2_MN_taligned_K_taligned|steel_gemm_splitk_accum_bfloat16_float32|steel_gemm_fused_nt_bfloat16_bfloat16_bm64_bn64_bk16_wm2_wn2_has_batch_n_use_out_source_n_do_axpby_n_align_M_t_align_N_t_align_K_t|steel_gemm_splitk_nt_bfloat16_float32_bm32_bn32_bk16_wm2_wn2_MN_taligned_K_taligned|steel_gemm_splitk_accum_bfloat16_float32|custom_kernel_laguna_prefill_sliding_qk_norm_rope_bf16_128_h1_v2_bfloat16_t_bfloat16_t_bfloat16_t_bfloat16_t_float_int32_tc_bfloat16_t_bfloat16_t|steel_attention_bfloat16_bq32_bk16_bd128_wm4_wn1_maskbfloat16_align_Q_t_align_K_t_has_mask_n_do_causal_t_has_sinks_n|Cf4IAsTypeADf4IBroadcastCBEf4IBroadcastBCFf4ILogAddExpDEGV2OAsTypeF_VC_V2_10408321403207385874_contiguous|g2_Multiplybfloat16|steel_gemm_fused_nt_bfloat16_bfloat16_bm64_bn64_bk16_wm2_wn2_has_batch_n_use_out_source_n_do_axpby_n_align_M_t_align_N_t_align_K_t|custom_kernel_laguna_residual_rms_bf16_2048_v1_bfloat16_t_bfloat16_t_bfloat16_t_bfloat16_t_bfloat16_t|steel_gemm_splitk_nt_bfloat16_float32_bm32_bn32_bk16_wm2_wn2_MN_taligned_K_taligned|steel_gemm_splitk_accum_bfloat16_float32|custom_kernel_laguna_prefill_router_tournament_ordinal_norm_v1_bfloat16_t_float_uint32_t_float|custom_kernel_mlx_lm_route_csort_scatter_fused_m8_u32_v4_uint32_t_uint32_t_uint32_t_uint32_t|gather_frontbfloat16_uint32_int_2|arangeuint32|nvfp4_gather_qmm_rhs_nt_bfloat16_t_gs_16_b_4_bm_16_bn_32_bk_32_wm_1_wn_2_align_M_t_align_N_t_align_K_t|nvfp4_qmm_t_splitk_fused_bfloat16_t_gs_16_b_4_alN_true|nvfp4_qmm_t_splitk_fused_bfloat16_t_gs_16_b_4_alN_true|g2_copybfloat16bfloat16|g2_copybfloat16bfloat16|CV2ISigmoidADV2IBroadcastACEV2IBroadcastCAFV2IMultiplyDEGV2IBroadcastFBHV2IBroadcastBFIV2OMultiplyGH_VV_V2V2_11160318154034397263_contiguous|arangeuint32|CV2ISigmoidADV2IBroadcastACEV2IBroadcastCAFV2IMultiplyDEGV2IBroadcastFBHV2IBroadcastBFIV2OMultiplyGH_VV_V2V2_11160318154034397263_contiguous|nvfp4_qmm_t_bfloat16_t_gs_16_b_4_alN_true_batch_0|nvfp4_gather_qmm_rhs_nt_bfloat16_t_gs_16_b_4_bm_16_bn_32_bk_32_wm_1_wn_2_align_M_t_align_N_t_align_K_t
GPUPROF 74339.360565375 74339.360641417 1 23101440 custom_kernel_laguna_prefill_sorted_moe_tail_bf16_v1_bfloat16_t_uint32_t_float_bfloat16_t_bfloat16_t_bfloat16_t
GPUPROF 74339.360642250 74339.371771125 30 636347908 rmsbfloat16|steel_gemm_splitk_nt_bfloat16_float32_bm32_bn32_bk16_wm2_wn2_MN_taligned_K_taligned|steel_gemm_splitk_accum_bfloat16_float32|steel_gemm_splitk_nt_bfloat16_float32_bm32_bn32_bk16_wm2_wn2_MN_taligned_K_taligned|steel_gemm_splitk_accum_bfloat16_float32|steel_gemm_fused_nt_bfloat16_bfloat16_bm64_bn64_bk16_wm2_wn2_has_batch_n_use_out_source_n_do_axpby_n_align_M_t_align_N_t_align_K_t|steel_gemm_splitk_nt_bfloat16_float32_bm32_bn32_bk16_wm2_wn2_MN_taligned_K_taligned|steel_gemm_splitk_accum_bfloat16_float32|custom_kernel_laguna_prefill_sliding_qk_norm_rope_bf16_128_h1_v2_bfloat16_t_bfloat16_t_bfloat16_t_bfloat16_t_float_int32_tc_bfloat16_t_bfloat16_t|steel_attention_bfloat16_bq32_bk16_bd128_wm4_wn1_maskbfloat16_align_Q_t_align_K_t_has_mask_n_do_causal_t_has_sinks_n|Cf4IAsTypeADf4IBroadcastCBEf4IBroadcastBCFf4ILogAddExpDEGV2OAsTypeF_VC_V2_10408321403207385874_contiguous|g2_Multiplybfloat16|steel_gemm_fused_nt_bfloat16_bfloat16_bm64_bn64_bk16_wm2_wn2_has_batch_n_use_out_source_n_do_axpby_n_align_M_t_align_N_t_align_K_t|custom_kernel_laguna_residual_rms_bf16_2048_v1_bfloat16_t_bfloat16_t_bfloat16_t_bfloat16_t_bfloat16_t|steel_gemm_splitk_nt_bfloat16_float32_bm32_bn32_bk16_wm2_wn2_MN_taligned_K_taligned|steel_gemm_splitk_accum_bfloat16_float32|custom_kernel_laguna_prefill_router_tournament_ordinal_norm_v1_bfloat16_t_float_uint32_t_float|custom_kernel_mlx_lm_route_csort_scatter_fused_m8_u32_v4_uint32_t_uint32_t_uint32_t_uint32_t|gather_frontbfloat16_uint32_int_2|arangeuint32|nvfp4_gather_qmm_rhs_nt_bfloat16_t_gs_16_b_4_bm_16_bn_32_bk_32_wm_1_wn_2_align_M_t_align_N_t_align_K_t|nvfp4_qmm_t_splitk_fused_bfloat16_t_gs_16_b_4_alN_true|nvfp4_qmm_t_splitk_fused_bfloat16_t_gs_16_b_4_alN_true|g2_copybfloat16bfloat16|g2_copybfloat16bfloat16|CV2ISigmoidADV2IBroadcastACEV2IBroadcastCAFV2IMultiplyDEGV2IBroadcastFBHV2IBroadcastBFIV2OMultiplyGH_VV_V2V2_11160318154034397263_contiguous|arangeuint32|CV2ISigmoidADV2IBroadcastACEV2IBroadcastCAFV2IMultiplyDEGV2IBroadcastFBHV2IBroadcastBFIV2OMultiplyGH_VV_V2V2_11160318154034397263_contiguous|nvfp4_qmm_t_bfloat16_t_gs_16_b_4_alN_true_batch_0|nvfp4_gather_qmm_rhs_nt_bfloat16_t_gs_16_b_4_bm_16_bn_32_bk_32_wm_1_wn_2_align_M_t_align_N_t_align_K_t
GPUPROF 74339.371772000 74339.371851250 1 23101440 custom_kernel_laguna_prefill_sorted_moe_tail_bf16_v1_bfloat16_t_uint32_t_float_bfloat16_t_bfloat16_t_bfloat16_t
GPUPROF 74339.371852375 74339.381588000 30 612017668 rmsbfloat16|steel_gemm_splitk_nt_bfloat16_float32_bm32_bn32_bk16_wm2_wn2_MN_taligned_K_taligned|steel_gemm_splitk_accum_bfloat16_float32|steel_gemm_splitk_nt_bfloat16_float32_bm32_bn32_bk16_wm2_wn2_MN_taligned_K_taligned|steel_gemm_splitk_accum_bfloat16_float32|steel_gemm_fused_nt_bfloat16_bfloat16_bm64_bn64_bk16_wm2_wn2_has_batch_n_use_out_source_n_do_axpby_n_align_M_t_align_N_t_align_K_t|steel_gemm_splitk_nt_bfloat16_float32_bm32_bn32_bk16_wm2_wn2_MN_naligned_K_taligned|steel_gemm_splitk_accum_bfloat16_float32|custom_kernel_laguna_prefill_full_qk_norm_yarn_bf16_128_h1_v2_bfloat16_t_bfloat16_t_bfloat16_t_bfloat16_t_float_int32_tc_bfloat16_t_bfloat16_t|steel_attention_bfloat16_bq32_bk16_bd128_wm4_wn1_maskbfloat16_align_Q_t_align_K_t_has_mask_n_do_causal_t_has_sinks_n|Cf4IAsTypeADf4IBroadcastCBEf4IBroadcastBCFf4ILogAddExpDEGV2OAsTypeF_VC_V2_10408321403207385874_contiguous|g2_Multiplybfloat16|steel_gemm_fused_nt_bfloat16_bfloat16_bm64_bn64_bk16_wm2_wn2_has_batch_n_use_out_source_n_do_axpby_n_align_M_t_align_N_t_align_K_t|custom_kernel_laguna_residual_rms_bf16_2048_v1_bfloat16_t_bfloat16_t_bfloat16_t_bfloat16_t_bfloat16_t|steel_gemm_splitk_nt_bfloat16_float32_bm32_bn32_bk16_wm2_wn2_MN_taligned_K_taligned|steel_gemm_splitk_accum_bfloat16_float32|custom_kernel_laguna_prefill_router_tournament_ordinal_norm_v1_bfloat16_t_float_uint32_t_float|custom_kernel_mlx_lm_route_csort_scatter_fused_m8_u32_v4_uint32_t_uint32_t_uint32_t_uint32_t|gather_frontbfloat16_uint32_int_2|arangeuint32|nvfp4_gather_qmm_rhs_nt_bfloat16_t_gs_16_b_4_bm_16_bn_32_bk_32_wm_1_wn_2_align_M_t_align_N_t_align_K_t|nvfp4_qmm_t_splitk_fused_bfloat16_t_gs_16_b_4_alN_true|nvfp4_qmm_t_splitk_fused_bfloat16_t_gs_16_b_4_alN_true|g2_copybfloat16bfloat16|g2_copybfloat16bfloat16|CV2ISigmoidADV2IBroadcastACEV2IBroadcastCAFV2IMultiplyDEGV2IBroadcastFBHV2IBroadcastBFIV2OMultiplyGH_VV_V2V2_11160318154034397263_contiguous|arangeuint32|CV2ISigmoidADV2IBroadcastACEV2IBroadcastCAFV2IMultiplyDEGV2IBroadcastFBHV2IBroadcastBFIV2OMultiplyGH_VV_V2V2_11160318154034397263_contiguous|nvfp4_qmm_t_bfloat16_t_gs_16_b_4_alN_true_batch_0|nvfp4_gather_qmm_rhs_nt_bfloat16_t_gs_16_b_4_bm_16_bn_32_bk_32_wm_1_wn_2_align_M_t_align_N_t_align_K_t
GPUPROF 74339.381588750 74339.381671667 1 23101440 custom_kernel_laguna_prefill_sorted_moe_tail_bf16_v1_bfloat16_t_uint32_t_float_bfloat16_t_bfloat16_t_bfloat16_t
GPUPROF 74339.381672500 74339.392792375 30 636347908 rmsbfloat16|steel_gemm_splitk_nt_bfloat16_float32_bm32_bn32_bk16_wm2_wn2_MN_taligned_K_taligned|steel_gemm_splitk_accum_bfloat16_float32|steel_gemm_splitk_nt_bfloat16_float32_bm32_bn32_bk16_wm2_wn2_MN_taligned_K_taligned|steel_gemm_splitk_accum_bfloat16_float32|steel_gemm_fused_nt_bfloat16_bfloat16_bm64_bn64_bk16_wm2_wn2_has_batch_n_use_out_source_n_do_axpby_n_align_M_t_align_N_t_align_K_t|steel_gemm_splitk_nt_bfloat16_float32_bm32_bn32_bk16_wm2_wn2_MN_taligned_K_taligned|steel_gemm_splitk_accum_bfloat16_float32|custom_kernel_laguna_prefill_sliding_qk_norm_rope_bf16_128_h1_v2_bfloat16_t_bfloat16_t_bfloat16_t_bfloat16_t_float_int32_tc_bfloat16_t_bfloat16_t|steel_attention_bfloat16_bq32_bk16_bd128_wm4_wn1_maskbfloat16_align_Q_t_align_K_t_has_mask_n_do_causal_t_has_sinks_n|Cf4IAsTypeADf4IBroadcastCBEf4IBroadcastBCFf4ILogAddExpDEGV2OAsTypeF_VC_V2_10408321403207385874_contiguous|g2_Multiplybfloat16|steel_gemm_fused_nt_bfloat16_bfloat16_bm64_bn64_bk16_wm2_wn2_has_batch_n_use_out_source_n_do_axpby_n_align_M_t_align_N_t_align_K_t|custom_kernel_laguna_residual_rms_bf16_2048_v1_bfloat16_t_bfloat16_t_bfloat16_t_bfloat16_t_bfloat16_t|steel_gemm_splitk_nt_bfloat16_float32_bm32_bn32_bk16_wm2_wn2_MN_taligned_K_taligned|steel_gemm_splitk_accum_bfloat16_float32|custom_kernel_laguna_prefill_router_tournament_ordinal_norm_v1_bfloat16_t_float_uint32_t_float|custom_kernel_mlx_lm_route_csort_scatter_fused_m8_u32_v4_uint32_t_uint32_t_uint32_t_uint32_t|gather_frontbfloat16_uint32_int_2|arangeuint32|nvfp4_gather_qmm_rhs_nt_bfloat16_t_gs_16_b_4_bm_16_bn_32_bk_32_wm_1_wn_2_align_M_t_align_N_t_align_K_t|nvfp4_qmm_t_splitk_fused_bfloat16_t_gs_16_b_4_alN_true|nvfp4_qmm_t_splitk_fused_bfloat16_t_gs_16_b_4_alN_true|g2_copybfloat16bfloat16|g2_copybfloat16bfloat16|CV2ISigmoidADV2IBroadcastACEV2IBroadcastCAFV2IMultiplyDEGV2IBroadcastFBHV2IBroadcastBFIV2OMultiplyGH_VV_V2V2_11160318154034397263_contiguous|arangeuint32|CV2ISigmoidADV2IBroadcastACEV2IBroadcastCAFV2IMultiplyDEGV2IBroadcastFBHV2IBroadcastBFIV2OMultiplyGH_VV_V2V2_11160318154034397263_contiguous|nvfp4_qmm_t_bfloat16_t_gs_16_b_4_alN_true_batch_0|nvfp4_gather_qmm_rhs_nt_bfloat16_t_gs_16_b_4_bm_16_bn_32_bk_32_wm_1_wn_2_align_M_t_align_N_t_align_K_t
GPUPROF 74339.392793125 74339.392886000 1 23101440 custom_kernel_laguna_prefill_sorted_moe_tail_bf16_v1_bfloat16_t_uint32_t_float_bfloat16_t_bfloat16_t_bfloat16_t
GPUPROF 74339.392886792 74339.404007000 30 636347908 rmsbfloat16|steel_gemm_splitk_nt_bfloat16_float32_bm32_bn32_bk16_wm2_wn2_MN_taligned_K_taligned|steel_gemm_splitk_accum_bfloat16_float32|steel_gemm_splitk_nt_bfloat16_float32_bm32_bn32_bk16_wm2_wn2_MN_taligned_K_taligned|steel_gemm_splitk_accum_bfloat16_float32|steel_gemm_fused_nt_bfloat16_bfloat16_bm64_bn64_bk16_wm2_wn2_has_batch_n_use_out_source_n_do_axpby_n_align_M_t_align_N_t_align_K_t|steel_gemm_splitk_nt_bfloat16_float32_bm32_bn32_bk16_wm2_wn2_MN_taligned_K_taligned|steel_gemm_splitk_accum_bfloat16_float32|custom_kernel_laguna_prefill_sliding_qk_norm_rope_bf16_128_h1_v2_bfloat16_t_bfloat16_t_bfloat16_t_bfloat16_t_float_int32_tc_bfloat16_t_bfloat16_t|steel_attention_bfloat16_bq32_bk16_bd128_wm4_wn1_maskbfloat16_align_Q_t_align_K_t_has_mask_n_do_causal_t_has_sinks_n|Cf4IAsTypeADf4IBroadcastCBEf4IBroadcastBCFf4ILogAddExpDEGV2OAsTypeF_VC_V2_10408321403207385874_contiguous|g2_Multiplybfloat16|steel_gemm_fused_nt_bfloat16_bfloat16_bm64_bn64_bk16_wm2_wn2_has_batch_n_use_out_source_n_do_axpby_n_align_M_t_align_N_t_align_K_t|custom_kernel_laguna_residual_rms_bf16_2048_v1_bfloat16_t_bfloat16_t_bfloat16_t_bfloat16_t_bfloat16_t|steel_gemm_splitk_nt_bfloat16_float32_bm32_bn32_bk16_wm2_wn2_MN_taligned_K_taligned|steel_gemm_splitk_accum_bfloat16_float32|custom_kernel_laguna_prefill_router_tournament_ordinal_norm_v1_bfloat16_t_float_uint32_t_float|custom_kernel_mlx_lm_route_csort_scatter_fused_m8_u32_v4_uint32_t_uint32_t_uint32_t_uint32_t|gather_frontbfloat16_uint32_int_2|arangeuint32|nvfp4_gather_qmm_rhs_nt_bfloat16_t_gs_16_b_4_bm_16_bn_32_bk_32_wm_1_wn_2_align_M_t_align_N_t_align_K_t|nvfp4_qmm_t_splitk_fused_bfloat16_t_gs_16_b_4_alN_true|nvfp4_qmm_t_splitk_fused_bfloat16_t_gs_16_b_4_alN_true|g2_copybfloat16bfloat16|g2_copybfloat16bfloat16|CV2ISigmoidADV2IBroadcastACEV2IBroadcastCAFV2IMultiplyDEGV2IBroadcastFBHV2IBroadcastBFIV2OMultiplyGH_VV_V2V2_11160318154034397263_contiguous|arangeuint32|CV2ISigmoidADV2IBroadcastACEV2IBroadcastCAFV2IMultiplyDEGV2IBroadcastFBHV2IBroadcastBFIV2OMultiplyGH_VV_V2V2_11160318154034397263_contiguous|nvfp4_qmm_t_bfloat16_t_gs_16_b_4_alN_true_batch_0|nvfp4_gather_qmm_rhs_nt_bfloat16_t_gs_16_b_4_bm_16_bn_32_bk_32_wm_1_wn_2_align_M_t_align_N_t_align_K_t
GPUPROF 74339.404007750 74339.404091792 1 23101440 custom_kernel_laguna_prefill_sorted_moe_tail_bf16_v1_bfloat16_t_uint32_t_float_bfloat16_t_bfloat16_t_bfloat16_t
GPUPROF 74339.404092625 74339.405626375 19 650351176 rmsbfloat16|steel_gemm_fused_nt_bfloat16_bfloat16_bm64_bn64_bk16_wm2_wn2_has_batch_n_use_out_source_n_do_axpby_n_align_M_t_align_N_t_align_K_t|gemv_al_bfloat16_bm8_bn1_sm1_sn32_tm4_tn4_nc0_axpby0|g2_copybfloat16bfloat16|rmsbfloat16|rmsbfloat16|rope_bfloat16_|rope_single_bfloat16_|Cf4IAsTypeADf4IBroadcastCBEf4IBroadcastBCFf4ILogAddExpDEGV2OAsTypeF_VC_V2_10408321403207385874_contiguous|sdpa_vector_bfloat16_t_128_128_nomask_qnt_nc_nosinks|g2_Multiplybfloat16|gemv_al_bfloat16_bm4_bn1_sm1_sn32_tm4_tn4_nc0_axpby0|custom_kernel_laguna_residual_rms_router_bf16_2048_rpg8_keys_v1_bfloat16_t_bfloat16_t_bfloat16_t_bfloat16_t_float_bfloat16_t_bfloat16_t_bfloat16_t_uint32_t|custom_kernel_laguna_shared_nvfp4_swiglu_qmv_rows1_bf16_v1_bfloat16_t_uint32_t_uint8_t_bfloat16_t|custom_kernel_laguna_decode_router_top8_ordinal_table_norm_v1_bfloat16_t_float_uint32_t_float|custom_kernel_laguna_routed_nvfp4_swiglu_qmv_packed_top8keys_r1_bf16_v2_bfloat16_t_uint32_t_uint8_t_uint32_t_bfloat16_t|custom_kernel_laguna_routed_shared_nvfp4_down_residual_bf16_r1_v5_bfloat16_t_uint32_t_uint8_t_uint32_t_float_bfloat16_t_uint32_t_uint8_t_bfloat16_t_bfloat16_t|rmsbfloat16|custom_kernel_laguna_lmhead_int5_inline_coarse_ratio_bound_delta_bf16_v6_bfloat16_t_uint8_t_uint8_t_uint8_t_float_bfloat16_t
GPUPROF 74339.405627292 74339.405712250 3 411849732 custom_kernel_laguna_lmhead_coarse_argmax_stage1_v5_float_float_uint32_t|custom_kernel_laguna_lmhead_exact_winner_bf16_midpoint_threshold_v1_float_uint32_t_bfloat16_t_bfloat16_t_float|custom_kernel_laguna_lmhead_exact_inline_mask_block_delta_bf16_lane0_mask_v1_float_bfloat16_t_floatc_bfloat16_t_bfloat16_t_bfloat16_t
GPUPSO custom_kernel_laguna_decode_embedding_rope_atlas_bf16_2048_v2_int32_tc_bfloat16_t_float_float_int32_ts_bfloat16_t_float_float maxThreads=1024 execWidth=32 tgMem=0
GPUPSO custom_kernel_laguna_gate_sp_h48_v1_bfloat16_t_uint32_t_bfloat16_t_bfloat16_t_bfloat16_t maxThreads=1024 execWidth=32 tgMem=0
GPUPSO custom_kernel_laguna_decode_nvfp4_qkv_h48_r1_v1_lm1_se1_sd1_bfloat16_t_uint32_t_uint8_t_uint8_t_uint8_t_bfloat16_t maxThreads=1024 execWidth=32 tgMem=0
GPUPROF 74339.410434167 74339.410650375 4 424297320 custom_kernel_laguna_decode_embedding_rope_atlas_bf16_2048_v2_int32_tc_bfloat16_t_float_float_int32_ts_bfloat16_t_float_float|rmsbfloat16|custom_kernel_laguna_gate_sp_h48_v1_bfloat16_t_uint32_t_bfloat16_t_bfloat16_t_bfloat16_t|custom_kernel_laguna_decode_nvfp4_qkv_h48_r1_v1_lm1_se1_sd1_bfloat16_t_uint32_t_uint8_t_uint8_t_uint8_t_bfloat16_t
GPUPSO custom_kernel_laguna_full_qk_norm_yarn_bf16_128_v4_bfloat16_t_bfloat16_t_bfloat16_t_bfloat16_t_float_bfloat16_t_bfloat16_t maxThreads=1024 execWidth=32 tgMem=0
GPUPSO sn_copybfloat16bfloat16 maxThreads=1024 execWidth=32 tgMem=0
GPUPSO gg3_copybfloat16bfloat16 maxThreads=1024 execWidth=32 tgMem=0
GPUPSO gg2_copybfloat16bfloat16 maxThreads=1024 execWidth=32 tgMem=0
GPUPSO custom_kernel_laguna_oproj_act_h48_v1_ns1_sc1_se1_bfloat16_t_bfloat16_t_uint32_t_uint8_t_uint8_t_uint8_t_bfloat16_t maxThreads=1024 execWidth=32 tgMem=0
GPUPSO custom_kernel_laguna_dense_gate_up_swiglu_bf16_v1_bfloat16_t_bfloat16_t_bfloat16_t maxThreads=1024 execWidth=32 tgMem=0
GPUPSO custom_kernel_laguna_dense_down_residual_bf16_v1_bfloat16_t_bfloat16_t_bfloat16_t_bfloat16_t maxThreads=1024 execWidth=32 tgMem=0
GPUPROF 74339.414071542 74339.414613917 14 113843040 custom_kernel_laguna_full_qk_norm_yarn_bf16_128_v4_bfloat16_t_bfloat16_t_bfloat16_t_bfloat16_t_float_bfloat16_t_bfloat16_t|sn_copybfloat16bfloat16|sn_copybfloat16bfloat16|gg3_copybfloat16bfloat16|gg2_copybfloat16bfloat16|gg2_copybfloat16bfloat16|gg2_copybfloat16bfloat16|gg2_copybfloat16bfloat16|gg2_copybfloat16bfloat16|sdpa_vector_bfloat16_t_128_128_nomask_qnt_nc_nosinks|custom_kernel_laguna_oproj_act_h48_v1_ns1_sc1_se1_bfloat16_t_bfloat16_t_uint32_t_uint8_t_uint8_t_uint8_t_bfloat16_t|custom_kernel_laguna_residual_rms_bf16_2048_v1_bfloat16_t_bfloat16_t_bfloat16_t_bfloat16_t_bfloat16_t|custom_kernel_laguna_dense_gate_up_swiglu_bf16_v1_bfloat16_t_bfloat16_t_bfloat16_t|custom_kernel_laguna_dense_down_residual_bf16_v1_bfloat16_t_bfloat16_t_bfloat16_t_bfloat16_t
GPUPSO custom_kernel_laguna_decode_nvfp4_qkv_h64_r1_v1_lm1_se1_sd1_bfloat16_t_uint32_t_uint8_t_uint8_t_uint8_t_bfloat16_t maxThreads=1024 execWidth=32 tgMem=0
GPUPSO g3_copybfloat16bfloat16 maxThreads=1024 execWidth=32 tgMem=0
GPUPSO custom_kernel_laguna_sliding_fused_attn_ring_v1_bfloat16_t_bfloat16_t_bfloat16_t_bfloat16_t_bfloat16_t_float_bfloat16_t_bfloat16_t_uint32_tc_floatc_bfloat16_t maxThreads=1024 execWidth=32 tgMem=18432
GPUPSO custom_kernel_laguna_gate_sp_h64_v1_bfloat16_t_uint32_t_bfloat16_t_bfloat16_t_bfloat16_t maxThreads=1024 execWidth=32 tgMem=0
GPUPSO custom_kernel_laguna_oproj_act_h64_v1_ns1_sc1_se1_bfloat16_t_bfloat16_t_uint32_t_uint8_t_uint8_t_uint8_t_bfloat16_t maxThreads=1024 execWidth=32 tgMem=0
GPUPROF 74339.417432500 74339.417628500 11 455551944 rmsbfloat16|custom_kernel_laguna_decode_nvfp4_qkv_h64_r1_v1_lm1_se1_sd1_bfloat16_t_uint32_t_uint8_t_uint8_t_uint8_t_bfloat16_t|g3_copybfloat16bfloat16|custom_kernel_laguna_sliding_fused_attn_ring_v1_bfloat16_t_bfloat16_t_bfloat16_t_bfloat16_t_bfloat16_t_float_bfloat16_t_bfloat16_t_uint32_tc_floatc_bfloat16_t|custom_kernel_laguna_gate_sp_h64_v1_bfloat16_t_uint32_t_bfloat16_t_bfloat16_t_bfloat16_t|custom_kernel_laguna_oproj_act_h64_v1_ns1_sc1_se1_bfloat16_t_bfloat16_t_uint32_t_uint8_t_uint8_t_uint8_t_bfloat16_t|custom_kernel_laguna_residual_rms_router_bf16_2048_rpg8_keys_v1_bfloat16_t_bfloat16_t_bfloat16_t_bfloat16_t_float_bfloat16_t_bfloat16_t_bfloat16_t_uint32_t|custom_kernel_laguna_shared_nvfp4_swiglu_qmv_rows1_bf16_v1_bfloat16_t_uint32_t_uint8_t_bfloat16_t|custom_kernel_laguna_decode_router_top8_ordinal_table_norm_v1_bfloat16_t_float_uint32_t_float|custom_kernel_laguna_routed_nvfp4_swiglu_qmv_packed_top8keys_r1_bf16_v2_bfloat16_t_uint32_t_uint8_t_uint32_t_bfloat16_t|custom_kernel_laguna_routed_shared_nvfp4_down_residual_bf16_r1_v5_bfloat16_t_uint32_t_uint8_t_uint32_t_float_bfloat16_t_uint32_t_uint8_t_bfloat16_t_bfloat16_t
GPUPROF 74339.418742875 74339.419111375 21 767898892 rmsbfloat16|custom_kernel_laguna_decode_nvfp4_qkv_h64_r1_v1_lm1_se1_sd1_bfloat16_t_uint32_t_uint8_t_uint8_t_uint8_t_bfloat16_t|g3_copybfloat16bfloat16|custom_kernel_laguna_sliding_fused_attn_ring_v1_bfloat16_t_bfloat16_t_bfloat16_t_bfloat16_t_bfloat16_t_float_bfloat16_t_bfloat16_t_uint32_tc_floatc_bfloat16_t|custom_kernel_laguna_gate_sp_h64_v1_bfloat16_t_uint32_t_bfloat16_t_bfloat16_t_bfloat16_t|custom_kernel_laguna_oproj_act_h64_v1_ns1_sc1_se1_bfloat16_t_bfloat16_t_uint32_t_uint8_t_uint8_t_uint8_t_bfloat16_t|custom_kernel_laguna_residual_rms_router_bf16_2048_rpg8_keys_v1_bfloat16_t_bfloat16_t_bfloat16_t_bfloat16_t_float_bfloat16_t_bfloat16_t_bfloat16_t_uint32_t|custom_kernel_laguna_shared_nvfp4_swiglu_qmv_rows1_bf16_v1_bfloat16_t_uint32_t_uint8_t_bfloat16_t|custom_kernel_laguna_decode_router_top8_ordinal_table_norm_v1_bfloat16_t_float_uint32_t_float|custom_kernel_laguna_routed_nvfp4_swiglu_qmv_packed_top8keys_r1_bf16_v2_bfloat16_t_uint32_t_uint8_t_uint32_t_bfloat16_t|custom_kernel_laguna_routed_shared_nvfp4_down_residual_bf16_r1_v5_bfloat16_t_uint32_t_uint8_t_uint32_t_float_bfloat16_t_uint32_t_uint8_t_bfloat16_t_bfloat16_t|rmsbfloat16|custom_kernel_laguna_decode_nvfp4_qkv_h64_r1_v1_lm1_se1_sd1_bfloat16_t_uint32_t_uint8_t_uint8_t_uint8_t_bfloat16_t|g3_copybfloat16bfloat16|custom_kernel_laguna_sliding_fused_attn_ring_v1_bfloat16_t_bfloat16_t_bfloat16_t_bfloat16_t_bfloat16_t_float_bfloat16_t_bfloat16_t_uint32_tc_floatc_bfloat16_t|custom_kernel_laguna_gate_sp_h64_v1_bfloat16_t_uint32_t_bfloat16_t_bfloat16_t_bfloat16_t|custom_kernel_laguna_oproj_act_h64_v1_ns1_sc1_se1_bfloat16_t_bfloat16_t_uint32_t_uint8_t_uint8_t_uint8_t_bfloat16_t|custom_kernel_laguna_residual_rms_router_bf16_2048_rpg8_keys_v1_bfloat16_t_bfloat16_t_bfloat16_t_bfloat16_t_float_bfloat16_t_bfloat16_t_bfloat16_t_uint32_t|custom_kernel_laguna_shared_nvfp4_swiglu_qmv_rows1_bf16_v1_bfloat16_t_uint32_t_uint8_t_bfloat16_t|custom_kernel_laguna_decode_router_top8_ordinal_table_norm_v1_bfloat16_t_float_uint32_t_float|custom_kernel_laguna_routed_nvfp4_swiglu_qmv_packed_top8keys_r1_bf16_v2_bfloat16_t_uint32_t_uint8_t_uint32_t_bfloat16_t
GPUPROF 74339.419408167 74339.419807000 30 909462184 custom_kernel_laguna_routed_shared_nvfp4_down_residual_bf16_r1_v5_bfloat16_t_uint32_t_uint8_t_uint32_t_float_bfloat16_t_uint32_t_uint8_t_bfloat16_t_bfloat16_t|rmsbfloat16|custom_kernel_laguna_decode_nvfp4_qkv_h48_r1_v1_lm1_se1_sd1_bfloat16_t_uint32_t_uint8_t_uint8_t_uint8_t_bfloat16_t|custom_kernel_laguna_full_qk_norm_yarn_bf16_128_v4_bfloat16_t_bfloat16_t_bfloat16_t_bfloat16_t_float_bfloat16_t_bfloat16_t|sn_copybfloat16bfloat16|sn_copybfloat16bfloat16|gg3_copybfloat16bfloat16|gg2_copybfloat16bfloat16|gg2_copybfloat16bfloat16|gg2_copybfloat16bfloat16|gg2_copybfloat16bfloat16|gg2_copybfloat16bfloat16|sdpa_vector_bfloat16_t_128_128_nomask_qnt_nc_nosinks|custom_kernel_laguna_gate_sp_h48_v1_bfloat16_t_uint32_t_bfloat16_t_bfloat16_t_bfloat16_t|custom_kernel_laguna_oproj_act_h48_v1_ns1_sc1_se1_bfloat16_t_bfloat16_t_uint32_t_uint8_t_uint8_t_uint8_t_bfloat16_t|custom_kernel_laguna_residual_rms_router_bf16_2048_rpg8_keys_v1_bfloat16_t_bfloat16_t_bfloat16_t_bfloat16_t_float_bfloat16_t_bfloat16_t_bfloat16_t_uint32_t|custom_kernel_laguna_shared_nvfp4_swiglu_qmv_rows1_bf16_v1_bfloat16_t_uint32_t_uint8_t_bfloat16_t|custom_kernel_laguna_decode_router_top8_ordinal_table_norm_v1_bfloat16_t_float_uint32_t_float|custom_kernel_laguna_routed_nvfp4_swiglu_qmv_packed_top8keys_r1_bf16_v2_bfloat16_t_uint32_t_uint8_t_uint32_t_bfloat16_t|custom_kernel_laguna_routed_shared_nvfp4_down_residual_bf16_r1_v5_bfloat16_t_uint32_t_uint8_t_uint32_t_float_bfloat16_t_uint32_t_uint8_t_bfloat16_t_bfloat16_t|rmsbfloat16|custom_kernel_laguna_decode_nvfp4_qkv_h64_r1_v1_lm1_se1_sd1_bfloat16_t_uint32_t_uint8_t_uint8_t_uint8_t_bfloat16_t|g3_copybfloat16bfloat16|custom_kernel_laguna_sliding_fused_attn_ring_v1_bfloat16_t_bfloat16_t_bfloat16_t_bfloat16_t_bfloat16_t_float_bfloat16_t_bfloat16_t_uint32_tc_floatc_bfloat16_t|custom_kernel_laguna_gate_sp_h64_v1_bfloat16_t_uint32_t_bfloat16_t_bfloat16_t_bfloat16_t|custom_kernel_laguna_oproj_act_h64_v1_ns1_sc1_se1_bfloat16_t_bfloat16_t_uint32_t_uint8_t_uint8_t_uint8_t_bfloat16_t|custom_kernel_laguna_residual_rms_router_bf16_2048_rpg8_keys_v1_bfloat16_t_bfloat16_t_bfloat16_t_bfloat16_t_float_bfloat16_t_bfloat16_t_bfloat16_t_uint32_t|custom_kernel_laguna_shared_nvfp4_swiglu_qmv_rows1_bf16_v1_bfloat16_t_uint32_t_uint8_t_bfloat16_t|custom_kernel_laguna_decode_router_top8_ordinal_table_norm_v1_bfloat16_t_float_uint32_t_float|custom_kernel_laguna_routed_nvfp4_swiglu_qmv_packed_top8keys_r1_bf16_v2_bfloat16_t_uint32_t_uint8_t_uint32_t_bfloat16_t
GPUPROF 74339.420371042 74339.420765500 22 911108556 custom_kernel_laguna_routed_shared_nvfp4_down_residual_bf16_r1_v5_bfloat16_t_uint32_t_uint8_t_uint32_t_float_bfloat16_t_uint32_t_uint8_t_bfloat16_t_bfloat16_t|rmsbfloat16|custom_kernel_laguna_decode_nvfp4_qkv_h64_r1_v1_lm1_se1_sd1_bfloat16_t_uint32_t_uint8_t_uint8_t_uint8_t_bfloat16_t|g3_copybfloat16bfloat16|custom_kernel_laguna_sliding_fused_attn_ring_v1_bfloat16_t_bfloat16_t_bfloat16_t_bfloat16_t_bfloat16_t_float_bfloat16_t_bfloat16_t_uint32_tc_floatc_bfloat16_t|custom_kernel_laguna_gate_sp_h64_v1_bfloat16_t_uint32_t_bfloat16_t_bfloat16_t_bfloat16_t|custom_kernel_laguna_oproj_act_h64_v1_ns1_sc1_se1_bfloat16_t_bfloat16_t_uint32_t_uint8_t_uint8_t_uint8_t_bfloat16_t|custom_kernel_laguna_residual_rms_router_bf16_2048_rpg8_keys_v1_bfloat16_t_bfloat16_t_bfloat16_t_bfloat16_t_float_bfloat16_t_bfloat16_t_bfloat16_t_uint32_t|custom_kernel_laguna_shared_nvfp4_swiglu_qmv_rows1_bf16_v1_bfloat16_t_uint32_t_uint8_t_bfloat16_t|custom_kernel_laguna_decode_router_top8_ordinal_table_norm_v1_bfloat16_t_float_uint32_t_float|custom_kernel_laguna_routed_nvfp4_swiglu_qmv_packed_top8keys_r1_bf16_v2_bfloat16_t_uint32_t_uint8_t_uint32_t_bfloat16_t|custom_kernel_laguna_routed_shared_nvfp4_down_residual_bf16_r1_v5_bfloat16_t_uint32_t_uint8_t_uint32_t_float_bfloat16_t_uint32_t_uint8_t_bfloat16_t_bfloat16_t|rmsbfloat16|custom_kernel_laguna_decode_nvfp4_qkv_h64_r1_v1_lm1_se1_sd1_bfloat16_t_uint32_t_uint8_t_uint8_t_uint8_t_bfloat16_t|g3_copybfloat16bfloat16|custom_kernel_laguna_sliding_fused_attn_ring_v1_bfloat16_t_bfloat16_t_bfloat16_t_bfloat16_t_bfloat16_t_float_bfloat16_t_bfloat16_t_uint32_tc_floatc_bfloat16_t|custom_kernel_laguna_gate_sp_h64_v1_bfloat16_t_uint32_t_bfloat16_t_bfloat16_t_bfloat16_t|custom_kernel_laguna_oproj_act_h64_v1_ns1_sc1_se1_bfloat16_t_bfloat16_t_uint32_t_uint8_t_uint8_t_uint8_t_bfloat16_t|custom_kernel_laguna_residual_rms_router_bf16_2048_rpg8_keys_v1_bfloat16_t_bfloat16_t_bfloat16_t_bfloat16_t_float_bfloat16_t_bfloat16_t_bfloat16_t_uint32_t|custom_kernel_laguna_shared_nvfp4_swiglu_qmv_rows1_bf16_v1_bfloat16_t_uint32_t_uint8_t_bfloat16_t|custom_kernel_laguna_decode_router_top8_ordinal_table_norm_v1_bfloat16_t_float_uint32_t_float|custom_kernel_laguna_routed_nvfp4_swiglu_qmv_packed_top8keys_r1_bf16_v2_bfloat16_t_uint32_t_uint8_t_uint32_t_bfloat16_t
GPUPROF 74339.420766375 74339.420790292 1 143213760 custom_kernel_laguna_routed_shared_nvfp4_down_residual_bf16_r1_v5_bfloat16_t_uint32_t_uint8_t_uint32_t_float_bfloat16_t_uint32_t_uint8_t_bfloat16_t_bfloat16_t
GPUPROF 74339.421339750 74339.421716750 29 766252520 rmsbfloat16|custom_kernel_laguna_decode_nvfp4_qkv_h48_r1_v1_lm1_se1_sd1_bfloat16_t_uint32_t_uint8_t_uint8_t_uint8_t_bfloat16_t|custom_kernel_laguna_full_qk_norm_yarn_bf16_128_v4_bfloat16_t_bfloat16_t_bfloat16_t_bfloat16_t_float_bfloat16_t_bfloat16_t|sn_copybfloat16bfloat16|sn_copybfloat16bfloat16|gg3_copybfloat16bfloat16|gg2_copybfloat16bfloat16|gg2_copybfloat16bfloat16|gg2_copybfloat16bfloat16|gg2_copybfloat16bfloat16|gg2_copybfloat16bfloat16|sdpa_vector_bfloat16_t_128_128_nomask_qnt_nc_nosinks|custom_kernel_laguna_gate_sp_h48_v1_bfloat16_t_uint32_t_bfloat16_t_bfloat16_t_bfloat16_t|custom_kernel_laguna_oproj_act_h48_v1_ns1_sc1_se1_bfloat16_t_bfloat16_t_uint32_t_uint8_t_uint8_t_uint8_t_bfloat16_t|custom_kernel_laguna_residual_rms_router_bf16_2048_rpg8_keys_v1_bfloat16_t_bfloat16_t_bfloat16_t_bfloat16_t_float_bfloat16_t_bfloat16_t_bfloat16_t_uint32_t|custom_kernel_laguna_shared_nvfp4_swiglu_qmv_rows1_bf16_v1_bfloat16_t_uint32_t_uint8_t_bfloat16_t|custom_kernel_laguna_decode_router_top8_ordinal_table_norm_v1_bfloat16_t_float_uint32_t_float|custom_kernel_laguna_routed_nvfp4_swiglu_qmv_packed_top8keys_r1_bf16_v2_bfloat16_t_uint32_t_uint8_t_uint32_t_bfloat16_t|custom_kernel_laguna_routed_shared_nvfp4_down_residual_bf16_r1_v5_bfloat16_t_uint32_t_uint8_t_uint32_t_float_bfloat16_t_uint32_t_uint8_t_bfloat16_t_bfloat16_t|rmsbfloat16|custom_kernel_laguna_decode_nvfp4_qkv_h64_r1_v1_lm1_se1_sd1_bfloat16_t_uint32_t_uint8_t_uint8_t_uint8_t_bfloat16_t|g3_copybfloat16bfloat16|custom_kernel_laguna_sliding_fused_attn_ring_v1_bfloat16_t_bfloat16_t_bfloat16_t_bfloat16_t_bfloat16_t_float_bfloat16_t_bfloat16_t_uint32_tc_floatc_bfloat16_t|custom_kernel_laguna_gate_sp_h64_v1_bfloat16_t_uint32_t_bfloat16_t_bfloat16_t_bfloat16_t|custom_kernel_laguna_oproj_act_h64_v1_ns1_sc1_se1_bfloat16_t_bfloat16_t_uint32_t_uint8_t_uint8_t_uint8_t_bfloat16_t|custom_kernel_laguna_residual_rms_router_bf16_2048_rpg8_keys_v1_bfloat16_t_bfloat16_t_bfloat16_t_bfloat16_t_float_bfloat16_t_bfloat16_t_bfloat16_t_uint32_t|custom_kernel_laguna_shared_nvfp4_swiglu_qmv_rows1_bf16_v1_bfloat16_t_uint32_t_uint8_t_bfloat16_t|custom_kernel_laguna_decode_router_top8_ordinal_table_norm_v1_bfloat16_t_float_uint32_t_float|custom_kernel_laguna_routed_nvfp4_swiglu_qmv_packed_top8keys_r1_bf16_v2_bfloat16_t_uint32_t_uint8_t_uint32_t_bfloat16_t
GPUPROF 74339.421741292 74339.422135292 22 911108556 custom_kernel_laguna_routed_shared_nvfp4_down_residual_bf16_r1_v5_bfloat16_t_uint32_t_uint8_t_uint32_t_float_bfloat16_t_uint32_t_uint8_t_bfloat16_t_bfloat16_t|rmsbfloat16|custom_kernel_laguna_decode_nvfp4_qkv_h64_r1_v1_lm1_se1_sd1_bfloat16_t_uint32_t_uint8_t_uint8_t_uint8_t_bfloat16_t|g3_copybfloat16bfloat16|custom_kernel_laguna_sliding_fused_attn_ring_v1_bfloat16_t_bfloat16_t_bfloat16_t_bfloat16_t_bfloat16_t_float_bfloat16_t_bfloat16_t_uint32_tc_floatc_bfloat16_t|custom_kernel_laguna_gate_sp_h64_v1_bfloat16_t_uint32_t_bfloat16_t_bfloat16_t_bfloat16_t|custom_kernel_laguna_oproj_act_h64_v1_ns1_sc1_se1_bfloat16_t_bfloat16_t_uint32_t_uint8_t_uint8_t_uint8_t_bfloat16_t|custom_kernel_laguna_residual_rms_router_bf16_2048_rpg8_keys_v1_bfloat16_t_bfloat16_t_bfloat16_t_bfloat16_t_float_bfloat16_t_bfloat16_t_bfloat16_t_uint32_t|custom_kernel_laguna_shared_nvfp4_swiglu_qmv_rows1_bf16_v1_bfloat16_t_uint32_t_uint8_t_bfloat16_t|custom_kernel_laguna_decode_router_top8_ordinal_table_norm_v1_bfloat16_t_float_uint32_t_float|custom_kernel_laguna_routed_nvfp4_swiglu_qmv_packed_top8keys_r1_bf16_v2_bfloat16_t_uint32_t_uint8_t_uint32_t_bfloat16_t|custom_kernel_laguna_routed_shared_nvfp4_down_residual_bf16_r1_v5_bfloat16_t_uint32_t_uint8_t_uint32_t_float_bfloat16_t_uint32_t_uint8_t_bfloat16_t_bfloat16_t|rmsbfloat16|custom_kernel_laguna_decode_nvfp4_qkv_h64_r1_v1_lm1_se1_sd1_bfloat16_t_uint32_t_uint8_t_uint8_t_uint8_t_bfloat16_t|g3_copybfloat16bfloat16|custom_kernel_laguna_sliding_fused_attn_ring_v1_bfloat16_t_bfloat16_t_bfloat16_t_bfloat16_t_bfloat16_t_float_bfloat16_t_bfloat16_t_uint32_tc_floatc_bfloat16_t|custom_kernel_laguna_gate_sp_h64_v1_bfloat16_t_uint32_t_bfloat16_t_bfloat16_t_bfloat16_t|custom_kernel_laguna_oproj_act_h64_v1_ns1_sc1_se1_bfloat16_t_bfloat16_t_uint32_t_uint8_t_uint8_t_uint8_t_bfloat16_t|custom_kernel_laguna_residual_rms_router_bf16_2048_rpg8_keys_v1_bfloat16_t_bfloat16_t_bfloat16_t_bfloat16_t_float_bfloat16_t_bfloat16_t_bfloat16_t_uint32_t|custom_kernel_laguna_shared_nvfp4_swiglu_qmv_rows1_bf16_v1_bfloat16_t_uint32_t_uint8_t_bfloat16_t|custom_kernel_laguna_decode_router_top8_ordinal_table_norm_v1_bfloat16_t_float_uint32_t_float|custom_kernel_laguna_routed_nvfp4_swiglu_qmv_packed_top8keys_r1_bf16_v2_bfloat16_t_uint32_t_uint8_t_uint32_t_bfloat16_t
GPUPROF 74339.422465750 74339.422871417 30 909462184 custom_kernel_laguna_routed_shared_nvfp4_down_residual_bf16_r1_v5_bfloat16_t_uint32_t_uint8_t_uint32_t_float_bfloat16_t_uint32_t_uint8_t_bfloat16_t_bfloat16_t|rmsbfloat16|custom_kernel_laguna_decode_nvfp4_qkv_h48_r1_v1_lm1_se1_sd1_bfloat16_t_uint32_t_uint8_t_uint8_t_uint8_t_bfloat16_t|custom_kernel_laguna_full_qk_norm_yarn_bf16_128_v4_bfloat16_t_bfloat16_t_bfloat16_t_bfloat16_t_float_bfloat16_t_bfloat16_t|sn_copybfloat16bfloat16|sn_copybfloat16bfloat16|gg3_copybfloat16bfloat16|gg2_copybfloat16bfloat16|gg2_copybfloat16bfloat16|gg2_copybfloat16bfloat16|gg2_copybfloat16bfloat16|gg2_copybfloat16bfloat16|sdpa_vector_bfloat16_t_128_128_nomask_qnt_nc_nosinks|custom_kernel_laguna_gate_sp_h48_v1_bfloat16_t_uint32_t_bfloat16_t_bfloat16_t_bfloat16_t|custom_kernel_laguna_oproj_act_h48_v1_ns1_sc1_se1_bfloat16_t_bfloat16_t_uint32_t_uint8_t_uint8_t_uint8_t_bfloat16_t|custom_kernel_laguna_residual_rms_router_bf16_2048_rpg8_keys_v1_bfloat16_t_bfloat16_t_bfloat16_t_bfloat16_t_float_bfloat16_t_bfloat16_t_bfloat16_t_uint32_t|custom_kernel_laguna_shared_nvfp4_swiglu_qmv_rows1_bf16_v1_bfloat16_t_uint32_t_uint8_t_bfloat16_t|custom_kernel_laguna_decode_router_top8_ordinal_table_norm_v1_bfloat16_t_float_uint32_t_float|custom_kernel_laguna_routed_nvfp4_swiglu_qmv_packed_top8keys_r1_bf16_v2_bfloat16_t_uint32_t_uint8_t_uint32_t_bfloat16_t|custom_kernel_laguna_routed_shared_nvfp4_down_residual_bf16_r1_v5_bfloat16_t_uint32_t_uint8_t_uint32_t_float_bfloat16_t_uint32_t_uint8_t_bfloat16_t_bfloat16_t|rmsbfloat16|custom_kernel_laguna_decode_nvfp4_qkv_h64_r1_v1_lm1_se1_sd1_bfloat16_t_uint32_t_uint8_t_uint8_t_uint8_t_bfloat16_t|g3_copybfloat16bfloat16|custom_kernel_laguna_sliding_fused_attn_ring_v1_bfloat16_t_bfloat16_t_bfloat16_t_bfloat16_t_bfloat16_t_float_bfloat16_t_bfloat16_t_uint32_tc_floatc_bfloat16_t|custom_kernel_laguna_gate_sp_h64_v1_bfloat16_t_uint32_t_bfloat16_t_bfloat16_t_bfloat16_t|custom_kernel_laguna_oproj_act_h64_v1_ns1_sc1_se1_bfloat16_t_bfloat16_t_uint32_t_uint8_t_uint8_t_uint8_t_bfloat16_t|custom_kernel_laguna_residual_rms_router_bf16_2048_rpg8_keys_v1_bfloat16_t_bfloat16_t_bfloat16_t_bfloat16_t_float_bfloat16_t_bfloat16_t_bfloat16_t_uint32_t|custom_kernel_laguna_shared_nvfp4_swiglu_qmv_rows1_bf16_v1_bfloat16_t_uint32_t_uint8_t_bfloat16_t|custom_kernel_laguna_decode_router_top8_ordinal_table_norm_v1_bfloat16_t_float_uint32_t_float|custom_kernel_laguna_routed_nvfp4_swiglu_qmv_packed_top8keys_r1_bf16_v2_bfloat16_t_uint32_t_uint8_t_uint32_t_bfloat16_t
GPUPROF 74339.422872542 74339.423275750 22 911108556 custom_kernel_laguna_routed_shared_nvfp4_down_residual_bf16_r1_v5_bfloat16_t_uint32_t_uint8_t_uint32_t_float_bfloat16_t_uint32_t_uint8_t_bfloat16_t_bfloat16_t|rmsbfloat16|custom_kernel_laguna_decode_nvfp4_qkv_h64_r1_v1_lm1_se1_sd1_bfloat16_t_uint32_t_uint8_t_uint8_t_uint8_t_bfloat16_t|g3_copybfloat16bfloat16|custom_kernel_laguna_sliding_fused_attn_ring_v1_bfloat16_t_bfloat16_t_bfloat16_t_bfloat16_t_bfloat16_t_float_bfloat16_t_bfloat16_t_uint32_tc_floatc_bfloat16_t|custom_kernel_laguna_gate_sp_h64_v1_bfloat16_t_uint32_t_bfloat16_t_bfloat16_t_bfloat16_t|custom_kernel_laguna_oproj_act_h64_v1_ns1_sc1_se1_bfloat16_t_bfloat16_t_uint32_t_uint8_t_uint8_t_uint8_t_bfloat16_t|custom_kernel_laguna_residual_rms_router_bf16_2048_rpg8_keys_v1_bfloat16_t_bfloat16_t_bfloat16_t_bfloat16_t_float_bfloat16_t_bfloat16_t_bfloat16_t_uint32_t|custom_kernel_laguna_shared_nvfp4_swiglu_qmv_rows1_bf16_v1_bfloat16_t_uint32_t_uint8_t_bfloat16_t|custom_kernel_laguna_decode_router_top8_ordinal_table_norm_v1_bfloat16_t_float_uint32_t_float|custom_kernel_laguna_routed_nvfp4_swiglu_qmv_packed_top8keys_r1_bf16_v2_bfloat16_t_uint32_t_uint8_t_uint32_t_bfloat16_t|custom_kernel_laguna_routed_shared_nvfp4_down_residual_bf16_r1_v5_bfloat16_t_uint32_t_uint8_t_uint32_t_float_bfloat16_t_uint32_t_uint8_t_bfloat16_t_bfloat16_t|rmsbfloat16|custom_kernel_laguna_decode_nvfp4_qkv_h64_r1_v1_lm1_se1_sd1_bfloat16_t_uint32_t_uint8_t_uint8_t_uint8_t_bfloat16_t|g3_copybfloat16bfloat16|custom_kernel_laguna_sliding_fused_attn_ring_v1_bfloat16_t_bfloat16_t_bfloat16_t_bfloat16_t_bfloat16_t_float_bfloat16_t_bfloat16_t_uint32_tc_floatc_bfloat16_t|custom_kernel_laguna_gate_sp_h64_v1_bfloat16_t_uint32_t_bfloat16_t_bfloat16_t_bfloat16_t|custom_kernel_laguna_oproj_act_h64_v1_ns1_sc1_se1_bfloat16_t_bfloat16_t_uint32_t_uint8_t_uint8_t_uint8_t_bfloat16_t|custom_kernel_laguna_residual_rms_router_bf16_2048_rpg8_keys_v1_bfloat16_t_bfloat16_t_bfloat16_t_bfloat16_t_float_bfloat16_t_bfloat16_t_bfloat16_t_uint32_t|custom_kernel_laguna_shared_nvfp4_swiglu_qmv_rows1_bf16_v1_bfloat16_t_uint32_t_uint8_t_bfloat16_t|custom_kernel_laguna_decode_router_top8_ordinal_table_norm_v1_bfloat16_t_float_uint32_t_float|custom_kernel_laguna_routed_nvfp4_swiglu_qmv_packed_top8keys_r1_bf16_v2_bfloat16_t_uint32_t_uint8_t_uint32_t_bfloat16_t
GPUPROF 74339.423276625 74339.423300125 1 143213760 custom_kernel_laguna_routed_shared_nvfp4_down_residual_bf16_r1_v5_bfloat16_t_uint32_t_uint8_t_uint32_t_float_bfloat16_t_uint32_t_uint8_t_bfloat16_t_bfloat16_t
GPUPROF 74339.423301250 74339.423722542 29 766252520 rmsbfloat16|custom_kernel_laguna_decode_nvfp4_qkv_h48_r1_v1_lm1_se1_sd1_bfloat16_t_uint32_t_uint8_t_uint8_t_uint8_t_bfloat16_t|custom_kernel_laguna_full_qk_norm_yarn_bf16_128_v4_bfloat16_t_bfloat16_t_bfloat16_t_bfloat16_t_float_bfloat16_t_bfloat16_t|sn_copybfloat16bfloat16|sn_copybfloat16bfloat16|gg3_copybfloat16bfloat16|gg2_copybfloat16bfloat16|gg2_copybfloat16bfloat16|gg2_copybfloat16bfloat16|gg2_copybfloat16bfloat16|gg2_copybfloat16bfloat16|sdpa_vector_bfloat16_t_128_128_nomask_qnt_nc_nosinks|custom_kernel_laguna_gate_sp_h48_v1_bfloat16_t_uint32_t_bfloat16_t_bfloat16_t_bfloat16_t|custom_kernel_laguna_oproj_act_h48_v1_ns1_sc1_se1_bfloat16_t_bfloat16_t_uint32_t_uint8_t_uint8_t_uint8_t_bfloat16_t|custom_kernel_laguna_residual_rms_router_bf16_2048_rpg8_keys_v1_bfloat16_t_bfloat16_t_bfloat16_t_bfloat16_t_float_bfloat16_t_bfloat16_t_bfloat16_t_uint32_t|custom_kernel_laguna_shared_nvfp4_swiglu_qmv_rows1_bf16_v1_bfloat16_t_uint32_t_uint8_t_bfloat16_t|custom_kernel_laguna_decode_router_top8_ordinal_table_norm_v1_bfloat16_t_float_uint32_t_float|custom_kernel_laguna_routed_nvfp4_swiglu_qmv_packed_top8keys_r1_bf16_v2_bfloat16_t_uint32_t_uint8_t_uint32_t_bfloat16_t|custom_kernel_laguna_routed_shared_nvfp4_down_residual_bf16_r1_v5_bfloat16_t_uint32_t_uint8_t_uint32_t_float_bfloat16_t_uint32_t_uint8_t_bfloat16_t_bfloat16_t|rmsbfloat16|custom_kernel_laguna_decode_nvfp4_qkv_h64_r1_v1_lm1_se1_sd1_bfloat16_t_uint32_t_uint8_t_uint8_t_uint8_t_bfloat16_t|g3_copybfloat16bfloat16|custom_kernel_laguna_sliding_fused_attn_ring_v1_bfloat16_t_bfloat16_t_bfloat16_t_bfloat16_t_bfloat16_t_float_bfloat16_t_bfloat16_t_uint32_tc_floatc_bfloat16_t|custom_kernel_laguna_gate_sp_h64_v1_bfloat16_t_uint32_t_bfloat16_t_bfloat16_t_bfloat16_t|custom_kernel_laguna_oproj_act_h64_v1_ns1_sc1_se1_bfloat16_t_bfloat16_t_uint32_t_uint8_t_uint8_t_uint8_t_bfloat16_t|custom_kernel_laguna_residual_rms_router_bf16_2048_rpg8_keys_v1_bfloat16_t_bfloat16_t_bfloat16_t_bfloat16_t_float_bfloat16_t_bfloat16_t_bfloat16_t_uint32_t|custom_kernel_laguna_shared_nvfp4_swiglu_qmv_rows1_bf16_v1_bfloat16_t_uint32_t_uint8_t_bfloat16_t|custom_kernel_laguna_decode_router_top8_ordinal_table_norm_v1_bfloat16_t_float_uint32_t_float|custom_kernel_laguna_routed_nvfp4_swiglu_qmv_packed_top8keys_r1_bf16_v2_bfloat16_t_uint32_t_uint8_t_uint32_t_bfloat16_t
GPUPROF 74339.423723875 74339.424133417 22 911108556 custom_kernel_laguna_routed_shared_nvfp4_down_residual_bf16_r1_v5_bfloat16_t_uint32_t_uint8_t_uint32_t_float_bfloat16_t_uint32_t_uint8_t_bfloat16_t_bfloat16_t|rmsbfloat16|custom_kernel_laguna_decode_nvfp4_qkv_h64_r1_v1_lm1_se1_sd1_bfloat16_t_uint32_t_uint8_t_uint8_t_uint8_t_bfloat16_t|g3_copybfloat16bfloat16|custom_kernel_laguna_sliding_fused_attn_ring_v1_bfloat16_t_bfloat16_t_bfloat16_t_bfloat16_t_bfloat16_t_float_bfloat16_t_bfloat16_t_uint32_tc_floatc_bfloat16_t|custom_kernel_laguna_gate_sp_h64_v1_bfloat16_t_uint32_t_bfloat16_t_bfloat16_t_bfloat16_t|custom_kernel_laguna_oproj_act_h64_v1_ns1_sc1_se1_bfloat16_t_bfloat16_t_uint32_t_uint8_t_uint8_t_uint8_t_bfloat16_t|custom_kernel_laguna_residual_rms_router_bf16_2048_rpg8_keys_v1_bfloat16_t_bfloat16_t_bfloat16_t_bfloat16_t_float_bfloat16_t_bfloat16_t_bfloat16_t_uint32_t|custom_kernel_laguna_shared_nvfp4_swiglu_qmv_rows1_bf16_v1_bfloat16_t_uint32_t_uint8_t_bfloat16_t|custom_kernel_laguna_decode_router_top8_ordinal_table_norm_v1_bfloat16_t_float_uint32_t_float|custom_kernel_laguna_routed_nvfp4_swiglu_qmv_packed_top8keys_r1_bf16_v2_bfloat16_t_uint32_t_uint8_t_uint32_t_bfloat16_t|custom_kernel_laguna_routed_shared_nvfp4_down_residual_bf16_r1_v5_bfloat16_t_uint32_t_uint8_t_uint32_t_float_bfloat16_t_uint32_t_uint8_t_bfloat16_t_bfloat16_t|rmsbfloat16|custom_kernel_laguna_decode_nvfp4_qkv_h64_r1_v1_lm1_se1_sd1_bfloat16_t_uint32_t_uint8_t_uint8_t_uint8_t_bfloat16_t|g3_copybfloat16bfloat16|custom_kernel_laguna_sliding_fused_attn_ring_v1_bfloat16_t_bfloat16_t_bfloat16_t_bfloat16_t_bfloat16_t_float_bfloat16_t_bfloat16_t_uint32_tc_floatc_bfloat16_t|custom_kernel_laguna_gate_sp_h64_v1_bfloat16_t_uint32_t_bfloat16_t_bfloat16_t_bfloat16_t|custom_kernel_laguna_oproj_act_h64_v1_ns1_sc1_se1_bfloat16_t_bfloat16_t_uint32_t_uint8_t_uint8_t_uint8_t_bfloat16_t|custom_kernel_laguna_residual_rms_router_bf16_2048_rpg8_keys_v1_bfloat16_t_bfloat16_t_bfloat16_t_bfloat16_t_float_bfloat16_t_bfloat16_t_bfloat16_t_uint32_t|custom_kernel_laguna_shared_nvfp4_swiglu_qmv_rows1_bf16_v1_bfloat16_t_uint32_t_uint8_t_bfloat16_t|custom_kernel_laguna_decode_router_top8_ordinal_table_norm_v1_bfloat16_t_float_uint32_t_float|custom_kernel_laguna_routed_nvfp4_swiglu_qmv_packed_top8keys_r1_bf16_v2_bfloat16_t_uint32_t_uint8_t_uint32_t_bfloat16_t
GPUPROF 74339.424134250 74339.424538375 30 909462184 custom_kernel_laguna_routed_shared_nvfp4_down_residual_bf16_r1_v5_bfloat16_t_uint32_t_uint8_t_uint32_t_float_bfloat16_t_uint32_t_uint8_t_bfloat16_t_bfloat16_t|rmsbfloat16|custom_kernel_laguna_decode_nvfp4_qkv_h48_r1_v1_lm1_se1_sd1_bfloat16_t_uint32_t_uint8_t_uint8_t_uint8_t_bfloat16_t|custom_kernel_laguna_full_qk_norm_yarn_bf16_128_v4_bfloat16_t_bfloat16_t_bfloat16_t_bfloat16_t_float_bfloat16_t_bfloat16_t|sn_copybfloat16bfloat16|sn_copybfloat16bfloat16|gg3_copybfloat16bfloat16|gg2_copybfloat16bfloat16|gg2_copybfloat16bfloat16|gg2_copybfloat16bfloat16|gg2_copybfloat16bfloat16|gg2_copybfloat16bfloat16|sdpa_vector_bfloat16_t_128_128_nomask_qnt_nc_nosinks|custom_kernel_laguna_gate_sp_h48_v1_bfloat16_t_uint32_t_bfloat16_t_bfloat16_t_bfloat16_t|custom_kernel_laguna_oproj_act_h48_v1_ns1_sc1_se1_bfloat16_t_bfloat16_t_uint32_t_uint8_t_uint8_t_uint8_t_bfloat16_t|custom_kernel_laguna_residual_rms_router_bf16_2048_rpg8_keys_v1_bfloat16_t_bfloat16_t_bfloat16_t_bfloat16_t_float_bfloat16_t_bfloat16_t_bfloat16_t_uint32_t|custom_kernel_laguna_shared_nvfp4_swiglu_qmv_rows1_bf16_v1_bfloat16_t_uint32_t_uint8_t_bfloat16_t|custom_kernel_laguna_decode_router_top8_ordinal_table_norm_v1_bfloat16_t_float_uint32_t_float|custom_kernel_laguna_routed_nvfp4_swiglu_qmv_packed_top8keys_r1_bf16_v2_bfloat16_t_uint32_t_uint8_t_uint32_t_bfloat16_t|custom_kernel_laguna_routed_shared_nvfp4_down_residual_bf16_r1_v5_bfloat16_t_uint32_t_uint8_t_uint32_t_float_bfloat16_t_uint32_t_uint8_t_bfloat16_t_bfloat16_t|rmsbfloat16|custom_kernel_laguna_decode_nvfp4_qkv_h64_r1_v1_lm1_se1_sd1_bfloat16_t_uint32_t_uint8_t_uint8_t_uint8_t_bfloat16_t|g3_copybfloat16bfloat16|custom_kernel_laguna_sliding_fused_attn_ring_v1_bfloat16_t_bfloat16_t_bfloat16_t_bfloat16_t_bfloat16_t_float_bfloat16_t_bfloat16_t_uint32_tc_floatc_bfloat16_t|custom_kernel_laguna_gate_sp_h64_v1_bfloat16_t_uint32_t_bfloat16_t_bfloat16_t_bfloat16_t|custom_kernel_laguna_oproj_act_h64_v1_ns1_sc1_se1_bfloat16_t_bfloat16_t_uint32_t_uint8_t_uint8_t_uint8_t_bfloat16_t|custom_kernel_laguna_residual_rms_router_bf16_2048_rpg8_keys_v1_bfloat16_t_bfloat16_t_bfloat16_t_bfloat16_t_float_bfloat16_t_bfloat16_t_bfloat16_t_uint32_t|custom_kernel_laguna_shared_nvfp4_swiglu_qmv_rows1_bf16_v1_bfloat16_t_uint32_t_uint8_t_bfloat16_t|custom_kernel_laguna_decode_router_top8_ordinal_table_norm_v1_bfloat16_t_float_uint32_t_float|custom_kernel_laguna_routed_nvfp4_swiglu_qmv_packed_top8keys_r1_bf16_v2_bfloat16_t_uint32_t_uint8_t_uint32_t_bfloat16_t
GPUPSO custom_kernel_laguna_lmhead_int5_base_coarse_delta_bf16_v1_bfloat16_t_uint8_t_uint8_t_float_bfloat16_t maxThreads=1024 execWidth=32 tgMem=0
GPUPROF 74339.424539250 74339.424928792 22 911108556 custom_kernel_laguna_routed_shared_nvfp4_down_residual_bf16_r1_v5_bfloat16_t_uint32_t_uint8_t_uint32_t_float_bfloat16_t_uint32_t_uint8_t_bfloat16_t_bfloat16_t|rmsbfloat16|custom_kernel_laguna_decode_nvfp4_qkv_h64_r1_v1_lm1_se1_sd1_bfloat16_t_uint32_t_uint8_t_uint8_t_uint8_t_bfloat16_t|g3_copybfloat16bfloat16|custom_kernel_laguna_sliding_fused_attn_ring_v1_bfloat16_t_bfloat16_t_bfloat16_t_bfloat16_t_bfloat16_t_float_bfloat16_t_bfloat16_t_uint32_tc_floatc_bfloat16_t|custom_kernel_laguna_gate_sp_h64_v1_bfloat16_t_uint32_t_bfloat16_t_bfloat16_t_bfloat16_t|custom_kernel_laguna_oproj_act_h64_v1_ns1_sc1_se1_bfloat16_t_bfloat16_t_uint32_t_uint8_t_uint8_t_uint8_t_bfloat16_t|custom_kernel_laguna_residual_rms_router_bf16_2048_rpg8_keys_v1_bfloat16_t_bfloat16_t_bfloat16_t_bfloat16_t_float_bfloat16_t_bfloat16_t_bfloat16_t_uint32_t|custom_kernel_laguna_shared_nvfp4_swiglu_qmv_rows1_bf16_v1_bfloat16_t_uint32_t_uint8_t_bfloat16_t|custom_kernel_laguna_decode_router_top8_ordinal_table_norm_v1_bfloat16_t_float_uint32_t_float|custom_kernel_laguna_routed_nvfp4_swiglu_qmv_packed_top8keys_r1_bf16_v2_bfloat16_t_uint32_t_uint8_t_uint32_t_bfloat16_t|custom_kernel_laguna_routed_shared_nvfp4_down_residual_bf16_r1_v5_bfloat16_t_uint32_t_uint8_t_uint32_t_float_bfloat16_t_uint32_t_uint8_t_bfloat16_t_bfloat16_t|rmsbfloat16|custom_kernel_laguna_decode_nvfp4_qkv_h64_r1_v1_lm1_se1_sd1_bfloat16_t_uint32_t_uint8_t_uint8_t_uint8_t_bfloat16_t|g3_copybfloat16bfloat16|custom_kernel_laguna_sliding_fused_attn_ring_v1_bfloat16_t_bfloat16_t_bfloat16_t_bfloat16_t_bfloat16_t_float_bfloat16_t_bfloat16_t_uint32_tc_floatc_bfloat16_t|custom_kernel_laguna_gate_sp_h64_v1_bfloat16_t_uint32_t_bfloat16_t_bfloat16_t_bfloat16_t|custom_kernel_laguna_oproj_act_h64_v1_ns1_sc1_se1_bfloat16_t_bfloat16_t_uint32_t_uint8_t_uint8_t_uint8_t_bfloat16_t|custom_kernel_laguna_residual_rms_router_bf16_2048_rpg8_keys_v1_bfloat16_t_bfloat16_t_bfloat16_t_bfloat16_t_float_bfloat16_t_bfloat16_t_bfloat16_t_uint32_t|custom_kernel_laguna_shared_nvfp4_swiglu_qmv_rows1_bf16_v1_bfloat16_t_uint32_t_uint8_t_bfloat16_t|custom_kernel_laguna_decode_router_top8_ordinal_table_norm_v1_bfloat16_t_float_uint32_t_float|custom_kernel_laguna_routed_nvfp4_swiglu_qmv_packed_top8keys_r1_bf16_v2_bfloat16_t_uint32_t_uint8_t_uint32_t_bfloat16_t
GPUPROF 74339.424929417 74339.424953250 1 143213760 custom_kernel_laguna_routed_shared_nvfp4_down_residual_bf16_r1_v5_bfloat16_t_uint32_t_uint8_t_uint32_t_float_bfloat16_t_uint32_t_uint8_t_bfloat16_t_bfloat16_t
GPUPSO custom_kernel_laguna_lmhead_exact_fused_int5_sparse_refine_v1_float_bfloat16_t_floatc_bfloat16_t_bfloat16_t_uint8_t_uint8_t_bfloat16_t maxThreads=1024 execWidth=32 tgMem=0
GPUPROF 74339.424954000 74339.425335750 29 766252520 rmsbfloat16|custom_kernel_laguna_decode_nvfp4_qkv_h48_r1_v1_lm1_se1_sd1_bfloat16_t_uint32_t_uint8_t_uint8_t_uint8_t_bfloat16_t|custom_kernel_laguna_full_qk_norm_yarn_bf16_128_v4_bfloat16_t_bfloat16_t_bfloat16_t_bfloat16_t_float_bfloat16_t_bfloat16_t|sn_copybfloat16bfloat16|sn_copybfloat16bfloat16|gg3_copybfloat16bfloat16|gg2_copybfloat16bfloat16|gg2_copybfloat16bfloat16|gg2_copybfloat16bfloat16|gg2_copybfloat16bfloat16|gg2_copybfloat16bfloat16|sdpa_vector_bfloat16_t_128_128_nomask_qnt_nc_nosinks|custom_kernel_laguna_gate_sp_h48_v1_bfloat16_t_uint32_t_bfloat16_t_bfloat16_t_bfloat16_t|custom_kernel_laguna_oproj_act_h48_v1_ns1_sc1_se1_bfloat16_t_bfloat16_t_uint32_t_uint8_t_uint8_t_uint8_t_bfloat16_t|custom_kernel_laguna_residual_rms_router_bf16_2048_rpg8_keys_v1_bfloat16_t_bfloat16_t_bfloat16_t_bfloat16_t_float_bfloat16_t_bfloat16_t_bfloat16_t_uint32_t|custom_kernel_laguna_shared_nvfp4_swiglu_qmv_rows1_bf16_v1_bfloat16_t_uint32_t_uint8_t_bfloat16_t|custom_kernel_laguna_decode_router_top8_ordinal_table_norm_v1_bfloat16_t_float_uint32_t_float|custom_kernel_laguna_routed_nvfp4_swiglu_qmv_packed_top8keys_r1_bf16_v2_bfloat16_t_uint32_t_uint8_t_uint32_t_bfloat16_t|custom_kernel_laguna_routed_shared_nvfp4_down_residual_bf16_r1_v5_bfloat16_t_uint32_t_uint8_t_uint32_t_float_bfloat16_t_uint32_t_uint8_t_bfloat16_t_bfloat16_t|rmsbfloat16|custom_kernel_laguna_decode_nvfp4_qkv_h64_r1_v1_lm1_se1_sd1_bfloat16_t_uint32_t_uint8_t_uint8_t_uint8_t_bfloat16_t|g3_copybfloat16bfloat16|custom_kernel_laguna_sliding_fused_attn_ring_v1_bfloat16_t_bfloat16_t_bfloat16_t_bfloat16_t_bfloat16_t_float_bfloat16_t_bfloat16_t_uint32_tc_floatc_bfloat16_t|custom_kernel_laguna_gate_sp_h64_v1_bfloat16_t_uint32_t_bfloat16_t_bfloat16_t_bfloat16_t|custom_kernel_laguna_oproj_act_h64_v1_ns1_sc1_se1_bfloat16_t_bfloat16_t_uint32_t_uint8_t_uint8_t_uint8_t_bfloat16_t|custom_kernel_laguna_residual_rms_router_bf16_2048_rpg8_keys_v1_bfloat16_t_bfloat16_t_bfloat16_t_bfloat16_t_float_bfloat16_t_bfloat16_t_bfloat16_t_uint32_t|custom_kernel_laguna_shared_nvfp4_swiglu_qmv_rows1_bf16_v1_bfloat16_t_uint32_t_uint8_t_bfloat16_t|custom_kernel_laguna_decode_router_top8_ordinal_table_norm_v1_bfloat16_t_float_uint32_t_float|custom_kernel_laguna_routed_nvfp4_swiglu_qmv_packed_top8keys_r1_bf16_v2_bfloat16_t_uint32_t_uint8_t_uint32_t_bfloat16_t
GPUPROF 74339.425336750 74339.425729667 22 911108556 custom_kernel_laguna_routed_shared_nvfp4_down_residual_bf16_r1_v5_bfloat16_t_uint32_t_uint8_t_uint32_t_float_bfloat16_t_uint32_t_uint8_t_bfloat16_t_bfloat16_t|rmsbfloat16|custom_kernel_laguna_decode_nvfp4_qkv_h64_r1_v1_lm1_se1_sd1_bfloat16_t_uint32_t_uint8_t_uint8_t_uint8_t_bfloat16_t|g3_copybfloat16bfloat16|custom_kernel_laguna_sliding_fused_attn_ring_v1_bfloat16_t_bfloat16_t_bfloat16_t_bfloat16_t_bfloat16_t_float_bfloat16_t_bfloat16_t_uint32_tc_floatc_bfloat16_t|custom_kernel_laguna_gate_sp_h64_v1_bfloat16_t_uint32_t_bfloat16_t_bfloat16_t_bfloat16_t|custom_kernel_laguna_oproj_act_h64_v1_ns1_sc1_se1_bfloat16_t_bfloat16_t_uint32_t_uint8_t_uint8_t_uint8_t_bfloat16_t|custom_kernel_laguna_residual_rms_router_bf16_2048_rpg8_keys_v1_bfloat16_t_bfloat16_t_bfloat16_t_bfloat16_t_float_bfloat16_t_bfloat16_t_bfloat16_t_uint32_t|custom_kernel_laguna_shared_nvfp4_swiglu_qmv_rows1_bf16_v1_bfloat16_t_uint32_t_uint8_t_bfloat16_t|custom_kernel_laguna_decode_router_top8_ordinal_table_norm_v1_bfloat16_t_float_uint32_t_float|custom_kernel_laguna_routed_nvfp4_swiglu_qmv_packed_top8keys_r1_bf16_v2_bfloat16_t_uint32_t_uint8_t_uint32_t_bfloat16_t|custom_kernel_laguna_routed_shared_nvfp4_down_residual_bf16_r1_v5_bfloat16_t_uint32_t_uint8_t_uint32_t_float_bfloat16_t_uint32_t_uint8_t_bfloat16_t_bfloat16_t|rmsbfloat16|custom_kernel_laguna_decode_nvfp4_qkv_h64_r1_v1_lm1_se1_sd1_bfloat16_t_uint32_t_uint8_t_uint8_t_uint8_t_bfloat16_t|g3_copybfloat16bfloat16|custom_kernel_laguna_sliding_fused_attn_ring_v1_bfloat16_t_bfloat16_t_bfloat16_t_bfloat16_t_bfloat16_t_float_bfloat16_t_bfloat16_t_uint32_tc_floatc_bfloat16_t|custom_kernel_laguna_gate_sp_h64_v1_bfloat16_t_uint32_t_bfloat16_t_bfloat16_t_bfloat16_t|custom_kernel_laguna_oproj_act_h64_v1_ns1_sc1_se1_bfloat16_t_bfloat16_t_uint32_t_uint8_t_uint8_t_uint8_t_bfloat16_t|custom_kernel_laguna_residual_rms_router_bf16_2048_rpg8_keys_v1_bfloat16_t_bfloat16_t_bfloat16_t_bfloat16_t_float_bfloat16_t_bfloat16_t_bfloat16_t_uint32_t|custom_kernel_laguna_shared_nvfp4_swiglu_qmv_rows1_bf16_v1_bfloat16_t_uint32_t_uint8_t_bfloat16_t|custom_kernel_laguna_decode_router_top8_ordinal_table_norm_v1_bfloat16_t_float_uint32_t_float|custom_kernel_laguna_routed_nvfp4_swiglu_qmv_packed_top8keys_r1_bf16_v2_bfloat16_t_uint32_t_uint8_t_uint32_t_bfloat16_t
GPUPROF 74339.425731000 74339.426149042 30 909462184 custom_kernel_laguna_routed_shared_nvfp4_down_residual_bf16_r1_v5_bfloat16_t_uint32_t_uint8_t_uint32_t_float_bfloat16_t_uint32_t_uint8_t_bfloat16_t_bfloat16_t|rmsbfloat16|custom_kernel_laguna_decode_nvfp4_qkv_h48_r1_v1_lm1_se1_sd1_bfloat16_t_uint32_t_uint8_t_uint8_t_uint8_t_bfloat16_t|custom_kernel_laguna_full_qk_norm_yarn_bf16_128_v4_bfloat16_t_bfloat16_t_bfloat16_t_bfloat16_t_float_bfloat16_t_bfloat16_t|sn_copybfloat16bfloat16|sn_copybfloat16bfloat16|gg3_copybfloat16bfloat16|gg2_copybfloat16bfloat16|gg2_copybfloat16bfloat16|gg2_copybfloat16bfloat16|gg2_copybfloat16bfloat16|gg2_copybfloat16bfloat16|sdpa_vector_bfloat16_t_128_128_nomask_qnt_nc_nosinks|custom_kernel_laguna_gate_sp_h48_v1_bfloat16_t_uint32_t_bfloat16_t_bfloat16_t_bfloat16_t|custom_kernel_laguna_oproj_act_h48_v1_ns1_sc1_se1_bfloat16_t_bfloat16_t_uint32_t_uint8_t_uint8_t_uint8_t_bfloat16_t|custom_kernel_laguna_residual_rms_router_bf16_2048_rpg8_keys_v1_bfloat16_t_bfloat16_t_bfloat16_t_bfloat16_t_float_bfloat16_t_bfloat16_t_bfloat16_t_uint32_t|custom_kernel_laguna_shared_nvfp4_swiglu_qmv_rows1_bf16_v1_bfloat16_t_uint32_t_uint8_t_bfloat16_t|custom_kernel_laguna_decode_router_top8_ordinal_table_norm_v1_bfloat16_t_float_uint32_t_float|custom_kernel_laguna_routed_nvfp4_swiglu_qmv_packed_top8keys_r1_bf16_v2_bfloat16_t_uint32_t_uint8_t_uint32_t_bfloat16_t|custom_kernel_laguna_routed_shared_nvfp4_down_residual_bf16_r1_v5_bfloat16_t_uint32_t_uint8_t_uint32_t_float_bfloat16_t_uint32_t_uint8_t_bfloat16_t_bfloat16_t|rmsbfloat16|custom_kernel_laguna_decode_nvfp4_qkv_h64_r1_v1_lm1_se1_sd1_bfloat16_t_uint32_t_uint8_t_uint8_t_uint8_t_bfloat16_t|g3_copybfloat16bfloat16|custom_kernel_laguna_sliding_fused_attn_ring_v1_bfloat16_t_bfloat16_t_bfloat16_t_bfloat16_t_bfloat16_t_float_bfloat16_t_bfloat16_t_uint32_tc_floatc_bfloat16_t|custom_kernel_laguna_gate_sp_h64_v1_bfloat16_t_uint32_t_bfloat16_t_bfloat16_t_bfloat16_t|custom_kernel_laguna_oproj_act_h64_v1_ns1_sc1_se1_bfloat16_t_bfloat16_t_uint32_t_uint8_t_uint8_t_uint8_t_bfloat16_t|custom_kernel_laguna_residual_rms_router_bf16_2048_rpg8_keys_v1_bfloat16_t_bfloat16_t_bfloat16_t_bfloat16_t_float_bfloat16_t_bfloat16_t_bfloat16_t_uint32_t|custom_kernel_laguna_shared_nvfp4_swiglu_qmv_rows1_bf16_v1_bfloat16_t_uint32_t_uint8_t_bfloat16_t|custom_kernel_laguna_decode_router_top8_ordinal_table_norm_v1_bfloat16_t_float_uint32_t_float|custom_kernel_laguna_routed_nvfp4_swiglu_qmv_packed_top8keys_r1_bf16_v2_bfloat16_t_uint32_t_uint8_t_uint32_t_bfloat16_t
GPUPROF 74339.426150125 74339.426549375 22 911108556 custom_kernel_laguna_routed_shared_nvfp4_down_residual_bf16_r1_v5_bfloat16_t_uint32_t_uint8_t_uint32_t_float_bfloat16_t_uint32_t_uint8_t_bfloat16_t_bfloat16_t|rmsbfloat16|custom_kernel_laguna_decode_nvfp4_qkv_h64_r1_v1_lm1_se1_sd1_bfloat16_t_uint32_t_uint8_t_uint8_t_uint8_t_bfloat16_t|g3_copybfloat16bfloat16|custom_kernel_laguna_sliding_fused_attn_ring_v1_bfloat16_t_bfloat16_t_bfloat16_t_bfloat16_t_bfloat16_t_float_bfloat16_t_bfloat16_t_uint32_tc_floatc_bfloat16_t|custom_kernel_laguna_gate_sp_h64_v1_bfloat16_t_uint32_t_bfloat16_t_bfloat16_t_bfloat16_t|custom_kernel_laguna_oproj_act_h64_v1_ns1_sc1_se1_bfloat16_t_bfloat16_t_uint32_t_uint8_t_uint8_t_uint8_t_bfloat16_t|custom_kernel_laguna_residual_rms_router_bf16_2048_rpg8_keys_v1_bfloat16_t_bfloat16_t_bfloat16_t_bfloat16_t_float_bfloat16_t_bfloat16_t_bfloat16_t_uint32_t|custom_kernel_laguna_shared_nvfp4_swiglu_qmv_rows1_bf16_v1_bfloat16_t_uint32_t_uint8_t_bfloat16_t|custom_kernel_laguna_decode_router_top8_ordinal_table_norm_v1_bfloat16_t_float_uint32_t_float|custom_kernel_laguna_routed_nvfp4_swiglu_qmv_packed_top8keys_r1_bf16_v2_bfloat16_t_uint32_t_uint8_t_uint32_t_bfloat16_t|custom_kernel_laguna_routed_shared_nvfp4_down_residual_bf16_r1_v5_bfloat16_t_uint32_t_uint8_t_uint32_t_float_bfloat16_t_uint32_t_uint8_t_bfloat16_t_bfloat16_t|rmsbfloat16|custom_kernel_laguna_decode_nvfp4_qkv_h64_r1_v1_lm1_se1_sd1_bfloat16_t_uint32_t_uint8_t_uint8_t_uint8_t_bfloat16_t|g3_copybfloat16bfloat16|custom_kernel_laguna_sliding_fused_attn_ring_v1_bfloat16_t_bfloat16_t_bfloat16_t_bfloat16_t_bfloat16_t_float_bfloat16_t_bfloat16_t_uint32_tc_floatc_bfloat16_t|custom_kernel_laguna_gate_sp_h64_v1_bfloat16_t_uint32_t_bfloat16_t_bfloat16_t_bfloat16_t|custom_kernel_laguna_oproj_act_h64_v1_ns1_sc1_se1_bfloat16_t_bfloat16_t_uint32_t_uint8_t_uint8_t_uint8_t_bfloat16_t|custom_kernel_laguna_residual_rms_router_bf16_2048_rpg8_keys_v1_bfloat16_t_bfloat16_t_bfloat16_t_bfloat16_t_float_bfloat16_t_bfloat16_t_bfloat16_t_uint32_t|custom_kernel_laguna_shared_nvfp4_swiglu_qmv_rows1_bf16_v1_bfloat16_t_uint32_t_uint8_t_bfloat16_t|custom_kernel_laguna_decode_router_top8_ordinal_table_norm_v1_bfloat16_t_float_uint32_t_float|custom_kernel_laguna_routed_nvfp4_swiglu_qmv_packed_top8keys_r1_bf16_v2_bfloat16_t_uint32_t_uint8_t_uint32_t_bfloat16_t
GPUPROF 74339.426550292 74339.426573375 1 143213760 custom_kernel_laguna_routed_shared_nvfp4_down_residual_bf16_r1_v5_bfloat16_t_uint32_t_uint8_t_uint32_t_float_bfloat16_t_uint32_t_uint8_t_bfloat16_t_bfloat16_t
GPUPROF 74339.426574292 74339.426964792 29 766252520 rmsbfloat16|custom_kernel_laguna_decode_nvfp4_qkv_h48_r1_v1_lm1_se1_sd1_bfloat16_t_uint32_t_uint8_t_uint8_t_uint8_t_bfloat16_t|custom_kernel_laguna_full_qk_norm_yarn_bf16_128_v4_bfloat16_t_bfloat16_t_bfloat16_t_bfloat16_t_float_bfloat16_t_bfloat16_t|sn_copybfloat16bfloat16|sn_copybfloat16bfloat16|gg3_copybfloat16bfloat16|gg2_copybfloat16bfloat16|gg2_copybfloat16bfloat16|gg2_copybfloat16bfloat16|gg2_copybfloat16bfloat16|gg2_copybfloat16bfloat16|sdpa_vector_bfloat16_t_128_128_nomask_qnt_nc_nosinks|custom_kernel_laguna_gate_sp_h48_v1_bfloat16_t_uint32_t_bfloat16_t_bfloat16_t_bfloat16_t|custom_kernel_laguna_oproj_act_h48_v1_ns1_sc1_se1_bfloat16_t_bfloat16_t_uint32_t_uint8_t_uint8_t_uint8_t_bfloat16_t|custom_kernel_laguna_residual_rms_router_bf16_2048_rpg8_keys_v1_bfloat16_t_bfloat16_t_bfloat16_t_bfloat16_t_float_bfloat16_t_bfloat16_t_bfloat16_t_uint32_t|custom_kernel_laguna_shared_nvfp4_swiglu_qmv_rows1_bf16_v1_bfloat16_t_uint32_t_uint8_t_bfloat16_t|custom_kernel_laguna_decode_router_top8_ordinal_table_norm_v1_bfloat16_t_float_uint32_t_float|custom_kernel_laguna_routed_nvfp4_swiglu_qmv_packed_top8keys_r1_bf16_v2_bfloat16_t_uint32_t_uint8_t_uint32_t_bfloat16_t|custom_kernel_laguna_routed_shared_nvfp4_down_residual_bf16_r1_v5_bfloat16_t_uint32_t_uint8_t_uint32_t_float_bfloat16_t_uint32_t_uint8_t_bfloat16_t_bfloat16_t|rmsbfloat16|custom_kernel_laguna_decode_nvfp4_qkv_h64_r1_v1_lm1_se1_sd1_bfloat16_t_uint32_t_uint8_t_uint8_t_uint8_t_bfloat16_t|g3_copybfloat16bfloat16|custom_kernel_laguna_sliding_fused_attn_ring_v1_bfloat16_t_bfloat16_t_bfloat16_t_bfloat16_t_bfloat16_t_float_bfloat16_t_bfloat16_t_uint32_tc_floatc_bfloat16_t|custom_kernel_laguna_gate_sp_h64_v1_bfloat16_t_uint32_t_bfloat16_t_bfloat16_t_bfloat16_t|custom_kernel_laguna_oproj_act_h64_v1_ns1_sc1_se1_bfloat16_t_bfloat16_t_uint32_t_uint8_t_uint8_t_uint8_t_bfloat16_t|custom_kernel_laguna_residual_rms_router_bf16_2048_rpg8_keys_v1_bfloat16_t_bfloat16_t_bfloat16_t_bfloat16_t_float_bfloat16_t_bfloat16_t_bfloat16_t_uint32_t|custom_kernel_laguna_shared_nvfp4_swiglu_qmv_rows1_bf16_v1_bfloat16_t_uint32_t_uint8_t_bfloat16_t|custom_kernel_laguna_decode_router_top8_ordinal_table_norm_v1_bfloat16_t_float_uint32_t_float|custom_kernel_laguna_routed_nvfp4_swiglu_qmv_packed_top8keys_r1_bf16_v2_bfloat16_t_uint32_t_uint8_t_uint32_t_bfloat16_t
GPUPROF 74339.426965750 74339.427362750 22 911108556 custom_kernel_laguna_routed_shared_nvfp4_down_residual_bf16_r1_v5_bfloat16_t_uint32_t_uint8_t_uint32_t_float_bfloat16_t_uint32_t_uint8_t_bfloat16_t_bfloat16_t|rmsbfloat16|custom_kernel_laguna_decode_nvfp4_qkv_h64_r1_v1_lm1_se1_sd1_bfloat16_t_uint32_t_uint8_t_uint8_t_uint8_t_bfloat16_t|g3_copybfloat16bfloat16|custom_kernel_laguna_sliding_fused_attn_ring_v1_bfloat16_t_bfloat16_t_bfloat16_t_bfloat16_t_bfloat16_t_float_bfloat16_t_bfloat16_t_uint32_tc_floatc_bfloat16_t|custom_kernel_laguna_gate_sp_h64_v1_bfloat16_t_uint32_t_bfloat16_t_bfloat16_t_bfloat16_t|custom_kernel_laguna_oproj_act_h64_v1_ns1_sc1_se1_bfloat16_t_bfloat16_t_uint32_t_uint8_t_uint8_t_uint8_t_bfloat16_t|custom_kernel_laguna_residual_rms_router_bf16_2048_rpg8_keys_v1_bfloat16_t_bfloat16_t_bfloat16_t_bfloat16_t_float_bfloat16_t_bfloat16_t_bfloat16_t_uint32_t|custom_kernel_laguna_shared_nvfp4_swiglu_qmv_rows1_bf16_v1_bfloat16_t_uint32_t_uint8_t_bfloat16_t|custom_kernel_laguna_decode_router_top8_ordinal_table_norm_v1_bfloat16_t_float_uint32_t_float|custom_kernel_laguna_routed_nvfp4_swiglu_qmv_packed_top8keys_r1_bf16_v2_bfloat16_t_uint32_t_uint8_t_uint32_t_bfloat16_t|custom_kernel_laguna_routed_shared_nvfp4_down_residual_bf16_r1_v5_bfloat16_t_uint32_t_uint8_t_uint32_t_float_bfloat16_t_uint32_t_uint8_t_bfloat16_t_bfloat16_t|rmsbfloat16|custom_kernel_laguna_decode_nvfp4_qkv_h64_r1_v1_lm1_se1_sd1_bfloat16_t_uint32_t_uint8_t_uint8_t_uint8_t_bfloat16_t|g3_copybfloat16bfloat16|custom_kernel_laguna_sliding_fused_attn_ring_v1_bfloat16_t_bfloat16_t_bfloat16_t_bfloat16_t_bfloat16_t_float_bfloat16_t_bfloat16_t_uint32_tc_floatc_bfloat16_t|custom_kernel_laguna_gate_sp_h64_v1_bfloat16_t_uint32_t_bfloat16_t_bfloat16_t_bfloat16_t|custom_kernel_laguna_oproj_act_h64_v1_ns1_sc1_se1_bfloat16_t_bfloat16_t_uint32_t_uint8_t_uint8_t_uint8_t_bfloat16_t|custom_kernel_laguna_residual_rms_router_bf16_2048_rpg8_keys_v1_bfloat16_t_bfloat16_t_bfloat16_t_bfloat16_t_float_bfloat16_t_bfloat16_t_bfloat16_t_uint32_t|custom_kernel_laguna_shared_nvfp4_swiglu_qmv_rows1_bf16_v1_bfloat16_t_uint32_t_uint8_t_bfloat16_t|custom_kernel_laguna_decode_router_top8_ordinal_table_norm_v1_bfloat16_t_float_uint32_t_float|custom_kernel_laguna_routed_nvfp4_swiglu_qmv_packed_top8keys_r1_bf16_v2_bfloat16_t_uint32_t_uint8_t_uint32_t_bfloat16_t
GPUPROF 74339.427363625 74339.427775792 30 909462184 custom_kernel_laguna_routed_shared_nvfp4_down_residual_bf16_r1_v5_bfloat16_t_uint32_t_uint8_t_uint32_t_float_bfloat16_t_uint32_t_uint8_t_bfloat16_t_bfloat16_t|rmsbfloat16|custom_kernel_laguna_decode_nvfp4_qkv_h48_r1_v1_lm1_se1_sd1_bfloat16_t_uint32_t_uint8_t_uint8_t_uint8_t_bfloat16_t|custom_kernel_laguna_full_qk_norm_yarn_bf16_128_v4_bfloat16_t_bfloat16_t_bfloat16_t_bfloat16_t_float_bfloat16_t_bfloat16_t|sn_copybfloat16bfloat16|sn_copybfloat16bfloat16|gg3_copybfloat16bfloat16|gg2_copybfloat16bfloat16|gg2_copybfloat16bfloat16|gg2_copybfloat16bfloat16|gg2_copybfloat16bfloat16|gg2_copybfloat16bfloat16|sdpa_vector_bfloat16_t_128_128_nomask_qnt_nc_nosinks|custom_kernel_laguna_gate_sp_h48_v1_bfloat16_t_uint32_t_bfloat16_t_bfloat16_t_bfloat16_t|custom_kernel_laguna_oproj_act_h48_v1_ns1_sc1_se1_bfloat16_t_bfloat16_t_uint32_t_uint8_t_uint8_t_uint8_t_bfloat16_t|custom_kernel_laguna_residual_rms_router_bf16_2048_rpg8_keys_v1_bfloat16_t_bfloat16_t_bfloat16_t_bfloat16_t_float_bfloat16_t_bfloat16_t_bfloat16_t_uint32_t|custom_kernel_laguna_shared_nvfp4_swiglu_qmv_rows1_bf16_v1_bfloat16_t_uint32_t_uint8_t_bfloat16_t|custom_kernel_laguna_decode_router_top8_ordinal_table_norm_v1_bfloat16_t_float_uint32_t_float|custom_kernel_laguna_routed_nvfp4_swiglu_qmv_packed_top8keys_r1_bf16_v2_bfloat16_t_uint32_t_uint8_t_uint32_t_bfloat16_t|custom_kernel_laguna_routed_shared_nvfp4_down_residual_bf16_r1_v5_bfloat16_t_uint32_t_uint8_t_uint32_t_float_bfloat16_t_uint32_t_uint8_t_bfloat16_t_bfloat16_t|rmsbfloat16|custom_kernel_laguna_decode_nvfp4_qkv_h64_r1_v1_lm1_se1_sd1_bfloat16_t_uint32_t_uint8_t_uint8_t_uint8_t_bfloat16_t|g3_copybfloat16bfloat16|custom_kernel_laguna_sliding_fused_attn_ring_v1_bfloat16_t_bfloat16_t_bfloat16_t_bfloat16_t_bfloat16_t_float_bfloat16_t_bfloat16_t_uint32_tc_floatc_bfloat16_t|custom_kernel_laguna_gate_sp_h64_v1_bfloat16_t_uint32_t_bfloat16_t_bfloat16_t_bfloat16_t|custom_kernel_laguna_oproj_act_h64_v1_ns1_sc1_se1_bfloat16_t_bfloat16_t_uint32_t_uint8_t_uint8_t_uint8_t_bfloat16_t|custom_kernel_laguna_residual_rms_router_bf16_2048_rpg8_keys_v1_bfloat16_t_bfloat16_t_bfloat16_t_bfloat16_t_float_bfloat16_t_bfloat16_t_bfloat16_t_uint32_t|custom_kernel_laguna_shared_nvfp4_swiglu_qmv_rows1_bf16_v1_bfloat16_t_uint32_t_uint8_t_bfloat16_t|custom_kernel_laguna_decode_router_top8_ordinal_table_norm_v1_bfloat16_t_float_uint32_t_float|custom_kernel_laguna_routed_nvfp4_swiglu_qmv_packed_top8keys_r1_bf16_v2_bfloat16_t_uint32_t_uint8_t_uint32_t_bfloat16_t
GPUPROF 74339.427776750 74339.428171042 22 911108556 custom_kernel_laguna_routed_shared_nvfp4_down_residual_bf16_r1_v5_bfloat16_t_uint32_t_uint8_t_uint32_t_float_bfloat16_t_uint32_t_uint8_t_bfloat16_t_bfloat16_t|rmsbfloat16|custom_kernel_laguna_decode_nvfp4_qkv_h64_r1_v1_lm1_se1_sd1_bfloat16_t_uint32_t_uint8_t_uint8_t_uint8_t_bfloat16_t|g3_copybfloat16bfloat16|custom_kernel_laguna_sliding_fused_attn_ring_v1_bfloat16_t_bfloat16_t_bfloat16_t_bfloat16_t_bfloat16_t_float_bfloat16_t_bfloat16_t_uint32_tc_floatc_bfloat16_t|custom_kernel_laguna_gate_sp_h64_v1_bfloat16_t_uint32_t_bfloat16_t_bfloat16_t_bfloat16_t|custom_kernel_laguna_oproj_act_h64_v1_ns1_sc1_se1_bfloat16_t_bfloat16_t_uint32_t_uint8_t_uint8_t_uint8_t_bfloat16_t|custom_kernel_laguna_residual_rms_router_bf16_2048_rpg8_keys_v1_bfloat16_t_bfloat16_t_bfloat16_t_bfloat16_t_float_bfloat16_t_bfloat16_t_bfloat16_t_uint32_t|custom_kernel_laguna_shared_nvfp4_swiglu_qmv_rows1_bf16_v1_bfloat16_t_uint32_t_uint8_t_bfloat16_t|custom_kernel_laguna_decode_router_top8_ordinal_table_norm_v1_bfloat16_t_float_uint32_t_float|custom_kernel_laguna_routed_nvfp4_swiglu_qmv_packed_top8keys_r1_bf16_v2_bfloat16_t_uint32_t_uint8_t_uint32_t_bfloat16_t|custom_kernel_laguna_routed_shared_nvfp4_down_residual_bf16_r1_v5_bfloat16_t_uint32_t_uint8_t_uint32_t_float_bfloat16_t_uint32_t_uint8_t_bfloat16_t_bfloat16_t|rmsbfloat16|custom_kernel_laguna_decode_nvfp4_qkv_h64_r1_v1_lm1_se1_sd1_bfloat16_t_uint32_t_uint8_t_uint8_t_uint8_t_bfloat16_t|g3_copybfloat16bfloat16|custom_kernel_laguna_sliding_fused_attn_ring_v1_bfloat16_t_bfloat16_t_bfloat16_t_bfloat16_t_bfloat16_t_float_bfloat16_t_bfloat16_t_uint32_tc_floatc_bfloat16_t|custom_kernel_laguna_gate_sp_h64_v1_bfloat16_t_uint32_t_bfloat16_t_bfloat16_t_bfloat16_t|custom_kernel_laguna_oproj_act_h64_v1_ns1_sc1_se1_bfloat16_t_bfloat16_t_uint32_t_uint8_t_uint8_t_uint8_t_bfloat16_t|custom_kernel_laguna_residual_rms_router_bf16_2048_rpg8_keys_v1_bfloat16_t_bfloat16_t_bfloat16_t_bfloat16_t_float_bfloat16_t_bfloat16_t_bfloat16_t_uint32_t|custom_kernel_laguna_shared_nvfp4_swiglu_qmv_rows1_bf16_v1_bfloat16_t_uint32_t_uint8_t_bfloat16_t|custom_kernel_laguna_decode_router_top8_ordinal_table_norm_v1_bfloat16_t_float_uint32_t_float|custom_kernel_laguna_routed_nvfp4_swiglu_qmv_packed_top8keys_r1_bf16_v2_bfloat16_t_uint32_t_uint8_t_uint32_t_bfloat16_t
GPUPROF 74339.428175000 74339.428198750 1 143213760 custom_kernel_laguna_routed_shared_nvfp4_down_residual_bf16_r1_v5_bfloat16_t_uint32_t_uint8_t_uint32_t_float_bfloat16_t_uint32_t_uint8_t_bfloat16_t_bfloat16_t
GPUPROF 74339.428199750 74339.428641042 4 520840196 rmsbfloat16|custom_kernel_laguna_lmhead_int5_base_coarse_delta_bf16_v1_bfloat16_t_uint8_t_uint8_t_float_bfloat16_t|custom_kernel_laguna_lmhead_coarse_argmax_stage1_v5_float_float_uint32_t|custom_kernel_laguna_lmhead_exact_winner_bf16_midpoint_threshold_v1_float_uint32_t_bfloat16_t_bfloat16_t_float
GPUPROF 74339.428641875 74339.428792167 1 443961348 custom_kernel_laguna_lmhead_exact_fused_int5_sparse_refine_v1_float_bfloat16_t_floatc_bfloat16_t_bfloat16_t_uint8_t_uint8_t_bfloat16_t
GPUPSO s_copybfloat16bfloat16 maxThreads=1024 execWidth=32 tgMem=0
GPUPSO s_copyfloat32float32 maxThreads=1024 execWidth=32 tgMem=0
GPUPSO custom_kernel_laguna_full_fused_attn_grow_v1_bfloat16_t_bfloat16_t_bfloat16_t_bfloat16_t_bfloat16_t_float_bfloat16_t_bfloat16_t_uint32_tc_floatc_bfloat16_t maxThreads=1024 execWidth=32 tgMem=18432
GPUPROF 74339.430184750 74339.430198167 9 62992 s_copybfloat16bfloat16|s_copybfloat16bfloat16|s_copyfloat32float32|s_copybfloat16bfloat16|s_copybfloat16bfloat16|s_copybfloat16bfloat16|s_copybfloat16bfloat16|s_copybfloat16bfloat16|custom_kernel_laguna_full_fused_attn_grow_v1_bfloat16_t_bfloat16_t_bfloat16_t_bfloat16_t_bfloat16_t_float_bfloat16_t_bfloat16_t_uint32_tc_floatc_bfloat16_t
GPUPSO argmax_bfloat16 maxThreads=1024 execWidth=32 tgMem=256
GPUPROF 74339.431282292 74339.431294750 2 401416 gather_frontbfloat16_int32_int_2|argmax_bfloat16
GPUPROF 74339.443156875 74339.443521625 4 424679424 gather_frontbfloat16_int32_int_2|rmsbfloat16|steel_gemm_splitk_nt_bfloat16_float32_bm32_bn32_bk16_wm2_wn2_MN_taligned_K_taligned|steel_gemm_splitk_accum_bfloat16_float32
GPUPROF 74339.444165375 74339.456084125 16 212455940 steel_gemm_splitk_nt_bfloat16_float32_bm32_bn32_bk16_wm2_wn2_MN_taligned_K_taligned|steel_gemm_splitk_accum_bfloat16_float32|steel_gemm_fused_nt_bfloat16_bfloat16_bm64_bn64_bk16_wm2_wn2_has_batch_n_use_out_source_n_do_axpby_n_align_M_t_align_N_t_align_K_t|steel_gemm_splitk_nt_bfloat16_float32_bm32_bn32_bk16_wm2_wn2_MN_naligned_K_taligned|steel_gemm_splitk_accum_bfloat16_float32|custom_kernel_laguna_prefill_full_qk_norm_yarn_bf16_128_h1_v2_bfloat16_t_bfloat16_t_bfloat16_t_bfloat16_t_float_int32_tc_bfloat16_t_bfloat16_t|steel_attention_bfloat16_bq32_bk16_bd128_wm4_wn1_maskbfloat16_align_Q_t_align_K_t_has_mask_n_do_causal_t_has_sinks_n|Cf4IAsTypeADf4IBroadcastCBEf4IBroadcastBCFf4ILogAddExpDEGV2OAsTypeF_VC_V2_10408321403207385874_contiguous|g2_Multiplybfloat16|steel_gemm_fused_nt_bfloat16_bfloat16_bm64_bn64_bk16_wm2_wn2_has_batch_n_use_out_source_n_do_axpby_n_align_M_t_align_N_t_align_K_t|custom_kernel_laguna_residual_rms_bf16_2048_v1_bfloat16_t_bfloat16_t_bfloat16_t_bfloat16_t_bfloat16_t|steel_gemm_fused_nt_bfloat16_bfloat16_bm64_bn64_bk16_wm2_wn2_has_batch_n_use_out_source_n_do_axpby_n_align_M_t_align_N_t_align_K_t|steel_gemm_fused_nt_bfloat16_bfloat16_bm64_bn64_bk16_wm2_wn2_has_batch_n_use_out_source_n_do_axpby_n_align_M_t_align_N_t_align_K_t|CV2ISigmoidADV2IBroadcastACEV2IBroadcastCAFV2IMultiplyDEGV2IBroadcastFBHV2IBroadcastBFIV2OMultiplyGH_VV_V2V2_11160318154034397263_contiguous|steel_gemm_fused_nt_bfloat16_bfloat16_bm64_bn64_bk16_wm2_wn2_has_batch_n_use_out_source_n_do_axpby_n_align_M_t_align_N_t_align_K_t|vvn_Addbfloat16
GPUPROF 74339.456085375 74339.470873625 30 636347908 rmsbfloat16|steel_gemm_splitk_nt_bfloat16_float32_bm32_bn32_bk16_wm2_wn2_MN_taligned_K_taligned|steel_gemm_splitk_accum_bfloat16_float32|steel_gemm_splitk_nt_bfloat16_float32_bm32_bn32_bk16_wm2_wn2_MN_taligned_K_taligned|steel_gemm_splitk_accum_bfloat16_float32|steel_gemm_fused_nt_bfloat16_bfloat16_bm64_bn64_bk16_wm2_wn2_has_batch_n_use_out_source_n_do_axpby_n_align_M_t_align_N_t_align_K_t|steel_gemm_splitk_nt_bfloat16_float32_bm32_bn32_bk16_wm2_wn2_MN_taligned_K_taligned|steel_gemm_splitk_accum_bfloat16_float32|custom_kernel_laguna_prefill_sliding_qk_norm_rope_bf16_128_h1_v2_bfloat16_t_bfloat16_t_bfloat16_t_bfloat16_t_float_int32_tc_bfloat16_t_bfloat16_t|steel_attention_bfloat16_bq32_bk16_bd128_wm4_wn1_maskbfloat16_align_Q_t_align_K_t_has_mask_n_do_causal_t_has_sinks_n|Cf4IAsTypeADf4IBroadcastCBEf4IBroadcastBCFf4ILogAddExpDEGV2OAsTypeF_VC_V2_10408321403207385874_contiguous|g2_Multiplybfloat16|steel_gemm_fused_nt_bfloat16_bfloat16_bm64_bn64_bk16_wm2_wn2_has_batch_n_use_out_source_n_do_axpby_n_align_M_t_align_N_t_align_K_t|custom_kernel_laguna_residual_rms_bf16_2048_v1_bfloat16_t_bfloat16_t_bfloat16_t_bfloat16_t_bfloat16_t|steel_gemm_splitk_nt_bfloat16_float32_bm32_bn32_bk16_wm2_wn2_MN_taligned_K_taligned|steel_gemm_splitk_accum_bfloat16_float32|custom_kernel_laguna_prefill_router_tournament_ordinal_norm_v1_bfloat16_t_float_uint32_t_float|custom_kernel_mlx_lm_route_csort_scatter_fused_m8_u32_v4_uint32_t_uint32_t_uint32_t_uint32_t|gather_frontbfloat16_uint32_int_2|arangeuint32|nvfp4_gather_qmm_rhs_nt_bfloat16_t_gs_16_b_4_bm_16_bn_32_bk_32_wm_1_wn_2_align_M_t_align_N_t_align_K_t|nvfp4_qmm_t_splitk_fused_bfloat16_t_gs_16_b_4_alN_true|nvfp4_qmm_t_splitk_fused_bfloat16_t_gs_16_b_4_alN_true|g2_copybfloat16bfloat16|g2_copybfloat16bfloat16|CV2ISigmoidADV2IBroadcastACEV2IBroadcastCAFV2IMultiplyDEGV2IBroadcastFBHV2IBroadcastBFIV2OMultiplyGH_VV_V2V2_11160318154034397263_contiguous|arangeuint32|CV2ISigmoidADV2IBroadcastACEV2IBroadcastCAFV2IMultiplyDEGV2IBroadcastFBHV2IBroadcastBFIV2OMultiplyGH_VV_V2V2_11160318154034397263_contiguous|nvfp4_qmm_t_bfloat16_t_gs_16_b_4_alN_true_batch_0|nvfp4_gather_qmm_rhs_nt_bfloat16_t_gs_16_b_4_bm_16_bn_32_bk_32_wm_1_wn_2_align_M_t_align_N_t_align_K_t
GPUPROF 74339.470874500 74339.470956417 1 23101440 custom_kernel_laguna_prefill_sorted_moe_tail_bf16_v1_bfloat16_t_uint32_t_float_bfloat16_t_bfloat16_t_bfloat16_t
GPUPROF 74339.470957375 74339.485726667 30 636347908 rmsbfloat16|steel_gemm_splitk_nt_bfloat16_float32_bm32_bn32_bk16_wm2_wn2_MN_taligned_K_taligned|steel_gemm_splitk_accum_bfloat16_float32|steel_gemm_splitk_nt_bfloat16_float32_bm32_bn32_bk16_wm2_wn2_MN_taligned_K_taligned|steel_gemm_splitk_accum_bfloat16_float32|steel_gemm_fused_nt_bfloat16_bfloat16_bm64_bn64_bk16_wm2_wn2_has_batch_n_use_out_source_n_do_axpby_n_align_M_t_align_N_t_align_K_t|steel_gemm_splitk_nt_bfloat16_float32_bm32_bn32_bk16_wm2_wn2_MN_taligned_K_taligned|steel_gemm_splitk_accum_bfloat16_float32|custom_kernel_laguna_prefill_sliding_qk_norm_rope_bf16_128_h1_v2_bfloat16_t_bfloat16_t_bfloat16_t_bfloat16_t_float_int32_tc_bfloat16_t_bfloat16_t|steel_attention_bfloat16_bq32_bk16_bd128_wm4_wn1_maskbfloat16_align_Q_t_align_K_t_has_mask_n_do_causal_t_has_sinks_n|Cf4IAsTypeADf4IBroadcastCBEf4IBroadcastBCFf4ILogAddExpDEGV2OAsTypeF_VC_V2_10408321403207385874_contiguous|g2_Multiplybfloat16|steel_gemm_fused_nt_bfloat16_bfloat16_bm64_bn64_bk16_wm2_wn2_has_batch_n_use_out_source_n_do_axpby_n_align_M_t_align_N_t_align_K_t|custom_kernel_laguna_residual_rms_bf16_2048_v1_bfloat16_t_bfloat16_t_bfloat16_t_bfloat16_t_bfloat16_t|steel_gemm_splitk_nt_bfloat16_float32_bm32_bn32_bk16_wm2_wn2_MN_taligned_K_taligned|steel_gemm_splitk_accum_bfloat16_float32|custom_kernel_laguna_prefill_router_tournament_ordinal_norm_v1_bfloat16_t_float_uint32_t_float|custom_kernel_mlx_lm_route_csort_scatter_fused_m8_u32_v4_uint32_t_uint32_t_uint32_t_uint32_t|gather_frontbfloat16_uint32_int_2|arangeuint32|nvfp4_gather_qmm_rhs_nt_bfloat16_t_gs_16_b_4_bm_16_bn_32_bk_32_wm_1_wn_2_align_M_t_align_N_t_align_K_t|nvfp4_qmm_t_splitk_fused_bfloat16_t_gs_16_b_4_alN_true|nvfp4_qmm_t_splitk_fused_bfloat16_t_gs_16_b_4_alN_true|g2_copybfloat16bfloat16|g2_copybfloat16bfloat16|CV2ISigmoidADV2IBroadcastACEV2IBroadcastCAFV2IMultiplyDEGV2IBroadcastFBHV2IBroadcastBFIV2OMultiplyGH_VV_V2V2_11160318154034397263_contiguous|arangeuint32|CV2ISigmoidADV2IBroadcastACEV2IBroadcastCAFV2IMultiplyDEGV2IBroadcastFBHV2IBroadcastBFIV2OMultiplyGH_VV_V2V2_11160318154034397263_contiguous|nvfp4_qmm_t_bfloat16_t_gs_16_b_4_alN_true_batch_0|nvfp4_gather_qmm_rhs_nt_bfloat16_t_gs_16_b_4_bm_16_bn_32_bk_32_wm_1_wn_2_align_M_t_align_N_t_align_K_t
GPUPROF 74339.485727750 74339.485807542 1 23101440 custom_kernel_laguna_prefill_sorted_moe_tail_bf16_v1_bfloat16_t_uint32_t_float_bfloat16_t_bfloat16_t_bfloat16_t
GPUPROF 74339.485808375 74339.500410417 30 636347908 rmsbfloat16|steel_gemm_splitk_nt_bfloat16_float32_bm32_bn32_bk16_wm2_wn2_MN_taligned_K_taligned|steel_gemm_splitk_accum_bfloat16_float32|steel_gemm_splitk_nt_bfloat16_float32_bm32_bn32_bk16_wm2_wn2_MN_taligned_K_taligned|steel_gemm_splitk_accum_bfloat16_float32|steel_gemm_fused_nt_bfloat16_bfloat16_bm64_bn64_bk16_wm2_wn2_has_batch_n_use_out_source_n_do_axpby_n_align_M_t_align_N_t_align_K_t|steel_gemm_splitk_nt_bfloat16_float32_bm32_bn32_bk16_wm2_wn2_MN_taligned_K_taligned|steel_gemm_splitk_accum_bfloat16_float32|custom_kernel_laguna_prefill_sliding_qk_norm_rope_bf16_128_h1_v2_bfloat16_t_bfloat16_t_bfloat16_t_bfloat16_t_float_int32_tc_bfloat16_t_bfloat16_t|steel_attention_bfloat16_bq32_bk16_bd128_wm4_wn1_maskbfloat16_align_Q_t_align_K_t_has_mask_n_do_causal_t_has_sinks_n|Cf4IAsTypeADf4IBroadcastCBEf4IBroadcastBCFf4ILogAddExpDEGV2OAsTypeF_VC_V2_10408321403207385874_contiguous|g2_Multiplybfloat16|steel_gemm_fused_nt_bfloat16_bfloat16_bm64_bn64_bk16_wm2_wn2_has_batch_n_use_out_source_n_do_axpby_n_align_M_t_align_N_t_align_K_t|custom_kernel_laguna_residual_rms_bf16_2048_v1_bfloat16_t_bfloat16_t_bfloat16_t_bfloat16_t_bfloat16_t|steel_gemm_splitk_nt_bfloat16_float32_bm32_bn32_bk16_wm2_wn2_MN_taligned_K_taligned|steel_gemm_splitk_accum_bfloat16_float32|custom_kernel_laguna_prefill_router_tournament_ordinal_norm_v1_bfloat16_t_float_uint32_t_float|custom_kernel_mlx_lm_route_csort_scatter_fused_m8_u32_v4_uint32_t_uint32_t_uint32_t_uint32_t|gather_frontbfloat16_uint32_int_2|arangeuint32|nvfp4_gather_qmm_rhs_nt_bfloat16_t_gs_16_b_4_bm_16_bn_32_bk_32_wm_1_wn_2_align_M_t_align_N_t_align_K_t|nvfp4_qmm_t_splitk_fused_bfloat16_t_gs_16_b_4_alN_true|nvfp4_qmm_t_splitk_fused_bfloat16_t_gs_16_b_4_alN_true|g2_copybfloat16bfloat16|g2_copybfloat16bfloat16|CV2ISigmoidADV2IBroadcastACEV2IBroadcastCAFV2IMultiplyDEGV2IBroadcastFBHV2IBroadcastBFIV2OMultiplyGH_VV_V2V2_11160318154034397263_contiguous|arangeuint32|CV2ISigmoidADV2IBroadcastACEV2IBroadcastCAFV2IMultiplyDEGV2IBroadcastFBHV2IBroadcastBFIV2OMultiplyGH_VV_V2V2_11160318154034397263_contiguous|nvfp4_qmm_t_bfloat16_t_gs_16_b_4_alN_true_batch_0|nvfp4_gather_qmm_rhs_nt_bfloat16_t_gs_16_b_4_bm_16_bn_32_bk_32_wm_1_wn_2_align_M_t_align_N_t_align_K_t
GPUPROF 74339.500411625 74339.500490917 1 23101440 custom_kernel_laguna_prefill_sorted_moe_tail_bf16_v1_bfloat16_t_uint32_t_float_bfloat16_t_bfloat16_t_bfloat16_t
GPUPROF 74339.500491917 74339.513448500 30 612017668 rmsbfloat16|steel_gemm_splitk_nt_bfloat16_float32_bm32_bn32_bk16_wm2_wn2_MN_taligned_K_taligned|steel_gemm_splitk_accum_bfloat16_float32|steel_gemm_splitk_nt_bfloat16_float32_bm32_bn32_bk16_wm2_wn2_MN_taligned_K_taligned|steel_gemm_splitk_accum_bfloat16_float32|steel_gemm_fused_nt_bfloat16_bfloat16_bm64_bn64_bk16_wm2_wn2_has_batch_n_use_out_source_n_do_axpby_n_align_M_t_align_N_t_align_K_t|steel_gemm_splitk_nt_bfloat16_float32_bm32_bn32_bk16_wm2_wn2_MN_naligned_K_taligned|steel_gemm_splitk_accum_bfloat16_float32|custom_kernel_laguna_prefill_full_qk_norm_yarn_bf16_128_h1_v2_bfloat16_t_bfloat16_t_bfloat16_t_bfloat16_t_float_int32_tc_bfloat16_t_bfloat16_t|steel_attention_bfloat16_bq32_bk16_bd128_wm4_wn1_maskbfloat16_align_Q_t_align_K_t_has_mask_n_do_causal_t_has_sinks_n|Cf4IAsTypeADf4IBroadcastCBEf4IBroadcastBCFf4ILogAddExpDEGV2OAsTypeF_VC_V2_10408321403207385874_contiguous|g2_Multiplybfloat16|steel_gemm_fused_nt_bfloat16_bfloat16_bm64_bn64_bk16_wm2_wn2_has_batch_n_use_out_source_n_do_axpby_n_align_M_t_align_N_t_align_K_t|custom_kernel_laguna_residual_rms_bf16_2048_v1_bfloat16_t_bfloat16_t_bfloat16_t_bfloat16_t_bfloat16_t|steel_gemm_splitk_nt_bfloat16_float32_bm32_bn32_bk16_wm2_wn2_MN_taligned_K_taligned|steel_gemm_splitk_accum_bfloat16_float32|custom_kernel_laguna_prefill_router_tournament_ordinal_norm_v1_bfloat16_t_float_uint32_t_float|custom_kernel_mlx_lm_route_csort_scatter_fused_m8_u32_v4_uint32_t_uint32_t_uint32_t_uint32_t|gather_frontbfloat16_uint32_int_2|arangeuint32|nvfp4_gather_qmm_rhs_nt_bfloat16_t_gs_16_b_4_bm_16_bn_32_bk_32_wm_1_wn_2_align_M_t_align_N_t_align_K_t|nvfp4_qmm_t_splitk_fused_bfloat16_t_gs_16_b_4_alN_true|nvfp4_qmm_t_splitk_fused_bfloat16_t_gs_16_b_4_alN_true|g2_copybfloat16bfloat16|g2_copybfloat16bfloat16|CV2ISigmoidADV2IBroadcastACEV2IBroadcastCAFV2IMultiplyDEGV2IBroadcastFBHV2IBroadcastBFIV2OMultiplyGH_VV_V2V2_11160318154034397263_contiguous|arangeuint32|CV2ISigmoidADV2IBroadcastACEV2IBroadcastCAFV2IMultiplyDEGV2IBroadcastFBHV2IBroadcastBFIV2OMultiplyGH_VV_V2V2_11160318154034397263_contiguous|nvfp4_qmm_t_bfloat16_t_gs_16_b_4_alN_true_batch_0|nvfp4_gather_qmm_rhs_nt_bfloat16_t_gs_16_b_4_bm_16_bn_32_bk_32_wm_1_wn_2_align_M_t_align_N_t_align_K_t
GPUPROF 74339.513449375 74339.513527667 1 23101440 custom_kernel_laguna_prefill_sorted_moe_tail_bf16_v1_bfloat16_t_uint32_t_float_bfloat16_t_bfloat16_t_bfloat16_t
GPUPROF 74339.513528625 74339.527974417 30 636347908 rmsbfloat16|steel_gemm_splitk_nt_bfloat16_float32_bm32_bn32_bk16_wm2_wn2_MN_taligned_K_taligned|steel_gemm_splitk_accum_bfloat16_float32|steel_gemm_splitk_nt_bfloat16_float32_bm32_bn32_bk16_wm2_wn2_MN_taligned_K_taligned|steel_gemm_splitk_accum_bfloat16_float32|steel_gemm_fused_nt_bfloat16_bfloat16_bm64_bn64_bk16_wm2_wn2_has_batch_n_use_out_source_n_do_axpby_n_align_M_t_align_N_t_align_K_t|steel_gemm_splitk_nt_bfloat16_float32_bm32_bn32_bk16_wm2_wn2_MN_taligned_K_taligned|steel_gemm_splitk_accum_bfloat16_float32|custom_kernel_laguna_prefill_sliding_qk_norm_rope_bf16_128_h1_v2_bfloat16_t_bfloat16_t_bfloat16_t_bfloat16_t_float_int32_tc_bfloat16_t_bfloat16_t|steel_attention_bfloat16_bq32_bk16_bd128_wm4_wn1_maskbfloat16_align_Q_t_align_K_t_has_mask_n_do_causal_t_has_sinks_n|Cf4IAsTypeADf4IBroadcastCBEf4IBroadcastBCFf4ILogAddExpDEGV2OAsTypeF_VC_V2_10408321403207385874_contiguous|g2_Multiplybfloat16|steel_gemm_fused_nt_bfloat16_bfloat16_bm64_bn64_bk16_wm2_wn2_has_batch_n_use_out_source_n_do_axpby_n_align_M_t_align_N_t_align_K_t|custom_kernel_laguna_residual_rms_bf16_2048_v1_bfloat16_t_bfloat16_t_bfloat16_t_bfloat16_t_bfloat16_t|steel_gemm_splitk_nt_bfloat16_float32_bm32_bn32_bk16_wm2_wn2_MN_taligned_K_taligned|steel_gemm_splitk_accum_bfloat16_float32|custom_kernel_laguna_prefill_router_tournament_ordinal_norm_v1_bfloat16_t_float_uint32_t_float|custom_kernel_mlx_lm_route_csort_scatter_fused_m8_u32_v4_uint32_t_uint32_t_uint32_t_uint32_t|gather_frontbfloat16_uint32_int_2|arangeuint32|nvfp4_gather_qmm_rhs_nt_bfloat16_t_gs_16_b_4_bm_16_bn_32_bk_32_wm_1_wn_2_align_M_t_align_N_t_align_K_t|nvfp4_qmm_t_splitk_fused_bfloat16_t_gs_16_b_4_alN_true|nvfp4_qmm_t_splitk_fused_bfloat16_t_gs_16_b_4_alN_true|g2_copybfloat16bfloat16|g2_copybfloat16bfloat16|CV2ISigmoidADV2IBroadcastACEV2IBroadcastCAFV2IMultiplyDEGV2IBroadcastFBHV2IBroadcastBFIV2OMultiplyGH_VV_V2V2_11160318154034397263_contiguous|arangeuint32|CV2ISigmoidADV2IBroadcastACEV2IBroadcastCAFV2IMultiplyDEGV2IBroadcastFBHV2IBroadcastBFIV2OMultiplyGH_VV_V2V2_11160318154034397263_contiguous|nvfp4_qmm_t_bfloat16_t_gs_16_b_4_alN_true_batch_0|nvfp4_gather_qmm_rhs_nt_bfloat16_t_gs_16_b_4_bm_16_bn_32_bk_32_wm_1_wn_2_align_M_t_align_N_t_align_K_t
GPUPROF 74339.527975167 74339.528057000 1 23101440 custom_kernel_laguna_prefill_sorted_moe_tail_bf16_v1_bfloat16_t_uint32_t_float_bfloat16_t_bfloat16_t_bfloat16_t
GPUPROF 74339.528057750 74339.542459375 30 636347908 rmsbfloat16|steel_gemm_splitk_nt_bfloat16_float32_bm32_bn32_bk16_wm2_wn2_MN_taligned_K_taligned|steel_gemm_splitk_accum_bfloat16_float32|steel_gemm_splitk_nt_bfloat16_float32_bm32_bn32_bk16_wm2_wn2_MN_taligned_K_taligned|steel_gemm_splitk_accum_bfloat16_float32|steel_gemm_fused_nt_bfloat16_bfloat16_bm64_bn64_bk16_wm2_wn2_has_batch_n_use_out_source_n_do_axpby_n_align_M_t_align_N_t_align_K_t|steel_gemm_splitk_nt_bfloat16_float32_bm32_bn32_bk16_wm2_wn2_MN_taligned_K_taligned|steel_gemm_splitk_accum_bfloat16_float32|custom_kernel_laguna_prefill_sliding_qk_norm_rope_bf16_128_h1_v2_bfloat16_t_bfloat16_t_bfloat16_t_bfloat16_t_float_int32_tc_bfloat16_t_bfloat16_t|steel_attention_bfloat16_bq32_bk16_bd128_wm4_wn1_maskbfloat16_align_Q_t_align_K_t_has_mask_n_do_causal_t_has_sinks_n|Cf4IAsTypeADf4IBroadcastCBEf4IBroadcastBCFf4ILogAddExpDEGV2OAsTypeF_VC_V2_10408321403207385874_contiguous|g2_Multiplybfloat16|steel_gemm_fused_nt_bfloat16_bfloat16_bm64_bn64_bk16_wm2_wn2_has_batch_n_use_out_source_n_do_axpby_n_align_M_t_align_N_t_align_K_t|custom_kernel_laguna_residual_rms_bf16_2048_v1_bfloat16_t_bfloat16_t_bfloat16_t_bfloat16_t_bfloat16_t|steel_gemm_splitk_nt_bfloat16_float32_bm32_bn32_bk16_wm2_wn2_MN_taligned_K_taligned|steel_gemm_splitk_accum_bfloat16_float32|custom_kernel_laguna_prefill_router_tournament_ordinal_norm_v1_bfloat16_t_float_uint32_t_float|custom_kernel_mlx_lm_route_csort_scatter_fused_m8_u32_v4_uint32_t_uint32_t_uint32_t_uint32_t|gather_frontbfloat16_uint32_int_2|arangeuint32|nvfp4_gather_qmm_rhs_nt_bfloat16_t_gs_16_b_4_bm_16_bn_32_bk_32_wm_1_wn_2_align_M_t_align_N_t_align_K_t|nvfp4_qmm_t_splitk_fused_bfloat16_t_gs_16_b_4_alN_true|nvfp4_qmm_t_splitk_fused_bfloat16_t_gs_16_b_4_alN_true|g2_copybfloat16bfloat16|g2_copybfloat16bfloat16|CV2ISigmoidADV2IBroadcastACEV2IBroadcastCAFV2IMultiplyDEGV2IBroadcastFBHV2IBroadcastBFIV2OMultiplyGH_VV_V2V2_11160318154034397263_contiguous|arangeuint32|CV2ISigmoidADV2IBroadcastACEV2IBroadcastCAFV2IMultiplyDEGV2IBroadcastFBHV2IBroadcastBFIV2OMultiplyGH_VV_V2V2_11160318154034397263_contiguous|nvfp4_qmm_t_bfloat16_t_gs_16_b_4_alN_true_batch_0|nvfp4_gather_qmm_rhs_nt_bfloat16_t_gs_16_b_4_bm_16_bn_32_bk_32_wm_1_wn_2_align_M_t_align_N_t_align_K_t
GPUPROF 74339.542460125 74339.542539750 1 23101440 custom_kernel_laguna_prefill_sorted_moe_tail_bf16_v1_bfloat16_t_uint32_t_float_bfloat16_t_bfloat16_t_bfloat16_t
GPUPROF 74339.542540500 74339.556922000 30 636347908 rmsbfloat16|steel_gemm_splitk_nt_bfloat16_float32_bm32_bn32_bk16_wm2_wn2_MN_taligned_K_taligned|steel_gemm_splitk_accum_bfloat16_float32|steel_gemm_splitk_nt_bfloat16_float32_bm32_bn32_bk16_wm2_wn2_MN_taligned_K_taligned|steel_gemm_splitk_accum_bfloat16_float32|steel_gemm_fused_nt_bfloat16_bfloat16_bm64_bn64_bk16_wm2_wn2_has_batch_n_use_out_source_n_do_axpby_n_align_M_t_align_N_t_align_K_t|steel_gemm_splitk_nt_bfloat16_float32_bm32_bn32_bk16_wm2_wn2_MN_taligned_K_taligned|steel_gemm_splitk_accum_bfloat16_float32|custom_kernel_laguna_prefill_sliding_qk_norm_rope_bf16_128_h1_v2_bfloat16_t_bfloat16_t_bfloat16_t_bfloat16_t_float_int32_tc_bfloat16_t_bfloat16_t|steel_attention_bfloat16_bq32_bk16_bd128_wm4_wn1_maskbfloat16_align_Q_t_align_K_t_has_mask_n_do_causal_t_has_sinks_n|Cf4IAsTypeADf4IBroadcastCBEf4IBroadcastBCFf4ILogAddExpDEGV2OAsTypeF_VC_V2_10408321403207385874_contiguous|g2_Multiplybfloat16|steel_gemm_fused_nt_bfloat16_bfloat16_bm64_bn64_bk16_wm2_wn2_has_batch_n_use_out_source_n_do_axpby_n_align_M_t_align_N_t_align_K_t|custom_kernel_laguna_residual_rms_bf16_2048_v1_bfloat16_t_bfloat16_t_bfloat16_t_bfloat16_t_bfloat16_t|steel_gemm_splitk_nt_bfloat16_float32_bm32_bn32_bk16_wm2_wn2_MN_taligned_K_taligned|steel_gemm_splitk_accum_bfloat16_float32|custom_kernel_laguna_prefill_router_tournament_ordinal_norm_v1_bfloat16_t_float_uint32_t_float|custom_kernel_mlx_lm_route_csort_scatter_fused_m8_u32_v4_uint32_t_uint32_t_uint32_t_uint32_t|gather_frontbfloat16_uint32_int_2|arangeuint32|nvfp4_gather_qmm_rhs_nt_bfloat16_t_gs_16_b_4_bm_16_bn_32_bk_32_wm_1_wn_2_align_M_t_align_N_t_align_K_t|nvfp4_qmm_t_splitk_fused_bfloat16_t_gs_16_b_4_alN_true|nvfp4_qmm_t_splitk_fused_bfloat16_t_gs_16_b_4_alN_true|g2_copybfloat16bfloat16|g2_copybfloat16bfloat16|CV2ISigmoidADV2IBroadcastACEV2IBroadcastCAFV2IMultiplyDEGV2IBroadcastFBHV2IBroadcastBFIV2OMultiplyGH_VV_V2V2_11160318154034397263_contiguous|arangeuint32|CV2ISigmoidADV2IBroadcastACEV2IBroadcastCAFV2IMultiplyDEGV2IBroadcastFBHV2IBroadcastBFIV2OMultiplyGH_VV_V2V2_11160318154034397263_contiguous|nvfp4_qmm_t_bfloat16_t_gs_16_b_4_alN_true_batch_0|nvfp4_gather_qmm_rhs_nt_bfloat16_t_gs_16_b_4_bm_16_bn_32_bk_32_wm_1_wn_2_align_M_t_align_N_t_align_K_t
GPUPROF 74339.556922750 74339.557001500 1 23101440 custom_kernel_laguna_prefill_sorted_moe_tail_bf16_v1_bfloat16_t_uint32_t_float_bfloat16_t_bfloat16_t_bfloat16_t
GPUPROF 74339.557002250 74339.570078500 30 612017668 rmsbfloat16|steel_gemm_splitk_nt_bfloat16_float32_bm32_bn32_bk16_wm2_wn2_MN_taligned_K_taligned|steel_gemm_splitk_accum_bfloat16_float32|steel_gemm_splitk_nt_bfloat16_float32_bm32_bn32_bk16_wm2_wn2_MN_taligned_K_taligned|steel_gemm_splitk_accum_bfloat16_float32|steel_gemm_fused_nt_bfloat16_bfloat16_bm64_bn64_bk16_wm2_wn2_has_batch_n_use_out_source_n_do_axpby_n_align_M_t_align_N_t_align_K_t|steel_gemm_splitk_nt_bfloat16_float32_bm32_bn32_bk16_wm2_wn2_MN_naligned_K_taligned|steel_gemm_splitk_accum_bfloat16_float32|custom_kernel_laguna_prefill_full_qk_norm_yarn_bf16_128_h1_v2_bfloat16_t_bfloat16_t_bfloat16_t_bfloat16_t_float_int32_tc_bfloat16_t_bfloat16_t|steel_attention_bfloat16_bq32_bk16_bd128_wm4_wn1_maskbfloat16_align_Q_t_align_K_t_has_mask_n_do_causal_t_has_sinks_n|Cf4IAsTypeADf4IBroadcastCBEf4IBroadcastBCFf4ILogAddExpDEGV2OAsTypeF_VC_V2_10408321403207385874_contiguous|g2_Multiplybfloat16|steel_gemm_fused_nt_bfloat16_bfloat16_bm64_bn64_bk16_wm2_wn2_has_batch_n_use_out_source_n_do_axpby_n_align_M_t_align_N_t_align_K_t|custom_kernel_laguna_residual_rms_bf16_2048_v1_bfloat16_t_bfloat16_t_bfloat16_t_bfloat16_t_bfloat16_t|steel_gemm_splitk_nt_bfloat16_float32_bm32_bn32_bk16_wm2_wn2_MN_taligned_K_taligned|steel_gemm_splitk_accum_bfloat16_float32|custom_kernel_laguna_prefill_router_tournament_ordinal_norm_v1_bfloat16_t_float_uint32_t_float|custom_kernel_mlx_lm_route_csort_scatter_fused_m8_u32_v4_uint32_t_uint32_t_uint32_t_uint32_t|gather_frontbfloat16_uint32_int_2|arangeuint32|nvfp4_gather_qmm_rhs_nt_bfloat16_t_gs_16_b_4_bm_16_bn_32_bk_32_wm_1_wn_2_align_M_t_align_N_t_align_K_t|nvfp4_qmm_t_splitk_fused_bfloat16_t_gs_16_b_4_alN_true|nvfp4_qmm_t_splitk_fused_bfloat16_t_gs_16_b_4_alN_true|g2_copybfloat16bfloat16|g2_copybfloat16bfloat16|CV2ISigmoidADV2IBroadcastACEV2IBroadcastCAFV2IMultiplyDEGV2IBroadcastFBHV2IBroadcastBFIV2OMultiplyGH_VV_V2V2_11160318154034397263_contiguous|arangeuint32|CV2ISigmoidADV2IBroadcastACEV2IBroadcastCAFV2IMultiplyDEGV2IBroadcastFBHV2IBroadcastBFIV2OMultiplyGH_VV_V2V2_11160318154034397263_contiguous|nvfp4_qmm_t_bfloat16_t_gs_16_b_4_alN_true_batch_0|nvfp4_gather_qmm_rhs_nt_bfloat16_t_gs_16_b_4_bm_16_bn_32_bk_32_wm_1_wn_2_align_M_t_align_N_t_align_K_t
GPUPROF 74339.570079250 74339.570158375 1 23101440 custom_kernel_laguna_prefill_sorted_moe_tail_bf16_v1_bfloat16_t_uint32_t_float_bfloat16_t_bfloat16_t_bfloat16_t
GPUPROF 74339.570159042 74339.584674875 30 636347908 rmsbfloat16|steel_gemm_splitk_nt_bfloat16_float32_bm32_bn32_bk16_wm2_wn2_MN_taligned_K_taligned|steel_gemm_splitk_accum_bfloat16_float32|steel_gemm_splitk_nt_bfloat16_float32_bm32_bn32_bk16_wm2_wn2_MN_taligned_K_taligned|steel_gemm_splitk_accum_bfloat16_float32|steel_gemm_fused_nt_bfloat16_bfloat16_bm64_bn64_bk16_wm2_wn2_has_batch_n_use_out_source_n_do_axpby_n_align_M_t_align_N_t_align_K_t|steel_gemm_splitk_nt_bfloat16_float32_bm32_bn32_bk16_wm2_wn2_MN_taligned_K_taligned|steel_gemm_splitk_accum_bfloat16_float32|custom_kernel_laguna_prefill_sliding_qk_norm_rope_bf16_128_h1_v2_bfloat16_t_bfloat16_t_bfloat16_t_bfloat16_t_float_int32_tc_bfloat16_t_bfloat16_t|steel_attention_bfloat16_bq32_bk16_bd128_wm4_wn1_maskbfloat16_align_Q_t_align_K_t_has_mask_n_do_causal_t_has_sinks_n|Cf4IAsTypeADf4IBroadcastCBEf4IBroadcastBCFf4ILogAddExpDEGV2OAsTypeF_VC_V2_10408321403207385874_contiguous|g2_Multiplybfloat16|steel_gemm_fused_nt_bfloat16_bfloat16_bm64_bn64_bk16_wm2_wn2_has_batch_n_use_out_source_n_do_axpby_n_align_M_t_align_N_t_align_K_t|custom_kernel_laguna_residual_rms_bf16_2048_v1_bfloat16_t_bfloat16_t_bfloat16_t_bfloat16_t_bfloat16_t|steel_gemm_splitk_nt_bfloat16_float32_bm32_bn32_bk16_wm2_wn2_MN_taligned_K_taligned|steel_gemm_splitk_accum_bfloat16_float32|custom_kernel_laguna_prefill_router_tournament_ordinal_norm_v1_bfloat16_t_float_uint32_t_float|custom_kernel_mlx_lm_route_csort_scatter_fused_m8_u32_v4_uint32_t_uint32_t_uint32_t_uint32_t|gather_frontbfloat16_uint32_int_2|arangeuint32|nvfp4_gather_qmm_rhs_nt_bfloat16_t_gs_16_b_4_bm_16_bn_32_bk_32_wm_1_wn_2_align_M_t_align_N_t_align_K_t|nvfp4_qmm_t_splitk_fused_bfloat16_t_gs_16_b_4_alN_true|nvfp4_qmm_t_splitk_fused_bfloat16_t_gs_16_b_4_alN_true|g2_copybfloat16bfloat16|g2_copybfloat16bfloat16|CV2ISigmoidADV2IBroadcastACEV2IBroadcastCAFV2IMultiplyDEGV2IBroadcastFBHV2IBroadcastBFIV2OMultiplyGH_VV_V2V2_11160318154034397263_contiguous|arangeuint32|CV2ISigmoidADV2IBroadcastACEV2IBroadcastCAFV2IMultiplyDEGV2IBroadcastFBHV2IBroadcastBFIV2OMultiplyGH_VV_V2V2_11160318154034397263_contiguous|nvfp4_qmm_t_bfloat16_t_gs_16_b_4_alN_true_batch_0|nvfp4_gather_qmm_rhs_nt_bfloat16_t_gs_16_b_4_bm_16_bn_32_bk_32_wm_1_wn_2_align_M_t_align_N_t_align_K_t
GPUPROF 74339.584689917 74339.584769750 1 23101440 custom_kernel_laguna_prefill_sorted_moe_tail_bf16_v1_bfloat16_t_uint32_t_float_bfloat16_t_bfloat16_t_bfloat16_t
GPUPROF 74339.584770500 74339.599228375 30 636347908 rmsbfloat16|steel_gemm_splitk_nt_bfloat16_float32_bm32_bn32_bk16_wm2_wn2_MN_taligned_K_taligned|steel_gemm_splitk_accum_bfloat16_float32|steel_gemm_splitk_nt_bfloat16_float32_bm32_bn32_bk16_wm2_wn2_MN_taligned_K_taligned|steel_gemm_splitk_accum_bfloat16_float32|steel_gemm_fused_nt_bfloat16_bfloat16_bm64_bn64_bk16_wm2_wn2_has_batch_n_use_out_source_n_do_axpby_n_align_M_t_align_N_t_align_K_t|steel_gemm_splitk_nt_bfloat16_float32_bm32_bn32_bk16_wm2_wn2_MN_taligned_K_taligned|steel_gemm_splitk_accum_bfloat16_float32|custom_kernel_laguna_prefill_sliding_qk_norm_rope_bf16_128_h1_v2_bfloat16_t_bfloat16_t_bfloat16_t_bfloat16_t_float_int32_tc_bfloat16_t_bfloat16_t|steel_attention_bfloat16_bq32_bk16_bd128_wm4_wn1_maskbfloat16_align_Q_t_align_K_t_has_mask_n_do_causal_t_has_sinks_n|Cf4IAsTypeADf4IBroadcastCBEf4IBroadcastBCFf4ILogAddExpDEGV2OAsTypeF_VC_V2_10408321403207385874_contiguous|g2_Multiplybfloat16|steel_gemm_fused_nt_bfloat16_bfloat16_bm64_bn64_bk16_wm2_wn2_has_batch_n_use_out_source_n_do_axpby_n_align_M_t_align_N_t_align_K_t|custom_kernel_laguna_residual_rms_bf16_2048_v1_bfloat16_t_bfloat16_t_bfloat16_t_bfloat16_t_bfloat16_t|steel_gemm_splitk_nt_bfloat16_float32_bm32_bn32_bk16_wm2_wn2_MN_taligned_K_taligned|steel_gemm_splitk_accum_bfloat16_float32|custom_kernel_laguna_prefill_router_tournament_ordinal_norm_v1_bfloat16_t_float_uint32_t_float|custom_kernel_mlx_lm_route_csort_scatter_fused_m8_u32_v4_uint32_t_uint32_t_uint32_t_uint32_t|gather_frontbfloat16_uint32_int_2|arangeuint32|nvfp4_gather_qmm_rhs_nt_bfloat16_t_gs_16_b_4_bm_16_bn_32_bk_32_wm_1_wn_2_align_M_t_align_N_t_align_K_t|nvfp4_qmm_t_splitk_fused_bfloat16_t_gs_16_b_4_alN_true|nvfp4_qmm_t_splitk_fused_bfloat16_t_gs_16_b_4_alN_true|g2_copybfloat16bfloat16|g2_copybfloat16bfloat16|CV2ISigmoidADV2IBroadcastACEV2IBroadcastCAFV2IMultiplyDEGV2IBroadcastFBHV2IBroadcastBFIV2OMultiplyGH_VV_V2V2_11160318154034397263_contiguous|arangeuint32|CV2ISigmoidADV2IBroadcastACEV2IBroadcastCAFV2IMultiplyDEGV2IBroadcastFBHV2IBroadcastBFIV2OMultiplyGH_VV_V2V2_11160318154034397263_contiguous|nvfp4_qmm_t_bfloat16_t_gs_16_b_4_alN_true_batch_0|nvfp4_gather_qmm_rhs_nt_bfloat16_t_gs_16_b_4_bm_16_bn_32_bk_32_wm_1_wn_2_align_M_t_align_N_t_align_K_t
GPUPROF 74339.599244000 74339.599322375 1 23101440 custom_kernel_laguna_prefill_sorted_moe_tail_bf16_v1_bfloat16_t_uint32_t_float_bfloat16_t_bfloat16_t_bfloat16_t
GPUPROF 74339.599323125 74339.613678000 30 636347908 rmsbfloat16|steel_gemm_splitk_nt_bfloat16_float32_bm32_bn32_bk16_wm2_wn2_MN_taligned_K_taligned|steel_gemm_splitk_accum_bfloat16_float32|steel_gemm_splitk_nt_bfloat16_float32_bm32_bn32_bk16_wm2_wn2_MN_taligned_K_taligned|steel_gemm_splitk_accum_bfloat16_float32|steel_gemm_fused_nt_bfloat16_bfloat16_bm64_bn64_bk16_wm2_wn2_has_batch_n_use_out_source_n_do_axpby_n_align_M_t_align_N_t_align_K_t|steel_gemm_splitk_nt_bfloat16_float32_bm32_bn32_bk16_wm2_wn2_MN_taligned_K_taligned|steel_gemm_splitk_accum_bfloat16_float32|custom_kernel_laguna_prefill_sliding_qk_norm_rope_bf16_128_h1_v2_bfloat16_t_bfloat16_t_bfloat16_t_bfloat16_t_float_int32_tc_bfloat16_t_bfloat16_t|steel_attention_bfloat16_bq32_bk16_bd128_wm4_wn1_maskbfloat16_align_Q_t_align_K_t_has_mask_n_do_causal_t_has_sinks_n|Cf4IAsTypeADf4IBroadcastCBEf4IBroadcastBCFf4ILogAddExpDEGV2OAsTypeF_VC_V2_10408321403207385874_contiguous|g2_Multiplybfloat16|steel_gemm_fused_nt_bfloat16_bfloat16_bm64_bn64_bk16_wm2_wn2_has_batch_n_use_out_source_n_do_axpby_n_align_M_t_align_N_t_align_K_t|custom_kernel_laguna_residual_rms_bf16_2048_v1_bfloat16_t_bfloat16_t_bfloat16_t_bfloat16_t_bfloat16_t|steel_gemm_splitk_nt_bfloat16_float32_bm32_bn32_bk16_wm2_wn2_MN_taligned_K_taligned|steel_gemm_splitk_accum_bfloat16_float32|custom_kernel_laguna_prefill_router_tournament_ordinal_norm_v1_bfloat16_t_float_uint32_t_float|custom_kernel_mlx_lm_route_csort_scatter_fused_m8_u32_v4_uint32_t_uint32_t_uint32_t_uint32_t|gather_frontbfloat16_uint32_int_2|arangeuint32|nvfp4_gather_qmm_rhs_nt_bfloat16_t_gs_16_b_4_bm_16_bn_32_bk_32_wm_1_wn_2_align_M_t_align_N_t_align_K_t|nvfp4_qmm_t_splitk_fused_bfloat16_t_gs_16_b_4_alN_true|nvfp4_qmm_t_splitk_fused_bfloat16_t_gs_16_b_4_alN_true|g2_copybfloat16bfloat16|g2_copybfloat16bfloat16|CV2ISigmoidADV2IBroadcastACEV2IBroadcastCAFV2IMultiplyDEGV2IBroadcastFBHV2IBroadcastBFIV2OMultiplyGH_VV_V2V2_11160318154034397263_contiguous|arangeuint32|CV2ISigmoidADV2IBroadcastACEV2IBroadcastCAFV2IMultiplyDEGV2IBroadcastFBHV2IBroadcastBFIV2OMultiplyGH_VV_V2V2_11160318154034397263_contiguous|nvfp4_qmm_t_bfloat16_t_gs_16_b_4_alN_true_batch_0|nvfp4_gather_qmm_rhs_nt_bfloat16_t_gs_16_b_4_bm_16_bn_32_bk_32_wm_1_wn_2_align_M_t_align_N_t_align_K_t
GPUPROF 74339.613678792 74339.613755500 1 23101440 custom_kernel_laguna_prefill_sorted_moe_tail_bf16_v1_bfloat16_t_uint32_t_float_bfloat16_t_bfloat16_t_bfloat16_t
GPUPROF 74339.613756292 74339.626788750 30 612017668 rmsbfloat16|steel_gemm_splitk_nt_bfloat16_float32_bm32_bn32_bk16_wm2_wn2_MN_taligned_K_taligned|steel_gemm_splitk_accum_bfloat16_float32|steel_gemm_splitk_nt_bfloat16_float32_bm32_bn32_bk16_wm2_wn2_MN_taligned_K_taligned|steel_gemm_splitk_accum_bfloat16_float32|steel_gemm_fused_nt_bfloat16_bfloat16_bm64_bn64_bk16_wm2_wn2_has_batch_n_use_out_source_n_do_axpby_n_align_M_t_align_N_t_align_K_t|steel_gemm_splitk_nt_bfloat16_float32_bm32_bn32_bk16_wm2_wn2_MN_naligned_K_taligned|steel_gemm_splitk_accum_bfloat16_float32|custom_kernel_laguna_prefill_full_qk_norm_yarn_bf16_128_h1_v2_bfloat16_t_bfloat16_t_bfloat16_t_bfloat16_t_float_int32_tc_bfloat16_t_bfloat16_t|steel_attention_bfloat16_bq32_bk16_bd128_wm4_wn1_maskbfloat16_align_Q_t_align_K_t_has_mask_n_do_causal_t_has_sinks_n|Cf4IAsTypeADf4IBroadcastCBEf4IBroadcastBCFf4ILogAddExpDEGV2OAsTypeF_VC_V2_10408321403207385874_contiguous|g2_Multiplybfloat16|steel_gemm_fused_nt_bfloat16_bfloat16_bm64_bn64_bk16_wm2_wn2_has_batch_n_use_out_source_n_do_axpby_n_align_M_t_align_N_t_align_K_t|custom_kernel_laguna_residual_rms_bf16_2048_v1_bfloat16_t_bfloat16_t_bfloat16_t_bfloat16_t_bfloat16_t|steel_gemm_splitk_nt_bfloat16_float32_bm32_bn32_bk16_wm2_wn2_MN_taligned_K_taligned|steel_gemm_splitk_accum_bfloat16_float32|custom_kernel_laguna_prefill_router_tournament_ordinal_norm_v1_bfloat16_t_float_uint32_t_float|custom_kernel_mlx_lm_route_csort_scatter_fused_m8_u32_v4_uint32_t_uint32_t_uint32_t_uint32_t|gather_frontbfloat16_uint32_int_2|arangeuint32|nvfp4_gather_qmm_rhs_nt_bfloat16_t_gs_16_b_4_bm_16_bn_32_bk_32_wm_1_wn_2_align_M_t_align_N_t_align_K_t|nvfp4_qmm_t_splitk_fused_bfloat16_t_gs_16_b_4_alN_true|nvfp4_qmm_t_splitk_fused_bfloat16_t_gs_16_b_4_alN_true|g2_copybfloat16bfloat16|g2_copybfloat16bfloat16|CV2ISigmoidADV2IBroadcastACEV2IBroadcastCAFV2IMultiplyDEGV2IBroadcastFBHV2IBroadcastBFIV2OMultiplyGH_VV_V2V2_11160318154034397263_contiguous|arangeuint32|CV2ISigmoidADV2IBroadcastACEV2IBroadcastCAFV2IMultiplyDEGV2IBroadcastFBHV2IBroadcastBFIV2OMultiplyGH_VV_V2V2_11160318154034397263_contiguous|nvfp4_qmm_t_bfloat16_t_gs_16_b_4_alN_true_batch_0|nvfp4_gather_qmm_rhs_nt_bfloat16_t_gs_16_b_4_bm_16_bn_32_bk_32_wm_1_wn_2_align_M_t_align_N_t_align_K_t
GPUPROF 74339.626803667 74339.626880750 1 23101440 custom_kernel_laguna_prefill_sorted_moe_tail_bf16_v1_bfloat16_t_uint32_t_float_bfloat16_t_bfloat16_t_bfloat16_t
GPUPROF 74339.626881500 74339.641168375 30 636347908 rmsbfloat16|steel_gemm_splitk_nt_bfloat16_float32_bm32_bn32_bk16_wm2_wn2_MN_taligned_K_taligned|steel_gemm_splitk_accum_bfloat16_float32|steel_gemm_splitk_nt_bfloat16_float32_bm32_bn32_bk16_wm2_wn2_MN_taligned_K_taligned|steel_gemm_splitk_accum_bfloat16_float32|steel_gemm_fused_nt_bfloat16_bfloat16_bm64_bn64_bk16_wm2_wn2_has_batch_n_use_out_source_n_do_axpby_n_align_M_t_align_N_t_align_K_t|steel_gemm_splitk_nt_bfloat16_float32_bm32_bn32_bk16_wm2_wn2_MN_taligned_K_taligned|steel_gemm_splitk_accum_bfloat16_float32|custom_kernel_laguna_prefill_sliding_qk_norm_rope_bf16_128_h1_v2_bfloat16_t_bfloat16_t_bfloat16_t_bfloat16_t_float_int32_tc_bfloat16_t_bfloat16_t|steel_attention_bfloat16_bq32_bk16_bd128_wm4_wn1_maskbfloat16_align_Q_t_align_K_t_has_mask_n_do_causal_t_has_sinks_n|Cf4IAsTypeADf4IBroadcastCBEf4IBroadcastBCFf4ILogAddExpDEGV2OAsTypeF_VC_V2_10408321403207385874_contiguous|g2_Multiplybfloat16|steel_gemm_fused_nt_bfloat16_bfloat16_bm64_bn64_bk16_wm2_wn2_has_batch_n_use_out_source_n_do_axpby_n_align_M_t_align_N_t_align_K_t|custom_kernel_laguna_residual_rms_bf16_2048_v1_bfloat16_t_bfloat16_t_bfloat16_t_bfloat16_t_bfloat16_t|steel_gemm_splitk_nt_bfloat16_float32_bm32_bn32_bk16_wm2_wn2_MN_taligned_K_taligned|steel_gemm_splitk_accum_bfloat16_float32|custom_kernel_laguna_prefill_router_tournament_ordinal_norm_v1_bfloat16_t_float_uint32_t_float|custom_kernel_mlx_lm_route_csort_scatter_fused_m8_u32_v4_uint32_t_uint32_t_uint32_t_uint32_t|gather_frontbfloat16_uint32_int_2|arangeuint32|nvfp4_gather_qmm_rhs_nt_bfloat16_t_gs_16_b_4_bm_16_bn_32_bk_32_wm_1_wn_2_align_M_t_align_N_t_align_K_t|nvfp4_qmm_t_splitk_fused_bfloat16_t_gs_16_b_4_alN_true|nvfp4_qmm_t_splitk_fused_bfloat16_t_gs_16_b_4_alN_true|g2_copybfloat16bfloat16|g2_copybfloat16bfloat16|CV2ISigmoidADV2IBroadcastACEV2IBroadcastCAFV2IMultiplyDEGV2IBroadcastFBHV2IBroadcastBFIV2OMultiplyGH_VV_V2V2_11160318154034397263_contiguous|arangeuint32|CV2ISigmoidADV2IBroadcastACEV2IBroadcastCAFV2IMultiplyDEGV2IBroadcastFBHV2IBroadcastBFIV2OMultiplyGH_VV_V2V2_11160318154034397263_contiguous|nvfp4_qmm_t_bfloat16_t_gs_16_b_4_alN_true_batch_0|nvfp4_gather_qmm_rhs_nt_bfloat16_t_gs_16_b_4_bm_16_bn_32_bk_32_wm_1_wn_2_align_M_t_align_N_t_align_K_t
GPUPROF 74339.641169250 74339.641245417 1 23101440 custom_kernel_laguna_prefill_sorted_moe_tail_bf16_v1_bfloat16_t_uint32_t_float_bfloat16_t_bfloat16_t_bfloat16_t
GPUPROF 74339.641246167 74339.655466000 30 636347908 rmsbfloat16|steel_gemm_splitk_nt_bfloat16_float32_bm32_bn32_bk16_wm2_wn2_MN_taligned_K_taligned|steel_gemm_splitk_accum_bfloat16_float32|steel_gemm_splitk_nt_bfloat16_float32_bm32_bn32_bk16_wm2_wn2_MN_taligned_K_taligned|steel_gemm_splitk_accum_bfloat16_float32|steel_gemm_fused_nt_bfloat16_bfloat16_bm64_bn64_bk16_wm2_wn2_has_batch_n_use_out_source_n_do_axpby_n_align_M_t_align_N_t_align_K_t|steel_gemm_splitk_nt_bfloat16_float32_bm32_bn32_bk16_wm2_wn2_MN_taligned_K_taligned|steel_gemm_splitk_accum_bfloat16_float32|custom_kernel_laguna_prefill_sliding_qk_norm_rope_bf16_128_h1_v2_bfloat16_t_bfloat16_t_bfloat16_t_bfloat16_t_float_int32_tc_bfloat16_t_bfloat16_t|steel_attention_bfloat16_bq32_bk16_bd128_wm4_wn1_maskbfloat16_align_Q_t_align_K_t_has_mask_n_do_causal_t_has_sinks_n|Cf4IAsTypeADf4IBroadcastCBEf4IBroadcastBCFf4ILogAddExpDEGV2OAsTypeF_VC_V2_10408321403207385874_contiguous|g2_Multiplybfloat16|steel_gemm_fused_nt_bfloat16_bfloat16_bm64_bn64_bk16_wm2_wn2_has_batch_n_use_out_source_n_do_axpby_n_align_M_t_align_N_t_align_K_t|custom_kernel_laguna_residual_rms_bf16_2048_v1_bfloat16_t_bfloat16_t_bfloat16_t_bfloat16_t_bfloat16_t|steel_gemm_splitk_nt_bfloat16_float32_bm32_bn32_bk16_wm2_wn2_MN_taligned_K_taligned|steel_gemm_splitk_accum_bfloat16_float32|custom_kernel_laguna_prefill_router_tournament_ordinal_norm_v1_bfloat16_t_float_uint32_t_float|custom_kernel_mlx_lm_route_csort_scatter_fused_m8_u32_v4_uint32_t_uint32_t_uint32_t_uint32_t|gather_frontbfloat16_uint32_int_2|arangeuint32|nvfp4_gather_qmm_rhs_nt_bfloat16_t_gs_16_b_4_bm_16_bn_32_bk_32_wm_1_wn_2_align_M_t_align_N_t_align_K_t|nvfp4_qmm_t_splitk_fused_bfloat16_t_gs_16_b_4_alN_true|nvfp4_qmm_t_splitk_fused_bfloat16_t_gs_16_b_4_alN_true|g2_copybfloat16bfloat16|g2_copybfloat16bfloat16|CV2ISigmoidADV2IBroadcastACEV2IBroadcastCAFV2IMultiplyDEGV2IBroadcastFBHV2IBroadcastBFIV2OMultiplyGH_VV_V2V2_11160318154034397263_contiguous|arangeuint32|CV2ISigmoidADV2IBroadcastACEV2IBroadcastCAFV2IMultiplyDEGV2IBroadcastFBHV2IBroadcastBFIV2OMultiplyGH_VV_V2V2_11160318154034397263_contiguous|nvfp4_qmm_t_bfloat16_t_gs_16_b_4_alN_true_batch_0|nvfp4_gather_qmm_rhs_nt_bfloat16_t_gs_16_b_4_bm_16_bn_32_bk_32_wm_1_wn_2_align_M_t_align_N_t_align_K_t
GPUPROF 74339.655466750 74339.655543875 1 23101440 custom_kernel_laguna_prefill_sorted_moe_tail_bf16_v1_bfloat16_t_uint32_t_float_bfloat16_t_bfloat16_t_bfloat16_t
GPUPROF 74339.655544625 74339.669683750 30 636347908 rmsbfloat16|steel_gemm_splitk_nt_bfloat16_float32_bm32_bn32_bk16_wm2_wn2_MN_taligned_K_taligned|steel_gemm_splitk_accum_bfloat16_float32|steel_gemm_splitk_nt_bfloat16_float32_bm32_bn32_bk16_wm2_wn2_MN_taligned_K_taligned|steel_gemm_splitk_accum_bfloat16_float32|steel_gemm_fused_nt_bfloat16_bfloat16_bm64_bn64_bk16_wm2_wn2_has_batch_n_use_out_source_n_do_axpby_n_align_M_t_align_N_t_align_K_t|steel_gemm_splitk_nt_bfloat16_float32_bm32_bn32_bk16_wm2_wn2_MN_taligned_K_taligned|steel_gemm_splitk_accum_bfloat16_float32|custom_kernel_laguna_prefill_sliding_qk_norm_rope_bf16_128_h1_v2_bfloat16_t_bfloat16_t_bfloat16_t_bfloat16_t_float_int32_tc_bfloat16_t_bfloat16_t|steel_attention_bfloat16_bq32_bk16_bd128_wm4_wn1_maskbfloat16_align_Q_t_align_K_t_has_mask_n_do_causal_t_has_sinks_n|Cf4IAsTypeADf4IBroadcastCBEf4IBroadcastBCFf4ILogAddExpDEGV2OAsTypeF_VC_V2_10408321403207385874_contiguous|g2_Multiplybfloat16|steel_gemm_fused_nt_bfloat16_bfloat16_bm64_bn64_bk16_wm2_wn2_has_batch_n_use_out_source_n_do_axpby_n_align_M_t_align_N_t_align_K_t|custom_kernel_laguna_residual_rms_bf16_2048_v1_bfloat16_t_bfloat16_t_bfloat16_t_bfloat16_t_bfloat16_t|steel_gemm_splitk_nt_bfloat16_float32_bm32_bn32_bk16_wm2_wn2_MN_taligned_K_taligned|steel_gemm_splitk_accum_bfloat16_float32|custom_kernel_laguna_prefill_router_tournament_ordinal_norm_v1_bfloat16_t_float_uint32_t_float|custom_kernel_mlx_lm_route_csort_scatter_fused_m8_u32_v4_uint32_t_uint32_t_uint32_t_uint32_t|gather_frontbfloat16_uint32_int_2|arangeuint32|nvfp4_gather_qmm_rhs_nt_bfloat16_t_gs_16_b_4_bm_16_bn_32_bk_32_wm_1_wn_2_align_M_t_align_N_t_align_K_t|nvfp4_qmm_t_splitk_fused_bfloat16_t_gs_16_b_4_alN_true|nvfp4_qmm_t_splitk_fused_bfloat16_t_gs_16_b_4_alN_true|g2_copybfloat16bfloat16|g2_copybfloat16bfloat16|CV2ISigmoidADV2IBroadcastACEV2IBroadcastCAFV2IMultiplyDEGV2IBroadcastFBHV2IBroadcastBFIV2OMultiplyGH_VV_V2V2_11160318154034397263_contiguous|arangeuint32|CV2ISigmoidADV2IBroadcastACEV2IBroadcastCAFV2IMultiplyDEGV2IBroadcastFBHV2IBroadcastBFIV2OMultiplyGH_VV_V2V2_11160318154034397263_contiguous|nvfp4_qmm_t_bfloat16_t_gs_16_b_4_alN_true_batch_0|nvfp4_gather_qmm_rhs_nt_bfloat16_t_gs_16_b_4_bm_16_bn_32_bk_32_wm_1_wn_2_align_M_t_align_N_t_align_K_t
GPUPROF 74339.669684542 74339.669762000 1 23101440 custom_kernel_laguna_prefill_sorted_moe_tail_bf16_v1_bfloat16_t_uint32_t_float_bfloat16_t_bfloat16_t_bfloat16_t
GPUPROF 74339.669762750 74339.682415875 30 612017668 rmsbfloat16|steel_gemm_splitk_nt_bfloat16_float32_bm32_bn32_bk16_wm2_wn2_MN_taligned_K_taligned|steel_gemm_splitk_accum_bfloat16_float32|steel_gemm_splitk_nt_bfloat16_float32_bm32_bn32_bk16_wm2_wn2_MN_taligned_K_taligned|steel_gemm_splitk_accum_bfloat16_float32|steel_gemm_fused_nt_bfloat16_bfloat16_bm64_bn64_bk16_wm2_wn2_has_batch_n_use_out_source_n_do_axpby_n_align_M_t_align_N_t_align_K_t|steel_gemm_splitk_nt_bfloat16_float32_bm32_bn32_bk16_wm2_wn2_MN_naligned_K_taligned|steel_gemm_splitk_accum_bfloat16_float32|custom_kernel_laguna_prefill_full_qk_norm_yarn_bf16_128_h1_v2_bfloat16_t_bfloat16_t_bfloat16_t_bfloat16_t_float_int32_tc_bfloat16_t_bfloat16_t|steel_attention_bfloat16_bq32_bk16_bd128_wm4_wn1_maskbfloat16_align_Q_t_align_K_t_has_mask_n_do_causal_t_has_sinks_n|Cf4IAsTypeADf4IBroadcastCBEf4IBroadcastBCFf4ILogAddExpDEGV2OAsTypeF_VC_V2_10408321403207385874_contiguous|g2_Multiplybfloat16|steel_gemm_fused_nt_bfloat16_bfloat16_bm64_bn64_bk16_wm2_wn2_has_batch_n_use_out_source_n_do_axpby_n_align_M_t_align_N_t_align_K_t|custom_kernel_laguna_residual_rms_bf16_2048_v1_bfloat16_t_bfloat16_t_bfloat16_t_bfloat16_t_bfloat16_t|steel_gemm_splitk_nt_bfloat16_float32_bm32_bn32_bk16_wm2_wn2_MN_taligned_K_taligned|steel_gemm_splitk_accum_bfloat16_float32|custom_kernel_laguna_prefill_router_tournament_ordinal_norm_v1_bfloat16_t_float_uint32_t_float|custom_kernel_mlx_lm_route_csort_scatter_fused_m8_u32_v4_uint32_t_uint32_t_uint32_t_uint32_t|gather_frontbfloat16_uint32_int_2|arangeuint32|nvfp4_gather_qmm_rhs_nt_bfloat16_t_gs_16_b_4_bm_16_bn_32_bk_32_wm_1_wn_2_align_M_t_align_N_t_align_K_t|nvfp4_qmm_t_splitk_fused_bfloat16_t_gs_16_b_4_alN_true|nvfp4_qmm_t_splitk_fused_bfloat16_t_gs_16_b_4_alN_true|g2_copybfloat16bfloat16|g2_copybfloat16bfloat16|CV2ISigmoidADV2IBroadcastACEV2IBroadcastCAFV2IMultiplyDEGV2IBroadcastFBHV2IBroadcastBFIV2OMultiplyGH_VV_V2V2_11160318154034397263_contiguous|arangeuint32|CV2ISigmoidADV2IBroadcastACEV2IBroadcastCAFV2IMultiplyDEGV2IBroadcastFBHV2IBroadcastBFIV2OMultiplyGH_VV_V2V2_11160318154034397263_contiguous|nvfp4_qmm_t_bfloat16_t_gs_16_b_4_alN_true_batch_0|nvfp4_gather_qmm_rhs_nt_bfloat16_t_gs_16_b_4_bm_16_bn_32_bk_32_wm_1_wn_2_align_M_t_align_N_t_align_K_t
GPUPROF 74339.682416667 74339.682493375 1 23101440 custom_kernel_laguna_prefill_sorted_moe_tail_bf16_v1_bfloat16_t_uint32_t_float_bfloat16_t_bfloat16_t_bfloat16_t
GPUPROF 74339.682494125 74339.696446375 30 636347908 rmsbfloat16|steel_gemm_splitk_nt_bfloat16_float32_bm32_bn32_bk16_wm2_wn2_MN_taligned_K_taligned|steel_gemm_splitk_accum_bfloat16_float32|steel_gemm_splitk_nt_bfloat16_float32_bm32_bn32_bk16_wm2_wn2_MN_taligned_K_taligned|steel_gemm_splitk_accum_bfloat16_float32|steel_gemm_fused_nt_bfloat16_bfloat16_bm64_bn64_bk16_wm2_wn2_has_batch_n_use_out_source_n_do_axpby_n_align_M_t_align_N_t_align_K_t|steel_gemm_splitk_nt_bfloat16_float32_bm32_bn32_bk16_wm2_wn2_MN_taligned_K_taligned|steel_gemm_splitk_accum_bfloat16_float32|custom_kernel_laguna_prefill_sliding_qk_norm_rope_bf16_128_h1_v2_bfloat16_t_bfloat16_t_bfloat16_t_bfloat16_t_float_int32_tc_bfloat16_t_bfloat16_t|steel_attention_bfloat16_bq32_bk16_bd128_wm4_wn1_maskbfloat16_align_Q_t_align_K_t_has_mask_n_do_causal_t_has_sinks_n|Cf4IAsTypeADf4IBroadcastCBEf4IBroadcastBCFf4ILogAddExpDEGV2OAsTypeF_VC_V2_10408321403207385874_contiguous|g2_Multiplybfloat16|steel_gemm_fused_nt_bfloat16_bfloat16_bm64_bn64_bk16_wm2_wn2_has_batch_n_use_out_source_n_do_axpby_n_align_M_t_align_N_t_align_K_t|custom_kernel_laguna_residual_rms_bf16_2048_v1_bfloat16_t_bfloat16_t_bfloat16_t_bfloat16_t_bfloat16_t|steel_gemm_splitk_nt_bfloat16_float32_bm32_bn32_bk16_wm2_wn2_MN_taligned_K_taligned|steel_gemm_splitk_accum_bfloat16_float32|custom_kernel_laguna_prefill_router_tournament_ordinal_norm_v1_bfloat16_t_float_uint32_t_float|custom_kernel_mlx_lm_route_csort_scatter_fused_m8_u32_v4_uint32_t_uint32_t_uint32_t_uint32_t|gather_frontbfloat16_uint32_int_2|arangeuint32|nvfp4_gather_qmm_rhs_nt_bfloat16_t_gs_16_b_4_bm_16_bn_32_bk_32_wm_1_wn_2_align_M_t_align_N_t_align_K_t|nvfp4_qmm_t_splitk_fused_bfloat16_t_gs_16_b_4_alN_true|nvfp4_qmm_t_splitk_fused_bfloat16_t_gs_16_b_4_alN_true|g2_copybfloat16bfloat16|g2_copybfloat16bfloat16|CV2ISigmoidADV2IBroadcastACEV2IBroadcastCAFV2IMultiplyDEGV2IBroadcastFBHV2IBroadcastBFIV2OMultiplyGH_VV_V2V2_11160318154034397263_contiguous|arangeuint32|CV2ISigmoidADV2IBroadcastACEV2IBroadcastCAFV2IMultiplyDEGV2IBroadcastFBHV2IBroadcastBFIV2OMultiplyGH_VV_V2V2_11160318154034397263_contiguous|nvfp4_qmm_t_bfloat16_t_gs_16_b_4_alN_true_batch_0|nvfp4_gather_qmm_rhs_nt_bfloat16_t_gs_16_b_4_bm_16_bn_32_bk_32_wm_1_wn_2_align_M_t_align_N_t_align_K_t
GPUPROF 74339.696447042 74339.696525500 1 23101440 custom_kernel_laguna_prefill_sorted_moe_tail_bf16_v1_bfloat16_t_uint32_t_float_bfloat16_t_bfloat16_t_bfloat16_t
GPUPROF 74339.696526250 74339.710634375 30 636347908 rmsbfloat16|steel_gemm_splitk_nt_bfloat16_float32_bm32_bn32_bk16_wm2_wn2_MN_taligned_K_taligned|steel_gemm_splitk_accum_bfloat16_float32|steel_gemm_splitk_nt_bfloat16_float32_bm32_bn32_bk16_wm2_wn2_MN_taligned_K_taligned|steel_gemm_splitk_accum_bfloat16_float32|steel_gemm_fused_nt_bfloat16_bfloat16_bm64_bn64_bk16_wm2_wn2_has_batch_n_use_out_source_n_do_axpby_n_align_M_t_align_N_t_align_K_t|steel_gemm_splitk_nt_bfloat16_float32_bm32_bn32_bk16_wm2_wn2_MN_taligned_K_taligned|steel_gemm_splitk_accum_bfloat16_float32|custom_kernel_laguna_prefill_sliding_qk_norm_rope_bf16_128_h1_v2_bfloat16_t_bfloat16_t_bfloat16_t_bfloat16_t_float_int32_tc_bfloat16_t_bfloat16_t|steel_attention_bfloat16_bq32_bk16_bd128_wm4_wn1_maskbfloat16_align_Q_t_align_K_t_has_mask_n_do_causal_t_has_sinks_n|Cf4IAsTypeADf4IBroadcastCBEf4IBroadcastBCFf4ILogAddExpDEGV2OAsTypeF_VC_V2_10408321403207385874_contiguous|g2_Multiplybfloat16|steel_gemm_fused_nt_bfloat16_bfloat16_bm64_bn64_bk16_wm2_wn2_has_batch_n_use_out_source_n_do_axpby_n_align_M_t_align_N_t_align_K_t|custom_kernel_laguna_residual_rms_bf16_2048_v1_bfloat16_t_bfloat16_t_bfloat16_t_bfloat16_t_bfloat16_t|steel_gemm_splitk_nt_bfloat16_float32_bm32_bn32_bk16_wm2_wn2_MN_taligned_K_taligned|steel_gemm_splitk_accum_bfloat16_float32|custom_kernel_laguna_prefill_router_tournament_ordinal_norm_v1_bfloat16_t_float_uint32_t_float|custom_kernel_mlx_lm_route_csort_scatter_fused_m8_u32_v4_uint32_t_uint32_t_uint32_t_uint32_t|gather_frontbfloat16_uint32_int_2|arangeuint32|nvfp4_gather_qmm_rhs_nt_bfloat16_t_gs_16_b_4_bm_16_bn_32_bk_32_wm_1_wn_2_align_M_t_align_N_t_align_K_t|nvfp4_qmm_t_splitk_fused_bfloat16_t_gs_16_b_4_alN_true|nvfp4_qmm_t_splitk_fused_bfloat16_t_gs_16_b_4_alN_true|g2_copybfloat16bfloat16|g2_copybfloat16bfloat16|CV2ISigmoidADV2IBroadcastACEV2IBroadcastCAFV2IMultiplyDEGV2IBroadcastFBHV2IBroadcastBFIV2OMultiplyGH_VV_V2V2_11160318154034397263_contiguous|arangeuint32|CV2ISigmoidADV2IBroadcastACEV2IBroadcastCAFV2IMultiplyDEGV2IBroadcastFBHV2IBroadcastBFIV2OMultiplyGH_VV_V2V2_11160318154034397263_contiguous|nvfp4_qmm_t_bfloat16_t_gs_16_b_4_alN_true_batch_0|nvfp4_gather_qmm_rhs_nt_bfloat16_t_gs_16_b_4_bm_16_bn_32_bk_32_wm_1_wn_2_align_M_t_align_N_t_align_K_t
GPUPROF 74339.710635292 74339.710715125 1 23101440 custom_kernel_laguna_prefill_sorted_moe_tail_bf16_v1_bfloat16_t_uint32_t_float_bfloat16_t_bfloat16_t_bfloat16_t
GPUPROF 74339.710715875 74339.724689000 30 636347908 rmsbfloat16|steel_gemm_splitk_nt_bfloat16_float32_bm32_bn32_bk16_wm2_wn2_MN_taligned_K_taligned|steel_gemm_splitk_accum_bfloat16_float32|steel_gemm_splitk_nt_bfloat16_float32_bm32_bn32_bk16_wm2_wn2_MN_taligned_K_taligned|steel_gemm_splitk_accum_bfloat16_float32|steel_gemm_fused_nt_bfloat16_bfloat16_bm64_bn64_bk16_wm2_wn2_has_batch_n_use_out_source_n_do_axpby_n_align_M_t_align_N_t_align_K_t|steel_gemm_splitk_nt_bfloat16_float32_bm32_bn32_bk16_wm2_wn2_MN_taligned_K_taligned|steel_gemm_splitk_accum_bfloat16_float32|custom_kernel_laguna_prefill_sliding_qk_norm_rope_bf16_128_h1_v2_bfloat16_t_bfloat16_t_bfloat16_t_bfloat16_t_float_int32_tc_bfloat16_t_bfloat16_t|steel_attention_bfloat16_bq32_bk16_bd128_wm4_wn1_maskbfloat16_align_Q_t_align_K_t_has_mask_n_do_causal_t_has_sinks_n|Cf4IAsTypeADf4IBroadcastCBEf4IBroadcastBCFf4ILogAddExpDEGV2OAsTypeF_VC_V2_10408321403207385874_contiguous|g2_Multiplybfloat16|steel_gemm_fused_nt_bfloat16_bfloat16_bm64_bn64_bk16_wm2_wn2_has_batch_n_use_out_source_n_do_axpby_n_align_M_t_align_N_t_align_K_t|custom_kernel_laguna_residual_rms_bf16_2048_v1_bfloat16_t_bfloat16_t_bfloat16_t_bfloat16_t_bfloat16_t|steel_gemm_splitk_nt_bfloat16_float32_bm32_bn32_bk16_wm2_wn2_MN_taligned_K_taligned|steel_gemm_splitk_accum_bfloat16_float32|custom_kernel_laguna_prefill_router_tournament_ordinal_norm_v1_bfloat16_t_float_uint32_t_float|custom_kernel_mlx_lm_route_csort_scatter_fused_m8_u32_v4_uint32_t_uint32_t_uint32_t_uint32_t|gather_frontbfloat16_uint32_int_2|arangeuint32|nvfp4_gather_qmm_rhs_nt_bfloat16_t_gs_16_b_4_bm_16_bn_32_bk_32_wm_1_wn_2_align_M_t_align_N_t_align_K_t|nvfp4_qmm_t_splitk_fused_bfloat16_t_gs_16_b_4_alN_true|nvfp4_qmm_t_splitk_fused_bfloat16_t_gs_16_b_4_alN_true|g2_copybfloat16bfloat16|g2_copybfloat16bfloat16|CV2ISigmoidADV2IBroadcastACEV2IBroadcastCAFV2IMultiplyDEGV2IBroadcastFBHV2IBroadcastBFIV2OMultiplyGH_VV_V2V2_11160318154034397263_contiguous|arangeuint32|CV2ISigmoidADV2IBroadcastACEV2IBroadcastCAFV2IMultiplyDEGV2IBroadcastFBHV2IBroadcastBFIV2OMultiplyGH_VV_V2V2_11160318154034397263_contiguous|nvfp4_qmm_t_bfloat16_t_gs_16_b_4_alN_true_batch_0|nvfp4_gather_qmm_rhs_nt_bfloat16_t_gs_16_b_4_bm_16_bn_32_bk_32_wm_1_wn_2_align_M_t_align_N_t_align_K_t
GPUPROF 74339.724689750 74339.724767875 1 23101440 custom_kernel_laguna_prefill_sorted_moe_tail_bf16_v1_bfloat16_t_uint32_t_float_bfloat16_t_bfloat16_t_bfloat16_t
GPUPROF 74339.724768667 74339.737266792 30 612017668 rmsbfloat16|steel_gemm_splitk_nt_bfloat16_float32_bm32_bn32_bk16_wm2_wn2_MN_taligned_K_taligned|steel_gemm_splitk_accum_bfloat16_float32|steel_gemm_splitk_nt_bfloat16_float32_bm32_bn32_bk16_wm2_wn2_MN_taligned_K_taligned|steel_gemm_splitk_accum_bfloat16_float32|steel_gemm_fused_nt_bfloat16_bfloat16_bm64_bn64_bk16_wm2_wn2_has_batch_n_use_out_source_n_do_axpby_n_align_M_t_align_N_t_align_K_t|steel_gemm_splitk_nt_bfloat16_float32_bm32_bn32_bk16_wm2_wn2_MN_naligned_K_taligned|steel_gemm_splitk_accum_bfloat16_float32|custom_kernel_laguna_prefill_full_qk_norm_yarn_bf16_128_h1_v2_bfloat16_t_bfloat16_t_bfloat16_t_bfloat16_t_float_int32_tc_bfloat16_t_bfloat16_t|steel_attention_bfloat16_bq32_bk16_bd128_wm4_wn1_maskbfloat16_align_Q_t_align_K_t_has_mask_n_do_causal_t_has_sinks_n|Cf4IAsTypeADf4IBroadcastCBEf4IBroadcastBCFf4ILogAddExpDEGV2OAsTypeF_VC_V2_10408321403207385874_contiguous|g2_Multiplybfloat16|steel_gemm_fused_nt_bfloat16_bfloat16_bm64_bn64_bk16_wm2_wn2_has_batch_n_use_out_source_n_do_axpby_n_align_M_t_align_N_t_align_K_t|custom_kernel_laguna_residual_rms_bf16_2048_v1_bfloat16_t_bfloat16_t_bfloat16_t_bfloat16_t_bfloat16_t|steel_gemm_splitk_nt_bfloat16_float32_bm32_bn32_bk16_wm2_wn2_MN_taligned_K_taligned|steel_gemm_splitk_accum_bfloat16_float32|custom_kernel_laguna_prefill_router_tournament_ordinal_norm_v1_bfloat16_t_float_uint32_t_float|custom_kernel_mlx_lm_route_csort_scatter_fused_m8_u32_v4_uint32_t_uint32_t_uint32_t_uint32_t|gather_frontbfloat16_uint32_int_2|arangeuint32|nvfp4_gather_qmm_rhs_nt_bfloat16_t_gs_16_b_4_bm_16_bn_32_bk_32_wm_1_wn_2_align_M_t_align_N_t_align_K_t|nvfp4_qmm_t_splitk_fused_bfloat16_t_gs_16_b_4_alN_true|nvfp4_qmm_t_splitk_fused_bfloat16_t_gs_16_b_4_alN_true|g2_copybfloat16bfloat16|g2_copybfloat16bfloat16|CV2ISigmoidADV2IBroadcastACEV2IBroadcastCAFV2IMultiplyDEGV2IBroadcastFBHV2IBroadcastBFIV2OMultiplyGH_VV_V2V2_11160318154034397263_contiguous|arangeuint32|CV2ISigmoidADV2IBroadcastACEV2IBroadcastCAFV2IMultiplyDEGV2IBroadcastFBHV2IBroadcastBFIV2OMultiplyGH_VV_V2V2_11160318154034397263_contiguous|nvfp4_qmm_t_bfloat16_t_gs_16_b_4_alN_true_batch_0|nvfp4_gather_qmm_rhs_nt_bfloat16_t_gs_16_b_4_bm_16_bn_32_bk_32_wm_1_wn_2_align_M_t_align_N_t_align_K_t
GPUPROF 74339.737267542 74339.737347125 1 23101440 custom_kernel_laguna_prefill_sorted_moe_tail_bf16_v1_bfloat16_t_uint32_t_float_bfloat16_t_bfloat16_t_bfloat16_t
GPUPROF 74339.737347917 74339.751019417 30 636347908 rmsbfloat16|steel_gemm_splitk_nt_bfloat16_float32_bm32_bn32_bk16_wm2_wn2_MN_taligned_K_taligned|steel_gemm_splitk_accum_bfloat16_float32|steel_gemm_splitk_nt_bfloat16_float32_bm32_bn32_bk16_wm2_wn2_MN_taligned_K_taligned|steel_gemm_splitk_accum_bfloat16_float32|steel_gemm_fused_nt_bfloat16_bfloat16_bm64_bn64_bk16_wm2_wn2_has_batch_n_use_out_source_n_do_axpby_n_align_M_t_align_N_t_align_K_t|steel_gemm_splitk_nt_bfloat16_float32_bm32_bn32_bk16_wm2_wn2_MN_taligned_K_taligned|steel_gemm_splitk_accum_bfloat16_float32|custom_kernel_laguna_prefill_sliding_qk_norm_rope_bf16_128_h1_v2_bfloat16_t_bfloat16_t_bfloat16_t_bfloat16_t_float_int32_tc_bfloat16_t_bfloat16_t|steel_attention_bfloat16_bq32_bk16_bd128_wm4_wn1_maskbfloat16_align_Q_t_align_K_t_has_mask_n_do_causal_t_has_sinks_n|Cf4IAsTypeADf4IBroadcastCBEf4IBroadcastBCFf4ILogAddExpDEGV2OAsTypeF_VC_V2_10408321403207385874_contiguous|g2_Multiplybfloat16|steel_gemm_fused_nt_bfloat16_bfloat16_bm64_bn64_bk16_wm2_wn2_has_batch_n_use_out_source_n_do_axpby_n_align_M_t_align_N_t_align_K_t|custom_kernel_laguna_residual_rms_bf16_2048_v1_bfloat16_t_bfloat16_t_bfloat16_t_bfloat16_t_bfloat16_t|steel_gemm_splitk_nt_bfloat16_float32_bm32_bn32_bk16_wm2_wn2_MN_taligned_K_taligned|steel_gemm_splitk_accum_bfloat16_float32|custom_kernel_laguna_prefill_router_tournament_ordinal_norm_v1_bfloat16_t_float_uint32_t_float|custom_kernel_mlx_lm_route_csort_scatter_fused_m8_u32_v4_uint32_t_uint32_t_uint32_t_uint32_t|gather_frontbfloat16_uint32_int_2|arangeuint32|nvfp4_gather_qmm_rhs_nt_bfloat16_t_gs_16_b_4_bm_16_bn_32_bk_32_wm_1_wn_2_align_M_t_align_N_t_align_K_t|nvfp4_qmm_t_splitk_fused_bfloat16_t_gs_16_b_4_alN_true|nvfp4_qmm_t_splitk_fused_bfloat16_t_gs_16_b_4_alN_true|g2_copybfloat16bfloat16|g2_copybfloat16bfloat16|CV2ISigmoidADV2IBroadcastACEV2IBroadcastCAFV2IMultiplyDEGV2IBroadcastFBHV2IBroadcastBFIV2OMultiplyGH_VV_V2V2_11160318154034397263_contiguous|arangeuint32|CV2ISigmoidADV2IBroadcastACEV2IBroadcastCAFV2IMultiplyDEGV2IBroadcastFBHV2IBroadcastBFIV2OMultiplyGH_VV_V2V2_11160318154034397263_contiguous|nvfp4_qmm_t_bfloat16_t_gs_16_b_4_alN_true_batch_0|nvfp4_gather_qmm_rhs_nt_bfloat16_t_gs_16_b_4_bm_16_bn_32_bk_32_wm_1_wn_2_align_M_t_align_N_t_align_K_t
GPUPROF 74339.751020167 74339.751097125 1 23101440 custom_kernel_laguna_prefill_sorted_moe_tail_bf16_v1_bfloat16_t_uint32_t_float_bfloat16_t_bfloat16_t_bfloat16_t
GPUPROF 74339.751097917 74339.764602417 30 636347908 rmsbfloat16|steel_gemm_splitk_nt_bfloat16_float32_bm32_bn32_bk16_wm2_wn2_MN_taligned_K_taligned|steel_gemm_splitk_accum_bfloat16_float32|steel_gemm_splitk_nt_bfloat16_float32_bm32_bn32_bk16_wm2_wn2_MN_taligned_K_taligned|steel_gemm_splitk_accum_bfloat16_float32|steel_gemm_fused_nt_bfloat16_bfloat16_bm64_bn64_bk16_wm2_wn2_has_batch_n_use_out_source_n_do_axpby_n_align_M_t_align_N_t_align_K_t|steel_gemm_splitk_nt_bfloat16_float32_bm32_bn32_bk16_wm2_wn2_MN_taligned_K_taligned|steel_gemm_splitk_accum_bfloat16_float32|custom_kernel_laguna_prefill_sliding_qk_norm_rope_bf16_128_h1_v2_bfloat16_t_bfloat16_t_bfloat16_t_bfloat16_t_float_int32_tc_bfloat16_t_bfloat16_t|steel_attention_bfloat16_bq32_bk16_bd128_wm4_wn1_maskbfloat16_align_Q_t_align_K_t_has_mask_n_do_causal_t_has_sinks_n|Cf4IAsTypeADf4IBroadcastCBEf4IBroadcastBCFf4ILogAddExpDEGV2OAsTypeF_VC_V2_10408321403207385874_contiguous|g2_Multiplybfloat16|steel_gemm_fused_nt_bfloat16_bfloat16_bm64_bn64_bk16_wm2_wn2_has_batch_n_use_out_source_n_do_axpby_n_align_M_t_align_N_t_align_K_t|custom_kernel_laguna_residual_rms_bf16_2048_v1_bfloat16_t_bfloat16_t_bfloat16_t_bfloat16_t_bfloat16_t|steel_gemm_splitk_nt_bfloat16_float32_bm32_bn32_bk16_wm2_wn2_MN_taligned_K_taligned|steel_gemm_splitk_accum_bfloat16_float32|custom_kernel_laguna_prefill_router_tournament_ordinal_norm_v1_bfloat16_t_float_uint32_t_float|custom_kernel_mlx_lm_route_csort_scatter_fused_m8_u32_v4_uint32_t_uint32_t_uint32_t_uint32_t|gather_frontbfloat16_uint32_int_2|arangeuint32|nvfp4_gather_qmm_rhs_nt_bfloat16_t_gs_16_b_4_bm_16_bn_32_bk_32_wm_1_wn_2_align_M_t_align_N_t_align_K_t|nvfp4_qmm_t_splitk_fused_bfloat16_t_gs_16_b_4_alN_true|nvfp4_qmm_t_splitk_fused_bfloat16_t_gs_16_b_4_alN_true|g2_copybfloat16bfloat16|g2_copybfloat16bfloat16|CV2ISigmoidADV2IBroadcastACEV2IBroadcastCAFV2IMultiplyDEGV2IBroadcastFBHV2IBroadcastBFIV2OMultiplyGH_VV_V2V2_11160318154034397263_contiguous|arangeuint32|CV2ISigmoidADV2IBroadcastACEV2IBroadcastCAFV2IMultiplyDEGV2IBroadcastFBHV2IBroadcastBFIV2OMultiplyGH_VV_V2V2_11160318154034397263_contiguous|nvfp4_qmm_t_bfloat16_t_gs_16_b_4_alN_true_batch_0|nvfp4_gather_qmm_rhs_nt_bfloat16_t_gs_16_b_4_bm_16_bn_32_bk_32_wm_1_wn_2_align_M_t_align_N_t_align_K_t
GPUPROF 74339.764603167 74339.764680625 1 23101440 custom_kernel_laguna_prefill_sorted_moe_tail_bf16_v1_bfloat16_t_uint32_t_float_bfloat16_t_bfloat16_t_bfloat16_t
GPUPROF 74339.764681625 74339.778040542 30 636347908 rmsbfloat16|steel_gemm_splitk_nt_bfloat16_float32_bm32_bn32_bk16_wm2_wn2_MN_taligned_K_taligned|steel_gemm_splitk_accum_bfloat16_float32|steel_gemm_splitk_nt_bfloat16_float32_bm32_bn32_bk16_wm2_wn2_MN_taligned_K_taligned|steel_gemm_splitk_accum_bfloat16_float32|steel_gemm_fused_nt_bfloat16_bfloat16_bm64_bn64_bk16_wm2_wn2_has_batch_n_use_out_source_n_do_axpby_n_align_M_t_align_N_t_align_K_t|steel_gemm_splitk_nt_bfloat16_float32_bm32_bn32_bk16_wm2_wn2_MN_taligned_K_taligned|steel_gemm_splitk_accum_bfloat16_float32|custom_kernel_laguna_prefill_sliding_qk_norm_rope_bf16_128_h1_v2_bfloat16_t_bfloat16_t_bfloat16_t_bfloat16_t_float_int32_tc_bfloat16_t_bfloat16_t|steel_attention_bfloat16_bq32_bk16_bd128_wm4_wn1_maskbfloat16_align_Q_t_align_K_t_has_mask_n_do_causal_t_has_sinks_n|Cf4IAsTypeADf4IBroadcastCBEf4IBroadcastBCFf4ILogAddExpDEGV2OAsTypeF_VC_V2_10408321403207385874_contiguous|g2_Multiplybfloat16|steel_gemm_fused_nt_bfloat16_bfloat16_bm64_bn64_bk16_wm2_wn2_has_batch_n_use_out_source_n_do_axpby_n_align_M_t_align_N_t_align_K_t|custom_kernel_laguna_residual_rms_bf16_2048_v1_bfloat16_t_bfloat16_t_bfloat16_t_bfloat16_t_bfloat16_t|steel_gemm_splitk_nt_bfloat16_float32_bm32_bn32_bk16_wm2_wn2_MN_taligned_K_taligned|steel_gemm_splitk_accum_bfloat16_float32|custom_kernel_laguna_prefill_router_tournament_ordinal_norm_v1_bfloat16_t_float_uint32_t_float|custom_kernel_mlx_lm_route_csort_scatter_fused_m8_u32_v4_uint32_t_uint32_t_uint32_t_uint32_t|gather_frontbfloat16_uint32_int_2|arangeuint32|nvfp4_gather_qmm_rhs_nt_bfloat16_t_gs_16_b_4_bm_16_bn_32_bk_32_wm_1_wn_2_align_M_t_align_N_t_align_K_t|nvfp4_qmm_t_splitk_fused_bfloat16_t_gs_16_b_4_alN_true|nvfp4_qmm_t_splitk_fused_bfloat16_t_gs_16_b_4_alN_true|g2_copybfloat16bfloat16|g2_copybfloat16bfloat16|CV2ISigmoidADV2IBroadcastACEV2IBroadcastCAFV2IMultiplyDEGV2IBroadcastFBHV2IBroadcastBFIV2OMultiplyGH_VV_V2V2_11160318154034397263_contiguous|arangeuint32|CV2ISigmoidADV2IBroadcastACEV2IBroadcastCAFV2IMultiplyDEGV2IBroadcastFBHV2IBroadcastBFIV2OMultiplyGH_VV_V2V2_11160318154034397263_contiguous|nvfp4_qmm_t_bfloat16_t_gs_16_b_4_alN_true_batch_0|nvfp4_gather_qmm_rhs_nt_bfloat16_t_gs_16_b_4_bm_16_bn_32_bk_32_wm_1_wn_2_align_M_t_align_N_t_align_K_t
GPUPROF 74339.778041250 74339.778119750 1 23101440 custom_kernel_laguna_prefill_sorted_moe_tail_bf16_v1_bfloat16_t_uint32_t_float_bfloat16_t_bfloat16_t_bfloat16_t
GPUPROF 74339.778120500 74339.790323917 30 612017668 rmsbfloat16|steel_gemm_splitk_nt_bfloat16_float32_bm32_bn32_bk16_wm2_wn2_MN_taligned_K_taligned|steel_gemm_splitk_accum_bfloat16_float32|steel_gemm_splitk_nt_bfloat16_float32_bm32_bn32_bk16_wm2_wn2_MN_taligned_K_taligned|steel_gemm_splitk_accum_bfloat16_float32|steel_gemm_fused_nt_bfloat16_bfloat16_bm64_bn64_bk16_wm2_wn2_has_batch_n_use_out_source_n_do_axpby_n_align_M_t_align_N_t_align_K_t|steel_gemm_splitk_nt_bfloat16_float32_bm32_bn32_bk16_wm2_wn2_MN_naligned_K_taligned|steel_gemm_splitk_accum_bfloat16_float32|custom_kernel_laguna_prefill_full_qk_norm_yarn_bf16_128_h1_v2_bfloat16_t_bfloat16_t_bfloat16_t_bfloat16_t_float_int32_tc_bfloat16_t_bfloat16_t|steel_attention_bfloat16_bq32_bk16_bd128_wm4_wn1_maskbfloat16_align_Q_t_align_K_t_has_mask_n_do_causal_t_has_sinks_n|Cf4IAsTypeADf4IBroadcastCBEf4IBroadcastBCFf4ILogAddExpDEGV2OAsTypeF_VC_V2_10408321403207385874_contiguous|g2_Multiplybfloat16|steel_gemm_fused_nt_bfloat16_bfloat16_bm64_bn64_bk16_wm2_wn2_has_batch_n_use_out_source_n_do_axpby_n_align_M_t_align_N_t_align_K_t|custom_kernel_laguna_residual_rms_bf16_2048_v1_bfloat16_t_bfloat16_t_bfloat16_t_bfloat16_t_bfloat16_t|steel_gemm_splitk_nt_bfloat16_float32_bm32_bn32_bk16_wm2_wn2_MN_taligned_K_taligned|steel_gemm_splitk_accum_bfloat16_float32|custom_kernel_laguna_prefill_router_tournament_ordinal_norm_v1_bfloat16_t_float_uint32_t_float|custom_kernel_mlx_lm_route_csort_scatter_fused_m8_u32_v4_uint32_t_uint32_t_uint32_t_uint32_t|gather_frontbfloat16_uint32_int_2|arangeuint32|nvfp4_gather_qmm_rhs_nt_bfloat16_t_gs_16_b_4_bm_16_bn_32_bk_32_wm_1_wn_2_align_M_t_align_N_t_align_K_t|nvfp4_qmm_t_splitk_fused_bfloat16_t_gs_16_b_4_alN_true|nvfp4_qmm_t_splitk_fused_bfloat16_t_gs_16_b_4_alN_true|g2_copybfloat16bfloat16|g2_copybfloat16bfloat16|CV2ISigmoidADV2IBroadcastACEV2IBroadcastCAFV2IMultiplyDEGV2IBroadcastFBHV2IBroadcastBFIV2OMultiplyGH_VV_V2V2_11160318154034397263_contiguous|arangeuint32|CV2ISigmoidADV2IBroadcastACEV2IBroadcastCAFV2IMultiplyDEGV2IBroadcastFBHV2IBroadcastBFIV2OMultiplyGH_VV_V2V2_11160318154034397263_contiguous|nvfp4_qmm_t_bfloat16_t_gs_16_b_4_alN_true_batch_0|nvfp4_gather_qmm_rhs_nt_bfloat16_t_gs_16_b_4_bm_16_bn_32_bk_32_wm_1_wn_2_align_M_t_align_N_t_align_K_t
GPUPROF 74339.790324625 74339.790400875 1 23101440 custom_kernel_laguna_prefill_sorted_moe_tail_bf16_v1_bfloat16_t_uint32_t_float_bfloat16_t_bfloat16_t_bfloat16_t
GPUPROF 74339.790401625 74339.803889000 30 636347908 rmsbfloat16|steel_gemm_splitk_nt_bfloat16_float32_bm32_bn32_bk16_wm2_wn2_MN_taligned_K_taligned|steel_gemm_splitk_accum_bfloat16_float32|steel_gemm_splitk_nt_bfloat16_float32_bm32_bn32_bk16_wm2_wn2_MN_taligned_K_taligned|steel_gemm_splitk_accum_bfloat16_float32|steel_gemm_fused_nt_bfloat16_bfloat16_bm64_bn64_bk16_wm2_wn2_has_batch_n_use_out_source_n_do_axpby_n_align_M_t_align_N_t_align_K_t|steel_gemm_splitk_nt_bfloat16_float32_bm32_bn32_bk16_wm2_wn2_MN_taligned_K_taligned|steel_gemm_splitk_accum_bfloat16_float32|custom_kernel_laguna_prefill_sliding_qk_norm_rope_bf16_128_h1_v2_bfloat16_t_bfloat16_t_bfloat16_t_bfloat16_t_float_int32_tc_bfloat16_t_bfloat16_t|steel_attention_bfloat16_bq32_bk16_bd128_wm4_wn1_maskbfloat16_align_Q_t_align_K_t_has_mask_n_do_causal_t_has_sinks_n|Cf4IAsTypeADf4IBroadcastCBEf4IBroadcastBCFf4ILogAddExpDEGV2OAsTypeF_VC_V2_10408321403207385874_contiguous|g2_Multiplybfloat16|steel_gemm_fused_nt_bfloat16_bfloat16_bm64_bn64_bk16_wm2_wn2_has_batch_n_use_out_source_n_do_axpby_n_align_M_t_align_N_t_align_K_t|custom_kernel_laguna_residual_rms_bf16_2048_v1_bfloat16_t_bfloat16_t_bfloat16_t_bfloat16_t_bfloat16_t|steel_gemm_splitk_nt_bfloat16_float32_bm32_bn32_bk16_wm2_wn2_MN_taligned_K_taligned|steel_gemm_splitk_accum_bfloat16_float32|custom_kernel_laguna_prefill_router_tournament_ordinal_norm_v1_bfloat16_t_float_uint32_t_float|custom_kernel_mlx_lm_route_csort_scatter_fused_m8_u32_v4_uint32_t_uint32_t_uint32_t_uint32_t|gather_frontbfloat16_uint32_int_2|arangeuint32|nvfp4_gather_qmm_rhs_nt_bfloat16_t_gs_16_b_4_bm_16_bn_32_bk_32_wm_1_wn_2_align_M_t_align_N_t_align_K_t|nvfp4_qmm_t_splitk_fused_bfloat16_t_gs_16_b_4_alN_true|nvfp4_qmm_t_splitk_fused_bfloat16_t_gs_16_b_4_alN_true|g2_copybfloat16bfloat16|g2_copybfloat16bfloat16|CV2ISigmoidADV2IBroadcastACEV2IBroadcastCAFV2IMultiplyDEGV2IBroadcastFBHV2IBroadcastBFIV2OMultiplyGH_VV_V2V2_11160318154034397263_contiguous|arangeuint32|CV2ISigmoidADV2IBroadcastACEV2IBroadcastCAFV2IMultiplyDEGV2IBroadcastFBHV2IBroadcastBFIV2OMultiplyGH_VV_V2V2_11160318154034397263_contiguous|nvfp4_qmm_t_bfloat16_t_gs_16_b_4_alN_true_batch_0|nvfp4_gather_qmm_rhs_nt_bfloat16_t_gs_16_b_4_bm_16_bn_32_bk_32_wm_1_wn_2_align_M_t_align_N_t_align_K_t
GPUPROF 74339.803889750 74339.803970167 1 23101440 custom_kernel_laguna_prefill_sorted_moe_tail_bf16_v1_bfloat16_t_uint32_t_float_bfloat16_t_bfloat16_t_bfloat16_t
GPUPROF 74339.803970917 74339.817603125 30 636347908 rmsbfloat16|steel_gemm_splitk_nt_bfloat16_float32_bm32_bn32_bk16_wm2_wn2_MN_taligned_K_taligned|steel_gemm_splitk_accum_bfloat16_float32|steel_gemm_splitk_nt_bfloat16_float32_bm32_bn32_bk16_wm2_wn2_MN_taligned_K_taligned|steel_gemm_splitk_accum_bfloat16_float32|steel_gemm_fused_nt_bfloat16_bfloat16_bm64_bn64_bk16_wm2_wn2_has_batch_n_use_out_source_n_do_axpby_n_align_M_t_align_N_t_align_K_t|steel_gemm_splitk_nt_bfloat16_float32_bm32_bn32_bk16_wm2_wn2_MN_taligned_K_taligned|steel_gemm_splitk_accum_bfloat16_float32|custom_kernel_laguna_prefill_sliding_qk_norm_rope_bf16_128_h1_v2_bfloat16_t_bfloat16_t_bfloat16_t_bfloat16_t_float_int32_tc_bfloat16_t_bfloat16_t|steel_attention_bfloat16_bq32_bk16_bd128_wm4_wn1_maskbfloat16_align_Q_t_align_K_t_has_mask_n_do_causal_t_has_sinks_n|Cf4IAsTypeADf4IBroadcastCBEf4IBroadcastBCFf4ILogAddExpDEGV2OAsTypeF_VC_V2_10408321403207385874_contiguous|g2_Multiplybfloat16|steel_gemm_fused_nt_bfloat16_bfloat16_bm64_bn64_bk16_wm2_wn2_has_batch_n_use_out_source_n_do_axpby_n_align_M_t_align_N_t_align_K_t|custom_kernel_laguna_residual_rms_bf16_2048_v1_bfloat16_t_bfloat16_t_bfloat16_t_bfloat16_t_bfloat16_t|steel_gemm_splitk_nt_bfloat16_float32_bm32_bn32_bk16_wm2_wn2_MN_taligned_K_taligned|steel_gemm_splitk_accum_bfloat16_float32|custom_kernel_laguna_prefill_router_tournament_ordinal_norm_v1_bfloat16_t_float_uint32_t_float|custom_kernel_mlx_lm_route_csort_scatter_fused_m8_u32_v4_uint32_t_uint32_t_uint32_t_uint32_t|gather_frontbfloat16_uint32_int_2|arangeuint32|nvfp4_gather_qmm_rhs_nt_bfloat16_t_gs_16_b_4_bm_16_bn_32_bk_32_wm_1_wn_2_align_M_t_align_N_t_align_K_t|nvfp4_qmm_t_splitk_fused_bfloat16_t_gs_16_b_4_alN_true|nvfp4_qmm_t_splitk_fused_bfloat16_t_gs_16_b_4_alN_true|g2_copybfloat16bfloat16|g2_copybfloat16bfloat16|CV2ISigmoidADV2IBroadcastACEV2IBroadcastCAFV2IMultiplyDEGV2IBroadcastFBHV2IBroadcastBFIV2OMultiplyGH_VV_V2V2_11160318154034397263_contiguous|arangeuint32|CV2ISigmoidADV2IBroadcastACEV2IBroadcastCAFV2IMultiplyDEGV2IBroadcastFBHV2IBroadcastBFIV2OMultiplyGH_VV_V2V2_11160318154034397263_contiguous|nvfp4_qmm_t_bfloat16_t_gs_16_b_4_alN_true_batch_0|nvfp4_gather_qmm_rhs_nt_bfloat16_t_gs_16_b_4_bm_16_bn_32_bk_32_wm_1_wn_2_align_M_t_align_N_t_align_K_t
GPUPROF 74339.817619000 74339.817697375 1 23101440 custom_kernel_laguna_prefill_sorted_moe_tail_bf16_v1_bfloat16_t_uint32_t_float_bfloat16_t_bfloat16_t_bfloat16_t
GPUPROF 74339.817698167 74339.831392292 30 636347908 rmsbfloat16|steel_gemm_splitk_nt_bfloat16_float32_bm32_bn32_bk16_wm2_wn2_MN_taligned_K_taligned|steel_gemm_splitk_accum_bfloat16_float32|steel_gemm_splitk_nt_bfloat16_float32_bm32_bn32_bk16_wm2_wn2_MN_taligned_K_taligned|steel_gemm_splitk_accum_bfloat16_float32|steel_gemm_fused_nt_bfloat16_bfloat16_bm64_bn64_bk16_wm2_wn2_has_batch_n_use_out_source_n_do_axpby_n_align_M_t_align_N_t_align_K_t|steel_gemm_splitk_nt_bfloat16_float32_bm32_bn32_bk16_wm2_wn2_MN_taligned_K_taligned|steel_gemm_splitk_accum_bfloat16_float32|custom_kernel_laguna_prefill_sliding_qk_norm_rope_bf16_128_h1_v2_bfloat16_t_bfloat16_t_bfloat16_t_bfloat16_t_float_int32_tc_bfloat16_t_bfloat16_t|steel_attention_bfloat16_bq32_bk16_bd128_wm4_wn1_maskbfloat16_align_Q_t_align_K_t_has_mask_n_do_causal_t_has_sinks_n|Cf4IAsTypeADf4IBroadcastCBEf4IBroadcastBCFf4ILogAddExpDEGV2OAsTypeF_VC_V2_10408321403207385874_contiguous|g2_Multiplybfloat16|steel_gemm_fused_nt_bfloat16_bfloat16_bm64_bn64_bk16_wm2_wn2_has_batch_n_use_out_source_n_do_axpby_n_align_M_t_align_N_t_align_K_t|custom_kernel_laguna_residual_rms_bf16_2048_v1_bfloat16_t_bfloat16_t_bfloat16_t_bfloat16_t_bfloat16_t|steel_gemm_splitk_nt_bfloat16_float32_bm32_bn32_bk16_wm2_wn2_MN_taligned_K_taligned|steel_gemm_splitk_accum_bfloat16_float32|custom_kernel_laguna_prefill_router_tournament_ordinal_norm_v1_bfloat16_t_float_uint32_t_float|custom_kernel_mlx_lm_route_csort_scatter_fused_m8_u32_v4_uint32_t_uint32_t_uint32_t_uint32_t|gather_frontbfloat16_uint32_int_2|arangeuint32|nvfp4_gather_qmm_rhs_nt_bfloat16_t_gs_16_b_4_bm_16_bn_32_bk_32_wm_1_wn_2_align_M_t_align_N_t_align_K_t|nvfp4_qmm_t_splitk_fused_bfloat16_t_gs_16_b_4_alN_true|nvfp4_qmm_t_splitk_fused_bfloat16_t_gs_16_b_4_alN_true|g2_copybfloat16bfloat16|g2_copybfloat16bfloat16|CV2ISigmoidADV2IBroadcastACEV2IBroadcastCAFV2IMultiplyDEGV2IBroadcastFBHV2IBroadcastBFIV2OMultiplyGH_VV_V2V2_11160318154034397263_contiguous|arangeuint32|CV2ISigmoidADV2IBroadcastACEV2IBroadcastCAFV2IMultiplyDEGV2IBroadcastFBHV2IBroadcastBFIV2OMultiplyGH_VV_V2V2_11160318154034397263_contiguous|nvfp4_qmm_t_bfloat16_t_gs_16_b_4_alN_true_batch_0|nvfp4_gather_qmm_rhs_nt_bfloat16_t_gs_16_b_4_bm_16_bn_32_bk_32_wm_1_wn_2_align_M_t_align_N_t_align_K_t
GPUPROF 74339.831407750 74339.831485375 1 23101440 custom_kernel_laguna_prefill_sorted_moe_tail_bf16_v1_bfloat16_t_uint32_t_float_bfloat16_t_bfloat16_t_bfloat16_t
GPUPROF 74339.831486125 74339.843999750 30 612017668 rmsbfloat16|steel_gemm_splitk_nt_bfloat16_float32_bm32_bn32_bk16_wm2_wn2_MN_taligned_K_taligned|steel_gemm_splitk_accum_bfloat16_float32|steel_gemm_splitk_nt_bfloat16_float32_bm32_bn32_bk16_wm2_wn2_MN_taligned_K_taligned|steel_gemm_splitk_accum_bfloat16_float32|steel_gemm_fused_nt_bfloat16_bfloat16_bm64_bn64_bk16_wm2_wn2_has_batch_n_use_out_source_n_do_axpby_n_align_M_t_align_N_t_align_K_t|steel_gemm_splitk_nt_bfloat16_float32_bm32_bn32_bk16_wm2_wn2_MN_naligned_K_taligned|steel_gemm_splitk_accum_bfloat16_float32|custom_kernel_laguna_prefill_full_qk_norm_yarn_bf16_128_h1_v2_bfloat16_t_bfloat16_t_bfloat16_t_bfloat16_t_float_int32_tc_bfloat16_t_bfloat16_t|steel_attention_bfloat16_bq32_bk16_bd128_wm4_wn1_maskbfloat16_align_Q_t_align_K_t_has_mask_n_do_causal_t_has_sinks_n|Cf4IAsTypeADf4IBroadcastCBEf4IBroadcastBCFf4ILogAddExpDEGV2OAsTypeF_VC_V2_10408321403207385874_contiguous|g2_Multiplybfloat16|steel_gemm_fused_nt_bfloat16_bfloat16_bm64_bn64_bk16_wm2_wn2_has_batch_n_use_out_source_n_do_axpby_n_align_M_t_align_N_t_align_K_t|custom_kernel_laguna_residual_rms_bf16_2048_v1_bfloat16_t_bfloat16_t_bfloat16_t_bfloat16_t_bfloat16_t|steel_gemm_splitk_nt_bfloat16_float32_bm32_bn32_bk16_wm2_wn2_MN_taligned_K_taligned|steel_gemm_splitk_accum_bfloat16_float32|custom_kernel_laguna_prefill_router_tournament_ordinal_norm_v1_bfloat16_t_float_uint32_t_float|custom_kernel_mlx_lm_route_csort_scatter_fused_m8_u32_v4_uint32_t_uint32_t_uint32_t_uint32_t|gather_frontbfloat16_uint32_int_2|arangeuint32|nvfp4_gather_qmm_rhs_nt_bfloat16_t_gs_16_b_4_bm_16_bn_32_bk_32_wm_1_wn_2_align_M_t_align_N_t_align_K_t|nvfp4_qmm_t_splitk_fused_bfloat16_t_gs_16_b_4_alN_true|nvfp4_qmm_t_splitk_fused_bfloat16_t_gs_16_b_4_alN_true|g2_copybfloat16bfloat16|g2_copybfloat16bfloat16|CV2ISigmoidADV2IBroadcastACEV2IBroadcastCAFV2IMultiplyDEGV2IBroadcastFBHV2IBroadcastBFIV2OMultiplyGH_VV_V2V2_11160318154034397263_contiguous|arangeuint32|CV2ISigmoidADV2IBroadcastACEV2IBroadcastCAFV2IMultiplyDEGV2IBroadcastFBHV2IBroadcastBFIV2OMultiplyGH_VV_V2V2_11160318154034397263_contiguous|nvfp4_qmm_t_bfloat16_t_gs_16_b_4_alN_true_batch_0|nvfp4_gather_qmm_rhs_nt_bfloat16_t_gs_16_b_4_bm_16_bn_32_bk_32_wm_1_wn_2_align_M_t_align_N_t_align_K_t
GPUPROF 74339.844000542 74339.844076292 1 23101440 custom_kernel_laguna_prefill_sorted_moe_tail_bf16_v1_bfloat16_t_uint32_t_float_bfloat16_t_bfloat16_t_bfloat16_t
GPUPROF 74339.844077125 74339.858194625 30 636347908 rmsbfloat16|steel_gemm_splitk_nt_bfloat16_float32_bm32_bn32_bk16_wm2_wn2_MN_taligned_K_taligned|steel_gemm_splitk_accum_bfloat16_float32|steel_gemm_splitk_nt_bfloat16_float32_bm32_bn32_bk16_wm2_wn2_MN_taligned_K_taligned|steel_gemm_splitk_accum_bfloat16_float32|steel_gemm_fused_nt_bfloat16_bfloat16_bm64_bn64_bk16_wm2_wn2_has_batch_n_use_out_source_n_do_axpby_n_align_M_t_align_N_t_align_K_t|steel_gemm_splitk_nt_bfloat16_float32_bm32_bn32_bk16_wm2_wn2_MN_taligned_K_taligned|steel_gemm_splitk_accum_bfloat16_float32|custom_kernel_laguna_prefill_sliding_qk_norm_rope_bf16_128_h1_v2_bfloat16_t_bfloat16_t_bfloat16_t_bfloat16_t_float_int32_tc_bfloat16_t_bfloat16_t|steel_attention_bfloat16_bq32_bk16_bd128_wm4_wn1_maskbfloat16_align_Q_t_align_K_t_has_mask_n_do_causal_t_has_sinks_n|Cf4IAsTypeADf4IBroadcastCBEf4IBroadcastBCFf4ILogAddExpDEGV2OAsTypeF_VC_V2_10408321403207385874_contiguous|g2_Multiplybfloat16|steel_gemm_fused_nt_bfloat16_bfloat16_bm64_bn64_bk16_wm2_wn2_has_batch_n_use_out_source_n_do_axpby_n_align_M_t_align_N_t_align_K_t|custom_kernel_laguna_residual_rms_bf16_2048_v1_bfloat16_t_bfloat16_t_bfloat16_t_bfloat16_t_bfloat16_t|steel_gemm_splitk_nt_bfloat16_float32_bm32_bn32_bk16_wm2_wn2_MN_taligned_K_taligned|steel_gemm_splitk_accum_bfloat16_float32|custom_kernel_laguna_prefill_router_tournament_ordinal_norm_v1_bfloat16_t_float_uint32_t_float|custom_kernel_mlx_lm_route_csort_scatter_fused_m8_u32_v4_uint32_t_uint32_t_uint32_t_uint32_t|gather_frontbfloat16_uint32_int_2|arangeuint32|nvfp4_gather_qmm_rhs_nt_bfloat16_t_gs_16_b_4_bm_16_bn_32_bk_32_wm_1_wn_2_align_M_t_align_N_t_align_K_t|nvfp4_qmm_t_splitk_fused_bfloat16_t_gs_16_b_4_alN_true|nvfp4_qmm_t_splitk_fused_bfloat16_t_gs_16_b_4_alN_true|g2_copybfloat16bfloat16|g2_copybfloat16bfloat16|CV2ISigmoidADV2IBroadcastACEV2IBroadcastCAFV2IMultiplyDEGV2IBroadcastFBHV2IBroadcastBFIV2OMultiplyGH_VV_V2V2_11160318154034397263_contiguous|arangeuint32|CV2ISigmoidADV2IBroadcastACEV2IBroadcastCAFV2IMultiplyDEGV2IBroadcastFBHV2IBroadcastBFIV2OMultiplyGH_VV_V2V2_11160318154034397263_contiguous|nvfp4_qmm_t_bfloat16_t_gs_16_b_4_alN_true_batch_0|nvfp4_gather_qmm_rhs_nt_bfloat16_t_gs_16_b_4_bm_16_bn_32_bk_32_wm_1_wn_2_align_M_t_align_N_t_align_K_t
GPUPROF 74339.858195375 74339.858271125 1 23101440 custom_kernel_laguna_prefill_sorted_moe_tail_bf16_v1_bfloat16_t_uint32_t_float_bfloat16_t_bfloat16_t_bfloat16_t
GPUPROF 74339.858271875 74339.872270917 30 636347908 rmsbfloat16|steel_gemm_splitk_nt_bfloat16_float32_bm32_bn32_bk16_wm2_wn2_MN_taligned_K_taligned|steel_gemm_splitk_accum_bfloat16_float32|steel_gemm_splitk_nt_bfloat16_float32_bm32_bn32_bk16_wm2_wn2_MN_taligned_K_taligned|steel_gemm_splitk_accum_bfloat16_float32|steel_gemm_fused_nt_bfloat16_bfloat16_bm64_bn64_bk16_wm2_wn2_has_batch_n_use_out_source_n_do_axpby_n_align_M_t_align_N_t_align_K_t|steel_gemm_splitk_nt_bfloat16_float32_bm32_bn32_bk16_wm2_wn2_MN_taligned_K_taligned|steel_gemm_splitk_accum_bfloat16_float32|custom_kernel_laguna_prefill_sliding_qk_norm_rope_bf16_128_h1_v2_bfloat16_t_bfloat16_t_bfloat16_t_bfloat16_t_float_int32_tc_bfloat16_t_bfloat16_t|steel_attention_bfloat16_bq32_bk16_bd128_wm4_wn1_maskbfloat16_align_Q_t_align_K_t_has_mask_n_do_causal_t_has_sinks_n|Cf4IAsTypeADf4IBroadcastCBEf4IBroadcastBCFf4ILogAddExpDEGV2OAsTypeF_VC_V2_10408321403207385874_contiguous|g2_Multiplybfloat16|steel_gemm_fused_nt_bfloat16_bfloat16_bm64_bn64_bk16_wm2_wn2_has_batch_n_use_out_source_n_do_axpby_n_align_M_t_align_N_t_align_K_t|custom_kernel_laguna_residual_rms_bf16_2048_v1_bfloat16_t_bfloat16_t_bfloat16_t_bfloat16_t_bfloat16_t|steel_gemm_splitk_nt_bfloat16_float32_bm32_bn32_bk16_wm2_wn2_MN_taligned_K_taligned|steel_gemm_splitk_accum_bfloat16_float32|custom_kernel_laguna_prefill_router_tournament_ordinal_norm_v1_bfloat16_t_float_uint32_t_float|custom_kernel_mlx_lm_route_csort_scatter_fused_m8_u32_v4_uint32_t_uint32_t_uint32_t_uint32_t|gather_frontbfloat16_uint32_int_2|arangeuint32|nvfp4_gather_qmm_rhs_nt_bfloat16_t_gs_16_b_4_bm_16_bn_32_bk_32_wm_1_wn_2_align_M_t_align_N_t_align_K_t|nvfp4_qmm_t_splitk_fused_bfloat16_t_gs_16_b_4_alN_true|nvfp4_qmm_t_splitk_fused_bfloat16_t_gs_16_b_4_alN_true|g2_copybfloat16bfloat16|g2_copybfloat16bfloat16|CV2ISigmoidADV2IBroadcastACEV2IBroadcastCAFV2IMultiplyDEGV2IBroadcastFBHV2IBroadcastBFIV2OMultiplyGH_VV_V2V2_11160318154034397263_contiguous|arangeuint32|CV2ISigmoidADV2IBroadcastACEV2IBroadcastCAFV2IMultiplyDEGV2IBroadcastFBHV2IBroadcastBFIV2OMultiplyGH_VV_V2V2_11160318154034397263_contiguous|nvfp4_qmm_t_bfloat16_t_gs_16_b_4_alN_true_batch_0|nvfp4_gather_qmm_rhs_nt_bfloat16_t_gs_16_b_4_bm_16_bn_32_bk_32_wm_1_wn_2_align_M_t_align_N_t_align_K_t
GPUPROF 74339.872271750 74339.872348792 1 23101440 custom_kernel_laguna_prefill_sorted_moe_tail_bf16_v1_bfloat16_t_uint32_t_float_bfloat16_t_bfloat16_t_bfloat16_t
GPUPROF 74339.872349542 74339.886418250 30 636347908 rmsbfloat16|steel_gemm_splitk_nt_bfloat16_float32_bm32_bn32_bk16_wm2_wn2_MN_taligned_K_taligned|steel_gemm_splitk_accum_bfloat16_float32|steel_gemm_splitk_nt_bfloat16_float32_bm32_bn32_bk16_wm2_wn2_MN_taligned_K_taligned|steel_gemm_splitk_accum_bfloat16_float32|steel_gemm_fused_nt_bfloat16_bfloat16_bm64_bn64_bk16_wm2_wn2_has_batch_n_use_out_source_n_do_axpby_n_align_M_t_align_N_t_align_K_t|steel_gemm_splitk_nt_bfloat16_float32_bm32_bn32_bk16_wm2_wn2_MN_taligned_K_taligned|steel_gemm_splitk_accum_bfloat16_float32|custom_kernel_laguna_prefill_sliding_qk_norm_rope_bf16_128_h1_v2_bfloat16_t_bfloat16_t_bfloat16_t_bfloat16_t_float_int32_tc_bfloat16_t_bfloat16_t|steel_attention_bfloat16_bq32_bk16_bd128_wm4_wn1_maskbfloat16_align_Q_t_align_K_t_has_mask_n_do_causal_t_has_sinks_n|Cf4IAsTypeADf4IBroadcastCBEf4IBroadcastBCFf4ILogAddExpDEGV2OAsTypeF_VC_V2_10408321403207385874_contiguous|g2_Multiplybfloat16|steel_gemm_fused_nt_bfloat16_bfloat16_bm64_bn64_bk16_wm2_wn2_has_batch_n_use_out_source_n_do_axpby_n_align_M_t_align_N_t_align_K_t|custom_kernel_laguna_residual_rms_bf16_2048_v1_bfloat16_t_bfloat16_t_bfloat16_t_bfloat16_t_bfloat16_t|steel_gemm_splitk_nt_bfloat16_float32_bm32_bn32_bk16_wm2_wn2_MN_taligned_K_taligned|steel_gemm_splitk_accum_bfloat16_float32|custom_kernel_laguna_prefill_router_tournament_ordinal_norm_v1_bfloat16_t_float_uint32_t_float|custom_kernel_mlx_lm_route_csort_scatter_fused_m8_u32_v4_uint32_t_uint32_t_uint32_t_uint32_t|gather_frontbfloat16_uint32_int_2|arangeuint32|nvfp4_gather_qmm_rhs_nt_bfloat16_t_gs_16_b_4_bm_16_bn_32_bk_32_wm_1_wn_2_align_M_t_align_N_t_align_K_t|nvfp4_qmm_t_splitk_fused_bfloat16_t_gs_16_b_4_alN_true|nvfp4_qmm_t_splitk_fused_bfloat16_t_gs_16_b_4_alN_true|g2_copybfloat16bfloat16|g2_copybfloat16bfloat16|CV2ISigmoidADV2IBroadcastACEV2IBroadcastCAFV2IMultiplyDEGV2IBroadcastFBHV2IBroadcastBFIV2OMultiplyGH_VV_V2V2_11160318154034397263_contiguous|arangeuint32|CV2ISigmoidADV2IBroadcastACEV2IBroadcastCAFV2IMultiplyDEGV2IBroadcastFBHV2IBroadcastBFIV2OMultiplyGH_VV_V2V2_11160318154034397263_contiguous|nvfp4_qmm_t_bfloat16_t_gs_16_b_4_alN_true_batch_0|nvfp4_gather_qmm_rhs_nt_bfloat16_t_gs_16_b_4_bm_16_bn_32_bk_32_wm_1_wn_2_align_M_t_align_N_t_align_K_t
GPUPROF 74339.886419000 74339.886498542 1 23101440 custom_kernel_laguna_prefill_sorted_moe_tail_bf16_v1_bfloat16_t_uint32_t_float_bfloat16_t_bfloat16_t_bfloat16_t
GPUPROF 74339.886499375 74339.899173667 30 612017668 rmsbfloat16|steel_gemm_splitk_nt_bfloat16_float32_bm32_bn32_bk16_wm2_wn2_MN_taligned_K_taligned|steel_gemm_splitk_accum_bfloat16_float32|steel_gemm_splitk_nt_bfloat16_float32_bm32_bn32_bk16_wm2_wn2_MN_taligned_K_taligned|steel_gemm_splitk_accum_bfloat16_float32|steel_gemm_fused_nt_bfloat16_bfloat16_bm64_bn64_bk16_wm2_wn2_has_batch_n_use_out_source_n_do_axpby_n_align_M_t_align_N_t_align_K_t|steel_gemm_splitk_nt_bfloat16_float32_bm32_bn32_bk16_wm2_wn2_MN_naligned_K_taligned|steel_gemm_splitk_accum_bfloat16_float32|custom_kernel_laguna_prefill_full_qk_norm_yarn_bf16_128_h1_v2_bfloat16_t_bfloat16_t_bfloat16_t_bfloat16_t_float_int32_tc_bfloat16_t_bfloat16_t|steel_attention_bfloat16_bq32_bk16_bd128_wm4_wn1_maskbfloat16_align_Q_t_align_K_t_has_mask_n_do_causal_t_has_sinks_n|Cf4IAsTypeADf4IBroadcastCBEf4IBroadcastBCFf4ILogAddExpDEGV2OAsTypeF_VC_V2_10408321403207385874_contiguous|g2_Multiplybfloat16|steel_gemm_fused_nt_bfloat16_bfloat16_bm64_bn64_bk16_wm2_wn2_has_batch_n_use_out_source_n_do_axpby_n_align_M_t_align_N_t_align_K_t|custom_kernel_laguna_residual_rms_bf16_2048_v1_bfloat16_t_bfloat16_t_bfloat16_t_bfloat16_t_bfloat16_t|steel_gemm_splitk_nt_bfloat16_float32_bm32_bn32_bk16_wm2_wn2_MN_taligned_K_taligned|steel_gemm_splitk_accum_bfloat16_float32|custom_kernel_laguna_prefill_router_tournament_ordinal_norm_v1_bfloat16_t_float_uint32_t_float|custom_kernel_mlx_lm_route_csort_scatter_fused_m8_u32_v4_uint32_t_uint32_t_uint32_t_uint32_t|gather_frontbfloat16_uint32_int_2|arangeuint32|nvfp4_gather_qmm_rhs_nt_bfloat16_t_gs_16_b_4_bm_16_bn_32_bk_32_wm_1_wn_2_align_M_t_align_N_t_align_K_t|nvfp4_qmm_t_splitk_fused_bfloat16_t_gs_16_b_4_alN_true|nvfp4_qmm_t_splitk_fused_bfloat16_t_gs_16_b_4_alN_true|g2_copybfloat16bfloat16|g2_copybfloat16bfloat16|CV2ISigmoidADV2IBroadcastACEV2IBroadcastCAFV2IMultiplyDEGV2IBroadcastFBHV2IBroadcastBFIV2OMultiplyGH_VV_V2V2_11160318154034397263_contiguous|arangeuint32|CV2ISigmoidADV2IBroadcastACEV2IBroadcastCAFV2IMultiplyDEGV2IBroadcastFBHV2IBroadcastBFIV2OMultiplyGH_VV_V2V2_11160318154034397263_contiguous|nvfp4_qmm_t_bfloat16_t_gs_16_b_4_alN_true_batch_0|nvfp4_gather_qmm_rhs_nt_bfloat16_t_gs_16_b_4_bm_16_bn_32_bk_32_wm_1_wn_2_align_M_t_align_N_t_align_K_t
GPUPROF 74339.899174500 74339.899251875 1 23101440 custom_kernel_laguna_prefill_sorted_moe_tail_bf16_v1_bfloat16_t_uint32_t_float_bfloat16_t_bfloat16_t_bfloat16_t
GPUPROF 74339.899252625 74339.913227125 30 636347908 rmsbfloat16|steel_gemm_splitk_nt_bfloat16_float32_bm32_bn32_bk16_wm2_wn2_MN_taligned_K_taligned|steel_gemm_splitk_accum_bfloat16_float32|steel_gemm_splitk_nt_bfloat16_float32_bm32_bn32_bk16_wm2_wn2_MN_taligned_K_taligned|steel_gemm_splitk_accum_bfloat16_float32|steel_gemm_fused_nt_bfloat16_bfloat16_bm64_bn64_bk16_wm2_wn2_has_batch_n_use_out_source_n_do_axpby_n_align_M_t_align_N_t_align_K_t|steel_gemm_splitk_nt_bfloat16_float32_bm32_bn32_bk16_wm2_wn2_MN_taligned_K_taligned|steel_gemm_splitk_accum_bfloat16_float32|custom_kernel_laguna_prefill_sliding_qk_norm_rope_bf16_128_h1_v2_bfloat16_t_bfloat16_t_bfloat16_t_bfloat16_t_float_int32_tc_bfloat16_t_bfloat16_t|steel_attention_bfloat16_bq32_bk16_bd128_wm4_wn1_maskbfloat16_align_Q_t_align_K_t_has_mask_n_do_causal_t_has_sinks_n|Cf4IAsTypeADf4IBroadcastCBEf4IBroadcastBCFf4ILogAddExpDEGV2OAsTypeF_VC_V2_10408321403207385874_contiguous|g2_Multiplybfloat16|steel_gemm_fused_nt_bfloat16_bfloat16_bm64_bn64_bk16_wm2_wn2_has_batch_n_use_out_source_n_do_axpby_n_align_M_t_align_N_t_align_K_t|custom_kernel_laguna_residual_rms_bf16_2048_v1_bfloat16_t_bfloat16_t_bfloat16_t_bfloat16_t_bfloat16_t|steel_gemm_splitk_nt_bfloat16_float32_bm32_bn32_bk16_wm2_wn2_MN_taligned_K_taligned|steel_gemm_splitk_accum_bfloat16_float32|custom_kernel_laguna_prefill_router_tournament_ordinal_norm_v1_bfloat16_t_float_uint32_t_float|custom_kernel_mlx_lm_route_csort_scatter_fused_m8_u32_v4_uint32_t_uint32_t_uint32_t_uint32_t|gather_frontbfloat16_uint32_int_2|arangeuint32|nvfp4_gather_qmm_rhs_nt_bfloat16_t_gs_16_b_4_bm_16_bn_32_bk_32_wm_1_wn_2_align_M_t_align_N_t_align_K_t|nvfp4_qmm_t_splitk_fused_bfloat16_t_gs_16_b_4_alN_true|nvfp4_qmm_t_splitk_fused_bfloat16_t_gs_16_b_4_alN_true|g2_copybfloat16bfloat16|g2_copybfloat16bfloat16|CV2ISigmoidADV2IBroadcastACEV2IBroadcastCAFV2IMultiplyDEGV2IBroadcastFBHV2IBroadcastBFIV2OMultiplyGH_VV_V2V2_11160318154034397263_contiguous|arangeuint32|CV2ISigmoidADV2IBroadcastACEV2IBroadcastCAFV2IMultiplyDEGV2IBroadcastFBHV2IBroadcastBFIV2OMultiplyGH_VV_V2V2_11160318154034397263_contiguous|nvfp4_qmm_t_bfloat16_t_gs_16_b_4_alN_true_batch_0|nvfp4_gather_qmm_rhs_nt_bfloat16_t_gs_16_b_4_bm_16_bn_32_bk_32_wm_1_wn_2_align_M_t_align_N_t_align_K_t
GPUPROF 74339.913228042 74339.913310125 1 23101440 custom_kernel_laguna_prefill_sorted_moe_tail_bf16_v1_bfloat16_t_uint32_t_float_bfloat16_t_bfloat16_t_bfloat16_t
GPUPROF 74339.913310875 74339.927384500 30 636347908 rmsbfloat16|steel_gemm_splitk_nt_bfloat16_float32_bm32_bn32_bk16_wm2_wn2_MN_taligned_K_taligned|steel_gemm_splitk_accum_bfloat16_float32|steel_gemm_splitk_nt_bfloat16_float32_bm32_bn32_bk16_wm2_wn2_MN_taligned_K_taligned|steel_gemm_splitk_accum_bfloat16_float32|steel_gemm_fused_nt_bfloat16_bfloat16_bm64_bn64_bk16_wm2_wn2_has_batch_n_use_out_source_n_do_axpby_n_align_M_t_align_N_t_align_K_t|steel_gemm_splitk_nt_bfloat16_float32_bm32_bn32_bk16_wm2_wn2_MN_taligned_K_taligned|steel_gemm_splitk_accum_bfloat16_float32|custom_kernel_laguna_prefill_sliding_qk_norm_rope_bf16_128_h1_v2_bfloat16_t_bfloat16_t_bfloat16_t_bfloat16_t_float_int32_tc_bfloat16_t_bfloat16_t|steel_attention_bfloat16_bq32_bk16_bd128_wm4_wn1_maskbfloat16_align_Q_t_align_K_t_has_mask_n_do_causal_t_has_sinks_n|Cf4IAsTypeADf4IBroadcastCBEf4IBroadcastBCFf4ILogAddExpDEGV2OAsTypeF_VC_V2_10408321403207385874_contiguous|g2_Multiplybfloat16|steel_gemm_fused_nt_bfloat16_bfloat16_bm64_bn64_bk16_wm2_wn2_has_batch_n_use_out_source_n_do_axpby_n_align_M_t_align_N_t_align_K_t|custom_kernel_laguna_residual_rms_bf16_2048_v1_bfloat16_t_bfloat16_t_bfloat16_t_bfloat16_t_bfloat16_t|steel_gemm_splitk_nt_bfloat16_float32_bm32_bn32_bk16_wm2_wn2_MN_taligned_K_taligned|steel_gemm_splitk_accum_bfloat16_float32|custom_kernel_laguna_prefill_router_tournament_ordinal_norm_v1_bfloat16_t_float_uint32_t_float|custom_kernel_mlx_lm_route_csort_scatter_fused_m8_u32_v4_uint32_t_uint32_t_uint32_t_uint32_t|gather_frontbfloat16_uint32_int_2|arangeuint32|nvfp4_gather_qmm_rhs_nt_bfloat16_t_gs_16_b_4_bm_16_bn_32_bk_32_wm_1_wn_2_align_M_t_align_N_t_align_K_t|nvfp4_qmm_t_splitk_fused_bfloat16_t_gs_16_b_4_alN_true|nvfp4_qmm_t_splitk_fused_bfloat16_t_gs_16_b_4_alN_true|g2_copybfloat16bfloat16|g2_copybfloat16bfloat16|CV2ISigmoidADV2IBroadcastACEV2IBroadcastCAFV2IMultiplyDEGV2IBroadcastFBHV2IBroadcastBFIV2OMultiplyGH_VV_V2V2_11160318154034397263_contiguous|arangeuint32|CV2ISigmoidADV2IBroadcastACEV2IBroadcastCAFV2IMultiplyDEGV2IBroadcastFBHV2IBroadcastBFIV2OMultiplyGH_VV_V2V2_11160318154034397263_contiguous|nvfp4_qmm_t_bfloat16_t_gs_16_b_4_alN_true_batch_0|nvfp4_gather_qmm_rhs_nt_bfloat16_t_gs_16_b_4_bm_16_bn_32_bk_32_wm_1_wn_2_align_M_t_align_N_t_align_K_t
GPUPROF 74339.927385250 74339.927463042 1 23101440 custom_kernel_laguna_prefill_sorted_moe_tail_bf16_v1_bfloat16_t_uint32_t_float_bfloat16_t_bfloat16_t_bfloat16_t
GPUPROF 74339.927463792 74339.941721167 30 636347908 rmsbfloat16|steel_gemm_splitk_nt_bfloat16_float32_bm32_bn32_bk16_wm2_wn2_MN_taligned_K_taligned|steel_gemm_splitk_accum_bfloat16_float32|steel_gemm_splitk_nt_bfloat16_float32_bm32_bn32_bk16_wm2_wn2_MN_taligned_K_taligned|steel_gemm_splitk_accum_bfloat16_float32|steel_gemm_fused_nt_bfloat16_bfloat16_bm64_bn64_bk16_wm2_wn2_has_batch_n_use_out_source_n_do_axpby_n_align_M_t_align_N_t_align_K_t|steel_gemm_splitk_nt_bfloat16_float32_bm32_bn32_bk16_wm2_wn2_MN_taligned_K_taligned|steel_gemm_splitk_accum_bfloat16_float32|custom_kernel_laguna_prefill_sliding_qk_norm_rope_bf16_128_h1_v2_bfloat16_t_bfloat16_t_bfloat16_t_bfloat16_t_float_int32_tc_bfloat16_t_bfloat16_t|steel_attention_bfloat16_bq32_bk16_bd128_wm4_wn1_maskbfloat16_align_Q_t_align_K_t_has_mask_n_do_causal_t_has_sinks_n|Cf4IAsTypeADf4IBroadcastCBEf4IBroadcastBCFf4ILogAddExpDEGV2OAsTypeF_VC_V2_10408321403207385874_contiguous|g2_Multiplybfloat16|steel_gemm_fused_nt_bfloat16_bfloat16_bm64_bn64_bk16_wm2_wn2_has_batch_n_use_out_source_n_do_axpby_n_align_M_t_align_N_t_align_K_t|custom_kernel_laguna_residual_rms_bf16_2048_v1_bfloat16_t_bfloat16_t_bfloat16_t_bfloat16_t_bfloat16_t|steel_gemm_splitk_nt_bfloat16_float32_bm32_bn32_bk16_wm2_wn2_MN_taligned_K_taligned|steel_gemm_splitk_accum_bfloat16_float32|custom_kernel_laguna_prefill_router_tournament_ordinal_norm_v1_bfloat16_t_float_uint32_t_float|custom_kernel_mlx_lm_route_csort_scatter_fused_m8_u32_v4_uint32_t_uint32_t_uint32_t_uint32_t|gather_frontbfloat16_uint32_int_2|arangeuint32|nvfp4_gather_qmm_rhs_nt_bfloat16_t_gs_16_b_4_bm_16_bn_32_bk_32_wm_1_wn_2_align_M_t_align_N_t_align_K_t|nvfp4_qmm_t_splitk_fused_bfloat16_t_gs_16_b_4_alN_true|nvfp4_qmm_t_splitk_fused_bfloat16_t_gs_16_b_4_alN_true|g2_copybfloat16bfloat16|g2_copybfloat16bfloat16|CV2ISigmoidADV2IBroadcastACEV2IBroadcastCAFV2IMultiplyDEGV2IBroadcastFBHV2IBroadcastBFIV2OMultiplyGH_VV_V2V2_11160318154034397263_contiguous|arangeuint32|CV2ISigmoidADV2IBroadcastACEV2IBroadcastCAFV2IMultiplyDEGV2IBroadcastFBHV2IBroadcastBFIV2OMultiplyGH_VV_V2V2_11160318154034397263_contiguous|nvfp4_qmm_t_bfloat16_t_gs_16_b_4_alN_true_batch_0|nvfp4_gather_qmm_rhs_nt_bfloat16_t_gs_16_b_4_bm_16_bn_32_bk_32_wm_1_wn_2_align_M_t_align_N_t_align_K_t
GPUPROF 74339.941736500 74339.941815667 1 23101440 custom_kernel_laguna_prefill_sorted_moe_tail_bf16_v1_bfloat16_t_uint32_t_float_bfloat16_t_bfloat16_t_bfloat16_t
GPUPROF 74339.941816500 74339.954401875 30 612017668 rmsbfloat16|steel_gemm_splitk_nt_bfloat16_float32_bm32_bn32_bk16_wm2_wn2_MN_taligned_K_taligned|steel_gemm_splitk_accum_bfloat16_float32|steel_gemm_splitk_nt_bfloat16_float32_bm32_bn32_bk16_wm2_wn2_MN_taligned_K_taligned|steel_gemm_splitk_accum_bfloat16_float32|steel_gemm_fused_nt_bfloat16_bfloat16_bm64_bn64_bk16_wm2_wn2_has_batch_n_use_out_source_n_do_axpby_n_align_M_t_align_N_t_align_K_t|steel_gemm_splitk_nt_bfloat16_float32_bm32_bn32_bk16_wm2_wn2_MN_naligned_K_taligned|steel_gemm_splitk_accum_bfloat16_float32|custom_kernel_laguna_prefill_full_qk_norm_yarn_bf16_128_h1_v2_bfloat16_t_bfloat16_t_bfloat16_t_bfloat16_t_float_int32_tc_bfloat16_t_bfloat16_t|steel_attention_bfloat16_bq32_bk16_bd128_wm4_wn1_maskbfloat16_align_Q_t_align_K_t_has_mask_n_do_causal_t_has_sinks_n|Cf4IAsTypeADf4IBroadcastCBEf4IBroadcastBCFf4ILogAddExpDEGV2OAsTypeF_VC_V2_10408321403207385874_contiguous|g2_Multiplybfloat16|steel_gemm_fused_nt_bfloat16_bfloat16_bm64_bn64_bk16_wm2_wn2_has_batch_n_use_out_source_n_do_axpby_n_align_M_t_align_N_t_align_K_t|custom_kernel_laguna_residual_rms_bf16_2048_v1_bfloat16_t_bfloat16_t_bfloat16_t_bfloat16_t_bfloat16_t|steel_gemm_splitk_nt_bfloat16_float32_bm32_bn32_bk16_wm2_wn2_MN_taligned_K_taligned|steel_gemm_splitk_accum_bfloat16_float32|custom_kernel_laguna_prefill_router_tournament_ordinal_norm_v1_bfloat16_t_float_uint32_t_float|custom_kernel_mlx_lm_route_csort_scatter_fused_m8_u32_v4_uint32_t_uint32_t_uint32_t_uint32_t|gather_frontbfloat16_uint32_int_2|arangeuint32|nvfp4_gather_qmm_rhs_nt_bfloat16_t_gs_16_b_4_bm_16_bn_32_bk_32_wm_1_wn_2_align_M_t_align_N_t_align_K_t|nvfp4_qmm_t_splitk_fused_bfloat16_t_gs_16_b_4_alN_true|nvfp4_qmm_t_splitk_fused_bfloat16_t_gs_16_b_4_alN_true|g2_copybfloat16bfloat16|g2_copybfloat16bfloat16|CV2ISigmoidADV2IBroadcastACEV2IBroadcastCAFV2IMultiplyDEGV2IBroadcastFBHV2IBroadcastBFIV2OMultiplyGH_VV_V2V2_11160318154034397263_contiguous|arangeuint32|CV2ISigmoidADV2IBroadcastACEV2IBroadcastCAFV2IMultiplyDEGV2IBroadcastFBHV2IBroadcastBFIV2OMultiplyGH_VV_V2V2_11160318154034397263_contiguous|nvfp4_qmm_t_bfloat16_t_gs_16_b_4_alN_true_batch_0|nvfp4_gather_qmm_rhs_nt_bfloat16_t_gs_16_b_4_bm_16_bn_32_bk_32_wm_1_wn_2_align_M_t_align_N_t_align_K_t
GPUPROF 74339.954402667 74339.954481750 1 23101440 custom_kernel_laguna_prefill_sorted_moe_tail_bf16_v1_bfloat16_t_uint32_t_float_bfloat16_t_bfloat16_t_bfloat16_t
GPUPROF 74339.954482625 74339.968539792 30 636347908 rmsbfloat16|steel_gemm_splitk_nt_bfloat16_float32_bm32_bn32_bk16_wm2_wn2_MN_taligned_K_taligned|steel_gemm_splitk_accum_bfloat16_float32|steel_gemm_splitk_nt_bfloat16_float32_bm32_bn32_bk16_wm2_wn2_MN_taligned_K_taligned|steel_gemm_splitk_accum_bfloat16_float32|steel_gemm_fused_nt_bfloat16_bfloat16_bm64_bn64_bk16_wm2_wn2_has_batch_n_use_out_source_n_do_axpby_n_align_M_t_align_N_t_align_K_t|steel_gemm_splitk_nt_bfloat16_float32_bm32_bn32_bk16_wm2_wn2_MN_taligned_K_taligned|steel_gemm_splitk_accum_bfloat16_float32|custom_kernel_laguna_prefill_sliding_qk_norm_rope_bf16_128_h1_v2_bfloat16_t_bfloat16_t_bfloat16_t_bfloat16_t_float_int32_tc_bfloat16_t_bfloat16_t|steel_attention_bfloat16_bq32_bk16_bd128_wm4_wn1_maskbfloat16_align_Q_t_align_K_t_has_mask_n_do_causal_t_has_sinks_n|Cf4IAsTypeADf4IBroadcastCBEf4IBroadcastBCFf4ILogAddExpDEGV2OAsTypeF_VC_V2_10408321403207385874_contiguous|g2_Multiplybfloat16|steel_gemm_fused_nt_bfloat16_bfloat16_bm64_bn64_bk16_wm2_wn2_has_batch_n_use_out_source_n_do_axpby_n_align_M_t_align_N_t_align_K_t|custom_kernel_laguna_residual_rms_bf16_2048_v1_bfloat16_t_bfloat16_t_bfloat16_t_bfloat16_t_bfloat16_t|steel_gemm_splitk_nt_bfloat16_float32_bm32_bn32_bk16_wm2_wn2_MN_taligned_K_taligned|steel_gemm_splitk_accum_bfloat16_float32|custom_kernel_laguna_prefill_router_tournament_ordinal_norm_v1_bfloat16_t_float_uint32_t_float|custom_kernel_mlx_lm_route_csort_scatter_fused_m8_u32_v4_uint32_t_uint32_t_uint32_t_uint32_t|gather_frontbfloat16_uint32_int_2|arangeuint32|nvfp4_gather_qmm_rhs_nt_bfloat16_t_gs_16_b_4_bm_16_bn_32_bk_32_wm_1_wn_2_align_M_t_align_N_t_align_K_t|nvfp4_qmm_t_splitk_fused_bfloat16_t_gs_16_b_4_alN_true|nvfp4_qmm_t_splitk_fused_bfloat16_t_gs_16_b_4_alN_true|g2_copybfloat16bfloat16|g2_copybfloat16bfloat16|CV2ISigmoidADV2IBroadcastACEV2IBroadcastCAFV2IMultiplyDEGV2IBroadcastFBHV2IBroadcastBFIV2OMultiplyGH_VV_V2V2_11160318154034397263_contiguous|arangeuint32|CV2ISigmoidADV2IBroadcastACEV2IBroadcastCAFV2IMultiplyDEGV2IBroadcastFBHV2IBroadcastBFIV2OMultiplyGH_VV_V2V2_11160318154034397263_contiguous|nvfp4_qmm_t_bfloat16_t_gs_16_b_4_alN_true_batch_0|nvfp4_gather_qmm_rhs_nt_bfloat16_t_gs_16_b_4_bm_16_bn_32_bk_32_wm_1_wn_2_align_M_t_align_N_t_align_K_t
GPUPROF 74339.968540667 74339.968617500 1 23101440 custom_kernel_laguna_prefill_sorted_moe_tail_bf16_v1_bfloat16_t_uint32_t_float_bfloat16_t_bfloat16_t_bfloat16_t
GPUPROF 74339.968618292 74339.982404750 30 636347908 rmsbfloat16|steel_gemm_splitk_nt_bfloat16_float32_bm32_bn32_bk16_wm2_wn2_MN_taligned_K_taligned|steel_gemm_splitk_accum_bfloat16_float32|steel_gemm_splitk_nt_bfloat16_float32_bm32_bn32_bk16_wm2_wn2_MN_taligned_K_taligned|steel_gemm_splitk_accum_bfloat16_float32|steel_gemm_fused_nt_bfloat16_bfloat16_bm64_bn64_bk16_wm2_wn2_has_batch_n_use_out_source_n_do_axpby_n_align_M_t_align_N_t_align_K_t|steel_gemm_splitk_nt_bfloat16_float32_bm32_bn32_bk16_wm2_wn2_MN_taligned_K_taligned|steel_gemm_splitk_accum_bfloat16_float32|custom_kernel_laguna_prefill_sliding_qk_norm_rope_bf16_128_h1_v2_bfloat16_t_bfloat16_t_bfloat16_t_bfloat16_t_float_int32_tc_bfloat16_t_bfloat16_t|steel_attention_bfloat16_bq32_bk16_bd128_wm4_wn1_maskbfloat16_align_Q_t_align_K_t_has_mask_n_do_causal_t_has_sinks_n|Cf4IAsTypeADf4IBroadcastCBEf4IBroadcastBCFf4ILogAddExpDEGV2OAsTypeF_VC_V2_10408321403207385874_contiguous|g2_Multiplybfloat16|steel_gemm_fused_nt_bfloat16_bfloat16_bm64_bn64_bk16_wm2_wn2_has_batch_n_use_out_source_n_do_axpby_n_align_M_t_align_N_t_align_K_t|custom_kernel_laguna_residual_rms_bf16_2048_v1_bfloat16_t_bfloat16_t_bfloat16_t_bfloat16_t_bfloat16_t|steel_gemm_splitk_nt_bfloat16_float32_bm32_bn32_bk16_wm2_wn2_MN_taligned_K_taligned|steel_gemm_splitk_accum_bfloat16_float32|custom_kernel_laguna_prefill_router_tournament_ordinal_norm_v1_bfloat16_t_float_uint32_t_float|custom_kernel_mlx_lm_route_csort_scatter_fused_m8_u32_v4_uint32_t_uint32_t_uint32_t_uint32_t|gather_frontbfloat16_uint32_int_2|arangeuint32|nvfp4_gather_qmm_rhs_nt_bfloat16_t_gs_16_b_4_bm_16_bn_32_bk_32_wm_1_wn_2_align_M_t_align_N_t_align_K_t|nvfp4_qmm_t_splitk_fused_bfloat16_t_gs_16_b_4_alN_true|nvfp4_qmm_t_splitk_fused_bfloat16_t_gs_16_b_4_alN_true|g2_copybfloat16bfloat16|g2_copybfloat16bfloat16|CV2ISigmoidADV2IBroadcastACEV2IBroadcastCAFV2IMultiplyDEGV2IBroadcastFBHV2IBroadcastBFIV2OMultiplyGH_VV_V2V2_11160318154034397263_contiguous|arangeuint32|CV2ISigmoidADV2IBroadcastACEV2IBroadcastCAFV2IMultiplyDEGV2IBroadcastFBHV2IBroadcastBFIV2OMultiplyGH_VV_V2V2_11160318154034397263_contiguous|nvfp4_qmm_t_bfloat16_t_gs_16_b_4_alN_true_batch_0|nvfp4_gather_qmm_rhs_nt_bfloat16_t_gs_16_b_4_bm_16_bn_32_bk_32_wm_1_wn_2_align_M_t_align_N_t_align_K_t
GPUPROF 74339.982420500 74339.982497625 1 23101440 custom_kernel_laguna_prefill_sorted_moe_tail_bf16_v1_bfloat16_t_uint32_t_float_bfloat16_t_bfloat16_t_bfloat16_t
GPUPROF 74339.982498417 74339.984009250 19 650351176 rmsbfloat16|steel_gemm_fused_nt_bfloat16_bfloat16_bm64_bn64_bk16_wm2_wn2_has_batch_n_use_out_source_n_do_axpby_n_align_M_t_align_N_t_align_K_t|gemv_al_bfloat16_bm8_bn1_sm1_sn32_tm4_tn4_nc0_axpby0|g2_copybfloat16bfloat16|rmsbfloat16|rmsbfloat16|rope_bfloat16_|rope_single_bfloat16_|Cf4IAsTypeADf4IBroadcastCBEf4IBroadcastBCFf4ILogAddExpDEGV2OAsTypeF_VC_V2_10408321403207385874_contiguous|sdpa_vector_bfloat16_t_128_128_nomask_qnt_nc_nosinks|g2_Multiplybfloat16|gemv_al_bfloat16_bm4_bn1_sm1_sn32_tm4_tn4_nc0_axpby0|custom_kernel_laguna_residual_rms_router_bf16_2048_rpg8_keys_v1_bfloat16_t_bfloat16_t_bfloat16_t_bfloat16_t_float_bfloat16_t_bfloat16_t_bfloat16_t_uint32_t|custom_kernel_laguna_shared_nvfp4_swiglu_qmv_rows1_bf16_v1_bfloat16_t_uint32_t_uint8_t_bfloat16_t|custom_kernel_laguna_decode_router_top8_ordinal_table_norm_v1_bfloat16_t_float_uint32_t_float|custom_kernel_laguna_routed_nvfp4_swiglu_qmv_packed_top8keys_r1_bf16_v2_bfloat16_t_uint32_t_uint8_t_uint32_t_bfloat16_t|custom_kernel_laguna_routed_shared_nvfp4_down_residual_bf16_r1_v5_bfloat16_t_uint32_t_uint8_t_uint32_t_float_bfloat16_t_uint32_t_uint8_t_bfloat16_t_bfloat16_t|rmsbfloat16|custom_kernel_laguna_lmhead_int5_inline_coarse_ratio_bound_delta_bf16_v6_bfloat16_t_uint8_t_uint8_t_uint8_t_float_bfloat16_t
GPUPROF 74339.984010250 74339.984094625 3 411849732 custom_kernel_laguna_lmhead_coarse_argmax_stage1_v5_float_float_uint32_t|custom_kernel_laguna_lmhead_exact_winner_bf16_midpoint_threshold_v1_float_uint32_t_bfloat16_t_bfloat16_t_float|custom_kernel_laguna_lmhead_exact_inline_mask_block_delta_bf16_lane0_mask_v1_float_bfloat16_t_floatc_bfloat16_t_bfloat16_t_bfloat16_t
GPUPROF 74339.984405625 74339.984418042 2 401416 gather_frontbfloat16_int32_int_2|argmax_bfloat16
GPUPROF 74339.990616792 74339.990983000 4 424679424 gather_frontbfloat16_int32_int_2|rmsbfloat16|steel_gemm_splitk_nt_bfloat16_float32_bm32_bn32_bk16_wm2_wn2_MN_taligned_K_taligned|steel_gemm_splitk_accum_bfloat16_float32
GPUPROF 74339.991576625 74340.003493792 16 212455940 steel_gemm_splitk_nt_bfloat16_float32_bm32_bn32_bk16_wm2_wn2_MN_taligned_K_taligned|steel_gemm_splitk_accum_bfloat16_float32|steel_gemm_fused_nt_bfloat16_bfloat16_bm64_bn64_bk16_wm2_wn2_has_batch_n_use_out_source_n_do_axpby_n_align_M_t_align_N_t_align_K_t|steel_gemm_splitk_nt_bfloat16_float32_bm32_bn32_bk16_wm2_wn2_MN_naligned_K_taligned|steel_gemm_splitk_accum_bfloat16_float32|custom_kernel_laguna_prefill_full_qk_norm_yarn_bf16_128_h1_v2_bfloat16_t_bfloat16_t_bfloat16_t_bfloat16_t_float_int32_tc_bfloat16_t_bfloat16_t|steel_attention_bfloat16_bq32_bk16_bd128_wm4_wn1_maskbfloat16_align_Q_t_align_K_t_has_mask_n_do_causal_t_has_sinks_n|Cf4IAsTypeADf4IBroadcastCBEf4IBroadcastBCFf4ILogAddExpDEGV2OAsTypeF_VC_V2_10408321403207385874_contiguous|g2_Multiplybfloat16|steel_gemm_fused_nt_bfloat16_bfloat16_bm64_bn64_bk16_wm2_wn2_has_batch_n_use_out_source_n_do_axpby_n_align_M_t_align_N_t_align_K_t|custom_kernel_laguna_residual_rms_bf16_2048_v1_bfloat16_t_bfloat16_t_bfloat16_t_bfloat16_t_bfloat16_t|steel_gemm_fused_nt_bfloat16_bfloat16_bm64_bn64_bk16_wm2_wn2_has_batch_n_use_out_source_n_do_axpby_n_align_M_t_align_N_t_align_K_t|steel_gemm_fused_nt_bfloat16_bfloat16_bm64_bn64_bk16_wm2_wn2_has_batch_n_use_out_source_n_do_axpby_n_align_M_t_align_N_t_align_K_t|CV2ISigmoidADV2IBroadcastACEV2IBroadcastCAFV2IMultiplyDEGV2IBroadcastFBHV2IBroadcastBFIV2OMultiplyGH_VV_V2V2_11160318154034397263_contiguous|steel_gemm_fused_nt_bfloat16_bfloat16_bm64_bn64_bk16_wm2_wn2_has_batch_n_use_out_source_n_do_axpby_n_align_M_t_align_N_t_align_K_t|vvn_Addbfloat16
GPUPROF 74340.003494667 74340.018271250 30 636347908 rmsbfloat16|steel_gemm_splitk_nt_bfloat16_float32_bm32_bn32_bk16_wm2_wn2_MN_taligned_K_taligned|steel_gemm_splitk_accum_bfloat16_float32|steel_gemm_splitk_nt_bfloat16_float32_bm32_bn32_bk16_wm2_wn2_MN_taligned_K_taligned|steel_gemm_splitk_accum_bfloat16_float32|steel_gemm_fused_nt_bfloat16_bfloat16_bm64_bn64_bk16_wm2_wn2_has_batch_n_use_out_source_n_do_axpby_n_align_M_t_align_N_t_align_K_t|steel_gemm_splitk_nt_bfloat16_float32_bm32_bn32_bk16_wm2_wn2_MN_taligned_K_taligned|steel_gemm_splitk_accum_bfloat16_float32|custom_kernel_laguna_prefill_sliding_qk_norm_rope_bf16_128_h1_v2_bfloat16_t_bfloat16_t_bfloat16_t_bfloat16_t_float_int32_tc_bfloat16_t_bfloat16_t|steel_attention_bfloat16_bq32_bk16_bd128_wm4_wn1_maskbfloat16_align_Q_t_align_K_t_has_mask_n_do_causal_t_has_sinks_n|Cf4IAsTypeADf4IBroadcastCBEf4IBroadcastBCFf4ILogAddExpDEGV2OAsTypeF_VC_V2_10408321403207385874_contiguous|g2_Multiplybfloat16|steel_gemm_fused_nt_bfloat16_bfloat16_bm64_bn64_bk16_wm2_wn2_has_batch_n_use_out_source_n_do_axpby_n_align_M_t_align_N_t_align_K_t|custom_kernel_laguna_residual_rms_bf16_2048_v1_bfloat16_t_bfloat16_t_bfloat16_t_bfloat16_t_bfloat16_t|steel_gemm_splitk_nt_bfloat16_float32_bm32_bn32_bk16_wm2_wn2_MN_taligned_K_taligned|steel_gemm_splitk_accum_bfloat16_float32|custom_kernel_laguna_prefill_router_tournament_ordinal_norm_v1_bfloat16_t_float_uint32_t_float|custom_kernel_mlx_lm_route_csort_scatter_fused_m8_u32_v4_uint32_t_uint32_t_uint32_t_uint32_t|gather_frontbfloat16_uint32_int_2|arangeuint32|nvfp4_gather_qmm_rhs_nt_bfloat16_t_gs_16_b_4_bm_16_bn_32_bk_32_wm_1_wn_2_align_M_t_align_N_t_align_K_t|nvfp4_qmm_t_splitk_fused_bfloat16_t_gs_16_b_4_alN_true|nvfp4_qmm_t_splitk_fused_bfloat16_t_gs_16_b_4_alN_true|g2_copybfloat16bfloat16|g2_copybfloat16bfloat16|CV2ISigmoidADV2IBroadcastACEV2IBroadcastCAFV2IMultiplyDEGV2IBroadcastFBHV2IBroadcastBFIV2OMultiplyGH_VV_V2V2_11160318154034397263_contiguous|arangeuint32|CV2ISigmoidADV2IBroadcastACEV2IBroadcastCAFV2IMultiplyDEGV2IBroadcastFBHV2IBroadcastBFIV2OMultiplyGH_VV_V2V2_11160318154034397263_contiguous|nvfp4_qmm_t_bfloat16_t_gs_16_b_4_alN_true_batch_0|nvfp4_gather_qmm_rhs_nt_bfloat16_t_gs_16_b_4_bm_16_bn_32_bk_32_wm_1_wn_2_align_M_t_align_N_t_align_K_t
GPUPROF 74340.018272167 74340.018347875 1 23101440 custom_kernel_laguna_prefill_sorted_moe_tail_bf16_v1_bfloat16_t_uint32_t_float_bfloat16_t_bfloat16_t_bfloat16_t
GPUPROF 74340.018348875 74340.033137375 30 636347908 rmsbfloat16|steel_gemm_splitk_nt_bfloat16_float32_bm32_bn32_bk16_wm2_wn2_MN_taligned_K_taligned|steel_gemm_splitk_accum_bfloat16_float32|steel_gemm_splitk_nt_bfloat16_float32_bm32_bn32_bk16_wm2_wn2_MN_taligned_K_taligned|steel_gemm_splitk_accum_bfloat16_float32|steel_gemm_fused_nt_bfloat16_bfloat16_bm64_bn64_bk16_wm2_wn2_has_batch_n_use_out_source_n_do_axpby_n_align_M_t_align_N_t_align_K_t|steel_gemm_splitk_nt_bfloat16_float32_bm32_bn32_bk16_wm2_wn2_MN_taligned_K_taligned|steel_gemm_splitk_accum_bfloat16_float32|custom_kernel_laguna_prefill_sliding_qk_norm_rope_bf16_128_h1_v2_bfloat16_t_bfloat16_t_bfloat16_t_bfloat16_t_float_int32_tc_bfloat16_t_bfloat16_t|steel_attention_bfloat16_bq32_bk16_bd128_wm4_wn1_maskbfloat16_align_Q_t_align_K_t_has_mask_n_do_causal_t_has_sinks_n|Cf4IAsTypeADf4IBroadcastCBEf4IBroadcastBCFf4ILogAddExpDEGV2OAsTypeF_VC_V2_10408321403207385874_contiguous|g2_Multiplybfloat16|steel_gemm_fused_nt_bfloat16_bfloat16_bm64_bn64_bk16_wm2_wn2_has_batch_n_use_out_source_n_do_axpby_n_align_M_t_align_N_t_align_K_t|custom_kernel_laguna_residual_rms_bf16_2048_v1_bfloat16_t_bfloat16_t_bfloat16_t_bfloat16_t_bfloat16_t|steel_gemm_splitk_nt_bfloat16_float32_bm32_bn32_bk16_wm2_wn2_MN_taligned_K_taligned|steel_gemm_splitk_accum_bfloat16_float32|custom_kernel_laguna_prefill_router_tournament_ordinal_norm_v1_bfloat16_t_float_uint32_t_float|custom_kernel_mlx_lm_route_csort_scatter_fused_m8_u32_v4_uint32_t_uint32_t_uint32_t_uint32_t|gather_frontbfloat16_uint32_int_2|arangeuint32|nvfp4_gather_qmm_rhs_nt_bfloat16_t_gs_16_b_4_bm_16_bn_32_bk_32_wm_1_wn_2_align_M_t_align_N_t_align_K_t|nvfp4_qmm_t_splitk_fused_bfloat16_t_gs_16_b_4_alN_true|nvfp4_qmm_t_splitk_fused_bfloat16_t_gs_16_b_4_alN_true|g2_copybfloat16bfloat16|g2_copybfloat16bfloat16|CV2ISigmoidADV2IBroadcastACEV2IBroadcastCAFV2IMultiplyDEGV2IBroadcastFBHV2IBroadcastBFIV2OMultiplyGH_VV_V2V2_11160318154034397263_contiguous|arangeuint32|CV2ISigmoidADV2IBroadcastACEV2IBroadcastCAFV2IMultiplyDEGV2IBroadcastFBHV2IBroadcastBFIV2OMultiplyGH_VV_V2V2_11160318154034397263_contiguous|nvfp4_qmm_t_bfloat16_t_gs_16_b_4_alN_true_batch_0|nvfp4_gather_qmm_rhs_nt_bfloat16_t_gs_16_b_4_bm_16_bn_32_bk_32_wm_1_wn_2_align_M_t_align_N_t_align_K_t
GPUPROF 74340.033138167 74340.033214750 1 23101440 custom_kernel_laguna_prefill_sorted_moe_tail_bf16_v1_bfloat16_t_uint32_t_float_bfloat16_t_bfloat16_t_bfloat16_t
GPUPROF 74340.033215667 74340.047796917 30 636347908 rmsbfloat16|steel_gemm_splitk_nt_bfloat16_float32_bm32_bn32_bk16_wm2_wn2_MN_taligned_K_taligned|steel_gemm_splitk_accum_bfloat16_float32|steel_gemm_splitk_nt_bfloat16_float32_bm32_bn32_bk16_wm2_wn2_MN_taligned_K_taligned|steel_gemm_splitk_accum_bfloat16_float32|steel_gemm_fused_nt_bfloat16_bfloat16_bm64_bn64_bk16_wm2_wn2_has_batch_n_use_out_source_n_do_axpby_n_align_M_t_align_N_t_align_K_t|steel_gemm_splitk_nt_bfloat16_float32_bm32_bn32_bk16_wm2_wn2_MN_taligned_K_taligned|steel_gemm_splitk_accum_bfloat16_float32|custom_kernel_laguna_prefill_sliding_qk_norm_rope_bf16_128_h1_v2_bfloat16_t_bfloat16_t_bfloat16_t_bfloat16_t_float_int32_tc_bfloat16_t_bfloat16_t|steel_attention_bfloat16_bq32_bk16_bd128_wm4_wn1_maskbfloat16_align_Q_t_align_K_t_has_mask_n_do_causal_t_has_sinks_n|Cf4IAsTypeADf4IBroadcastCBEf4IBroadcastBCFf4ILogAddExpDEGV2OAsTypeF_VC_V2_10408321403207385874_contiguous|g2_Multiplybfloat16|steel_gemm_fused_nt_bfloat16_bfloat16_bm64_bn64_bk16_wm2_wn2_has_batch_n_use_out_source_n_do_axpby_n_align_M_t_align_N_t_align_K_t|custom_kernel_laguna_residual_rms_bf16_2048_v1_bfloat16_t_bfloat16_t_bfloat16_t_bfloat16_t_bfloat16_t|steel_gemm_splitk_nt_bfloat16_float32_bm32_bn32_bk16_wm2_wn2_MN_taligned_K_taligned|steel_gemm_splitk_accum_bfloat16_float32|custom_kernel_laguna_prefill_router_tournament_ordinal_norm_v1_bfloat16_t_float_uint32_t_float|custom_kernel_mlx_lm_route_csort_scatter_fused_m8_u32_v4_uint32_t_uint32_t_uint32_t_uint32_t|gather_frontbfloat16_uint32_int_2|arangeuint32|nvfp4_gather_qmm_rhs_nt_bfloat16_t_gs_16_b_4_bm_16_bn_32_bk_32_wm_1_wn_2_align_M_t_align_N_t_align_K_t|nvfp4_qmm_t_splitk_fused_bfloat16_t_gs_16_b_4_alN_true|nvfp4_qmm_t_splitk_fused_bfloat16_t_gs_16_b_4_alN_true|g2_copybfloat16bfloat16|g2_copybfloat16bfloat16|CV2ISigmoidADV2IBroadcastACEV2IBroadcastCAFV2IMultiplyDEGV2IBroadcastFBHV2IBroadcastBFIV2OMultiplyGH_VV_V2V2_11160318154034397263_contiguous|arangeuint32|CV2ISigmoidADV2IBroadcastACEV2IBroadcastCAFV2IMultiplyDEGV2IBroadcastFBHV2IBroadcastBFIV2OMultiplyGH_VV_V2V2_11160318154034397263_contiguous|nvfp4_qmm_t_bfloat16_t_gs_16_b_4_alN_true_batch_0|nvfp4_gather_qmm_rhs_nt_bfloat16_t_gs_16_b_4_bm_16_bn_32_bk_32_wm_1_wn_2_align_M_t_align_N_t_align_K_t
GPUPROF 74340.047797667 74340.047874542 1 23101440 custom_kernel_laguna_prefill_sorted_moe_tail_bf16_v1_bfloat16_t_uint32_t_float_bfloat16_t_bfloat16_t_bfloat16_t
GPUPROF 74340.047875542 74340.060823375 30 612017668 rmsbfloat16|steel_gemm_splitk_nt_bfloat16_float32_bm32_bn32_bk16_wm2_wn2_MN_taligned_K_taligned|steel_gemm_splitk_accum_bfloat16_float32|steel_gemm_splitk_nt_bfloat16_float32_bm32_bn32_bk16_wm2_wn2_MN_taligned_K_taligned|steel_gemm_splitk_accum_bfloat16_float32|steel_gemm_fused_nt_bfloat16_bfloat16_bm64_bn64_bk16_wm2_wn2_has_batch_n_use_out_source_n_do_axpby_n_align_M_t_align_N_t_align_K_t|steel_gemm_splitk_nt_bfloat16_float32_bm32_bn32_bk16_wm2_wn2_MN_naligned_K_taligned|steel_gemm_splitk_accum_bfloat16_float32|custom_kernel_laguna_prefill_full_qk_norm_yarn_bf16_128_h1_v2_bfloat16_t_bfloat16_t_bfloat16_t_bfloat16_t_float_int32_tc_bfloat16_t_bfloat16_t|steel_attention_bfloat16_bq32_bk16_bd128_wm4_wn1_maskbfloat16_align_Q_t_align_K_t_has_mask_n_do_causal_t_has_sinks_n|Cf4IAsTypeADf4IBroadcastCBEf4IBroadcastBCFf4ILogAddExpDEGV2OAsTypeF_VC_V2_10408321403207385874_contiguous|g2_Multiplybfloat16|steel_gemm_fused_nt_bfloat16_bfloat16_bm64_bn64_bk16_wm2_wn2_has_batch_n_use_out_source_n_do_axpby_n_align_M_t_align_N_t_align_K_t|custom_kernel_laguna_residual_rms_bf16_2048_v1_bfloat16_t_bfloat16_t_bfloat16_t_bfloat16_t_bfloat16_t|steel_gemm_splitk_nt_bfloat16_float32_bm32_bn32_bk16_wm2_wn2_MN_taligned_K_taligned|steel_gemm_splitk_accum_bfloat16_float32|custom_kernel_laguna_prefill_router_tournament_ordinal_norm_v1_bfloat16_t_float_uint32_t_float|custom_kernel_mlx_lm_route_csort_scatter_fused_m8_u32_v4_uint32_t_uint32_t_uint32_t_uint32_t|gather_frontbfloat16_uint32_int_2|arangeuint32|nvfp4_gather_qmm_rhs_nt_bfloat16_t_gs_16_b_4_bm_16_bn_32_bk_32_wm_1_wn_2_align_M_t_align_N_t_align_K_t|nvfp4_qmm_t_splitk_fused_bfloat16_t_gs_16_b_4_alN_true|nvfp4_qmm_t_splitk_fused_bfloat16_t_gs_16_b_4_alN_true|g2_copybfloat16bfloat16|g2_copybfloat16bfloat16|CV2ISigmoidADV2IBroadcastACEV2IBroadcastCAFV2IMultiplyDEGV2IBroadcastFBHV2IBroadcastBFIV2OMultiplyGH_VV_V2V2_11160318154034397263_contiguous|arangeuint32|CV2ISigmoidADV2IBroadcastACEV2IBroadcastCAFV2IMultiplyDEGV2IBroadcastFBHV2IBroadcastBFIV2OMultiplyGH_VV_V2V2_11160318154034397263_contiguous|nvfp4_qmm_t_bfloat16_t_gs_16_b_4_alN_true_batch_0|nvfp4_gather_qmm_rhs_nt_bfloat16_t_gs_16_b_4_bm_16_bn_32_bk_32_wm_1_wn_2_align_M_t_align_N_t_align_K_t
GPUPROF 74340.060824125 74340.060899750 1 23101440 custom_kernel_laguna_prefill_sorted_moe_tail_bf16_v1_bfloat16_t_uint32_t_float_bfloat16_t_bfloat16_t_bfloat16_t
GPUPROF 74340.060900625 74340.075345750 30 636347908 rmsbfloat16|steel_gemm_splitk_nt_bfloat16_float32_bm32_bn32_bk16_wm2_wn2_MN_taligned_K_taligned|steel_gemm_splitk_accum_bfloat16_float32|steel_gemm_splitk_nt_bfloat16_float32_bm32_bn32_bk16_wm2_wn2_MN_taligned_K_taligned|steel_gemm_splitk_accum_bfloat16_float32|steel_gemm_fused_nt_bfloat16_bfloat16_bm64_bn64_bk16_wm2_wn2_has_batch_n_use_out_source_n_do_axpby_n_align_M_t_align_N_t_align_K_t|steel_gemm_splitk_nt_bfloat16_float32_bm32_bn32_bk16_wm2_wn2_MN_taligned_K_taligned|steel_gemm_splitk_accum_bfloat16_float32|custom_kernel_laguna_prefill_sliding_qk_norm_rope_bf16_128_h1_v2_bfloat16_t_bfloat16_t_bfloat16_t_bfloat16_t_float_int32_tc_bfloat16_t_bfloat16_t|steel_attention_bfloat16_bq32_bk16_bd128_wm4_wn1_maskbfloat16_align_Q_t_align_K_t_has_mask_n_do_causal_t_has_sinks_n|Cf4IAsTypeADf4IBroadcastCBEf4IBroadcastBCFf4ILogAddExpDEGV2OAsTypeF_VC_V2_10408321403207385874_contiguous|g2_Multiplybfloat16|steel_gemm_fused_nt_bfloat16_bfloat16_bm64_bn64_bk16_wm2_wn2_has_batch_n_use_out_source_n_do_axpby_n_align_M_t_align_N_t_align_K_t|custom_kernel_laguna_residual_rms_bf16_2048_v1_bfloat16_t_bfloat16_t_bfloat16_t_bfloat16_t_bfloat16_t|steel_gemm_splitk_nt_bfloat16_float32_bm32_bn32_bk16_wm2_wn2_MN_taligned_K_taligned|steel_gemm_splitk_accum_bfloat16_float32|custom_kernel_laguna_prefill_router_tournament_ordinal_norm_v1_bfloat16_t_float_uint32_t_float|custom_kernel_mlx_lm_route_csort_scatter_fused_m8_u32_v4_uint32_t_uint32_t_uint32_t_uint32_t|gather_frontbfloat16_uint32_int_2|arangeuint32|nvfp4_gather_qmm_rhs_nt_bfloat16_t_gs_16_b_4_bm_16_bn_32_bk_32_wm_1_wn_2_align_M_t_align_N_t_align_K_t|nvfp4_qmm_t_splitk_fused_bfloat16_t_gs_16_b_4_alN_true|nvfp4_qmm_t_splitk_fused_bfloat16_t_gs_16_b_4_alN_true|g2_copybfloat16bfloat16|g2_copybfloat16bfloat16|CV2ISigmoidADV2IBroadcastACEV2IBroadcastCAFV2IMultiplyDEGV2IBroadcastFBHV2IBroadcastBFIV2OMultiplyGH_VV_V2V2_11160318154034397263_contiguous|arangeuint32|CV2ISigmoidADV2IBroadcastACEV2IBroadcastCAFV2IMultiplyDEGV2IBroadcastFBHV2IBroadcastBFIV2OMultiplyGH_VV_V2V2_11160318154034397263_contiguous|nvfp4_qmm_t_bfloat16_t_gs_16_b_4_alN_true_batch_0|nvfp4_gather_qmm_rhs_nt_bfloat16_t_gs_16_b_4_bm_16_bn_32_bk_32_wm_1_wn_2_align_M_t_align_N_t_align_K_t
GPUPROF 74340.075346500 74340.075424875 1 23101440 custom_kernel_laguna_prefill_sorted_moe_tail_bf16_v1_bfloat16_t_uint32_t_float_bfloat16_t_bfloat16_t_bfloat16_t
GPUPROF 74340.075425625 74340.089831375 30 636347908 rmsbfloat16|steel_gemm_splitk_nt_bfloat16_float32_bm32_bn32_bk16_wm2_wn2_MN_taligned_K_taligned|steel_gemm_splitk_accum_bfloat16_float32|steel_gemm_splitk_nt_bfloat16_float32_bm32_bn32_bk16_wm2_wn2_MN_taligned_K_taligned|steel_gemm_splitk_accum_bfloat16_float32|steel_gemm_fused_nt_bfloat16_bfloat16_bm64_bn64_bk16_wm2_wn2_has_batch_n_use_out_source_n_do_axpby_n_align_M_t_align_N_t_align_K_t|steel_gemm_splitk_nt_bfloat16_float32_bm32_bn32_bk16_wm2_wn2_MN_taligned_K_taligned|steel_gemm_splitk_accum_bfloat16_float32|custom_kernel_laguna_prefill_sliding_qk_norm_rope_bf16_128_h1_v2_bfloat16_t_bfloat16_t_bfloat16_t_bfloat16_t_float_int32_tc_bfloat16_t_bfloat16_t|steel_attention_bfloat16_bq32_bk16_bd128_wm4_wn1_maskbfloat16_align_Q_t_align_K_t_has_mask_n_do_causal_t_has_sinks_n|Cf4IAsTypeADf4IBroadcastCBEf4IBroadcastBCFf4ILogAddExpDEGV2OAsTypeF_VC_V2_10408321403207385874_contiguous|g2_Multiplybfloat16|steel_gemm_fused_nt_bfloat16_bfloat16_bm64_bn64_bk16_wm2_wn2_has_batch_n_use_out_source_n_do_axpby_n_align_M_t_align_N_t_align_K_t|custom_kernel_laguna_residual_rms_bf16_2048_v1_bfloat16_t_bfloat16_t_bfloat16_t_bfloat16_t_bfloat16_t|steel_gemm_splitk_nt_bfloat16_float32_bm32_bn32_bk16_wm2_wn2_MN_taligned_K_taligned|steel_gemm_splitk_accum_bfloat16_float32|custom_kernel_laguna_prefill_router_tournament_ordinal_norm_v1_bfloat16_t_float_uint32_t_float|custom_kernel_mlx_lm_route_csort_scatter_fused_m8_u32_v4_uint32_t_uint32_t_uint32_t_uint32_t|gather_frontbfloat16_uint32_int_2|arangeuint32|nvfp4_gather_qmm_rhs_nt_bfloat16_t_gs_16_b_4_bm_16_bn_32_bk_32_wm_1_wn_2_align_M_t_align_N_t_align_K_t|nvfp4_qmm_t_splitk_fused_bfloat16_t_gs_16_b_4_alN_true|nvfp4_qmm_t_splitk_fused_bfloat16_t_gs_16_b_4_alN_true|g2_copybfloat16bfloat16|g2_copybfloat16bfloat16|CV2ISigmoidADV2IBroadcastACEV2IBroadcastCAFV2IMultiplyDEGV2IBroadcastFBHV2IBroadcastBFIV2OMultiplyGH_VV_V2V2_11160318154034397263_contiguous|arangeuint32|CV2ISigmoidADV2IBroadcastACEV2IBroadcastCAFV2IMultiplyDEGV2IBroadcastFBHV2IBroadcastBFIV2OMultiplyGH_VV_V2V2_11160318154034397263_contiguous|nvfp4_qmm_t_bfloat16_t_gs_16_b_4_alN_true_batch_0|nvfp4_gather_qmm_rhs_nt_bfloat16_t_gs_16_b_4_bm_16_bn_32_bk_32_wm_1_wn_2_align_M_t_align_N_t_align_K_t
GPUPROF 74340.089832375 74340.089910375 1 23101440 custom_kernel_laguna_prefill_sorted_moe_tail_bf16_v1_bfloat16_t_uint32_t_float_bfloat16_t_bfloat16_t_bfloat16_t
GPUPROF 74340.089911292 74340.104280125 30 636347908 rmsbfloat16|steel_gemm_splitk_nt_bfloat16_float32_bm32_bn32_bk16_wm2_wn2_MN_taligned_K_taligned|steel_gemm_splitk_accum_bfloat16_float32|steel_gemm_splitk_nt_bfloat16_float32_bm32_bn32_bk16_wm2_wn2_MN_taligned_K_taligned|steel_gemm_splitk_accum_bfloat16_float32|steel_gemm_fused_nt_bfloat16_bfloat16_bm64_bn64_bk16_wm2_wn2_has_batch_n_use_out_source_n_do_axpby_n_align_M_t_align_N_t_align_K_t|steel_gemm_splitk_nt_bfloat16_float32_bm32_bn32_bk16_wm2_wn2_MN_taligned_K_taligned|steel_gemm_splitk_accum_bfloat16_float32|custom_kernel_laguna_prefill_sliding_qk_norm_rope_bf16_128_h1_v2_bfloat16_t_bfloat16_t_bfloat16_t_bfloat16_t_float_int32_tc_bfloat16_t_bfloat16_t|steel_attention_bfloat16_bq32_bk16_bd128_wm4_wn1_maskbfloat16_align_Q_t_align_K_t_has_mask_n_do_causal_t_has_sinks_n|Cf4IAsTypeADf4IBroadcastCBEf4IBroadcastBCFf4ILogAddExpDEGV2OAsTypeF_VC_V2_10408321403207385874_contiguous|g2_Multiplybfloat16|steel_gemm_fused_nt_bfloat16_bfloat16_bm64_bn64_bk16_wm2_wn2_has_batch_n_use_out_source_n_do_axpby_n_align_M_t_align_N_t_align_K_t|custom_kernel_laguna_residual_rms_bf16_2048_v1_bfloat16_t_bfloat16_t_bfloat16_t_bfloat16_t_bfloat16_t|steel_gemm_splitk_nt_bfloat16_float32_bm32_bn32_bk16_wm2_wn2_MN_taligned_K_taligned|steel_gemm_splitk_accum_bfloat16_float32|custom_kernel_laguna_prefill_router_tournament_ordinal_norm_v1_bfloat16_t_float_uint32_t_float|custom_kernel_mlx_lm_route_csort_scatter_fused_m8_u32_v4_uint32_t_uint32_t_uint32_t_uint32_t|gather_frontbfloat16_uint32_int_2|arangeuint32|nvfp4_gather_qmm_rhs_nt_bfloat16_t_gs_16_b_4_bm_16_bn_32_bk_32_wm_1_wn_2_align_M_t_align_N_t_align_K_t|nvfp4_qmm_t_splitk_fused_bfloat16_t_gs_16_b_4_alN_true|nvfp4_qmm_t_splitk_fused_bfloat16_t_gs_16_b_4_alN_true|g2_copybfloat16bfloat16|g2_copybfloat16bfloat16|CV2ISigmoidADV2IBroadcastACEV2IBroadcastCAFV2IMultiplyDEGV2IBroadcastFBHV2IBroadcastBFIV2OMultiplyGH_VV_V2V2_11160318154034397263_contiguous|arangeuint32|CV2ISigmoidADV2IBroadcastACEV2IBroadcastCAFV2IMultiplyDEGV2IBroadcastFBHV2IBroadcastBFIV2OMultiplyGH_VV_V2V2_11160318154034397263_contiguous|nvfp4_qmm_t_bfloat16_t_gs_16_b_4_alN_true_batch_0|nvfp4_gather_qmm_rhs_nt_bfloat16_t_gs_16_b_4_bm_16_bn_32_bk_32_wm_1_wn_2_align_M_t_align_N_t_align_K_t
GPUPROF 74340.104280875 74340.104359792 1 23101440 custom_kernel_laguna_prefill_sorted_moe_tail_bf16_v1_bfloat16_t_uint32_t_float_bfloat16_t_bfloat16_t_bfloat16_t
GPUPROF 74340.104360542 74340.117425667 30 612017668 rmsbfloat16|steel_gemm_splitk_nt_bfloat16_float32_bm32_bn32_bk16_wm2_wn2_MN_taligned_K_taligned|steel_gemm_splitk_accum_bfloat16_float32|steel_gemm_splitk_nt_bfloat16_float32_bm32_bn32_bk16_wm2_wn2_MN_taligned_K_taligned|steel_gemm_splitk_accum_bfloat16_float32|steel_gemm_fused_nt_bfloat16_bfloat16_bm64_bn64_bk16_wm2_wn2_has_batch_n_use_out_source_n_do_axpby_n_align_M_t_align_N_t_align_K_t|steel_gemm_splitk_nt_bfloat16_float32_bm32_bn32_bk16_wm2_wn2_MN_naligned_K_taligned|steel_gemm_splitk_accum_bfloat16_float32|custom_kernel_laguna_prefill_full_qk_norm_yarn_bf16_128_h1_v2_bfloat16_t_bfloat16_t_bfloat16_t_bfloat16_t_float_int32_tc_bfloat16_t_bfloat16_t|steel_attention_bfloat16_bq32_bk16_bd128_wm4_wn1_maskbfloat16_align_Q_t_align_K_t_has_mask_n_do_causal_t_has_sinks_n|Cf4IAsTypeADf4IBroadcastCBEf4IBroadcastBCFf4ILogAddExpDEGV2OAsTypeF_VC_V2_10408321403207385874_contiguous|g2_Multiplybfloat16|steel_gemm_fused_nt_bfloat16_bfloat16_bm64_bn64_bk16_wm2_wn2_has_batch_n_use_out_source_n_do_axpby_n_align_M_t_align_N_t_align_K_t|custom_kernel_laguna_residual_rms_bf16_2048_v1_bfloat16_t_bfloat16_t_bfloat16_t_bfloat16_t_bfloat16_t|steel_gemm_splitk_nt_bfloat16_float32_bm32_bn32_bk16_wm2_wn2_MN_taligned_K_taligned|steel_gemm_splitk_accum_bfloat16_float32|custom_kernel_laguna_prefill_router_tournament_ordinal_norm_v1_bfloat16_t_float_uint32_t_float|custom_kernel_mlx_lm_route_csort_scatter_fused_m8_u32_v4_uint32_t_uint32_t_uint32_t_uint32_t|gather_frontbfloat16_uint32_int_2|arangeuint32|nvfp4_gather_qmm_rhs_nt_bfloat16_t_gs_16_b_4_bm_16_bn_32_bk_32_wm_1_wn_2_align_M_t_align_N_t_align_K_t|nvfp4_qmm_t_splitk_fused_bfloat16_t_gs_16_b_4_alN_true|nvfp4_qmm_t_splitk_fused_bfloat16_t_gs_16_b_4_alN_true|g2_copybfloat16bfloat16|g2_copybfloat16bfloat16|CV2ISigmoidADV2IBroadcastACEV2IBroadcastCAFV2IMultiplyDEGV2IBroadcastFBHV2IBroadcastBFIV2OMultiplyGH_VV_V2V2_11160318154034397263_contiguous|arangeuint32|CV2ISigmoidADV2IBroadcastACEV2IBroadcastCAFV2IMultiplyDEGV2IBroadcastFBHV2IBroadcastBFIV2OMultiplyGH_VV_V2V2_11160318154034397263_contiguous|nvfp4_qmm_t_bfloat16_t_gs_16_b_4_alN_true_batch_0|nvfp4_gather_qmm_rhs_nt_bfloat16_t_gs_16_b_4_bm_16_bn_32_bk_32_wm_1_wn_2_align_M_t_align_N_t_align_K_t
GPUPROF 74340.117426417 74340.117501625 1 23101440 custom_kernel_laguna_prefill_sorted_moe_tail_bf16_v1_bfloat16_t_uint32_t_float_bfloat16_t_bfloat16_t_bfloat16_t
GPUPROF 74340.117502500 74340.131907250 30 636347908 rmsbfloat16|steel_gemm_splitk_nt_bfloat16_float32_bm32_bn32_bk16_wm2_wn2_MN_taligned_K_taligned|steel_gemm_splitk_accum_bfloat16_float32|steel_gemm_splitk_nt_bfloat16_float32_bm32_bn32_bk16_wm2_wn2_MN_taligned_K_taligned|steel_gemm_splitk_accum_bfloat16_float32|steel_gemm_fused_nt_bfloat16_bfloat16_bm64_bn64_bk16_wm2_wn2_has_batch_n_use_out_source_n_do_axpby_n_align_M_t_align_N_t_align_K_t|steel_gemm_splitk_nt_bfloat16_float32_bm32_bn32_bk16_wm2_wn2_MN_taligned_K_taligned|steel_gemm_splitk_accum_bfloat16_float32|custom_kernel_laguna_prefill_sliding_qk_norm_rope_bf16_128_h1_v2_bfloat16_t_bfloat16_t_bfloat16_t_bfloat16_t_float_int32_tc_bfloat16_t_bfloat16_t|steel_attention_bfloat16_bq32_bk16_bd128_wm4_wn1_maskbfloat16_align_Q_t_align_K_t_has_mask_n_do_causal_t_has_sinks_n|Cf4IAsTypeADf4IBroadcastCBEf4IBroadcastBCFf4ILogAddExpDEGV2OAsTypeF_VC_V2_10408321403207385874_contiguous|g2_Multiplybfloat16|steel_gemm_fused_nt_bfloat16_bfloat16_bm64_bn64_bk16_wm2_wn2_has_batch_n_use_out_source_n_do_axpby_n_align_M_t_align_N_t_align_K_t|custom_kernel_laguna_residual_rms_bf16_2048_v1_bfloat16_t_bfloat16_t_bfloat16_t_bfloat16_t_bfloat16_t|steel_gemm_splitk_nt_bfloat16_float32_bm32_bn32_bk16_wm2_wn2_MN_taligned_K_taligned|steel_gemm_splitk_accum_bfloat16_float32|custom_kernel_laguna_prefill_router_tournament_ordinal_norm_v1_bfloat16_t_float_uint32_t_float|custom_kernel_mlx_lm_route_csort_scatter_fused_m8_u32_v4_uint32_t_uint32_t_uint32_t_uint32_t|gather_frontbfloat16_uint32_int_2|arangeuint32|nvfp4_gather_qmm_rhs_nt_bfloat16_t_gs_16_b_4_bm_16_bn_32_bk_32_wm_1_wn_2_align_M_t_align_N_t_align_K_t|nvfp4_qmm_t_splitk_fused_bfloat16_t_gs_16_b_4_alN_true|nvfp4_qmm_t_splitk_fused_bfloat16_t_gs_16_b_4_alN_true|g2_copybfloat16bfloat16|g2_copybfloat16bfloat16|CV2ISigmoidADV2IBroadcastACEV2IBroadcastCAFV2IMultiplyDEGV2IBroadcastFBHV2IBroadcastBFIV2OMultiplyGH_VV_V2V2_11160318154034397263_contiguous|arangeuint32|CV2ISigmoidADV2IBroadcastACEV2IBroadcastCAFV2IMultiplyDEGV2IBroadcastFBHV2IBroadcastBFIV2OMultiplyGH_VV_V2V2_11160318154034397263_contiguous|nvfp4_qmm_t_bfloat16_t_gs_16_b_4_alN_true_batch_0|nvfp4_gather_qmm_rhs_nt_bfloat16_t_gs_16_b_4_bm_16_bn_32_bk_32_wm_1_wn_2_align_M_t_align_N_t_align_K_t
GPUPROF 74340.131908125 74340.131986542 1 23101440 custom_kernel_laguna_prefill_sorted_moe_tail_bf16_v1_bfloat16_t_uint32_t_float_bfloat16_t_bfloat16_t_bfloat16_t
GPUPROF 74340.131987375 74340.146367125 30 636347908 rmsbfloat16|steel_gemm_splitk_nt_bfloat16_float32_bm32_bn32_bk16_wm2_wn2_MN_taligned_K_taligned|steel_gemm_splitk_accum_bfloat16_float32|steel_gemm_splitk_nt_bfloat16_float32_bm32_bn32_bk16_wm2_wn2_MN_taligned_K_taligned|steel_gemm_splitk_accum_bfloat16_float32|steel_gemm_fused_nt_bfloat16_bfloat16_bm64_bn64_bk16_wm2_wn2_has_batch_n_use_out_source_n_do_axpby_n_align_M_t_align_N_t_align_K_t|steel_gemm_splitk_nt_bfloat16_float32_bm32_bn32_bk16_wm2_wn2_MN_taligned_K_taligned|steel_gemm_splitk_accum_bfloat16_float32|custom_kernel_laguna_prefill_sliding_qk_norm_rope_bf16_128_h1_v2_bfloat16_t_bfloat16_t_bfloat16_t_bfloat16_t_float_int32_tc_bfloat16_t_bfloat16_t|steel_attention_bfloat16_bq32_bk16_bd128_wm4_wn1_maskbfloat16_align_Q_t_align_K_t_has_mask_n_do_causal_t_has_sinks_n|Cf4IAsTypeADf4IBroadcastCBEf4IBroadcastBCFf4ILogAddExpDEGV2OAsTypeF_VC_V2_10408321403207385874_contiguous|g2_Multiplybfloat16|steel_gemm_fused_nt_bfloat16_bfloat16_bm64_bn64_bk16_wm2_wn2_has_batch_n_use_out_source_n_do_axpby_n_align_M_t_align_N_t_align_K_t|custom_kernel_laguna_residual_rms_bf16_2048_v1_bfloat16_t_bfloat16_t_bfloat16_t_bfloat16_t_bfloat16_t|steel_gemm_splitk_nt_bfloat16_float32_bm32_bn32_bk16_wm2_wn2_MN_taligned_K_taligned|steel_gemm_splitk_accum_bfloat16_float32|custom_kernel_laguna_prefill_router_tournament_ordinal_norm_v1_bfloat16_t_float_uint32_t_float|custom_kernel_mlx_lm_route_csort_scatter_fused_m8_u32_v4_uint32_t_uint32_t_uint32_t_uint32_t|gather_frontbfloat16_uint32_int_2|arangeuint32|nvfp4_gather_qmm_rhs_nt_bfloat16_t_gs_16_b_4_bm_16_bn_32_bk_32_wm_1_wn_2_align_M_t_align_N_t_align_K_t|nvfp4_qmm_t_splitk_fused_bfloat16_t_gs_16_b_4_alN_true|nvfp4_qmm_t_splitk_fused_bfloat16_t_gs_16_b_4_alN_true|g2_copybfloat16bfloat16|g2_copybfloat16bfloat16|CV2ISigmoidADV2IBroadcastACEV2IBroadcastCAFV2IMultiplyDEGV2IBroadcastFBHV2IBroadcastBFIV2OMultiplyGH_VV_V2V2_11160318154034397263_contiguous|arangeuint32|CV2ISigmoidADV2IBroadcastACEV2IBroadcastCAFV2IMultiplyDEGV2IBroadcastFBHV2IBroadcastBFIV2OMultiplyGH_VV_V2V2_11160318154034397263_contiguous|nvfp4_qmm_t_bfloat16_t_gs_16_b_4_alN_true_batch_0|nvfp4_gather_qmm_rhs_nt_bfloat16_t_gs_16_b_4_bm_16_bn_32_bk_32_wm_1_wn_2_align_M_t_align_N_t_align_K_t
GPUPROF 74340.146368000 74340.146445250 1 23101440 custom_kernel_laguna_prefill_sorted_moe_tail_bf16_v1_bfloat16_t_uint32_t_float_bfloat16_t_bfloat16_t_bfloat16_t
GPUPROF 74340.146446125 74340.160805042 30 636347908 rmsbfloat16|steel_gemm_splitk_nt_bfloat16_float32_bm32_bn32_bk16_wm2_wn2_MN_taligned_K_taligned|steel_gemm_splitk_accum_bfloat16_float32|steel_gemm_splitk_nt_bfloat16_float32_bm32_bn32_bk16_wm2_wn2_MN_taligned_K_taligned|steel_gemm_splitk_accum_bfloat16_float32|steel_gemm_fused_nt_bfloat16_bfloat16_bm64_bn64_bk16_wm2_wn2_has_batch_n_use_out_source_n_do_axpby_n_align_M_t_align_N_t_align_K_t|steel_gemm_splitk_nt_bfloat16_float32_bm32_bn32_bk16_wm2_wn2_MN_taligned_K_taligned|steel_gemm_splitk_accum_bfloat16_float32|custom_kernel_laguna_prefill_sliding_qk_norm_rope_bf16_128_h1_v2_bfloat16_t_bfloat16_t_bfloat16_t_bfloat16_t_float_int32_tc_bfloat16_t_bfloat16_t|steel_attention_bfloat16_bq32_bk16_bd128_wm4_wn1_maskbfloat16_align_Q_t_align_K_t_has_mask_n_do_causal_t_has_sinks_n|Cf4IAsTypeADf4IBroadcastCBEf4IBroadcastBCFf4ILogAddExpDEGV2OAsTypeF_VC_V2_10408321403207385874_contiguous|g2_Multiplybfloat16|steel_gemm_fused_nt_bfloat16_bfloat16_bm64_bn64_bk16_wm2_wn2_has_batch_n_use_out_source_n_do_axpby_n_align_M_t_align_N_t_align_K_t|custom_kernel_laguna_residual_rms_bf16_2048_v1_bfloat16_t_bfloat16_t_bfloat16_t_bfloat16_t_bfloat16_t|steel_gemm_splitk_nt_bfloat16_float32_bm32_bn32_bk16_wm2_wn2_MN_taligned_K_taligned|steel_gemm_splitk_accum_bfloat16_float32|custom_kernel_laguna_prefill_router_tournament_ordinal_norm_v1_bfloat16_t_float_uint32_t_float|custom_kernel_mlx_lm_route_csort_scatter_fused_m8_u32_v4_uint32_t_uint32_t_uint32_t_uint32_t|gather_frontbfloat16_uint32_int_2|arangeuint32|nvfp4_gather_qmm_rhs_nt_bfloat16_t_gs_16_b_4_bm_16_bn_32_bk_32_wm_1_wn_2_align_M_t_align_N_t_align_K_t|nvfp4_qmm_t_splitk_fused_bfloat16_t_gs_16_b_4_alN_true|nvfp4_qmm_t_splitk_fused_bfloat16_t_gs_16_b_4_alN_true|g2_copybfloat16bfloat16|g2_copybfloat16bfloat16|CV2ISigmoidADV2IBroadcastACEV2IBroadcastCAFV2IMultiplyDEGV2IBroadcastFBHV2IBroadcastBFIV2OMultiplyGH_VV_V2V2_11160318154034397263_contiguous|arangeuint32|CV2ISigmoidADV2IBroadcastACEV2IBroadcastCAFV2IMultiplyDEGV2IBroadcastFBHV2IBroadcastBFIV2OMultiplyGH_VV_V2V2_11160318154034397263_contiguous|nvfp4_qmm_t_bfloat16_t_gs_16_b_4_alN_true_batch_0|nvfp4_gather_qmm_rhs_nt_bfloat16_t_gs_16_b_4_bm_16_bn_32_bk_32_wm_1_wn_2_align_M_t_align_N_t_align_K_t
GPUPROF 74340.160805875 74340.160883250 1 23101440 custom_kernel_laguna_prefill_sorted_moe_tail_bf16_v1_bfloat16_t_uint32_t_float_bfloat16_t_bfloat16_t_bfloat16_t
GPUPROF 74340.160884000 74340.173812375 30 612017668 rmsbfloat16|steel_gemm_splitk_nt_bfloat16_float32_bm32_bn32_bk16_wm2_wn2_MN_taligned_K_taligned|steel_gemm_splitk_accum_bfloat16_float32|steel_gemm_splitk_nt_bfloat16_float32_bm32_bn32_bk16_wm2_wn2_MN_taligned_K_taligned|steel_gemm_splitk_accum_bfloat16_float32|steel_gemm_fused_nt_bfloat16_bfloat16_bm64_bn64_bk16_wm2_wn2_has_batch_n_use_out_source_n_do_axpby_n_align_M_t_align_N_t_align_K_t|steel_gemm_splitk_nt_bfloat16_float32_bm32_bn32_bk16_wm2_wn2_MN_naligned_K_taligned|steel_gemm_splitk_accum_bfloat16_float32|custom_kernel_laguna_prefill_full_qk_norm_yarn_bf16_128_h1_v2_bfloat16_t_bfloat16_t_bfloat16_t_bfloat16_t_float_int32_tc_bfloat16_t_bfloat16_t|steel_attention_bfloat16_bq32_bk16_bd128_wm4_wn1_maskbfloat16_align_Q_t_align_K_t_has_mask_n_do_causal_t_has_sinks_n|Cf4IAsTypeADf4IBroadcastCBEf4IBroadcastBCFf4ILogAddExpDEGV2OAsTypeF_VC_V2_10408321403207385874_contiguous|g2_Multiplybfloat16|steel_gemm_fused_nt_bfloat16_bfloat16_bm64_bn64_bk16_wm2_wn2_has_batch_n_use_out_source_n_do_axpby_n_align_M_t_align_N_t_align_K_t|custom_kernel_laguna_residual_rms_bf16_2048_v1_bfloat16_t_bfloat16_t_bfloat16_t_bfloat16_t_bfloat16_t|steel_gemm_splitk_nt_bfloat16_float32_bm32_bn32_bk16_wm2_wn2_MN_taligned_K_taligned|steel_gemm_splitk_accum_bfloat16_float32|custom_kernel_laguna_prefill_router_tournament_ordinal_norm_v1_bfloat16_t_float_uint32_t_float|custom_kernel_mlx_lm_route_csort_scatter_fused_m8_u32_v4_uint32_t_uint32_t_uint32_t_uint32_t|gather_frontbfloat16_uint32_int_2|arangeuint32|nvfp4_gather_qmm_rhs_nt_bfloat16_t_gs_16_b_4_bm_16_bn_32_bk_32_wm_1_wn_2_align_M_t_align_N_t_align_K_t|nvfp4_qmm_t_splitk_fused_bfloat16_t_gs_16_b_4_alN_true|nvfp4_qmm_t_splitk_fused_bfloat16_t_gs_16_b_4_alN_true|g2_copybfloat16bfloat16|g2_copybfloat16bfloat16|CV2ISigmoidADV2IBroadcastACEV2IBroadcastCAFV2IMultiplyDEGV2IBroadcastFBHV2IBroadcastBFIV2OMultiplyGH_VV_V2V2_11160318154034397263_contiguous|arangeuint32|CV2ISigmoidADV2IBroadcastACEV2IBroadcastCAFV2IMultiplyDEGV2IBroadcastFBHV2IBroadcastBFIV2OMultiplyGH_VV_V2V2_11160318154034397263_contiguous|nvfp4_qmm_t_bfloat16_t_gs_16_b_4_alN_true_batch_0|nvfp4_gather_qmm_rhs_nt_bfloat16_t_gs_16_b_4_bm_16_bn_32_bk_32_wm_1_wn_2_align_M_t_align_N_t_align_K_t
GPUPROF 74340.173813125 74340.173887875 1 23101440 custom_kernel_laguna_prefill_sorted_moe_tail_bf16_v1_bfloat16_t_uint32_t_float_bfloat16_t_bfloat16_t_bfloat16_t
GPUPROF 74340.173888625 74340.188152292 30 636347908 rmsbfloat16|steel_gemm_splitk_nt_bfloat16_float32_bm32_bn32_bk16_wm2_wn2_MN_taligned_K_taligned|steel_gemm_splitk_accum_bfloat16_float32|steel_gemm_splitk_nt_bfloat16_float32_bm32_bn32_bk16_wm2_wn2_MN_taligned_K_taligned|steel_gemm_splitk_accum_bfloat16_float32|steel_gemm_fused_nt_bfloat16_bfloat16_bm64_bn64_bk16_wm2_wn2_has_batch_n_use_out_source_n_do_axpby_n_align_M_t_align_N_t_align_K_t|steel_gemm_splitk_nt_bfloat16_float32_bm32_bn32_bk16_wm2_wn2_MN_taligned_K_taligned|steel_gemm_splitk_accum_bfloat16_float32|custom_kernel_laguna_prefill_sliding_qk_norm_rope_bf16_128_h1_v2_bfloat16_t_bfloat16_t_bfloat16_t_bfloat16_t_float_int32_tc_bfloat16_t_bfloat16_t|steel_attention_bfloat16_bq32_bk16_bd128_wm4_wn1_maskbfloat16_align_Q_t_align_K_t_has_mask_n_do_causal_t_has_sinks_n|Cf4IAsTypeADf4IBroadcastCBEf4IBroadcastBCFf4ILogAddExpDEGV2OAsTypeF_VC_V2_10408321403207385874_contiguous|g2_Multiplybfloat16|steel_gemm_fused_nt_bfloat16_bfloat16_bm64_bn64_bk16_wm2_wn2_has_batch_n_use_out_source_n_do_axpby_n_align_M_t_align_N_t_align_K_t|custom_kernel_laguna_residual_rms_bf16_2048_v1_bfloat16_t_bfloat16_t_bfloat16_t_bfloat16_t_bfloat16_t|steel_gemm_splitk_nt_bfloat16_float32_bm32_bn32_bk16_wm2_wn2_MN_taligned_K_taligned|steel_gemm_splitk_accum_bfloat16_float32|custom_kernel_laguna_prefill_router_tournament_ordinal_norm_v1_bfloat16_t_float_uint32_t_float|custom_kernel_mlx_lm_route_csort_scatter_fused_m8_u32_v4_uint32_t_uint32_t_uint32_t_uint32_t|gather_frontbfloat16_uint32_int_2|arangeuint32|nvfp4_gather_qmm_rhs_nt_bfloat16_t_gs_16_b_4_bm_16_bn_32_bk_32_wm_1_wn_2_align_M_t_align_N_t_align_K_t|nvfp4_qmm_t_splitk_fused_bfloat16_t_gs_16_b_4_alN_true|nvfp4_qmm_t_splitk_fused_bfloat16_t_gs_16_b_4_alN_true|g2_copybfloat16bfloat16|g2_copybfloat16bfloat16|CV2ISigmoidADV2IBroadcastACEV2IBroadcastCAFV2IMultiplyDEGV2IBroadcastFBHV2IBroadcastBFIV2OMultiplyGH_VV_V2V2_11160318154034397263_contiguous|arangeuint32|CV2ISigmoidADV2IBroadcastACEV2IBroadcastCAFV2IMultiplyDEGV2IBroadcastFBHV2IBroadcastBFIV2OMultiplyGH_VV_V2V2_11160318154034397263_contiguous|nvfp4_qmm_t_bfloat16_t_gs_16_b_4_alN_true_batch_0|nvfp4_gather_qmm_rhs_nt_bfloat16_t_gs_16_b_4_bm_16_bn_32_bk_32_wm_1_wn_2_align_M_t_align_N_t_align_K_t
GPUPROF 74340.188153042 74340.188230250 1 23101440 custom_kernel_laguna_prefill_sorted_moe_tail_bf16_v1_bfloat16_t_uint32_t_float_bfloat16_t_bfloat16_t_bfloat16_t
GPUPROF 74340.188231000 74340.202431625 30 636347908 rmsbfloat16|steel_gemm_splitk_nt_bfloat16_float32_bm32_bn32_bk16_wm2_wn2_MN_taligned_K_taligned|steel_gemm_splitk_accum_bfloat16_float32|steel_gemm_splitk_nt_bfloat16_float32_bm32_bn32_bk16_wm2_wn2_MN_taligned_K_taligned|steel_gemm_splitk_accum_bfloat16_float32|steel_gemm_fused_nt_bfloat16_bfloat16_bm64_bn64_bk16_wm2_wn2_has_batch_n_use_out_source_n_do_axpby_n_align_M_t_align_N_t_align_K_t|steel_gemm_splitk_nt_bfloat16_float32_bm32_bn32_bk16_wm2_wn2_MN_taligned_K_taligned|steel_gemm_splitk_accum_bfloat16_float32|custom_kernel_laguna_prefill_sliding_qk_norm_rope_bf16_128_h1_v2_bfloat16_t_bfloat16_t_bfloat16_t_bfloat16_t_float_int32_tc_bfloat16_t_bfloat16_t|steel_attention_bfloat16_bq32_bk16_bd128_wm4_wn1_maskbfloat16_align_Q_t_align_K_t_has_mask_n_do_causal_t_has_sinks_n|Cf4IAsTypeADf4IBroadcastCBEf4IBroadcastBCFf4ILogAddExpDEGV2OAsTypeF_VC_V2_10408321403207385874_contiguous|g2_Multiplybfloat16|steel_gemm_fused_nt_bfloat16_bfloat16_bm64_bn64_bk16_wm2_wn2_has_batch_n_use_out_source_n_do_axpby_n_align_M_t_align_N_t_align_K_t|custom_kernel_laguna_residual_rms_bf16_2048_v1_bfloat16_t_bfloat16_t_bfloat16_t_bfloat16_t_bfloat16_t|steel_gemm_splitk_nt_bfloat16_float32_bm32_bn32_bk16_wm2_wn2_MN_taligned_K_taligned|steel_gemm_splitk_accum_bfloat16_float32|custom_kernel_laguna_prefill_router_tournament_ordinal_norm_v1_bfloat16_t_float_uint32_t_float|custom_kernel_mlx_lm_route_csort_scatter_fused_m8_u32_v4_uint32_t_uint32_t_uint32_t_uint32_t|gather_frontbfloat16_uint32_int_2|arangeuint32|nvfp4_gather_qmm_rhs_nt_bfloat16_t_gs_16_b_4_bm_16_bn_32_bk_32_wm_1_wn_2_align_M_t_align_N_t_align_K_t|nvfp4_qmm_t_splitk_fused_bfloat16_t_gs_16_b_4_alN_true|nvfp4_qmm_t_splitk_fused_bfloat16_t_gs_16_b_4_alN_true|g2_copybfloat16bfloat16|g2_copybfloat16bfloat16|CV2ISigmoidADV2IBroadcastACEV2IBroadcastCAFV2IMultiplyDEGV2IBroadcastFBHV2IBroadcastBFIV2OMultiplyGH_VV_V2V2_11160318154034397263_contiguous|arangeuint32|CV2ISigmoidADV2IBroadcastACEV2IBroadcastCAFV2IMultiplyDEGV2IBroadcastFBHV2IBroadcastBFIV2OMultiplyGH_VV_V2V2_11160318154034397263_contiguous|nvfp4_qmm_t_bfloat16_t_gs_16_b_4_alN_true_batch_0|nvfp4_gather_qmm_rhs_nt_bfloat16_t_gs_16_b_4_bm_16_bn_32_bk_32_wm_1_wn_2_align_M_t_align_N_t_align_K_t
GPUPROF 74340.202432375 74340.202509792 1 23101440 custom_kernel_laguna_prefill_sorted_moe_tail_bf16_v1_bfloat16_t_uint32_t_float_bfloat16_t_bfloat16_t_bfloat16_t
GPUPROF 74340.202510625 74340.216640250 30 636347908 rmsbfloat16|steel_gemm_splitk_nt_bfloat16_float32_bm32_bn32_bk16_wm2_wn2_MN_taligned_K_taligned|steel_gemm_splitk_accum_bfloat16_float32|steel_gemm_splitk_nt_bfloat16_float32_bm32_bn32_bk16_wm2_wn2_MN_taligned_K_taligned|steel_gemm_splitk_accum_bfloat16_float32|steel_gemm_fused_nt_bfloat16_bfloat16_bm64_bn64_bk16_wm2_wn2_has_batch_n_use_out_source_n_do_axpby_n_align_M_t_align_N_t_align_K_t|steel_gemm_splitk_nt_bfloat16_float32_bm32_bn32_bk16_wm2_wn2_MN_taligned_K_taligned|steel_gemm_splitk_accum_bfloat16_float32|custom_kernel_laguna_prefill_sliding_qk_norm_rope_bf16_128_h1_v2_bfloat16_t_bfloat16_t_bfloat16_t_bfloat16_t_float_int32_tc_bfloat16_t_bfloat16_t|steel_attention_bfloat16_bq32_bk16_bd128_wm4_wn1_maskbfloat16_align_Q_t_align_K_t_has_mask_n_do_causal_t_has_sinks_n|Cf4IAsTypeADf4IBroadcastCBEf4IBroadcastBCFf4ILogAddExpDEGV2OAsTypeF_VC_V2_10408321403207385874_contiguous|g2_Multiplybfloat16|steel_gemm_fused_nt_bfloat16_bfloat16_bm64_bn64_bk16_wm2_wn2_has_batch_n_use_out_source_n_do_axpby_n_align_M_t_align_N_t_align_K_t|custom_kernel_laguna_residual_rms_bf16_2048_v1_bfloat16_t_bfloat16_t_bfloat16_t_bfloat16_t_bfloat16_t|steel_gemm_splitk_nt_bfloat16_float32_bm32_bn32_bk16_wm2_wn2_MN_taligned_K_taligned|steel_gemm_splitk_accum_bfloat16_float32|custom_kernel_laguna_prefill_router_tournament_ordinal_norm_v1_bfloat16_t_float_uint32_t_float|custom_kernel_mlx_lm_route_csort_scatter_fused_m8_u32_v4_uint32_t_uint32_t_uint32_t_uint32_t|gather_frontbfloat16_uint32_int_2|arangeuint32|nvfp4_gather_qmm_rhs_nt_bfloat16_t_gs_16_b_4_bm_16_bn_32_bk_32_wm_1_wn_2_align_M_t_align_N_t_align_K_t|nvfp4_qmm_t_splitk_fused_bfloat16_t_gs_16_b_4_alN_true|nvfp4_qmm_t_splitk_fused_bfloat16_t_gs_16_b_4_alN_true|g2_copybfloat16bfloat16|g2_copybfloat16bfloat16|CV2ISigmoidADV2IBroadcastACEV2IBroadcastCAFV2IMultiplyDEGV2IBroadcastFBHV2IBroadcastBFIV2OMultiplyGH_VV_V2V2_11160318154034397263_contiguous|arangeuint32|CV2ISigmoidADV2IBroadcastACEV2IBroadcastCAFV2IMultiplyDEGV2IBroadcastFBHV2IBroadcastBFIV2OMultiplyGH_VV_V2V2_11160318154034397263_contiguous|nvfp4_qmm_t_bfloat16_t_gs_16_b_4_alN_true_batch_0|nvfp4_gather_qmm_rhs_nt_bfloat16_t_gs_16_b_4_bm_16_bn_32_bk_32_wm_1_wn_2_align_M_t_align_N_t_align_K_t
GPUPROF 74340.216641000 74340.216720125 1 23101440 custom_kernel_laguna_prefill_sorted_moe_tail_bf16_v1_bfloat16_t_uint32_t_float_bfloat16_t_bfloat16_t_bfloat16_t
GPUPROF 74340.216720917 74340.229356292 30 612017668 rmsbfloat16|steel_gemm_splitk_nt_bfloat16_float32_bm32_bn32_bk16_wm2_wn2_MN_taligned_K_taligned|steel_gemm_splitk_accum_bfloat16_float32|steel_gemm_splitk_nt_bfloat16_float32_bm32_bn32_bk16_wm2_wn2_MN_taligned_K_taligned|steel_gemm_splitk_accum_bfloat16_float32|steel_gemm_fused_nt_bfloat16_bfloat16_bm64_bn64_bk16_wm2_wn2_has_batch_n_use_out_source_n_do_axpby_n_align_M_t_align_N_t_align_K_t|steel_gemm_splitk_nt_bfloat16_float32_bm32_bn32_bk16_wm2_wn2_MN_naligned_K_taligned|steel_gemm_splitk_accum_bfloat16_float32|custom_kernel_laguna_prefill_full_qk_norm_yarn_bf16_128_h1_v2_bfloat16_t_bfloat16_t_bfloat16_t_bfloat16_t_float_int32_tc_bfloat16_t_bfloat16_t|steel_attention_bfloat16_bq32_bk16_bd128_wm4_wn1_maskbfloat16_align_Q_t_align_K_t_has_mask_n_do_causal_t_has_sinks_n|Cf4IAsTypeADf4IBroadcastCBEf4IBroadcastBCFf4ILogAddExpDEGV2OAsTypeF_VC_V2_10408321403207385874_contiguous|g2_Multiplybfloat16|steel_gemm_fused_nt_bfloat16_bfloat16_bm64_bn64_bk16_wm2_wn2_has_batch_n_use_out_source_n_do_axpby_n_align_M_t_align_N_t_align_K_t|custom_kernel_laguna_residual_rms_bf16_2048_v1_bfloat16_t_bfloat16_t_bfloat16_t_bfloat16_t_bfloat16_t|steel_gemm_splitk_nt_bfloat16_float32_bm32_bn32_bk16_wm2_wn2_MN_taligned_K_taligned|steel_gemm_splitk_accum_bfloat16_float32|custom_kernel_laguna_prefill_router_tournament_ordinal_norm_v1_bfloat16_t_float_uint32_t_float|custom_kernel_mlx_lm_route_csort_scatter_fused_m8_u32_v4_uint32_t_uint32_t_uint32_t_uint32_t|gather_frontbfloat16_uint32_int_2|arangeuint32|nvfp4_gather_qmm_rhs_nt_bfloat16_t_gs_16_b_4_bm_16_bn_32_bk_32_wm_1_wn_2_align_M_t_align_N_t_align_K_t|nvfp4_qmm_t_splitk_fused_bfloat16_t_gs_16_b_4_alN_true|nvfp4_qmm_t_splitk_fused_bfloat16_t_gs_16_b_4_alN_true|g2_copybfloat16bfloat16|g2_copybfloat16bfloat16|CV2ISigmoidADV2IBroadcastACEV2IBroadcastCAFV2IMultiplyDEGV2IBroadcastFBHV2IBroadcastBFIV2OMultiplyGH_VV_V2V2_11160318154034397263_contiguous|arangeuint32|CV2ISigmoidADV2IBroadcastACEV2IBroadcastCAFV2IMultiplyDEGV2IBroadcastFBHV2IBroadcastBFIV2OMultiplyGH_VV_V2V2_11160318154034397263_contiguous|nvfp4_qmm_t_bfloat16_t_gs_16_b_4_alN_true_batch_0|nvfp4_gather_qmm_rhs_nt_bfloat16_t_gs_16_b_4_bm_16_bn_32_bk_32_wm_1_wn_2_align_M_t_align_N_t_align_K_t
GPUPROF 74340.229357042 74340.229434875 1 23101440 custom_kernel_laguna_prefill_sorted_moe_tail_bf16_v1_bfloat16_t_uint32_t_float_bfloat16_t_bfloat16_t_bfloat16_t
GPUPROF 74340.229435750 74340.243373875 30 636347908 rmsbfloat16|steel_gemm_splitk_nt_bfloat16_float32_bm32_bn32_bk16_wm2_wn2_MN_taligned_K_taligned|steel_gemm_splitk_accum_bfloat16_float32|steel_gemm_splitk_nt_bfloat16_float32_bm32_bn32_bk16_wm2_wn2_MN_taligned_K_taligned|steel_gemm_splitk_accum_bfloat16_float32|steel_gemm_fused_nt_bfloat16_bfloat16_bm64_bn64_bk16_wm2_wn2_has_batch_n_use_out_source_n_do_axpby_n_align_M_t_align_N_t_align_K_t|steel_gemm_splitk_nt_bfloat16_float32_bm32_bn32_bk16_wm2_wn2_MN_taligned_K_taligned|steel_gemm_splitk_accum_bfloat16_float32|custom_kernel_laguna_prefill_sliding_qk_norm_rope_bf16_128_h1_v2_bfloat16_t_bfloat16_t_bfloat16_t_bfloat16_t_float_int32_tc_bfloat16_t_bfloat16_t|steel_attention_bfloat16_bq32_bk16_bd128_wm4_wn1_maskbfloat16_align_Q_t_align_K_t_has_mask_n_do_causal_t_has_sinks_n|Cf4IAsTypeADf4IBroadcastCBEf4IBroadcastBCFf4ILogAddExpDEGV2OAsTypeF_VC_V2_10408321403207385874_contiguous|g2_Multiplybfloat16|steel_gemm_fused_nt_bfloat16_bfloat16_bm64_bn64_bk16_wm2_wn2_has_batch_n_use_out_source_n_do_axpby_n_align_M_t_align_N_t_align_K_t|custom_kernel_laguna_residual_rms_bf16_2048_v1_bfloat16_t_bfloat16_t_bfloat16_t_bfloat16_t_bfloat16_t|steel_gemm_splitk_nt_bfloat16_float32_bm32_bn32_bk16_wm2_wn2_MN_taligned_K_taligned|steel_gemm_splitk_accum_bfloat16_float32|custom_kernel_laguna_prefill_router_tournament_ordinal_norm_v1_bfloat16_t_float_uint32_t_float|custom_kernel_mlx_lm_route_csort_scatter_fused_m8_u32_v4_uint32_t_uint32_t_uint32_t_uint32_t|gather_frontbfloat16_uint32_int_2|arangeuint32|nvfp4_gather_qmm_rhs_nt_bfloat16_t_gs_16_b_4_bm_16_bn_32_bk_32_wm_1_wn_2_align_M_t_align_N_t_align_K_t|nvfp4_qmm_t_splitk_fused_bfloat16_t_gs_16_b_4_alN_true|nvfp4_qmm_t_splitk_fused_bfloat16_t_gs_16_b_4_alN_true|g2_copybfloat16bfloat16|g2_copybfloat16bfloat16|CV2ISigmoidADV2IBroadcastACEV2IBroadcastCAFV2IMultiplyDEGV2IBroadcastFBHV2IBroadcastBFIV2OMultiplyGH_VV_V2V2_11160318154034397263_contiguous|arangeuint32|CV2ISigmoidADV2IBroadcastACEV2IBroadcastCAFV2IMultiplyDEGV2IBroadcastFBHV2IBroadcastBFIV2OMultiplyGH_VV_V2V2_11160318154034397263_contiguous|nvfp4_qmm_t_bfloat16_t_gs_16_b_4_alN_true_batch_0|nvfp4_gather_qmm_rhs_nt_bfloat16_t_gs_16_b_4_bm_16_bn_32_bk_32_wm_1_wn_2_align_M_t_align_N_t_align_K_t
GPUPROF 74340.243374625 74340.243451625 1 23101440 custom_kernel_laguna_prefill_sorted_moe_tail_bf16_v1_bfloat16_t_uint32_t_float_bfloat16_t_bfloat16_t_bfloat16_t
GPUPROF 74340.243452417 74340.257570125 30 636347908 rmsbfloat16|steel_gemm_splitk_nt_bfloat16_float32_bm32_bn32_bk16_wm2_wn2_MN_taligned_K_taligned|steel_gemm_splitk_accum_bfloat16_float32|steel_gemm_splitk_nt_bfloat16_float32_bm32_bn32_bk16_wm2_wn2_MN_taligned_K_taligned|steel_gemm_splitk_accum_bfloat16_float32|steel_gemm_fused_nt_bfloat16_bfloat16_bm64_bn64_bk16_wm2_wn2_has_batch_n_use_out_source_n_do_axpby_n_align_M_t_align_N_t_align_K_t|steel_gemm_splitk_nt_bfloat16_float32_bm32_bn32_bk16_wm2_wn2_MN_taligned_K_taligned|steel_gemm_splitk_accum_bfloat16_float32|custom_kernel_laguna_prefill_sliding_qk_norm_rope_bf16_128_h1_v2_bfloat16_t_bfloat16_t_bfloat16_t_bfloat16_t_float_int32_tc_bfloat16_t_bfloat16_t|steel_attention_bfloat16_bq32_bk16_bd128_wm4_wn1_maskbfloat16_align_Q_t_align_K_t_has_mask_n_do_causal_t_has_sinks_n|Cf4IAsTypeADf4IBroadcastCBEf4IBroadcastBCFf4ILogAddExpDEGV2OAsTypeF_VC_V2_10408321403207385874_contiguous|g2_Multiplybfloat16|steel_gemm_fused_nt_bfloat16_bfloat16_bm64_bn64_bk16_wm2_wn2_has_batch_n_use_out_source_n_do_axpby_n_align_M_t_align_N_t_align_K_t|custom_kernel_laguna_residual_rms_bf16_2048_v1_bfloat16_t_bfloat16_t_bfloat16_t_bfloat16_t_bfloat16_t|steel_gemm_splitk_nt_bfloat16_float32_bm32_bn32_bk16_wm2_wn2_MN_taligned_K_taligned|steel_gemm_splitk_accum_bfloat16_float32|custom_kernel_laguna_prefill_router_tournament_ordinal_norm_v1_bfloat16_t_float_uint32_t_float|custom_kernel_mlx_lm_route_csort_scatter_fused_m8_u32_v4_uint32_t_uint32_t_uint32_t_uint32_t|gather_frontbfloat16_uint32_int_2|arangeuint32|nvfp4_gather_qmm_rhs_nt_bfloat16_t_gs_16_b_4_bm_16_bn_32_bk_32_wm_1_wn_2_align_M_t_align_N_t_align_K_t|nvfp4_qmm_t_splitk_fused_bfloat16_t_gs_16_b_4_alN_true|nvfp4_qmm_t_splitk_fused_bfloat16_t_gs_16_b_4_alN_true|g2_copybfloat16bfloat16|g2_copybfloat16bfloat16|CV2ISigmoidADV2IBroadcastACEV2IBroadcastCAFV2IMultiplyDEGV2IBroadcastFBHV2IBroadcastBFIV2OMultiplyGH_VV_V2V2_11160318154034397263_contiguous|arangeuint32|CV2ISigmoidADV2IBroadcastACEV2IBroadcastCAFV2IMultiplyDEGV2IBroadcastFBHV2IBroadcastBFIV2OMultiplyGH_VV_V2V2_11160318154034397263_contiguous|nvfp4_qmm_t_bfloat16_t_gs_16_b_4_alN_true_batch_0|nvfp4_gather_qmm_rhs_nt_bfloat16_t_gs_16_b_4_bm_16_bn_32_bk_32_wm_1_wn_2_align_M_t_align_N_t_align_K_t
GPUPROF 74340.257570875 74340.257646917 1 23101440 custom_kernel_laguna_prefill_sorted_moe_tail_bf16_v1_bfloat16_t_uint32_t_float_bfloat16_t_bfloat16_t_bfloat16_t
GPUPROF 74340.257647667 74340.271635250 30 636347908 rmsbfloat16|steel_gemm_splitk_nt_bfloat16_float32_bm32_bn32_bk16_wm2_wn2_MN_taligned_K_taligned|steel_gemm_splitk_accum_bfloat16_float32|steel_gemm_splitk_nt_bfloat16_float32_bm32_bn32_bk16_wm2_wn2_MN_taligned_K_taligned|steel_gemm_splitk_accum_bfloat16_float32|steel_gemm_fused_nt_bfloat16_bfloat16_bm64_bn64_bk16_wm2_wn2_has_batch_n_use_out_source_n_do_axpby_n_align_M_t_align_N_t_align_K_t|steel_gemm_splitk_nt_bfloat16_float32_bm32_bn32_bk16_wm2_wn2_MN_taligned_K_taligned|steel_gemm_splitk_accum_bfloat16_float32|custom_kernel_laguna_prefill_sliding_qk_norm_rope_bf16_128_h1_v2_bfloat16_t_bfloat16_t_bfloat16_t_bfloat16_t_float_int32_tc_bfloat16_t_bfloat16_t|steel_attention_bfloat16_bq32_bk16_bd128_wm4_wn1_maskbfloat16_align_Q_t_align_K_t_has_mask_n_do_causal_t_has_sinks_n|Cf4IAsTypeADf4IBroadcastCBEf4IBroadcastBCFf4ILogAddExpDEGV2OAsTypeF_VC_V2_10408321403207385874_contiguous|g2_Multiplybfloat16|steel_gemm_fused_nt_bfloat16_bfloat16_bm64_bn64_bk16_wm2_wn2_has_batch_n_use_out_source_n_do_axpby_n_align_M_t_align_N_t_align_K_t|custom_kernel_laguna_residual_rms_bf16_2048_v1_bfloat16_t_bfloat16_t_bfloat16_t_bfloat16_t_bfloat16_t|steel_gemm_splitk_nt_bfloat16_float32_bm32_bn32_bk16_wm2_wn2_MN_taligned_K_taligned|steel_gemm_splitk_accum_bfloat16_float32|custom_kernel_laguna_prefill_router_tournament_ordinal_norm_v1_bfloat16_t_float_uint32_t_float|custom_kernel_mlx_lm_route_csort_scatter_fused_m8_u32_v4_uint32_t_uint32_t_uint32_t_uint32_t|gather_frontbfloat16_uint32_int_2|arangeuint32|nvfp4_gather_qmm_rhs_nt_bfloat16_t_gs_16_b_4_bm_16_bn_32_bk_32_wm_1_wn_2_align_M_t_align_N_t_align_K_t|nvfp4_qmm_t_splitk_fused_bfloat16_t_gs_16_b_4_alN_true|nvfp4_qmm_t_splitk_fused_bfloat16_t_gs_16_b_4_alN_true|g2_copybfloat16bfloat16|g2_copybfloat16bfloat16|CV2ISigmoidADV2IBroadcastACEV2IBroadcastCAFV2IMultiplyDEGV2IBroadcastFBHV2IBroadcastBFIV2OMultiplyGH_VV_V2V2_11160318154034397263_contiguous|arangeuint32|CV2ISigmoidADV2IBroadcastACEV2IBroadcastCAFV2IMultiplyDEGV2IBroadcastFBHV2IBroadcastBFIV2OMultiplyGH_VV_V2V2_11160318154034397263_contiguous|nvfp4_qmm_t_bfloat16_t_gs_16_b_4_alN_true_batch_0|nvfp4_gather_qmm_rhs_nt_bfloat16_t_gs_16_b_4_bm_16_bn_32_bk_32_wm_1_wn_2_align_M_t_align_N_t_align_K_t
GPUPROF 74340.271636000 74340.271713875 1 23101440 custom_kernel_laguna_prefill_sorted_moe_tail_bf16_v1_bfloat16_t_uint32_t_float_bfloat16_t_bfloat16_t_bfloat16_t
GPUPROF 74340.271714667 74340.284204375 30 612017668 rmsbfloat16|steel_gemm_splitk_nt_bfloat16_float32_bm32_bn32_bk16_wm2_wn2_MN_taligned_K_taligned|steel_gemm_splitk_accum_bfloat16_float32|steel_gemm_splitk_nt_bfloat16_float32_bm32_bn32_bk16_wm2_wn2_MN_taligned_K_taligned|steel_gemm_splitk_accum_bfloat16_float32|steel_gemm_fused_nt_bfloat16_bfloat16_bm64_bn64_bk16_wm2_wn2_has_batch_n_use_out_source_n_do_axpby_n_align_M_t_align_N_t_align_K_t|steel_gemm_splitk_nt_bfloat16_float32_bm32_bn32_bk16_wm2_wn2_MN_naligned_K_taligned|steel_gemm_splitk_accum_bfloat16_float32|custom_kernel_laguna_prefill_full_qk_norm_yarn_bf16_128_h1_v2_bfloat16_t_bfloat16_t_bfloat16_t_bfloat16_t_float_int32_tc_bfloat16_t_bfloat16_t|steel_attention_bfloat16_bq32_bk16_bd128_wm4_wn1_maskbfloat16_align_Q_t_align_K_t_has_mask_n_do_causal_t_has_sinks_n|Cf4IAsTypeADf4IBroadcastCBEf4IBroadcastBCFf4ILogAddExpDEGV2OAsTypeF_VC_V2_10408321403207385874_contiguous|g2_Multiplybfloat16|steel_gemm_fused_nt_bfloat16_bfloat16_bm64_bn64_bk16_wm2_wn2_has_batch_n_use_out_source_n_do_axpby_n_align_M_t_align_N_t_align_K_t|custom_kernel_laguna_residual_rms_bf16_2048_v1_bfloat16_t_bfloat16_t_bfloat16_t_bfloat16_t_bfloat16_t|steel_gemm_splitk_nt_bfloat16_float32_bm32_bn32_bk16_wm2_wn2_MN_taligned_K_taligned|steel_gemm_splitk_accum_bfloat16_float32|custom_kernel_laguna_prefill_router_tournament_ordinal_norm_v1_bfloat16_t_float_uint32_t_float|custom_kernel_mlx_lm_route_csort_scatter_fused_m8_u32_v4_uint32_t_uint32_t_uint32_t_uint32_t|gather_frontbfloat16_uint32_int_2|arangeuint32|nvfp4_gather_qmm_rhs_nt_bfloat16_t_gs_16_b_4_bm_16_bn_32_bk_32_wm_1_wn_2_align_M_t_align_N_t_align_K_t|nvfp4_qmm_t_splitk_fused_bfloat16_t_gs_16_b_4_alN_true|nvfp4_qmm_t_splitk_fused_bfloat16_t_gs_16_b_4_alN_true|g2_copybfloat16bfloat16|g2_copybfloat16bfloat16|CV2ISigmoidADV2IBroadcastACEV2IBroadcastCAFV2IMultiplyDEGV2IBroadcastFBHV2IBroadcastBFIV2OMultiplyGH_VV_V2V2_11160318154034397263_contiguous|arangeuint32|CV2ISigmoidADV2IBroadcastACEV2IBroadcastCAFV2IMultiplyDEGV2IBroadcastFBHV2IBroadcastBFIV2OMultiplyGH_VV_V2V2_11160318154034397263_contiguous|nvfp4_qmm_t_bfloat16_t_gs_16_b_4_alN_true_batch_0|nvfp4_gather_qmm_rhs_nt_bfloat16_t_gs_16_b_4_bm_16_bn_32_bk_32_wm_1_wn_2_align_M_t_align_N_t_align_K_t
GPUPROF 74340.284205125 74340.284280875 1 23101440 custom_kernel_laguna_prefill_sorted_moe_tail_bf16_v1_bfloat16_t_uint32_t_float_bfloat16_t_bfloat16_t_bfloat16_t
GPUPROF 74340.284281625 74340.297948625 30 636347908 rmsbfloat16|steel_gemm_splitk_nt_bfloat16_float32_bm32_bn32_bk16_wm2_wn2_MN_taligned_K_taligned|steel_gemm_splitk_accum_bfloat16_float32|steel_gemm_splitk_nt_bfloat16_float32_bm32_bn32_bk16_wm2_wn2_MN_taligned_K_taligned|steel_gemm_splitk_accum_bfloat16_float32|steel_gemm_fused_nt_bfloat16_bfloat16_bm64_bn64_bk16_wm2_wn2_has_batch_n_use_out_source_n_do_axpby_n_align_M_t_align_N_t_align_K_t|steel_gemm_splitk_nt_bfloat16_float32_bm32_bn32_bk16_wm2_wn2_MN_taligned_K_taligned|steel_gemm_splitk_accum_bfloat16_float32|custom_kernel_laguna_prefill_sliding_qk_norm_rope_bf16_128_h1_v2_bfloat16_t_bfloat16_t_bfloat16_t_bfloat16_t_float_int32_tc_bfloat16_t_bfloat16_t|steel_attention_bfloat16_bq32_bk16_bd128_wm4_wn1_maskbfloat16_align_Q_t_align_K_t_has_mask_n_do_causal_t_has_sinks_n|Cf4IAsTypeADf4IBroadcastCBEf4IBroadcastBCFf4ILogAddExpDEGV2OAsTypeF_VC_V2_10408321403207385874_contiguous|g2_Multiplybfloat16|steel_gemm_fused_nt_bfloat16_bfloat16_bm64_bn64_bk16_wm2_wn2_has_batch_n_use_out_source_n_do_axpby_n_align_M_t_align_N_t_align_K_t|custom_kernel_laguna_residual_rms_bf16_2048_v1_bfloat16_t_bfloat16_t_bfloat16_t_bfloat16_t_bfloat16_t|steel_gemm_splitk_nt_bfloat16_float32_bm32_bn32_bk16_wm2_wn2_MN_taligned_K_taligned|steel_gemm_splitk_accum_bfloat16_float32|custom_kernel_laguna_prefill_router_tournament_ordinal_norm_v1_bfloat16_t_float_uint32_t_float|custom_kernel_mlx_lm_route_csort_scatter_fused_m8_u32_v4_uint32_t_uint32_t_uint32_t_uint32_t|gather_frontbfloat16_uint32_int_2|arangeuint32|nvfp4_gather_qmm_rhs_nt_bfloat16_t_gs_16_b_4_bm_16_bn_32_bk_32_wm_1_wn_2_align_M_t_align_N_t_align_K_t|nvfp4_qmm_t_splitk_fused_bfloat16_t_gs_16_b_4_alN_true|nvfp4_qmm_t_splitk_fused_bfloat16_t_gs_16_b_4_alN_true|g2_copybfloat16bfloat16|g2_copybfloat16bfloat16|CV2ISigmoidADV2IBroadcastACEV2IBroadcastCAFV2IMultiplyDEGV2IBroadcastFBHV2IBroadcastBFIV2OMultiplyGH_VV_V2V2_11160318154034397263_contiguous|arangeuint32|CV2ISigmoidADV2IBroadcastACEV2IBroadcastCAFV2IMultiplyDEGV2IBroadcastFBHV2IBroadcastBFIV2OMultiplyGH_VV_V2V2_11160318154034397263_contiguous|nvfp4_qmm_t_bfloat16_t_gs_16_b_4_alN_true_batch_0|nvfp4_gather_qmm_rhs_nt_bfloat16_t_gs_16_b_4_bm_16_bn_32_bk_32_wm_1_wn_2_align_M_t_align_N_t_align_K_t
GPUPROF 74340.297949375 74340.298025125 1 23101440 custom_kernel_laguna_prefill_sorted_moe_tail_bf16_v1_bfloat16_t_uint32_t_float_bfloat16_t_bfloat16_t_bfloat16_t
GPUPROF 74340.298025875 74340.311537500 30 636347908 rmsbfloat16|steel_gemm_splitk_nt_bfloat16_float32_bm32_bn32_bk16_wm2_wn2_MN_taligned_K_taligned|steel_gemm_splitk_accum_bfloat16_float32|steel_gemm_splitk_nt_bfloat16_float32_bm32_bn32_bk16_wm2_wn2_MN_taligned_K_taligned|steel_gemm_splitk_accum_bfloat16_float32|steel_gemm_fused_nt_bfloat16_bfloat16_bm64_bn64_bk16_wm2_wn2_has_batch_n_use_out_source_n_do_axpby_n_align_M_t_align_N_t_align_K_t|steel_gemm_splitk_nt_bfloat16_float32_bm32_bn32_bk16_wm2_wn2_MN_taligned_K_taligned|steel_gemm_splitk_accum_bfloat16_float32|custom_kernel_laguna_prefill_sliding_qk_norm_rope_bf16_128_h1_v2_bfloat16_t_bfloat16_t_bfloat16_t_bfloat16_t_float_int32_tc_bfloat16_t_bfloat16_t|steel_attention_bfloat16_bq32_bk16_bd128_wm4_wn1_maskbfloat16_align_Q_t_align_K_t_has_mask_n_do_causal_t_has_sinks_n|Cf4IAsTypeADf4IBroadcastCBEf4IBroadcastBCFf4ILogAddExpDEGV2OAsTypeF_VC_V2_10408321403207385874_contiguous|g2_Multiplybfloat16|steel_gemm_fused_nt_bfloat16_bfloat16_bm64_bn64_bk16_wm2_wn2_has_batch_n_use_out_source_n_do_axpby_n_align_M_t_align_N_t_align_K_t|custom_kernel_laguna_residual_rms_bf16_2048_v1_bfloat16_t_bfloat16_t_bfloat16_t_bfloat16_t_bfloat16_t|steel_gemm_splitk_nt_bfloat16_float32_bm32_bn32_bk16_wm2_wn2_MN_taligned_K_taligned|steel_gemm_splitk_accum_bfloat16_float32|custom_kernel_laguna_prefill_router_tournament_ordinal_norm_v1_bfloat16_t_float_uint32_t_float|custom_kernel_mlx_lm_route_csort_scatter_fused_m8_u32_v4_uint32_t_uint32_t_uint32_t_uint32_t|gather_frontbfloat16_uint32_int_2|arangeuint32|nvfp4_gather_qmm_rhs_nt_bfloat16_t_gs_16_b_4_bm_16_bn_32_bk_32_wm_1_wn_2_align_M_t_align_N_t_align_K_t|nvfp4_qmm_t_splitk_fused_bfloat16_t_gs_16_b_4_alN_true|nvfp4_qmm_t_splitk_fused_bfloat16_t_gs_16_b_4_alN_true|g2_copybfloat16bfloat16|g2_copybfloat16bfloat16|CV2ISigmoidADV2IBroadcastACEV2IBroadcastCAFV2IMultiplyDEGV2IBroadcastFBHV2IBroadcastBFIV2OMultiplyGH_VV_V2V2_11160318154034397263_contiguous|arangeuint32|CV2ISigmoidADV2IBroadcastACEV2IBroadcastCAFV2IMultiplyDEGV2IBroadcastFBHV2IBroadcastBFIV2OMultiplyGH_VV_V2V2_11160318154034397263_contiguous|nvfp4_qmm_t_bfloat16_t_gs_16_b_4_alN_true_batch_0|nvfp4_gather_qmm_rhs_nt_bfloat16_t_gs_16_b_4_bm_16_bn_32_bk_32_wm_1_wn_2_align_M_t_align_N_t_align_K_t
GPUPROF 74340.311538250 74340.311614375 1 23101440 custom_kernel_laguna_prefill_sorted_moe_tail_bf16_v1_bfloat16_t_uint32_t_float_bfloat16_t_bfloat16_t_bfloat16_t
GPUPROF 74340.311615292 74340.324987125 30 636347908 rmsbfloat16|steel_gemm_splitk_nt_bfloat16_float32_bm32_bn32_bk16_wm2_wn2_MN_taligned_K_taligned|steel_gemm_splitk_accum_bfloat16_float32|steel_gemm_splitk_nt_bfloat16_float32_bm32_bn32_bk16_wm2_wn2_MN_taligned_K_taligned|steel_gemm_splitk_accum_bfloat16_float32|steel_gemm_fused_nt_bfloat16_bfloat16_bm64_bn64_bk16_wm2_wn2_has_batch_n_use_out_source_n_do_axpby_n_align_M_t_align_N_t_align_K_t|steel_gemm_splitk_nt_bfloat16_float32_bm32_bn32_bk16_wm2_wn2_MN_taligned_K_taligned|steel_gemm_splitk_accum_bfloat16_float32|custom_kernel_laguna_prefill_sliding_qk_norm_rope_bf16_128_h1_v2_bfloat16_t_bfloat16_t_bfloat16_t_bfloat16_t_float_int32_tc_bfloat16_t_bfloat16_t|steel_attention_bfloat16_bq32_bk16_bd128_wm4_wn1_maskbfloat16_align_Q_t_align_K_t_has_mask_n_do_causal_t_has_sinks_n|Cf4IAsTypeADf4IBroadcastCBEf4IBroadcastBCFf4ILogAddExpDEGV2OAsTypeF_VC_V2_10408321403207385874_contiguous|g2_Multiplybfloat16|steel_gemm_fused_nt_bfloat16_bfloat16_bm64_bn64_bk16_wm2_wn2_has_batch_n_use_out_source_n_do_axpby_n_align_M_t_align_N_t_align_K_t|custom_kernel_laguna_residual_rms_bf16_2048_v1_bfloat16_t_bfloat16_t_bfloat16_t_bfloat16_t_bfloat16_t|steel_gemm_splitk_nt_bfloat16_float32_bm32_bn32_bk16_wm2_wn2_MN_taligned_K_taligned|steel_gemm_splitk_accum_bfloat16_float32|custom_kernel_laguna_prefill_router_tournament_ordinal_norm_v1_bfloat16_t_float_uint32_t_float|custom_kernel_mlx_lm_route_csort_scatter_fused_m8_u32_v4_uint32_t_uint32_t_uint32_t_uint32_t|gather_frontbfloat16_uint32_int_2|arangeuint32|nvfp4_gather_qmm_rhs_nt_bfloat16_t_gs_16_b_4_bm_16_bn_32_bk_32_wm_1_wn_2_align_M_t_align_N_t_align_K_t|nvfp4_qmm_t_splitk_fused_bfloat16_t_gs_16_b_4_alN_true|nvfp4_qmm_t_splitk_fused_bfloat16_t_gs_16_b_4_alN_true|g2_copybfloat16bfloat16|g2_copybfloat16bfloat16|CV2ISigmoidADV2IBroadcastACEV2IBroadcastCAFV2IMultiplyDEGV2IBroadcastFBHV2IBroadcastBFIV2OMultiplyGH_VV_V2V2_11160318154034397263_contiguous|arangeuint32|CV2ISigmoidADV2IBroadcastACEV2IBroadcastCAFV2IMultiplyDEGV2IBroadcastFBHV2IBroadcastBFIV2OMultiplyGH_VV_V2V2_11160318154034397263_contiguous|nvfp4_qmm_t_bfloat16_t_gs_16_b_4_alN_true_batch_0|nvfp4_gather_qmm_rhs_nt_bfloat16_t_gs_16_b_4_bm_16_bn_32_bk_32_wm_1_wn_2_align_M_t_align_N_t_align_K_t
GPUPROF 74340.324987875 74340.325064000 1 23101440 custom_kernel_laguna_prefill_sorted_moe_tail_bf16_v1_bfloat16_t_uint32_t_float_bfloat16_t_bfloat16_t_bfloat16_t
GPUPROF 74340.325064750 74340.337247125 30 612017668 rmsbfloat16|steel_gemm_splitk_nt_bfloat16_float32_bm32_bn32_bk16_wm2_wn2_MN_taligned_K_taligned|steel_gemm_splitk_accum_bfloat16_float32|steel_gemm_splitk_nt_bfloat16_float32_bm32_bn32_bk16_wm2_wn2_MN_taligned_K_taligned|steel_gemm_splitk_accum_bfloat16_float32|steel_gemm_fused_nt_bfloat16_bfloat16_bm64_bn64_bk16_wm2_wn2_has_batch_n_use_out_source_n_do_axpby_n_align_M_t_align_N_t_align_K_t|steel_gemm_splitk_nt_bfloat16_float32_bm32_bn32_bk16_wm2_wn2_MN_naligned_K_taligned|steel_gemm_splitk_accum_bfloat16_float32|custom_kernel_laguna_prefill_full_qk_norm_yarn_bf16_128_h1_v2_bfloat16_t_bfloat16_t_bfloat16_t_bfloat16_t_float_int32_tc_bfloat16_t_bfloat16_t|steel_attention_bfloat16_bq32_bk16_bd128_wm4_wn1_maskbfloat16_align_Q_t_align_K_t_has_mask_n_do_causal_t_has_sinks_n|Cf4IAsTypeADf4IBroadcastCBEf4IBroadcastBCFf4ILogAddExpDEGV2OAsTypeF_VC_V2_10408321403207385874_contiguous|g2_Multiplybfloat16|steel_gemm_fused_nt_bfloat16_bfloat16_bm64_bn64_bk16_wm2_wn2_has_batch_n_use_out_source_n_do_axpby_n_align_M_t_align_N_t_align_K_t|custom_kernel_laguna_residual_rms_bf16_2048_v1_bfloat16_t_bfloat16_t_bfloat16_t_bfloat16_t_bfloat16_t|steel_gemm_splitk_nt_bfloat16_float32_bm32_bn32_bk16_wm2_wn2_MN_taligned_K_taligned|steel_gemm_splitk_accum_bfloat16_float32|custom_kernel_laguna_prefill_router_tournament_ordinal_norm_v1_bfloat16_t_float_uint32_t_float|custom_kernel_mlx_lm_route_csort_scatter_fused_m8_u32_v4_uint32_t_uint32_t_uint32_t_uint32_t|gather_frontbfloat16_uint32_int_2|arangeuint32|nvfp4_gather_qmm_rhs_nt_bfloat16_t_gs_16_b_4_bm_16_bn_32_bk_32_wm_1_wn_2_align_M_t_align_N_t_align_K_t|nvfp4_qmm_t_splitk_fused_bfloat16_t_gs_16_b_4_alN_true|nvfp4_qmm_t_splitk_fused_bfloat16_t_gs_16_b_4_alN_true|g2_copybfloat16bfloat16|g2_copybfloat16bfloat16|CV2ISigmoidADV2IBroadcastACEV2IBroadcastCAFV2IMultiplyDEGV2IBroadcastFBHV2IBroadcastBFIV2OMultiplyGH_VV_V2V2_11160318154034397263_contiguous|arangeuint32|CV2ISigmoidADV2IBroadcastACEV2IBroadcastCAFV2IMultiplyDEGV2IBroadcastFBHV2IBroadcastBFIV2OMultiplyGH_VV_V2V2_11160318154034397263_contiguous|nvfp4_qmm_t_bfloat16_t_gs_16_b_4_alN_true_batch_0|nvfp4_gather_qmm_rhs_nt_bfloat16_t_gs_16_b_4_bm_16_bn_32_bk_32_wm_1_wn_2_align_M_t_align_N_t_align_K_t
GPUPROF 74340.337247875 74340.337329250 1 23101440 custom_kernel_laguna_prefill_sorted_moe_tail_bf16_v1_bfloat16_t_uint32_t_float_bfloat16_t_bfloat16_t_bfloat16_t
GPUPROF 74340.337330042 74340.350836125 30 636347908 rmsbfloat16|steel_gemm_splitk_nt_bfloat16_float32_bm32_bn32_bk16_wm2_wn2_MN_taligned_K_taligned|steel_gemm_splitk_accum_bfloat16_float32|steel_gemm_splitk_nt_bfloat16_float32_bm32_bn32_bk16_wm2_wn2_MN_taligned_K_taligned|steel_gemm_splitk_accum_bfloat16_float32|steel_gemm_fused_nt_bfloat16_bfloat16_bm64_bn64_bk16_wm2_wn2_has_batch_n_use_out_source_n_do_axpby_n_align_M_t_align_N_t_align_K_t|steel_gemm_splitk_nt_bfloat16_float32_bm32_bn32_bk16_wm2_wn2_MN_taligned_K_taligned|steel_gemm_splitk_accum_bfloat16_float32|custom_kernel_laguna_prefill_sliding_qk_norm_rope_bf16_128_h1_v2_bfloat16_t_bfloat16_t_bfloat16_t_bfloat16_t_float_int32_tc_bfloat16_t_bfloat16_t|steel_attention_bfloat16_bq32_bk16_bd128_wm4_wn1_maskbfloat16_align_Q_t_align_K_t_has_mask_n_do_causal_t_has_sinks_n|Cf4IAsTypeADf4IBroadcastCBEf4IBroadcastBCFf4ILogAddExpDEGV2OAsTypeF_VC_V2_10408321403207385874_contiguous|g2_Multiplybfloat16|steel_gemm_fused_nt_bfloat16_bfloat16_bm64_bn64_bk16_wm2_wn2_has_batch_n_use_out_source_n_do_axpby_n_align_M_t_align_N_t_align_K_t|custom_kernel_laguna_residual_rms_bf16_2048_v1_bfloat16_t_bfloat16_t_bfloat16_t_bfloat16_t_bfloat16_t|steel_gemm_splitk_nt_bfloat16_float32_bm32_bn32_bk16_wm2_wn2_MN_taligned_K_taligned|steel_gemm_splitk_accum_bfloat16_float32|custom_kernel_laguna_prefill_router_tournament_ordinal_norm_v1_bfloat16_t_float_uint32_t_float|custom_kernel_mlx_lm_route_csort_scatter_fused_m8_u32_v4_uint32_t_uint32_t_uint32_t_uint32_t|gather_frontbfloat16_uint32_int_2|arangeuint32|nvfp4_gather_qmm_rhs_nt_bfloat16_t_gs_16_b_4_bm_16_bn_32_bk_32_wm_1_wn_2_align_M_t_align_N_t_align_K_t|nvfp4_qmm_t_splitk_fused_bfloat16_t_gs_16_b_4_alN_true|nvfp4_qmm_t_splitk_fused_bfloat16_t_gs_16_b_4_alN_true|g2_copybfloat16bfloat16|g2_copybfloat16bfloat16|CV2ISigmoidADV2IBroadcastACEV2IBroadcastCAFV2IMultiplyDEGV2IBroadcastFBHV2IBroadcastBFIV2OMultiplyGH_VV_V2V2_11160318154034397263_contiguous|arangeuint32|CV2ISigmoidADV2IBroadcastACEV2IBroadcastCAFV2IMultiplyDEGV2IBroadcastFBHV2IBroadcastBFIV2OMultiplyGH_VV_V2V2_11160318154034397263_contiguous|nvfp4_qmm_t_bfloat16_t_gs_16_b_4_alN_true_batch_0|nvfp4_gather_qmm_rhs_nt_bfloat16_t_gs_16_b_4_bm_16_bn_32_bk_32_wm_1_wn_2_align_M_t_align_N_t_align_K_t
GPUPROF 74340.350836875 74340.350915875 1 23101440 custom_kernel_laguna_prefill_sorted_moe_tail_bf16_v1_bfloat16_t_uint32_t_float_bfloat16_t_bfloat16_t_bfloat16_t
GPUPROF 74340.350916667 74340.364556542 30 636347908 rmsbfloat16|steel_gemm_splitk_nt_bfloat16_float32_bm32_bn32_bk16_wm2_wn2_MN_taligned_K_taligned|steel_gemm_splitk_accum_bfloat16_float32|steel_gemm_splitk_nt_bfloat16_float32_bm32_bn32_bk16_wm2_wn2_MN_taligned_K_taligned|steel_gemm_splitk_accum_bfloat16_float32|steel_gemm_fused_nt_bfloat16_bfloat16_bm64_bn64_bk16_wm2_wn2_has_batch_n_use_out_source_n_do_axpby_n_align_M_t_align_N_t_align_K_t|steel_gemm_splitk_nt_bfloat16_float32_bm32_bn32_bk16_wm2_wn2_MN_taligned_K_taligned|steel_gemm_splitk_accum_bfloat16_float32|custom_kernel_laguna_prefill_sliding_qk_norm_rope_bf16_128_h1_v2_bfloat16_t_bfloat16_t_bfloat16_t_bfloat16_t_float_int32_tc_bfloat16_t_bfloat16_t|steel_attention_bfloat16_bq32_bk16_bd128_wm4_wn1_maskbfloat16_align_Q_t_align_K_t_has_mask_n_do_causal_t_has_sinks_n|Cf4IAsTypeADf4IBroadcastCBEf4IBroadcastBCFf4ILogAddExpDEGV2OAsTypeF_VC_V2_10408321403207385874_contiguous|g2_Multiplybfloat16|steel_gemm_fused_nt_bfloat16_bfloat16_bm64_bn64_bk16_wm2_wn2_has_batch_n_use_out_source_n_do_axpby_n_align_M_t_align_N_t_align_K_t|custom_kernel_laguna_residual_rms_bf16_2048_v1_bfloat16_t_bfloat16_t_bfloat16_t_bfloat16_t_bfloat16_t|steel_gemm_splitk_nt_bfloat16_float32_bm32_bn32_bk16_wm2_wn2_MN_taligned_K_taligned|steel_gemm_splitk_accum_bfloat16_float32|custom_kernel_laguna_prefill_router_tournament_ordinal_norm_v1_bfloat16_t_float_uint32_t_float|custom_kernel_mlx_lm_route_csort_scatter_fused_m8_u32_v4_uint32_t_uint32_t_uint32_t_uint32_t|gather_frontbfloat16_uint32_int_2|arangeuint32|nvfp4_gather_qmm_rhs_nt_bfloat16_t_gs_16_b_4_bm_16_bn_32_bk_32_wm_1_wn_2_align_M_t_align_N_t_align_K_t|nvfp4_qmm_t_splitk_fused_bfloat16_t_gs_16_b_4_alN_true|nvfp4_qmm_t_splitk_fused_bfloat16_t_gs_16_b_4_alN_true|g2_copybfloat16bfloat16|g2_copybfloat16bfloat16|CV2ISigmoidADV2IBroadcastACEV2IBroadcastCAFV2IMultiplyDEGV2IBroadcastFBHV2IBroadcastBFIV2OMultiplyGH_VV_V2V2_11160318154034397263_contiguous|arangeuint32|CV2ISigmoidADV2IBroadcastACEV2IBroadcastCAFV2IMultiplyDEGV2IBroadcastFBHV2IBroadcastBFIV2OMultiplyGH_VV_V2V2_11160318154034397263_contiguous|nvfp4_qmm_t_bfloat16_t_gs_16_b_4_alN_true_batch_0|nvfp4_gather_qmm_rhs_nt_bfloat16_t_gs_16_b_4_bm_16_bn_32_bk_32_wm_1_wn_2_align_M_t_align_N_t_align_K_t
GPUPROF 74340.364572667 74340.364650667 1 23101440 custom_kernel_laguna_prefill_sorted_moe_tail_bf16_v1_bfloat16_t_uint32_t_float_bfloat16_t_bfloat16_t_bfloat16_t
GPUPROF 74340.364651542 74340.378269917 30 636347908 rmsbfloat16|steel_gemm_splitk_nt_bfloat16_float32_bm32_bn32_bk16_wm2_wn2_MN_taligned_K_taligned|steel_gemm_splitk_accum_bfloat16_float32|steel_gemm_splitk_nt_bfloat16_float32_bm32_bn32_bk16_wm2_wn2_MN_taligned_K_taligned|steel_gemm_splitk_accum_bfloat16_float32|steel_gemm_fused_nt_bfloat16_bfloat16_bm64_bn64_bk16_wm2_wn2_has_batch_n_use_out_source_n_do_axpby_n_align_M_t_align_N_t_align_K_t|steel_gemm_splitk_nt_bfloat16_float32_bm32_bn32_bk16_wm2_wn2_MN_taligned_K_taligned|steel_gemm_splitk_accum_bfloat16_float32|custom_kernel_laguna_prefill_sliding_qk_norm_rope_bf16_128_h1_v2_bfloat16_t_bfloat16_t_bfloat16_t_bfloat16_t_float_int32_tc_bfloat16_t_bfloat16_t|steel_attention_bfloat16_bq32_bk16_bd128_wm4_wn1_maskbfloat16_align_Q_t_align_K_t_has_mask_n_do_causal_t_has_sinks_n|Cf4IAsTypeADf4IBroadcastCBEf4IBroadcastBCFf4ILogAddExpDEGV2OAsTypeF_VC_V2_10408321403207385874_contiguous|g2_Multiplybfloat16|steel_gemm_fused_nt_bfloat16_bfloat16_bm64_bn64_bk16_wm2_wn2_has_batch_n_use_out_source_n_do_axpby_n_align_M_t_align_N_t_align_K_t|custom_kernel_laguna_residual_rms_bf16_2048_v1_bfloat16_t_bfloat16_t_bfloat16_t_bfloat16_t_bfloat16_t|steel_gemm_splitk_nt_bfloat16_float32_bm32_bn32_bk16_wm2_wn2_MN_taligned_K_taligned|steel_gemm_splitk_accum_bfloat16_float32|custom_kernel_laguna_prefill_router_tournament_ordinal_norm_v1_bfloat16_t_float_uint32_t_float|custom_kernel_mlx_lm_route_csort_scatter_fused_m8_u32_v4_uint32_t_uint32_t_uint32_t_uint32_t|gather_frontbfloat16_uint32_int_2|arangeuint32|nvfp4_gather_qmm_rhs_nt_bfloat16_t_gs_16_b_4_bm_16_bn_32_bk_32_wm_1_wn_2_align_M_t_align_N_t_align_K_t|nvfp4_qmm_t_splitk_fused_bfloat16_t_gs_16_b_4_alN_true|nvfp4_qmm_t_splitk_fused_bfloat16_t_gs_16_b_4_alN_true|g2_copybfloat16bfloat16|g2_copybfloat16bfloat16|CV2ISigmoidADV2IBroadcastACEV2IBroadcastCAFV2IMultiplyDEGV2IBroadcastFBHV2IBroadcastBFIV2OMultiplyGH_VV_V2V2_11160318154034397263_contiguous|arangeuint32|CV2ISigmoidADV2IBroadcastACEV2IBroadcastCAFV2IMultiplyDEGV2IBroadcastFBHV2IBroadcastBFIV2OMultiplyGH_VV_V2V2_11160318154034397263_contiguous|nvfp4_qmm_t_bfloat16_t_gs_16_b_4_alN_true_batch_0|nvfp4_gather_qmm_rhs_nt_bfloat16_t_gs_16_b_4_bm_16_bn_32_bk_32_wm_1_wn_2_align_M_t_align_N_t_align_K_t
GPUPROF 74340.378270667 74340.378348875 1 23101440 custom_kernel_laguna_prefill_sorted_moe_tail_bf16_v1_bfloat16_t_uint32_t_float_bfloat16_t_bfloat16_t_bfloat16_t
GPUPROF 74340.378349625 74340.390879750 30 612017668 rmsbfloat16|steel_gemm_splitk_nt_bfloat16_float32_bm32_bn32_bk16_wm2_wn2_MN_taligned_K_taligned|steel_gemm_splitk_accum_bfloat16_float32|steel_gemm_splitk_nt_bfloat16_float32_bm32_bn32_bk16_wm2_wn2_MN_taligned_K_taligned|steel_gemm_splitk_accum_bfloat16_float32|steel_gemm_fused_nt_bfloat16_bfloat16_bm64_bn64_bk16_wm2_wn2_has_batch_n_use_out_source_n_do_axpby_n_align_M_t_align_N_t_align_K_t|steel_gemm_splitk_nt_bfloat16_float32_bm32_bn32_bk16_wm2_wn2_MN_naligned_K_taligned|steel_gemm_splitk_accum_bfloat16_float32|custom_kernel_laguna_prefill_full_qk_norm_yarn_bf16_128_h1_v2_bfloat16_t_bfloat16_t_bfloat16_t_bfloat16_t_float_int32_tc_bfloat16_t_bfloat16_t|steel_attention_bfloat16_bq32_bk16_bd128_wm4_wn1_maskbfloat16_align_Q_t_align_K_t_has_mask_n_do_causal_t_has_sinks_n|Cf4IAsTypeADf4IBroadcastCBEf4IBroadcastBCFf4ILogAddExpDEGV2OAsTypeF_VC_V2_10408321403207385874_contiguous|g2_Multiplybfloat16|steel_gemm_fused_nt_bfloat16_bfloat16_bm64_bn64_bk16_wm2_wn2_has_batch_n_use_out_source_n_do_axpby_n_align_M_t_align_N_t_align_K_t|custom_kernel_laguna_residual_rms_bf16_2048_v1_bfloat16_t_bfloat16_t_bfloat16_t_bfloat16_t_bfloat16_t|steel_gemm_splitk_nt_bfloat16_float32_bm32_bn32_bk16_wm2_wn2_MN_taligned_K_taligned|steel_gemm_splitk_accum_bfloat16_float32|custom_kernel_laguna_prefill_router_tournament_ordinal_norm_v1_bfloat16_t_float_uint32_t_float|custom_kernel_mlx_lm_route_csort_scatter_fused_m8_u32_v4_uint32_t_uint32_t_uint32_t_uint32_t|gather_frontbfloat16_uint32_int_2|arangeuint32|nvfp4_gather_qmm_rhs_nt_bfloat16_t_gs_16_b_4_bm_16_bn_32_bk_32_wm_1_wn_2_align_M_t_align_N_t_align_K_t|nvfp4_qmm_t_splitk_fused_bfloat16_t_gs_16_b_4_alN_true|nvfp4_qmm_t_splitk_fused_bfloat16_t_gs_16_b_4_alN_true|g2_copybfloat16bfloat16|g2_copybfloat16bfloat16|CV2ISigmoidADV2IBroadcastACEV2IBroadcastCAFV2IMultiplyDEGV2IBroadcastFBHV2IBroadcastBFIV2OMultiplyGH_VV_V2V2_11160318154034397263_contiguous|arangeuint32|CV2ISigmoidADV2IBroadcastACEV2IBroadcastCAFV2IMultiplyDEGV2IBroadcastFBHV2IBroadcastBFIV2OMultiplyGH_VV_V2V2_11160318154034397263_contiguous|nvfp4_qmm_t_bfloat16_t_gs_16_b_4_alN_true_batch_0|nvfp4_gather_qmm_rhs_nt_bfloat16_t_gs_16_b_4_bm_16_bn_32_bk_32_wm_1_wn_2_align_M_t_align_N_t_align_K_t
GPUPROF 74340.390880500 74340.390955750 1 23101440 custom_kernel_laguna_prefill_sorted_moe_tail_bf16_v1_bfloat16_t_uint32_t_float_bfloat16_t_bfloat16_t_bfloat16_t
GPUPROF 74340.390956500 74340.405063750 30 636347908 rmsbfloat16|steel_gemm_splitk_nt_bfloat16_float32_bm32_bn32_bk16_wm2_wn2_MN_taligned_K_taligned|steel_gemm_splitk_accum_bfloat16_float32|steel_gemm_splitk_nt_bfloat16_float32_bm32_bn32_bk16_wm2_wn2_MN_taligned_K_taligned|steel_gemm_splitk_accum_bfloat16_float32|steel_gemm_fused_nt_bfloat16_bfloat16_bm64_bn64_bk16_wm2_wn2_has_batch_n_use_out_source_n_do_axpby_n_align_M_t_align_N_t_align_K_t|steel_gemm_splitk_nt_bfloat16_float32_bm32_bn32_bk16_wm2_wn2_MN_taligned_K_taligned|steel_gemm_splitk_accum_bfloat16_float32|custom_kernel_laguna_prefill_sliding_qk_norm_rope_bf16_128_h1_v2_bfloat16_t_bfloat16_t_bfloat16_t_bfloat16_t_float_int32_tc_bfloat16_t_bfloat16_t|steel_attention_bfloat16_bq32_bk16_bd128_wm4_wn1_maskbfloat16_align_Q_t_align_K_t_has_mask_n_do_causal_t_has_sinks_n|Cf4IAsTypeADf4IBroadcastCBEf4IBroadcastBCFf4ILogAddExpDEGV2OAsTypeF_VC_V2_10408321403207385874_contiguous|g2_Multiplybfloat16|steel_gemm_fused_nt_bfloat16_bfloat16_bm64_bn64_bk16_wm2_wn2_has_batch_n_use_out_source_n_do_axpby_n_align_M_t_align_N_t_align_K_t|custom_kernel_laguna_residual_rms_bf16_2048_v1_bfloat16_t_bfloat16_t_bfloat16_t_bfloat16_t_bfloat16_t|steel_gemm_splitk_nt_bfloat16_float32_bm32_bn32_bk16_wm2_wn2_MN_taligned_K_taligned|steel_gemm_splitk_accum_bfloat16_float32|custom_kernel_laguna_prefill_router_tournament_ordinal_norm_v1_bfloat16_t_float_uint32_t_float|custom_kernel_mlx_lm_route_csort_scatter_fused_m8_u32_v4_uint32_t_uint32_t_uint32_t_uint32_t|gather_frontbfloat16_uint32_int_2|arangeuint32|nvfp4_gather_qmm_rhs_nt_bfloat16_t_gs_16_b_4_bm_16_bn_32_bk_32_wm_1_wn_2_align_M_t_align_N_t_align_K_t|nvfp4_qmm_t_splitk_fused_bfloat16_t_gs_16_b_4_alN_true|nvfp4_qmm_t_splitk_fused_bfloat16_t_gs_16_b_4_alN_true|g2_copybfloat16bfloat16|g2_copybfloat16bfloat16|CV2ISigmoidADV2IBroadcastACEV2IBroadcastCAFV2IMultiplyDEGV2IBroadcastFBHV2IBroadcastBFIV2OMultiplyGH_VV_V2V2_11160318154034397263_contiguous|arangeuint32|CV2ISigmoidADV2IBroadcastACEV2IBroadcastCAFV2IMultiplyDEGV2IBroadcastFBHV2IBroadcastBFIV2OMultiplyGH_VV_V2V2_11160318154034397263_contiguous|nvfp4_qmm_t_bfloat16_t_gs_16_b_4_alN_true_batch_0|nvfp4_gather_qmm_rhs_nt_bfloat16_t_gs_16_b_4_bm_16_bn_32_bk_32_wm_1_wn_2_align_M_t_align_N_t_align_K_t
GPUPROF 74340.405064500 74340.405143167 1 23101440 custom_kernel_laguna_prefill_sorted_moe_tail_bf16_v1_bfloat16_t_uint32_t_float_bfloat16_t_bfloat16_t_bfloat16_t
GPUPROF 74340.405144000 74340.419137250 30 636347908 rmsbfloat16|steel_gemm_splitk_nt_bfloat16_float32_bm32_bn32_bk16_wm2_wn2_MN_taligned_K_taligned|steel_gemm_splitk_accum_bfloat16_float32|steel_gemm_splitk_nt_bfloat16_float32_bm32_bn32_bk16_wm2_wn2_MN_taligned_K_taligned|steel_gemm_splitk_accum_bfloat16_float32|steel_gemm_fused_nt_bfloat16_bfloat16_bm64_bn64_bk16_wm2_wn2_has_batch_n_use_out_source_n_do_axpby_n_align_M_t_align_N_t_align_K_t|steel_gemm_splitk_nt_bfloat16_float32_bm32_bn32_bk16_wm2_wn2_MN_taligned_K_taligned|steel_gemm_splitk_accum_bfloat16_float32|custom_kernel_laguna_prefill_sliding_qk_norm_rope_bf16_128_h1_v2_bfloat16_t_bfloat16_t_bfloat16_t_bfloat16_t_float_int32_tc_bfloat16_t_bfloat16_t|steel_attention_bfloat16_bq32_bk16_bd128_wm4_wn1_maskbfloat16_align_Q_t_align_K_t_has_mask_n_do_causal_t_has_sinks_n|Cf4IAsTypeADf4IBroadcastCBEf4IBroadcastBCFf4ILogAddExpDEGV2OAsTypeF_VC_V2_10408321403207385874_contiguous|g2_Multiplybfloat16|steel_gemm_fused_nt_bfloat16_bfloat16_bm64_bn64_bk16_wm2_wn2_has_batch_n_use_out_source_n_do_axpby_n_align_M_t_align_N_t_align_K_t|custom_kernel_laguna_residual_rms_bf16_2048_v1_bfloat16_t_bfloat16_t_bfloat16_t_bfloat16_t_bfloat16_t|steel_gemm_splitk_nt_bfloat16_float32_bm32_bn32_bk16_wm2_wn2_MN_taligned_K_taligned|steel_gemm_splitk_accum_bfloat16_float32|custom_kernel_laguna_prefill_router_tournament_ordinal_norm_v1_bfloat16_t_float_uint32_t_float|custom_kernel_mlx_lm_route_csort_scatter_fused_m8_u32_v4_uint32_t_uint32_t_uint32_t_uint32_t|gather_frontbfloat16_uint32_int_2|arangeuint32|nvfp4_gather_qmm_rhs_nt_bfloat16_t_gs_16_b_4_bm_16_bn_32_bk_32_wm_1_wn_2_align_M_t_align_N_t_align_K_t|nvfp4_qmm_t_splitk_fused_bfloat16_t_gs_16_b_4_alN_true|nvfp4_qmm_t_splitk_fused_bfloat16_t_gs_16_b_4_alN_true|g2_copybfloat16bfloat16|g2_copybfloat16bfloat16|CV2ISigmoidADV2IBroadcastACEV2IBroadcastCAFV2IMultiplyDEGV2IBroadcastFBHV2IBroadcastBFIV2OMultiplyGH_VV_V2V2_11160318154034397263_contiguous|arangeuint32|CV2ISigmoidADV2IBroadcastACEV2IBroadcastCAFV2IMultiplyDEGV2IBroadcastFBHV2IBroadcastBFIV2OMultiplyGH_VV_V2V2_11160318154034397263_contiguous|nvfp4_qmm_t_bfloat16_t_gs_16_b_4_alN_true_batch_0|nvfp4_gather_qmm_rhs_nt_bfloat16_t_gs_16_b_4_bm_16_bn_32_bk_32_wm_1_wn_2_align_M_t_align_N_t_align_K_t
GPUPROF 74340.419138000 74340.419215292 1 23101440 custom_kernel_laguna_prefill_sorted_moe_tail_bf16_v1_bfloat16_t_uint32_t_float_bfloat16_t_bfloat16_t_bfloat16_t
GPUPROF 74340.419216042 74340.433357500 30 636347908 rmsbfloat16|steel_gemm_splitk_nt_bfloat16_float32_bm32_bn32_bk16_wm2_wn2_MN_taligned_K_taligned|steel_gemm_splitk_accum_bfloat16_float32|steel_gemm_splitk_nt_bfloat16_float32_bm32_bn32_bk16_wm2_wn2_MN_taligned_K_taligned|steel_gemm_splitk_accum_bfloat16_float32|steel_gemm_fused_nt_bfloat16_bfloat16_bm64_bn64_bk16_wm2_wn2_has_batch_n_use_out_source_n_do_axpby_n_align_M_t_align_N_t_align_K_t|steel_gemm_splitk_nt_bfloat16_float32_bm32_bn32_bk16_wm2_wn2_MN_taligned_K_taligned|steel_gemm_splitk_accum_bfloat16_float32|custom_kernel_laguna_prefill_sliding_qk_norm_rope_bf16_128_h1_v2_bfloat16_t_bfloat16_t_bfloat16_t_bfloat16_t_float_int32_tc_bfloat16_t_bfloat16_t|steel_attention_bfloat16_bq32_bk16_bd128_wm4_wn1_maskbfloat16_align_Q_t_align_K_t_has_mask_n_do_causal_t_has_sinks_n|Cf4IAsTypeADf4IBroadcastCBEf4IBroadcastBCFf4ILogAddExpDEGV2OAsTypeF_VC_V2_10408321403207385874_contiguous|g2_Multiplybfloat16|steel_gemm_fused_nt_bfloat16_bfloat16_bm64_bn64_bk16_wm2_wn2_has_batch_n_use_out_source_n_do_axpby_n_align_M_t_align_N_t_align_K_t|custom_kernel_laguna_residual_rms_bf16_2048_v1_bfloat16_t_bfloat16_t_bfloat16_t_bfloat16_t_bfloat16_t|steel_gemm_splitk_nt_bfloat16_float32_bm32_bn32_bk16_wm2_wn2_MN_taligned_K_taligned|steel_gemm_splitk_accum_bfloat16_float32|custom_kernel_laguna_prefill_router_tournament_ordinal_norm_v1_bfloat16_t_float_uint32_t_float|custom_kernel_mlx_lm_route_csort_scatter_fused_m8_u32_v4_uint32_t_uint32_t_uint32_t_uint32_t|gather_frontbfloat16_uint32_int_2|arangeuint32|nvfp4_gather_qmm_rhs_nt_bfloat16_t_gs_16_b_4_bm_16_bn_32_bk_32_wm_1_wn_2_align_M_t_align_N_t_align_K_t|nvfp4_qmm_t_splitk_fused_bfloat16_t_gs_16_b_4_alN_true|nvfp4_qmm_t_splitk_fused_bfloat16_t_gs_16_b_4_alN_true|g2_copybfloat16bfloat16|g2_copybfloat16bfloat16|CV2ISigmoidADV2IBroadcastACEV2IBroadcastCAFV2IMultiplyDEGV2IBroadcastFBHV2IBroadcastBFIV2OMultiplyGH_VV_V2V2_11160318154034397263_contiguous|arangeuint32|CV2ISigmoidADV2IBroadcastACEV2IBroadcastCAFV2IMultiplyDEGV2IBroadcastFBHV2IBroadcastBFIV2OMultiplyGH_VV_V2V2_11160318154034397263_contiguous|nvfp4_qmm_t_bfloat16_t_gs_16_b_4_alN_true_batch_0|nvfp4_gather_qmm_rhs_nt_bfloat16_t_gs_16_b_4_bm_16_bn_32_bk_32_wm_1_wn_2_align_M_t_align_N_t_align_K_t
GPUPROF 74340.433373167 74340.433450500 1 23101440 custom_kernel_laguna_prefill_sorted_moe_tail_bf16_v1_bfloat16_t_uint32_t_float_bfloat16_t_bfloat16_t_bfloat16_t
GPUPROF 74340.433451250 74340.446118917 30 612017668 rmsbfloat16|steel_gemm_splitk_nt_bfloat16_float32_bm32_bn32_bk16_wm2_wn2_MN_taligned_K_taligned|steel_gemm_splitk_accum_bfloat16_float32|steel_gemm_splitk_nt_bfloat16_float32_bm32_bn32_bk16_wm2_wn2_MN_taligned_K_taligned|steel_gemm_splitk_accum_bfloat16_float32|steel_gemm_fused_nt_bfloat16_bfloat16_bm64_bn64_bk16_wm2_wn2_has_batch_n_use_out_source_n_do_axpby_n_align_M_t_align_N_t_align_K_t|steel_gemm_splitk_nt_bfloat16_float32_bm32_bn32_bk16_wm2_wn2_MN_naligned_K_taligned|steel_gemm_splitk_accum_bfloat16_float32|custom_kernel_laguna_prefill_full_qk_norm_yarn_bf16_128_h1_v2_bfloat16_t_bfloat16_t_bfloat16_t_bfloat16_t_float_int32_tc_bfloat16_t_bfloat16_t|steel_attention_bfloat16_bq32_bk16_bd128_wm4_wn1_maskbfloat16_align_Q_t_align_K_t_has_mask_n_do_causal_t_has_sinks_n|Cf4IAsTypeADf4IBroadcastCBEf4IBroadcastBCFf4ILogAddExpDEGV2OAsTypeF_VC_V2_10408321403207385874_contiguous|g2_Multiplybfloat16|steel_gemm_fused_nt_bfloat16_bfloat16_bm64_bn64_bk16_wm2_wn2_has_batch_n_use_out_source_n_do_axpby_n_align_M_t_align_N_t_align_K_t|custom_kernel_laguna_residual_rms_bf16_2048_v1_bfloat16_t_bfloat16_t_bfloat16_t_bfloat16_t_bfloat16_t|steel_gemm_splitk_nt_bfloat16_float32_bm32_bn32_bk16_wm2_wn2_MN_taligned_K_taligned|steel_gemm_splitk_accum_bfloat16_float32|custom_kernel_laguna_prefill_router_tournament_ordinal_norm_v1_bfloat16_t_float_uint32_t_float|custom_kernel_mlx_lm_route_csort_scatter_fused_m8_u32_v4_uint32_t_uint32_t_uint32_t_uint32_t|gather_frontbfloat16_uint32_int_2|arangeuint32|nvfp4_gather_qmm_rhs_nt_bfloat16_t_gs_16_b_4_bm_16_bn_32_bk_32_wm_1_wn_2_align_M_t_align_N_t_align_K_t|nvfp4_qmm_t_splitk_fused_bfloat16_t_gs_16_b_4_alN_true|nvfp4_qmm_t_splitk_fused_bfloat16_t_gs_16_b_4_alN_true|g2_copybfloat16bfloat16|g2_copybfloat16bfloat16|CV2ISigmoidADV2IBroadcastACEV2IBroadcastCAFV2IMultiplyDEGV2IBroadcastFBHV2IBroadcastBFIV2OMultiplyGH_VV_V2V2_11160318154034397263_contiguous|arangeuint32|CV2ISigmoidADV2IBroadcastACEV2IBroadcastCAFV2IMultiplyDEGV2IBroadcastFBHV2IBroadcastBFIV2OMultiplyGH_VV_V2V2_11160318154034397263_contiguous|nvfp4_qmm_t_bfloat16_t_gs_16_b_4_alN_true_batch_0|nvfp4_gather_qmm_rhs_nt_bfloat16_t_gs_16_b_4_bm_16_bn_32_bk_32_wm_1_wn_2_align_M_t_align_N_t_align_K_t
GPUPROF 74340.446119667 74340.446196125 1 23101440 custom_kernel_laguna_prefill_sorted_moe_tail_bf16_v1_bfloat16_t_uint32_t_float_bfloat16_t_bfloat16_t_bfloat16_t
GPUPROF 74340.446196917 74340.460155917 30 636347908 rmsbfloat16|steel_gemm_splitk_nt_bfloat16_float32_bm32_bn32_bk16_wm2_wn2_MN_taligned_K_taligned|steel_gemm_splitk_accum_bfloat16_float32|steel_gemm_splitk_nt_bfloat16_float32_bm32_bn32_bk16_wm2_wn2_MN_taligned_K_taligned|steel_gemm_splitk_accum_bfloat16_float32|steel_gemm_fused_nt_bfloat16_bfloat16_bm64_bn64_bk16_wm2_wn2_has_batch_n_use_out_source_n_do_axpby_n_align_M_t_align_N_t_align_K_t|steel_gemm_splitk_nt_bfloat16_float32_bm32_bn32_bk16_wm2_wn2_MN_taligned_K_taligned|steel_gemm_splitk_accum_bfloat16_float32|custom_kernel_laguna_prefill_sliding_qk_norm_rope_bf16_128_h1_v2_bfloat16_t_bfloat16_t_bfloat16_t_bfloat16_t_float_int32_tc_bfloat16_t_bfloat16_t|steel_attention_bfloat16_bq32_bk16_bd128_wm4_wn1_maskbfloat16_align_Q_t_align_K_t_has_mask_n_do_causal_t_has_sinks_n|Cf4IAsTypeADf4IBroadcastCBEf4IBroadcastBCFf4ILogAddExpDEGV2OAsTypeF_VC_V2_10408321403207385874_contiguous|g2_Multiplybfloat16|steel_gemm_fused_nt_bfloat16_bfloat16_bm64_bn64_bk16_wm2_wn2_has_batch_n_use_out_source_n_do_axpby_n_align_M_t_align_N_t_align_K_t|custom_kernel_laguna_residual_rms_bf16_2048_v1_bfloat16_t_bfloat16_t_bfloat16_t_bfloat16_t_bfloat16_t|steel_gemm_splitk_nt_bfloat16_float32_bm32_bn32_bk16_wm2_wn2_MN_taligned_K_taligned|steel_gemm_splitk_accum_bfloat16_float32|custom_kernel_laguna_prefill_router_tournament_ordinal_norm_v1_bfloat16_t_float_uint32_t_float|custom_kernel_mlx_lm_route_csort_scatter_fused_m8_u32_v4_uint32_t_uint32_t_uint32_t_uint32_t|gather_frontbfloat16_uint32_int_2|arangeuint32|nvfp4_gather_qmm_rhs_nt_bfloat16_t_gs_16_b_4_bm_16_bn_32_bk_32_wm_1_wn_2_align_M_t_align_N_t_align_K_t|nvfp4_qmm_t_splitk_fused_bfloat16_t_gs_16_b_4_alN_true|nvfp4_qmm_t_splitk_fused_bfloat16_t_gs_16_b_4_alN_true|g2_copybfloat16bfloat16|g2_copybfloat16bfloat16|CV2ISigmoidADV2IBroadcastACEV2IBroadcastCAFV2IMultiplyDEGV2IBroadcastFBHV2IBroadcastBFIV2OMultiplyGH_VV_V2V2_11160318154034397263_contiguous|arangeuint32|CV2ISigmoidADV2IBroadcastACEV2IBroadcastCAFV2IMultiplyDEGV2IBroadcastFBHV2IBroadcastBFIV2OMultiplyGH_VV_V2V2_11160318154034397263_contiguous|nvfp4_qmm_t_bfloat16_t_gs_16_b_4_alN_true_batch_0|nvfp4_gather_qmm_rhs_nt_bfloat16_t_gs_16_b_4_bm_16_bn_32_bk_32_wm_1_wn_2_align_M_t_align_N_t_align_K_t
GPUPROF 74340.460156667 74340.460231792 1 23101440 custom_kernel_laguna_prefill_sorted_moe_tail_bf16_v1_bfloat16_t_uint32_t_float_bfloat16_t_bfloat16_t_bfloat16_t
GPUPROF 74340.460232625 74340.474287125 30 636347908 rmsbfloat16|steel_gemm_splitk_nt_bfloat16_float32_bm32_bn32_bk16_wm2_wn2_MN_taligned_K_taligned|steel_gemm_splitk_accum_bfloat16_float32|steel_gemm_splitk_nt_bfloat16_float32_bm32_bn32_bk16_wm2_wn2_MN_taligned_K_taligned|steel_gemm_splitk_accum_bfloat16_float32|steel_gemm_fused_nt_bfloat16_bfloat16_bm64_bn64_bk16_wm2_wn2_has_batch_n_use_out_source_n_do_axpby_n_align_M_t_align_N_t_align_K_t|steel_gemm_splitk_nt_bfloat16_float32_bm32_bn32_bk16_wm2_wn2_MN_taligned_K_taligned|steel_gemm_splitk_accum_bfloat16_float32|custom_kernel_laguna_prefill_sliding_qk_norm_rope_bf16_128_h1_v2_bfloat16_t_bfloat16_t_bfloat16_t_bfloat16_t_float_int32_tc_bfloat16_t_bfloat16_t|steel_attention_bfloat16_bq32_bk16_bd128_wm4_wn1_maskbfloat16_align_Q_t_align_K_t_has_mask_n_do_causal_t_has_sinks_n|Cf4IAsTypeADf4IBroadcastCBEf4IBroadcastBCFf4ILogAddExpDEGV2OAsTypeF_VC_V2_10408321403207385874_contiguous|g2_Multiplybfloat16|steel_gemm_fused_nt_bfloat16_bfloat16_bm64_bn64_bk16_wm2_wn2_has_batch_n_use_out_source_n_do_axpby_n_align_M_t_align_N_t_align_K_t|custom_kernel_laguna_residual_rms_bf16_2048_v1_bfloat16_t_bfloat16_t_bfloat16_t_bfloat16_t_bfloat16_t|steel_gemm_splitk_nt_bfloat16_float32_bm32_bn32_bk16_wm2_wn2_MN_taligned_K_taligned|steel_gemm_splitk_accum_bfloat16_float32|custom_kernel_laguna_prefill_router_tournament_ordinal_norm_v1_bfloat16_t_float_uint32_t_float|custom_kernel_mlx_lm_route_csort_scatter_fused_m8_u32_v4_uint32_t_uint32_t_uint32_t_uint32_t|gather_frontbfloat16_uint32_int_2|arangeuint32|nvfp4_gather_qmm_rhs_nt_bfloat16_t_gs_16_b_4_bm_16_bn_32_bk_32_wm_1_wn_2_align_M_t_align_N_t_align_K_t|nvfp4_qmm_t_splitk_fused_bfloat16_t_gs_16_b_4_alN_true|nvfp4_qmm_t_splitk_fused_bfloat16_t_gs_16_b_4_alN_true|g2_copybfloat16bfloat16|g2_copybfloat16bfloat16|CV2ISigmoidADV2IBroadcastACEV2IBroadcastCAFV2IMultiplyDEGV2IBroadcastFBHV2IBroadcastBFIV2OMultiplyGH_VV_V2V2_11160318154034397263_contiguous|arangeuint32|CV2ISigmoidADV2IBroadcastACEV2IBroadcastCAFV2IMultiplyDEGV2IBroadcastFBHV2IBroadcastBFIV2OMultiplyGH_VV_V2V2_11160318154034397263_contiguous|nvfp4_qmm_t_bfloat16_t_gs_16_b_4_alN_true_batch_0|nvfp4_gather_qmm_rhs_nt_bfloat16_t_gs_16_b_4_bm_16_bn_32_bk_32_wm_1_wn_2_align_M_t_align_N_t_align_K_t
GPUPROF 74340.474287875 74340.474361875 1 23101440 custom_kernel_laguna_prefill_sorted_moe_tail_bf16_v1_bfloat16_t_uint32_t_float_bfloat16_t_bfloat16_t_bfloat16_t
GPUPROF 74340.474362667 74340.488568500 30 636347908 rmsbfloat16|steel_gemm_splitk_nt_bfloat16_float32_bm32_bn32_bk16_wm2_wn2_MN_taligned_K_taligned|steel_gemm_splitk_accum_bfloat16_float32|steel_gemm_splitk_nt_bfloat16_float32_bm32_bn32_bk16_wm2_wn2_MN_taligned_K_taligned|steel_gemm_splitk_accum_bfloat16_float32|steel_gemm_fused_nt_bfloat16_bfloat16_bm64_bn64_bk16_wm2_wn2_has_batch_n_use_out_source_n_do_axpby_n_align_M_t_align_N_t_align_K_t|steel_gemm_splitk_nt_bfloat16_float32_bm32_bn32_bk16_wm2_wn2_MN_taligned_K_taligned|steel_gemm_splitk_accum_bfloat16_float32|custom_kernel_laguna_prefill_sliding_qk_norm_rope_bf16_128_h1_v2_bfloat16_t_bfloat16_t_bfloat16_t_bfloat16_t_float_int32_tc_bfloat16_t_bfloat16_t|steel_attention_bfloat16_bq32_bk16_bd128_wm4_wn1_maskbfloat16_align_Q_t_align_K_t_has_mask_n_do_causal_t_has_sinks_n|Cf4IAsTypeADf4IBroadcastCBEf4IBroadcastBCFf4ILogAddExpDEGV2OAsTypeF_VC_V2_10408321403207385874_contiguous|g2_Multiplybfloat16|steel_gemm_fused_nt_bfloat16_bfloat16_bm64_bn64_bk16_wm2_wn2_has_batch_n_use_out_source_n_do_axpby_n_align_M_t_align_N_t_align_K_t|custom_kernel_laguna_residual_rms_bf16_2048_v1_bfloat16_t_bfloat16_t_bfloat16_t_bfloat16_t_bfloat16_t|steel_gemm_splitk_nt_bfloat16_float32_bm32_bn32_bk16_wm2_wn2_MN_taligned_K_taligned|steel_gemm_splitk_accum_bfloat16_float32|custom_kernel_laguna_prefill_router_tournament_ordinal_norm_v1_bfloat16_t_float_uint32_t_float|custom_kernel_mlx_lm_route_csort_scatter_fused_m8_u32_v4_uint32_t_uint32_t_uint32_t_uint32_t|gather_frontbfloat16_uint32_int_2|arangeuint32|nvfp4_gather_qmm_rhs_nt_bfloat16_t_gs_16_b_4_bm_16_bn_32_bk_32_wm_1_wn_2_align_M_t_align_N_t_align_K_t|nvfp4_qmm_t_splitk_fused_bfloat16_t_gs_16_b_4_alN_true|nvfp4_qmm_t_splitk_fused_bfloat16_t_gs_16_b_4_alN_true|g2_copybfloat16bfloat16|g2_copybfloat16bfloat16|CV2ISigmoidADV2IBroadcastACEV2IBroadcastCAFV2IMultiplyDEGV2IBroadcastFBHV2IBroadcastBFIV2OMultiplyGH_VV_V2V2_11160318154034397263_contiguous|arangeuint32|CV2ISigmoidADV2IBroadcastACEV2IBroadcastCAFV2IMultiplyDEGV2IBroadcastFBHV2IBroadcastBFIV2OMultiplyGH_VV_V2V2_11160318154034397263_contiguous|nvfp4_qmm_t_bfloat16_t_gs_16_b_4_alN_true_batch_0|nvfp4_gather_qmm_rhs_nt_bfloat16_t_gs_16_b_4_bm_16_bn_32_bk_32_wm_1_wn_2_align_M_t_align_N_t_align_K_t
GPUPROF 74340.488569250 74340.488647500 1 23101440 custom_kernel_laguna_prefill_sorted_moe_tail_bf16_v1_bfloat16_t_uint32_t_float_bfloat16_t_bfloat16_t_bfloat16_t
GPUPROF 74340.488648250 74340.501223250 30 612017668 rmsbfloat16|steel_gemm_splitk_nt_bfloat16_float32_bm32_bn32_bk16_wm2_wn2_MN_taligned_K_taligned|steel_gemm_splitk_accum_bfloat16_float32|steel_gemm_splitk_nt_bfloat16_float32_bm32_bn32_bk16_wm2_wn2_MN_taligned_K_taligned|steel_gemm_splitk_accum_bfloat16_float32|steel_gemm_fused_nt_bfloat16_bfloat16_bm64_bn64_bk16_wm2_wn2_has_batch_n_use_out_source_n_do_axpby_n_align_M_t_align_N_t_align_K_t|steel_gemm_splitk_nt_bfloat16_float32_bm32_bn32_bk16_wm2_wn2_MN_naligned_K_taligned|steel_gemm_splitk_accum_bfloat16_float32|custom_kernel_laguna_prefill_full_qk_norm_yarn_bf16_128_h1_v2_bfloat16_t_bfloat16_t_bfloat16_t_bfloat16_t_float_int32_tc_bfloat16_t_bfloat16_t|steel_attention_bfloat16_bq32_bk16_bd128_wm4_wn1_maskbfloat16_align_Q_t_align_K_t_has_mask_n_do_causal_t_has_sinks_n|Cf4IAsTypeADf4IBroadcastCBEf4IBroadcastBCFf4ILogAddExpDEGV2OAsTypeF_VC_V2_10408321403207385874_contiguous|g2_Multiplybfloat16|steel_gemm_fused_nt_bfloat16_bfloat16_bm64_bn64_bk16_wm2_wn2_has_batch_n_use_out_source_n_do_axpby_n_align_M_t_align_N_t_align_K_t|custom_kernel_laguna_residual_rms_bf16_2048_v1_bfloat16_t_bfloat16_t_bfloat16_t_bfloat16_t_bfloat16_t|steel_gemm_splitk_nt_bfloat16_float32_bm32_bn32_bk16_wm2_wn2_MN_taligned_K_taligned|steel_gemm_splitk_accum_bfloat16_float32|custom_kernel_laguna_prefill_router_tournament_ordinal_norm_v1_bfloat16_t_float_uint32_t_float|custom_kernel_mlx_lm_route_csort_scatter_fused_m8_u32_v4_uint32_t_uint32_t_uint32_t_uint32_t|gather_frontbfloat16_uint32_int_2|arangeuint32|nvfp4_gather_qmm_rhs_nt_bfloat16_t_gs_16_b_4_bm_16_bn_32_bk_32_wm_1_wn_2_align_M_t_align_N_t_align_K_t|nvfp4_qmm_t_splitk_fused_bfloat16_t_gs_16_b_4_alN_true|nvfp4_qmm_t_splitk_fused_bfloat16_t_gs_16_b_4_alN_true|g2_copybfloat16bfloat16|g2_copybfloat16bfloat16|CV2ISigmoidADV2IBroadcastACEV2IBroadcastCAFV2IMultiplyDEGV2IBroadcastFBHV2IBroadcastBFIV2OMultiplyGH_VV_V2V2_11160318154034397263_contiguous|arangeuint32|CV2ISigmoidADV2IBroadcastACEV2IBroadcastCAFV2IMultiplyDEGV2IBroadcastFBHV2IBroadcastBFIV2OMultiplyGH_VV_V2V2_11160318154034397263_contiguous|nvfp4_qmm_t_bfloat16_t_gs_16_b_4_alN_true_batch_0|nvfp4_gather_qmm_rhs_nt_bfloat16_t_gs_16_b_4_bm_16_bn_32_bk_32_wm_1_wn_2_align_M_t_align_N_t_align_K_t
GPUPROF 74340.501224000 74340.501300000 1 23101440 custom_kernel_laguna_prefill_sorted_moe_tail_bf16_v1_bfloat16_t_uint32_t_float_bfloat16_t_bfloat16_t_bfloat16_t
GPUPROF 74340.501300792 74340.515366667 30 636347908 rmsbfloat16|steel_gemm_splitk_nt_bfloat16_float32_bm32_bn32_bk16_wm2_wn2_MN_taligned_K_taligned|steel_gemm_splitk_accum_bfloat16_float32|steel_gemm_splitk_nt_bfloat16_float32_bm32_bn32_bk16_wm2_wn2_MN_taligned_K_taligned|steel_gemm_splitk_accum_bfloat16_float32|steel_gemm_fused_nt_bfloat16_bfloat16_bm64_bn64_bk16_wm2_wn2_has_batch_n_use_out_source_n_do_axpby_n_align_M_t_align_N_t_align_K_t|steel_gemm_splitk_nt_bfloat16_float32_bm32_bn32_bk16_wm2_wn2_MN_taligned_K_taligned|steel_gemm_splitk_accum_bfloat16_float32|custom_kernel_laguna_prefill_sliding_qk_norm_rope_bf16_128_h1_v2_bfloat16_t_bfloat16_t_bfloat16_t_bfloat16_t_float_int32_tc_bfloat16_t_bfloat16_t|steel_attention_bfloat16_bq32_bk16_bd128_wm4_wn1_maskbfloat16_align_Q_t_align_K_t_has_mask_n_do_causal_t_has_sinks_n|Cf4IAsTypeADf4IBroadcastCBEf4IBroadcastBCFf4ILogAddExpDEGV2OAsTypeF_VC_V2_10408321403207385874_contiguous|g2_Multiplybfloat16|steel_gemm_fused_nt_bfloat16_bfloat16_bm64_bn64_bk16_wm2_wn2_has_batch_n_use_out_source_n_do_axpby_n_align_M_t_align_N_t_align_K_t|custom_kernel_laguna_residual_rms_bf16_2048_v1_bfloat16_t_bfloat16_t_bfloat16_t_bfloat16_t_bfloat16_t|steel_gemm_splitk_nt_bfloat16_float32_bm32_bn32_bk16_wm2_wn2_MN_taligned_K_taligned|steel_gemm_splitk_accum_bfloat16_float32|custom_kernel_laguna_prefill_router_tournament_ordinal_norm_v1_bfloat16_t_float_uint32_t_float|custom_kernel_mlx_lm_route_csort_scatter_fused_m8_u32_v4_uint32_t_uint32_t_uint32_t_uint32_t|gather_frontbfloat16_uint32_int_2|arangeuint32|nvfp4_gather_qmm_rhs_nt_bfloat16_t_gs_16_b_4_bm_16_bn_32_bk_32_wm_1_wn_2_align_M_t_align_N_t_align_K_t|nvfp4_qmm_t_splitk_fused_bfloat16_t_gs_16_b_4_alN_true|nvfp4_qmm_t_splitk_fused_bfloat16_t_gs_16_b_4_alN_true|g2_copybfloat16bfloat16|g2_copybfloat16bfloat16|CV2ISigmoidADV2IBroadcastACEV2IBroadcastCAFV2IMultiplyDEGV2IBroadcastFBHV2IBroadcastBFIV2OMultiplyGH_VV_V2V2_11160318154034397263_contiguous|arangeuint32|CV2ISigmoidADV2IBroadcastACEV2IBroadcastCAFV2IMultiplyDEGV2IBroadcastFBHV2IBroadcastBFIV2OMultiplyGH_VV_V2V2_11160318154034397263_contiguous|nvfp4_qmm_t_bfloat16_t_gs_16_b_4_alN_true_batch_0|nvfp4_gather_qmm_rhs_nt_bfloat16_t_gs_16_b_4_bm_16_bn_32_bk_32_wm_1_wn_2_align_M_t_align_N_t_align_K_t
GPUPROF 74340.515367417 74340.515447417 1 23101440 custom_kernel_laguna_prefill_sorted_moe_tail_bf16_v1_bfloat16_t_uint32_t_float_bfloat16_t_bfloat16_t_bfloat16_t
GPUPROF 74340.515448250 74340.529184000 30 636347908 rmsbfloat16|steel_gemm_splitk_nt_bfloat16_float32_bm32_bn32_bk16_wm2_wn2_MN_taligned_K_taligned|steel_gemm_splitk_accum_bfloat16_float32|steel_gemm_splitk_nt_bfloat16_float32_bm32_bn32_bk16_wm2_wn2_MN_taligned_K_taligned|steel_gemm_splitk_accum_bfloat16_float32|steel_gemm_fused_nt_bfloat16_bfloat16_bm64_bn64_bk16_wm2_wn2_has_batch_n_use_out_source_n_do_axpby_n_align_M_t_align_N_t_align_K_t|steel_gemm_splitk_nt_bfloat16_float32_bm32_bn32_bk16_wm2_wn2_MN_taligned_K_taligned|steel_gemm_splitk_accum_bfloat16_float32|custom_kernel_laguna_prefill_sliding_qk_norm_rope_bf16_128_h1_v2_bfloat16_t_bfloat16_t_bfloat16_t_bfloat16_t_float_int32_tc_bfloat16_t_bfloat16_t|steel_attention_bfloat16_bq32_bk16_bd128_wm4_wn1_maskbfloat16_align_Q_t_align_K_t_has_mask_n_do_causal_t_has_sinks_n|Cf4IAsTypeADf4IBroadcastCBEf4IBroadcastBCFf4ILogAddExpDEGV2OAsTypeF_VC_V2_10408321403207385874_contiguous|g2_Multiplybfloat16|steel_gemm_fused_nt_bfloat16_bfloat16_bm64_bn64_bk16_wm2_wn2_has_batch_n_use_out_source_n_do_axpby_n_align_M_t_align_N_t_align_K_t|custom_kernel_laguna_residual_rms_bf16_2048_v1_bfloat16_t_bfloat16_t_bfloat16_t_bfloat16_t_bfloat16_t|steel_gemm_splitk_nt_bfloat16_float32_bm32_bn32_bk16_wm2_wn2_MN_taligned_K_taligned|steel_gemm_splitk_accum_bfloat16_float32|custom_kernel_laguna_prefill_router_tournament_ordinal_norm_v1_bfloat16_t_float_uint32_t_float|custom_kernel_mlx_lm_route_csort_scatter_fused_m8_u32_v4_uint32_t_uint32_t_uint32_t_uint32_t|gather_frontbfloat16_uint32_int_2|arangeuint32|nvfp4_gather_qmm_rhs_nt_bfloat16_t_gs_16_b_4_bm_16_bn_32_bk_32_wm_1_wn_2_align_M_t_align_N_t_align_K_t|nvfp4_qmm_t_splitk_fused_bfloat16_t_gs_16_b_4_alN_true|nvfp4_qmm_t_splitk_fused_bfloat16_t_gs_16_b_4_alN_true|g2_copybfloat16bfloat16|g2_copybfloat16bfloat16|CV2ISigmoidADV2IBroadcastACEV2IBroadcastCAFV2IMultiplyDEGV2IBroadcastFBHV2IBroadcastBFIV2OMultiplyGH_VV_V2V2_11160318154034397263_contiguous|arangeuint32|CV2ISigmoidADV2IBroadcastACEV2IBroadcastCAFV2IMultiplyDEGV2IBroadcastFBHV2IBroadcastBFIV2OMultiplyGH_VV_V2V2_11160318154034397263_contiguous|nvfp4_qmm_t_bfloat16_t_gs_16_b_4_alN_true_batch_0|nvfp4_gather_qmm_rhs_nt_bfloat16_t_gs_16_b_4_bm_16_bn_32_bk_32_wm_1_wn_2_align_M_t_align_N_t_align_K_t
GPUPROF 74340.529184750 74340.529263000 1 23101440 custom_kernel_laguna_prefill_sorted_moe_tail_bf16_v1_bfloat16_t_uint32_t_float_bfloat16_t_bfloat16_t_bfloat16_t
GPUPROF 74340.529263875 74340.530773667 19 650351176 rmsbfloat16|steel_gemm_fused_nt_bfloat16_bfloat16_bm64_bn64_bk16_wm2_wn2_has_batch_n_use_out_source_n_do_axpby_n_align_M_t_align_N_t_align_K_t|gemv_al_bfloat16_bm8_bn1_sm1_sn32_tm4_tn4_nc0_axpby0|g2_copybfloat16bfloat16|rmsbfloat16|rmsbfloat16|rope_bfloat16_|rope_single_bfloat16_|Cf4IAsTypeADf4IBroadcastCBEf4IBroadcastBCFf4ILogAddExpDEGV2OAsTypeF_VC_V2_10408321403207385874_contiguous|sdpa_vector_bfloat16_t_128_128_nomask_qnt_nc_nosinks|g2_Multiplybfloat16|gemv_al_bfloat16_bm4_bn1_sm1_sn32_tm4_tn4_nc0_axpby0|custom_kernel_laguna_residual_rms_router_bf16_2048_rpg8_keys_v1_bfloat16_t_bfloat16_t_bfloat16_t_bfloat16_t_float_bfloat16_t_bfloat16_t_bfloat16_t_uint32_t|custom_kernel_laguna_shared_nvfp4_swiglu_qmv_rows1_bf16_v1_bfloat16_t_uint32_t_uint8_t_bfloat16_t|custom_kernel_laguna_decode_router_top8_ordinal_table_norm_v1_bfloat16_t_float_uint32_t_float|custom_kernel_laguna_routed_nvfp4_swiglu_qmv_packed_top8keys_r1_bf16_v2_bfloat16_t_uint32_t_uint8_t_uint32_t_bfloat16_t|custom_kernel_laguna_routed_shared_nvfp4_down_residual_bf16_r1_v5_bfloat16_t_uint32_t_uint8_t_uint32_t_float_bfloat16_t_uint32_t_uint8_t_bfloat16_t_bfloat16_t|rmsbfloat16|custom_kernel_laguna_lmhead_int5_inline_coarse_ratio_bound_delta_bf16_v6_bfloat16_t_uint8_t_uint8_t_uint8_t_float_bfloat16_t
GPUPROF 74340.530774667 74340.530857750 3 411849732 custom_kernel_laguna_lmhead_coarse_argmax_stage1_v5_float_float_uint32_t|custom_kernel_laguna_lmhead_exact_winner_bf16_midpoint_threshold_v1_float_uint32_t_bfloat16_t_bfloat16_t_float|custom_kernel_laguna_lmhead_exact_inline_mask_block_delta_bf16_lane0_mask_v1_float_bfloat16_t_floatc_bfloat16_t_bfloat16_t_bfloat16_t
GPUPROF 74340.531104792 74340.531117042 2 401416 gather_frontbfloat16_int32_int_2|argmax_bfloat16
GPUPROF 74340.534837125 74340.535206750 4 424679424 gather_frontbfloat16_int32_int_2|rmsbfloat16|steel_gemm_splitk_nt_bfloat16_float32_bm32_bn32_bk16_wm2_wn2_MN_taligned_K_taligned|steel_gemm_splitk_accum_bfloat16_float32
GPUPROF 74340.535463000 74340.547381750 16 212455940 steel_gemm_splitk_nt_bfloat16_float32_bm32_bn32_bk16_wm2_wn2_MN_taligned_K_taligned|steel_gemm_splitk_accum_bfloat16_float32|steel_gemm_fused_nt_bfloat16_bfloat16_bm64_bn64_bk16_wm2_wn2_has_batch_n_use_out_source_n_do_axpby_n_align_M_t_align_N_t_align_K_t|steel_gemm_splitk_nt_bfloat16_float32_bm32_bn32_bk16_wm2_wn2_MN_naligned_K_taligned|steel_gemm_splitk_accum_bfloat16_float32|custom_kernel_laguna_prefill_full_qk_norm_yarn_bf16_128_h1_v2_bfloat16_t_bfloat16_t_bfloat16_t_bfloat16_t_float_int32_tc_bfloat16_t_bfloat16_t|steel_attention_bfloat16_bq32_bk16_bd128_wm4_wn1_maskbfloat16_align_Q_t_align_K_t_has_mask_n_do_causal_t_has_sinks_n|Cf4IAsTypeADf4IBroadcastCBEf4IBroadcastBCFf4ILogAddExpDEGV2OAsTypeF_VC_V2_10408321403207385874_contiguous|g2_Multiplybfloat16|steel_gemm_fused_nt_bfloat16_bfloat16_bm64_bn64_bk16_wm2_wn2_has_batch_n_use_out_source_n_do_axpby_n_align_M_t_align_N_t_align_K_t|custom_kernel_laguna_residual_rms_bf16_2048_v1_bfloat16_t_bfloat16_t_bfloat16_t_bfloat16_t_bfloat16_t|steel_gemm_fused_nt_bfloat16_bfloat16_bm64_bn64_bk16_wm2_wn2_has_batch_n_use_out_source_n_do_axpby_n_align_M_t_align_N_t_align_K_t|steel_gemm_fused_nt_bfloat16_bfloat16_bm64_bn64_bk16_wm2_wn2_has_batch_n_use_out_source_n_do_axpby_n_align_M_t_align_N_t_align_K_t|CV2ISigmoidADV2IBroadcastACEV2IBroadcastCAFV2IMultiplyDEGV2IBroadcastFBHV2IBroadcastBFIV2OMultiplyGH_VV_V2V2_11160318154034397263_contiguous|steel_gemm_fused_nt_bfloat16_bfloat16_bm64_bn64_bk16_wm2_wn2_has_batch_n_use_out_source_n_do_axpby_n_align_M_t_align_N_t_align_K_t|vvn_Addbfloat16
GPUPROF 74340.547382792 74340.562154750 30 636347908 rmsbfloat16|steel_gemm_splitk_nt_bfloat16_float32_bm32_bn32_bk16_wm2_wn2_MN_taligned_K_taligned|steel_gemm_splitk_accum_bfloat16_float32|steel_gemm_splitk_nt_bfloat16_float32_bm32_bn32_bk16_wm2_wn2_MN_taligned_K_taligned|steel_gemm_splitk_accum_bfloat16_float32|steel_gemm_fused_nt_bfloat16_bfloat16_bm64_bn64_bk16_wm2_wn2_has_batch_n_use_out_source_n_do_axpby_n_align_M_t_align_N_t_align_K_t|steel_gemm_splitk_nt_bfloat16_float32_bm32_bn32_bk16_wm2_wn2_MN_taligned_K_taligned|steel_gemm_splitk_accum_bfloat16_float32|custom_kernel_laguna_prefill_sliding_qk_norm_rope_bf16_128_h1_v2_bfloat16_t_bfloat16_t_bfloat16_t_bfloat16_t_float_int32_tc_bfloat16_t_bfloat16_t|steel_attention_bfloat16_bq32_bk16_bd128_wm4_wn1_maskbfloat16_align_Q_t_align_K_t_has_mask_n_do_causal_t_has_sinks_n|Cf4IAsTypeADf4IBroadcastCBEf4IBroadcastBCFf4ILogAddExpDEGV2OAsTypeF_VC_V2_10408321403207385874_contiguous|g2_Multiplybfloat16|steel_gemm_fused_nt_bfloat16_bfloat16_bm64_bn64_bk16_wm2_wn2_has_batch_n_use_out_source_n_do_axpby_n_align_M_t_align_N_t_align_K_t|custom_kernel_laguna_residual_rms_bf16_2048_v1_bfloat16_t_bfloat16_t_bfloat16_t_bfloat16_t_bfloat16_t|steel_gemm_splitk_nt_bfloat16_float32_bm32_bn32_bk16_wm2_wn2_MN_taligned_K_taligned|steel_gemm_splitk_accum_bfloat16_float32|custom_kernel_laguna_prefill_router_tournament_ordinal_norm_v1_bfloat16_t_float_uint32_t_float|custom_kernel_mlx_lm_route_csort_scatter_fused_m8_u32_v4_uint32_t_uint32_t_uint32_t_uint32_t|gather_frontbfloat16_uint32_int_2|arangeuint32|nvfp4_gather_qmm_rhs_nt_bfloat16_t_gs_16_b_4_bm_16_bn_32_bk_32_wm_1_wn_2_align_M_t_align_N_t_align_K_t|nvfp4_qmm_t_splitk_fused_bfloat16_t_gs_16_b_4_alN_true|nvfp4_qmm_t_splitk_fused_bfloat16_t_gs_16_b_4_alN_true|g2_copybfloat16bfloat16|g2_copybfloat16bfloat16|CV2ISigmoidADV2IBroadcastACEV2IBroadcastCAFV2IMultiplyDEGV2IBroadcastFBHV2IBroadcastBFIV2OMultiplyGH_VV_V2V2_11160318154034397263_contiguous|arangeuint32|CV2ISigmoidADV2IBroadcastACEV2IBroadcastCAFV2IMultiplyDEGV2IBroadcastFBHV2IBroadcastBFIV2OMultiplyGH_VV_V2V2_11160318154034397263_contiguous|nvfp4_qmm_t_bfloat16_t_gs_16_b_4_alN_true_batch_0|nvfp4_gather_qmm_rhs_nt_bfloat16_t_gs_16_b_4_bm_16_bn_32_bk_32_wm_1_wn_2_align_M_t_align_N_t_align_K_t
GPUPROF 74340.562173625 74340.562251125 1 23101440 custom_kernel_laguna_prefill_sorted_moe_tail_bf16_v1_bfloat16_t_uint32_t_float_bfloat16_t_bfloat16_t_bfloat16_t
GPUPROF 74340.562252375 74340.577018542 30 636347908 rmsbfloat16|steel_gemm_splitk_nt_bfloat16_float32_bm32_bn32_bk16_wm2_wn2_MN_taligned_K_taligned|steel_gemm_splitk_accum_bfloat16_float32|steel_gemm_splitk_nt_bfloat16_float32_bm32_bn32_bk16_wm2_wn2_MN_taligned_K_taligned|steel_gemm_splitk_accum_bfloat16_float32|steel_gemm_fused_nt_bfloat16_bfloat16_bm64_bn64_bk16_wm2_wn2_has_batch_n_use_out_source_n_do_axpby_n_align_M_t_align_N_t_align_K_t|steel_gemm_splitk_nt_bfloat16_float32_bm32_bn32_bk16_wm2_wn2_MN_taligned_K_taligned|steel_gemm_splitk_accum_bfloat16_float32|custom_kernel_laguna_prefill_sliding_qk_norm_rope_bf16_128_h1_v2_bfloat16_t_bfloat16_t_bfloat16_t_bfloat16_t_float_int32_tc_bfloat16_t_bfloat16_t|steel_attention_bfloat16_bq32_bk16_bd128_wm4_wn1_maskbfloat16_align_Q_t_align_K_t_has_mask_n_do_causal_t_has_sinks_n|Cf4IAsTypeADf4IBroadcastCBEf4IBroadcastBCFf4ILogAddExpDEGV2OAsTypeF_VC_V2_10408321403207385874_contiguous|g2_Multiplybfloat16|steel_gemm_fused_nt_bfloat16_bfloat16_bm64_bn64_bk16_wm2_wn2_has_batch_n_use_out_source_n_do_axpby_n_align_M_t_align_N_t_align_K_t|custom_kernel_laguna_residual_rms_bf16_2048_v1_bfloat16_t_bfloat16_t_bfloat16_t_bfloat16_t_bfloat16_t|steel_gemm_splitk_nt_bfloat16_float32_bm32_bn32_bk16_wm2_wn2_MN_taligned_K_taligned|steel_gemm_splitk_accum_bfloat16_float32|custom_kernel_laguna_prefill_router_tournament_ordinal_norm_v1_bfloat16_t_float_uint32_t_float|custom_kernel_mlx_lm_route_csort_scatter_fused_m8_u32_v4_uint32_t_uint32_t_uint32_t_uint32_t|gather_frontbfloat16_uint32_int_2|arangeuint32|nvfp4_gather_qmm_rhs_nt_bfloat16_t_gs_16_b_4_bm_16_bn_32_bk_32_wm_1_wn_2_align_M_t_align_N_t_align_K_t|nvfp4_qmm_t_splitk_fused_bfloat16_t_gs_16_b_4_alN_true|nvfp4_qmm_t_splitk_fused_bfloat16_t_gs_16_b_4_alN_true|g2_copybfloat16bfloat16|g2_copybfloat16bfloat16|CV2ISigmoidADV2IBroadcastACEV2IBroadcastCAFV2IMultiplyDEGV2IBroadcastFBHV2IBroadcastBFIV2OMultiplyGH_VV_V2V2_11160318154034397263_contiguous|arangeuint32|CV2ISigmoidADV2IBroadcastACEV2IBroadcastCAFV2IMultiplyDEGV2IBroadcastFBHV2IBroadcastBFIV2OMultiplyGH_VV_V2V2_11160318154034397263_contiguous|nvfp4_qmm_t_bfloat16_t_gs_16_b_4_alN_true_batch_0|nvfp4_gather_qmm_rhs_nt_bfloat16_t_gs_16_b_4_bm_16_bn_32_bk_32_wm_1_wn_2_align_M_t_align_N_t_align_K_t
GPUPROF 74340.577019375 74340.577095375 1 23101440 custom_kernel_laguna_prefill_sorted_moe_tail_bf16_v1_bfloat16_t_uint32_t_float_bfloat16_t_bfloat16_t_bfloat16_t
GPUPROF 74340.577096375 74340.591674750 30 636347908 rmsbfloat16|steel_gemm_splitk_nt_bfloat16_float32_bm32_bn32_bk16_wm2_wn2_MN_taligned_K_taligned|steel_gemm_splitk_accum_bfloat16_float32|steel_gemm_splitk_nt_bfloat16_float32_bm32_bn32_bk16_wm2_wn2_MN_taligned_K_taligned|steel_gemm_splitk_accum_bfloat16_float32|steel_gemm_fused_nt_bfloat16_bfloat16_bm64_bn64_bk16_wm2_wn2_has_batch_n_use_out_source_n_do_axpby_n_align_M_t_align_N_t_align_K_t|steel_gemm_splitk_nt_bfloat16_float32_bm32_bn32_bk16_wm2_wn2_MN_taligned_K_taligned|steel_gemm_splitk_accum_bfloat16_float32|custom_kernel_laguna_prefill_sliding_qk_norm_rope_bf16_128_h1_v2_bfloat16_t_bfloat16_t_bfloat16_t_bfloat16_t_float_int32_tc_bfloat16_t_bfloat16_t|steel_attention_bfloat16_bq32_bk16_bd128_wm4_wn1_maskbfloat16_align_Q_t_align_K_t_has_mask_n_do_causal_t_has_sinks_n|Cf4IAsTypeADf4IBroadcastCBEf4IBroadcastBCFf4ILogAddExpDEGV2OAsTypeF_VC_V2_10408321403207385874_contiguous|g2_Multiplybfloat16|steel_gemm_fused_nt_bfloat16_bfloat16_bm64_bn64_bk16_wm2_wn2_has_batch_n_use_out_source_n_do_axpby_n_align_M_t_align_N_t_align_K_t|custom_kernel_laguna_residual_rms_bf16_2048_v1_bfloat16_t_bfloat16_t_bfloat16_t_bfloat16_t_bfloat16_t|steel_gemm_splitk_nt_bfloat16_float32_bm32_bn32_bk16_wm2_wn2_MN_taligned_K_taligned|steel_gemm_splitk_accum_bfloat16_float32|custom_kernel_laguna_prefill_router_tournament_ordinal_norm_v1_bfloat16_t_float_uint32_t_float|custom_kernel_mlx_lm_route_csort_scatter_fused_m8_u32_v4_uint32_t_uint32_t_uint32_t_uint32_t|gather_frontbfloat16_uint32_int_2|arangeuint32|nvfp4_gather_qmm_rhs_nt_bfloat16_t_gs_16_b_4_bm_16_bn_32_bk_32_wm_1_wn_2_align_M_t_align_N_t_align_K_t|nvfp4_qmm_t_splitk_fused_bfloat16_t_gs_16_b_4_alN_true|nvfp4_qmm_t_splitk_fused_bfloat16_t_gs_16_b_4_alN_true|g2_copybfloat16bfloat16|g2_copybfloat16bfloat16|CV2ISigmoidADV2IBroadcastACEV2IBroadcastCAFV2IMultiplyDEGV2IBroadcastFBHV2IBroadcastBFIV2OMultiplyGH_VV_V2V2_11160318154034397263_contiguous|arangeuint32|CV2ISigmoidADV2IBroadcastACEV2IBroadcastCAFV2IMultiplyDEGV2IBroadcastFBHV2IBroadcastBFIV2OMultiplyGH_VV_V2V2_11160318154034397263_contiguous|nvfp4_qmm_t_bfloat16_t_gs_16_b_4_alN_true_batch_0|nvfp4_gather_qmm_rhs_nt_bfloat16_t_gs_16_b_4_bm_16_bn_32_bk_32_wm_1_wn_2_align_M_t_align_N_t_align_K_t
GPUPROF 74340.591675542 74340.591755500 1 23101440 custom_kernel_laguna_prefill_sorted_moe_tail_bf16_v1_bfloat16_t_uint32_t_float_bfloat16_t_bfloat16_t_bfloat16_t
GPUPROF 74340.591756542 74340.604705250 30 612017668 rmsbfloat16|steel_gemm_splitk_nt_bfloat16_float32_bm32_bn32_bk16_wm2_wn2_MN_taligned_K_taligned|steel_gemm_splitk_accum_bfloat16_float32|steel_gemm_splitk_nt_bfloat16_float32_bm32_bn32_bk16_wm2_wn2_MN_taligned_K_taligned|steel_gemm_splitk_accum_bfloat16_float32|steel_gemm_fused_nt_bfloat16_bfloat16_bm64_bn64_bk16_wm2_wn2_has_batch_n_use_out_source_n_do_axpby_n_align_M_t_align_N_t_align_K_t|steel_gemm_splitk_nt_bfloat16_float32_bm32_bn32_bk16_wm2_wn2_MN_naligned_K_taligned|steel_gemm_splitk_accum_bfloat16_float32|custom_kernel_laguna_prefill_full_qk_norm_yarn_bf16_128_h1_v2_bfloat16_t_bfloat16_t_bfloat16_t_bfloat16_t_float_int32_tc_bfloat16_t_bfloat16_t|steel_attention_bfloat16_bq32_bk16_bd128_wm4_wn1_maskbfloat16_align_Q_t_align_K_t_has_mask_n_do_causal_t_has_sinks_n|Cf4IAsTypeADf4IBroadcastCBEf4IBroadcastBCFf4ILogAddExpDEGV2OAsTypeF_VC_V2_10408321403207385874_contiguous|g2_Multiplybfloat16|steel_gemm_fused_nt_bfloat16_bfloat16_bm64_bn64_bk16_wm2_wn2_has_batch_n_use_out_source_n_do_axpby_n_align_M_t_align_N_t_align_K_t|custom_kernel_laguna_residual_rms_bf16_2048_v1_bfloat16_t_bfloat16_t_bfloat16_t_bfloat16_t_bfloat16_t|steel_gemm_splitk_nt_bfloat16_float32_bm32_bn32_bk16_wm2_wn2_MN_taligned_K_taligned|steel_gemm_splitk_accum_bfloat16_float32|custom_kernel_laguna_prefill_router_tournament_ordinal_norm_v1_bfloat16_t_float_uint32_t_float|custom_kernel_mlx_lm_route_csort_scatter_fused_m8_u32_v4_uint32_t_uint32_t_uint32_t_uint32_t|gather_frontbfloat16_uint32_int_2|arangeuint32|nvfp4_gather_qmm_rhs_nt_bfloat16_t_gs_16_b_4_bm_16_bn_32_bk_32_wm_1_wn_2_align_M_t_align_N_t_align_K_t|nvfp4_qmm_t_splitk_fused_bfloat16_t_gs_16_b_4_alN_true|nvfp4_qmm_t_splitk_fused_bfloat16_t_gs_16_b_4_alN_true|g2_copybfloat16bfloat16|g2_copybfloat16bfloat16|CV2ISigmoidADV2IBroadcastACEV2IBroadcastCAFV2IMultiplyDEGV2IBroadcastFBHV2IBroadcastBFIV2OMultiplyGH_VV_V2V2_11160318154034397263_contiguous|arangeuint32|CV2ISigmoidADV2IBroadcastACEV2IBroadcastCAFV2IMultiplyDEGV2IBroadcastFBHV2IBroadcastBFIV2OMultiplyGH_VV_V2V2_11160318154034397263_contiguous|nvfp4_qmm_t_bfloat16_t_gs_16_b_4_alN_true_batch_0|nvfp4_gather_qmm_rhs_nt_bfloat16_t_gs_16_b_4_bm_16_bn_32_bk_32_wm_1_wn_2_align_M_t_align_N_t_align_K_t
GPUPROF 74340.604706250 74340.604781875 1 23101440 custom_kernel_laguna_prefill_sorted_moe_tail_bf16_v1_bfloat16_t_uint32_t_float_bfloat16_t_bfloat16_t_bfloat16_t
GPUPROF 74340.604782625 74340.619224625 30 636347908 rmsbfloat16|steel_gemm_splitk_nt_bfloat16_float32_bm32_bn32_bk16_wm2_wn2_MN_taligned_K_taligned|steel_gemm_splitk_accum_bfloat16_float32|steel_gemm_splitk_nt_bfloat16_float32_bm32_bn32_bk16_wm2_wn2_MN_taligned_K_taligned|steel_gemm_splitk_accum_bfloat16_float32|steel_gemm_fused_nt_bfloat16_bfloat16_bm64_bn64_bk16_wm2_wn2_has_batch_n_use_out_source_n_do_axpby_n_align_M_t_align_N_t_align_K_t|steel_gemm_splitk_nt_bfloat16_float32_bm32_bn32_bk16_wm2_wn2_MN_taligned_K_taligned|steel_gemm_splitk_accum_bfloat16_float32|custom_kernel_laguna_prefill_sliding_qk_norm_rope_bf16_128_h1_v2_bfloat16_t_bfloat16_t_bfloat16_t_bfloat16_t_float_int32_tc_bfloat16_t_bfloat16_t|steel_attention_bfloat16_bq32_bk16_bd128_wm4_wn1_maskbfloat16_align_Q_t_align_K_t_has_mask_n_do_causal_t_has_sinks_n|Cf4IAsTypeADf4IBroadcastCBEf4IBroadcastBCFf4ILogAddExpDEGV2OAsTypeF_VC_V2_10408321403207385874_contiguous|g2_Multiplybfloat16|steel_gemm_fused_nt_bfloat16_bfloat16_bm64_bn64_bk16_wm2_wn2_has_batch_n_use_out_source_n_do_axpby_n_align_M_t_align_N_t_align_K_t|custom_kernel_laguna_residual_rms_bf16_2048_v1_bfloat16_t_bfloat16_t_bfloat16_t_bfloat16_t_bfloat16_t|steel_gemm_splitk_nt_bfloat16_float32_bm32_bn32_bk16_wm2_wn2_MN_taligned_K_taligned|steel_gemm_splitk_accum_bfloat16_float32|custom_kernel_laguna_prefill_router_tournament_ordinal_norm_v1_bfloat16_t_float_uint32_t_float|custom_kernel_mlx_lm_route_csort_scatter_fused_m8_u32_v4_uint32_t_uint32_t_uint32_t_uint32_t|gather_frontbfloat16_uint32_int_2|arangeuint32|nvfp4_gather_qmm_rhs_nt_bfloat16_t_gs_16_b_4_bm_16_bn_32_bk_32_wm_1_wn_2_align_M_t_align_N_t_align_K_t|nvfp4_qmm_t_splitk_fused_bfloat16_t_gs_16_b_4_alN_true|nvfp4_qmm_t_splitk_fused_bfloat16_t_gs_16_b_4_alN_true|g2_copybfloat16bfloat16|g2_copybfloat16bfloat16|CV2ISigmoidADV2IBroadcastACEV2IBroadcastCAFV2IMultiplyDEGV2IBroadcastFBHV2IBroadcastBFIV2OMultiplyGH_VV_V2V2_11160318154034397263_contiguous|arangeuint32|CV2ISigmoidADV2IBroadcastACEV2IBroadcastCAFV2IMultiplyDEGV2IBroadcastFBHV2IBroadcastBFIV2OMultiplyGH_VV_V2V2_11160318154034397263_contiguous|nvfp4_qmm_t_bfloat16_t_gs_16_b_4_alN_true_batch_0|nvfp4_gather_qmm_rhs_nt_bfloat16_t_gs_16_b_4_bm_16_bn_32_bk_32_wm_1_wn_2_align_M_t_align_N_t_align_K_t
GPUPROF 74340.619225375 74340.619302125 1 23101440 custom_kernel_laguna_prefill_sorted_moe_tail_bf16_v1_bfloat16_t_uint32_t_float_bfloat16_t_bfloat16_t_bfloat16_t
GPUPROF 74340.619302875 74340.633689250 30 636347908 rmsbfloat16|steel_gemm_splitk_nt_bfloat16_float32_bm32_bn32_bk16_wm2_wn2_MN_taligned_K_taligned|steel_gemm_splitk_accum_bfloat16_float32|steel_gemm_splitk_nt_bfloat16_float32_bm32_bn32_bk16_wm2_wn2_MN_taligned_K_taligned|steel_gemm_splitk_accum_bfloat16_float32|steel_gemm_fused_nt_bfloat16_bfloat16_bm64_bn64_bk16_wm2_wn2_has_batch_n_use_out_source_n_do_axpby_n_align_M_t_align_N_t_align_K_t|steel_gemm_splitk_nt_bfloat16_float32_bm32_bn32_bk16_wm2_wn2_MN_taligned_K_taligned|steel_gemm_splitk_accum_bfloat16_float32|custom_kernel_laguna_prefill_sliding_qk_norm_rope_bf16_128_h1_v2_bfloat16_t_bfloat16_t_bfloat16_t_bfloat16_t_float_int32_tc_bfloat16_t_bfloat16_t|steel_attention_bfloat16_bq32_bk16_bd128_wm4_wn1_maskbfloat16_align_Q_t_align_K_t_has_mask_n_do_causal_t_has_sinks_n|Cf4IAsTypeADf4IBroadcastCBEf4IBroadcastBCFf4ILogAddExpDEGV2OAsTypeF_VC_V2_10408321403207385874_contiguous|g2_Multiplybfloat16|steel_gemm_fused_nt_bfloat16_bfloat16_bm64_bn64_bk16_wm2_wn2_has_batch_n_use_out_source_n_do_axpby_n_align_M_t_align_N_t_align_K_t|custom_kernel_laguna_residual_rms_bf16_2048_v1_bfloat16_t_bfloat16_t_bfloat16_t_bfloat16_t_bfloat16_t|steel_gemm_splitk_nt_bfloat16_float32_bm32_bn32_bk16_wm2_wn2_MN_taligned_K_taligned|steel_gemm_splitk_accum_bfloat16_float32|custom_kernel_laguna_prefill_router_tournament_ordinal_norm_v1_bfloat16_t_float_uint32_t_float|custom_kernel_mlx_lm_route_csort_scatter_fused_m8_u32_v4_uint32_t_uint32_t_uint32_t_uint32_t|gather_frontbfloat16_uint32_int_2|arangeuint32|nvfp4_gather_qmm_rhs_nt_bfloat16_t_gs_16_b_4_bm_16_bn_32_bk_32_wm_1_wn_2_align_M_t_align_N_t_align_K_t|nvfp4_qmm_t_splitk_fused_bfloat16_t_gs_16_b_4_alN_true|nvfp4_qmm_t_splitk_fused_bfloat16_t_gs_16_b_4_alN_true|g2_copybfloat16bfloat16|g2_copybfloat16bfloat16|CV2ISigmoidADV2IBroadcastACEV2IBroadcastCAFV2IMultiplyDEGV2IBroadcastFBHV2IBroadcastBFIV2OMultiplyGH_VV_V2V2_11160318154034397263_contiguous|arangeuint32|CV2ISigmoidADV2IBroadcastACEV2IBroadcastCAFV2IMultiplyDEGV2IBroadcastFBHV2IBroadcastBFIV2OMultiplyGH_VV_V2V2_11160318154034397263_contiguous|nvfp4_qmm_t_bfloat16_t_gs_16_b_4_alN_true_batch_0|nvfp4_gather_qmm_rhs_nt_bfloat16_t_gs_16_b_4_bm_16_bn_32_bk_32_wm_1_wn_2_align_M_t_align_N_t_align_K_t
GPUPROF 74340.633690167 74340.633768250 1 23101440 custom_kernel_laguna_prefill_sorted_moe_tail_bf16_v1_bfloat16_t_uint32_t_float_bfloat16_t_bfloat16_t_bfloat16_t
GPUPROF 74340.633769000 74340.648149875 30 636347908 rmsbfloat16|steel_gemm_splitk_nt_bfloat16_float32_bm32_bn32_bk16_wm2_wn2_MN_taligned_K_taligned|steel_gemm_splitk_accum_bfloat16_float32|steel_gemm_splitk_nt_bfloat16_float32_bm32_bn32_bk16_wm2_wn2_MN_taligned_K_taligned|steel_gemm_splitk_accum_bfloat16_float32|steel_gemm_fused_nt_bfloat16_bfloat16_bm64_bn64_bk16_wm2_wn2_has_batch_n_use_out_source_n_do_axpby_n_align_M_t_align_N_t_align_K_t|steel_gemm_splitk_nt_bfloat16_float32_bm32_bn32_bk16_wm2_wn2_MN_taligned_K_taligned|steel_gemm_splitk_accum_bfloat16_float32|custom_kernel_laguna_prefill_sliding_qk_norm_rope_bf16_128_h1_v2_bfloat16_t_bfloat16_t_bfloat16_t_bfloat16_t_float_int32_tc_bfloat16_t_bfloat16_t|steel_attention_bfloat16_bq32_bk16_bd128_wm4_wn1_maskbfloat16_align_Q_t_align_K_t_has_mask_n_do_causal_t_has_sinks_n|Cf4IAsTypeADf4IBroadcastCBEf4IBroadcastBCFf4ILogAddExpDEGV2OAsTypeF_VC_V2_10408321403207385874_contiguous|g2_Multiplybfloat16|steel_gemm_fused_nt_bfloat16_bfloat16_bm64_bn64_bk16_wm2_wn2_has_batch_n_use_out_source_n_do_axpby_n_align_M_t_align_N_t_align_K_t|custom_kernel_laguna_residual_rms_bf16_2048_v1_bfloat16_t_bfloat16_t_bfloat16_t_bfloat16_t_bfloat16_t|steel_gemm_splitk_nt_bfloat16_float32_bm32_bn32_bk16_wm2_wn2_MN_taligned_K_taligned|steel_gemm_splitk_accum_bfloat16_float32|custom_kernel_laguna_prefill_router_tournament_ordinal_norm_v1_bfloat16_t_float_uint32_t_float|custom_kernel_mlx_lm_route_csort_scatter_fused_m8_u32_v4_uint32_t_uint32_t_uint32_t_uint32_t|gather_frontbfloat16_uint32_int_2|arangeuint32|nvfp4_gather_qmm_rhs_nt_bfloat16_t_gs_16_b_4_bm_16_bn_32_bk_32_wm_1_wn_2_align_M_t_align_N_t_align_K_t|nvfp4_qmm_t_splitk_fused_bfloat16_t_gs_16_b_4_alN_true|nvfp4_qmm_t_splitk_fused_bfloat16_t_gs_16_b_4_alN_true|g2_copybfloat16bfloat16|g2_copybfloat16bfloat16|CV2ISigmoidADV2IBroadcastACEV2IBroadcastCAFV2IMultiplyDEGV2IBroadcastFBHV2IBroadcastBFIV2OMultiplyGH_VV_V2V2_11160318154034397263_contiguous|arangeuint32|CV2ISigmoidADV2IBroadcastACEV2IBroadcastCAFV2IMultiplyDEGV2IBroadcastFBHV2IBroadcastBFIV2OMultiplyGH_VV_V2V2_11160318154034397263_contiguous|nvfp4_qmm_t_bfloat16_t_gs_16_b_4_alN_true_batch_0|nvfp4_gather_qmm_rhs_nt_bfloat16_t_gs_16_b_4_bm_16_bn_32_bk_32_wm_1_wn_2_align_M_t_align_N_t_align_K_t
GPUPROF 74340.648150625 74340.648228250 1 23101440 custom_kernel_laguna_prefill_sorted_moe_tail_bf16_v1_bfloat16_t_uint32_t_float_bfloat16_t_bfloat16_t_bfloat16_t
GPUPROF 74340.648229000 74340.661292500 30 612017668 rmsbfloat16|steel_gemm_splitk_nt_bfloat16_float32_bm32_bn32_bk16_wm2_wn2_MN_taligned_K_taligned|steel_gemm_splitk_accum_bfloat16_float32|steel_gemm_splitk_nt_bfloat16_float32_bm32_bn32_bk16_wm2_wn2_MN_taligned_K_taligned|steel_gemm_splitk_accum_bfloat16_float32|steel_gemm_fused_nt_bfloat16_bfloat16_bm64_bn64_bk16_wm2_wn2_has_batch_n_use_out_source_n_do_axpby_n_align_M_t_align_N_t_align_K_t|steel_gemm_splitk_nt_bfloat16_float32_bm32_bn32_bk16_wm2_wn2_MN_naligned_K_taligned|steel_gemm_splitk_accum_bfloat16_float32|custom_kernel_laguna_prefill_full_qk_norm_yarn_bf16_128_h1_v2_bfloat16_t_bfloat16_t_bfloat16_t_bfloat16_t_float_int32_tc_bfloat16_t_bfloat16_t|steel_attention_bfloat16_bq32_bk16_bd128_wm4_wn1_maskbfloat16_align_Q_t_align_K_t_has_mask_n_do_causal_t_has_sinks_n|Cf4IAsTypeADf4IBroadcastCBEf4IBroadcastBCFf4ILogAddExpDEGV2OAsTypeF_VC_V2_10408321403207385874_contiguous|g2_Multiplybfloat16|steel_gemm_fused_nt_bfloat16_bfloat16_bm64_bn64_bk16_wm2_wn2_has_batch_n_use_out_source_n_do_axpby_n_align_M_t_align_N_t_align_K_t|custom_kernel_laguna_residual_rms_bf16_2048_v1_bfloat16_t_bfloat16_t_bfloat16_t_bfloat16_t_bfloat16_t|steel_gemm_splitk_nt_bfloat16_float32_bm32_bn32_bk16_wm2_wn2_MN_taligned_K_taligned|steel_gemm_splitk_accum_bfloat16_float32|custom_kernel_laguna_prefill_router_tournament_ordinal_norm_v1_bfloat16_t_float_uint32_t_float|custom_kernel_mlx_lm_route_csort_scatter_fused_m8_u32_v4_uint32_t_uint32_t_uint32_t_uint32_t|gather_frontbfloat16_uint32_int_2|arangeuint32|nvfp4_gather_qmm_rhs_nt_bfloat16_t_gs_16_b_4_bm_16_bn_32_bk_32_wm_1_wn_2_align_M_t_align_N_t_align_K_t|nvfp4_qmm_t_splitk_fused_bfloat16_t_gs_16_b_4_alN_true|nvfp4_qmm_t_splitk_fused_bfloat16_t_gs_16_b_4_alN_true|g2_copybfloat16bfloat16|g2_copybfloat16bfloat16|CV2ISigmoidADV2IBroadcastACEV2IBroadcastCAFV2IMultiplyDEGV2IBroadcastFBHV2IBroadcastBFIV2OMultiplyGH_VV_V2V2_11160318154034397263_contiguous|arangeuint32|CV2ISigmoidADV2IBroadcastACEV2IBroadcastCAFV2IMultiplyDEGV2IBroadcastFBHV2IBroadcastBFIV2OMultiplyGH_VV_V2V2_11160318154034397263_contiguous|nvfp4_qmm_t_bfloat16_t_gs_16_b_4_alN_true_batch_0|nvfp4_gather_qmm_rhs_nt_bfloat16_t_gs_16_b_4_bm_16_bn_32_bk_32_wm_1_wn_2_align_M_t_align_N_t_align_K_t
GPUPROF 74340.661293250 74340.661369750 1 23101440 custom_kernel_laguna_prefill_sorted_moe_tail_bf16_v1_bfloat16_t_uint32_t_float_bfloat16_t_bfloat16_t_bfloat16_t
GPUPROF 74340.661370500 74340.675792000 30 636347908 rmsbfloat16|steel_gemm_splitk_nt_bfloat16_float32_bm32_bn32_bk16_wm2_wn2_MN_taligned_K_taligned|steel_gemm_splitk_accum_bfloat16_float32|steel_gemm_splitk_nt_bfloat16_float32_bm32_bn32_bk16_wm2_wn2_MN_taligned_K_taligned|steel_gemm_splitk_accum_bfloat16_float32|steel_gemm_fused_nt_bfloat16_bfloat16_bm64_bn64_bk16_wm2_wn2_has_batch_n_use_out_source_n_do_axpby_n_align_M_t_align_N_t_align_K_t|steel_gemm_splitk_nt_bfloat16_float32_bm32_bn32_bk16_wm2_wn2_MN_taligned_K_taligned|steel_gemm_splitk_accum_bfloat16_float32|custom_kernel_laguna_prefill_sliding_qk_norm_rope_bf16_128_h1_v2_bfloat16_t_bfloat16_t_bfloat16_t_bfloat16_t_float_int32_tc_bfloat16_t_bfloat16_t|steel_attention_bfloat16_bq32_bk16_bd128_wm4_wn1_maskbfloat16_align_Q_t_align_K_t_has_mask_n_do_causal_t_has_sinks_n|Cf4IAsTypeADf4IBroadcastCBEf4IBroadcastBCFf4ILogAddExpDEGV2OAsTypeF_VC_V2_10408321403207385874_contiguous|g2_Multiplybfloat16|steel_gemm_fused_nt_bfloat16_bfloat16_bm64_bn64_bk16_wm2_wn2_has_batch_n_use_out_source_n_do_axpby_n_align_M_t_align_N_t_align_K_t|custom_kernel_laguna_residual_rms_bf16_2048_v1_bfloat16_t_bfloat16_t_bfloat16_t_bfloat16_t_bfloat16_t|steel_gemm_splitk_nt_bfloat16_float32_bm32_bn32_bk16_wm2_wn2_MN_taligned_K_taligned|steel_gemm_splitk_accum_bfloat16_float32|custom_kernel_laguna_prefill_router_tournament_ordinal_norm_v1_bfloat16_t_float_uint32_t_float|custom_kernel_mlx_lm_route_csort_scatter_fused_m8_u32_v4_uint32_t_uint32_t_uint32_t_uint32_t|gather_frontbfloat16_uint32_int_2|arangeuint32|nvfp4_gather_qmm_rhs_nt_bfloat16_t_gs_16_b_4_bm_16_bn_32_bk_32_wm_1_wn_2_align_M_t_align_N_t_align_K_t|nvfp4_qmm_t_splitk_fused_bfloat16_t_gs_16_b_4_alN_true|nvfp4_qmm_t_splitk_fused_bfloat16_t_gs_16_b_4_alN_true|g2_copybfloat16bfloat16|g2_copybfloat16bfloat16|CV2ISigmoidADV2IBroadcastACEV2IBroadcastCAFV2IMultiplyDEGV2IBroadcastFBHV2IBroadcastBFIV2OMultiplyGH_VV_V2V2_11160318154034397263_contiguous|arangeuint32|CV2ISigmoidADV2IBroadcastACEV2IBroadcastCAFV2IMultiplyDEGV2IBroadcastFBHV2IBroadcastBFIV2OMultiplyGH_VV_V2V2_11160318154034397263_contiguous|nvfp4_qmm_t_bfloat16_t_gs_16_b_4_alN_true_batch_0|nvfp4_gather_qmm_rhs_nt_bfloat16_t_gs_16_b_4_bm_16_bn_32_bk_32_wm_1_wn_2_align_M_t_align_N_t_align_K_t
GPUPROF 74340.675792750 74340.675868875 1 23101440 custom_kernel_laguna_prefill_sorted_moe_tail_bf16_v1_bfloat16_t_uint32_t_float_bfloat16_t_bfloat16_t_bfloat16_t
GPUPROF 74340.675869625 74340.690258375 30 636347908 rmsbfloat16|steel_gemm_splitk_nt_bfloat16_float32_bm32_bn32_bk16_wm2_wn2_MN_taligned_K_taligned|steel_gemm_splitk_accum_bfloat16_float32|steel_gemm_splitk_nt_bfloat16_float32_bm32_bn32_bk16_wm2_wn2_MN_taligned_K_taligned|steel_gemm_splitk_accum_bfloat16_float32|steel_gemm_fused_nt_bfloat16_bfloat16_bm64_bn64_bk16_wm2_wn2_has_batch_n_use_out_source_n_do_axpby_n_align_M_t_align_N_t_align_K_t|steel_gemm_splitk_nt_bfloat16_float32_bm32_bn32_bk16_wm2_wn2_MN_taligned_K_taligned|steel_gemm_splitk_accum_bfloat16_float32|custom_kernel_laguna_prefill_sliding_qk_norm_rope_bf16_128_h1_v2_bfloat16_t_bfloat16_t_bfloat16_t_bfloat16_t_float_int32_tc_bfloat16_t_bfloat16_t|steel_attention_bfloat16_bq32_bk16_bd128_wm4_wn1_maskbfloat16_align_Q_t_align_K_t_has_mask_n_do_causal_t_has_sinks_n|Cf4IAsTypeADf4IBroadcastCBEf4IBroadcastBCFf4ILogAddExpDEGV2OAsTypeF_VC_V2_10408321403207385874_contiguous|g2_Multiplybfloat16|steel_gemm_fused_nt_bfloat16_bfloat16_bm64_bn64_bk16_wm2_wn2_has_batch_n_use_out_source_n_do_axpby_n_align_M_t_align_N_t_align_K_t|custom_kernel_laguna_residual_rms_bf16_2048_v1_bfloat16_t_bfloat16_t_bfloat16_t_bfloat16_t_bfloat16_t|steel_gemm_splitk_nt_bfloat16_float32_bm32_bn32_bk16_wm2_wn2_MN_taligned_K_taligned|steel_gemm_splitk_accum_bfloat16_float32|custom_kernel_laguna_prefill_router_tournament_ordinal_norm_v1_bfloat16_t_float_uint32_t_float|custom_kernel_mlx_lm_route_csort_scatter_fused_m8_u32_v4_uint32_t_uint32_t_uint32_t_uint32_t|gather_frontbfloat16_uint32_int_2|arangeuint32|nvfp4_gather_qmm_rhs_nt_bfloat16_t_gs_16_b_4_bm_16_bn_32_bk_32_wm_1_wn_2_align_M_t_align_N_t_align_K_t|nvfp4_qmm_t_splitk_fused_bfloat16_t_gs_16_b_4_alN_true|nvfp4_qmm_t_splitk_fused_bfloat16_t_gs_16_b_4_alN_true|g2_copybfloat16bfloat16|g2_copybfloat16bfloat16|CV2ISigmoidADV2IBroadcastACEV2IBroadcastCAFV2IMultiplyDEGV2IBroadcastFBHV2IBroadcastBFIV2OMultiplyGH_VV_V2V2_11160318154034397263_contiguous|arangeuint32|CV2ISigmoidADV2IBroadcastACEV2IBroadcastCAFV2IMultiplyDEGV2IBroadcastFBHV2IBroadcastBFIV2OMultiplyGH_VV_V2V2_11160318154034397263_contiguous|nvfp4_qmm_t_bfloat16_t_gs_16_b_4_alN_true_batch_0|nvfp4_gather_qmm_rhs_nt_bfloat16_t_gs_16_b_4_bm_16_bn_32_bk_32_wm_1_wn_2_align_M_t_align_N_t_align_K_t
GPUPROF 74340.690259292 74340.690334125 1 23101440 custom_kernel_laguna_prefill_sorted_moe_tail_bf16_v1_bfloat16_t_uint32_t_float_bfloat16_t_bfloat16_t_bfloat16_t
GPUPROF 74340.690335125 74340.704691625 30 636347908 rmsbfloat16|steel_gemm_splitk_nt_bfloat16_float32_bm32_bn32_bk16_wm2_wn2_MN_taligned_K_taligned|steel_gemm_splitk_accum_bfloat16_float32|steel_gemm_splitk_nt_bfloat16_float32_bm32_bn32_bk16_wm2_wn2_MN_taligned_K_taligned|steel_gemm_splitk_accum_bfloat16_float32|steel_gemm_fused_nt_bfloat16_bfloat16_bm64_bn64_bk16_wm2_wn2_has_batch_n_use_out_source_n_do_axpby_n_align_M_t_align_N_t_align_K_t|steel_gemm_splitk_nt_bfloat16_float32_bm32_bn32_bk16_wm2_wn2_MN_taligned_K_taligned|steel_gemm_splitk_accum_bfloat16_float32|custom_kernel_laguna_prefill_sliding_qk_norm_rope_bf16_128_h1_v2_bfloat16_t_bfloat16_t_bfloat16_t_bfloat16_t_float_int32_tc_bfloat16_t_bfloat16_t|steel_attention_bfloat16_bq32_bk16_bd128_wm4_wn1_maskbfloat16_align_Q_t_align_K_t_has_mask_n_do_causal_t_has_sinks_n|Cf4IAsTypeADf4IBroadcastCBEf4IBroadcastBCFf4ILogAddExpDEGV2OAsTypeF_VC_V2_10408321403207385874_contiguous|g2_Multiplybfloat16|steel_gemm_fused_nt_bfloat16_bfloat16_bm64_bn64_bk16_wm2_wn2_has_batch_n_use_out_source_n_do_axpby_n_align_M_t_align_N_t_align_K_t|custom_kernel_laguna_residual_rms_bf16_2048_v1_bfloat16_t_bfloat16_t_bfloat16_t_bfloat16_t_bfloat16_t|steel_gemm_splitk_nt_bfloat16_float32_bm32_bn32_bk16_wm2_wn2_MN_taligned_K_taligned|steel_gemm_splitk_accum_bfloat16_float32|custom_kernel_laguna_prefill_router_tournament_ordinal_norm_v1_bfloat16_t_float_uint32_t_float|custom_kernel_mlx_lm_route_csort_scatter_fused_m8_u32_v4_uint32_t_uint32_t_uint32_t_uint32_t|gather_frontbfloat16_uint32_int_2|arangeuint32|nvfp4_gather_qmm_rhs_nt_bfloat16_t_gs_16_b_4_bm_16_bn_32_bk_32_wm_1_wn_2_align_M_t_align_N_t_align_K_t|nvfp4_qmm_t_splitk_fused_bfloat16_t_gs_16_b_4_alN_true|nvfp4_qmm_t_splitk_fused_bfloat16_t_gs_16_b_4_alN_true|g2_copybfloat16bfloat16|g2_copybfloat16bfloat16|CV2ISigmoidADV2IBroadcastACEV2IBroadcastCAFV2IMultiplyDEGV2IBroadcastFBHV2IBroadcastBFIV2OMultiplyGH_VV_V2V2_11160318154034397263_contiguous|arangeuint32|CV2ISigmoidADV2IBroadcastACEV2IBroadcastCAFV2IMultiplyDEGV2IBroadcastFBHV2IBroadcastBFIV2OMultiplyGH_VV_V2V2_11160318154034397263_contiguous|nvfp4_qmm_t_bfloat16_t_gs_16_b_4_alN_true_batch_0|nvfp4_gather_qmm_rhs_nt_bfloat16_t_gs_16_b_4_bm_16_bn_32_bk_32_wm_1_wn_2_align_M_t_align_N_t_align_K_t
GPUPROF 74340.704692625 74340.704771125 1 23101440 custom_kernel_laguna_prefill_sorted_moe_tail_bf16_v1_bfloat16_t_uint32_t_float_bfloat16_t_bfloat16_t_bfloat16_t
GPUPROF 74340.704771875 74340.717708292 30 612017668 rmsbfloat16|steel_gemm_splitk_nt_bfloat16_float32_bm32_bn32_bk16_wm2_wn2_MN_taligned_K_taligned|steel_gemm_splitk_accum_bfloat16_float32|steel_gemm_splitk_nt_bfloat16_float32_bm32_bn32_bk16_wm2_wn2_MN_taligned_K_taligned|steel_gemm_splitk_accum_bfloat16_float32|steel_gemm_fused_nt_bfloat16_bfloat16_bm64_bn64_bk16_wm2_wn2_has_batch_n_use_out_source_n_do_axpby_n_align_M_t_align_N_t_align_K_t|steel_gemm_splitk_nt_bfloat16_float32_bm32_bn32_bk16_wm2_wn2_MN_naligned_K_taligned|steel_gemm_splitk_accum_bfloat16_float32|custom_kernel_laguna_prefill_full_qk_norm_yarn_bf16_128_h1_v2_bfloat16_t_bfloat16_t_bfloat16_t_bfloat16_t_float_int32_tc_bfloat16_t_bfloat16_t|steel_attention_bfloat16_bq32_bk16_bd128_wm4_wn1_maskbfloat16_align_Q_t_align_K_t_has_mask_n_do_causal_t_has_sinks_n|Cf4IAsTypeADf4IBroadcastCBEf4IBroadcastBCFf4ILogAddExpDEGV2OAsTypeF_VC_V2_10408321403207385874_contiguous|g2_Multiplybfloat16|steel_gemm_fused_nt_bfloat16_bfloat16_bm64_bn64_bk16_wm2_wn2_has_batch_n_use_out_source_n_do_axpby_n_align_M_t_align_N_t_align_K_t|custom_kernel_laguna_residual_rms_bf16_2048_v1_bfloat16_t_bfloat16_t_bfloat16_t_bfloat16_t_bfloat16_t|steel_gemm_splitk_nt_bfloat16_float32_bm32_bn32_bk16_wm2_wn2_MN_taligned_K_taligned|steel_gemm_splitk_accum_bfloat16_float32|custom_kernel_laguna_prefill_router_tournament_ordinal_norm_v1_bfloat16_t_float_uint32_t_float|custom_kernel_mlx_lm_route_csort_scatter_fused_m8_u32_v4_uint32_t_uint32_t_uint32_t_uint32_t|gather_frontbfloat16_uint32_int_2|arangeuint32|nvfp4_gather_qmm_rhs_nt_bfloat16_t_gs_16_b_4_bm_16_bn_32_bk_32_wm_1_wn_2_align_M_t_align_N_t_align_K_t|nvfp4_qmm_t_splitk_fused_bfloat16_t_gs_16_b_4_alN_true|nvfp4_qmm_t_splitk_fused_bfloat16_t_gs_16_b_4_alN_true|g2_copybfloat16bfloat16|g2_copybfloat16bfloat16|CV2ISigmoidADV2IBroadcastACEV2IBroadcastCAFV2IMultiplyDEGV2IBroadcastFBHV2IBroadcastBFIV2OMultiplyGH_VV_V2V2_11160318154034397263_contiguous|arangeuint32|CV2ISigmoidADV2IBroadcastACEV2IBroadcastCAFV2IMultiplyDEGV2IBroadcastFBHV2IBroadcastBFIV2OMultiplyGH_VV_V2V2_11160318154034397263_contiguous|nvfp4_qmm_t_bfloat16_t_gs_16_b_4_alN_true_batch_0|nvfp4_gather_qmm_rhs_nt_bfloat16_t_gs_16_b_4_bm_16_bn_32_bk_32_wm_1_wn_2_align_M_t_align_N_t_align_K_t
GPUPROF 74340.717711875 74340.717788375 1 23101440 custom_kernel_laguna_prefill_sorted_moe_tail_bf16_v1_bfloat16_t_uint32_t_float_bfloat16_t_bfloat16_t_bfloat16_t
GPUPROF 74340.717789125 74340.732072375 30 636347908 rmsbfloat16|steel_gemm_splitk_nt_bfloat16_float32_bm32_bn32_bk16_wm2_wn2_MN_taligned_K_taligned|steel_gemm_splitk_accum_bfloat16_float32|steel_gemm_splitk_nt_bfloat16_float32_bm32_bn32_bk16_wm2_wn2_MN_taligned_K_taligned|steel_gemm_splitk_accum_bfloat16_float32|steel_gemm_fused_nt_bfloat16_bfloat16_bm64_bn64_bk16_wm2_wn2_has_batch_n_use_out_source_n_do_axpby_n_align_M_t_align_N_t_align_K_t|steel_gemm_splitk_nt_bfloat16_float32_bm32_bn32_bk16_wm2_wn2_MN_taligned_K_taligned|steel_gemm_splitk_accum_bfloat16_float32|custom_kernel_laguna_prefill_sliding_qk_norm_rope_bf16_128_h1_v2_bfloat16_t_bfloat16_t_bfloat16_t_bfloat16_t_float_int32_tc_bfloat16_t_bfloat16_t|steel_attention_bfloat16_bq32_bk16_bd128_wm4_wn1_maskbfloat16_align_Q_t_align_K_t_has_mask_n_do_causal_t_has_sinks_n|Cf4IAsTypeADf4IBroadcastCBEf4IBroadcastBCFf4ILogAddExpDEGV2OAsTypeF_VC_V2_10408321403207385874_contiguous|g2_Multiplybfloat16|steel_gemm_fused_nt_bfloat16_bfloat16_bm64_bn64_bk16_wm2_wn2_has_batch_n_use_out_source_n_do_axpby_n_align_M_t_align_N_t_align_K_t|custom_kernel_laguna_residual_rms_bf16_2048_v1_bfloat16_t_bfloat16_t_bfloat16_t_bfloat16_t_bfloat16_t|steel_gemm_splitk_nt_bfloat16_float32_bm32_bn32_bk16_wm2_wn2_MN_taligned_K_taligned|steel_gemm_splitk_accum_bfloat16_float32|custom_kernel_laguna_prefill_router_tournament_ordinal_norm_v1_bfloat16_t_float_uint32_t_float|custom_kernel_mlx_lm_route_csort_scatter_fused_m8_u32_v4_uint32_t_uint32_t_uint32_t_uint32_t|gather_frontbfloat16_uint32_int_2|arangeuint32|nvfp4_gather_qmm_rhs_nt_bfloat16_t_gs_16_b_4_bm_16_bn_32_bk_32_wm_1_wn_2_align_M_t_align_N_t_align_K_t|nvfp4_qmm_t_splitk_fused_bfloat16_t_gs_16_b_4_alN_true|nvfp4_qmm_t_splitk_fused_bfloat16_t_gs_16_b_4_alN_true|g2_copybfloat16bfloat16|g2_copybfloat16bfloat16|CV2ISigmoidADV2IBroadcastACEV2IBroadcastCAFV2IMultiplyDEGV2IBroadcastFBHV2IBroadcastBFIV2OMultiplyGH_VV_V2V2_11160318154034397263_contiguous|arangeuint32|CV2ISigmoidADV2IBroadcastACEV2IBroadcastCAFV2IMultiplyDEGV2IBroadcastFBHV2IBroadcastBFIV2OMultiplyGH_VV_V2V2_11160318154034397263_contiguous|nvfp4_qmm_t_bfloat16_t_gs_16_b_4_alN_true_batch_0|nvfp4_gather_qmm_rhs_nt_bfloat16_t_gs_16_b_4_bm_16_bn_32_bk_32_wm_1_wn_2_align_M_t_align_N_t_align_K_t
GPUPROF 74340.732073125 74340.732150167 1 23101440 custom_kernel_laguna_prefill_sorted_moe_tail_bf16_v1_bfloat16_t_uint32_t_float_bfloat16_t_bfloat16_t_bfloat16_t
GPUPROF 74340.732150917 74340.746411000 30 636347908 rmsbfloat16|steel_gemm_splitk_nt_bfloat16_float32_bm32_bn32_bk16_wm2_wn2_MN_taligned_K_taligned|steel_gemm_splitk_accum_bfloat16_float32|steel_gemm_splitk_nt_bfloat16_float32_bm32_bn32_bk16_wm2_wn2_MN_taligned_K_taligned|steel_gemm_splitk_accum_bfloat16_float32|steel_gemm_fused_nt_bfloat16_bfloat16_bm64_bn64_bk16_wm2_wn2_has_batch_n_use_out_source_n_do_axpby_n_align_M_t_align_N_t_align_K_t|steel_gemm_splitk_nt_bfloat16_float32_bm32_bn32_bk16_wm2_wn2_MN_taligned_K_taligned|steel_gemm_splitk_accum_bfloat16_float32|custom_kernel_laguna_prefill_sliding_qk_norm_rope_bf16_128_h1_v2_bfloat16_t_bfloat16_t_bfloat16_t_bfloat16_t_float_int32_tc_bfloat16_t_bfloat16_t|steel_attention_bfloat16_bq32_bk16_bd128_wm4_wn1_maskbfloat16_align_Q_t_align_K_t_has_mask_n_do_causal_t_has_sinks_n|Cf4IAsTypeADf4IBroadcastCBEf4IBroadcastBCFf4ILogAddExpDEGV2OAsTypeF_VC_V2_10408321403207385874_contiguous|g2_Multiplybfloat16|steel_gemm_fused_nt_bfloat16_bfloat16_bm64_bn64_bk16_wm2_wn2_has_batch_n_use_out_source_n_do_axpby_n_align_M_t_align_N_t_align_K_t|custom_kernel_laguna_residual_rms_bf16_2048_v1_bfloat16_t_bfloat16_t_bfloat16_t_bfloat16_t_bfloat16_t|steel_gemm_splitk_nt_bfloat16_float32_bm32_bn32_bk16_wm2_wn2_MN_taligned_K_taligned|steel_gemm_splitk_accum_bfloat16_float32|custom_kernel_laguna_prefill_router_tournament_ordinal_norm_v1_bfloat16_t_float_uint32_t_float|custom_kernel_mlx_lm_route_csort_scatter_fused_m8_u32_v4_uint32_t_uint32_t_uint32_t_uint32_t|gather_frontbfloat16_uint32_int_2|arangeuint32|nvfp4_gather_qmm_rhs_nt_bfloat16_t_gs_16_b_4_bm_16_bn_32_bk_32_wm_1_wn_2_align_M_t_align_N_t_align_K_t|nvfp4_qmm_t_splitk_fused_bfloat16_t_gs_16_b_4_alN_true|nvfp4_qmm_t_splitk_fused_bfloat16_t_gs_16_b_4_alN_true|g2_copybfloat16bfloat16|g2_copybfloat16bfloat16|CV2ISigmoidADV2IBroadcastACEV2IBroadcastCAFV2IMultiplyDEGV2IBroadcastFBHV2IBroadcastBFIV2OMultiplyGH_VV_V2V2_11160318154034397263_contiguous|arangeuint32|CV2ISigmoidADV2IBroadcastACEV2IBroadcastCAFV2IMultiplyDEGV2IBroadcastFBHV2IBroadcastBFIV2OMultiplyGH_VV_V2V2_11160318154034397263_contiguous|nvfp4_qmm_t_bfloat16_t_gs_16_b_4_alN_true_batch_0|nvfp4_gather_qmm_rhs_nt_bfloat16_t_gs_16_b_4_bm_16_bn_32_bk_32_wm_1_wn_2_align_M_t_align_N_t_align_K_t
GPUPROF 74340.746411750 74340.746489875 1 23101440 custom_kernel_laguna_prefill_sorted_moe_tail_bf16_v1_bfloat16_t_uint32_t_float_bfloat16_t_bfloat16_t_bfloat16_t
GPUPROF 74340.746490667 74340.760678167 30 636347908 rmsbfloat16|steel_gemm_splitk_nt_bfloat16_float32_bm32_bn32_bk16_wm2_wn2_MN_taligned_K_taligned|steel_gemm_splitk_accum_bfloat16_float32|steel_gemm_splitk_nt_bfloat16_float32_bm32_bn32_bk16_wm2_wn2_MN_taligned_K_taligned|steel_gemm_splitk_accum_bfloat16_float32|steel_gemm_fused_nt_bfloat16_bfloat16_bm64_bn64_bk16_wm2_wn2_has_batch_n_use_out_source_n_do_axpby_n_align_M_t_align_N_t_align_K_t|steel_gemm_splitk_nt_bfloat16_float32_bm32_bn32_bk16_wm2_wn2_MN_taligned_K_taligned|steel_gemm_splitk_accum_bfloat16_float32|custom_kernel_laguna_prefill_sliding_qk_norm_rope_bf16_128_h1_v2_bfloat16_t_bfloat16_t_bfloat16_t_bfloat16_t_float_int32_tc_bfloat16_t_bfloat16_t|steel_attention_bfloat16_bq32_bk16_bd128_wm4_wn1_maskbfloat16_align_Q_t_align_K_t_has_mask_n_do_causal_t_has_sinks_n|Cf4IAsTypeADf4IBroadcastCBEf4IBroadcastBCFf4ILogAddExpDEGV2OAsTypeF_VC_V2_10408321403207385874_contiguous|g2_Multiplybfloat16|steel_gemm_fused_nt_bfloat16_bfloat16_bm64_bn64_bk16_wm2_wn2_has_batch_n_use_out_source_n_do_axpby_n_align_M_t_align_N_t_align_K_t|custom_kernel_laguna_residual_rms_bf16_2048_v1_bfloat16_t_bfloat16_t_bfloat16_t_bfloat16_t_bfloat16_t|steel_gemm_splitk_nt_bfloat16_float32_bm32_bn32_bk16_wm2_wn2_MN_taligned_K_taligned|steel_gemm_splitk_accum_bfloat16_float32|custom_kernel_laguna_prefill_router_tournament_ordinal_norm_v1_bfloat16_t_float_uint32_t_float|custom_kernel_mlx_lm_route_csort_scatter_fused_m8_u32_v4_uint32_t_uint32_t_uint32_t_uint32_t|gather_frontbfloat16_uint32_int_2|arangeuint32|nvfp4_gather_qmm_rhs_nt_bfloat16_t_gs_16_b_4_bm_16_bn_32_bk_32_wm_1_wn_2_align_M_t_align_N_t_align_K_t|nvfp4_qmm_t_splitk_fused_bfloat16_t_gs_16_b_4_alN_true|nvfp4_qmm_t_splitk_fused_bfloat16_t_gs_16_b_4_alN_true|g2_copybfloat16bfloat16|g2_copybfloat16bfloat16|CV2ISigmoidADV2IBroadcastACEV2IBroadcastCAFV2IMultiplyDEGV2IBroadcastFBHV2IBroadcastBFIV2OMultiplyGH_VV_V2V2_11160318154034397263_contiguous|arangeuint32|CV2ISigmoidADV2IBroadcastACEV2IBroadcastCAFV2IMultiplyDEGV2IBroadcastFBHV2IBroadcastBFIV2OMultiplyGH_VV_V2V2_11160318154034397263_contiguous|nvfp4_qmm_t_bfloat16_t_gs_16_b_4_alN_true_batch_0|nvfp4_gather_qmm_rhs_nt_bfloat16_t_gs_16_b_4_bm_16_bn_32_bk_32_wm_1_wn_2_align_M_t_align_N_t_align_K_t
GPUPROF 74340.760678917 74340.760755750 1 23101440 custom_kernel_laguna_prefill_sorted_moe_tail_bf16_v1_bfloat16_t_uint32_t_float_bfloat16_t_bfloat16_t_bfloat16_t
GPUPROF 74340.760756500 74340.773458375 30 612017668 rmsbfloat16|steel_gemm_splitk_nt_bfloat16_float32_bm32_bn32_bk16_wm2_wn2_MN_taligned_K_taligned|steel_gemm_splitk_accum_bfloat16_float32|steel_gemm_splitk_nt_bfloat16_float32_bm32_bn32_bk16_wm2_wn2_MN_taligned_K_taligned|steel_gemm_splitk_accum_bfloat16_float32|steel_gemm_fused_nt_bfloat16_bfloat16_bm64_bn64_bk16_wm2_wn2_has_batch_n_use_out_source_n_do_axpby_n_align_M_t_align_N_t_align_K_t|steel_gemm_splitk_nt_bfloat16_float32_bm32_bn32_bk16_wm2_wn2_MN_naligned_K_taligned|steel_gemm_splitk_accum_bfloat16_float32|custom_kernel_laguna_prefill_full_qk_norm_yarn_bf16_128_h1_v2_bfloat16_t_bfloat16_t_bfloat16_t_bfloat16_t_float_int32_tc_bfloat16_t_bfloat16_t|steel_attention_bfloat16_bq32_bk16_bd128_wm4_wn1_maskbfloat16_align_Q_t_align_K_t_has_mask_n_do_causal_t_has_sinks_n|Cf4IAsTypeADf4IBroadcastCBEf4IBroadcastBCFf4ILogAddExpDEGV2OAsTypeF_VC_V2_10408321403207385874_contiguous|g2_Multiplybfloat16|steel_gemm_fused_nt_bfloat16_bfloat16_bm64_bn64_bk16_wm2_wn2_has_batch_n_use_out_source_n_do_axpby_n_align_M_t_align_N_t_align_K_t|custom_kernel_laguna_residual_rms_bf16_2048_v1_bfloat16_t_bfloat16_t_bfloat16_t_bfloat16_t_bfloat16_t|steel_gemm_splitk_nt_bfloat16_float32_bm32_bn32_bk16_wm2_wn2_MN_taligned_K_taligned|steel_gemm_splitk_accum_bfloat16_float32|custom_kernel_laguna_prefill_router_tournament_ordinal_norm_v1_bfloat16_t_float_uint32_t_float|custom_kernel_mlx_lm_route_csort_scatter_fused_m8_u32_v4_uint32_t_uint32_t_uint32_t_uint32_t|gather_frontbfloat16_uint32_int_2|arangeuint32|nvfp4_gather_qmm_rhs_nt_bfloat16_t_gs_16_b_4_bm_16_bn_32_bk_32_wm_1_wn_2_align_M_t_align_N_t_align_K_t|nvfp4_qmm_t_splitk_fused_bfloat16_t_gs_16_b_4_alN_true|nvfp4_qmm_t_splitk_fused_bfloat16_t_gs_16_b_4_alN_true|g2_copybfloat16bfloat16|g2_copybfloat16bfloat16|CV2ISigmoidADV2IBroadcastACEV2IBroadcastCAFV2IMultiplyDEGV2IBroadcastFBHV2IBroadcastBFIV2OMultiplyGH_VV_V2V2_11160318154034397263_contiguous|arangeuint32|CV2ISigmoidADV2IBroadcastACEV2IBroadcastCAFV2IMultiplyDEGV2IBroadcastFBHV2IBroadcastBFIV2OMultiplyGH_VV_V2V2_11160318154034397263_contiguous|nvfp4_qmm_t_bfloat16_t_gs_16_b_4_alN_true_batch_0|nvfp4_gather_qmm_rhs_nt_bfloat16_t_gs_16_b_4_bm_16_bn_32_bk_32_wm_1_wn_2_align_M_t_align_N_t_align_K_t
GPUPROF 74340.773459125 74340.773534917 1 23101440 custom_kernel_laguna_prefill_sorted_moe_tail_bf16_v1_bfloat16_t_uint32_t_float_bfloat16_t_bfloat16_t_bfloat16_t
GPUPROF 74340.773535750 74340.787511625 30 636347908 rmsbfloat16|steel_gemm_splitk_nt_bfloat16_float32_bm32_bn32_bk16_wm2_wn2_MN_taligned_K_taligned|steel_gemm_splitk_accum_bfloat16_float32|steel_gemm_splitk_nt_bfloat16_float32_bm32_bn32_bk16_wm2_wn2_MN_taligned_K_taligned|steel_gemm_splitk_accum_bfloat16_float32|steel_gemm_fused_nt_bfloat16_bfloat16_bm64_bn64_bk16_wm2_wn2_has_batch_n_use_out_source_n_do_axpby_n_align_M_t_align_N_t_align_K_t|steel_gemm_splitk_nt_bfloat16_float32_bm32_bn32_bk16_wm2_wn2_MN_taligned_K_taligned|steel_gemm_splitk_accum_bfloat16_float32|custom_kernel_laguna_prefill_sliding_qk_norm_rope_bf16_128_h1_v2_bfloat16_t_bfloat16_t_bfloat16_t_bfloat16_t_float_int32_tc_bfloat16_t_bfloat16_t|steel_attention_bfloat16_bq32_bk16_bd128_wm4_wn1_maskbfloat16_align_Q_t_align_K_t_has_mask_n_do_causal_t_has_sinks_n|Cf4IAsTypeADf4IBroadcastCBEf4IBroadcastBCFf4ILogAddExpDEGV2OAsTypeF_VC_V2_10408321403207385874_contiguous|g2_Multiplybfloat16|steel_gemm_fused_nt_bfloat16_bfloat16_bm64_bn64_bk16_wm2_wn2_has_batch_n_use_out_source_n_do_axpby_n_align_M_t_align_N_t_align_K_t|custom_kernel_laguna_residual_rms_bf16_2048_v1_bfloat16_t_bfloat16_t_bfloat16_t_bfloat16_t_bfloat16_t|steel_gemm_splitk_nt_bfloat16_float32_bm32_bn32_bk16_wm2_wn2_MN_taligned_K_taligned|steel_gemm_splitk_accum_bfloat16_float32|custom_kernel_laguna_prefill_router_tournament_ordinal_norm_v1_bfloat16_t_float_uint32_t_float|custom_kernel_mlx_lm_route_csort_scatter_fused_m8_u32_v4_uint32_t_uint32_t_uint32_t_uint32_t|gather_frontbfloat16_uint32_int_2|arangeuint32|nvfp4_gather_qmm_rhs_nt_bfloat16_t_gs_16_b_4_bm_16_bn_32_bk_32_wm_1_wn_2_align_M_t_align_N_t_align_K_t|nvfp4_qmm_t_splitk_fused_bfloat16_t_gs_16_b_4_alN_true|nvfp4_qmm_t_splitk_fused_bfloat16_t_gs_16_b_4_alN_true|g2_copybfloat16bfloat16|g2_copybfloat16bfloat16|CV2ISigmoidADV2IBroadcastACEV2IBroadcastCAFV2IMultiplyDEGV2IBroadcastFBHV2IBroadcastBFIV2OMultiplyGH_VV_V2V2_11160318154034397263_contiguous|arangeuint32|CV2ISigmoidADV2IBroadcastACEV2IBroadcastCAFV2IMultiplyDEGV2IBroadcastFBHV2IBroadcastBFIV2OMultiplyGH_VV_V2V2_11160318154034397263_contiguous|nvfp4_qmm_t_bfloat16_t_gs_16_b_4_alN_true_batch_0|nvfp4_gather_qmm_rhs_nt_bfloat16_t_gs_16_b_4_bm_16_bn_32_bk_32_wm_1_wn_2_align_M_t_align_N_t_align_K_t
GPUPROF 74340.787512500 74340.787593167 1 23101440 custom_kernel_laguna_prefill_sorted_moe_tail_bf16_v1_bfloat16_t_uint32_t_float_bfloat16_t_bfloat16_t_bfloat16_t
GPUPROF 74340.787594000 74340.801769542 30 636347908 rmsbfloat16|steel_gemm_splitk_nt_bfloat16_float32_bm32_bn32_bk16_wm2_wn2_MN_taligned_K_taligned|steel_gemm_splitk_accum_bfloat16_float32|steel_gemm_splitk_nt_bfloat16_float32_bm32_bn32_bk16_wm2_wn2_MN_taligned_K_taligned|steel_gemm_splitk_accum_bfloat16_float32|steel_gemm_fused_nt_bfloat16_bfloat16_bm64_bn64_bk16_wm2_wn2_has_batch_n_use_out_source_n_do_axpby_n_align_M_t_align_N_t_align_K_t|steel_gemm_splitk_nt_bfloat16_float32_bm32_bn32_bk16_wm2_wn2_MN_taligned_K_taligned|steel_gemm_splitk_accum_bfloat16_float32|custom_kernel_laguna_prefill_sliding_qk_norm_rope_bf16_128_h1_v2_bfloat16_t_bfloat16_t_bfloat16_t_bfloat16_t_float_int32_tc_bfloat16_t_bfloat16_t|steel_attention_bfloat16_bq32_bk16_bd128_wm4_wn1_maskbfloat16_align_Q_t_align_K_t_has_mask_n_do_causal_t_has_sinks_n|Cf4IAsTypeADf4IBroadcastCBEf4IBroadcastBCFf4ILogAddExpDEGV2OAsTypeF_VC_V2_10408321403207385874_contiguous|g2_Multiplybfloat16|steel_gemm_fused_nt_bfloat16_bfloat16_bm64_bn64_bk16_wm2_wn2_has_batch_n_use_out_source_n_do_axpby_n_align_M_t_align_N_t_align_K_t|custom_kernel_laguna_residual_rms_bf16_2048_v1_bfloat16_t_bfloat16_t_bfloat16_t_bfloat16_t_bfloat16_t|steel_gemm_splitk_nt_bfloat16_float32_bm32_bn32_bk16_wm2_wn2_MN_taligned_K_taligned|steel_gemm_splitk_accum_bfloat16_float32|custom_kernel_laguna_prefill_router_tournament_ordinal_norm_v1_bfloat16_t_float_uint32_t_float|custom_kernel_mlx_lm_route_csort_scatter_fused_m8_u32_v4_uint32_t_uint32_t_uint32_t_uint32_t|gather_frontbfloat16_uint32_int_2|arangeuint32|nvfp4_gather_qmm_rhs_nt_bfloat16_t_gs_16_b_4_bm_16_bn_32_bk_32_wm_1_wn_2_align_M_t_align_N_t_align_K_t|nvfp4_qmm_t_splitk_fused_bfloat16_t_gs_16_b_4_alN_true|nvfp4_qmm_t_splitk_fused_bfloat16_t_gs_16_b_4_alN_true|g2_copybfloat16bfloat16|g2_copybfloat16bfloat16|CV2ISigmoidADV2IBroadcastACEV2IBroadcastCAFV2IMultiplyDEGV2IBroadcastFBHV2IBroadcastBFIV2OMultiplyGH_VV_V2V2_11160318154034397263_contiguous|arangeuint32|CV2ISigmoidADV2IBroadcastACEV2IBroadcastCAFV2IMultiplyDEGV2IBroadcastFBHV2IBroadcastBFIV2OMultiplyGH_VV_V2V2_11160318154034397263_contiguous|nvfp4_qmm_t_bfloat16_t_gs_16_b_4_alN_true_batch_0|nvfp4_gather_qmm_rhs_nt_bfloat16_t_gs_16_b_4_bm_16_bn_32_bk_32_wm_1_wn_2_align_M_t_align_N_t_align_K_t
GPUPROF 74340.801770375 74340.801847375 1 23101440 custom_kernel_laguna_prefill_sorted_moe_tail_bf16_v1_bfloat16_t_uint32_t_float_bfloat16_t_bfloat16_t_bfloat16_t
GPUPROF 74340.801848125 74340.815880625 30 636347908 rmsbfloat16|steel_gemm_splitk_nt_bfloat16_float32_bm32_bn32_bk16_wm2_wn2_MN_taligned_K_taligned|steel_gemm_splitk_accum_bfloat16_float32|steel_gemm_splitk_nt_bfloat16_float32_bm32_bn32_bk16_wm2_wn2_MN_taligned_K_taligned|steel_gemm_splitk_accum_bfloat16_float32|steel_gemm_fused_nt_bfloat16_bfloat16_bm64_bn64_bk16_wm2_wn2_has_batch_n_use_out_source_n_do_axpby_n_align_M_t_align_N_t_align_K_t|steel_gemm_splitk_nt_bfloat16_float32_bm32_bn32_bk16_wm2_wn2_MN_taligned_K_taligned|steel_gemm_splitk_accum_bfloat16_float32|custom_kernel_laguna_prefill_sliding_qk_norm_rope_bf16_128_h1_v2_bfloat16_t_bfloat16_t_bfloat16_t_bfloat16_t_float_int32_tc_bfloat16_t_bfloat16_t|steel_attention_bfloat16_bq32_bk16_bd128_wm4_wn1_maskbfloat16_align_Q_t_align_K_t_has_mask_n_do_causal_t_has_sinks_n|Cf4IAsTypeADf4IBroadcastCBEf4IBroadcastBCFf4ILogAddExpDEGV2OAsTypeF_VC_V2_10408321403207385874_contiguous|g2_Multiplybfloat16|steel_gemm_fused_nt_bfloat16_bfloat16_bm64_bn64_bk16_wm2_wn2_has_batch_n_use_out_source_n_do_axpby_n_align_M_t_align_N_t_align_K_t|custom_kernel_laguna_residual_rms_bf16_2048_v1_bfloat16_t_bfloat16_t_bfloat16_t_bfloat16_t_bfloat16_t|steel_gemm_splitk_nt_bfloat16_float32_bm32_bn32_bk16_wm2_wn2_MN_taligned_K_taligned|steel_gemm_splitk_accum_bfloat16_float32|custom_kernel_laguna_prefill_router_tournament_ordinal_norm_v1_bfloat16_t_float_uint32_t_float|custom_kernel_mlx_lm_route_csort_scatter_fused_m8_u32_v4_uint32_t_uint32_t_uint32_t_uint32_t|gather_frontbfloat16_uint32_int_2|arangeuint32|nvfp4_gather_qmm_rhs_nt_bfloat16_t_gs_16_b_4_bm_16_bn_32_bk_32_wm_1_wn_2_align_M_t_align_N_t_align_K_t|nvfp4_qmm_t_splitk_fused_bfloat16_t_gs_16_b_4_alN_true|nvfp4_qmm_t_splitk_fused_bfloat16_t_gs_16_b_4_alN_true|g2_copybfloat16bfloat16|g2_copybfloat16bfloat16|CV2ISigmoidADV2IBroadcastACEV2IBroadcastCAFV2IMultiplyDEGV2IBroadcastFBHV2IBroadcastBFIV2OMultiplyGH_VV_V2V2_11160318154034397263_contiguous|arangeuint32|CV2ISigmoidADV2IBroadcastACEV2IBroadcastCAFV2IMultiplyDEGV2IBroadcastFBHV2IBroadcastBFIV2OMultiplyGH_VV_V2V2_11160318154034397263_contiguous|nvfp4_qmm_t_bfloat16_t_gs_16_b_4_alN_true_batch_0|nvfp4_gather_qmm_rhs_nt_bfloat16_t_gs_16_b_4_bm_16_bn_32_bk_32_wm_1_wn_2_align_M_t_align_N_t_align_K_t
GPUPROF 74340.815884542 74340.815960417 1 23101440 custom_kernel_laguna_prefill_sorted_moe_tail_bf16_v1_bfloat16_t_uint32_t_float_bfloat16_t_bfloat16_t_bfloat16_t
GPUPROF 74340.815961375 74340.828498125 30 612017668 rmsbfloat16|steel_gemm_splitk_nt_bfloat16_float32_bm32_bn32_bk16_wm2_wn2_MN_taligned_K_taligned|steel_gemm_splitk_accum_bfloat16_float32|steel_gemm_splitk_nt_bfloat16_float32_bm32_bn32_bk16_wm2_wn2_MN_taligned_K_taligned|steel_gemm_splitk_accum_bfloat16_float32|steel_gemm_fused_nt_bfloat16_bfloat16_bm64_bn64_bk16_wm2_wn2_has_batch_n_use_out_source_n_do_axpby_n_align_M_t_align_N_t_align_K_t|steel_gemm_splitk_nt_bfloat16_float32_bm32_bn32_bk16_wm2_wn2_MN_naligned_K_taligned|steel_gemm_splitk_accum_bfloat16_float32|custom_kernel_laguna_prefill_full_qk_norm_yarn_bf16_128_h1_v2_bfloat16_t_bfloat16_t_bfloat16_t_bfloat16_t_float_int32_tc_bfloat16_t_bfloat16_t|steel_attention_bfloat16_bq32_bk16_bd128_wm4_wn1_maskbfloat16_align_Q_t_align_K_t_has_mask_n_do_causal_t_has_sinks_n|Cf4IAsTypeADf4IBroadcastCBEf4IBroadcastBCFf4ILogAddExpDEGV2OAsTypeF_VC_V2_10408321403207385874_contiguous|g2_Multiplybfloat16|steel_gemm_fused_nt_bfloat16_bfloat16_bm64_bn64_bk16_wm2_wn2_has_batch_n_use_out_source_n_do_axpby_n_align_M_t_align_N_t_align_K_t|custom_kernel_laguna_residual_rms_bf16_2048_v1_bfloat16_t_bfloat16_t_bfloat16_t_bfloat16_t_bfloat16_t|steel_gemm_splitk_nt_bfloat16_float32_bm32_bn32_bk16_wm2_wn2_MN_taligned_K_taligned|steel_gemm_splitk_accum_bfloat16_float32|custom_kernel_laguna_prefill_router_tournament_ordinal_norm_v1_bfloat16_t_float_uint32_t_float|custom_kernel_mlx_lm_route_csort_scatter_fused_m8_u32_v4_uint32_t_uint32_t_uint32_t_uint32_t|gather_frontbfloat16_uint32_int_2|arangeuint32|nvfp4_gather_qmm_rhs_nt_bfloat16_t_gs_16_b_4_bm_16_bn_32_bk_32_wm_1_wn_2_align_M_t_align_N_t_align_K_t|nvfp4_qmm_t_splitk_fused_bfloat16_t_gs_16_b_4_alN_true|nvfp4_qmm_t_splitk_fused_bfloat16_t_gs_16_b_4_alN_true|g2_copybfloat16bfloat16|g2_copybfloat16bfloat16|CV2ISigmoidADV2IBroadcastACEV2IBroadcastCAFV2IMultiplyDEGV2IBroadcastFBHV2IBroadcastBFIV2OMultiplyGH_VV_V2V2_11160318154034397263_contiguous|arangeuint32|CV2ISigmoidADV2IBroadcastACEV2IBroadcastCAFV2IMultiplyDEGV2IBroadcastFBHV2IBroadcastBFIV2OMultiplyGH_VV_V2V2_11160318154034397263_contiguous|nvfp4_qmm_t_bfloat16_t_gs_16_b_4_alN_true_batch_0|nvfp4_gather_qmm_rhs_nt_bfloat16_t_gs_16_b_4_bm_16_bn_32_bk_32_wm_1_wn_2_align_M_t_align_N_t_align_K_t
GPUPROF 74340.828502125 74340.828576625 1 23101440 custom_kernel_laguna_prefill_sorted_moe_tail_bf16_v1_bfloat16_t_uint32_t_float_bfloat16_t_bfloat16_t_bfloat16_t
GPUPROF 74340.828577500 74340.842283625 30 636347908 rmsbfloat16|steel_gemm_splitk_nt_bfloat16_float32_bm32_bn32_bk16_wm2_wn2_MN_taligned_K_taligned|steel_gemm_splitk_accum_bfloat16_float32|steel_gemm_splitk_nt_bfloat16_float32_bm32_bn32_bk16_wm2_wn2_MN_taligned_K_taligned|steel_gemm_splitk_accum_bfloat16_float32|steel_gemm_fused_nt_bfloat16_bfloat16_bm64_bn64_bk16_wm2_wn2_has_batch_n_use_out_source_n_do_axpby_n_align_M_t_align_N_t_align_K_t|steel_gemm_splitk_nt_bfloat16_float32_bm32_bn32_bk16_wm2_wn2_MN_taligned_K_taligned|steel_gemm_splitk_accum_bfloat16_float32|custom_kernel_laguna_prefill_sliding_qk_norm_rope_bf16_128_h1_v2_bfloat16_t_bfloat16_t_bfloat16_t_bfloat16_t_float_int32_tc_bfloat16_t_bfloat16_t|steel_attention_bfloat16_bq32_bk16_bd128_wm4_wn1_maskbfloat16_align_Q_t_align_K_t_has_mask_n_do_causal_t_has_sinks_n|Cf4IAsTypeADf4IBroadcastCBEf4IBroadcastBCFf4ILogAddExpDEGV2OAsTypeF_VC_V2_10408321403207385874_contiguous|g2_Multiplybfloat16|steel_gemm_fused_nt_bfloat16_bfloat16_bm64_bn64_bk16_wm2_wn2_has_batch_n_use_out_source_n_do_axpby_n_align_M_t_align_N_t_align_K_t|custom_kernel_laguna_residual_rms_bf16_2048_v1_bfloat16_t_bfloat16_t_bfloat16_t_bfloat16_t_bfloat16_t|steel_gemm_splitk_nt_bfloat16_float32_bm32_bn32_bk16_wm2_wn2_MN_taligned_K_taligned|steel_gemm_splitk_accum_bfloat16_float32|custom_kernel_laguna_prefill_router_tournament_ordinal_norm_v1_bfloat16_t_float_uint32_t_float|custom_kernel_mlx_lm_route_csort_scatter_fused_m8_u32_v4_uint32_t_uint32_t_uint32_t_uint32_t|gather_frontbfloat16_uint32_int_2|arangeuint32|nvfp4_gather_qmm_rhs_nt_bfloat16_t_gs_16_b_4_bm_16_bn_32_bk_32_wm_1_wn_2_align_M_t_align_N_t_align_K_t|nvfp4_qmm_t_splitk_fused_bfloat16_t_gs_16_b_4_alN_true|nvfp4_qmm_t_splitk_fused_bfloat16_t_gs_16_b_4_alN_true|g2_copybfloat16bfloat16|g2_copybfloat16bfloat16|CV2ISigmoidADV2IBroadcastACEV2IBroadcastCAFV2IMultiplyDEGV2IBroadcastFBHV2IBroadcastBFIV2OMultiplyGH_VV_V2V2_11160318154034397263_contiguous|arangeuint32|CV2ISigmoidADV2IBroadcastACEV2IBroadcastCAFV2IMultiplyDEGV2IBroadcastFBHV2IBroadcastBFIV2OMultiplyGH_VV_V2V2_11160318154034397263_contiguous|nvfp4_qmm_t_bfloat16_t_gs_16_b_4_alN_true_batch_0|nvfp4_gather_qmm_rhs_nt_bfloat16_t_gs_16_b_4_bm_16_bn_32_bk_32_wm_1_wn_2_align_M_t_align_N_t_align_K_t
GPUPROF 74340.842287625 74340.842362750 1 23101440 custom_kernel_laguna_prefill_sorted_moe_tail_bf16_v1_bfloat16_t_uint32_t_float_bfloat16_t_bfloat16_t_bfloat16_t
GPUPROF 74340.842363500 74340.855924792 30 636347908 rmsbfloat16|steel_gemm_splitk_nt_bfloat16_float32_bm32_bn32_bk16_wm2_wn2_MN_taligned_K_taligned|steel_gemm_splitk_accum_bfloat16_float32|steel_gemm_splitk_nt_bfloat16_float32_bm32_bn32_bk16_wm2_wn2_MN_taligned_K_taligned|steel_gemm_splitk_accum_bfloat16_float32|steel_gemm_fused_nt_bfloat16_bfloat16_bm64_bn64_bk16_wm2_wn2_has_batch_n_use_out_source_n_do_axpby_n_align_M_t_align_N_t_align_K_t|steel_gemm_splitk_nt_bfloat16_float32_bm32_bn32_bk16_wm2_wn2_MN_taligned_K_taligned|steel_gemm_splitk_accum_bfloat16_float32|custom_kernel_laguna_prefill_sliding_qk_norm_rope_bf16_128_h1_v2_bfloat16_t_bfloat16_t_bfloat16_t_bfloat16_t_float_int32_tc_bfloat16_t_bfloat16_t|steel_attention_bfloat16_bq32_bk16_bd128_wm4_wn1_maskbfloat16_align_Q_t_align_K_t_has_mask_n_do_causal_t_has_sinks_n|Cf4IAsTypeADf4IBroadcastCBEf4IBroadcastBCFf4ILogAddExpDEGV2OAsTypeF_VC_V2_10408321403207385874_contiguous|g2_Multiplybfloat16|steel_gemm_fused_nt_bfloat16_bfloat16_bm64_bn64_bk16_wm2_wn2_has_batch_n_use_out_source_n_do_axpby_n_align_M_t_align_N_t_align_K_t|custom_kernel_laguna_residual_rms_bf16_2048_v1_bfloat16_t_bfloat16_t_bfloat16_t_bfloat16_t_bfloat16_t|steel_gemm_splitk_nt_bfloat16_float32_bm32_bn32_bk16_wm2_wn2_MN_taligned_K_taligned|steel_gemm_splitk_accum_bfloat16_float32|custom_kernel_laguna_prefill_router_tournament_ordinal_norm_v1_bfloat16_t_float_uint32_t_float|custom_kernel_mlx_lm_route_csort_scatter_fused_m8_u32_v4_uint32_t_uint32_t_uint32_t_uint32_t|gather_frontbfloat16_uint32_int_2|arangeuint32|nvfp4_gather_qmm_rhs_nt_bfloat16_t_gs_16_b_4_bm_16_bn_32_bk_32_wm_1_wn_2_align_M_t_align_N_t_align_K_t|nvfp4_qmm_t_splitk_fused_bfloat16_t_gs_16_b_4_alN_true|nvfp4_qmm_t_splitk_fused_bfloat16_t_gs_16_b_4_alN_true|g2_copybfloat16bfloat16|g2_copybfloat16bfloat16|CV2ISigmoidADV2IBroadcastACEV2IBroadcastCAFV2IMultiplyDEGV2IBroadcastFBHV2IBroadcastBFIV2OMultiplyGH_VV_V2V2_11160318154034397263_contiguous|arangeuint32|CV2ISigmoidADV2IBroadcastACEV2IBroadcastCAFV2IMultiplyDEGV2IBroadcastFBHV2IBroadcastBFIV2OMultiplyGH_VV_V2V2_11160318154034397263_contiguous|nvfp4_qmm_t_bfloat16_t_gs_16_b_4_alN_true_batch_0|nvfp4_gather_qmm_rhs_nt_bfloat16_t_gs_16_b_4_bm_16_bn_32_bk_32_wm_1_wn_2_align_M_t_align_N_t_align_K_t
GPUPROF 74340.855928792 74340.856004292 1 23101440 custom_kernel_laguna_prefill_sorted_moe_tail_bf16_v1_bfloat16_t_uint32_t_float_bfloat16_t_bfloat16_t_bfloat16_t
GPUPROF 74340.856005042 74340.869415875 30 636347908 rmsbfloat16|steel_gemm_splitk_nt_bfloat16_float32_bm32_bn32_bk16_wm2_wn2_MN_taligned_K_taligned|steel_gemm_splitk_accum_bfloat16_float32|steel_gemm_splitk_nt_bfloat16_float32_bm32_bn32_bk16_wm2_wn2_MN_taligned_K_taligned|steel_gemm_splitk_accum_bfloat16_float32|steel_gemm_fused_nt_bfloat16_bfloat16_bm64_bn64_bk16_wm2_wn2_has_batch_n_use_out_source_n_do_axpby_n_align_M_t_align_N_t_align_K_t|steel_gemm_splitk_nt_bfloat16_float32_bm32_bn32_bk16_wm2_wn2_MN_taligned_K_taligned|steel_gemm_splitk_accum_bfloat16_float32|custom_kernel_laguna_prefill_sliding_qk_norm_rope_bf16_128_h1_v2_bfloat16_t_bfloat16_t_bfloat16_t_bfloat16_t_float_int32_tc_bfloat16_t_bfloat16_t|steel_attention_bfloat16_bq32_bk16_bd128_wm4_wn1_maskbfloat16_align_Q_t_align_K_t_has_mask_n_do_causal_t_has_sinks_n|Cf4IAsTypeADf4IBroadcastCBEf4IBroadcastBCFf4ILogAddExpDEGV2OAsTypeF_VC_V2_10408321403207385874_contiguous|g2_Multiplybfloat16|steel_gemm_fused_nt_bfloat16_bfloat16_bm64_bn64_bk16_wm2_wn2_has_batch_n_use_out_source_n_do_axpby_n_align_M_t_align_N_t_align_K_t|custom_kernel_laguna_residual_rms_bf16_2048_v1_bfloat16_t_bfloat16_t_bfloat16_t_bfloat16_t_bfloat16_t|steel_gemm_splitk_nt_bfloat16_float32_bm32_bn32_bk16_wm2_wn2_MN_taligned_K_taligned|steel_gemm_splitk_accum_bfloat16_float32|custom_kernel_laguna_prefill_router_tournament_ordinal_norm_v1_bfloat16_t_float_uint32_t_float|custom_kernel_mlx_lm_route_csort_scatter_fused_m8_u32_v4_uint32_t_uint32_t_uint32_t_uint32_t|gather_frontbfloat16_uint32_int_2|arangeuint32|nvfp4_gather_qmm_rhs_nt_bfloat16_t_gs_16_b_4_bm_16_bn_32_bk_32_wm_1_wn_2_align_M_t_align_N_t_align_K_t|nvfp4_qmm_t_splitk_fused_bfloat16_t_gs_16_b_4_alN_true|nvfp4_qmm_t_splitk_fused_bfloat16_t_gs_16_b_4_alN_true|g2_copybfloat16bfloat16|g2_copybfloat16bfloat16|CV2ISigmoidADV2IBroadcastACEV2IBroadcastCAFV2IMultiplyDEGV2IBroadcastFBHV2IBroadcastBFIV2OMultiplyGH_VV_V2V2_11160318154034397263_contiguous|arangeuint32|CV2ISigmoidADV2IBroadcastACEV2IBroadcastCAFV2IMultiplyDEGV2IBroadcastFBHV2IBroadcastBFIV2OMultiplyGH_VV_V2V2_11160318154034397263_contiguous|nvfp4_qmm_t_bfloat16_t_gs_16_b_4_alN_true_batch_0|nvfp4_gather_qmm_rhs_nt_bfloat16_t_gs_16_b_4_bm_16_bn_32_bk_32_wm_1_wn_2_align_M_t_align_N_t_align_K_t
GPUPROF 74340.869419792 74340.869497292 1 23101440 custom_kernel_laguna_prefill_sorted_moe_tail_bf16_v1_bfloat16_t_uint32_t_float_bfloat16_t_bfloat16_t_bfloat16_t
GPUPROF 74340.869498125 74340.881910167 30 612017668 rmsbfloat16|steel_gemm_splitk_nt_bfloat16_float32_bm32_bn32_bk16_wm2_wn2_MN_taligned_K_taligned|steel_gemm_splitk_accum_bfloat16_float32|steel_gemm_splitk_nt_bfloat16_float32_bm32_bn32_bk16_wm2_wn2_MN_taligned_K_taligned|steel_gemm_splitk_accum_bfloat16_float32|steel_gemm_fused_nt_bfloat16_bfloat16_bm64_bn64_bk16_wm2_wn2_has_batch_n_use_out_source_n_do_axpby_n_align_M_t_align_N_t_align_K_t|steel_gemm_splitk_nt_bfloat16_float32_bm32_bn32_bk16_wm2_wn2_MN_naligned_K_taligned|steel_gemm_splitk_accum_bfloat16_float32|custom_kernel_laguna_prefill_full_qk_norm_yarn_bf16_128_h1_v2_bfloat16_t_bfloat16_t_bfloat16_t_bfloat16_t_float_int32_tc_bfloat16_t_bfloat16_t|steel_attention_bfloat16_bq32_bk16_bd128_wm4_wn1_maskbfloat16_align_Q_t_align_K_t_has_mask_n_do_causal_t_has_sinks_n|Cf4IAsTypeADf4IBroadcastCBEf4IBroadcastBCFf4ILogAddExpDEGV2OAsTypeF_VC_V2_10408321403207385874_contiguous|g2_Multiplybfloat16|steel_gemm_fused_nt_bfloat16_bfloat16_bm64_bn64_bk16_wm2_wn2_has_batch_n_use_out_source_n_do_axpby_n_align_M_t_align_N_t_align_K_t|custom_kernel_laguna_residual_rms_bf16_2048_v1_bfloat16_t_bfloat16_t_bfloat16_t_bfloat16_t_bfloat16_t|steel_gemm_splitk_nt_bfloat16_float32_bm32_bn32_bk16_wm2_wn2_MN_taligned_K_taligned|steel_gemm_splitk_accum_bfloat16_float32|custom_kernel_laguna_prefill_router_tournament_ordinal_norm_v1_bfloat16_t_float_uint32_t_float|custom_kernel_mlx_lm_route_csort_scatter_fused_m8_u32_v4_uint32_t_uint32_t_uint32_t_uint32_t|gather_frontbfloat16_uint32_int_2|arangeuint32|nvfp4_gather_qmm_rhs_nt_bfloat16_t_gs_16_b_4_bm_16_bn_32_bk_32_wm_1_wn_2_align_M_t_align_N_t_align_K_t|nvfp4_qmm_t_splitk_fused_bfloat16_t_gs_16_b_4_alN_true|nvfp4_qmm_t_splitk_fused_bfloat16_t_gs_16_b_4_alN_true|g2_copybfloat16bfloat16|g2_copybfloat16bfloat16|CV2ISigmoidADV2IBroadcastACEV2IBroadcastCAFV2IMultiplyDEGV2IBroadcastFBHV2IBroadcastBFIV2OMultiplyGH_VV_V2V2_11160318154034397263_contiguous|arangeuint32|CV2ISigmoidADV2IBroadcastACEV2IBroadcastCAFV2IMultiplyDEGV2IBroadcastFBHV2IBroadcastBFIV2OMultiplyGH_VV_V2V2_11160318154034397263_contiguous|nvfp4_qmm_t_bfloat16_t_gs_16_b_4_alN_true_batch_0|nvfp4_gather_qmm_rhs_nt_bfloat16_t_gs_16_b_4_bm_16_bn_32_bk_32_wm_1_wn_2_align_M_t_align_N_t_align_K_t
GPUPROF 74340.881930667 74340.882006000 1 23101440 custom_kernel_laguna_prefill_sorted_moe_tail_bf16_v1_bfloat16_t_uint32_t_float_bfloat16_t_bfloat16_t_bfloat16_t
GPUPROF 74340.882006750 74340.895552750 30 636347908 rmsbfloat16|steel_gemm_splitk_nt_bfloat16_float32_bm32_bn32_bk16_wm2_wn2_MN_taligned_K_taligned|steel_gemm_splitk_accum_bfloat16_float32|steel_gemm_splitk_nt_bfloat16_float32_bm32_bn32_bk16_wm2_wn2_MN_taligned_K_taligned|steel_gemm_splitk_accum_bfloat16_float32|steel_gemm_fused_nt_bfloat16_bfloat16_bm64_bn64_bk16_wm2_wn2_has_batch_n_use_out_source_n_do_axpby_n_align_M_t_align_N_t_align_K_t|steel_gemm_splitk_nt_bfloat16_float32_bm32_bn32_bk16_wm2_wn2_MN_taligned_K_taligned|steel_gemm_splitk_accum_bfloat16_float32|custom_kernel_laguna_prefill_sliding_qk_norm_rope_bf16_128_h1_v2_bfloat16_t_bfloat16_t_bfloat16_t_bfloat16_t_float_int32_tc_bfloat16_t_bfloat16_t|steel_attention_bfloat16_bq32_bk16_bd128_wm4_wn1_maskbfloat16_align_Q_t_align_K_t_has_mask_n_do_causal_t_has_sinks_n|Cf4IAsTypeADf4IBroadcastCBEf4IBroadcastBCFf4ILogAddExpDEGV2OAsTypeF_VC_V2_10408321403207385874_contiguous|g2_Multiplybfloat16|steel_gemm_fused_nt_bfloat16_bfloat16_bm64_bn64_bk16_wm2_wn2_has_batch_n_use_out_source_n_do_axpby_n_align_M_t_align_N_t_align_K_t|custom_kernel_laguna_residual_rms_bf16_2048_v1_bfloat16_t_bfloat16_t_bfloat16_t_bfloat16_t_bfloat16_t|steel_gemm_splitk_nt_bfloat16_float32_bm32_bn32_bk16_wm2_wn2_MN_taligned_K_taligned|steel_gemm_splitk_accum_bfloat16_float32|custom_kernel_laguna_prefill_router_tournament_ordinal_norm_v1_bfloat16_t_float_uint32_t_float|custom_kernel_mlx_lm_route_csort_scatter_fused_m8_u32_v4_uint32_t_uint32_t_uint32_t_uint32_t|gather_frontbfloat16_uint32_int_2|arangeuint32|nvfp4_gather_qmm_rhs_nt_bfloat16_t_gs_16_b_4_bm_16_bn_32_bk_32_wm_1_wn_2_align_M_t_align_N_t_align_K_t|nvfp4_qmm_t_splitk_fused_bfloat16_t_gs_16_b_4_alN_true|nvfp4_qmm_t_splitk_fused_bfloat16_t_gs_16_b_4_alN_true|g2_copybfloat16bfloat16|g2_copybfloat16bfloat16|CV2ISigmoidADV2IBroadcastACEV2IBroadcastCAFV2IMultiplyDEGV2IBroadcastFBHV2IBroadcastBFIV2OMultiplyGH_VV_V2V2_11160318154034397263_contiguous|arangeuint32|CV2ISigmoidADV2IBroadcastACEV2IBroadcastCAFV2IMultiplyDEGV2IBroadcastFBHV2IBroadcastBFIV2OMultiplyGH_VV_V2V2_11160318154034397263_contiguous|nvfp4_qmm_t_bfloat16_t_gs_16_b_4_alN_true_batch_0|nvfp4_gather_qmm_rhs_nt_bfloat16_t_gs_16_b_4_bm_16_bn_32_bk_32_wm_1_wn_2_align_M_t_align_N_t_align_K_t
GPUPROF 74340.895556750 74340.895632667 1 23101440 custom_kernel_laguna_prefill_sorted_moe_tail_bf16_v1_bfloat16_t_uint32_t_float_bfloat16_t_bfloat16_t_bfloat16_t
GPUPROF 74340.895633417 74340.909341500 30 636347908 rmsbfloat16|steel_gemm_splitk_nt_bfloat16_float32_bm32_bn32_bk16_wm2_wn2_MN_taligned_K_taligned|steel_gemm_splitk_accum_bfloat16_float32|steel_gemm_splitk_nt_bfloat16_float32_bm32_bn32_bk16_wm2_wn2_MN_taligned_K_taligned|steel_gemm_splitk_accum_bfloat16_float32|steel_gemm_fused_nt_bfloat16_bfloat16_bm64_bn64_bk16_wm2_wn2_has_batch_n_use_out_source_n_do_axpby_n_align_M_t_align_N_t_align_K_t|steel_gemm_splitk_nt_bfloat16_float32_bm32_bn32_bk16_wm2_wn2_MN_taligned_K_taligned|steel_gemm_splitk_accum_bfloat16_float32|custom_kernel_laguna_prefill_sliding_qk_norm_rope_bf16_128_h1_v2_bfloat16_t_bfloat16_t_bfloat16_t_bfloat16_t_float_int32_tc_bfloat16_t_bfloat16_t|steel_attention_bfloat16_bq32_bk16_bd128_wm4_wn1_maskbfloat16_align_Q_t_align_K_t_has_mask_n_do_causal_t_has_sinks_n|Cf4IAsTypeADf4IBroadcastCBEf4IBroadcastBCFf4ILogAddExpDEGV2OAsTypeF_VC_V2_10408321403207385874_contiguous|g2_Multiplybfloat16|steel_gemm_fused_nt_bfloat16_bfloat16_bm64_bn64_bk16_wm2_wn2_has_batch_n_use_out_source_n_do_axpby_n_align_M_t_align_N_t_align_K_t|custom_kernel_laguna_residual_rms_bf16_2048_v1_bfloat16_t_bfloat16_t_bfloat16_t_bfloat16_t_bfloat16_t|steel_gemm_splitk_nt_bfloat16_float32_bm32_bn32_bk16_wm2_wn2_MN_taligned_K_taligned|steel_gemm_splitk_accum_bfloat16_float32|custom_kernel_laguna_prefill_router_tournament_ordinal_norm_v1_bfloat16_t_float_uint32_t_float|custom_kernel_mlx_lm_route_csort_scatter_fused_m8_u32_v4_uint32_t_uint32_t_uint32_t_uint32_t|gather_frontbfloat16_uint32_int_2|arangeuint32|nvfp4_gather_qmm_rhs_nt_bfloat16_t_gs_16_b_4_bm_16_bn_32_bk_32_wm_1_wn_2_align_M_t_align_N_t_align_K_t|nvfp4_qmm_t_splitk_fused_bfloat16_t_gs_16_b_4_alN_true|nvfp4_qmm_t_splitk_fused_bfloat16_t_gs_16_b_4_alN_true|g2_copybfloat16bfloat16|g2_copybfloat16bfloat16|CV2ISigmoidADV2IBroadcastACEV2IBroadcastCAFV2IMultiplyDEGV2IBroadcastFBHV2IBroadcastBFIV2OMultiplyGH_VV_V2V2_11160318154034397263_contiguous|arangeuint32|CV2ISigmoidADV2IBroadcastACEV2IBroadcastCAFV2IMultiplyDEGV2IBroadcastFBHV2IBroadcastBFIV2OMultiplyGH_VV_V2V2_11160318154034397263_contiguous|nvfp4_qmm_t_bfloat16_t_gs_16_b_4_alN_true_batch_0|nvfp4_gather_qmm_rhs_nt_bfloat16_t_gs_16_b_4_bm_16_bn_32_bk_32_wm_1_wn_2_align_M_t_align_N_t_align_K_t
GPUPROF 74340.909362000 74340.909437667 1 23101440 custom_kernel_laguna_prefill_sorted_moe_tail_bf16_v1_bfloat16_t_uint32_t_float_bfloat16_t_bfloat16_t_bfloat16_t
GPUPROF 74340.909438500 74340.923111375 30 636347908 rmsbfloat16|steel_gemm_splitk_nt_bfloat16_float32_bm32_bn32_bk16_wm2_wn2_MN_taligned_K_taligned|steel_gemm_splitk_accum_bfloat16_float32|steel_gemm_splitk_nt_bfloat16_float32_bm32_bn32_bk16_wm2_wn2_MN_taligned_K_taligned|steel_gemm_splitk_accum_bfloat16_float32|steel_gemm_fused_nt_bfloat16_bfloat16_bm64_bn64_bk16_wm2_wn2_has_batch_n_use_out_source_n_do_axpby_n_align_M_t_align_N_t_align_K_t|steel_gemm_splitk_nt_bfloat16_float32_bm32_bn32_bk16_wm2_wn2_MN_taligned_K_taligned|steel_gemm_splitk_accum_bfloat16_float32|custom_kernel_laguna_prefill_sliding_qk_norm_rope_bf16_128_h1_v2_bfloat16_t_bfloat16_t_bfloat16_t_bfloat16_t_float_int32_tc_bfloat16_t_bfloat16_t|steel_attention_bfloat16_bq32_bk16_bd128_wm4_wn1_maskbfloat16_align_Q_t_align_K_t_has_mask_n_do_causal_t_has_sinks_n|Cf4IAsTypeADf4IBroadcastCBEf4IBroadcastBCFf4ILogAddExpDEGV2OAsTypeF_VC_V2_10408321403207385874_contiguous|g2_Multiplybfloat16|steel_gemm_fused_nt_bfloat16_bfloat16_bm64_bn64_bk16_wm2_wn2_has_batch_n_use_out_source_n_do_axpby_n_align_M_t_align_N_t_align_K_t|custom_kernel_laguna_residual_rms_bf16_2048_v1_bfloat16_t_bfloat16_t_bfloat16_t_bfloat16_t_bfloat16_t|steel_gemm_splitk_nt_bfloat16_float32_bm32_bn32_bk16_wm2_wn2_MN_taligned_K_taligned|steel_gemm_splitk_accum_bfloat16_float32|custom_kernel_laguna_prefill_router_tournament_ordinal_norm_v1_bfloat16_t_float_uint32_t_float|custom_kernel_mlx_lm_route_csort_scatter_fused_m8_u32_v4_uint32_t_uint32_t_uint32_t_uint32_t|gather_frontbfloat16_uint32_int_2|arangeuint32|nvfp4_gather_qmm_rhs_nt_bfloat16_t_gs_16_b_4_bm_16_bn_32_bk_32_wm_1_wn_2_align_M_t_align_N_t_align_K_t|nvfp4_qmm_t_splitk_fused_bfloat16_t_gs_16_b_4_alN_true|nvfp4_qmm_t_splitk_fused_bfloat16_t_gs_16_b_4_alN_true|g2_copybfloat16bfloat16|g2_copybfloat16bfloat16|CV2ISigmoidADV2IBroadcastACEV2IBroadcastCAFV2IMultiplyDEGV2IBroadcastFBHV2IBroadcastBFIV2OMultiplyGH_VV_V2V2_11160318154034397263_contiguous|arangeuint32|CV2ISigmoidADV2IBroadcastACEV2IBroadcastCAFV2IMultiplyDEGV2IBroadcastFBHV2IBroadcastBFIV2OMultiplyGH_VV_V2V2_11160318154034397263_contiguous|nvfp4_qmm_t_bfloat16_t_gs_16_b_4_alN_true_batch_0|nvfp4_gather_qmm_rhs_nt_bfloat16_t_gs_16_b_4_bm_16_bn_32_bk_32_wm_1_wn_2_align_M_t_align_N_t_align_K_t
GPUPROF 74340.923112167 74340.923189542 1 23101440 custom_kernel_laguna_prefill_sorted_moe_tail_bf16_v1_bfloat16_t_uint32_t_float_bfloat16_t_bfloat16_t_bfloat16_t
GPUPROF 74340.923190375 74340.935755875 30 612017668 rmsbfloat16|steel_gemm_splitk_nt_bfloat16_float32_bm32_bn32_bk16_wm2_wn2_MN_taligned_K_taligned|steel_gemm_splitk_accum_bfloat16_float32|steel_gemm_splitk_nt_bfloat16_float32_bm32_bn32_bk16_wm2_wn2_MN_taligned_K_taligned|steel_gemm_splitk_accum_bfloat16_float32|steel_gemm_fused_nt_bfloat16_bfloat16_bm64_bn64_bk16_wm2_wn2_has_batch_n_use_out_source_n_do_axpby_n_align_M_t_align_N_t_align_K_t|steel_gemm_splitk_nt_bfloat16_float32_bm32_bn32_bk16_wm2_wn2_MN_naligned_K_taligned|steel_gemm_splitk_accum_bfloat16_float32|custom_kernel_laguna_prefill_full_qk_norm_yarn_bf16_128_h1_v2_bfloat16_t_bfloat16_t_bfloat16_t_bfloat16_t_float_int32_tc_bfloat16_t_bfloat16_t|steel_attention_bfloat16_bq32_bk16_bd128_wm4_wn1_maskbfloat16_align_Q_t_align_K_t_has_mask_n_do_causal_t_has_sinks_n|Cf4IAsTypeADf4IBroadcastCBEf4IBroadcastBCFf4ILogAddExpDEGV2OAsTypeF_VC_V2_10408321403207385874_contiguous|g2_Multiplybfloat16|steel_gemm_fused_nt_bfloat16_bfloat16_bm64_bn64_bk16_wm2_wn2_has_batch_n_use_out_source_n_do_axpby_n_align_M_t_align_N_t_align_K_t|custom_kernel_laguna_residual_rms_bf16_2048_v1_bfloat16_t_bfloat16_t_bfloat16_t_bfloat16_t_bfloat16_t|steel_gemm_splitk_nt_bfloat16_float32_bm32_bn32_bk16_wm2_wn2_MN_taligned_K_taligned|steel_gemm_splitk_accum_bfloat16_float32|custom_kernel_laguna_prefill_router_tournament_ordinal_norm_v1_bfloat16_t_float_uint32_t_float|custom_kernel_mlx_lm_route_csort_scatter_fused_m8_u32_v4_uint32_t_uint32_t_uint32_t_uint32_t|gather_frontbfloat16_uint32_int_2|arangeuint32|nvfp4_gather_qmm_rhs_nt_bfloat16_t_gs_16_b_4_bm_16_bn_32_bk_32_wm_1_wn_2_align_M_t_align_N_t_align_K_t|nvfp4_qmm_t_splitk_fused_bfloat16_t_gs_16_b_4_alN_true|nvfp4_qmm_t_splitk_fused_bfloat16_t_gs_16_b_4_alN_true|g2_copybfloat16bfloat16|g2_copybfloat16bfloat16|CV2ISigmoidADV2IBroadcastACEV2IBroadcastCAFV2IMultiplyDEGV2IBroadcastFBHV2IBroadcastBFIV2OMultiplyGH_VV_V2V2_11160318154034397263_contiguous|arangeuint32|CV2ISigmoidADV2IBroadcastACEV2IBroadcastCAFV2IMultiplyDEGV2IBroadcastFBHV2IBroadcastBFIV2OMultiplyGH_VV_V2V2_11160318154034397263_contiguous|nvfp4_qmm_t_bfloat16_t_gs_16_b_4_alN_true_batch_0|nvfp4_gather_qmm_rhs_nt_bfloat16_t_gs_16_b_4_bm_16_bn_32_bk_32_wm_1_wn_2_align_M_t_align_N_t_align_K_t
GPUPROF 74340.935756625 74340.935831500 1 23101440 custom_kernel_laguna_prefill_sorted_moe_tail_bf16_v1_bfloat16_t_uint32_t_float_bfloat16_t_bfloat16_t_bfloat16_t
GPUPROF 74340.935832292 74340.950094125 30 636347908 rmsbfloat16|steel_gemm_splitk_nt_bfloat16_float32_bm32_bn32_bk16_wm2_wn2_MN_taligned_K_taligned|steel_gemm_splitk_accum_bfloat16_float32|steel_gemm_splitk_nt_bfloat16_float32_bm32_bn32_bk16_wm2_wn2_MN_taligned_K_taligned|steel_gemm_splitk_accum_bfloat16_float32|steel_gemm_fused_nt_bfloat16_bfloat16_bm64_bn64_bk16_wm2_wn2_has_batch_n_use_out_source_n_do_axpby_n_align_M_t_align_N_t_align_K_t|steel_gemm_splitk_nt_bfloat16_float32_bm32_bn32_bk16_wm2_wn2_MN_taligned_K_taligned|steel_gemm_splitk_accum_bfloat16_float32|custom_kernel_laguna_prefill_sliding_qk_norm_rope_bf16_128_h1_v2_bfloat16_t_bfloat16_t_bfloat16_t_bfloat16_t_float_int32_tc_bfloat16_t_bfloat16_t|steel_attention_bfloat16_bq32_bk16_bd128_wm4_wn1_maskbfloat16_align_Q_t_align_K_t_has_mask_n_do_causal_t_has_sinks_n|Cf4IAsTypeADf4IBroadcastCBEf4IBroadcastBCFf4ILogAddExpDEGV2OAsTypeF_VC_V2_10408321403207385874_contiguous|g2_Multiplybfloat16|steel_gemm_fused_nt_bfloat16_bfloat16_bm64_bn64_bk16_wm2_wn2_has_batch_n_use_out_source_n_do_axpby_n_align_M_t_align_N_t_align_K_t|custom_kernel_laguna_residual_rms_bf16_2048_v1_bfloat16_t_bfloat16_t_bfloat16_t_bfloat16_t_bfloat16_t|steel_gemm_splitk_nt_bfloat16_float32_bm32_bn32_bk16_wm2_wn2_MN_taligned_K_taligned|steel_gemm_splitk_accum_bfloat16_float32|custom_kernel_laguna_prefill_router_tournament_ordinal_norm_v1_bfloat16_t_float_uint32_t_float|custom_kernel_mlx_lm_route_csort_scatter_fused_m8_u32_v4_uint32_t_uint32_t_uint32_t_uint32_t|gather_frontbfloat16_uint32_int_2|arangeuint32|nvfp4_gather_qmm_rhs_nt_bfloat16_t_gs_16_b_4_bm_16_bn_32_bk_32_wm_1_wn_2_align_M_t_align_N_t_align_K_t|nvfp4_qmm_t_splitk_fused_bfloat16_t_gs_16_b_4_alN_true|nvfp4_qmm_t_splitk_fused_bfloat16_t_gs_16_b_4_alN_true|g2_copybfloat16bfloat16|g2_copybfloat16bfloat16|CV2ISigmoidADV2IBroadcastACEV2IBroadcastCAFV2IMultiplyDEGV2IBroadcastFBHV2IBroadcastBFIV2OMultiplyGH_VV_V2V2_11160318154034397263_contiguous|arangeuint32|CV2ISigmoidADV2IBroadcastACEV2IBroadcastCAFV2IMultiplyDEGV2IBroadcastFBHV2IBroadcastBFIV2OMultiplyGH_VV_V2V2_11160318154034397263_contiguous|nvfp4_qmm_t_bfloat16_t_gs_16_b_4_alN_true_batch_0|nvfp4_gather_qmm_rhs_nt_bfloat16_t_gs_16_b_4_bm_16_bn_32_bk_32_wm_1_wn_2_align_M_t_align_N_t_align_K_t
GPUPROF 74340.950113625 74340.950190167 1 23101440 custom_kernel_laguna_prefill_sorted_moe_tail_bf16_v1_bfloat16_t_uint32_t_float_bfloat16_t_bfloat16_t_bfloat16_t
GPUPROF 74340.950191125 74340.964314250 30 636347908 rmsbfloat16|steel_gemm_splitk_nt_bfloat16_float32_bm32_bn32_bk16_wm2_wn2_MN_taligned_K_taligned|steel_gemm_splitk_accum_bfloat16_float32|steel_gemm_splitk_nt_bfloat16_float32_bm32_bn32_bk16_wm2_wn2_MN_taligned_K_taligned|steel_gemm_splitk_accum_bfloat16_float32|steel_gemm_fused_nt_bfloat16_bfloat16_bm64_bn64_bk16_wm2_wn2_has_batch_n_use_out_source_n_do_axpby_n_align_M_t_align_N_t_align_K_t|steel_gemm_splitk_nt_bfloat16_float32_bm32_bn32_bk16_wm2_wn2_MN_taligned_K_taligned|steel_gemm_splitk_accum_bfloat16_float32|custom_kernel_laguna_prefill_sliding_qk_norm_rope_bf16_128_h1_v2_bfloat16_t_bfloat16_t_bfloat16_t_bfloat16_t_float_int32_tc_bfloat16_t_bfloat16_t|steel_attention_bfloat16_bq32_bk16_bd128_wm4_wn1_maskbfloat16_align_Q_t_align_K_t_has_mask_n_do_causal_t_has_sinks_n|Cf4IAsTypeADf4IBroadcastCBEf4IBroadcastBCFf4ILogAddExpDEGV2OAsTypeF_VC_V2_10408321403207385874_contiguous|g2_Multiplybfloat16|steel_gemm_fused_nt_bfloat16_bfloat16_bm64_bn64_bk16_wm2_wn2_has_batch_n_use_out_source_n_do_axpby_n_align_M_t_align_N_t_align_K_t|custom_kernel_laguna_residual_rms_bf16_2048_v1_bfloat16_t_bfloat16_t_bfloat16_t_bfloat16_t_bfloat16_t|steel_gemm_splitk_nt_bfloat16_float32_bm32_bn32_bk16_wm2_wn2_MN_taligned_K_taligned|steel_gemm_splitk_accum_bfloat16_float32|custom_kernel_laguna_prefill_router_tournament_ordinal_norm_v1_bfloat16_t_float_uint32_t_float|custom_kernel_mlx_lm_route_csort_scatter_fused_m8_u32_v4_uint32_t_uint32_t_uint32_t_uint32_t|gather_frontbfloat16_uint32_int_2|arangeuint32|nvfp4_gather_qmm_rhs_nt_bfloat16_t_gs_16_b_4_bm_16_bn_32_bk_32_wm_1_wn_2_align_M_t_align_N_t_align_K_t|nvfp4_qmm_t_splitk_fused_bfloat16_t_gs_16_b_4_alN_true|nvfp4_qmm_t_splitk_fused_bfloat16_t_gs_16_b_4_alN_true|g2_copybfloat16bfloat16|g2_copybfloat16bfloat16|CV2ISigmoidADV2IBroadcastACEV2IBroadcastCAFV2IMultiplyDEGV2IBroadcastFBHV2IBroadcastBFIV2OMultiplyGH_VV_V2V2_11160318154034397263_contiguous|arangeuint32|CV2ISigmoidADV2IBroadcastACEV2IBroadcastCAFV2IMultiplyDEGV2IBroadcastFBHV2IBroadcastBFIV2OMultiplyGH_VV_V2V2_11160318154034397263_contiguous|nvfp4_qmm_t_bfloat16_t_gs_16_b_4_alN_true_batch_0|nvfp4_gather_qmm_rhs_nt_bfloat16_t_gs_16_b_4_bm_16_bn_32_bk_32_wm_1_wn_2_align_M_t_align_N_t_align_K_t
GPUPROF 74340.964334292 74340.964409792 1 23101440 custom_kernel_laguna_prefill_sorted_moe_tail_bf16_v1_bfloat16_t_uint32_t_float_bfloat16_t_bfloat16_t_bfloat16_t
GPUPROF 74340.964410625 74340.978474250 30 636347908 rmsbfloat16|steel_gemm_splitk_nt_bfloat16_float32_bm32_bn32_bk16_wm2_wn2_MN_taligned_K_taligned|steel_gemm_splitk_accum_bfloat16_float32|steel_gemm_splitk_nt_bfloat16_float32_bm32_bn32_bk16_wm2_wn2_MN_taligned_K_taligned|steel_gemm_splitk_accum_bfloat16_float32|steel_gemm_fused_nt_bfloat16_bfloat16_bm64_bn64_bk16_wm2_wn2_has_batch_n_use_out_source_n_do_axpby_n_align_M_t_align_N_t_align_K_t|steel_gemm_splitk_nt_bfloat16_float32_bm32_bn32_bk16_wm2_wn2_MN_taligned_K_taligned|steel_gemm_splitk_accum_bfloat16_float32|custom_kernel_laguna_prefill_sliding_qk_norm_rope_bf16_128_h1_v2_bfloat16_t_bfloat16_t_bfloat16_t_bfloat16_t_float_int32_tc_bfloat16_t_bfloat16_t|steel_attention_bfloat16_bq32_bk16_bd128_wm4_wn1_maskbfloat16_align_Q_t_align_K_t_has_mask_n_do_causal_t_has_sinks_n|Cf4IAsTypeADf4IBroadcastCBEf4IBroadcastBCFf4ILogAddExpDEGV2OAsTypeF_VC_V2_10408321403207385874_contiguous|g2_Multiplybfloat16|steel_gemm_fused_nt_bfloat16_bfloat16_bm64_bn64_bk16_wm2_wn2_has_batch_n_use_out_source_n_do_axpby_n_align_M_t_align_N_t_align_K_t|custom_kernel_laguna_residual_rms_bf16_2048_v1_bfloat16_t_bfloat16_t_bfloat16_t_bfloat16_t_bfloat16_t|steel_gemm_splitk_nt_bfloat16_float32_bm32_bn32_bk16_wm2_wn2_MN_taligned_K_taligned|steel_gemm_splitk_accum_bfloat16_float32|custom_kernel_laguna_prefill_router_tournament_ordinal_norm_v1_bfloat16_t_float_uint32_t_float|custom_kernel_mlx_lm_route_csort_scatter_fused_m8_u32_v4_uint32_t_uint32_t_uint32_t_uint32_t|gather_frontbfloat16_uint32_int_2|arangeuint32|nvfp4_gather_qmm_rhs_nt_bfloat16_t_gs_16_b_4_bm_16_bn_32_bk_32_wm_1_wn_2_align_M_t_align_N_t_align_K_t|nvfp4_qmm_t_splitk_fused_bfloat16_t_gs_16_b_4_alN_true|nvfp4_qmm_t_splitk_fused_bfloat16_t_gs_16_b_4_alN_true|g2_copybfloat16bfloat16|g2_copybfloat16bfloat16|CV2ISigmoidADV2IBroadcastACEV2IBroadcastCAFV2IMultiplyDEGV2IBroadcastFBHV2IBroadcastBFIV2OMultiplyGH_VV_V2V2_11160318154034397263_contiguous|arangeuint32|CV2ISigmoidADV2IBroadcastACEV2IBroadcastCAFV2IMultiplyDEGV2IBroadcastFBHV2IBroadcastBFIV2OMultiplyGH_VV_V2V2_11160318154034397263_contiguous|nvfp4_qmm_t_bfloat16_t_gs_16_b_4_alN_true_batch_0|nvfp4_gather_qmm_rhs_nt_bfloat16_t_gs_16_b_4_bm_16_bn_32_bk_32_wm_1_wn_2_align_M_t_align_N_t_align_K_t
GPUPROF 74340.978475000 74340.978550000 1 23101440 custom_kernel_laguna_prefill_sorted_moe_tail_bf16_v1_bfloat16_t_uint32_t_float_bfloat16_t_bfloat16_t_bfloat16_t
GPUPROF 74340.978550875 74340.991229875 30 612017668 rmsbfloat16|steel_gemm_splitk_nt_bfloat16_float32_bm32_bn32_bk16_wm2_wn2_MN_taligned_K_taligned|steel_gemm_splitk_accum_bfloat16_float32|steel_gemm_splitk_nt_bfloat16_float32_bm32_bn32_bk16_wm2_wn2_MN_taligned_K_taligned|steel_gemm_splitk_accum_bfloat16_float32|steel_gemm_fused_nt_bfloat16_bfloat16_bm64_bn64_bk16_wm2_wn2_has_batch_n_use_out_source_n_do_axpby_n_align_M_t_align_N_t_align_K_t|steel_gemm_splitk_nt_bfloat16_float32_bm32_bn32_bk16_wm2_wn2_MN_naligned_K_taligned|steel_gemm_splitk_accum_bfloat16_float32|custom_kernel_laguna_prefill_full_qk_norm_yarn_bf16_128_h1_v2_bfloat16_t_bfloat16_t_bfloat16_t_bfloat16_t_float_int32_tc_bfloat16_t_bfloat16_t|steel_attention_bfloat16_bq32_bk16_bd128_wm4_wn1_maskbfloat16_align_Q_t_align_K_t_has_mask_n_do_causal_t_has_sinks_n|Cf4IAsTypeADf4IBroadcastCBEf4IBroadcastBCFf4ILogAddExpDEGV2OAsTypeF_VC_V2_10408321403207385874_contiguous|g2_Multiplybfloat16|steel_gemm_fused_nt_bfloat16_bfloat16_bm64_bn64_bk16_wm2_wn2_has_batch_n_use_out_source_n_do_axpby_n_align_M_t_align_N_t_align_K_t|custom_kernel_laguna_residual_rms_bf16_2048_v1_bfloat16_t_bfloat16_t_bfloat16_t_bfloat16_t_bfloat16_t|steel_gemm_splitk_nt_bfloat16_float32_bm32_bn32_bk16_wm2_wn2_MN_taligned_K_taligned|steel_gemm_splitk_accum_bfloat16_float32|custom_kernel_laguna_prefill_router_tournament_ordinal_norm_v1_bfloat16_t_float_uint32_t_float|custom_kernel_mlx_lm_route_csort_scatter_fused_m8_u32_v4_uint32_t_uint32_t_uint32_t_uint32_t|gather_frontbfloat16_uint32_int_2|arangeuint32|nvfp4_gather_qmm_rhs_nt_bfloat16_t_gs_16_b_4_bm_16_bn_32_bk_32_wm_1_wn_2_align_M_t_align_N_t_align_K_t|nvfp4_qmm_t_splitk_fused_bfloat16_t_gs_16_b_4_alN_true|nvfp4_qmm_t_splitk_fused_bfloat16_t_gs_16_b_4_alN_true|g2_copybfloat16bfloat16|g2_copybfloat16bfloat16|CV2ISigmoidADV2IBroadcastACEV2IBroadcastCAFV2IMultiplyDEGV2IBroadcastFBHV2IBroadcastBFIV2OMultiplyGH_VV_V2V2_11160318154034397263_contiguous|arangeuint32|CV2ISigmoidADV2IBroadcastACEV2IBroadcastCAFV2IMultiplyDEGV2IBroadcastFBHV2IBroadcastBFIV2OMultiplyGH_VV_V2V2_11160318154034397263_contiguous|nvfp4_qmm_t_bfloat16_t_gs_16_b_4_alN_true_batch_0|nvfp4_gather_qmm_rhs_nt_bfloat16_t_gs_16_b_4_bm_16_bn_32_bk_32_wm_1_wn_2_align_M_t_align_N_t_align_K_t
GPUPROF 74340.991230625 74340.991303750 1 23101440 custom_kernel_laguna_prefill_sorted_moe_tail_bf16_v1_bfloat16_t_uint32_t_float_bfloat16_t_bfloat16_t_bfloat16_t
GPUPROF 74340.991304500 74341.005256667 30 636347908 rmsbfloat16|steel_gemm_splitk_nt_bfloat16_float32_bm32_bn32_bk16_wm2_wn2_MN_taligned_K_taligned|steel_gemm_splitk_accum_bfloat16_float32|steel_gemm_splitk_nt_bfloat16_float32_bm32_bn32_bk16_wm2_wn2_MN_taligned_K_taligned|steel_gemm_splitk_accum_bfloat16_float32|steel_gemm_fused_nt_bfloat16_bfloat16_bm64_bn64_bk16_wm2_wn2_has_batch_n_use_out_source_n_do_axpby_n_align_M_t_align_N_t_align_K_t|steel_gemm_splitk_nt_bfloat16_float32_bm32_bn32_bk16_wm2_wn2_MN_taligned_K_taligned|steel_gemm_splitk_accum_bfloat16_float32|custom_kernel_laguna_prefill_sliding_qk_norm_rope_bf16_128_h1_v2_bfloat16_t_bfloat16_t_bfloat16_t_bfloat16_t_float_int32_tc_bfloat16_t_bfloat16_t|steel_attention_bfloat16_bq32_bk16_bd128_wm4_wn1_maskbfloat16_align_Q_t_align_K_t_has_mask_n_do_causal_t_has_sinks_n|Cf4IAsTypeADf4IBroadcastCBEf4IBroadcastBCFf4ILogAddExpDEGV2OAsTypeF_VC_V2_10408321403207385874_contiguous|g2_Multiplybfloat16|steel_gemm_fused_nt_bfloat16_bfloat16_bm64_bn64_bk16_wm2_wn2_has_batch_n_use_out_source_n_do_axpby_n_align_M_t_align_N_t_align_K_t|custom_kernel_laguna_residual_rms_bf16_2048_v1_bfloat16_t_bfloat16_t_bfloat16_t_bfloat16_t_bfloat16_t|steel_gemm_splitk_nt_bfloat16_float32_bm32_bn32_bk16_wm2_wn2_MN_taligned_K_taligned|steel_gemm_splitk_accum_bfloat16_float32|custom_kernel_laguna_prefill_router_tournament_ordinal_norm_v1_bfloat16_t_float_uint32_t_float|custom_kernel_mlx_lm_route_csort_scatter_fused_m8_u32_v4_uint32_t_uint32_t_uint32_t_uint32_t|gather_frontbfloat16_uint32_int_2|arangeuint32|nvfp4_gather_qmm_rhs_nt_bfloat16_t_gs_16_b_4_bm_16_bn_32_bk_32_wm_1_wn_2_align_M_t_align_N_t_align_K_t|nvfp4_qmm_t_splitk_fused_bfloat16_t_gs_16_b_4_alN_true|nvfp4_qmm_t_splitk_fused_bfloat16_t_gs_16_b_4_alN_true|g2_copybfloat16bfloat16|g2_copybfloat16bfloat16|CV2ISigmoidADV2IBroadcastACEV2IBroadcastCAFV2IMultiplyDEGV2IBroadcastFBHV2IBroadcastBFIV2OMultiplyGH_VV_V2V2_11160318154034397263_contiguous|arangeuint32|CV2ISigmoidADV2IBroadcastACEV2IBroadcastCAFV2IMultiplyDEGV2IBroadcastFBHV2IBroadcastBFIV2OMultiplyGH_VV_V2V2_11160318154034397263_contiguous|nvfp4_qmm_t_bfloat16_t_gs_16_b_4_alN_true_batch_0|nvfp4_gather_qmm_rhs_nt_bfloat16_t_gs_16_b_4_bm_16_bn_32_bk_32_wm_1_wn_2_align_M_t_align_N_t_align_K_t
GPUPROF 74341.005257417 74341.005335167 1 23101440 custom_kernel_laguna_prefill_sorted_moe_tail_bf16_v1_bfloat16_t_uint32_t_float_bfloat16_t_bfloat16_t_bfloat16_t
GPUPROF 74341.005335917 74341.019400250 30 636347908 rmsbfloat16|steel_gemm_splitk_nt_bfloat16_float32_bm32_bn32_bk16_wm2_wn2_MN_taligned_K_taligned|steel_gemm_splitk_accum_bfloat16_float32|steel_gemm_splitk_nt_bfloat16_float32_bm32_bn32_bk16_wm2_wn2_MN_taligned_K_taligned|steel_gemm_splitk_accum_bfloat16_float32|steel_gemm_fused_nt_bfloat16_bfloat16_bm64_bn64_bk16_wm2_wn2_has_batch_n_use_out_source_n_do_axpby_n_align_M_t_align_N_t_align_K_t|steel_gemm_splitk_nt_bfloat16_float32_bm32_bn32_bk16_wm2_wn2_MN_taligned_K_taligned|steel_gemm_splitk_accum_bfloat16_float32|custom_kernel_laguna_prefill_sliding_qk_norm_rope_bf16_128_h1_v2_bfloat16_t_bfloat16_t_bfloat16_t_bfloat16_t_float_int32_tc_bfloat16_t_bfloat16_t|steel_attention_bfloat16_bq32_bk16_bd128_wm4_wn1_maskbfloat16_align_Q_t_align_K_t_has_mask_n_do_causal_t_has_sinks_n|Cf4IAsTypeADf4IBroadcastCBEf4IBroadcastBCFf4ILogAddExpDEGV2OAsTypeF_VC_V2_10408321403207385874_contiguous|g2_Multiplybfloat16|steel_gemm_fused_nt_bfloat16_bfloat16_bm64_bn64_bk16_wm2_wn2_has_batch_n_use_out_source_n_do_axpby_n_align_M_t_align_N_t_align_K_t|custom_kernel_laguna_residual_rms_bf16_2048_v1_bfloat16_t_bfloat16_t_bfloat16_t_bfloat16_t_bfloat16_t|steel_gemm_splitk_nt_bfloat16_float32_bm32_bn32_bk16_wm2_wn2_MN_taligned_K_taligned|steel_gemm_splitk_accum_bfloat16_float32|custom_kernel_laguna_prefill_router_tournament_ordinal_norm_v1_bfloat16_t_float_uint32_t_float|custom_kernel_mlx_lm_route_csort_scatter_fused_m8_u32_v4_uint32_t_uint32_t_uint32_t_uint32_t|gather_frontbfloat16_uint32_int_2|arangeuint32|nvfp4_gather_qmm_rhs_nt_bfloat16_t_gs_16_b_4_bm_16_bn_32_bk_32_wm_1_wn_2_align_M_t_align_N_t_align_K_t|nvfp4_qmm_t_splitk_fused_bfloat16_t_gs_16_b_4_alN_true|nvfp4_qmm_t_splitk_fused_bfloat16_t_gs_16_b_4_alN_true|g2_copybfloat16bfloat16|g2_copybfloat16bfloat16|CV2ISigmoidADV2IBroadcastACEV2IBroadcastCAFV2IMultiplyDEGV2IBroadcastFBHV2IBroadcastBFIV2OMultiplyGH_VV_V2V2_11160318154034397263_contiguous|arangeuint32|CV2ISigmoidADV2IBroadcastACEV2IBroadcastCAFV2IMultiplyDEGV2IBroadcastFBHV2IBroadcastBFIV2OMultiplyGH_VV_V2V2_11160318154034397263_contiguous|nvfp4_qmm_t_bfloat16_t_gs_16_b_4_alN_true_batch_0|nvfp4_gather_qmm_rhs_nt_bfloat16_t_gs_16_b_4_bm_16_bn_32_bk_32_wm_1_wn_2_align_M_t_align_N_t_align_K_t
GPUPROF 74341.019400917 74341.019477000 1 23101440 custom_kernel_laguna_prefill_sorted_moe_tail_bf16_v1_bfloat16_t_uint32_t_float_bfloat16_t_bfloat16_t_bfloat16_t
GPUPROF 74341.019477750 74341.033681917 30 636347908 rmsbfloat16|steel_gemm_splitk_nt_bfloat16_float32_bm32_bn32_bk16_wm2_wn2_MN_taligned_K_taligned|steel_gemm_splitk_accum_bfloat16_float32|steel_gemm_splitk_nt_bfloat16_float32_bm32_bn32_bk16_wm2_wn2_MN_taligned_K_taligned|steel_gemm_splitk_accum_bfloat16_float32|steel_gemm_fused_nt_bfloat16_bfloat16_bm64_bn64_bk16_wm2_wn2_has_batch_n_use_out_source_n_do_axpby_n_align_M_t_align_N_t_align_K_t|steel_gemm_splitk_nt_bfloat16_float32_bm32_bn32_bk16_wm2_wn2_MN_taligned_K_taligned|steel_gemm_splitk_accum_bfloat16_float32|custom_kernel_laguna_prefill_sliding_qk_norm_rope_bf16_128_h1_v2_bfloat16_t_bfloat16_t_bfloat16_t_bfloat16_t_float_int32_tc_bfloat16_t_bfloat16_t|steel_attention_bfloat16_bq32_bk16_bd128_wm4_wn1_maskbfloat16_align_Q_t_align_K_t_has_mask_n_do_causal_t_has_sinks_n|Cf4IAsTypeADf4IBroadcastCBEf4IBroadcastBCFf4ILogAddExpDEGV2OAsTypeF_VC_V2_10408321403207385874_contiguous|g2_Multiplybfloat16|steel_gemm_fused_nt_bfloat16_bfloat16_bm64_bn64_bk16_wm2_wn2_has_batch_n_use_out_source_n_do_axpby_n_align_M_t_align_N_t_align_K_t|custom_kernel_laguna_residual_rms_bf16_2048_v1_bfloat16_t_bfloat16_t_bfloat16_t_bfloat16_t_bfloat16_t|steel_gemm_splitk_nt_bfloat16_float32_bm32_bn32_bk16_wm2_wn2_MN_taligned_K_taligned|steel_gemm_splitk_accum_bfloat16_float32|custom_kernel_laguna_prefill_router_tournament_ordinal_norm_v1_bfloat16_t_float_uint32_t_float|custom_kernel_mlx_lm_route_csort_scatter_fused_m8_u32_v4_uint32_t_uint32_t_uint32_t_uint32_t|gather_frontbfloat16_uint32_int_2|arangeuint32|nvfp4_gather_qmm_rhs_nt_bfloat16_t_gs_16_b_4_bm_16_bn_32_bk_32_wm_1_wn_2_align_M_t_align_N_t_align_K_t|nvfp4_qmm_t_splitk_fused_bfloat16_t_gs_16_b_4_alN_true|nvfp4_qmm_t_splitk_fused_bfloat16_t_gs_16_b_4_alN_true|g2_copybfloat16bfloat16|g2_copybfloat16bfloat16|CV2ISigmoidADV2IBroadcastACEV2IBroadcastCAFV2IMultiplyDEGV2IBroadcastFBHV2IBroadcastBFIV2OMultiplyGH_VV_V2V2_11160318154034397263_contiguous|arangeuint32|CV2ISigmoidADV2IBroadcastACEV2IBroadcastCAFV2IMultiplyDEGV2IBroadcastFBHV2IBroadcastBFIV2OMultiplyGH_VV_V2V2_11160318154034397263_contiguous|nvfp4_qmm_t_bfloat16_t_gs_16_b_4_alN_true_batch_0|nvfp4_gather_qmm_rhs_nt_bfloat16_t_gs_16_b_4_bm_16_bn_32_bk_32_wm_1_wn_2_align_M_t_align_N_t_align_K_t
GPUPROF 74341.033682875 74341.033759042 1 23101440 custom_kernel_laguna_prefill_sorted_moe_tail_bf16_v1_bfloat16_t_uint32_t_float_bfloat16_t_bfloat16_t_bfloat16_t
GPUPROF 74341.033759875 74341.046343000 30 612017668 rmsbfloat16|steel_gemm_splitk_nt_bfloat16_float32_bm32_bn32_bk16_wm2_wn2_MN_taligned_K_taligned|steel_gemm_splitk_accum_bfloat16_float32|steel_gemm_splitk_nt_bfloat16_float32_bm32_bn32_bk16_wm2_wn2_MN_taligned_K_taligned|steel_gemm_splitk_accum_bfloat16_float32|steel_gemm_fused_nt_bfloat16_bfloat16_bm64_bn64_bk16_wm2_wn2_has_batch_n_use_out_source_n_do_axpby_n_align_M_t_align_N_t_align_K_t|steel_gemm_splitk_nt_bfloat16_float32_bm32_bn32_bk16_wm2_wn2_MN_naligned_K_taligned|steel_gemm_splitk_accum_bfloat16_float32|custom_kernel_laguna_prefill_full_qk_norm_yarn_bf16_128_h1_v2_bfloat16_t_bfloat16_t_bfloat16_t_bfloat16_t_float_int32_tc_bfloat16_t_bfloat16_t|steel_attention_bfloat16_bq32_bk16_bd128_wm4_wn1_maskbfloat16_align_Q_t_align_K_t_has_mask_n_do_causal_t_has_sinks_n|Cf4IAsTypeADf4IBroadcastCBEf4IBroadcastBCFf4ILogAddExpDEGV2OAsTypeF_VC_V2_10408321403207385874_contiguous|g2_Multiplybfloat16|steel_gemm_fused_nt_bfloat16_bfloat16_bm64_bn64_bk16_wm2_wn2_has_batch_n_use_out_source_n_do_axpby_n_align_M_t_align_N_t_align_K_t|custom_kernel_laguna_residual_rms_bf16_2048_v1_bfloat16_t_bfloat16_t_bfloat16_t_bfloat16_t_bfloat16_t|steel_gemm_splitk_nt_bfloat16_float32_bm32_bn32_bk16_wm2_wn2_MN_taligned_K_taligned|steel_gemm_splitk_accum_bfloat16_float32|custom_kernel_laguna_prefill_router_tournament_ordinal_norm_v1_bfloat16_t_float_uint32_t_float|custom_kernel_mlx_lm_route_csort_scatter_fused_m8_u32_v4_uint32_t_uint32_t_uint32_t_uint32_t|gather_frontbfloat16_uint32_int_2|arangeuint32|nvfp4_gather_qmm_rhs_nt_bfloat16_t_gs_16_b_4_bm_16_bn_32_bk_32_wm_1_wn_2_align_M_t_align_N_t_align_K_t|nvfp4_qmm_t_splitk_fused_bfloat16_t_gs_16_b_4_alN_true|nvfp4_qmm_t_splitk_fused_bfloat16_t_gs_16_b_4_alN_true|g2_copybfloat16bfloat16|g2_copybfloat16bfloat16|CV2ISigmoidADV2IBroadcastACEV2IBroadcastCAFV2IMultiplyDEGV2IBroadcastFBHV2IBroadcastBFIV2OMultiplyGH_VV_V2V2_11160318154034397263_contiguous|arangeuint32|CV2ISigmoidADV2IBroadcastACEV2IBroadcastCAFV2IMultiplyDEGV2IBroadcastFBHV2IBroadcastBFIV2OMultiplyGH_VV_V2V2_11160318154034397263_contiguous|nvfp4_qmm_t_bfloat16_t_gs_16_b_4_alN_true_batch_0|nvfp4_gather_qmm_rhs_nt_bfloat16_t_gs_16_b_4_bm_16_bn_32_bk_32_wm_1_wn_2_align_M_t_align_N_t_align_K_t
GPUPROF 74341.046343750 74341.046420000 1 23101440 custom_kernel_laguna_prefill_sorted_moe_tail_bf16_v1_bfloat16_t_uint32_t_float_bfloat16_t_bfloat16_t_bfloat16_t
GPUPROF 74341.046420750 74341.060509125 30 636347908 rmsbfloat16|steel_gemm_splitk_nt_bfloat16_float32_bm32_bn32_bk16_wm2_wn2_MN_taligned_K_taligned|steel_gemm_splitk_accum_bfloat16_float32|steel_gemm_splitk_nt_bfloat16_float32_bm32_bn32_bk16_wm2_wn2_MN_taligned_K_taligned|steel_gemm_splitk_accum_bfloat16_float32|steel_gemm_fused_nt_bfloat16_bfloat16_bm64_bn64_bk16_wm2_wn2_has_batch_n_use_out_source_n_do_axpby_n_align_M_t_align_N_t_align_K_t|steel_gemm_splitk_nt_bfloat16_float32_bm32_bn32_bk16_wm2_wn2_MN_taligned_K_taligned|steel_gemm_splitk_accum_bfloat16_float32|custom_kernel_laguna_prefill_sliding_qk_norm_rope_bf16_128_h1_v2_bfloat16_t_bfloat16_t_bfloat16_t_bfloat16_t_float_int32_tc_bfloat16_t_bfloat16_t|steel_attention_bfloat16_bq32_bk16_bd128_wm4_wn1_maskbfloat16_align_Q_t_align_K_t_has_mask_n_do_causal_t_has_sinks_n|Cf4IAsTypeADf4IBroadcastCBEf4IBroadcastBCFf4ILogAddExpDEGV2OAsTypeF_VC_V2_10408321403207385874_contiguous|g2_Multiplybfloat16|steel_gemm_fused_nt_bfloat16_bfloat16_bm64_bn64_bk16_wm2_wn2_has_batch_n_use_out_source_n_do_axpby_n_align_M_t_align_N_t_align_K_t|custom_kernel_laguna_residual_rms_bf16_2048_v1_bfloat16_t_bfloat16_t_bfloat16_t_bfloat16_t_bfloat16_t|steel_gemm_splitk_nt_bfloat16_float32_bm32_bn32_bk16_wm2_wn2_MN_taligned_K_taligned|steel_gemm_splitk_accum_bfloat16_float32|custom_kernel_laguna_prefill_router_tournament_ordinal_norm_v1_bfloat16_t_float_uint32_t_float|custom_kernel_mlx_lm_route_csort_scatter_fused_m8_u32_v4_uint32_t_uint32_t_uint32_t_uint32_t|gather_frontbfloat16_uint32_int_2|arangeuint32|nvfp4_gather_qmm_rhs_nt_bfloat16_t_gs_16_b_4_bm_16_bn_32_bk_32_wm_1_wn_2_align_M_t_align_N_t_align_K_t|nvfp4_qmm_t_splitk_fused_bfloat16_t_gs_16_b_4_alN_true|nvfp4_qmm_t_splitk_fused_bfloat16_t_gs_16_b_4_alN_true|g2_copybfloat16bfloat16|g2_copybfloat16bfloat16|CV2ISigmoidADV2IBroadcastACEV2IBroadcastCAFV2IMultiplyDEGV2IBroadcastFBHV2IBroadcastBFIV2OMultiplyGH_VV_V2V2_11160318154034397263_contiguous|arangeuint32|CV2ISigmoidADV2IBroadcastACEV2IBroadcastCAFV2IMultiplyDEGV2IBroadcastFBHV2IBroadcastBFIV2OMultiplyGH_VV_V2V2_11160318154034397263_contiguous|nvfp4_qmm_t_bfloat16_t_gs_16_b_4_alN_true_batch_0|nvfp4_gather_qmm_rhs_nt_bfloat16_t_gs_16_b_4_bm_16_bn_32_bk_32_wm_1_wn_2_align_M_t_align_N_t_align_K_t
GPUPROF 74341.060509875 74341.060586500 1 23101440 custom_kernel_laguna_prefill_sorted_moe_tail_bf16_v1_bfloat16_t_uint32_t_float_bfloat16_t_bfloat16_t_bfloat16_t
GPUPROF 74341.060587375 74341.074299417 30 636347908 rmsbfloat16|steel_gemm_splitk_nt_bfloat16_float32_bm32_bn32_bk16_wm2_wn2_MN_taligned_K_taligned|steel_gemm_splitk_accum_bfloat16_float32|steel_gemm_splitk_nt_bfloat16_float32_bm32_bn32_bk16_wm2_wn2_MN_taligned_K_taligned|steel_gemm_splitk_accum_bfloat16_float32|steel_gemm_fused_nt_bfloat16_bfloat16_bm64_bn64_bk16_wm2_wn2_has_batch_n_use_out_source_n_do_axpby_n_align_M_t_align_N_t_align_K_t|steel_gemm_splitk_nt_bfloat16_float32_bm32_bn32_bk16_wm2_wn2_MN_taligned_K_taligned|steel_gemm_splitk_accum_bfloat16_float32|custom_kernel_laguna_prefill_sliding_qk_norm_rope_bf16_128_h1_v2_bfloat16_t_bfloat16_t_bfloat16_t_bfloat16_t_float_int32_tc_bfloat16_t_bfloat16_t|steel_attention_bfloat16_bq32_bk16_bd128_wm4_wn1_maskbfloat16_align_Q_t_align_K_t_has_mask_n_do_causal_t_has_sinks_n|Cf4IAsTypeADf4IBroadcastCBEf4IBroadcastBCFf4ILogAddExpDEGV2OAsTypeF_VC_V2_10408321403207385874_contiguous|g2_Multiplybfloat16|steel_gemm_fused_nt_bfloat16_bfloat16_bm64_bn64_bk16_wm2_wn2_has_batch_n_use_out_source_n_do_axpby_n_align_M_t_align_N_t_align_K_t|custom_kernel_laguna_residual_rms_bf16_2048_v1_bfloat16_t_bfloat16_t_bfloat16_t_bfloat16_t_bfloat16_t|steel_gemm_splitk_nt_bfloat16_float32_bm32_bn32_bk16_wm2_wn2_MN_taligned_K_taligned|steel_gemm_splitk_accum_bfloat16_float32|custom_kernel_laguna_prefill_router_tournament_ordinal_norm_v1_bfloat16_t_float_uint32_t_float|custom_kernel_mlx_lm_route_csort_scatter_fused_m8_u32_v4_uint32_t_uint32_t_uint32_t_uint32_t|gather_frontbfloat16_uint32_int_2|arangeuint32|nvfp4_gather_qmm_rhs_nt_bfloat16_t_gs_16_b_4_bm_16_bn_32_bk_32_wm_1_wn_2_align_M_t_align_N_t_align_K_t|nvfp4_qmm_t_splitk_fused_bfloat16_t_gs_16_b_4_alN_true|nvfp4_qmm_t_splitk_fused_bfloat16_t_gs_16_b_4_alN_true|g2_copybfloat16bfloat16|g2_copybfloat16bfloat16|CV2ISigmoidADV2IBroadcastACEV2IBroadcastCAFV2IMultiplyDEGV2IBroadcastFBHV2IBroadcastBFIV2OMultiplyGH_VV_V2V2_11160318154034397263_contiguous|arangeuint32|CV2ISigmoidADV2IBroadcastACEV2IBroadcastCAFV2IMultiplyDEGV2IBroadcastFBHV2IBroadcastBFIV2OMultiplyGH_VV_V2V2_11160318154034397263_contiguous|nvfp4_qmm_t_bfloat16_t_gs_16_b_4_alN_true_batch_0|nvfp4_gather_qmm_rhs_nt_bfloat16_t_gs_16_b_4_bm_16_bn_32_bk_32_wm_1_wn_2_align_M_t_align_N_t_align_K_t
GPUPROF 74341.074300250 74341.074380417 1 23101440 custom_kernel_laguna_prefill_sorted_moe_tail_bf16_v1_bfloat16_t_uint32_t_float_bfloat16_t_bfloat16_t_bfloat16_t
GPUPROF 74341.074381250 74341.075891875 19 650351176 rmsbfloat16|steel_gemm_fused_nt_bfloat16_bfloat16_bm64_bn64_bk16_wm2_wn2_has_batch_n_use_out_source_n_do_axpby_n_align_M_t_align_N_t_align_K_t|gemv_al_bfloat16_bm8_bn1_sm1_sn32_tm4_tn4_nc0_axpby0|g2_copybfloat16bfloat16|rmsbfloat16|rmsbfloat16|rope_bfloat16_|rope_single_bfloat16_|Cf4IAsTypeADf4IBroadcastCBEf4IBroadcastBCFf4ILogAddExpDEGV2OAsTypeF_VC_V2_10408321403207385874_contiguous|sdpa_vector_bfloat16_t_128_128_nomask_qnt_nc_nosinks|g2_Multiplybfloat16|gemv_al_bfloat16_bm4_bn1_sm1_sn32_tm4_tn4_nc0_axpby0|custom_kernel_laguna_residual_rms_router_bf16_2048_rpg8_keys_v1_bfloat16_t_bfloat16_t_bfloat16_t_bfloat16_t_float_bfloat16_t_bfloat16_t_bfloat16_t_uint32_t|custom_kernel_laguna_shared_nvfp4_swiglu_qmv_rows1_bf16_v1_bfloat16_t_uint32_t_uint8_t_bfloat16_t|custom_kernel_laguna_decode_router_top8_ordinal_table_norm_v1_bfloat16_t_float_uint32_t_float|custom_kernel_laguna_routed_nvfp4_swiglu_qmv_packed_top8keys_r1_bf16_v2_bfloat16_t_uint32_t_uint8_t_uint32_t_bfloat16_t|custom_kernel_laguna_routed_shared_nvfp4_down_residual_bf16_r1_v5_bfloat16_t_uint32_t_uint8_t_uint32_t_float_bfloat16_t_uint32_t_uint8_t_bfloat16_t_bfloat16_t|rmsbfloat16|custom_kernel_laguna_lmhead_int5_inline_coarse_ratio_bound_delta_bf16_v6_bfloat16_t_uint8_t_uint8_t_uint8_t_float_bfloat16_t
GPUPROF 74341.075892625 74341.075980000 3 411849732 custom_kernel_laguna_lmhead_coarse_argmax_stage1_v5_float_float_uint32_t|custom_kernel_laguna_lmhead_exact_winner_bf16_midpoint_threshold_v1_float_uint32_t_bfloat16_t_bfloat16_t_float|custom_kernel_laguna_lmhead_exact_inline_mask_block_delta_bf16_lane0_mask_v1_float_bfloat16_t_floatc_bfloat16_t_bfloat16_t_bfloat16_t
GPUPROF 74341.076180750 74341.076193750 2 401416 gather_frontbfloat16_int32_int_2|argmax_bfloat16
GPUPROF 74341.080075667 74341.080446000 4 424679424 gather_frontbfloat16_int32_int_2|rmsbfloat16|steel_gemm_splitk_nt_bfloat16_float32_bm32_bn32_bk16_wm2_wn2_MN_taligned_K_taligned|steel_gemm_splitk_accum_bfloat16_float32
GPUPROF 74341.080704000 74341.092666667 16 212455940 steel_gemm_splitk_nt_bfloat16_float32_bm32_bn32_bk16_wm2_wn2_MN_taligned_K_taligned|steel_gemm_splitk_accum_bfloat16_float32|steel_gemm_fused_nt_bfloat16_bfloat16_bm64_bn64_bk16_wm2_wn2_has_batch_n_use_out_source_n_do_axpby_n_align_M_t_align_N_t_align_K_t|steel_gemm_splitk_nt_bfloat16_float32_bm32_bn32_bk16_wm2_wn2_MN_naligned_K_taligned|steel_gemm_splitk_accum_bfloat16_float32|custom_kernel_laguna_prefill_full_qk_norm_yarn_bf16_128_h1_v2_bfloat16_t_bfloat16_t_bfloat16_t_bfloat16_t_float_int32_tc_bfloat16_t_bfloat16_t|steel_attention_bfloat16_bq32_bk16_bd128_wm4_wn1_maskbfloat16_align_Q_t_align_K_t_has_mask_n_do_causal_t_has_sinks_n|Cf4IAsTypeADf4IBroadcastCBEf4IBroadcastBCFf4ILogAddExpDEGV2OAsTypeF_VC_V2_10408321403207385874_contiguous|g2_Multiplybfloat16|steel_gemm_fused_nt_bfloat16_bfloat16_bm64_bn64_bk16_wm2_wn2_has_batch_n_use_out_source_n_do_axpby_n_align_M_t_align_N_t_align_K_t|custom_kernel_laguna_residual_rms_bf16_2048_v1_bfloat16_t_bfloat16_t_bfloat16_t_bfloat16_t_bfloat16_t|steel_gemm_fused_nt_bfloat16_bfloat16_bm64_bn64_bk16_wm2_wn2_has_batch_n_use_out_source_n_do_axpby_n_align_M_t_align_N_t_align_K_t|steel_gemm_fused_nt_bfloat16_bfloat16_bm64_bn64_bk16_wm2_wn2_has_batch_n_use_out_source_n_do_axpby_n_align_M_t_align_N_t_align_K_t|CV2ISigmoidADV2IBroadcastACEV2IBroadcastCAFV2IMultiplyDEGV2IBroadcastFBHV2IBroadcastBFIV2OMultiplyGH_VV_V2V2_11160318154034397263_contiguous|steel_gemm_fused_nt_bfloat16_bfloat16_bm64_bn64_bk16_wm2_wn2_has_batch_n_use_out_source_n_do_axpby_n_align_M_t_align_N_t_align_K_t|vvn_Addbfloat16
GPUPROF 74341.092667750 74341.107338125 30 636347908 rmsbfloat16|steel_gemm_splitk_nt_bfloat16_float32_bm32_bn32_bk16_wm2_wn2_MN_taligned_K_taligned|steel_gemm_splitk_accum_bfloat16_float32|steel_gemm_splitk_nt_bfloat16_float32_bm32_bn32_bk16_wm2_wn2_MN_taligned_K_taligned|steel_gemm_splitk_accum_bfloat16_float32|steel_gemm_fused_nt_bfloat16_bfloat16_bm64_bn64_bk16_wm2_wn2_has_batch_n_use_out_source_n_do_axpby_n_align_M_t_align_N_t_align_K_t|steel_gemm_splitk_nt_bfloat16_float32_bm32_bn32_bk16_wm2_wn2_MN_taligned_K_taligned|steel_gemm_splitk_accum_bfloat16_float32|custom_kernel_laguna_prefill_sliding_qk_norm_rope_bf16_128_h1_v2_bfloat16_t_bfloat16_t_bfloat16_t_bfloat16_t_float_int32_tc_bfloat16_t_bfloat16_t|steel_attention_bfloat16_bq32_bk16_bd128_wm4_wn1_maskbfloat16_align_Q_t_align_K_t_has_mask_n_do_causal_t_has_sinks_n|Cf4IAsTypeADf4IBroadcastCBEf4IBroadcastBCFf4ILogAddExpDEGV2OAsTypeF_VC_V2_10408321403207385874_contiguous|g2_Multiplybfloat16|steel_gemm_fused_nt_bfloat16_bfloat16_bm64_bn64_bk16_wm2_wn2_has_batch_n_use_out_source_n_do_axpby_n_align_M_t_align_N_t_align_K_t|custom_kernel_laguna_residual_rms_bf16_2048_v1_bfloat16_t_bfloat16_t_bfloat16_t_bfloat16_t_bfloat16_t|steel_gemm_splitk_nt_bfloat16_float32_bm32_bn32_bk16_wm2_wn2_MN_taligned_K_taligned|steel_gemm_splitk_accum_bfloat16_float32|custom_kernel_laguna_prefill_router_tournament_ordinal_norm_v1_bfloat16_t_float_uint32_t_float|custom_kernel_mlx_lm_route_csort_scatter_fused_m8_u32_v4_uint32_t_uint32_t_uint32_t_uint32_t|gather_frontbfloat16_uint32_int_2|arangeuint32|nvfp4_gather_qmm_rhs_nt_bfloat16_t_gs_16_b_4_bm_16_bn_32_bk_32_wm_1_wn_2_align_M_t_align_N_t_align_K_t|nvfp4_qmm_t_splitk_fused_bfloat16_t_gs_16_b_4_alN_true|nvfp4_qmm_t_splitk_fused_bfloat16_t_gs_16_b_4_alN_true|g2_copybfloat16bfloat16|g2_copybfloat16bfloat16|CV2ISigmoidADV2IBroadcastACEV2IBroadcastCAFV2IMultiplyDEGV2IBroadcastFBHV2IBroadcastBFIV2OMultiplyGH_VV_V2V2_11160318154034397263_contiguous|arangeuint32|CV2ISigmoidADV2IBroadcastACEV2IBroadcastCAFV2IMultiplyDEGV2IBroadcastFBHV2IBroadcastBFIV2OMultiplyGH_VV_V2V2_11160318154034397263_contiguous|nvfp4_qmm_t_bfloat16_t_gs_16_b_4_alN_true_batch_0|nvfp4_gather_qmm_rhs_nt_bfloat16_t_gs_16_b_4_bm_16_bn_32_bk_32_wm_1_wn_2_align_M_t_align_N_t_align_K_t
GPUPROF 74341.107339000 74341.107415500 1 23101440 custom_kernel_laguna_prefill_sorted_moe_tail_bf16_v1_bfloat16_t_uint32_t_float_bfloat16_t_bfloat16_t_bfloat16_t
GPUPROF 74341.107416792 74341.122202000 30 636347908 rmsbfloat16|steel_gemm_splitk_nt_bfloat16_float32_bm32_bn32_bk16_wm2_wn2_MN_taligned_K_taligned|steel_gemm_splitk_accum_bfloat16_float32|steel_gemm_splitk_nt_bfloat16_float32_bm32_bn32_bk16_wm2_wn2_MN_taligned_K_taligned|steel_gemm_splitk_accum_bfloat16_float32|steel_gemm_fused_nt_bfloat16_bfloat16_bm64_bn64_bk16_wm2_wn2_has_batch_n_use_out_source_n_do_axpby_n_align_M_t_align_N_t_align_K_t|steel_gemm_splitk_nt_bfloat16_float32_bm32_bn32_bk16_wm2_wn2_MN_taligned_K_taligned|steel_gemm_splitk_accum_bfloat16_float32|custom_kernel_laguna_prefill_sliding_qk_norm_rope_bf16_128_h1_v2_bfloat16_t_bfloat16_t_bfloat16_t_bfloat16_t_float_int32_tc_bfloat16_t_bfloat16_t|steel_attention_bfloat16_bq32_bk16_bd128_wm4_wn1_maskbfloat16_align_Q_t_align_K_t_has_mask_n_do_causal_t_has_sinks_n|Cf4IAsTypeADf4IBroadcastCBEf4IBroadcastBCFf4ILogAddExpDEGV2OAsTypeF_VC_V2_10408321403207385874_contiguous|g2_Multiplybfloat16|steel_gemm_fused_nt_bfloat16_bfloat16_bm64_bn64_bk16_wm2_wn2_has_batch_n_use_out_source_n_do_axpby_n_align_M_t_align_N_t_align_K_t|custom_kernel_laguna_residual_rms_bf16_2048_v1_bfloat16_t_bfloat16_t_bfloat16_t_bfloat16_t_bfloat16_t|steel_gemm_splitk_nt_bfloat16_float32_bm32_bn32_bk16_wm2_wn2_MN_taligned_K_taligned|steel_gemm_splitk_accum_bfloat16_float32|custom_kernel_laguna_prefill_router_tournament_ordinal_norm_v1_bfloat16_t_float_uint32_t_float|custom_kernel_mlx_lm_route_csort_scatter_fused_m8_u32_v4_uint32_t_uint32_t_uint32_t_uint32_t|gather_frontbfloat16_uint32_int_2|arangeuint32|nvfp4_gather_qmm_rhs_nt_bfloat16_t_gs_16_b_4_bm_16_bn_32_bk_32_wm_1_wn_2_align_M_t_align_N_t_align_K_t|nvfp4_qmm_t_splitk_fused_bfloat16_t_gs_16_b_4_alN_true|nvfp4_qmm_t_splitk_fused_bfloat16_t_gs_16_b_4_alN_true|g2_copybfloat16bfloat16|g2_copybfloat16bfloat16|CV2ISigmoidADV2IBroadcastACEV2IBroadcastCAFV2IMultiplyDEGV2IBroadcastFBHV2IBroadcastBFIV2OMultiplyGH_VV_V2V2_11160318154034397263_contiguous|arangeuint32|CV2ISigmoidADV2IBroadcastACEV2IBroadcastCAFV2IMultiplyDEGV2IBroadcastFBHV2IBroadcastBFIV2OMultiplyGH_VV_V2V2_11160318154034397263_contiguous|nvfp4_qmm_t_bfloat16_t_gs_16_b_4_alN_true_batch_0|nvfp4_gather_qmm_rhs_nt_bfloat16_t_gs_16_b_4_bm_16_bn_32_bk_32_wm_1_wn_2_align_M_t_align_N_t_align_K_t
GPUPROF 74341.122203125 74341.122279750 1 23101440 custom_kernel_laguna_prefill_sorted_moe_tail_bf16_v1_bfloat16_t_uint32_t_float_bfloat16_t_bfloat16_t_bfloat16_t
GPUPROF 74341.122280750 74341.136880125 30 636347908 rmsbfloat16|steel_gemm_splitk_nt_bfloat16_float32_bm32_bn32_bk16_wm2_wn2_MN_taligned_K_taligned|steel_gemm_splitk_accum_bfloat16_float32|steel_gemm_splitk_nt_bfloat16_float32_bm32_bn32_bk16_wm2_wn2_MN_taligned_K_taligned|steel_gemm_splitk_accum_bfloat16_float32|steel_gemm_fused_nt_bfloat16_bfloat16_bm64_bn64_bk16_wm2_wn2_has_batch_n_use_out_source_n_do_axpby_n_align_M_t_align_N_t_align_K_t|steel_gemm_splitk_nt_bfloat16_float32_bm32_bn32_bk16_wm2_wn2_MN_taligned_K_taligned|steel_gemm_splitk_accum_bfloat16_float32|custom_kernel_laguna_prefill_sliding_qk_norm_rope_bf16_128_h1_v2_bfloat16_t_bfloat16_t_bfloat16_t_bfloat16_t_float_int32_tc_bfloat16_t_bfloat16_t|steel_attention_bfloat16_bq32_bk16_bd128_wm4_wn1_maskbfloat16_align_Q_t_align_K_t_has_mask_n_do_causal_t_has_sinks_n|Cf4IAsTypeADf4IBroadcastCBEf4IBroadcastBCFf4ILogAddExpDEGV2OAsTypeF_VC_V2_10408321403207385874_contiguous|g2_Multiplybfloat16|steel_gemm_fused_nt_bfloat16_bfloat16_bm64_bn64_bk16_wm2_wn2_has_batch_n_use_out_source_n_do_axpby_n_align_M_t_align_N_t_align_K_t|custom_kernel_laguna_residual_rms_bf16_2048_v1_bfloat16_t_bfloat16_t_bfloat16_t_bfloat16_t_bfloat16_t|steel_gemm_splitk_nt_bfloat16_float32_bm32_bn32_bk16_wm2_wn2_MN_taligned_K_taligned|steel_gemm_splitk_accum_bfloat16_float32|custom_kernel_laguna_prefill_router_tournament_ordinal_norm_v1_bfloat16_t_float_uint32_t_float|custom_kernel_mlx_lm_route_csort_scatter_fused_m8_u32_v4_uint32_t_uint32_t_uint32_t_uint32_t|gather_frontbfloat16_uint32_int_2|arangeuint32|nvfp4_gather_qmm_rhs_nt_bfloat16_t_gs_16_b_4_bm_16_bn_32_bk_32_wm_1_wn_2_align_M_t_align_N_t_align_K_t|nvfp4_qmm_t_splitk_fused_bfloat16_t_gs_16_b_4_alN_true|nvfp4_qmm_t_splitk_fused_bfloat16_t_gs_16_b_4_alN_true|g2_copybfloat16bfloat16|g2_copybfloat16bfloat16|CV2ISigmoidADV2IBroadcastACEV2IBroadcastCAFV2IMultiplyDEGV2IBroadcastFBHV2IBroadcastBFIV2OMultiplyGH_VV_V2V2_11160318154034397263_contiguous|arangeuint32|CV2ISigmoidADV2IBroadcastACEV2IBroadcastCAFV2IMultiplyDEGV2IBroadcastFBHV2IBroadcastBFIV2OMultiplyGH_VV_V2V2_11160318154034397263_contiguous|nvfp4_qmm_t_bfloat16_t_gs_16_b_4_alN_true_batch_0|nvfp4_gather_qmm_rhs_nt_bfloat16_t_gs_16_b_4_bm_16_bn_32_bk_32_wm_1_wn_2_align_M_t_align_N_t_align_K_t
GPUPROF 74341.136881000 74341.136957875 1 23101440 custom_kernel_laguna_prefill_sorted_moe_tail_bf16_v1_bfloat16_t_uint32_t_float_bfloat16_t_bfloat16_t_bfloat16_t
GPUPROF 74341.136958625 74341.149912875 30 612017668 rmsbfloat16|steel_gemm_splitk_nt_bfloat16_float32_bm32_bn32_bk16_wm2_wn2_MN_taligned_K_taligned|steel_gemm_splitk_accum_bfloat16_float32|steel_gemm_splitk_nt_bfloat16_float32_bm32_bn32_bk16_wm2_wn2_MN_taligned_K_taligned|steel_gemm_splitk_accum_bfloat16_float32|steel_gemm_fused_nt_bfloat16_bfloat16_bm64_bn64_bk16_wm2_wn2_has_batch_n_use_out_source_n_do_axpby_n_align_M_t_align_N_t_align_K_t|steel_gemm_splitk_nt_bfloat16_float32_bm32_bn32_bk16_wm2_wn2_MN_naligned_K_taligned|steel_gemm_splitk_accum_bfloat16_float32|custom_kernel_laguna_prefill_full_qk_norm_yarn_bf16_128_h1_v2_bfloat16_t_bfloat16_t_bfloat16_t_bfloat16_t_float_int32_tc_bfloat16_t_bfloat16_t|steel_attention_bfloat16_bq32_bk16_bd128_wm4_wn1_maskbfloat16_align_Q_t_align_K_t_has_mask_n_do_causal_t_has_sinks_n|Cf4IAsTypeADf4IBroadcastCBEf4IBroadcastBCFf4ILogAddExpDEGV2OAsTypeF_VC_V2_10408321403207385874_contiguous|g2_Multiplybfloat16|steel_gemm_fused_nt_bfloat16_bfloat16_bm64_bn64_bk16_wm2_wn2_has_batch_n_use_out_source_n_do_axpby_n_align_M_t_align_N_t_align_K_t|custom_kernel_laguna_residual_rms_bf16_2048_v1_bfloat16_t_bfloat16_t_bfloat16_t_bfloat16_t_bfloat16_t|steel_gemm_splitk_nt_bfloat16_float32_bm32_bn32_bk16_wm2_wn2_MN_taligned_K_taligned|steel_gemm_splitk_accum_bfloat16_float32|custom_kernel_laguna_prefill_router_tournament_ordinal_norm_v1_bfloat16_t_float_uint32_t_float|custom_kernel_mlx_lm_route_csort_scatter_fused_m8_u32_v4_uint32_t_uint32_t_uint32_t_uint32_t|gather_frontbfloat16_uint32_int_2|arangeuint32|nvfp4_gather_qmm_rhs_nt_bfloat16_t_gs_16_b_4_bm_16_bn_32_bk_32_wm_1_wn_2_align_M_t_align_N_t_align_K_t|nvfp4_qmm_t_splitk_fused_bfloat16_t_gs_16_b_4_alN_true|nvfp4_qmm_t_splitk_fused_bfloat16_t_gs_16_b_4_alN_true|g2_copybfloat16bfloat16|g2_copybfloat16bfloat16|CV2ISigmoidADV2IBroadcastACEV2IBroadcastCAFV2IMultiplyDEGV2IBroadcastFBHV2IBroadcastBFIV2OMultiplyGH_VV_V2V2_11160318154034397263_contiguous|arangeuint32|CV2ISigmoidADV2IBroadcastACEV2IBroadcastCAFV2IMultiplyDEGV2IBroadcastFBHV2IBroadcastBFIV2OMultiplyGH_VV_V2V2_11160318154034397263_contiguous|nvfp4_qmm_t_bfloat16_t_gs_16_b_4_alN_true_batch_0|nvfp4_gather_qmm_rhs_nt_bfloat16_t_gs_16_b_4_bm_16_bn_32_bk_32_wm_1_wn_2_align_M_t_align_N_t_align_K_t
GPUPROF 74341.149913875 74341.149990875 1 23101440 custom_kernel_laguna_prefill_sorted_moe_tail_bf16_v1_bfloat16_t_uint32_t_float_bfloat16_t_bfloat16_t_bfloat16_t
GPUPROF 74341.149991625 74341.164429750 30 636347908 rmsbfloat16|steel_gemm_splitk_nt_bfloat16_float32_bm32_bn32_bk16_wm2_wn2_MN_taligned_K_taligned|steel_gemm_splitk_accum_bfloat16_float32|steel_gemm_splitk_nt_bfloat16_float32_bm32_bn32_bk16_wm2_wn2_MN_taligned_K_taligned|steel_gemm_splitk_accum_bfloat16_float32|steel_gemm_fused_nt_bfloat16_bfloat16_bm64_bn64_bk16_wm2_wn2_has_batch_n_use_out_source_n_do_axpby_n_align_M_t_align_N_t_align_K_t|steel_gemm_splitk_nt_bfloat16_float32_bm32_bn32_bk16_wm2_wn2_MN_taligned_K_taligned|steel_gemm_splitk_accum_bfloat16_float32|custom_kernel_laguna_prefill_sliding_qk_norm_rope_bf16_128_h1_v2_bfloat16_t_bfloat16_t_bfloat16_t_bfloat16_t_float_int32_tc_bfloat16_t_bfloat16_t|steel_attention_bfloat16_bq32_bk16_bd128_wm4_wn1_maskbfloat16_align_Q_t_align_K_t_has_mask_n_do_causal_t_has_sinks_n|Cf4IAsTypeADf4IBroadcastCBEf4IBroadcastBCFf4ILogAddExpDEGV2OAsTypeF_VC_V2_10408321403207385874_contiguous|g2_Multiplybfloat16|steel_gemm_fused_nt_bfloat16_bfloat16_bm64_bn64_bk16_wm2_wn2_has_batch_n_use_out_source_n_do_axpby_n_align_M_t_align_N_t_align_K_t|custom_kernel_laguna_residual_rms_bf16_2048_v1_bfloat16_t_bfloat16_t_bfloat16_t_bfloat16_t_bfloat16_t|steel_gemm_splitk_nt_bfloat16_float32_bm32_bn32_bk16_wm2_wn2_MN_taligned_K_taligned|steel_gemm_splitk_accum_bfloat16_float32|custom_kernel_laguna_prefill_router_tournament_ordinal_norm_v1_bfloat16_t_float_uint32_t_float|custom_kernel_mlx_lm_route_csort_scatter_fused_m8_u32_v4_uint32_t_uint32_t_uint32_t_uint32_t|gather_frontbfloat16_uint32_int_2|arangeuint32|nvfp4_gather_qmm_rhs_nt_bfloat16_t_gs_16_b_4_bm_16_bn_32_bk_32_wm_1_wn_2_align_M_t_align_N_t_align_K_t|nvfp4_qmm_t_splitk_fused_bfloat16_t_gs_16_b_4_alN_true|nvfp4_qmm_t_splitk_fused_bfloat16_t_gs_16_b_4_alN_true|g2_copybfloat16bfloat16|g2_copybfloat16bfloat16|CV2ISigmoidADV2IBroadcastACEV2IBroadcastCAFV2IMultiplyDEGV2IBroadcastFBHV2IBroadcastBFIV2OMultiplyGH_VV_V2V2_11160318154034397263_contiguous|arangeuint32|CV2ISigmoidADV2IBroadcastACEV2IBroadcastCAFV2IMultiplyDEGV2IBroadcastFBHV2IBroadcastBFIV2OMultiplyGH_VV_V2V2_11160318154034397263_contiguous|nvfp4_qmm_t_bfloat16_t_gs_16_b_4_alN_true_batch_0|nvfp4_gather_qmm_rhs_nt_bfloat16_t_gs_16_b_4_bm_16_bn_32_bk_32_wm_1_wn_2_align_M_t_align_N_t_align_K_t
GPUPROF 74341.164430875 74341.164508292 1 23101440 custom_kernel_laguna_prefill_sorted_moe_tail_bf16_v1_bfloat16_t_uint32_t_float_bfloat16_t_bfloat16_t_bfloat16_t
GPUPROF 74341.164509167 74341.178900375 30 636347908 rmsbfloat16|steel_gemm_splitk_nt_bfloat16_float32_bm32_bn32_bk16_wm2_wn2_MN_taligned_K_taligned|steel_gemm_splitk_accum_bfloat16_float32|steel_gemm_splitk_nt_bfloat16_float32_bm32_bn32_bk16_wm2_wn2_MN_taligned_K_taligned|steel_gemm_splitk_accum_bfloat16_float32|steel_gemm_fused_nt_bfloat16_bfloat16_bm64_bn64_bk16_wm2_wn2_has_batch_n_use_out_source_n_do_axpby_n_align_M_t_align_N_t_align_K_t|steel_gemm_splitk_nt_bfloat16_float32_bm32_bn32_bk16_wm2_wn2_MN_taligned_K_taligned|steel_gemm_splitk_accum_bfloat16_float32|custom_kernel_laguna_prefill_sliding_qk_norm_rope_bf16_128_h1_v2_bfloat16_t_bfloat16_t_bfloat16_t_bfloat16_t_float_int32_tc_bfloat16_t_bfloat16_t|steel_attention_bfloat16_bq32_bk16_bd128_wm4_wn1_maskbfloat16_align_Q_t_align_K_t_has_mask_n_do_causal_t_has_sinks_n|Cf4IAsTypeADf4IBroadcastCBEf4IBroadcastBCFf4ILogAddExpDEGV2OAsTypeF_VC_V2_10408321403207385874_contiguous|g2_Multiplybfloat16|steel_gemm_fused_nt_bfloat16_bfloat16_bm64_bn64_bk16_wm2_wn2_has_batch_n_use_out_source_n_do_axpby_n_align_M_t_align_N_t_align_K_t|custom_kernel_laguna_residual_rms_bf16_2048_v1_bfloat16_t_bfloat16_t_bfloat16_t_bfloat16_t_bfloat16_t|steel_gemm_splitk_nt_bfloat16_float32_bm32_bn32_bk16_wm2_wn2_MN_taligned_K_taligned|steel_gemm_splitk_accum_bfloat16_float32|custom_kernel_laguna_prefill_router_tournament_ordinal_norm_v1_bfloat16_t_float_uint32_t_float|custom_kernel_mlx_lm_route_csort_scatter_fused_m8_u32_v4_uint32_t_uint32_t_uint32_t_uint32_t|gather_frontbfloat16_uint32_int_2|arangeuint32|nvfp4_gather_qmm_rhs_nt_bfloat16_t_gs_16_b_4_bm_16_bn_32_bk_32_wm_1_wn_2_align_M_t_align_N_t_align_K_t|nvfp4_qmm_t_splitk_fused_bfloat16_t_gs_16_b_4_alN_true|nvfp4_qmm_t_splitk_fused_bfloat16_t_gs_16_b_4_alN_true|g2_copybfloat16bfloat16|g2_copybfloat16bfloat16|CV2ISigmoidADV2IBroadcastACEV2IBroadcastCAFV2IMultiplyDEGV2IBroadcastFBHV2IBroadcastBFIV2OMultiplyGH_VV_V2V2_11160318154034397263_contiguous|arangeuint32|CV2ISigmoidADV2IBroadcastACEV2IBroadcastCAFV2IMultiplyDEGV2IBroadcastFBHV2IBroadcastBFIV2OMultiplyGH_VV_V2V2_11160318154034397263_contiguous|nvfp4_qmm_t_bfloat16_t_gs_16_b_4_alN_true_batch_0|nvfp4_gather_qmm_rhs_nt_bfloat16_t_gs_16_b_4_bm_16_bn_32_bk_32_wm_1_wn_2_align_M_t_align_N_t_align_K_t
GPUPROF 74341.178901167 74341.178979042 1 23101440 custom_kernel_laguna_prefill_sorted_moe_tail_bf16_v1_bfloat16_t_uint32_t_float_bfloat16_t_bfloat16_t_bfloat16_t
GPUPROF 74341.178979875 74341.193364250 30 636347908 rmsbfloat16|steel_gemm_splitk_nt_bfloat16_float32_bm32_bn32_bk16_wm2_wn2_MN_taligned_K_taligned|steel_gemm_splitk_accum_bfloat16_float32|steel_gemm_splitk_nt_bfloat16_float32_bm32_bn32_bk16_wm2_wn2_MN_taligned_K_taligned|steel_gemm_splitk_accum_bfloat16_float32|steel_gemm_fused_nt_bfloat16_bfloat16_bm64_bn64_bk16_wm2_wn2_has_batch_n_use_out_source_n_do_axpby_n_align_M_t_align_N_t_align_K_t|steel_gemm_splitk_nt_bfloat16_float32_bm32_bn32_bk16_wm2_wn2_MN_taligned_K_taligned|steel_gemm_splitk_accum_bfloat16_float32|custom_kernel_laguna_prefill_sliding_qk_norm_rope_bf16_128_h1_v2_bfloat16_t_bfloat16_t_bfloat16_t_bfloat16_t_float_int32_tc_bfloat16_t_bfloat16_t|steel_attention_bfloat16_bq32_bk16_bd128_wm4_wn1_maskbfloat16_align_Q_t_align_K_t_has_mask_n_do_causal_t_has_sinks_n|Cf4IAsTypeADf4IBroadcastCBEf4IBroadcastBCFf4ILogAddExpDEGV2OAsTypeF_VC_V2_10408321403207385874_contiguous|g2_Multiplybfloat16|steel_gemm_fused_nt_bfloat16_bfloat16_bm64_bn64_bk16_wm2_wn2_has_batch_n_use_out_source_n_do_axpby_n_align_M_t_align_N_t_align_K_t|custom_kernel_laguna_residual_rms_bf16_2048_v1_bfloat16_t_bfloat16_t_bfloat16_t_bfloat16_t_bfloat16_t|steel_gemm_splitk_nt_bfloat16_float32_bm32_bn32_bk16_wm2_wn2_MN_taligned_K_taligned|steel_gemm_splitk_accum_bfloat16_float32|custom_kernel_laguna_prefill_router_tournament_ordinal_norm_v1_bfloat16_t_float_uint32_t_float|custom_kernel_mlx_lm_route_csort_scatter_fused_m8_u32_v4_uint32_t_uint32_t_uint32_t_uint32_t|gather_frontbfloat16_uint32_int_2|arangeuint32|nvfp4_gather_qmm_rhs_nt_bfloat16_t_gs_16_b_4_bm_16_bn_32_bk_32_wm_1_wn_2_align_M_t_align_N_t_align_K_t|nvfp4_qmm_t_splitk_fused_bfloat16_t_gs_16_b_4_alN_true|nvfp4_qmm_t_splitk_fused_bfloat16_t_gs_16_b_4_alN_true|g2_copybfloat16bfloat16|g2_copybfloat16bfloat16|CV2ISigmoidADV2IBroadcastACEV2IBroadcastCAFV2IMultiplyDEGV2IBroadcastFBHV2IBroadcastBFIV2OMultiplyGH_VV_V2V2_11160318154034397263_contiguous|arangeuint32|CV2ISigmoidADV2IBroadcastACEV2IBroadcastCAFV2IMultiplyDEGV2IBroadcastFBHV2IBroadcastBFIV2OMultiplyGH_VV_V2V2_11160318154034397263_contiguous|nvfp4_qmm_t_bfloat16_t_gs_16_b_4_alN_true_batch_0|nvfp4_gather_qmm_rhs_nt_bfloat16_t_gs_16_b_4_bm_16_bn_32_bk_32_wm_1_wn_2_align_M_t_align_N_t_align_K_t
GPUPROF 74341.193365250 74341.193443042 1 23101440 custom_kernel_laguna_prefill_sorted_moe_tail_bf16_v1_bfloat16_t_uint32_t_float_bfloat16_t_bfloat16_t_bfloat16_t
GPUPROF 74341.193444125 74341.206510375 30 612017668 rmsbfloat16|steel_gemm_splitk_nt_bfloat16_float32_bm32_bn32_bk16_wm2_wn2_MN_taligned_K_taligned|steel_gemm_splitk_accum_bfloat16_float32|steel_gemm_splitk_nt_bfloat16_float32_bm32_bn32_bk16_wm2_wn2_MN_taligned_K_taligned|steel_gemm_splitk_accum_bfloat16_float32|steel_gemm_fused_nt_bfloat16_bfloat16_bm64_bn64_bk16_wm2_wn2_has_batch_n_use_out_source_n_do_axpby_n_align_M_t_align_N_t_align_K_t|steel_gemm_splitk_nt_bfloat16_float32_bm32_bn32_bk16_wm2_wn2_MN_naligned_K_taligned|steel_gemm_splitk_accum_bfloat16_float32|custom_kernel_laguna_prefill_full_qk_norm_yarn_bf16_128_h1_v2_bfloat16_t_bfloat16_t_bfloat16_t_bfloat16_t_float_int32_tc_bfloat16_t_bfloat16_t|steel_attention_bfloat16_bq32_bk16_bd128_wm4_wn1_maskbfloat16_align_Q_t_align_K_t_has_mask_n_do_causal_t_has_sinks_n|Cf4IAsTypeADf4IBroadcastCBEf4IBroadcastBCFf4ILogAddExpDEGV2OAsTypeF_VC_V2_10408321403207385874_contiguous|g2_Multiplybfloat16|steel_gemm_fused_nt_bfloat16_bfloat16_bm64_bn64_bk16_wm2_wn2_has_batch_n_use_out_source_n_do_axpby_n_align_M_t_align_N_t_align_K_t|custom_kernel_laguna_residual_rms_bf16_2048_v1_bfloat16_t_bfloat16_t_bfloat16_t_bfloat16_t_bfloat16_t|steel_gemm_splitk_nt_bfloat16_float32_bm32_bn32_bk16_wm2_wn2_MN_taligned_K_taligned|steel_gemm_splitk_accum_bfloat16_float32|custom_kernel_laguna_prefill_router_tournament_ordinal_norm_v1_bfloat16_t_float_uint32_t_float|custom_kernel_mlx_lm_route_csort_scatter_fused_m8_u32_v4_uint32_t_uint32_t_uint32_t_uint32_t|gather_frontbfloat16_uint32_int_2|arangeuint32|nvfp4_gather_qmm_rhs_nt_bfloat16_t_gs_16_b_4_bm_16_bn_32_bk_32_wm_1_wn_2_align_M_t_align_N_t_align_K_t|nvfp4_qmm_t_splitk_fused_bfloat16_t_gs_16_b_4_alN_true|nvfp4_qmm_t_splitk_fused_bfloat16_t_gs_16_b_4_alN_true|g2_copybfloat16bfloat16|g2_copybfloat16bfloat16|CV2ISigmoidADV2IBroadcastACEV2IBroadcastCAFV2IMultiplyDEGV2IBroadcastFBHV2IBroadcastBFIV2OMultiplyGH_VV_V2V2_11160318154034397263_contiguous|arangeuint32|CV2ISigmoidADV2IBroadcastACEV2IBroadcastCAFV2IMultiplyDEGV2IBroadcastFBHV2IBroadcastBFIV2OMultiplyGH_VV_V2V2_11160318154034397263_contiguous|nvfp4_qmm_t_bfloat16_t_gs_16_b_4_alN_true_batch_0|nvfp4_gather_qmm_rhs_nt_bfloat16_t_gs_16_b_4_bm_16_bn_32_bk_32_wm_1_wn_2_align_M_t_align_N_t_align_K_t
GPUPROF 74341.206511292 74341.206586792 1 23101440 custom_kernel_laguna_prefill_sorted_moe_tail_bf16_v1_bfloat16_t_uint32_t_float_bfloat16_t_bfloat16_t_bfloat16_t
GPUPROF 74341.206587625 74341.221021917 30 636347908 rmsbfloat16|steel_gemm_splitk_nt_bfloat16_float32_bm32_bn32_bk16_wm2_wn2_MN_taligned_K_taligned|steel_gemm_splitk_accum_bfloat16_float32|steel_gemm_splitk_nt_bfloat16_float32_bm32_bn32_bk16_wm2_wn2_MN_taligned_K_taligned|steel_gemm_splitk_accum_bfloat16_float32|steel_gemm_fused_nt_bfloat16_bfloat16_bm64_bn64_bk16_wm2_wn2_has_batch_n_use_out_source_n_do_axpby_n_align_M_t_align_N_t_align_K_t|steel_gemm_splitk_nt_bfloat16_float32_bm32_bn32_bk16_wm2_wn2_MN_taligned_K_taligned|steel_gemm_splitk_accum_bfloat16_float32|custom_kernel_laguna_prefill_sliding_qk_norm_rope_bf16_128_h1_v2_bfloat16_t_bfloat16_t_bfloat16_t_bfloat16_t_float_int32_tc_bfloat16_t_bfloat16_t|steel_attention_bfloat16_bq32_bk16_bd128_wm4_wn1_maskbfloat16_align_Q_t_align_K_t_has_mask_n_do_causal_t_has_sinks_n|Cf4IAsTypeADf4IBroadcastCBEf4IBroadcastBCFf4ILogAddExpDEGV2OAsTypeF_VC_V2_10408321403207385874_contiguous|g2_Multiplybfloat16|steel_gemm_fused_nt_bfloat16_bfloat16_bm64_bn64_bk16_wm2_wn2_has_batch_n_use_out_source_n_do_axpby_n_align_M_t_align_N_t_align_K_t|custom_kernel_laguna_residual_rms_bf16_2048_v1_bfloat16_t_bfloat16_t_bfloat16_t_bfloat16_t_bfloat16_t|steel_gemm_splitk_nt_bfloat16_float32_bm32_bn32_bk16_wm2_wn2_MN_taligned_K_taligned|steel_gemm_splitk_accum_bfloat16_float32|custom_kernel_laguna_prefill_router_tournament_ordinal_norm_v1_bfloat16_t_float_uint32_t_float|custom_kernel_mlx_lm_route_csort_scatter_fused_m8_u32_v4_uint32_t_uint32_t_uint32_t_uint32_t|gather_frontbfloat16_uint32_int_2|arangeuint32|nvfp4_gather_qmm_rhs_nt_bfloat16_t_gs_16_b_4_bm_16_bn_32_bk_32_wm_1_wn_2_align_M_t_align_N_t_align_K_t|nvfp4_qmm_t_splitk_fused_bfloat16_t_gs_16_b_4_alN_true|nvfp4_qmm_t_splitk_fused_bfloat16_t_gs_16_b_4_alN_true|g2_copybfloat16bfloat16|g2_copybfloat16bfloat16|CV2ISigmoidADV2IBroadcastACEV2IBroadcastCAFV2IMultiplyDEGV2IBroadcastFBHV2IBroadcastBFIV2OMultiplyGH_VV_V2V2_11160318154034397263_contiguous|arangeuint32|CV2ISigmoidADV2IBroadcastACEV2IBroadcastCAFV2IMultiplyDEGV2IBroadcastFBHV2IBroadcastBFIV2OMultiplyGH_VV_V2V2_11160318154034397263_contiguous|nvfp4_qmm_t_bfloat16_t_gs_16_b_4_alN_true_batch_0|nvfp4_gather_qmm_rhs_nt_bfloat16_t_gs_16_b_4_bm_16_bn_32_bk_32_wm_1_wn_2_align_M_t_align_N_t_align_K_t
GPUPROF 74341.221022750 74341.221100750 1 23101440 custom_kernel_laguna_prefill_sorted_moe_tail_bf16_v1_bfloat16_t_uint32_t_float_bfloat16_t_bfloat16_t_bfloat16_t
GPUPROF 74341.221101500 74341.235475250 30 636347908 rmsbfloat16|steel_gemm_splitk_nt_bfloat16_float32_bm32_bn32_bk16_wm2_wn2_MN_taligned_K_taligned|steel_gemm_splitk_accum_bfloat16_float32|steel_gemm_splitk_nt_bfloat16_float32_bm32_bn32_bk16_wm2_wn2_MN_taligned_K_taligned|steel_gemm_splitk_accum_bfloat16_float32|steel_gemm_fused_nt_bfloat16_bfloat16_bm64_bn64_bk16_wm2_wn2_has_batch_n_use_out_source_n_do_axpby_n_align_M_t_align_N_t_align_K_t|steel_gemm_splitk_nt_bfloat16_float32_bm32_bn32_bk16_wm2_wn2_MN_taligned_K_taligned|steel_gemm_splitk_accum_bfloat16_float32|custom_kernel_laguna_prefill_sliding_qk_norm_rope_bf16_128_h1_v2_bfloat16_t_bfloat16_t_bfloat16_t_bfloat16_t_float_int32_tc_bfloat16_t_bfloat16_t|steel_attention_bfloat16_bq32_bk16_bd128_wm4_wn1_maskbfloat16_align_Q_t_align_K_t_has_mask_n_do_causal_t_has_sinks_n|Cf4IAsTypeADf4IBroadcastCBEf4IBroadcastBCFf4ILogAddExpDEGV2OAsTypeF_VC_V2_10408321403207385874_contiguous|g2_Multiplybfloat16|steel_gemm_fused_nt_bfloat16_bfloat16_bm64_bn64_bk16_wm2_wn2_has_batch_n_use_out_source_n_do_axpby_n_align_M_t_align_N_t_align_K_t|custom_kernel_laguna_residual_rms_bf16_2048_v1_bfloat16_t_bfloat16_t_bfloat16_t_bfloat16_t_bfloat16_t|steel_gemm_splitk_nt_bfloat16_float32_bm32_bn32_bk16_wm2_wn2_MN_taligned_K_taligned|steel_gemm_splitk_accum_bfloat16_float32|custom_kernel_laguna_prefill_router_tournament_ordinal_norm_v1_bfloat16_t_float_uint32_t_float|custom_kernel_mlx_lm_route_csort_scatter_fused_m8_u32_v4_uint32_t_uint32_t_uint32_t_uint32_t|gather_frontbfloat16_uint32_int_2|arangeuint32|nvfp4_gather_qmm_rhs_nt_bfloat16_t_gs_16_b_4_bm_16_bn_32_bk_32_wm_1_wn_2_align_M_t_align_N_t_align_K_t|nvfp4_qmm_t_splitk_fused_bfloat16_t_gs_16_b_4_alN_true|nvfp4_qmm_t_splitk_fused_bfloat16_t_gs_16_b_4_alN_true|g2_copybfloat16bfloat16|g2_copybfloat16bfloat16|CV2ISigmoidADV2IBroadcastACEV2IBroadcastCAFV2IMultiplyDEGV2IBroadcastFBHV2IBroadcastBFIV2OMultiplyGH_VV_V2V2_11160318154034397263_contiguous|arangeuint32|CV2ISigmoidADV2IBroadcastACEV2IBroadcastCAFV2IMultiplyDEGV2IBroadcastFBHV2IBroadcastBFIV2OMultiplyGH_VV_V2V2_11160318154034397263_contiguous|nvfp4_qmm_t_bfloat16_t_gs_16_b_4_alN_true_batch_0|nvfp4_gather_qmm_rhs_nt_bfloat16_t_gs_16_b_4_bm_16_bn_32_bk_32_wm_1_wn_2_align_M_t_align_N_t_align_K_t
GPUPROF 74341.235476000 74341.235553500 1 23101440 custom_kernel_laguna_prefill_sorted_moe_tail_bf16_v1_bfloat16_t_uint32_t_float_bfloat16_t_bfloat16_t_bfloat16_t
GPUPROF 74341.235554375 74341.249943375 30 636347908 rmsbfloat16|steel_gemm_splitk_nt_bfloat16_float32_bm32_bn32_bk16_wm2_wn2_MN_taligned_K_taligned|steel_gemm_splitk_accum_bfloat16_float32|steel_gemm_splitk_nt_bfloat16_float32_bm32_bn32_bk16_wm2_wn2_MN_taligned_K_taligned|steel_gemm_splitk_accum_bfloat16_float32|steel_gemm_fused_nt_bfloat16_bfloat16_bm64_bn64_bk16_wm2_wn2_has_batch_n_use_out_source_n_do_axpby_n_align_M_t_align_N_t_align_K_t|steel_gemm_splitk_nt_bfloat16_float32_bm32_bn32_bk16_wm2_wn2_MN_taligned_K_taligned|steel_gemm_splitk_accum_bfloat16_float32|custom_kernel_laguna_prefill_sliding_qk_norm_rope_bf16_128_h1_v2_bfloat16_t_bfloat16_t_bfloat16_t_bfloat16_t_float_int32_tc_bfloat16_t_bfloat16_t|steel_attention_bfloat16_bq32_bk16_bd128_wm4_wn1_maskbfloat16_align_Q_t_align_K_t_has_mask_n_do_causal_t_has_sinks_n|Cf4IAsTypeADf4IBroadcastCBEf4IBroadcastBCFf4ILogAddExpDEGV2OAsTypeF_VC_V2_10408321403207385874_contiguous|g2_Multiplybfloat16|steel_gemm_fused_nt_bfloat16_bfloat16_bm64_bn64_bk16_wm2_wn2_has_batch_n_use_out_source_n_do_axpby_n_align_M_t_align_N_t_align_K_t|custom_kernel_laguna_residual_rms_bf16_2048_v1_bfloat16_t_bfloat16_t_bfloat16_t_bfloat16_t_bfloat16_t|steel_gemm_splitk_nt_bfloat16_float32_bm32_bn32_bk16_wm2_wn2_MN_taligned_K_taligned|steel_gemm_splitk_accum_bfloat16_float32|custom_kernel_laguna_prefill_router_tournament_ordinal_norm_v1_bfloat16_t_float_uint32_t_float|custom_kernel_mlx_lm_route_csort_scatter_fused_m8_u32_v4_uint32_t_uint32_t_uint32_t_uint32_t|gather_frontbfloat16_uint32_int_2|arangeuint32|nvfp4_gather_qmm_rhs_nt_bfloat16_t_gs_16_b_4_bm_16_bn_32_bk_32_wm_1_wn_2_align_M_t_align_N_t_align_K_t|nvfp4_qmm_t_splitk_fused_bfloat16_t_gs_16_b_4_alN_true|nvfp4_qmm_t_splitk_fused_bfloat16_t_gs_16_b_4_alN_true|g2_copybfloat16bfloat16|g2_copybfloat16bfloat16|CV2ISigmoidADV2IBroadcastACEV2IBroadcastCAFV2IMultiplyDEGV2IBroadcastFBHV2IBroadcastBFIV2OMultiplyGH_VV_V2V2_11160318154034397263_contiguous|arangeuint32|CV2ISigmoidADV2IBroadcastACEV2IBroadcastCAFV2IMultiplyDEGV2IBroadcastFBHV2IBroadcastBFIV2OMultiplyGH_VV_V2V2_11160318154034397263_contiguous|nvfp4_qmm_t_bfloat16_t_gs_16_b_4_alN_true_batch_0|nvfp4_gather_qmm_rhs_nt_bfloat16_t_gs_16_b_4_bm_16_bn_32_bk_32_wm_1_wn_2_align_M_t_align_N_t_align_K_t
GPUPROF 74341.249944292 74341.250022750 1 23101440 custom_kernel_laguna_prefill_sorted_moe_tail_bf16_v1_bfloat16_t_uint32_t_float_bfloat16_t_bfloat16_t_bfloat16_t
GPUPROF 74341.250023667 74341.263009292 30 612017668 rmsbfloat16|steel_gemm_splitk_nt_bfloat16_float32_bm32_bn32_bk16_wm2_wn2_MN_taligned_K_taligned|steel_gemm_splitk_accum_bfloat16_float32|steel_gemm_splitk_nt_bfloat16_float32_bm32_bn32_bk16_wm2_wn2_MN_taligned_K_taligned|steel_gemm_splitk_accum_bfloat16_float32|steel_gemm_fused_nt_bfloat16_bfloat16_bm64_bn64_bk16_wm2_wn2_has_batch_n_use_out_source_n_do_axpby_n_align_M_t_align_N_t_align_K_t|steel_gemm_splitk_nt_bfloat16_float32_bm32_bn32_bk16_wm2_wn2_MN_naligned_K_taligned|steel_gemm_splitk_accum_bfloat16_float32|custom_kernel_laguna_prefill_full_qk_norm_yarn_bf16_128_h1_v2_bfloat16_t_bfloat16_t_bfloat16_t_bfloat16_t_float_int32_tc_bfloat16_t_bfloat16_t|steel_attention_bfloat16_bq32_bk16_bd128_wm4_wn1_maskbfloat16_align_Q_t_align_K_t_has_mask_n_do_causal_t_has_sinks_n|Cf4IAsTypeADf4IBroadcastCBEf4IBroadcastBCFf4ILogAddExpDEGV2OAsTypeF_VC_V2_10408321403207385874_contiguous|g2_Multiplybfloat16|steel_gemm_fused_nt_bfloat16_bfloat16_bm64_bn64_bk16_wm2_wn2_has_batch_n_use_out_source_n_do_axpby_n_align_M_t_align_N_t_align_K_t|custom_kernel_laguna_residual_rms_bf16_2048_v1_bfloat16_t_bfloat16_t_bfloat16_t_bfloat16_t_bfloat16_t|steel_gemm_splitk_nt_bfloat16_float32_bm32_bn32_bk16_wm2_wn2_MN_taligned_K_taligned|steel_gemm_splitk_accum_bfloat16_float32|custom_kernel_laguna_prefill_router_tournament_ordinal_norm_v1_bfloat16_t_float_uint32_t_float|custom_kernel_mlx_lm_route_csort_scatter_fused_m8_u32_v4_uint32_t_uint32_t_uint32_t_uint32_t|gather_frontbfloat16_uint32_int_2|arangeuint32|nvfp4_gather_qmm_rhs_nt_bfloat16_t_gs_16_b_4_bm_16_bn_32_bk_32_wm_1_wn_2_align_M_t_align_N_t_align_K_t|nvfp4_qmm_t_splitk_fused_bfloat16_t_gs_16_b_4_alN_true|nvfp4_qmm_t_splitk_fused_bfloat16_t_gs_16_b_4_alN_true|g2_copybfloat16bfloat16|g2_copybfloat16bfloat16|CV2ISigmoidADV2IBroadcastACEV2IBroadcastCAFV2IMultiplyDEGV2IBroadcastFBHV2IBroadcastBFIV2OMultiplyGH_VV_V2V2_11160318154034397263_contiguous|arangeuint32|CV2ISigmoidADV2IBroadcastACEV2IBroadcastCAFV2IMultiplyDEGV2IBroadcastFBHV2IBroadcastBFIV2OMultiplyGH_VV_V2V2_11160318154034397263_contiguous|nvfp4_qmm_t_bfloat16_t_gs_16_b_4_alN_true_batch_0|nvfp4_gather_qmm_rhs_nt_bfloat16_t_gs_16_b_4_bm_16_bn_32_bk_32_wm_1_wn_2_align_M_t_align_N_t_align_K_t
GPUPROF 74341.263010250 74341.263085625 1 23101440 custom_kernel_laguna_prefill_sorted_moe_tail_bf16_v1_bfloat16_t_uint32_t_float_bfloat16_t_bfloat16_t_bfloat16_t
GPUPROF 74341.263086375 74341.277400750 30 636347908 rmsbfloat16|steel_gemm_splitk_nt_bfloat16_float32_bm32_bn32_bk16_wm2_wn2_MN_taligned_K_taligned|steel_gemm_splitk_accum_bfloat16_float32|steel_gemm_splitk_nt_bfloat16_float32_bm32_bn32_bk16_wm2_wn2_MN_taligned_K_taligned|steel_gemm_splitk_accum_bfloat16_float32|steel_gemm_fused_nt_bfloat16_bfloat16_bm64_bn64_bk16_wm2_wn2_has_batch_n_use_out_source_n_do_axpby_n_align_M_t_align_N_t_align_K_t|steel_gemm_splitk_nt_bfloat16_float32_bm32_bn32_bk16_wm2_wn2_MN_taligned_K_taligned|steel_gemm_splitk_accum_bfloat16_float32|custom_kernel_laguna_prefill_sliding_qk_norm_rope_bf16_128_h1_v2_bfloat16_t_bfloat16_t_bfloat16_t_bfloat16_t_float_int32_tc_bfloat16_t_bfloat16_t|steel_attention_bfloat16_bq32_bk16_bd128_wm4_wn1_maskbfloat16_align_Q_t_align_K_t_has_mask_n_do_causal_t_has_sinks_n|Cf4IAsTypeADf4IBroadcastCBEf4IBroadcastBCFf4ILogAddExpDEGV2OAsTypeF_VC_V2_10408321403207385874_contiguous|g2_Multiplybfloat16|steel_gemm_fused_nt_bfloat16_bfloat16_bm64_bn64_bk16_wm2_wn2_has_batch_n_use_out_source_n_do_axpby_n_align_M_t_align_N_t_align_K_t|custom_kernel_laguna_residual_rms_bf16_2048_v1_bfloat16_t_bfloat16_t_bfloat16_t_bfloat16_t_bfloat16_t|steel_gemm_splitk_nt_bfloat16_float32_bm32_bn32_bk16_wm2_wn2_MN_taligned_K_taligned|steel_gemm_splitk_accum_bfloat16_float32|custom_kernel_laguna_prefill_router_tournament_ordinal_norm_v1_bfloat16_t_float_uint32_t_float|custom_kernel_mlx_lm_route_csort_scatter_fused_m8_u32_v4_uint32_t_uint32_t_uint32_t_uint32_t|gather_frontbfloat16_uint32_int_2|arangeuint32|nvfp4_gather_qmm_rhs_nt_bfloat16_t_gs_16_b_4_bm_16_bn_32_bk_32_wm_1_wn_2_align_M_t_align_N_t_align_K_t|nvfp4_qmm_t_splitk_fused_bfloat16_t_gs_16_b_4_alN_true|nvfp4_qmm_t_splitk_fused_bfloat16_t_gs_16_b_4_alN_true|g2_copybfloat16bfloat16|g2_copybfloat16bfloat16|CV2ISigmoidADV2IBroadcastACEV2IBroadcastCAFV2IMultiplyDEGV2IBroadcastFBHV2IBroadcastBFIV2OMultiplyGH_VV_V2V2_11160318154034397263_contiguous|arangeuint32|CV2ISigmoidADV2IBroadcastACEV2IBroadcastCAFV2IMultiplyDEGV2IBroadcastFBHV2IBroadcastBFIV2OMultiplyGH_VV_V2V2_11160318154034397263_contiguous|nvfp4_qmm_t_bfloat16_t_gs_16_b_4_alN_true_batch_0|nvfp4_gather_qmm_rhs_nt_bfloat16_t_gs_16_b_4_bm_16_bn_32_bk_32_wm_1_wn_2_align_M_t_align_N_t_align_K_t
GPUPROF 74341.277401500 74341.277479292 1 23101440 custom_kernel_laguna_prefill_sorted_moe_tail_bf16_v1_bfloat16_t_uint32_t_float_bfloat16_t_bfloat16_t_bfloat16_t
GPUPROF 74341.277480125 74341.291855125 30 636347908 rmsbfloat16|steel_gemm_splitk_nt_bfloat16_float32_bm32_bn32_bk16_wm2_wn2_MN_taligned_K_taligned|steel_gemm_splitk_accum_bfloat16_float32|steel_gemm_splitk_nt_bfloat16_float32_bm32_bn32_bk16_wm2_wn2_MN_taligned_K_taligned|steel_gemm_splitk_accum_bfloat16_float32|steel_gemm_fused_nt_bfloat16_bfloat16_bm64_bn64_bk16_wm2_wn2_has_batch_n_use_out_source_n_do_axpby_n_align_M_t_align_N_t_align_K_t|steel_gemm_splitk_nt_bfloat16_float32_bm32_bn32_bk16_wm2_wn2_MN_taligned_K_taligned|steel_gemm_splitk_accum_bfloat16_float32|custom_kernel_laguna_prefill_sliding_qk_norm_rope_bf16_128_h1_v2_bfloat16_t_bfloat16_t_bfloat16_t_bfloat16_t_float_int32_tc_bfloat16_t_bfloat16_t|steel_attention_bfloat16_bq32_bk16_bd128_wm4_wn1_maskbfloat16_align_Q_t_align_K_t_has_mask_n_do_causal_t_has_sinks_n|Cf4IAsTypeADf4IBroadcastCBEf4IBroadcastBCFf4ILogAddExpDEGV2OAsTypeF_VC_V2_10408321403207385874_contiguous|g2_Multiplybfloat16|steel_gemm_fused_nt_bfloat16_bfloat16_bm64_bn64_bk16_wm2_wn2_has_batch_n_use_out_source_n_do_axpby_n_align_M_t_align_N_t_align_K_t|custom_kernel_laguna_residual_rms_bf16_2048_v1_bfloat16_t_bfloat16_t_bfloat16_t_bfloat16_t_bfloat16_t|steel_gemm_splitk_nt_bfloat16_float32_bm32_bn32_bk16_wm2_wn2_MN_taligned_K_taligned|steel_gemm_splitk_accum_bfloat16_float32|custom_kernel_laguna_prefill_router_tournament_ordinal_norm_v1_bfloat16_t_float_uint32_t_float|custom_kernel_mlx_lm_route_csort_scatter_fused_m8_u32_v4_uint32_t_uint32_t_uint32_t_uint32_t|gather_frontbfloat16_uint32_int_2|arangeuint32|nvfp4_gather_qmm_rhs_nt_bfloat16_t_gs_16_b_4_bm_16_bn_32_bk_32_wm_1_wn_2_align_M_t_align_N_t_align_K_t|nvfp4_qmm_t_splitk_fused_bfloat16_t_gs_16_b_4_alN_true|nvfp4_qmm_t_splitk_fused_bfloat16_t_gs_16_b_4_alN_true|g2_copybfloat16bfloat16|g2_copybfloat16bfloat16|CV2ISigmoidADV2IBroadcastACEV2IBroadcastCAFV2IMultiplyDEGV2IBroadcastFBHV2IBroadcastBFIV2OMultiplyGH_VV_V2V2_11160318154034397263_contiguous|arangeuint32|CV2ISigmoidADV2IBroadcastACEV2IBroadcastCAFV2IMultiplyDEGV2IBroadcastFBHV2IBroadcastBFIV2OMultiplyGH_VV_V2V2_11160318154034397263_contiguous|nvfp4_qmm_t_bfloat16_t_gs_16_b_4_alN_true_batch_0|nvfp4_gather_qmm_rhs_nt_bfloat16_t_gs_16_b_4_bm_16_bn_32_bk_32_wm_1_wn_2_align_M_t_align_N_t_align_K_t
GPUPROF 74341.291874250 74341.291950875 1 23101440 custom_kernel_laguna_prefill_sorted_moe_tail_bf16_v1_bfloat16_t_uint32_t_float_bfloat16_t_bfloat16_t_bfloat16_t
GPUPROF 74341.291951625 74341.306126750 30 636347908 rmsbfloat16|steel_gemm_splitk_nt_bfloat16_float32_bm32_bn32_bk16_wm2_wn2_MN_taligned_K_taligned|steel_gemm_splitk_accum_bfloat16_float32|steel_gemm_splitk_nt_bfloat16_float32_bm32_bn32_bk16_wm2_wn2_MN_taligned_K_taligned|steel_gemm_splitk_accum_bfloat16_float32|steel_gemm_fused_nt_bfloat16_bfloat16_bm64_bn64_bk16_wm2_wn2_has_batch_n_use_out_source_n_do_axpby_n_align_M_t_align_N_t_align_K_t|steel_gemm_splitk_nt_bfloat16_float32_bm32_bn32_bk16_wm2_wn2_MN_taligned_K_taligned|steel_gemm_splitk_accum_bfloat16_float32|custom_kernel_laguna_prefill_sliding_qk_norm_rope_bf16_128_h1_v2_bfloat16_t_bfloat16_t_bfloat16_t_bfloat16_t_float_int32_tc_bfloat16_t_bfloat16_t|steel_attention_bfloat16_bq32_bk16_bd128_wm4_wn1_maskbfloat16_align_Q_t_align_K_t_has_mask_n_do_causal_t_has_sinks_n|Cf4IAsTypeADf4IBroadcastCBEf4IBroadcastBCFf4ILogAddExpDEGV2OAsTypeF_VC_V2_10408321403207385874_contiguous|g2_Multiplybfloat16|steel_gemm_fused_nt_bfloat16_bfloat16_bm64_bn64_bk16_wm2_wn2_has_batch_n_use_out_source_n_do_axpby_n_align_M_t_align_N_t_align_K_t|custom_kernel_laguna_residual_rms_bf16_2048_v1_bfloat16_t_bfloat16_t_bfloat16_t_bfloat16_t_bfloat16_t|steel_gemm_splitk_nt_bfloat16_float32_bm32_bn32_bk16_wm2_wn2_MN_taligned_K_taligned|steel_gemm_splitk_accum_bfloat16_float32|custom_kernel_laguna_prefill_router_tournament_ordinal_norm_v1_bfloat16_t_float_uint32_t_float|custom_kernel_mlx_lm_route_csort_scatter_fused_m8_u32_v4_uint32_t_uint32_t_uint32_t_uint32_t|gather_frontbfloat16_uint32_int_2|arangeuint32|nvfp4_gather_qmm_rhs_nt_bfloat16_t_gs_16_b_4_bm_16_bn_32_bk_32_wm_1_wn_2_align_M_t_align_N_t_align_K_t|nvfp4_qmm_t_splitk_fused_bfloat16_t_gs_16_b_4_alN_true|nvfp4_qmm_t_splitk_fused_bfloat16_t_gs_16_b_4_alN_true|g2_copybfloat16bfloat16|g2_copybfloat16bfloat16|CV2ISigmoidADV2IBroadcastACEV2IBroadcastCAFV2IMultiplyDEGV2IBroadcastFBHV2IBroadcastBFIV2OMultiplyGH_VV_V2V2_11160318154034397263_contiguous|arangeuint32|CV2ISigmoidADV2IBroadcastACEV2IBroadcastCAFV2IMultiplyDEGV2IBroadcastFBHV2IBroadcastBFIV2OMultiplyGH_VV_V2V2_11160318154034397263_contiguous|nvfp4_qmm_t_bfloat16_t_gs_16_b_4_alN_true_batch_0|nvfp4_gather_qmm_rhs_nt_bfloat16_t_gs_16_b_4_bm_16_bn_32_bk_32_wm_1_wn_2_align_M_t_align_N_t_align_K_t
GPUPROF 74341.306127750 74341.306205250 1 23101440 custom_kernel_laguna_prefill_sorted_moe_tail_bf16_v1_bfloat16_t_uint32_t_float_bfloat16_t_bfloat16_t_bfloat16_t
GPUPROF 74341.306205917 74341.318906625 30 612017668 rmsbfloat16|steel_gemm_splitk_nt_bfloat16_float32_bm32_bn32_bk16_wm2_wn2_MN_taligned_K_taligned|steel_gemm_splitk_accum_bfloat16_float32|steel_gemm_splitk_nt_bfloat16_float32_bm32_bn32_bk16_wm2_wn2_MN_taligned_K_taligned|steel_gemm_splitk_accum_bfloat16_float32|steel_gemm_fused_nt_bfloat16_bfloat16_bm64_bn64_bk16_wm2_wn2_has_batch_n_use_out_source_n_do_axpby_n_align_M_t_align_N_t_align_K_t|steel_gemm_splitk_nt_bfloat16_float32_bm32_bn32_bk16_wm2_wn2_MN_naligned_K_taligned|steel_gemm_splitk_accum_bfloat16_float32|custom_kernel_laguna_prefill_full_qk_norm_yarn_bf16_128_h1_v2_bfloat16_t_bfloat16_t_bfloat16_t_bfloat16_t_float_int32_tc_bfloat16_t_bfloat16_t|steel_attention_bfloat16_bq32_bk16_bd128_wm4_wn1_maskbfloat16_align_Q_t_align_K_t_has_mask_n_do_causal_t_has_sinks_n|Cf4IAsTypeADf4IBroadcastCBEf4IBroadcastBCFf4ILogAddExpDEGV2OAsTypeF_VC_V2_10408321403207385874_contiguous|g2_Multiplybfloat16|steel_gemm_fused_nt_bfloat16_bfloat16_bm64_bn64_bk16_wm2_wn2_has_batch_n_use_out_source_n_do_axpby_n_align_M_t_align_N_t_align_K_t|custom_kernel_laguna_residual_rms_bf16_2048_v1_bfloat16_t_bfloat16_t_bfloat16_t_bfloat16_t_bfloat16_t|steel_gemm_splitk_nt_bfloat16_float32_bm32_bn32_bk16_wm2_wn2_MN_taligned_K_taligned|steel_gemm_splitk_accum_bfloat16_float32|custom_kernel_laguna_prefill_router_tournament_ordinal_norm_v1_bfloat16_t_float_uint32_t_float|custom_kernel_mlx_lm_route_csort_scatter_fused_m8_u32_v4_uint32_t_uint32_t_uint32_t_uint32_t|gather_frontbfloat16_uint32_int_2|arangeuint32|nvfp4_gather_qmm_rhs_nt_bfloat16_t_gs_16_b_4_bm_16_bn_32_bk_32_wm_1_wn_2_align_M_t_align_N_t_align_K_t|nvfp4_qmm_t_splitk_fused_bfloat16_t_gs_16_b_4_alN_true|nvfp4_qmm_t_splitk_fused_bfloat16_t_gs_16_b_4_alN_true|g2_copybfloat16bfloat16|g2_copybfloat16bfloat16|CV2ISigmoidADV2IBroadcastACEV2IBroadcastCAFV2IMultiplyDEGV2IBroadcastFBHV2IBroadcastBFIV2OMultiplyGH_VV_V2V2_11160318154034397263_contiguous|arangeuint32|CV2ISigmoidADV2IBroadcastACEV2IBroadcastCAFV2IMultiplyDEGV2IBroadcastFBHV2IBroadcastBFIV2OMultiplyGH_VV_V2V2_11160318154034397263_contiguous|nvfp4_qmm_t_bfloat16_t_gs_16_b_4_alN_true_batch_0|nvfp4_gather_qmm_rhs_nt_bfloat16_t_gs_16_b_4_bm_16_bn_32_bk_32_wm_1_wn_2_align_M_t_align_N_t_align_K_t
GPUPROF 74341.318907500 74341.318983000 1 23101440 custom_kernel_laguna_prefill_sorted_moe_tail_bf16_v1_bfloat16_t_uint32_t_float_bfloat16_t_bfloat16_t_bfloat16_t
GPUPROF 74341.318983750 74341.332970875 30 636347908 rmsbfloat16|steel_gemm_splitk_nt_bfloat16_float32_bm32_bn32_bk16_wm2_wn2_MN_taligned_K_taligned|steel_gemm_splitk_accum_bfloat16_float32|steel_gemm_splitk_nt_bfloat16_float32_bm32_bn32_bk16_wm2_wn2_MN_taligned_K_taligned|steel_gemm_splitk_accum_bfloat16_float32|steel_gemm_fused_nt_bfloat16_bfloat16_bm64_bn64_bk16_wm2_wn2_has_batch_n_use_out_source_n_do_axpby_n_align_M_t_align_N_t_align_K_t|steel_gemm_splitk_nt_bfloat16_float32_bm32_bn32_bk16_wm2_wn2_MN_taligned_K_taligned|steel_gemm_splitk_accum_bfloat16_float32|custom_kernel_laguna_prefill_sliding_qk_norm_rope_bf16_128_h1_v2_bfloat16_t_bfloat16_t_bfloat16_t_bfloat16_t_float_int32_tc_bfloat16_t_bfloat16_t|steel_attention_bfloat16_bq32_bk16_bd128_wm4_wn1_maskbfloat16_align_Q_t_align_K_t_has_mask_n_do_causal_t_has_sinks_n|Cf4IAsTypeADf4IBroadcastCBEf4IBroadcastBCFf4ILogAddExpDEGV2OAsTypeF_VC_V2_10408321403207385874_contiguous|g2_Multiplybfloat16|steel_gemm_fused_nt_bfloat16_bfloat16_bm64_bn64_bk16_wm2_wn2_has_batch_n_use_out_source_n_do_axpby_n_align_M_t_align_N_t_align_K_t|custom_kernel_laguna_residual_rms_bf16_2048_v1_bfloat16_t_bfloat16_t_bfloat16_t_bfloat16_t_bfloat16_t|steel_gemm_splitk_nt_bfloat16_float32_bm32_bn32_bk16_wm2_wn2_MN_taligned_K_taligned|steel_gemm_splitk_accum_bfloat16_float32|custom_kernel_laguna_prefill_router_tournament_ordinal_norm_v1_bfloat16_t_float_uint32_t_float|custom_kernel_mlx_lm_route_csort_scatter_fused_m8_u32_v4_uint32_t_uint32_t_uint32_t_uint32_t|gather_frontbfloat16_uint32_int_2|arangeuint32|nvfp4_gather_qmm_rhs_nt_bfloat16_t_gs_16_b_4_bm_16_bn_32_bk_32_wm_1_wn_2_align_M_t_align_N_t_align_K_t|nvfp4_qmm_t_splitk_fused_bfloat16_t_gs_16_b_4_alN_true|nvfp4_qmm_t_splitk_fused_bfloat16_t_gs_16_b_4_alN_true|g2_copybfloat16bfloat16|g2_copybfloat16bfloat16|CV2ISigmoidADV2IBroadcastACEV2IBroadcastCAFV2IMultiplyDEGV2IBroadcastFBHV2IBroadcastBFIV2OMultiplyGH_VV_V2V2_11160318154034397263_contiguous|arangeuint32|CV2ISigmoidADV2IBroadcastACEV2IBroadcastCAFV2IMultiplyDEGV2IBroadcastFBHV2IBroadcastBFIV2OMultiplyGH_VV_V2V2_11160318154034397263_contiguous|nvfp4_qmm_t_bfloat16_t_gs_16_b_4_alN_true_batch_0|nvfp4_gather_qmm_rhs_nt_bfloat16_t_gs_16_b_4_bm_16_bn_32_bk_32_wm_1_wn_2_align_M_t_align_N_t_align_K_t
GPUPROF 74341.332974875 74341.333051125 1 23101440 custom_kernel_laguna_prefill_sorted_moe_tail_bf16_v1_bfloat16_t_uint32_t_float_bfloat16_t_bfloat16_t_bfloat16_t
GPUPROF 74341.333051917 74341.347209417 30 636347908 rmsbfloat16|steel_gemm_splitk_nt_bfloat16_float32_bm32_bn32_bk16_wm2_wn2_MN_taligned_K_taligned|steel_gemm_splitk_accum_bfloat16_float32|steel_gemm_splitk_nt_bfloat16_float32_bm32_bn32_bk16_wm2_wn2_MN_taligned_K_taligned|steel_gemm_splitk_accum_bfloat16_float32|steel_gemm_fused_nt_bfloat16_bfloat16_bm64_bn64_bk16_wm2_wn2_has_batch_n_use_out_source_n_do_axpby_n_align_M_t_align_N_t_align_K_t|steel_gemm_splitk_nt_bfloat16_float32_bm32_bn32_bk16_wm2_wn2_MN_taligned_K_taligned|steel_gemm_splitk_accum_bfloat16_float32|custom_kernel_laguna_prefill_sliding_qk_norm_rope_bf16_128_h1_v2_bfloat16_t_bfloat16_t_bfloat16_t_bfloat16_t_float_int32_tc_bfloat16_t_bfloat16_t|steel_attention_bfloat16_bq32_bk16_bd128_wm4_wn1_maskbfloat16_align_Q_t_align_K_t_has_mask_n_do_causal_t_has_sinks_n|Cf4IAsTypeADf4IBroadcastCBEf4IBroadcastBCFf4ILogAddExpDEGV2OAsTypeF_VC_V2_10408321403207385874_contiguous|g2_Multiplybfloat16|steel_gemm_fused_nt_bfloat16_bfloat16_bm64_bn64_bk16_wm2_wn2_has_batch_n_use_out_source_n_do_axpby_n_align_M_t_align_N_t_align_K_t|custom_kernel_laguna_residual_rms_bf16_2048_v1_bfloat16_t_bfloat16_t_bfloat16_t_bfloat16_t_bfloat16_t|steel_gemm_splitk_nt_bfloat16_float32_bm32_bn32_bk16_wm2_wn2_MN_taligned_K_taligned|steel_gemm_splitk_accum_bfloat16_float32|custom_kernel_laguna_prefill_router_tournament_ordinal_norm_v1_bfloat16_t_float_uint32_t_float|custom_kernel_mlx_lm_route_csort_scatter_fused_m8_u32_v4_uint32_t_uint32_t_uint32_t_uint32_t|gather_frontbfloat16_uint32_int_2|arangeuint32|nvfp4_gather_qmm_rhs_nt_bfloat16_t_gs_16_b_4_bm_16_bn_32_bk_32_wm_1_wn_2_align_M_t_align_N_t_align_K_t|nvfp4_qmm_t_splitk_fused_bfloat16_t_gs_16_b_4_alN_true|nvfp4_qmm_t_splitk_fused_bfloat16_t_gs_16_b_4_alN_true|g2_copybfloat16bfloat16|g2_copybfloat16bfloat16|CV2ISigmoidADV2IBroadcastACEV2IBroadcastCAFV2IMultiplyDEGV2IBroadcastFBHV2IBroadcastBFIV2OMultiplyGH_VV_V2V2_11160318154034397263_contiguous|arangeuint32|CV2ISigmoidADV2IBroadcastACEV2IBroadcastCAFV2IMultiplyDEGV2IBroadcastFBHV2IBroadcastBFIV2OMultiplyGH_VV_V2V2_11160318154034397263_contiguous|nvfp4_qmm_t_bfloat16_t_gs_16_b_4_alN_true_batch_0|nvfp4_gather_qmm_rhs_nt_bfloat16_t_gs_16_b_4_bm_16_bn_32_bk_32_wm_1_wn_2_align_M_t_align_N_t_align_K_t
GPUPROF 74341.347213417 74341.347290917 1 23101440 custom_kernel_laguna_prefill_sorted_moe_tail_bf16_v1_bfloat16_t_uint32_t_float_bfloat16_t_bfloat16_t_bfloat16_t
GPUPROF 74341.347291875 74341.361325125 30 636347908 rmsbfloat16|steel_gemm_splitk_nt_bfloat16_float32_bm32_bn32_bk16_wm2_wn2_MN_taligned_K_taligned|steel_gemm_splitk_accum_bfloat16_float32|steel_gemm_splitk_nt_bfloat16_float32_bm32_bn32_bk16_wm2_wn2_MN_taligned_K_taligned|steel_gemm_splitk_accum_bfloat16_float32|steel_gemm_fused_nt_bfloat16_bfloat16_bm64_bn64_bk16_wm2_wn2_has_batch_n_use_out_source_n_do_axpby_n_align_M_t_align_N_t_align_K_t|steel_gemm_splitk_nt_bfloat16_float32_bm32_bn32_bk16_wm2_wn2_MN_taligned_K_taligned|steel_gemm_splitk_accum_bfloat16_float32|custom_kernel_laguna_prefill_sliding_qk_norm_rope_bf16_128_h1_v2_bfloat16_t_bfloat16_t_bfloat16_t_bfloat16_t_float_int32_tc_bfloat16_t_bfloat16_t|steel_attention_bfloat16_bq32_bk16_bd128_wm4_wn1_maskbfloat16_align_Q_t_align_K_t_has_mask_n_do_causal_t_has_sinks_n|Cf4IAsTypeADf4IBroadcastCBEf4IBroadcastBCFf4ILogAddExpDEGV2OAsTypeF_VC_V2_10408321403207385874_contiguous|g2_Multiplybfloat16|steel_gemm_fused_nt_bfloat16_bfloat16_bm64_bn64_bk16_wm2_wn2_has_batch_n_use_out_source_n_do_axpby_n_align_M_t_align_N_t_align_K_t|custom_kernel_laguna_residual_rms_bf16_2048_v1_bfloat16_t_bfloat16_t_bfloat16_t_bfloat16_t_bfloat16_t|steel_gemm_splitk_nt_bfloat16_float32_bm32_bn32_bk16_wm2_wn2_MN_taligned_K_taligned|steel_gemm_splitk_accum_bfloat16_float32|custom_kernel_laguna_prefill_router_tournament_ordinal_norm_v1_bfloat16_t_float_uint32_t_float|custom_kernel_mlx_lm_route_csort_scatter_fused_m8_u32_v4_uint32_t_uint32_t_uint32_t_uint32_t|gather_frontbfloat16_uint32_int_2|arangeuint32|nvfp4_gather_qmm_rhs_nt_bfloat16_t_gs_16_b_4_bm_16_bn_32_bk_32_wm_1_wn_2_align_M_t_align_N_t_align_K_t|nvfp4_qmm_t_splitk_fused_bfloat16_t_gs_16_b_4_alN_true|nvfp4_qmm_t_splitk_fused_bfloat16_t_gs_16_b_4_alN_true|g2_copybfloat16bfloat16|g2_copybfloat16bfloat16|CV2ISigmoidADV2IBroadcastACEV2IBroadcastCAFV2IMultiplyDEGV2IBroadcastFBHV2IBroadcastBFIV2OMultiplyGH_VV_V2V2_11160318154034397263_contiguous|arangeuint32|CV2ISigmoidADV2IBroadcastACEV2IBroadcastCAFV2IMultiplyDEGV2IBroadcastFBHV2IBroadcastBFIV2OMultiplyGH_VV_V2V2_11160318154034397263_contiguous|nvfp4_qmm_t_bfloat16_t_gs_16_b_4_alN_true_batch_0|nvfp4_gather_qmm_rhs_nt_bfloat16_t_gs_16_b_4_bm_16_bn_32_bk_32_wm_1_wn_2_align_M_t_align_N_t_align_K_t
GPUPROF 74341.361329125 74341.361404917 1 23101440 custom_kernel_laguna_prefill_sorted_moe_tail_bf16_v1_bfloat16_t_uint32_t_float_bfloat16_t_bfloat16_t_bfloat16_t
GPUPROF 74341.361405667 74341.373952125 30 612017668 rmsbfloat16|steel_gemm_splitk_nt_bfloat16_float32_bm32_bn32_bk16_wm2_wn2_MN_taligned_K_taligned|steel_gemm_splitk_accum_bfloat16_float32|steel_gemm_splitk_nt_bfloat16_float32_bm32_bn32_bk16_wm2_wn2_MN_taligned_K_taligned|steel_gemm_splitk_accum_bfloat16_float32|steel_gemm_fused_nt_bfloat16_bfloat16_bm64_bn64_bk16_wm2_wn2_has_batch_n_use_out_source_n_do_axpby_n_align_M_t_align_N_t_align_K_t|steel_gemm_splitk_nt_bfloat16_float32_bm32_bn32_bk16_wm2_wn2_MN_naligned_K_taligned|steel_gemm_splitk_accum_bfloat16_float32|custom_kernel_laguna_prefill_full_qk_norm_yarn_bf16_128_h1_v2_bfloat16_t_bfloat16_t_bfloat16_t_bfloat16_t_float_int32_tc_bfloat16_t_bfloat16_t|steel_attention_bfloat16_bq32_bk16_bd128_wm4_wn1_maskbfloat16_align_Q_t_align_K_t_has_mask_n_do_causal_t_has_sinks_n|Cf4IAsTypeADf4IBroadcastCBEf4IBroadcastBCFf4ILogAddExpDEGV2OAsTypeF_VC_V2_10408321403207385874_contiguous|g2_Multiplybfloat16|steel_gemm_fused_nt_bfloat16_bfloat16_bm64_bn64_bk16_wm2_wn2_has_batch_n_use_out_source_n_do_axpby_n_align_M_t_align_N_t_align_K_t|custom_kernel_laguna_residual_rms_bf16_2048_v1_bfloat16_t_bfloat16_t_bfloat16_t_bfloat16_t_bfloat16_t|steel_gemm_splitk_nt_bfloat16_float32_bm32_bn32_bk16_wm2_wn2_MN_taligned_K_taligned|steel_gemm_splitk_accum_bfloat16_float32|custom_kernel_laguna_prefill_router_tournament_ordinal_norm_v1_bfloat16_t_float_uint32_t_float|custom_kernel_mlx_lm_route_csort_scatter_fused_m8_u32_v4_uint32_t_uint32_t_uint32_t_uint32_t|gather_frontbfloat16_uint32_int_2|arangeuint32|nvfp4_gather_qmm_rhs_nt_bfloat16_t_gs_16_b_4_bm_16_bn_32_bk_32_wm_1_wn_2_align_M_t_align_N_t_align_K_t|nvfp4_qmm_t_splitk_fused_bfloat16_t_gs_16_b_4_alN_true|nvfp4_qmm_t_splitk_fused_bfloat16_t_gs_16_b_4_alN_true|g2_copybfloat16bfloat16|g2_copybfloat16bfloat16|CV2ISigmoidADV2IBroadcastACEV2IBroadcastCAFV2IMultiplyDEGV2IBroadcastFBHV2IBroadcastBFIV2OMultiplyGH_VV_V2V2_11160318154034397263_contiguous|arangeuint32|CV2ISigmoidADV2IBroadcastACEV2IBroadcastCAFV2IMultiplyDEGV2IBroadcastFBHV2IBroadcastBFIV2OMultiplyGH_VV_V2V2_11160318154034397263_contiguous|nvfp4_qmm_t_bfloat16_t_gs_16_b_4_alN_true_batch_0|nvfp4_gather_qmm_rhs_nt_bfloat16_t_gs_16_b_4_bm_16_bn_32_bk_32_wm_1_wn_2_align_M_t_align_N_t_align_K_t
GPUPROF 74341.373953042 74341.374029500 1 23101440 custom_kernel_laguna_prefill_sorted_moe_tail_bf16_v1_bfloat16_t_uint32_t_float_bfloat16_t_bfloat16_t_bfloat16_t
GPUPROF 74341.374030375 74341.387727000 30 636347908 rmsbfloat16|steel_gemm_splitk_nt_bfloat16_float32_bm32_bn32_bk16_wm2_wn2_MN_taligned_K_taligned|steel_gemm_splitk_accum_bfloat16_float32|steel_gemm_splitk_nt_bfloat16_float32_bm32_bn32_bk16_wm2_wn2_MN_taligned_K_taligned|steel_gemm_splitk_accum_bfloat16_float32|steel_gemm_fused_nt_bfloat16_bfloat16_bm64_bn64_bk16_wm2_wn2_has_batch_n_use_out_source_n_do_axpby_n_align_M_t_align_N_t_align_K_t|steel_gemm_splitk_nt_bfloat16_float32_bm32_bn32_bk16_wm2_wn2_MN_taligned_K_taligned|steel_gemm_splitk_accum_bfloat16_float32|custom_kernel_laguna_prefill_sliding_qk_norm_rope_bf16_128_h1_v2_bfloat16_t_bfloat16_t_bfloat16_t_bfloat16_t_float_int32_tc_bfloat16_t_bfloat16_t|steel_attention_bfloat16_bq32_bk16_bd128_wm4_wn1_maskbfloat16_align_Q_t_align_K_t_has_mask_n_do_causal_t_has_sinks_n|Cf4IAsTypeADf4IBroadcastCBEf4IBroadcastBCFf4ILogAddExpDEGV2OAsTypeF_VC_V2_10408321403207385874_contiguous|g2_Multiplybfloat16|steel_gemm_fused_nt_bfloat16_bfloat16_bm64_bn64_bk16_wm2_wn2_has_batch_n_use_out_source_n_do_axpby_n_align_M_t_align_N_t_align_K_t|custom_kernel_laguna_residual_rms_bf16_2048_v1_bfloat16_t_bfloat16_t_bfloat16_t_bfloat16_t_bfloat16_t|steel_gemm_splitk_nt_bfloat16_float32_bm32_bn32_bk16_wm2_wn2_MN_taligned_K_taligned|steel_gemm_splitk_accum_bfloat16_float32|custom_kernel_laguna_prefill_router_tournament_ordinal_norm_v1_bfloat16_t_float_uint32_t_float|custom_kernel_mlx_lm_route_csort_scatter_fused_m8_u32_v4_uint32_t_uint32_t_uint32_t_uint32_t|gather_frontbfloat16_uint32_int_2|arangeuint32|nvfp4_gather_qmm_rhs_nt_bfloat16_t_gs_16_b_4_bm_16_bn_32_bk_32_wm_1_wn_2_align_M_t_align_N_t_align_K_t|nvfp4_qmm_t_splitk_fused_bfloat16_t_gs_16_b_4_alN_true|nvfp4_qmm_t_splitk_fused_bfloat16_t_gs_16_b_4_alN_true|g2_copybfloat16bfloat16|g2_copybfloat16bfloat16|CV2ISigmoidADV2IBroadcastACEV2IBroadcastCAFV2IMultiplyDEGV2IBroadcastFBHV2IBroadcastBFIV2OMultiplyGH_VV_V2V2_11160318154034397263_contiguous|arangeuint32|CV2ISigmoidADV2IBroadcastACEV2IBroadcastCAFV2IMultiplyDEGV2IBroadcastFBHV2IBroadcastBFIV2OMultiplyGH_VV_V2V2_11160318154034397263_contiguous|nvfp4_qmm_t_bfloat16_t_gs_16_b_4_alN_true_batch_0|nvfp4_gather_qmm_rhs_nt_bfloat16_t_gs_16_b_4_bm_16_bn_32_bk_32_wm_1_wn_2_align_M_t_align_N_t_align_K_t
GPUPROF 74341.387727750 74341.387803917 1 23101440 custom_kernel_laguna_prefill_sorted_moe_tail_bf16_v1_bfloat16_t_uint32_t_float_bfloat16_t_bfloat16_t_bfloat16_t
GPUPROF 74341.387804750 74341.401346750 30 636347908 rmsbfloat16|steel_gemm_splitk_nt_bfloat16_float32_bm32_bn32_bk16_wm2_wn2_MN_taligned_K_taligned|steel_gemm_splitk_accum_bfloat16_float32|steel_gemm_splitk_nt_bfloat16_float32_bm32_bn32_bk16_wm2_wn2_MN_taligned_K_taligned|steel_gemm_splitk_accum_bfloat16_float32|steel_gemm_fused_nt_bfloat16_bfloat16_bm64_bn64_bk16_wm2_wn2_has_batch_n_use_out_source_n_do_axpby_n_align_M_t_align_N_t_align_K_t|steel_gemm_splitk_nt_bfloat16_float32_bm32_bn32_bk16_wm2_wn2_MN_taligned_K_taligned|steel_gemm_splitk_accum_bfloat16_float32|custom_kernel_laguna_prefill_sliding_qk_norm_rope_bf16_128_h1_v2_bfloat16_t_bfloat16_t_bfloat16_t_bfloat16_t_float_int32_tc_bfloat16_t_bfloat16_t|steel_attention_bfloat16_bq32_bk16_bd128_wm4_wn1_maskbfloat16_align_Q_t_align_K_t_has_mask_n_do_causal_t_has_sinks_n|Cf4IAsTypeADf4IBroadcastCBEf4IBroadcastBCFf4ILogAddExpDEGV2OAsTypeF_VC_V2_10408321403207385874_contiguous|g2_Multiplybfloat16|steel_gemm_fused_nt_bfloat16_bfloat16_bm64_bn64_bk16_wm2_wn2_has_batch_n_use_out_source_n_do_axpby_n_align_M_t_align_N_t_align_K_t|custom_kernel_laguna_residual_rms_bf16_2048_v1_bfloat16_t_bfloat16_t_bfloat16_t_bfloat16_t_bfloat16_t|steel_gemm_splitk_nt_bfloat16_float32_bm32_bn32_bk16_wm2_wn2_MN_taligned_K_taligned|steel_gemm_splitk_accum_bfloat16_float32|custom_kernel_laguna_prefill_router_tournament_ordinal_norm_v1_bfloat16_t_float_uint32_t_float|custom_kernel_mlx_lm_route_csort_scatter_fused_m8_u32_v4_uint32_t_uint32_t_uint32_t_uint32_t|gather_frontbfloat16_uint32_int_2|arangeuint32|nvfp4_gather_qmm_rhs_nt_bfloat16_t_gs_16_b_4_bm_16_bn_32_bk_32_wm_1_wn_2_align_M_t_align_N_t_align_K_t|nvfp4_qmm_t_splitk_fused_bfloat16_t_gs_16_b_4_alN_true|nvfp4_qmm_t_splitk_fused_bfloat16_t_gs_16_b_4_alN_true|g2_copybfloat16bfloat16|g2_copybfloat16bfloat16|CV2ISigmoidADV2IBroadcastACEV2IBroadcastCAFV2IMultiplyDEGV2IBroadcastFBHV2IBroadcastBFIV2OMultiplyGH_VV_V2V2_11160318154034397263_contiguous|arangeuint32|CV2ISigmoidADV2IBroadcastACEV2IBroadcastCAFV2IMultiplyDEGV2IBroadcastFBHV2IBroadcastBFIV2OMultiplyGH_VV_V2V2_11160318154034397263_contiguous|nvfp4_qmm_t_bfloat16_t_gs_16_b_4_alN_true_batch_0|nvfp4_gather_qmm_rhs_nt_bfloat16_t_gs_16_b_4_bm_16_bn_32_bk_32_wm_1_wn_2_align_M_t_align_N_t_align_K_t
GPUPROF 74341.401350542 74341.401425792 1 23101440 custom_kernel_laguna_prefill_sorted_moe_tail_bf16_v1_bfloat16_t_uint32_t_float_bfloat16_t_bfloat16_t_bfloat16_t
GPUPROF 74341.401426625 74341.414845042 30 636347908 rmsbfloat16|steel_gemm_splitk_nt_bfloat16_float32_bm32_bn32_bk16_wm2_wn2_MN_taligned_K_taligned|steel_gemm_splitk_accum_bfloat16_float32|steel_gemm_splitk_nt_bfloat16_float32_bm32_bn32_bk16_wm2_wn2_MN_taligned_K_taligned|steel_gemm_splitk_accum_bfloat16_float32|steel_gemm_fused_nt_bfloat16_bfloat16_bm64_bn64_bk16_wm2_wn2_has_batch_n_use_out_source_n_do_axpby_n_align_M_t_align_N_t_align_K_t|steel_gemm_splitk_nt_bfloat16_float32_bm32_bn32_bk16_wm2_wn2_MN_taligned_K_taligned|steel_gemm_splitk_accum_bfloat16_float32|custom_kernel_laguna_prefill_sliding_qk_norm_rope_bf16_128_h1_v2_bfloat16_t_bfloat16_t_bfloat16_t_bfloat16_t_float_int32_tc_bfloat16_t_bfloat16_t|steel_attention_bfloat16_bq32_bk16_bd128_wm4_wn1_maskbfloat16_align_Q_t_align_K_t_has_mask_n_do_causal_t_has_sinks_n|Cf4IAsTypeADf4IBroadcastCBEf4IBroadcastBCFf4ILogAddExpDEGV2OAsTypeF_VC_V2_10408321403207385874_contiguous|g2_Multiplybfloat16|steel_gemm_fused_nt_bfloat16_bfloat16_bm64_bn64_bk16_wm2_wn2_has_batch_n_use_out_source_n_do_axpby_n_align_M_t_align_N_t_align_K_t|custom_kernel_laguna_residual_rms_bf16_2048_v1_bfloat16_t_bfloat16_t_bfloat16_t_bfloat16_t_bfloat16_t|steel_gemm_splitk_nt_bfloat16_float32_bm32_bn32_bk16_wm2_wn2_MN_taligned_K_taligned|steel_gemm_splitk_accum_bfloat16_float32|custom_kernel_laguna_prefill_router_tournament_ordinal_norm_v1_bfloat16_t_float_uint32_t_float|custom_kernel_mlx_lm_route_csort_scatter_fused_m8_u32_v4_uint32_t_uint32_t_uint32_t_uint32_t|gather_frontbfloat16_uint32_int_2|arangeuint32|nvfp4_gather_qmm_rhs_nt_bfloat16_t_gs_16_b_4_bm_16_bn_32_bk_32_wm_1_wn_2_align_M_t_align_N_t_align_K_t|nvfp4_qmm_t_splitk_fused_bfloat16_t_gs_16_b_4_alN_true|nvfp4_qmm_t_splitk_fused_bfloat16_t_gs_16_b_4_alN_true|g2_copybfloat16bfloat16|g2_copybfloat16bfloat16|CV2ISigmoidADV2IBroadcastACEV2IBroadcastCAFV2IMultiplyDEGV2IBroadcastFBHV2IBroadcastBFIV2OMultiplyGH_VV_V2V2_11160318154034397263_contiguous|arangeuint32|CV2ISigmoidADV2IBroadcastACEV2IBroadcastCAFV2IMultiplyDEGV2IBroadcastFBHV2IBroadcastBFIV2OMultiplyGH_VV_V2V2_11160318154034397263_contiguous|nvfp4_qmm_t_bfloat16_t_gs_16_b_4_alN_true_batch_0|nvfp4_gather_qmm_rhs_nt_bfloat16_t_gs_16_b_4_bm_16_bn_32_bk_32_wm_1_wn_2_align_M_t_align_N_t_align_K_t
GPUPROF 74341.414845792 74341.414922625 1 23101440 custom_kernel_laguna_prefill_sorted_moe_tail_bf16_v1_bfloat16_t_uint32_t_float_bfloat16_t_bfloat16_t_bfloat16_t
GPUPROF 74341.414923375 74341.427163250 30 612017668 rmsbfloat16|steel_gemm_splitk_nt_bfloat16_float32_bm32_bn32_bk16_wm2_wn2_MN_taligned_K_taligned|steel_gemm_splitk_accum_bfloat16_float32|steel_gemm_splitk_nt_bfloat16_float32_bm32_bn32_bk16_wm2_wn2_MN_taligned_K_taligned|steel_gemm_splitk_accum_bfloat16_float32|steel_gemm_fused_nt_bfloat16_bfloat16_bm64_bn64_bk16_wm2_wn2_has_batch_n_use_out_source_n_do_axpby_n_align_M_t_align_N_t_align_K_t|steel_gemm_splitk_nt_bfloat16_float32_bm32_bn32_bk16_wm2_wn2_MN_naligned_K_taligned|steel_gemm_splitk_accum_bfloat16_float32|custom_kernel_laguna_prefill_full_qk_norm_yarn_bf16_128_h1_v2_bfloat16_t_bfloat16_t_bfloat16_t_bfloat16_t_float_int32_tc_bfloat16_t_bfloat16_t|steel_attention_bfloat16_bq32_bk16_bd128_wm4_wn1_maskbfloat16_align_Q_t_align_K_t_has_mask_n_do_causal_t_has_sinks_n|Cf4IAsTypeADf4IBroadcastCBEf4IBroadcastBCFf4ILogAddExpDEGV2OAsTypeF_VC_V2_10408321403207385874_contiguous|g2_Multiplybfloat16|steel_gemm_fused_nt_bfloat16_bfloat16_bm64_bn64_bk16_wm2_wn2_has_batch_n_use_out_source_n_do_axpby_n_align_M_t_align_N_t_align_K_t|custom_kernel_laguna_residual_rms_bf16_2048_v1_bfloat16_t_bfloat16_t_bfloat16_t_bfloat16_t_bfloat16_t|steel_gemm_splitk_nt_bfloat16_float32_bm32_bn32_bk16_wm2_wn2_MN_taligned_K_taligned|steel_gemm_splitk_accum_bfloat16_float32|custom_kernel_laguna_prefill_router_tournament_ordinal_norm_v1_bfloat16_t_float_uint32_t_float|custom_kernel_mlx_lm_route_csort_scatter_fused_m8_u32_v4_uint32_t_uint32_t_uint32_t_uint32_t|gather_frontbfloat16_uint32_int_2|arangeuint32|nvfp4_gather_qmm_rhs_nt_bfloat16_t_gs_16_b_4_bm_16_bn_32_bk_32_wm_1_wn_2_align_M_t_align_N_t_align_K_t|nvfp4_qmm_t_splitk_fused_bfloat16_t_gs_16_b_4_alN_true|nvfp4_qmm_t_splitk_fused_bfloat16_t_gs_16_b_4_alN_true|g2_copybfloat16bfloat16|g2_copybfloat16bfloat16|CV2ISigmoidADV2IBroadcastACEV2IBroadcastCAFV2IMultiplyDEGV2IBroadcastFBHV2IBroadcastBFIV2OMultiplyGH_VV_V2V2_11160318154034397263_contiguous|arangeuint32|CV2ISigmoidADV2IBroadcastACEV2IBroadcastCAFV2IMultiplyDEGV2IBroadcastFBHV2IBroadcastBFIV2OMultiplyGH_VV_V2V2_11160318154034397263_contiguous|nvfp4_qmm_t_bfloat16_t_gs_16_b_4_alN_true_batch_0|nvfp4_gather_qmm_rhs_nt_bfloat16_t_gs_16_b_4_bm_16_bn_32_bk_32_wm_1_wn_2_align_M_t_align_N_t_align_K_t
GPUPROF 74341.427167000 74341.427241500 1 23101440 custom_kernel_laguna_prefill_sorted_moe_tail_bf16_v1_bfloat16_t_uint32_t_float_bfloat16_t_bfloat16_t_bfloat16_t
GPUPROF 74341.427242250 74341.440905875 30 636347908 rmsbfloat16|steel_gemm_splitk_nt_bfloat16_float32_bm32_bn32_bk16_wm2_wn2_MN_taligned_K_taligned|steel_gemm_splitk_accum_bfloat16_float32|steel_gemm_splitk_nt_bfloat16_float32_bm32_bn32_bk16_wm2_wn2_MN_taligned_K_taligned|steel_gemm_splitk_accum_bfloat16_float32|steel_gemm_fused_nt_bfloat16_bfloat16_bm64_bn64_bk16_wm2_wn2_has_batch_n_use_out_source_n_do_axpby_n_align_M_t_align_N_t_align_K_t|steel_gemm_splitk_nt_bfloat16_float32_bm32_bn32_bk16_wm2_wn2_MN_taligned_K_taligned|steel_gemm_splitk_accum_bfloat16_float32|custom_kernel_laguna_prefill_sliding_qk_norm_rope_bf16_128_h1_v2_bfloat16_t_bfloat16_t_bfloat16_t_bfloat16_t_float_int32_tc_bfloat16_t_bfloat16_t|steel_attention_bfloat16_bq32_bk16_bd128_wm4_wn1_maskbfloat16_align_Q_t_align_K_t_has_mask_n_do_causal_t_has_sinks_n|Cf4IAsTypeADf4IBroadcastCBEf4IBroadcastBCFf4ILogAddExpDEGV2OAsTypeF_VC_V2_10408321403207385874_contiguous|g2_Multiplybfloat16|steel_gemm_fused_nt_bfloat16_bfloat16_bm64_bn64_bk16_wm2_wn2_has_batch_n_use_out_source_n_do_axpby_n_align_M_t_align_N_t_align_K_t|custom_kernel_laguna_residual_rms_bf16_2048_v1_bfloat16_t_bfloat16_t_bfloat16_t_bfloat16_t_bfloat16_t|steel_gemm_splitk_nt_bfloat16_float32_bm32_bn32_bk16_wm2_wn2_MN_taligned_K_taligned|steel_gemm_splitk_accum_bfloat16_float32|custom_kernel_laguna_prefill_router_tournament_ordinal_norm_v1_bfloat16_t_float_uint32_t_float|custom_kernel_mlx_lm_route_csort_scatter_fused_m8_u32_v4_uint32_t_uint32_t_uint32_t_uint32_t|gather_frontbfloat16_uint32_int_2|arangeuint32|nvfp4_gather_qmm_rhs_nt_bfloat16_t_gs_16_b_4_bm_16_bn_32_bk_32_wm_1_wn_2_align_M_t_align_N_t_align_K_t|nvfp4_qmm_t_splitk_fused_bfloat16_t_gs_16_b_4_alN_true|nvfp4_qmm_t_splitk_fused_bfloat16_t_gs_16_b_4_alN_true|g2_copybfloat16bfloat16|g2_copybfloat16bfloat16|CV2ISigmoidADV2IBroadcastACEV2IBroadcastCAFV2IMultiplyDEGV2IBroadcastFBHV2IBroadcastBFIV2OMultiplyGH_VV_V2V2_11160318154034397263_contiguous|arangeuint32|CV2ISigmoidADV2IBroadcastACEV2IBroadcastCAFV2IMultiplyDEGV2IBroadcastFBHV2IBroadcastBFIV2OMultiplyGH_VV_V2V2_11160318154034397263_contiguous|nvfp4_qmm_t_bfloat16_t_gs_16_b_4_alN_true_batch_0|nvfp4_gather_qmm_rhs_nt_bfloat16_t_gs_16_b_4_bm_16_bn_32_bk_32_wm_1_wn_2_align_M_t_align_N_t_align_K_t
GPUPROF 74341.440924250 74341.440999750 1 23101440 custom_kernel_laguna_prefill_sorted_moe_tail_bf16_v1_bfloat16_t_uint32_t_float_bfloat16_t_bfloat16_t_bfloat16_t
GPUPROF 74341.441000542 74341.454619542 30 636347908 rmsbfloat16|steel_gemm_splitk_nt_bfloat16_float32_bm32_bn32_bk16_wm2_wn2_MN_taligned_K_taligned|steel_gemm_splitk_accum_bfloat16_float32|steel_gemm_splitk_nt_bfloat16_float32_bm32_bn32_bk16_wm2_wn2_MN_taligned_K_taligned|steel_gemm_splitk_accum_bfloat16_float32|steel_gemm_fused_nt_bfloat16_bfloat16_bm64_bn64_bk16_wm2_wn2_has_batch_n_use_out_source_n_do_axpby_n_align_M_t_align_N_t_align_K_t|steel_gemm_splitk_nt_bfloat16_float32_bm32_bn32_bk16_wm2_wn2_MN_taligned_K_taligned|steel_gemm_splitk_accum_bfloat16_float32|custom_kernel_laguna_prefill_sliding_qk_norm_rope_bf16_128_h1_v2_bfloat16_t_bfloat16_t_bfloat16_t_bfloat16_t_float_int32_tc_bfloat16_t_bfloat16_t|steel_attention_bfloat16_bq32_bk16_bd128_wm4_wn1_maskbfloat16_align_Q_t_align_K_t_has_mask_n_do_causal_t_has_sinks_n|Cf4IAsTypeADf4IBroadcastCBEf4IBroadcastBCFf4ILogAddExpDEGV2OAsTypeF_VC_V2_10408321403207385874_contiguous|g2_Multiplybfloat16|steel_gemm_fused_nt_bfloat16_bfloat16_bm64_bn64_bk16_wm2_wn2_has_batch_n_use_out_source_n_do_axpby_n_align_M_t_align_N_t_align_K_t|custom_kernel_laguna_residual_rms_bf16_2048_v1_bfloat16_t_bfloat16_t_bfloat16_t_bfloat16_t_bfloat16_t|steel_gemm_splitk_nt_bfloat16_float32_bm32_bn32_bk16_wm2_wn2_MN_taligned_K_taligned|steel_gemm_splitk_accum_bfloat16_float32|custom_kernel_laguna_prefill_router_tournament_ordinal_norm_v1_bfloat16_t_float_uint32_t_float|custom_kernel_mlx_lm_route_csort_scatter_fused_m8_u32_v4_uint32_t_uint32_t_uint32_t_uint32_t|gather_frontbfloat16_uint32_int_2|arangeuint32|nvfp4_gather_qmm_rhs_nt_bfloat16_t_gs_16_b_4_bm_16_bn_32_bk_32_wm_1_wn_2_align_M_t_align_N_t_align_K_t|nvfp4_qmm_t_splitk_fused_bfloat16_t_gs_16_b_4_alN_true|nvfp4_qmm_t_splitk_fused_bfloat16_t_gs_16_b_4_alN_true|g2_copybfloat16bfloat16|g2_copybfloat16bfloat16|CV2ISigmoidADV2IBroadcastACEV2IBroadcastCAFV2IMultiplyDEGV2IBroadcastFBHV2IBroadcastBFIV2OMultiplyGH_VV_V2V2_11160318154034397263_contiguous|arangeuint32|CV2ISigmoidADV2IBroadcastACEV2IBroadcastCAFV2IMultiplyDEGV2IBroadcastFBHV2IBroadcastBFIV2OMultiplyGH_VV_V2V2_11160318154034397263_contiguous|nvfp4_qmm_t_bfloat16_t_gs_16_b_4_alN_true_batch_0|nvfp4_gather_qmm_rhs_nt_bfloat16_t_gs_16_b_4_bm_16_bn_32_bk_32_wm_1_wn_2_align_M_t_align_N_t_align_K_t
GPUPROF 74341.454620250 74341.454699500 1 23101440 custom_kernel_laguna_prefill_sorted_moe_tail_bf16_v1_bfloat16_t_uint32_t_float_bfloat16_t_bfloat16_t_bfloat16_t
GPUPROF 74341.454700292 74341.468365125 30 636347908 rmsbfloat16|steel_gemm_splitk_nt_bfloat16_float32_bm32_bn32_bk16_wm2_wn2_MN_taligned_K_taligned|steel_gemm_splitk_accum_bfloat16_float32|steel_gemm_splitk_nt_bfloat16_float32_bm32_bn32_bk16_wm2_wn2_MN_taligned_K_taligned|steel_gemm_splitk_accum_bfloat16_float32|steel_gemm_fused_nt_bfloat16_bfloat16_bm64_bn64_bk16_wm2_wn2_has_batch_n_use_out_source_n_do_axpby_n_align_M_t_align_N_t_align_K_t|steel_gemm_splitk_nt_bfloat16_float32_bm32_bn32_bk16_wm2_wn2_MN_taligned_K_taligned|steel_gemm_splitk_accum_bfloat16_float32|custom_kernel_laguna_prefill_sliding_qk_norm_rope_bf16_128_h1_v2_bfloat16_t_bfloat16_t_bfloat16_t_bfloat16_t_float_int32_tc_bfloat16_t_bfloat16_t|steel_attention_bfloat16_bq32_bk16_bd128_wm4_wn1_maskbfloat16_align_Q_t_align_K_t_has_mask_n_do_causal_t_has_sinks_n|Cf4IAsTypeADf4IBroadcastCBEf4IBroadcastBCFf4ILogAddExpDEGV2OAsTypeF_VC_V2_10408321403207385874_contiguous|g2_Multiplybfloat16|steel_gemm_fused_nt_bfloat16_bfloat16_bm64_bn64_bk16_wm2_wn2_has_batch_n_use_out_source_n_do_axpby_n_align_M_t_align_N_t_align_K_t|custom_kernel_laguna_residual_rms_bf16_2048_v1_bfloat16_t_bfloat16_t_bfloat16_t_bfloat16_t_bfloat16_t|steel_gemm_splitk_nt_bfloat16_float32_bm32_bn32_bk16_wm2_wn2_MN_taligned_K_taligned|steel_gemm_splitk_accum_bfloat16_float32|custom_kernel_laguna_prefill_router_tournament_ordinal_norm_v1_bfloat16_t_float_uint32_t_float|custom_kernel_mlx_lm_route_csort_scatter_fused_m8_u32_v4_uint32_t_uint32_t_uint32_t_uint32_t|gather_frontbfloat16_uint32_int_2|arangeuint32|nvfp4_gather_qmm_rhs_nt_bfloat16_t_gs_16_b_4_bm_16_bn_32_bk_32_wm_1_wn_2_align_M_t_align_N_t_align_K_t|nvfp4_qmm_t_splitk_fused_bfloat16_t_gs_16_b_4_alN_true|nvfp4_qmm_t_splitk_fused_bfloat16_t_gs_16_b_4_alN_true|g2_copybfloat16bfloat16|g2_copybfloat16bfloat16|CV2ISigmoidADV2IBroadcastACEV2IBroadcastCAFV2IMultiplyDEGV2IBroadcastFBHV2IBroadcastBFIV2OMultiplyGH_VV_V2V2_11160318154034397263_contiguous|arangeuint32|CV2ISigmoidADV2IBroadcastACEV2IBroadcastCAFV2IMultiplyDEGV2IBroadcastFBHV2IBroadcastBFIV2OMultiplyGH_VV_V2V2_11160318154034397263_contiguous|nvfp4_qmm_t_bfloat16_t_gs_16_b_4_alN_true_batch_0|nvfp4_gather_qmm_rhs_nt_bfloat16_t_gs_16_b_4_bm_16_bn_32_bk_32_wm_1_wn_2_align_M_t_align_N_t_align_K_t
GPUPROF 74341.468368875 74341.468446042 1 23101440 custom_kernel_laguna_prefill_sorted_moe_tail_bf16_v1_bfloat16_t_uint32_t_float_bfloat16_t_bfloat16_t_bfloat16_t
GPUPROF 74341.468446875 74341.481007500 30 612017668 rmsbfloat16|steel_gemm_splitk_nt_bfloat16_float32_bm32_bn32_bk16_wm2_wn2_MN_taligned_K_taligned|steel_gemm_splitk_accum_bfloat16_float32|steel_gemm_splitk_nt_bfloat16_float32_bm32_bn32_bk16_wm2_wn2_MN_taligned_K_taligned|steel_gemm_splitk_accum_bfloat16_float32|steel_gemm_fused_nt_bfloat16_bfloat16_bm64_bn64_bk16_wm2_wn2_has_batch_n_use_out_source_n_do_axpby_n_align_M_t_align_N_t_align_K_t|steel_gemm_splitk_nt_bfloat16_float32_bm32_bn32_bk16_wm2_wn2_MN_naligned_K_taligned|steel_gemm_splitk_accum_bfloat16_float32|custom_kernel_laguna_prefill_full_qk_norm_yarn_bf16_128_h1_v2_bfloat16_t_bfloat16_t_bfloat16_t_bfloat16_t_float_int32_tc_bfloat16_t_bfloat16_t|steel_attention_bfloat16_bq32_bk16_bd128_wm4_wn1_maskbfloat16_align_Q_t_align_K_t_has_mask_n_do_causal_t_has_sinks_n|Cf4IAsTypeADf4IBroadcastCBEf4IBroadcastBCFf4ILogAddExpDEGV2OAsTypeF_VC_V2_10408321403207385874_contiguous|g2_Multiplybfloat16|steel_gemm_fused_nt_bfloat16_bfloat16_bm64_bn64_bk16_wm2_wn2_has_batch_n_use_out_source_n_do_axpby_n_align_M_t_align_N_t_align_K_t|custom_kernel_laguna_residual_rms_bf16_2048_v1_bfloat16_t_bfloat16_t_bfloat16_t_bfloat16_t_bfloat16_t|steel_gemm_splitk_nt_bfloat16_float32_bm32_bn32_bk16_wm2_wn2_MN_taligned_K_taligned|steel_gemm_splitk_accum_bfloat16_float32|custom_kernel_laguna_prefill_router_tournament_ordinal_norm_v1_bfloat16_t_float_uint32_t_float|custom_kernel_mlx_lm_route_csort_scatter_fused_m8_u32_v4_uint32_t_uint32_t_uint32_t_uint32_t|gather_frontbfloat16_uint32_int_2|arangeuint32|nvfp4_gather_qmm_rhs_nt_bfloat16_t_gs_16_b_4_bm_16_bn_32_bk_32_wm_1_wn_2_align_M_t_align_N_t_align_K_t|nvfp4_qmm_t_splitk_fused_bfloat16_t_gs_16_b_4_alN_true|nvfp4_qmm_t_splitk_fused_bfloat16_t_gs_16_b_4_alN_true|g2_copybfloat16bfloat16|g2_copybfloat16bfloat16|CV2ISigmoidADV2IBroadcastACEV2IBroadcastCAFV2IMultiplyDEGV2IBroadcastFBHV2IBroadcastBFIV2OMultiplyGH_VV_V2V2_11160318154034397263_contiguous|arangeuint32|CV2ISigmoidADV2IBroadcastACEV2IBroadcastCAFV2IMultiplyDEGV2IBroadcastFBHV2IBroadcastBFIV2OMultiplyGH_VV_V2V2_11160318154034397263_contiguous|nvfp4_qmm_t_bfloat16_t_gs_16_b_4_alN_true_batch_0|nvfp4_gather_qmm_rhs_nt_bfloat16_t_gs_16_b_4_bm_16_bn_32_bk_32_wm_1_wn_2_align_M_t_align_N_t_align_K_t
GPUPROF 74341.481008375 74341.481084625 1 23101440 custom_kernel_laguna_prefill_sorted_moe_tail_bf16_v1_bfloat16_t_uint32_t_float_bfloat16_t_bfloat16_t_bfloat16_t
GPUPROF 74341.481085375 74341.495208917 30 636347908 rmsbfloat16|steel_gemm_splitk_nt_bfloat16_float32_bm32_bn32_bk16_wm2_wn2_MN_taligned_K_taligned|steel_gemm_splitk_accum_bfloat16_float32|steel_gemm_splitk_nt_bfloat16_float32_bm32_bn32_bk16_wm2_wn2_MN_taligned_K_taligned|steel_gemm_splitk_accum_bfloat16_float32|steel_gemm_fused_nt_bfloat16_bfloat16_bm64_bn64_bk16_wm2_wn2_has_batch_n_use_out_source_n_do_axpby_n_align_M_t_align_N_t_align_K_t|steel_gemm_splitk_nt_bfloat16_float32_bm32_bn32_bk16_wm2_wn2_MN_taligned_K_taligned|steel_gemm_splitk_accum_bfloat16_float32|custom_kernel_laguna_prefill_sliding_qk_norm_rope_bf16_128_h1_v2_bfloat16_t_bfloat16_t_bfloat16_t_bfloat16_t_float_int32_tc_bfloat16_t_bfloat16_t|steel_attention_bfloat16_bq32_bk16_bd128_wm4_wn1_maskbfloat16_align_Q_t_align_K_t_has_mask_n_do_causal_t_has_sinks_n|Cf4IAsTypeADf4IBroadcastCBEf4IBroadcastBCFf4ILogAddExpDEGV2OAsTypeF_VC_V2_10408321403207385874_contiguous|g2_Multiplybfloat16|steel_gemm_fused_nt_bfloat16_bfloat16_bm64_bn64_bk16_wm2_wn2_has_batch_n_use_out_source_n_do_axpby_n_align_M_t_align_N_t_align_K_t|custom_kernel_laguna_residual_rms_bf16_2048_v1_bfloat16_t_bfloat16_t_bfloat16_t_bfloat16_t_bfloat16_t|steel_gemm_splitk_nt_bfloat16_float32_bm32_bn32_bk16_wm2_wn2_MN_taligned_K_taligned|steel_gemm_splitk_accum_bfloat16_float32|custom_kernel_laguna_prefill_router_tournament_ordinal_norm_v1_bfloat16_t_float_uint32_t_float|custom_kernel_mlx_lm_route_csort_scatter_fused_m8_u32_v4_uint32_t_uint32_t_uint32_t_uint32_t|gather_frontbfloat16_uint32_int_2|arangeuint32|nvfp4_gather_qmm_rhs_nt_bfloat16_t_gs_16_b_4_bm_16_bn_32_bk_32_wm_1_wn_2_align_M_t_align_N_t_align_K_t|nvfp4_qmm_t_splitk_fused_bfloat16_t_gs_16_b_4_alN_true|nvfp4_qmm_t_splitk_fused_bfloat16_t_gs_16_b_4_alN_true|g2_copybfloat16bfloat16|g2_copybfloat16bfloat16|CV2ISigmoidADV2IBroadcastACEV2IBroadcastCAFV2IMultiplyDEGV2IBroadcastFBHV2IBroadcastBFIV2OMultiplyGH_VV_V2V2_11160318154034397263_contiguous|arangeuint32|CV2ISigmoidADV2IBroadcastACEV2IBroadcastCAFV2IMultiplyDEGV2IBroadcastFBHV2IBroadcastBFIV2OMultiplyGH_VV_V2V2_11160318154034397263_contiguous|nvfp4_qmm_t_bfloat16_t_gs_16_b_4_alN_true_batch_0|nvfp4_gather_qmm_rhs_nt_bfloat16_t_gs_16_b_4_bm_16_bn_32_bk_32_wm_1_wn_2_align_M_t_align_N_t_align_K_t
GPUPROF 74341.495209750 74341.495286042 1 23101440 custom_kernel_laguna_prefill_sorted_moe_tail_bf16_v1_bfloat16_t_uint32_t_float_bfloat16_t_bfloat16_t_bfloat16_t
GPUPROF 74341.495286875 74341.509300917 30 636347908 rmsbfloat16|steel_gemm_splitk_nt_bfloat16_float32_bm32_bn32_bk16_wm2_wn2_MN_taligned_K_taligned|steel_gemm_splitk_accum_bfloat16_float32|steel_gemm_splitk_nt_bfloat16_float32_bm32_bn32_bk16_wm2_wn2_MN_taligned_K_taligned|steel_gemm_splitk_accum_bfloat16_float32|steel_gemm_fused_nt_bfloat16_bfloat16_bm64_bn64_bk16_wm2_wn2_has_batch_n_use_out_source_n_do_axpby_n_align_M_t_align_N_t_align_K_t|steel_gemm_splitk_nt_bfloat16_float32_bm32_bn32_bk16_wm2_wn2_MN_taligned_K_taligned|steel_gemm_splitk_accum_bfloat16_float32|custom_kernel_laguna_prefill_sliding_qk_norm_rope_bf16_128_h1_v2_bfloat16_t_bfloat16_t_bfloat16_t_bfloat16_t_float_int32_tc_bfloat16_t_bfloat16_t|steel_attention_bfloat16_bq32_bk16_bd128_wm4_wn1_maskbfloat16_align_Q_t_align_K_t_has_mask_n_do_causal_t_has_sinks_n|Cf4IAsTypeADf4IBroadcastCBEf4IBroadcastBCFf4ILogAddExpDEGV2OAsTypeF_VC_V2_10408321403207385874_contiguous|g2_Multiplybfloat16|steel_gemm_fused_nt_bfloat16_bfloat16_bm64_bn64_bk16_wm2_wn2_has_batch_n_use_out_source_n_do_axpby_n_align_M_t_align_N_t_align_K_t|custom_kernel_laguna_residual_rms_bf16_2048_v1_bfloat16_t_bfloat16_t_bfloat16_t_bfloat16_t_bfloat16_t|steel_gemm_splitk_nt_bfloat16_float32_bm32_bn32_bk16_wm2_wn2_MN_taligned_K_taligned|steel_gemm_splitk_accum_bfloat16_float32|custom_kernel_laguna_prefill_router_tournament_ordinal_norm_v1_bfloat16_t_float_uint32_t_float|custom_kernel_mlx_lm_route_csort_scatter_fused_m8_u32_v4_uint32_t_uint32_t_uint32_t_uint32_t|gather_frontbfloat16_uint32_int_2|arangeuint32|nvfp4_gather_qmm_rhs_nt_bfloat16_t_gs_16_b_4_bm_16_bn_32_bk_32_wm_1_wn_2_align_M_t_align_N_t_align_K_t|nvfp4_qmm_t_splitk_fused_bfloat16_t_gs_16_b_4_alN_true|nvfp4_qmm_t_splitk_fused_bfloat16_t_gs_16_b_4_alN_true|g2_copybfloat16bfloat16|g2_copybfloat16bfloat16|CV2ISigmoidADV2IBroadcastACEV2IBroadcastCAFV2IMultiplyDEGV2IBroadcastFBHV2IBroadcastBFIV2OMultiplyGH_VV_V2V2_11160318154034397263_contiguous|arangeuint32|CV2ISigmoidADV2IBroadcastACEV2IBroadcastCAFV2IMultiplyDEGV2IBroadcastFBHV2IBroadcastBFIV2OMultiplyGH_VV_V2V2_11160318154034397263_contiguous|nvfp4_qmm_t_bfloat16_t_gs_16_b_4_alN_true_batch_0|nvfp4_gather_qmm_rhs_nt_bfloat16_t_gs_16_b_4_bm_16_bn_32_bk_32_wm_1_wn_2_align_M_t_align_N_t_align_K_t
GPUPROF 74341.509301750 74341.509377125 1 23101440 custom_kernel_laguna_prefill_sorted_moe_tail_bf16_v1_bfloat16_t_uint32_t_float_bfloat16_t_bfloat16_t_bfloat16_t
GPUPROF 74341.509377917 74341.523440750 30 636347908 rmsbfloat16|steel_gemm_splitk_nt_bfloat16_float32_bm32_bn32_bk16_wm2_wn2_MN_taligned_K_taligned|steel_gemm_splitk_accum_bfloat16_float32|steel_gemm_splitk_nt_bfloat16_float32_bm32_bn32_bk16_wm2_wn2_MN_taligned_K_taligned|steel_gemm_splitk_accum_bfloat16_float32|steel_gemm_fused_nt_bfloat16_bfloat16_bm64_bn64_bk16_wm2_wn2_has_batch_n_use_out_source_n_do_axpby_n_align_M_t_align_N_t_align_K_t|steel_gemm_splitk_nt_bfloat16_float32_bm32_bn32_bk16_wm2_wn2_MN_taligned_K_taligned|steel_gemm_splitk_accum_bfloat16_float32|custom_kernel_laguna_prefill_sliding_qk_norm_rope_bf16_128_h1_v2_bfloat16_t_bfloat16_t_bfloat16_t_bfloat16_t_float_int32_tc_bfloat16_t_bfloat16_t|steel_attention_bfloat16_bq32_bk16_bd128_wm4_wn1_maskbfloat16_align_Q_t_align_K_t_has_mask_n_do_causal_t_has_sinks_n|Cf4IAsTypeADf4IBroadcastCBEf4IBroadcastBCFf4ILogAddExpDEGV2OAsTypeF_VC_V2_10408321403207385874_contiguous|g2_Multiplybfloat16|steel_gemm_fused_nt_bfloat16_bfloat16_bm64_bn64_bk16_wm2_wn2_has_batch_n_use_out_source_n_do_axpby_n_align_M_t_align_N_t_align_K_t|custom_kernel_laguna_residual_rms_bf16_2048_v1_bfloat16_t_bfloat16_t_bfloat16_t_bfloat16_t_bfloat16_t|steel_gemm_splitk_nt_bfloat16_float32_bm32_bn32_bk16_wm2_wn2_MN_taligned_K_taligned|steel_gemm_splitk_accum_bfloat16_float32|custom_kernel_laguna_prefill_router_tournament_ordinal_norm_v1_bfloat16_t_float_uint32_t_float|custom_kernel_mlx_lm_route_csort_scatter_fused_m8_u32_v4_uint32_t_uint32_t_uint32_t_uint32_t|gather_frontbfloat16_uint32_int_2|arangeuint32|nvfp4_gather_qmm_rhs_nt_bfloat16_t_gs_16_b_4_bm_16_bn_32_bk_32_wm_1_wn_2_align_M_t_align_N_t_align_K_t|nvfp4_qmm_t_splitk_fused_bfloat16_t_gs_16_b_4_alN_true|nvfp4_qmm_t_splitk_fused_bfloat16_t_gs_16_b_4_alN_true|g2_copybfloat16bfloat16|g2_copybfloat16bfloat16|CV2ISigmoidADV2IBroadcastACEV2IBroadcastCAFV2IMultiplyDEGV2IBroadcastFBHV2IBroadcastBFIV2OMultiplyGH_VV_V2V2_11160318154034397263_contiguous|arangeuint32|CV2ISigmoidADV2IBroadcastACEV2IBroadcastCAFV2IMultiplyDEGV2IBroadcastFBHV2IBroadcastBFIV2OMultiplyGH_VV_V2V2_11160318154034397263_contiguous|nvfp4_qmm_t_bfloat16_t_gs_16_b_4_alN_true_batch_0|nvfp4_gather_qmm_rhs_nt_bfloat16_t_gs_16_b_4_bm_16_bn_32_bk_32_wm_1_wn_2_align_M_t_align_N_t_align_K_t
GPUPROF 74341.523441625 74341.523515250 1 23101440 custom_kernel_laguna_prefill_sorted_moe_tail_bf16_v1_bfloat16_t_uint32_t_float_bfloat16_t_bfloat16_t_bfloat16_t
GPUPROF 74341.523516042 74341.536202125 30 612017668 rmsbfloat16|steel_gemm_splitk_nt_bfloat16_float32_bm32_bn32_bk16_wm2_wn2_MN_taligned_K_taligned|steel_gemm_splitk_accum_bfloat16_float32|steel_gemm_splitk_nt_bfloat16_float32_bm32_bn32_bk16_wm2_wn2_MN_taligned_K_taligned|steel_gemm_splitk_accum_bfloat16_float32|steel_gemm_fused_nt_bfloat16_bfloat16_bm64_bn64_bk16_wm2_wn2_has_batch_n_use_out_source_n_do_axpby_n_align_M_t_align_N_t_align_K_t|steel_gemm_splitk_nt_bfloat16_float32_bm32_bn32_bk16_wm2_wn2_MN_naligned_K_taligned|steel_gemm_splitk_accum_bfloat16_float32|custom_kernel_laguna_prefill_full_qk_norm_yarn_bf16_128_h1_v2_bfloat16_t_bfloat16_t_bfloat16_t_bfloat16_t_float_int32_tc_bfloat16_t_bfloat16_t|steel_attention_bfloat16_bq32_bk16_bd128_wm4_wn1_maskbfloat16_align_Q_t_align_K_t_has_mask_n_do_causal_t_has_sinks_n|Cf4IAsTypeADf4IBroadcastCBEf4IBroadcastBCFf4ILogAddExpDEGV2OAsTypeF_VC_V2_10408321403207385874_contiguous|g2_Multiplybfloat16|steel_gemm_fused_nt_bfloat16_bfloat16_bm64_bn64_bk16_wm2_wn2_has_batch_n_use_out_source_n_do_axpby_n_align_M_t_align_N_t_align_K_t|custom_kernel_laguna_residual_rms_bf16_2048_v1_bfloat16_t_bfloat16_t_bfloat16_t_bfloat16_t_bfloat16_t|steel_gemm_splitk_nt_bfloat16_float32_bm32_bn32_bk16_wm2_wn2_MN_taligned_K_taligned|steel_gemm_splitk_accum_bfloat16_float32|custom_kernel_laguna_prefill_router_tournament_ordinal_norm_v1_bfloat16_t_float_uint32_t_float|custom_kernel_mlx_lm_route_csort_scatter_fused_m8_u32_v4_uint32_t_uint32_t_uint32_t_uint32_t|gather_frontbfloat16_uint32_int_2|arangeuint32|nvfp4_gather_qmm_rhs_nt_bfloat16_t_gs_16_b_4_bm_16_bn_32_bk_32_wm_1_wn_2_align_M_t_align_N_t_align_K_t|nvfp4_qmm_t_splitk_fused_bfloat16_t_gs_16_b_4_alN_true|nvfp4_qmm_t_splitk_fused_bfloat16_t_gs_16_b_4_alN_true|g2_copybfloat16bfloat16|g2_copybfloat16bfloat16|CV2ISigmoidADV2IBroadcastACEV2IBroadcastCAFV2IMultiplyDEGV2IBroadcastFBHV2IBroadcastBFIV2OMultiplyGH_VV_V2V2_11160318154034397263_contiguous|arangeuint32|CV2ISigmoidADV2IBroadcastACEV2IBroadcastCAFV2IMultiplyDEGV2IBroadcastFBHV2IBroadcastBFIV2OMultiplyGH_VV_V2V2_11160318154034397263_contiguous|nvfp4_qmm_t_bfloat16_t_gs_16_b_4_alN_true_batch_0|nvfp4_gather_qmm_rhs_nt_bfloat16_t_gs_16_b_4_bm_16_bn_32_bk_32_wm_1_wn_2_align_M_t_align_N_t_align_K_t
GPUPROF 74341.536203042 74341.536277625 1 23101440 custom_kernel_laguna_prefill_sorted_moe_tail_bf16_v1_bfloat16_t_uint32_t_float_bfloat16_t_bfloat16_t_bfloat16_t
GPUPROF 74341.536278750 74341.550238375 30 636347908 rmsbfloat16|steel_gemm_splitk_nt_bfloat16_float32_bm32_bn32_bk16_wm2_wn2_MN_taligned_K_taligned|steel_gemm_splitk_accum_bfloat16_float32|steel_gemm_splitk_nt_bfloat16_float32_bm32_bn32_bk16_wm2_wn2_MN_taligned_K_taligned|steel_gemm_splitk_accum_bfloat16_float32|steel_gemm_fused_nt_bfloat16_bfloat16_bm64_bn64_bk16_wm2_wn2_has_batch_n_use_out_source_n_do_axpby_n_align_M_t_align_N_t_align_K_t|steel_gemm_splitk_nt_bfloat16_float32_bm32_bn32_bk16_wm2_wn2_MN_taligned_K_taligned|steel_gemm_splitk_accum_bfloat16_float32|custom_kernel_laguna_prefill_sliding_qk_norm_rope_bf16_128_h1_v2_bfloat16_t_bfloat16_t_bfloat16_t_bfloat16_t_float_int32_tc_bfloat16_t_bfloat16_t|steel_attention_bfloat16_bq32_bk16_bd128_wm4_wn1_maskbfloat16_align_Q_t_align_K_t_has_mask_n_do_causal_t_has_sinks_n|Cf4IAsTypeADf4IBroadcastCBEf4IBroadcastBCFf4ILogAddExpDEGV2OAsTypeF_VC_V2_10408321403207385874_contiguous|g2_Multiplybfloat16|steel_gemm_fused_nt_bfloat16_bfloat16_bm64_bn64_bk16_wm2_wn2_has_batch_n_use_out_source_n_do_axpby_n_align_M_t_align_N_t_align_K_t|custom_kernel_laguna_residual_rms_bf16_2048_v1_bfloat16_t_bfloat16_t_bfloat16_t_bfloat16_t_bfloat16_t|steel_gemm_splitk_nt_bfloat16_float32_bm32_bn32_bk16_wm2_wn2_MN_taligned_K_taligned|steel_gemm_splitk_accum_bfloat16_float32|custom_kernel_laguna_prefill_router_tournament_ordinal_norm_v1_bfloat16_t_float_uint32_t_float|custom_kernel_mlx_lm_route_csort_scatter_fused_m8_u32_v4_uint32_t_uint32_t_uint32_t_uint32_t|gather_frontbfloat16_uint32_int_2|arangeuint32|nvfp4_gather_qmm_rhs_nt_bfloat16_t_gs_16_b_4_bm_16_bn_32_bk_32_wm_1_wn_2_align_M_t_align_N_t_align_K_t|nvfp4_qmm_t_splitk_fused_bfloat16_t_gs_16_b_4_alN_true|nvfp4_qmm_t_splitk_fused_bfloat16_t_gs_16_b_4_alN_true|g2_copybfloat16bfloat16|g2_copybfloat16bfloat16|CV2ISigmoidADV2IBroadcastACEV2IBroadcastCAFV2IMultiplyDEGV2IBroadcastFBHV2IBroadcastBFIV2OMultiplyGH_VV_V2V2_11160318154034397263_contiguous|arangeuint32|CV2ISigmoidADV2IBroadcastACEV2IBroadcastCAFV2IMultiplyDEGV2IBroadcastFBHV2IBroadcastBFIV2OMultiplyGH_VV_V2V2_11160318154034397263_contiguous|nvfp4_qmm_t_bfloat16_t_gs_16_b_4_alN_true_batch_0|nvfp4_gather_qmm_rhs_nt_bfloat16_t_gs_16_b_4_bm_16_bn_32_bk_32_wm_1_wn_2_align_M_t_align_N_t_align_K_t
GPUPROF 74341.550239125 74341.550316125 1 23101440 custom_kernel_laguna_prefill_sorted_moe_tail_bf16_v1_bfloat16_t_uint32_t_float_bfloat16_t_bfloat16_t_bfloat16_t
GPUPROF 74341.550316875 74341.564381625 30 636347908 rmsbfloat16|steel_gemm_splitk_nt_bfloat16_float32_bm32_bn32_bk16_wm2_wn2_MN_taligned_K_taligned|steel_gemm_splitk_accum_bfloat16_float32|steel_gemm_splitk_nt_bfloat16_float32_bm32_bn32_bk16_wm2_wn2_MN_taligned_K_taligned|steel_gemm_splitk_accum_bfloat16_float32|steel_gemm_fused_nt_bfloat16_bfloat16_bm64_bn64_bk16_wm2_wn2_has_batch_n_use_out_source_n_do_axpby_n_align_M_t_align_N_t_align_K_t|steel_gemm_splitk_nt_bfloat16_float32_bm32_bn32_bk16_wm2_wn2_MN_taligned_K_taligned|steel_gemm_splitk_accum_bfloat16_float32|custom_kernel_laguna_prefill_sliding_qk_norm_rope_bf16_128_h1_v2_bfloat16_t_bfloat16_t_bfloat16_t_bfloat16_t_float_int32_tc_bfloat16_t_bfloat16_t|steel_attention_bfloat16_bq32_bk16_bd128_wm4_wn1_maskbfloat16_align_Q_t_align_K_t_has_mask_n_do_causal_t_has_sinks_n|Cf4IAsTypeADf4IBroadcastCBEf4IBroadcastBCFf4ILogAddExpDEGV2OAsTypeF_VC_V2_10408321403207385874_contiguous|g2_Multiplybfloat16|steel_gemm_fused_nt_bfloat16_bfloat16_bm64_bn64_bk16_wm2_wn2_has_batch_n_use_out_source_n_do_axpby_n_align_M_t_align_N_t_align_K_t|custom_kernel_laguna_residual_rms_bf16_2048_v1_bfloat16_t_bfloat16_t_bfloat16_t_bfloat16_t_bfloat16_t|steel_gemm_splitk_nt_bfloat16_float32_bm32_bn32_bk16_wm2_wn2_MN_taligned_K_taligned|steel_gemm_splitk_accum_bfloat16_float32|custom_kernel_laguna_prefill_router_tournament_ordinal_norm_v1_bfloat16_t_float_uint32_t_float|custom_kernel_mlx_lm_route_csort_scatter_fused_m8_u32_v4_uint32_t_uint32_t_uint32_t_uint32_t|gather_frontbfloat16_uint32_int_2|arangeuint32|nvfp4_gather_qmm_rhs_nt_bfloat16_t_gs_16_b_4_bm_16_bn_32_bk_32_wm_1_wn_2_align_M_t_align_N_t_align_K_t|nvfp4_qmm_t_splitk_fused_bfloat16_t_gs_16_b_4_alN_true|nvfp4_qmm_t_splitk_fused_bfloat16_t_gs_16_b_4_alN_true|g2_copybfloat16bfloat16|g2_copybfloat16bfloat16|CV2ISigmoidADV2IBroadcastACEV2IBroadcastCAFV2IMultiplyDEGV2IBroadcastFBHV2IBroadcastBFIV2OMultiplyGH_VV_V2V2_11160318154034397263_contiguous|arangeuint32|CV2ISigmoidADV2IBroadcastACEV2IBroadcastCAFV2IMultiplyDEGV2IBroadcastFBHV2IBroadcastBFIV2OMultiplyGH_VV_V2V2_11160318154034397263_contiguous|nvfp4_qmm_t_bfloat16_t_gs_16_b_4_alN_true_batch_0|nvfp4_gather_qmm_rhs_nt_bfloat16_t_gs_16_b_4_bm_16_bn_32_bk_32_wm_1_wn_2_align_M_t_align_N_t_align_K_t
GPUPROF 74341.564382542 74341.564458500 1 23101440 custom_kernel_laguna_prefill_sorted_moe_tail_bf16_v1_bfloat16_t_uint32_t_float_bfloat16_t_bfloat16_t_bfloat16_t
GPUPROF 74341.564459250 74341.578676500 30 636347908 rmsbfloat16|steel_gemm_splitk_nt_bfloat16_float32_bm32_bn32_bk16_wm2_wn2_MN_taligned_K_taligned|steel_gemm_splitk_accum_bfloat16_float32|steel_gemm_splitk_nt_bfloat16_float32_bm32_bn32_bk16_wm2_wn2_MN_taligned_K_taligned|steel_gemm_splitk_accum_bfloat16_float32|steel_gemm_fused_nt_bfloat16_bfloat16_bm64_bn64_bk16_wm2_wn2_has_batch_n_use_out_source_n_do_axpby_n_align_M_t_align_N_t_align_K_t|steel_gemm_splitk_nt_bfloat16_float32_bm32_bn32_bk16_wm2_wn2_MN_taligned_K_taligned|steel_gemm_splitk_accum_bfloat16_float32|custom_kernel_laguna_prefill_sliding_qk_norm_rope_bf16_128_h1_v2_bfloat16_t_bfloat16_t_bfloat16_t_bfloat16_t_float_int32_tc_bfloat16_t_bfloat16_t|steel_attention_bfloat16_bq32_bk16_bd128_wm4_wn1_maskbfloat16_align_Q_t_align_K_t_has_mask_n_do_causal_t_has_sinks_n|Cf4IAsTypeADf4IBroadcastCBEf4IBroadcastBCFf4ILogAddExpDEGV2OAsTypeF_VC_V2_10408321403207385874_contiguous|g2_Multiplybfloat16|steel_gemm_fused_nt_bfloat16_bfloat16_bm64_bn64_bk16_wm2_wn2_has_batch_n_use_out_source_n_do_axpby_n_align_M_t_align_N_t_align_K_t|custom_kernel_laguna_residual_rms_bf16_2048_v1_bfloat16_t_bfloat16_t_bfloat16_t_bfloat16_t_bfloat16_t|steel_gemm_splitk_nt_bfloat16_float32_bm32_bn32_bk16_wm2_wn2_MN_taligned_K_taligned|steel_gemm_splitk_accum_bfloat16_float32|custom_kernel_laguna_prefill_router_tournament_ordinal_norm_v1_bfloat16_t_float_uint32_t_float|custom_kernel_mlx_lm_route_csort_scatter_fused_m8_u32_v4_uint32_t_uint32_t_uint32_t_uint32_t|gather_frontbfloat16_uint32_int_2|arangeuint32|nvfp4_gather_qmm_rhs_nt_bfloat16_t_gs_16_b_4_bm_16_bn_32_bk_32_wm_1_wn_2_align_M_t_align_N_t_align_K_t|nvfp4_qmm_t_splitk_fused_bfloat16_t_gs_16_b_4_alN_true|nvfp4_qmm_t_splitk_fused_bfloat16_t_gs_16_b_4_alN_true|g2_copybfloat16bfloat16|g2_copybfloat16bfloat16|CV2ISigmoidADV2IBroadcastACEV2IBroadcastCAFV2IMultiplyDEGV2IBroadcastFBHV2IBroadcastBFIV2OMultiplyGH_VV_V2V2_11160318154034397263_contiguous|arangeuint32|CV2ISigmoidADV2IBroadcastACEV2IBroadcastCAFV2IMultiplyDEGV2IBroadcastFBHV2IBroadcastBFIV2OMultiplyGH_VV_V2V2_11160318154034397263_contiguous|nvfp4_qmm_t_bfloat16_t_gs_16_b_4_alN_true_batch_0|nvfp4_gather_qmm_rhs_nt_bfloat16_t_gs_16_b_4_bm_16_bn_32_bk_32_wm_1_wn_2_align_M_t_align_N_t_align_K_t
GPUPROF 74341.578677292 74341.578752542 1 23101440 custom_kernel_laguna_prefill_sorted_moe_tail_bf16_v1_bfloat16_t_uint32_t_float_bfloat16_t_bfloat16_t_bfloat16_t
GPUPROF 74341.578753375 74341.591352917 30 612017668 rmsbfloat16|steel_gemm_splitk_nt_bfloat16_float32_bm32_bn32_bk16_wm2_wn2_MN_taligned_K_taligned|steel_gemm_splitk_accum_bfloat16_float32|steel_gemm_splitk_nt_bfloat16_float32_bm32_bn32_bk16_wm2_wn2_MN_taligned_K_taligned|steel_gemm_splitk_accum_bfloat16_float32|steel_gemm_fused_nt_bfloat16_bfloat16_bm64_bn64_bk16_wm2_wn2_has_batch_n_use_out_source_n_do_axpby_n_align_M_t_align_N_t_align_K_t|steel_gemm_splitk_nt_bfloat16_float32_bm32_bn32_bk16_wm2_wn2_MN_naligned_K_taligned|steel_gemm_splitk_accum_bfloat16_float32|custom_kernel_laguna_prefill_full_qk_norm_yarn_bf16_128_h1_v2_bfloat16_t_bfloat16_t_bfloat16_t_bfloat16_t_float_int32_tc_bfloat16_t_bfloat16_t|steel_attention_bfloat16_bq32_bk16_bd128_wm4_wn1_maskbfloat16_align_Q_t_align_K_t_has_mask_n_do_causal_t_has_sinks_n|Cf4IAsTypeADf4IBroadcastCBEf4IBroadcastBCFf4ILogAddExpDEGV2OAsTypeF_VC_V2_10408321403207385874_contiguous|g2_Multiplybfloat16|steel_gemm_fused_nt_bfloat16_bfloat16_bm64_bn64_bk16_wm2_wn2_has_batch_n_use_out_source_n_do_axpby_n_align_M_t_align_N_t_align_K_t|custom_kernel_laguna_residual_rms_bf16_2048_v1_bfloat16_t_bfloat16_t_bfloat16_t_bfloat16_t_bfloat16_t|steel_gemm_splitk_nt_bfloat16_float32_bm32_bn32_bk16_wm2_wn2_MN_taligned_K_taligned|steel_gemm_splitk_accum_bfloat16_float32|custom_kernel_laguna_prefill_router_tournament_ordinal_norm_v1_bfloat16_t_float_uint32_t_float|custom_kernel_mlx_lm_route_csort_scatter_fused_m8_u32_v4_uint32_t_uint32_t_uint32_t_uint32_t|gather_frontbfloat16_uint32_int_2|arangeuint32|nvfp4_gather_qmm_rhs_nt_bfloat16_t_gs_16_b_4_bm_16_bn_32_bk_32_wm_1_wn_2_align_M_t_align_N_t_align_K_t|nvfp4_qmm_t_splitk_fused_bfloat16_t_gs_16_b_4_alN_true|nvfp4_qmm_t_splitk_fused_bfloat16_t_gs_16_b_4_alN_true|g2_copybfloat16bfloat16|g2_copybfloat16bfloat16|CV2ISigmoidADV2IBroadcastACEV2IBroadcastCAFV2IMultiplyDEGV2IBroadcastFBHV2IBroadcastBFIV2OMultiplyGH_VV_V2V2_11160318154034397263_contiguous|arangeuint32|CV2ISigmoidADV2IBroadcastACEV2IBroadcastCAFV2IMultiplyDEGV2IBroadcastFBHV2IBroadcastBFIV2OMultiplyGH_VV_V2V2_11160318154034397263_contiguous|nvfp4_qmm_t_bfloat16_t_gs_16_b_4_alN_true_batch_0|nvfp4_gather_qmm_rhs_nt_bfloat16_t_gs_16_b_4_bm_16_bn_32_bk_32_wm_1_wn_2_align_M_t_align_N_t_align_K_t
GPUPROF 74341.591353625 74341.591428042 1 23101440 custom_kernel_laguna_prefill_sorted_moe_tail_bf16_v1_bfloat16_t_uint32_t_float_bfloat16_t_bfloat16_t_bfloat16_t
GPUPROF 74341.591428792 74341.605507250 30 636347908 rmsbfloat16|steel_gemm_splitk_nt_bfloat16_float32_bm32_bn32_bk16_wm2_wn2_MN_taligned_K_taligned|steel_gemm_splitk_accum_bfloat16_float32|steel_gemm_splitk_nt_bfloat16_float32_bm32_bn32_bk16_wm2_wn2_MN_taligned_K_taligned|steel_gemm_splitk_accum_bfloat16_float32|steel_gemm_fused_nt_bfloat16_bfloat16_bm64_bn64_bk16_wm2_wn2_has_batch_n_use_out_source_n_do_axpby_n_align_M_t_align_N_t_align_K_t|steel_gemm_splitk_nt_bfloat16_float32_bm32_bn32_bk16_wm2_wn2_MN_taligned_K_taligned|steel_gemm_splitk_accum_bfloat16_float32|custom_kernel_laguna_prefill_sliding_qk_norm_rope_bf16_128_h1_v2_bfloat16_t_bfloat16_t_bfloat16_t_bfloat16_t_float_int32_tc_bfloat16_t_bfloat16_t|steel_attention_bfloat16_bq32_bk16_bd128_wm4_wn1_maskbfloat16_align_Q_t_align_K_t_has_mask_n_do_causal_t_has_sinks_n|Cf4IAsTypeADf4IBroadcastCBEf4IBroadcastBCFf4ILogAddExpDEGV2OAsTypeF_VC_V2_10408321403207385874_contiguous|g2_Multiplybfloat16|steel_gemm_fused_nt_bfloat16_bfloat16_bm64_bn64_bk16_wm2_wn2_has_batch_n_use_out_source_n_do_axpby_n_align_M_t_align_N_t_align_K_t|custom_kernel_laguna_residual_rms_bf16_2048_v1_bfloat16_t_bfloat16_t_bfloat16_t_bfloat16_t_bfloat16_t|steel_gemm_splitk_nt_bfloat16_float32_bm32_bn32_bk16_wm2_wn2_MN_taligned_K_taligned|steel_gemm_splitk_accum_bfloat16_float32|custom_kernel_laguna_prefill_router_tournament_ordinal_norm_v1_bfloat16_t_float_uint32_t_float|custom_kernel_mlx_lm_route_csort_scatter_fused_m8_u32_v4_uint32_t_uint32_t_uint32_t_uint32_t|gather_frontbfloat16_uint32_int_2|arangeuint32|nvfp4_gather_qmm_rhs_nt_bfloat16_t_gs_16_b_4_bm_16_bn_32_bk_32_wm_1_wn_2_align_M_t_align_N_t_align_K_t|nvfp4_qmm_t_splitk_fused_bfloat16_t_gs_16_b_4_alN_true|nvfp4_qmm_t_splitk_fused_bfloat16_t_gs_16_b_4_alN_true|g2_copybfloat16bfloat16|g2_copybfloat16bfloat16|CV2ISigmoidADV2IBroadcastACEV2IBroadcastCAFV2IMultiplyDEGV2IBroadcastFBHV2IBroadcastBFIV2OMultiplyGH_VV_V2V2_11160318154034397263_contiguous|arangeuint32|CV2ISigmoidADV2IBroadcastACEV2IBroadcastCAFV2IMultiplyDEGV2IBroadcastFBHV2IBroadcastBFIV2OMultiplyGH_VV_V2V2_11160318154034397263_contiguous|nvfp4_qmm_t_bfloat16_t_gs_16_b_4_alN_true_batch_0|nvfp4_gather_qmm_rhs_nt_bfloat16_t_gs_16_b_4_bm_16_bn_32_bk_32_wm_1_wn_2_align_M_t_align_N_t_align_K_t
GPUPROF 74341.605508000 74341.605583542 1 23101440 custom_kernel_laguna_prefill_sorted_moe_tail_bf16_v1_bfloat16_t_uint32_t_float_bfloat16_t_bfloat16_t_bfloat16_t
GPUPROF 74341.605584375 74341.619318542 30 636347908 rmsbfloat16|steel_gemm_splitk_nt_bfloat16_float32_bm32_bn32_bk16_wm2_wn2_MN_taligned_K_taligned|steel_gemm_splitk_accum_bfloat16_float32|steel_gemm_splitk_nt_bfloat16_float32_bm32_bn32_bk16_wm2_wn2_MN_taligned_K_taligned|steel_gemm_splitk_accum_bfloat16_float32|steel_gemm_fused_nt_bfloat16_bfloat16_bm64_bn64_bk16_wm2_wn2_has_batch_n_use_out_source_n_do_axpby_n_align_M_t_align_N_t_align_K_t|steel_gemm_splitk_nt_bfloat16_float32_bm32_bn32_bk16_wm2_wn2_MN_taligned_K_taligned|steel_gemm_splitk_accum_bfloat16_float32|custom_kernel_laguna_prefill_sliding_qk_norm_rope_bf16_128_h1_v2_bfloat16_t_bfloat16_t_bfloat16_t_bfloat16_t_float_int32_tc_bfloat16_t_bfloat16_t|steel_attention_bfloat16_bq32_bk16_bd128_wm4_wn1_maskbfloat16_align_Q_t_align_K_t_has_mask_n_do_causal_t_has_sinks_n|Cf4IAsTypeADf4IBroadcastCBEf4IBroadcastBCFf4ILogAddExpDEGV2OAsTypeF_VC_V2_10408321403207385874_contiguous|g2_Multiplybfloat16|steel_gemm_fused_nt_bfloat16_bfloat16_bm64_bn64_bk16_wm2_wn2_has_batch_n_use_out_source_n_do_axpby_n_align_M_t_align_N_t_align_K_t|custom_kernel_laguna_residual_rms_bf16_2048_v1_bfloat16_t_bfloat16_t_bfloat16_t_bfloat16_t_bfloat16_t|steel_gemm_splitk_nt_bfloat16_float32_bm32_bn32_bk16_wm2_wn2_MN_taligned_K_taligned|steel_gemm_splitk_accum_bfloat16_float32|custom_kernel_laguna_prefill_router_tournament_ordinal_norm_v1_bfloat16_t_float_uint32_t_float|custom_kernel_mlx_lm_route_csort_scatter_fused_m8_u32_v4_uint32_t_uint32_t_uint32_t_uint32_t|gather_frontbfloat16_uint32_int_2|arangeuint32|nvfp4_gather_qmm_rhs_nt_bfloat16_t_gs_16_b_4_bm_16_bn_32_bk_32_wm_1_wn_2_align_M_t_align_N_t_align_K_t|nvfp4_qmm_t_splitk_fused_bfloat16_t_gs_16_b_4_alN_true|nvfp4_qmm_t_splitk_fused_bfloat16_t_gs_16_b_4_alN_true|g2_copybfloat16bfloat16|g2_copybfloat16bfloat16|CV2ISigmoidADV2IBroadcastACEV2IBroadcastCAFV2IMultiplyDEGV2IBroadcastFBHV2IBroadcastBFIV2OMultiplyGH_VV_V2V2_11160318154034397263_contiguous|arangeuint32|CV2ISigmoidADV2IBroadcastACEV2IBroadcastCAFV2IMultiplyDEGV2IBroadcastFBHV2IBroadcastBFIV2OMultiplyGH_VV_V2V2_11160318154034397263_contiguous|nvfp4_qmm_t_bfloat16_t_gs_16_b_4_alN_true_batch_0|nvfp4_gather_qmm_rhs_nt_bfloat16_t_gs_16_b_4_bm_16_bn_32_bk_32_wm_1_wn_2_align_M_t_align_N_t_align_K_t
GPUPROF 74341.619319500 74341.619395250 1 23101440 custom_kernel_laguna_prefill_sorted_moe_tail_bf16_v1_bfloat16_t_uint32_t_float_bfloat16_t_bfloat16_t_bfloat16_t
GPUPROF 74341.619396042 74341.620918000 19 650351176 rmsbfloat16|steel_gemm_fused_nt_bfloat16_bfloat16_bm64_bn64_bk16_wm2_wn2_has_batch_n_use_out_source_n_do_axpby_n_align_M_t_align_N_t_align_K_t|gemv_al_bfloat16_bm8_bn1_sm1_sn32_tm4_tn4_nc0_axpby0|g2_copybfloat16bfloat16|rmsbfloat16|rmsbfloat16|rope_bfloat16_|rope_single_bfloat16_|Cf4IAsTypeADf4IBroadcastCBEf4IBroadcastBCFf4ILogAddExpDEGV2OAsTypeF_VC_V2_10408321403207385874_contiguous|sdpa_vector_bfloat16_t_128_128_nomask_qnt_nc_nosinks|g2_Multiplybfloat16|gemv_al_bfloat16_bm4_bn1_sm1_sn32_tm4_tn4_nc0_axpby0|custom_kernel_laguna_residual_rms_router_bf16_2048_rpg8_keys_v1_bfloat16_t_bfloat16_t_bfloat16_t_bfloat16_t_float_bfloat16_t_bfloat16_t_bfloat16_t_uint32_t|custom_kernel_laguna_shared_nvfp4_swiglu_qmv_rows1_bf16_v1_bfloat16_t_uint32_t_uint8_t_bfloat16_t|custom_kernel_laguna_decode_router_top8_ordinal_table_norm_v1_bfloat16_t_float_uint32_t_float|custom_kernel_laguna_routed_nvfp4_swiglu_qmv_packed_top8keys_r1_bf16_v2_bfloat16_t_uint32_t_uint8_t_uint32_t_bfloat16_t|custom_kernel_laguna_routed_shared_nvfp4_down_residual_bf16_r1_v5_bfloat16_t_uint32_t_uint8_t_uint32_t_float_bfloat16_t_uint32_t_uint8_t_bfloat16_t_bfloat16_t|rmsbfloat16|custom_kernel_laguna_lmhead_int5_inline_coarse_ratio_bound_delta_bf16_v6_bfloat16_t_uint8_t_uint8_t_uint8_t_float_bfloat16_t
GPUPROF 74341.620922250 74341.621012375 3 411849732 custom_kernel_laguna_lmhead_coarse_argmax_stage1_v5_float_float_uint32_t|custom_kernel_laguna_lmhead_exact_winner_bf16_midpoint_threshold_v1_float_uint32_t_bfloat16_t_bfloat16_t_float|custom_kernel_laguna_lmhead_exact_inline_mask_block_delta_bf16_lane0_mask_v1_float_bfloat16_t_floatc_bfloat16_t_bfloat16_t_bfloat16_t
GPUPROF 74341.621201000 74341.621214125 2 401416 gather_frontbfloat16_int32_int_2|argmax_bfloat16
GPUPROF 74341.625286625 74341.625691625 4 424679424 gather_frontbfloat16_int32_int_2|rmsbfloat16|steel_gemm_splitk_nt_bfloat16_float32_bm32_bn32_bk16_wm2_wn2_MN_taligned_K_taligned|steel_gemm_splitk_accum_bfloat16_float32
GPUPROF 74341.625976000 74341.637910000 16 212455940 steel_gemm_splitk_nt_bfloat16_float32_bm32_bn32_bk16_wm2_wn2_MN_taligned_K_taligned|steel_gemm_splitk_accum_bfloat16_float32|steel_gemm_fused_nt_bfloat16_bfloat16_bm64_bn64_bk16_wm2_wn2_has_batch_n_use_out_source_n_do_axpby_n_align_M_t_align_N_t_align_K_t|steel_gemm_splitk_nt_bfloat16_float32_bm32_bn32_bk16_wm2_wn2_MN_naligned_K_taligned|steel_gemm_splitk_accum_bfloat16_float32|custom_kernel_laguna_prefill_full_qk_norm_yarn_bf16_128_h1_v2_bfloat16_t_bfloat16_t_bfloat16_t_bfloat16_t_float_int32_tc_bfloat16_t_bfloat16_t|steel_attention_bfloat16_bq32_bk16_bd128_wm4_wn1_maskbfloat16_align_Q_t_align_K_t_has_mask_n_do_causal_t_has_sinks_n|Cf4IAsTypeADf4IBroadcastCBEf4IBroadcastBCFf4ILogAddExpDEGV2OAsTypeF_VC_V2_10408321403207385874_contiguous|g2_Multiplybfloat16|steel_gemm_fused_nt_bfloat16_bfloat16_bm64_bn64_bk16_wm2_wn2_has_batch_n_use_out_source_n_do_axpby_n_align_M_t_align_N_t_align_K_t|custom_kernel_laguna_residual_rms_bf16_2048_v1_bfloat16_t_bfloat16_t_bfloat16_t_bfloat16_t_bfloat16_t|steel_gemm_fused_nt_bfloat16_bfloat16_bm64_bn64_bk16_wm2_wn2_has_batch_n_use_out_source_n_do_axpby_n_align_M_t_align_N_t_align_K_t|steel_gemm_fused_nt_bfloat16_bfloat16_bm64_bn64_bk16_wm2_wn2_has_batch_n_use_out_source_n_do_axpby_n_align_M_t_align_N_t_align_K_t|CV2ISigmoidADV2IBroadcastACEV2IBroadcastCAFV2IMultiplyDEGV2IBroadcastFBHV2IBroadcastBFIV2OMultiplyGH_VV_V2V2_11160318154034397263_contiguous|steel_gemm_fused_nt_bfloat16_bfloat16_bm64_bn64_bk16_wm2_wn2_has_batch_n_use_out_source_n_do_axpby_n_align_M_t_align_N_t_align_K_t|vvn_Addbfloat16
GPUPROF 74341.637911167 74341.652587000 30 636347908 rmsbfloat16|steel_gemm_splitk_nt_bfloat16_float32_bm32_bn32_bk16_wm2_wn2_MN_taligned_K_taligned|steel_gemm_splitk_accum_bfloat16_float32|steel_gemm_splitk_nt_bfloat16_float32_bm32_bn32_bk16_wm2_wn2_MN_taligned_K_taligned|steel_gemm_splitk_accum_bfloat16_float32|steel_gemm_fused_nt_bfloat16_bfloat16_bm64_bn64_bk16_wm2_wn2_has_batch_n_use_out_source_n_do_axpby_n_align_M_t_align_N_t_align_K_t|steel_gemm_splitk_nt_bfloat16_float32_bm32_bn32_bk16_wm2_wn2_MN_taligned_K_taligned|steel_gemm_splitk_accum_bfloat16_float32|custom_kernel_laguna_prefill_sliding_qk_norm_rope_bf16_128_h1_v2_bfloat16_t_bfloat16_t_bfloat16_t_bfloat16_t_float_int32_tc_bfloat16_t_bfloat16_t|steel_attention_bfloat16_bq32_bk16_bd128_wm4_wn1_maskbfloat16_align_Q_t_align_K_t_has_mask_n_do_causal_t_has_sinks_n|Cf4IAsTypeADf4IBroadcastCBEf4IBroadcastBCFf4ILogAddExpDEGV2OAsTypeF_VC_V2_10408321403207385874_contiguous|g2_Multiplybfloat16|steel_gemm_fused_nt_bfloat16_bfloat16_bm64_bn64_bk16_wm2_wn2_has_batch_n_use_out_source_n_do_axpby_n_align_M_t_align_N_t_align_K_t|custom_kernel_laguna_residual_rms_bf16_2048_v1_bfloat16_t_bfloat16_t_bfloat16_t_bfloat16_t_bfloat16_t|steel_gemm_splitk_nt_bfloat16_float32_bm32_bn32_bk16_wm2_wn2_MN_taligned_K_taligned|steel_gemm_splitk_accum_bfloat16_float32|custom_kernel_laguna_prefill_router_tournament_ordinal_norm_v1_bfloat16_t_float_uint32_t_float|custom_kernel_mlx_lm_route_csort_scatter_fused_m8_u32_v4_uint32_t_uint32_t_uint32_t_uint32_t|gather_frontbfloat16_uint32_int_2|arangeuint32|nvfp4_gather_qmm_rhs_nt_bfloat16_t_gs_16_b_4_bm_16_bn_32_bk_32_wm_1_wn_2_align_M_t_align_N_t_align_K_t|nvfp4_qmm_t_splitk_fused_bfloat16_t_gs_16_b_4_alN_true|nvfp4_qmm_t_splitk_fused_bfloat16_t_gs_16_b_4_alN_true|g2_copybfloat16bfloat16|g2_copybfloat16bfloat16|CV2ISigmoidADV2IBroadcastACEV2IBroadcastCAFV2IMultiplyDEGV2IBroadcastFBHV2IBroadcastBFIV2OMultiplyGH_VV_V2V2_11160318154034397263_contiguous|arangeuint32|CV2ISigmoidADV2IBroadcastACEV2IBroadcastCAFV2IMultiplyDEGV2IBroadcastFBHV2IBroadcastBFIV2OMultiplyGH_VV_V2V2_11160318154034397263_contiguous|nvfp4_qmm_t_bfloat16_t_gs_16_b_4_alN_true_batch_0|nvfp4_gather_qmm_rhs_nt_bfloat16_t_gs_16_b_4_bm_16_bn_32_bk_32_wm_1_wn_2_align_M_t_align_N_t_align_K_t
GPUPROF 74341.652587750 74341.652665250 1 23101440 custom_kernel_laguna_prefill_sorted_moe_tail_bf16_v1_bfloat16_t_uint32_t_float_bfloat16_t_bfloat16_t_bfloat16_t
GPUPROF 74341.652666125 74341.667439417 30 636347908 rmsbfloat16|steel_gemm_splitk_nt_bfloat16_float32_bm32_bn32_bk16_wm2_wn2_MN_taligned_K_taligned|steel_gemm_splitk_accum_bfloat16_float32|steel_gemm_splitk_nt_bfloat16_float32_bm32_bn32_bk16_wm2_wn2_MN_taligned_K_taligned|steel_gemm_splitk_accum_bfloat16_float32|steel_gemm_fused_nt_bfloat16_bfloat16_bm64_bn64_bk16_wm2_wn2_has_batch_n_use_out_source_n_do_axpby_n_align_M_t_align_N_t_align_K_t|steel_gemm_splitk_nt_bfloat16_float32_bm32_bn32_bk16_wm2_wn2_MN_taligned_K_taligned|steel_gemm_splitk_accum_bfloat16_float32|custom_kernel_laguna_prefill_sliding_qk_norm_rope_bf16_128_h1_v2_bfloat16_t_bfloat16_t_bfloat16_t_bfloat16_t_float_int32_tc_bfloat16_t_bfloat16_t|steel_attention_bfloat16_bq32_bk16_bd128_wm4_wn1_maskbfloat16_align_Q_t_align_K_t_has_mask_n_do_causal_t_has_sinks_n|Cf4IAsTypeADf4IBroadcastCBEf4IBroadcastBCFf4ILogAddExpDEGV2OAsTypeF_VC_V2_10408321403207385874_contiguous|g2_Multiplybfloat16|steel_gemm_fused_nt_bfloat16_bfloat16_bm64_bn64_bk16_wm2_wn2_has_batch_n_use_out_source_n_do_axpby_n_align_M_t_align_N_t_align_K_t|custom_kernel_laguna_residual_rms_bf16_2048_v1_bfloat16_t_bfloat16_t_bfloat16_t_bfloat16_t_bfloat16_t|steel_gemm_splitk_nt_bfloat16_float32_bm32_bn32_bk16_wm2_wn2_MN_taligned_K_taligned|steel_gemm_splitk_accum_bfloat16_float32|custom_kernel_laguna_prefill_router_tournament_ordinal_norm_v1_bfloat16_t_float_uint32_t_float|custom_kernel_mlx_lm_route_csort_scatter_fused_m8_u32_v4_uint32_t_uint32_t_uint32_t_uint32_t|gather_frontbfloat16_uint32_int_2|arangeuint32|nvfp4_gather_qmm_rhs_nt_bfloat16_t_gs_16_b_4_bm_16_bn_32_bk_32_wm_1_wn_2_align_M_t_align_N_t_align_K_t|nvfp4_qmm_t_splitk_fused_bfloat16_t_gs_16_b_4_alN_true|nvfp4_qmm_t_splitk_fused_bfloat16_t_gs_16_b_4_alN_true|g2_copybfloat16bfloat16|g2_copybfloat16bfloat16|CV2ISigmoidADV2IBroadcastACEV2IBroadcastCAFV2IMultiplyDEGV2IBroadcastFBHV2IBroadcastBFIV2OMultiplyGH_VV_V2V2_11160318154034397263_contiguous|arangeuint32|CV2ISigmoidADV2IBroadcastACEV2IBroadcastCAFV2IMultiplyDEGV2IBroadcastFBHV2IBroadcastBFIV2OMultiplyGH_VV_V2V2_11160318154034397263_contiguous|nvfp4_qmm_t_bfloat16_t_gs_16_b_4_alN_true_batch_0|nvfp4_gather_qmm_rhs_nt_bfloat16_t_gs_16_b_4_bm_16_bn_32_bk_32_wm_1_wn_2_align_M_t_align_N_t_align_K_t
GPUPROF 74341.667440375 74341.667515625 1 23101440 custom_kernel_laguna_prefill_sorted_moe_tail_bf16_v1_bfloat16_t_uint32_t_float_bfloat16_t_bfloat16_t_bfloat16_t
GPUPROF 74341.667516917 74341.682115875 30 636347908 rmsbfloat16|steel_gemm_splitk_nt_bfloat16_float32_bm32_bn32_bk16_wm2_wn2_MN_taligned_K_taligned|steel_gemm_splitk_accum_bfloat16_float32|steel_gemm_splitk_nt_bfloat16_float32_bm32_bn32_bk16_wm2_wn2_MN_taligned_K_taligned|steel_gemm_splitk_accum_bfloat16_float32|steel_gemm_fused_nt_bfloat16_bfloat16_bm64_bn64_bk16_wm2_wn2_has_batch_n_use_out_source_n_do_axpby_n_align_M_t_align_N_t_align_K_t|steel_gemm_splitk_nt_bfloat16_float32_bm32_bn32_bk16_wm2_wn2_MN_taligned_K_taligned|steel_gemm_splitk_accum_bfloat16_float32|custom_kernel_laguna_prefill_sliding_qk_norm_rope_bf16_128_h1_v2_bfloat16_t_bfloat16_t_bfloat16_t_bfloat16_t_float_int32_tc_bfloat16_t_bfloat16_t|steel_attention_bfloat16_bq32_bk16_bd128_wm4_wn1_maskbfloat16_align_Q_t_align_K_t_has_mask_n_do_causal_t_has_sinks_n|Cf4IAsTypeADf4IBroadcastCBEf4IBroadcastBCFf4ILogAddExpDEGV2OAsTypeF_VC_V2_10408321403207385874_contiguous|g2_Multiplybfloat16|steel_gemm_fused_nt_bfloat16_bfloat16_bm64_bn64_bk16_wm2_wn2_has_batch_n_use_out_source_n_do_axpby_n_align_M_t_align_N_t_align_K_t|custom_kernel_laguna_residual_rms_bf16_2048_v1_bfloat16_t_bfloat16_t_bfloat16_t_bfloat16_t_bfloat16_t|steel_gemm_splitk_nt_bfloat16_float32_bm32_bn32_bk16_wm2_wn2_MN_taligned_K_taligned|steel_gemm_splitk_accum_bfloat16_float32|custom_kernel_laguna_prefill_router_tournament_ordinal_norm_v1_bfloat16_t_float_uint32_t_float|custom_kernel_mlx_lm_route_csort_scatter_fused_m8_u32_v4_uint32_t_uint32_t_uint32_t_uint32_t|gather_frontbfloat16_uint32_int_2|arangeuint32|nvfp4_gather_qmm_rhs_nt_bfloat16_t_gs_16_b_4_bm_16_bn_32_bk_32_wm_1_wn_2_align_M_t_align_N_t_align_K_t|nvfp4_qmm_t_splitk_fused_bfloat16_t_gs_16_b_4_alN_true|nvfp4_qmm_t_splitk_fused_bfloat16_t_gs_16_b_4_alN_true|g2_copybfloat16bfloat16|g2_copybfloat16bfloat16|CV2ISigmoidADV2IBroadcastACEV2IBroadcastCAFV2IMultiplyDEGV2IBroadcastFBHV2IBroadcastBFIV2OMultiplyGH_VV_V2V2_11160318154034397263_contiguous|arangeuint32|CV2ISigmoidADV2IBroadcastACEV2IBroadcastCAFV2IMultiplyDEGV2IBroadcastFBHV2IBroadcastBFIV2OMultiplyGH_VV_V2V2_11160318154034397263_contiguous|nvfp4_qmm_t_bfloat16_t_gs_16_b_4_alN_true_batch_0|nvfp4_gather_qmm_rhs_nt_bfloat16_t_gs_16_b_4_bm_16_bn_32_bk_32_wm_1_wn_2_align_M_t_align_N_t_align_K_t
GPUPROF 74341.682116625 74341.682195250 1 23101440 custom_kernel_laguna_prefill_sorted_moe_tail_bf16_v1_bfloat16_t_uint32_t_float_bfloat16_t_bfloat16_t_bfloat16_t
GPUPROF 74341.682196292 74341.695137042 30 612017668 rmsbfloat16|steel_gemm_splitk_nt_bfloat16_float32_bm32_bn32_bk16_wm2_wn2_MN_taligned_K_taligned|steel_gemm_splitk_accum_bfloat16_float32|steel_gemm_splitk_nt_bfloat16_float32_bm32_bn32_bk16_wm2_wn2_MN_taligned_K_taligned|steel_gemm_splitk_accum_bfloat16_float32|steel_gemm_fused_nt_bfloat16_bfloat16_bm64_bn64_bk16_wm2_wn2_has_batch_n_use_out_source_n_do_axpby_n_align_M_t_align_N_t_align_K_t|steel_gemm_splitk_nt_bfloat16_float32_bm32_bn32_bk16_wm2_wn2_MN_naligned_K_taligned|steel_gemm_splitk_accum_bfloat16_float32|custom_kernel_laguna_prefill_full_qk_norm_yarn_bf16_128_h1_v2_bfloat16_t_bfloat16_t_bfloat16_t_bfloat16_t_float_int32_tc_bfloat16_t_bfloat16_t|steel_attention_bfloat16_bq32_bk16_bd128_wm4_wn1_maskbfloat16_align_Q_t_align_K_t_has_mask_n_do_causal_t_has_sinks_n|Cf4IAsTypeADf4IBroadcastCBEf4IBroadcastBCFf4ILogAddExpDEGV2OAsTypeF_VC_V2_10408321403207385874_contiguous|g2_Multiplybfloat16|steel_gemm_fused_nt_bfloat16_bfloat16_bm64_bn64_bk16_wm2_wn2_has_batch_n_use_out_source_n_do_axpby_n_align_M_t_align_N_t_align_K_t|custom_kernel_laguna_residual_rms_bf16_2048_v1_bfloat16_t_bfloat16_t_bfloat16_t_bfloat16_t_bfloat16_t|steel_gemm_splitk_nt_bfloat16_float32_bm32_bn32_bk16_wm2_wn2_MN_taligned_K_taligned|steel_gemm_splitk_accum_bfloat16_float32|custom_kernel_laguna_prefill_router_tournament_ordinal_norm_v1_bfloat16_t_float_uint32_t_float|custom_kernel_mlx_lm_route_csort_scatter_fused_m8_u32_v4_uint32_t_uint32_t_uint32_t_uint32_t|gather_frontbfloat16_uint32_int_2|arangeuint32|nvfp4_gather_qmm_rhs_nt_bfloat16_t_gs_16_b_4_bm_16_bn_32_bk_32_wm_1_wn_2_align_M_t_align_N_t_align_K_t|nvfp4_qmm_t_splitk_fused_bfloat16_t_gs_16_b_4_alN_true|nvfp4_qmm_t_splitk_fused_bfloat16_t_gs_16_b_4_alN_true|g2_copybfloat16bfloat16|g2_copybfloat16bfloat16|CV2ISigmoidADV2IBroadcastACEV2IBroadcastCAFV2IMultiplyDEGV2IBroadcastFBHV2IBroadcastBFIV2OMultiplyGH_VV_V2V2_11160318154034397263_contiguous|arangeuint32|CV2ISigmoidADV2IBroadcastACEV2IBroadcastCAFV2IMultiplyDEGV2IBroadcastFBHV2IBroadcastBFIV2OMultiplyGH_VV_V2V2_11160318154034397263_contiguous|nvfp4_qmm_t_bfloat16_t_gs_16_b_4_alN_true_batch_0|nvfp4_gather_qmm_rhs_nt_bfloat16_t_gs_16_b_4_bm_16_bn_32_bk_32_wm_1_wn_2_align_M_t_align_N_t_align_K_t
GPUPROF 74341.695137875 74341.695212042 1 23101440 custom_kernel_laguna_prefill_sorted_moe_tail_bf16_v1_bfloat16_t_uint32_t_float_bfloat16_t_bfloat16_t_bfloat16_t
GPUPROF 74341.695213000 74341.709664500 30 636347908 rmsbfloat16|steel_gemm_splitk_nt_bfloat16_float32_bm32_bn32_bk16_wm2_wn2_MN_taligned_K_taligned|steel_gemm_splitk_accum_bfloat16_float32|steel_gemm_splitk_nt_bfloat16_float32_bm32_bn32_bk16_wm2_wn2_MN_taligned_K_taligned|steel_gemm_splitk_accum_bfloat16_float32|steel_gemm_fused_nt_bfloat16_bfloat16_bm64_bn64_bk16_wm2_wn2_has_batch_n_use_out_source_n_do_axpby_n_align_M_t_align_N_t_align_K_t|steel_gemm_splitk_nt_bfloat16_float32_bm32_bn32_bk16_wm2_wn2_MN_taligned_K_taligned|steel_gemm_splitk_accum_bfloat16_float32|custom_kernel_laguna_prefill_sliding_qk_norm_rope_bf16_128_h1_v2_bfloat16_t_bfloat16_t_bfloat16_t_bfloat16_t_float_int32_tc_bfloat16_t_bfloat16_t|steel_attention_bfloat16_bq32_bk16_bd128_wm4_wn1_maskbfloat16_align_Q_t_align_K_t_has_mask_n_do_causal_t_has_sinks_n|Cf4IAsTypeADf4IBroadcastCBEf4IBroadcastBCFf4ILogAddExpDEGV2OAsTypeF_VC_V2_10408321403207385874_contiguous|g2_Multiplybfloat16|steel_gemm_fused_nt_bfloat16_bfloat16_bm64_bn64_bk16_wm2_wn2_has_batch_n_use_out_source_n_do_axpby_n_align_M_t_align_N_t_align_K_t|custom_kernel_laguna_residual_rms_bf16_2048_v1_bfloat16_t_bfloat16_t_bfloat16_t_bfloat16_t_bfloat16_t|steel_gemm_splitk_nt_bfloat16_float32_bm32_bn32_bk16_wm2_wn2_MN_taligned_K_taligned|steel_gemm_splitk_accum_bfloat16_float32|custom_kernel_laguna_prefill_router_tournament_ordinal_norm_v1_bfloat16_t_float_uint32_t_float|custom_kernel_mlx_lm_route_csort_scatter_fused_m8_u32_v4_uint32_t_uint32_t_uint32_t_uint32_t|gather_frontbfloat16_uint32_int_2|arangeuint32|nvfp4_gather_qmm_rhs_nt_bfloat16_t_gs_16_b_4_bm_16_bn_32_bk_32_wm_1_wn_2_align_M_t_align_N_t_align_K_t|nvfp4_qmm_t_splitk_fused_bfloat16_t_gs_16_b_4_alN_true|nvfp4_qmm_t_splitk_fused_bfloat16_t_gs_16_b_4_alN_true|g2_copybfloat16bfloat16|g2_copybfloat16bfloat16|CV2ISigmoidADV2IBroadcastACEV2IBroadcastCAFV2IMultiplyDEGV2IBroadcastFBHV2IBroadcastBFIV2OMultiplyGH_VV_V2V2_11160318154034397263_contiguous|arangeuint32|CV2ISigmoidADV2IBroadcastACEV2IBroadcastCAFV2IMultiplyDEGV2IBroadcastFBHV2IBroadcastBFIV2OMultiplyGH_VV_V2V2_11160318154034397263_contiguous|nvfp4_qmm_t_bfloat16_t_gs_16_b_4_alN_true_batch_0|nvfp4_gather_qmm_rhs_nt_bfloat16_t_gs_16_b_4_bm_16_bn_32_bk_32_wm_1_wn_2_align_M_t_align_N_t_align_K_t
GPUPROF 74341.709665625 74341.709741750 1 23101440 custom_kernel_laguna_prefill_sorted_moe_tail_bf16_v1_bfloat16_t_uint32_t_float_bfloat16_t_bfloat16_t_bfloat16_t
GPUPROF 74341.709742500 74341.724125625 30 636347908 rmsbfloat16|steel_gemm_splitk_nt_bfloat16_float32_bm32_bn32_bk16_wm2_wn2_MN_taligned_K_taligned|steel_gemm_splitk_accum_bfloat16_float32|steel_gemm_splitk_nt_bfloat16_float32_bm32_bn32_bk16_wm2_wn2_MN_taligned_K_taligned|steel_gemm_splitk_accum_bfloat16_float32|steel_gemm_fused_nt_bfloat16_bfloat16_bm64_bn64_bk16_wm2_wn2_has_batch_n_use_out_source_n_do_axpby_n_align_M_t_align_N_t_align_K_t|steel_gemm_splitk_nt_bfloat16_float32_bm32_bn32_bk16_wm2_wn2_MN_taligned_K_taligned|steel_gemm_splitk_accum_bfloat16_float32|custom_kernel_laguna_prefill_sliding_qk_norm_rope_bf16_128_h1_v2_bfloat16_t_bfloat16_t_bfloat16_t_bfloat16_t_float_int32_tc_bfloat16_t_bfloat16_t|steel_attention_bfloat16_bq32_bk16_bd128_wm4_wn1_maskbfloat16_align_Q_t_align_K_t_has_mask_n_do_causal_t_has_sinks_n|Cf4IAsTypeADf4IBroadcastCBEf4IBroadcastBCFf4ILogAddExpDEGV2OAsTypeF_VC_V2_10408321403207385874_contiguous|g2_Multiplybfloat16|steel_gemm_fused_nt_bfloat16_bfloat16_bm64_bn64_bk16_wm2_wn2_has_batch_n_use_out_source_n_do_axpby_n_align_M_t_align_N_t_align_K_t|custom_kernel_laguna_residual_rms_bf16_2048_v1_bfloat16_t_bfloat16_t_bfloat16_t_bfloat16_t_bfloat16_t|steel_gemm_splitk_nt_bfloat16_float32_bm32_bn32_bk16_wm2_wn2_MN_taligned_K_taligned|steel_gemm_splitk_accum_bfloat16_float32|custom_kernel_laguna_prefill_router_tournament_ordinal_norm_v1_bfloat16_t_float_uint32_t_float|custom_kernel_mlx_lm_route_csort_scatter_fused_m8_u32_v4_uint32_t_uint32_t_uint32_t_uint32_t|gather_frontbfloat16_uint32_int_2|arangeuint32|nvfp4_gather_qmm_rhs_nt_bfloat16_t_gs_16_b_4_bm_16_bn_32_bk_32_wm_1_wn_2_align_M_t_align_N_t_align_K_t|nvfp4_qmm_t_splitk_fused_bfloat16_t_gs_16_b_4_alN_true|nvfp4_qmm_t_splitk_fused_bfloat16_t_gs_16_b_4_alN_true|g2_copybfloat16bfloat16|g2_copybfloat16bfloat16|CV2ISigmoidADV2IBroadcastACEV2IBroadcastCAFV2IMultiplyDEGV2IBroadcastFBHV2IBroadcastBFIV2OMultiplyGH_VV_V2V2_11160318154034397263_contiguous|arangeuint32|CV2ISigmoidADV2IBroadcastACEV2IBroadcastCAFV2IMultiplyDEGV2IBroadcastFBHV2IBroadcastBFIV2OMultiplyGH_VV_V2V2_11160318154034397263_contiguous|nvfp4_qmm_t_bfloat16_t_gs_16_b_4_alN_true_batch_0|nvfp4_gather_qmm_rhs_nt_bfloat16_t_gs_16_b_4_bm_16_bn_32_bk_32_wm_1_wn_2_align_M_t_align_N_t_align_K_t
GPUPROF 74341.724126375 74341.724202500 1 23101440 custom_kernel_laguna_prefill_sorted_moe_tail_bf16_v1_bfloat16_t_uint32_t_float_bfloat16_t_bfloat16_t_bfloat16_t
GPUPROF 74341.724203500 74341.738601375 30 636347908 rmsbfloat16|steel_gemm_splitk_nt_bfloat16_float32_bm32_bn32_bk16_wm2_wn2_MN_taligned_K_taligned|steel_gemm_splitk_accum_bfloat16_float32|steel_gemm_splitk_nt_bfloat16_float32_bm32_bn32_bk16_wm2_wn2_MN_taligned_K_taligned|steel_gemm_splitk_accum_bfloat16_float32|steel_gemm_fused_nt_bfloat16_bfloat16_bm64_bn64_bk16_wm2_wn2_has_batch_n_use_out_source_n_do_axpby_n_align_M_t_align_N_t_align_K_t|steel_gemm_splitk_nt_bfloat16_float32_bm32_bn32_bk16_wm2_wn2_MN_taligned_K_taligned|steel_gemm_splitk_accum_bfloat16_float32|custom_kernel_laguna_prefill_sliding_qk_norm_rope_bf16_128_h1_v2_bfloat16_t_bfloat16_t_bfloat16_t_bfloat16_t_float_int32_tc_bfloat16_t_bfloat16_t|steel_attention_bfloat16_bq32_bk16_bd128_wm4_wn1_maskbfloat16_align_Q_t_align_K_t_has_mask_n_do_causal_t_has_sinks_n|Cf4IAsTypeADf4IBroadcastCBEf4IBroadcastBCFf4ILogAddExpDEGV2OAsTypeF_VC_V2_10408321403207385874_contiguous|g2_Multiplybfloat16|steel_gemm_fused_nt_bfloat16_bfloat16_bm64_bn64_bk16_wm2_wn2_has_batch_n_use_out_source_n_do_axpby_n_align_M_t_align_N_t_align_K_t|custom_kernel_laguna_residual_rms_bf16_2048_v1_bfloat16_t_bfloat16_t_bfloat16_t_bfloat16_t_bfloat16_t|steel_gemm_splitk_nt_bfloat16_float32_bm32_bn32_bk16_wm2_wn2_MN_taligned_K_taligned|steel_gemm_splitk_accum_bfloat16_float32|custom_kernel_laguna_prefill_router_tournament_ordinal_norm_v1_bfloat16_t_float_uint32_t_float|custom_kernel_mlx_lm_route_csort_scatter_fused_m8_u32_v4_uint32_t_uint32_t_uint32_t_uint32_t|gather_frontbfloat16_uint32_int_2|arangeuint32|nvfp4_gather_qmm_rhs_nt_bfloat16_t_gs_16_b_4_bm_16_bn_32_bk_32_wm_1_wn_2_align_M_t_align_N_t_align_K_t|nvfp4_qmm_t_splitk_fused_bfloat16_t_gs_16_b_4_alN_true|nvfp4_qmm_t_splitk_fused_bfloat16_t_gs_16_b_4_alN_true|g2_copybfloat16bfloat16|g2_copybfloat16bfloat16|CV2ISigmoidADV2IBroadcastACEV2IBroadcastCAFV2IMultiplyDEGV2IBroadcastFBHV2IBroadcastBFIV2OMultiplyGH_VV_V2V2_11160318154034397263_contiguous|arangeuint32|CV2ISigmoidADV2IBroadcastACEV2IBroadcastCAFV2IMultiplyDEGV2IBroadcastFBHV2IBroadcastBFIV2OMultiplyGH_VV_V2V2_11160318154034397263_contiguous|nvfp4_qmm_t_bfloat16_t_gs_16_b_4_alN_true_batch_0|nvfp4_gather_qmm_rhs_nt_bfloat16_t_gs_16_b_4_bm_16_bn_32_bk_32_wm_1_wn_2_align_M_t_align_N_t_align_K_t
GPUPROF 74341.738602125 74341.738680292 1 23101440 custom_kernel_laguna_prefill_sorted_moe_tail_bf16_v1_bfloat16_t_uint32_t_float_bfloat16_t_bfloat16_t_bfloat16_t
GPUPROF 74341.738681125 74341.751757042 30 612017668 rmsbfloat16|steel_gemm_splitk_nt_bfloat16_float32_bm32_bn32_bk16_wm2_wn2_MN_taligned_K_taligned|steel_gemm_splitk_accum_bfloat16_float32|steel_gemm_splitk_nt_bfloat16_float32_bm32_bn32_bk16_wm2_wn2_MN_taligned_K_taligned|steel_gemm_splitk_accum_bfloat16_float32|steel_gemm_fused_nt_bfloat16_bfloat16_bm64_bn64_bk16_wm2_wn2_has_batch_n_use_out_source_n_do_axpby_n_align_M_t_align_N_t_align_K_t|steel_gemm_splitk_nt_bfloat16_float32_bm32_bn32_bk16_wm2_wn2_MN_naligned_K_taligned|steel_gemm_splitk_accum_bfloat16_float32|custom_kernel_laguna_prefill_full_qk_norm_yarn_bf16_128_h1_v2_bfloat16_t_bfloat16_t_bfloat16_t_bfloat16_t_float_int32_tc_bfloat16_t_bfloat16_t|steel_attention_bfloat16_bq32_bk16_bd128_wm4_wn1_maskbfloat16_align_Q_t_align_K_t_has_mask_n_do_causal_t_has_sinks_n|Cf4IAsTypeADf4IBroadcastCBEf4IBroadcastBCFf4ILogAddExpDEGV2OAsTypeF_VC_V2_10408321403207385874_contiguous|g2_Multiplybfloat16|steel_gemm_fused_nt_bfloat16_bfloat16_bm64_bn64_bk16_wm2_wn2_has_batch_n_use_out_source_n_do_axpby_n_align_M_t_align_N_t_align_K_t|custom_kernel_laguna_residual_rms_bf16_2048_v1_bfloat16_t_bfloat16_t_bfloat16_t_bfloat16_t_bfloat16_t|steel_gemm_splitk_nt_bfloat16_float32_bm32_bn32_bk16_wm2_wn2_MN_taligned_K_taligned|steel_gemm_splitk_accum_bfloat16_float32|custom_kernel_laguna_prefill_router_tournament_ordinal_norm_v1_bfloat16_t_float_uint32_t_float|custom_kernel_mlx_lm_route_csort_scatter_fused_m8_u32_v4_uint32_t_uint32_t_uint32_t_uint32_t|gather_frontbfloat16_uint32_int_2|arangeuint32|nvfp4_gather_qmm_rhs_nt_bfloat16_t_gs_16_b_4_bm_16_bn_32_bk_32_wm_1_wn_2_align_M_t_align_N_t_align_K_t|nvfp4_qmm_t_splitk_fused_bfloat16_t_gs_16_b_4_alN_true|nvfp4_qmm_t_splitk_fused_bfloat16_t_gs_16_b_4_alN_true|g2_copybfloat16bfloat16|g2_copybfloat16bfloat16|CV2ISigmoidADV2IBroadcastACEV2IBroadcastCAFV2IMultiplyDEGV2IBroadcastFBHV2IBroadcastBFIV2OMultiplyGH_VV_V2V2_11160318154034397263_contiguous|arangeuint32|CV2ISigmoidADV2IBroadcastACEV2IBroadcastCAFV2IMultiplyDEGV2IBroadcastFBHV2IBroadcastBFIV2OMultiplyGH_VV_V2V2_11160318154034397263_contiguous|nvfp4_qmm_t_bfloat16_t_gs_16_b_4_alN_true_batch_0|nvfp4_gather_qmm_rhs_nt_bfloat16_t_gs_16_b_4_bm_16_bn_32_bk_32_wm_1_wn_2_align_M_t_align_N_t_align_K_t
GPUPROF 74341.751757792 74341.751837000 1 23101440 custom_kernel_laguna_prefill_sorted_moe_tail_bf16_v1_bfloat16_t_uint32_t_float_bfloat16_t_bfloat16_t_bfloat16_t
GPUPROF 74341.751837750 74341.766255875 30 636347908 rmsbfloat16|steel_gemm_splitk_nt_bfloat16_float32_bm32_bn32_bk16_wm2_wn2_MN_taligned_K_taligned|steel_gemm_splitk_accum_bfloat16_float32|steel_gemm_splitk_nt_bfloat16_float32_bm32_bn32_bk16_wm2_wn2_MN_taligned_K_taligned|steel_gemm_splitk_accum_bfloat16_float32|steel_gemm_fused_nt_bfloat16_bfloat16_bm64_bn64_bk16_wm2_wn2_has_batch_n_use_out_source_n_do_axpby_n_align_M_t_align_N_t_align_K_t|steel_gemm_splitk_nt_bfloat16_float32_bm32_bn32_bk16_wm2_wn2_MN_taligned_K_taligned|steel_gemm_splitk_accum_bfloat16_float32|custom_kernel_laguna_prefill_sliding_qk_norm_rope_bf16_128_h1_v2_bfloat16_t_bfloat16_t_bfloat16_t_bfloat16_t_float_int32_tc_bfloat16_t_bfloat16_t|steel_attention_bfloat16_bq32_bk16_bd128_wm4_wn1_maskbfloat16_align_Q_t_align_K_t_has_mask_n_do_causal_t_has_sinks_n|Cf4IAsTypeADf4IBroadcastCBEf4IBroadcastBCFf4ILogAddExpDEGV2OAsTypeF_VC_V2_10408321403207385874_contiguous|g2_Multiplybfloat16|steel_gemm_fused_nt_bfloat16_bfloat16_bm64_bn64_bk16_wm2_wn2_has_batch_n_use_out_source_n_do_axpby_n_align_M_t_align_N_t_align_K_t|custom_kernel_laguna_residual_rms_bf16_2048_v1_bfloat16_t_bfloat16_t_bfloat16_t_bfloat16_t_bfloat16_t|steel_gemm_splitk_nt_bfloat16_float32_bm32_bn32_bk16_wm2_wn2_MN_taligned_K_taligned|steel_gemm_splitk_accum_bfloat16_float32|custom_kernel_laguna_prefill_router_tournament_ordinal_norm_v1_bfloat16_t_float_uint32_t_float|custom_kernel_mlx_lm_route_csort_scatter_fused_m8_u32_v4_uint32_t_uint32_t_uint32_t_uint32_t|gather_frontbfloat16_uint32_int_2|arangeuint32|nvfp4_gather_qmm_rhs_nt_bfloat16_t_gs_16_b_4_bm_16_bn_32_bk_32_wm_1_wn_2_align_M_t_align_N_t_align_K_t|nvfp4_qmm_t_splitk_fused_bfloat16_t_gs_16_b_4_alN_true|nvfp4_qmm_t_splitk_fused_bfloat16_t_gs_16_b_4_alN_true|g2_copybfloat16bfloat16|g2_copybfloat16bfloat16|CV2ISigmoidADV2IBroadcastACEV2IBroadcastCAFV2IMultiplyDEGV2IBroadcastFBHV2IBroadcastBFIV2OMultiplyGH_VV_V2V2_11160318154034397263_contiguous|arangeuint32|CV2ISigmoidADV2IBroadcastACEV2IBroadcastCAFV2IMultiplyDEGV2IBroadcastFBHV2IBroadcastBFIV2OMultiplyGH_VV_V2V2_11160318154034397263_contiguous|nvfp4_qmm_t_bfloat16_t_gs_16_b_4_alN_true_batch_0|nvfp4_gather_qmm_rhs_nt_bfloat16_t_gs_16_b_4_bm_16_bn_32_bk_32_wm_1_wn_2_align_M_t_align_N_t_align_K_t
GPUPROF 74341.766256625 74341.766334500 1 23101440 custom_kernel_laguna_prefill_sorted_moe_tail_bf16_v1_bfloat16_t_uint32_t_float_bfloat16_t_bfloat16_t_bfloat16_t
GPUPROF 74341.766335250 74341.780897250 30 636347908 rmsbfloat16|steel_gemm_splitk_nt_bfloat16_float32_bm32_bn32_bk16_wm2_wn2_MN_taligned_K_taligned|steel_gemm_splitk_accum_bfloat16_float32|steel_gemm_splitk_nt_bfloat16_float32_bm32_bn32_bk16_wm2_wn2_MN_taligned_K_taligned|steel_gemm_splitk_accum_bfloat16_float32|steel_gemm_fused_nt_bfloat16_bfloat16_bm64_bn64_bk16_wm2_wn2_has_batch_n_use_out_source_n_do_axpby_n_align_M_t_align_N_t_align_K_t|steel_gemm_splitk_nt_bfloat16_float32_bm32_bn32_bk16_wm2_wn2_MN_taligned_K_taligned|steel_gemm_splitk_accum_bfloat16_float32|custom_kernel_laguna_prefill_sliding_qk_norm_rope_bf16_128_h1_v2_bfloat16_t_bfloat16_t_bfloat16_t_bfloat16_t_float_int32_tc_bfloat16_t_bfloat16_t|steel_attention_bfloat16_bq32_bk16_bd128_wm4_wn1_maskbfloat16_align_Q_t_align_K_t_has_mask_n_do_causal_t_has_sinks_n|Cf4IAsTypeADf4IBroadcastCBEf4IBroadcastBCFf4ILogAddExpDEGV2OAsTypeF_VC_V2_10408321403207385874_contiguous|g2_Multiplybfloat16|steel_gemm_fused_nt_bfloat16_bfloat16_bm64_bn64_bk16_wm2_wn2_has_batch_n_use_out_source_n_do_axpby_n_align_M_t_align_N_t_align_K_t|custom_kernel_laguna_residual_rms_bf16_2048_v1_bfloat16_t_bfloat16_t_bfloat16_t_bfloat16_t_bfloat16_t|steel_gemm_splitk_nt_bfloat16_float32_bm32_bn32_bk16_wm2_wn2_MN_taligned_K_taligned|steel_gemm_splitk_accum_bfloat16_float32|custom_kernel_laguna_prefill_router_tournament_ordinal_norm_v1_bfloat16_t_float_uint32_t_float|custom_kernel_mlx_lm_route_csort_scatter_fused_m8_u32_v4_uint32_t_uint32_t_uint32_t_uint32_t|gather_frontbfloat16_uint32_int_2|arangeuint32|nvfp4_gather_qmm_rhs_nt_bfloat16_t_gs_16_b_4_bm_16_bn_32_bk_32_wm_1_wn_2_align_M_t_align_N_t_align_K_t|nvfp4_qmm_t_splitk_fused_bfloat16_t_gs_16_b_4_alN_true|nvfp4_qmm_t_splitk_fused_bfloat16_t_gs_16_b_4_alN_true|g2_copybfloat16bfloat16|g2_copybfloat16bfloat16|CV2ISigmoidADV2IBroadcastACEV2IBroadcastCAFV2IMultiplyDEGV2IBroadcastFBHV2IBroadcastBFIV2OMultiplyGH_VV_V2V2_11160318154034397263_contiguous|arangeuint32|CV2ISigmoidADV2IBroadcastACEV2IBroadcastCAFV2IMultiplyDEGV2IBroadcastFBHV2IBroadcastBFIV2OMultiplyGH_VV_V2V2_11160318154034397263_contiguous|nvfp4_qmm_t_bfloat16_t_gs_16_b_4_alN_true_batch_0|nvfp4_gather_qmm_rhs_nt_bfloat16_t_gs_16_b_4_bm_16_bn_32_bk_32_wm_1_wn_2_align_M_t_align_N_t_align_K_t
GPUPROF 74341.780918000 74341.780992375 1 23101440 custom_kernel_laguna_prefill_sorted_moe_tail_bf16_v1_bfloat16_t_uint32_t_float_bfloat16_t_bfloat16_t_bfloat16_t
GPUPROF 74341.780993167 74341.795380000 30 636347908 rmsbfloat16|steel_gemm_splitk_nt_bfloat16_float32_bm32_bn32_bk16_wm2_wn2_MN_taligned_K_taligned|steel_gemm_splitk_accum_bfloat16_float32|steel_gemm_splitk_nt_bfloat16_float32_bm32_bn32_bk16_wm2_wn2_MN_taligned_K_taligned|steel_gemm_splitk_accum_bfloat16_float32|steel_gemm_fused_nt_bfloat16_bfloat16_bm64_bn64_bk16_wm2_wn2_has_batch_n_use_out_source_n_do_axpby_n_align_M_t_align_N_t_align_K_t|steel_gemm_splitk_nt_bfloat16_float32_bm32_bn32_bk16_wm2_wn2_MN_taligned_K_taligned|steel_gemm_splitk_accum_bfloat16_float32|custom_kernel_laguna_prefill_sliding_qk_norm_rope_bf16_128_h1_v2_bfloat16_t_bfloat16_t_bfloat16_t_bfloat16_t_float_int32_tc_bfloat16_t_bfloat16_t|steel_attention_bfloat16_bq32_bk16_bd128_wm4_wn1_maskbfloat16_align_Q_t_align_K_t_has_mask_n_do_causal_t_has_sinks_n|Cf4IAsTypeADf4IBroadcastCBEf4IBroadcastBCFf4ILogAddExpDEGV2OAsTypeF_VC_V2_10408321403207385874_contiguous|g2_Multiplybfloat16|steel_gemm_fused_nt_bfloat16_bfloat16_bm64_bn64_bk16_wm2_wn2_has_batch_n_use_out_source_n_do_axpby_n_align_M_t_align_N_t_align_K_t|custom_kernel_laguna_residual_rms_bf16_2048_v1_bfloat16_t_bfloat16_t_bfloat16_t_bfloat16_t_bfloat16_t|steel_gemm_splitk_nt_bfloat16_float32_bm32_bn32_bk16_wm2_wn2_MN_taligned_K_taligned|steel_gemm_splitk_accum_bfloat16_float32|custom_kernel_laguna_prefill_router_tournament_ordinal_norm_v1_bfloat16_t_float_uint32_t_float|custom_kernel_mlx_lm_route_csort_scatter_fused_m8_u32_v4_uint32_t_uint32_t_uint32_t_uint32_t|gather_frontbfloat16_uint32_int_2|arangeuint32|nvfp4_gather_qmm_rhs_nt_bfloat16_t_gs_16_b_4_bm_16_bn_32_bk_32_wm_1_wn_2_align_M_t_align_N_t_align_K_t|nvfp4_qmm_t_splitk_fused_bfloat16_t_gs_16_b_4_alN_true|nvfp4_qmm_t_splitk_fused_bfloat16_t_gs_16_b_4_alN_true|g2_copybfloat16bfloat16|g2_copybfloat16bfloat16|CV2ISigmoidADV2IBroadcastACEV2IBroadcastCAFV2IMultiplyDEGV2IBroadcastFBHV2IBroadcastBFIV2OMultiplyGH_VV_V2V2_11160318154034397263_contiguous|arangeuint32|CV2ISigmoidADV2IBroadcastACEV2IBroadcastCAFV2IMultiplyDEGV2IBroadcastFBHV2IBroadcastBFIV2OMultiplyGH_VV_V2V2_11160318154034397263_contiguous|nvfp4_qmm_t_bfloat16_t_gs_16_b_4_alN_true_batch_0|nvfp4_gather_qmm_rhs_nt_bfloat16_t_gs_16_b_4_bm_16_bn_32_bk_32_wm_1_wn_2_align_M_t_align_N_t_align_K_t
GPUPROF 74341.795380792 74341.795459167 1 23101440 custom_kernel_laguna_prefill_sorted_moe_tail_bf16_v1_bfloat16_t_uint32_t_float_bfloat16_t_bfloat16_t_bfloat16_t
GPUPROF 74341.795460000 74341.808432875 30 612017668 rmsbfloat16|steel_gemm_splitk_nt_bfloat16_float32_bm32_bn32_bk16_wm2_wn2_MN_taligned_K_taligned|steel_gemm_splitk_accum_bfloat16_float32|steel_gemm_splitk_nt_bfloat16_float32_bm32_bn32_bk16_wm2_wn2_MN_taligned_K_taligned|steel_gemm_splitk_accum_bfloat16_float32|steel_gemm_fused_nt_bfloat16_bfloat16_bm64_bn64_bk16_wm2_wn2_has_batch_n_use_out_source_n_do_axpby_n_align_M_t_align_N_t_align_K_t|steel_gemm_splitk_nt_bfloat16_float32_bm32_bn32_bk16_wm2_wn2_MN_naligned_K_taligned|steel_gemm_splitk_accum_bfloat16_float32|custom_kernel_laguna_prefill_full_qk_norm_yarn_bf16_128_h1_v2_bfloat16_t_bfloat16_t_bfloat16_t_bfloat16_t_float_int32_tc_bfloat16_t_bfloat16_t|steel_attention_bfloat16_bq32_bk16_bd128_wm4_wn1_maskbfloat16_align_Q_t_align_K_t_has_mask_n_do_causal_t_has_sinks_n|Cf4IAsTypeADf4IBroadcastCBEf4IBroadcastBCFf4ILogAddExpDEGV2OAsTypeF_VC_V2_10408321403207385874_contiguous|g2_Multiplybfloat16|steel_gemm_fused_nt_bfloat16_bfloat16_bm64_bn64_bk16_wm2_wn2_has_batch_n_use_out_source_n_do_axpby_n_align_M_t_align_N_t_align_K_t|custom_kernel_laguna_residual_rms_bf16_2048_v1_bfloat16_t_bfloat16_t_bfloat16_t_bfloat16_t_bfloat16_t|steel_gemm_splitk_nt_bfloat16_float32_bm32_bn32_bk16_wm2_wn2_MN_taligned_K_taligned|steel_gemm_splitk_accum_bfloat16_float32|custom_kernel_laguna_prefill_router_tournament_ordinal_norm_v1_bfloat16_t_float_uint32_t_float|custom_kernel_mlx_lm_route_csort_scatter_fused_m8_u32_v4_uint32_t_uint32_t_uint32_t_uint32_t|gather_frontbfloat16_uint32_int_2|arangeuint32|nvfp4_gather_qmm_rhs_nt_bfloat16_t_gs_16_b_4_bm_16_bn_32_bk_32_wm_1_wn_2_align_M_t_align_N_t_align_K_t|nvfp4_qmm_t_splitk_fused_bfloat16_t_gs_16_b_4_alN_true|nvfp4_qmm_t_splitk_fused_bfloat16_t_gs_16_b_4_alN_true|g2_copybfloat16bfloat16|g2_copybfloat16bfloat16|CV2ISigmoidADV2IBroadcastACEV2IBroadcastCAFV2IMultiplyDEGV2IBroadcastFBHV2IBroadcastBFIV2OMultiplyGH_VV_V2V2_11160318154034397263_contiguous|arangeuint32|CV2ISigmoidADV2IBroadcastACEV2IBroadcastCAFV2IMultiplyDEGV2IBroadcastFBHV2IBroadcastBFIV2OMultiplyGH_VV_V2V2_11160318154034397263_contiguous|nvfp4_qmm_t_bfloat16_t_gs_16_b_4_alN_true_batch_0|nvfp4_gather_qmm_rhs_nt_bfloat16_t_gs_16_b_4_bm_16_bn_32_bk_32_wm_1_wn_2_align_M_t_align_N_t_align_K_t
GPUPROF 74341.808433625 74341.808511042 1 23101440 custom_kernel_laguna_prefill_sorted_moe_tail_bf16_v1_bfloat16_t_uint32_t_float_bfloat16_t_bfloat16_t_bfloat16_t
GPUPROF 74341.808511750 74341.822940750 30 636347908 rmsbfloat16|steel_gemm_splitk_nt_bfloat16_float32_bm32_bn32_bk16_wm2_wn2_MN_taligned_K_taligned|steel_gemm_splitk_accum_bfloat16_float32|steel_gemm_splitk_nt_bfloat16_float32_bm32_bn32_bk16_wm2_wn2_MN_taligned_K_taligned|steel_gemm_splitk_accum_bfloat16_float32|steel_gemm_fused_nt_bfloat16_bfloat16_bm64_bn64_bk16_wm2_wn2_has_batch_n_use_out_source_n_do_axpby_n_align_M_t_align_N_t_align_K_t|steel_gemm_splitk_nt_bfloat16_float32_bm32_bn32_bk16_wm2_wn2_MN_taligned_K_taligned|steel_gemm_splitk_accum_bfloat16_float32|custom_kernel_laguna_prefill_sliding_qk_norm_rope_bf16_128_h1_v2_bfloat16_t_bfloat16_t_bfloat16_t_bfloat16_t_float_int32_tc_bfloat16_t_bfloat16_t|steel_attention_bfloat16_bq32_bk16_bd128_wm4_wn1_maskbfloat16_align_Q_t_align_K_t_has_mask_n_do_causal_t_has_sinks_n|Cf4IAsTypeADf4IBroadcastCBEf4IBroadcastBCFf4ILogAddExpDEGV2OAsTypeF_VC_V2_10408321403207385874_contiguous|g2_Multiplybfloat16|steel_gemm_fused_nt_bfloat16_bfloat16_bm64_bn64_bk16_wm2_wn2_has_batch_n_use_out_source_n_do_axpby_n_align_M_t_align_N_t_align_K_t|custom_kernel_laguna_residual_rms_bf16_2048_v1_bfloat16_t_bfloat16_t_bfloat16_t_bfloat16_t_bfloat16_t|steel_gemm_splitk_nt_bfloat16_float32_bm32_bn32_bk16_wm2_wn2_MN_taligned_K_taligned|steel_gemm_splitk_accum_bfloat16_float32|custom_kernel_laguna_prefill_router_tournament_ordinal_norm_v1_bfloat16_t_float_uint32_t_float|custom_kernel_mlx_lm_route_csort_scatter_fused_m8_u32_v4_uint32_t_uint32_t_uint32_t_uint32_t|gather_frontbfloat16_uint32_int_2|arangeuint32|nvfp4_gather_qmm_rhs_nt_bfloat16_t_gs_16_b_4_bm_16_bn_32_bk_32_wm_1_wn_2_align_M_t_align_N_t_align_K_t|nvfp4_qmm_t_splitk_fused_bfloat16_t_gs_16_b_4_alN_true|nvfp4_qmm_t_splitk_fused_bfloat16_t_gs_16_b_4_alN_true|g2_copybfloat16bfloat16|g2_copybfloat16bfloat16|CV2ISigmoidADV2IBroadcastACEV2IBroadcastCAFV2IMultiplyDEGV2IBroadcastFBHV2IBroadcastBFIV2OMultiplyGH_VV_V2V2_11160318154034397263_contiguous|arangeuint32|CV2ISigmoidADV2IBroadcastACEV2IBroadcastCAFV2IMultiplyDEGV2IBroadcastFBHV2IBroadcastBFIV2OMultiplyGH_VV_V2V2_11160318154034397263_contiguous|nvfp4_qmm_t_bfloat16_t_gs_16_b_4_alN_true_batch_0|nvfp4_gather_qmm_rhs_nt_bfloat16_t_gs_16_b_4_bm_16_bn_32_bk_32_wm_1_wn_2_align_M_t_align_N_t_align_K_t
GPUPROF 74341.822958667 74341.823032750 1 23101440 custom_kernel_laguna_prefill_sorted_moe_tail_bf16_v1_bfloat16_t_uint32_t_float_bfloat16_t_bfloat16_t_bfloat16_t
GPUPROF 74341.823033625 74341.837290500 30 636347908 rmsbfloat16|steel_gemm_splitk_nt_bfloat16_float32_bm32_bn32_bk16_wm2_wn2_MN_taligned_K_taligned|steel_gemm_splitk_accum_bfloat16_float32|steel_gemm_splitk_nt_bfloat16_float32_bm32_bn32_bk16_wm2_wn2_MN_taligned_K_taligned|steel_gemm_splitk_accum_bfloat16_float32|steel_gemm_fused_nt_bfloat16_bfloat16_bm64_bn64_bk16_wm2_wn2_has_batch_n_use_out_source_n_do_axpby_n_align_M_t_align_N_t_align_K_t|steel_gemm_splitk_nt_bfloat16_float32_bm32_bn32_bk16_wm2_wn2_MN_taligned_K_taligned|steel_gemm_splitk_accum_bfloat16_float32|custom_kernel_laguna_prefill_sliding_qk_norm_rope_bf16_128_h1_v2_bfloat16_t_bfloat16_t_bfloat16_t_bfloat16_t_float_int32_tc_bfloat16_t_bfloat16_t|steel_attention_bfloat16_bq32_bk16_bd128_wm4_wn1_maskbfloat16_align_Q_t_align_K_t_has_mask_n_do_causal_t_has_sinks_n|Cf4IAsTypeADf4IBroadcastCBEf4IBroadcastBCFf4ILogAddExpDEGV2OAsTypeF_VC_V2_10408321403207385874_contiguous|g2_Multiplybfloat16|steel_gemm_fused_nt_bfloat16_bfloat16_bm64_bn64_bk16_wm2_wn2_has_batch_n_use_out_source_n_do_axpby_n_align_M_t_align_N_t_align_K_t|custom_kernel_laguna_residual_rms_bf16_2048_v1_bfloat16_t_bfloat16_t_bfloat16_t_bfloat16_t_bfloat16_t|steel_gemm_splitk_nt_bfloat16_float32_bm32_bn32_bk16_wm2_wn2_MN_taligned_K_taligned|steel_gemm_splitk_accum_bfloat16_float32|custom_kernel_laguna_prefill_router_tournament_ordinal_norm_v1_bfloat16_t_float_uint32_t_float|custom_kernel_mlx_lm_route_csort_scatter_fused_m8_u32_v4_uint32_t_uint32_t_uint32_t_uint32_t|gather_frontbfloat16_uint32_int_2|arangeuint32|nvfp4_gather_qmm_rhs_nt_bfloat16_t_gs_16_b_4_bm_16_bn_32_bk_32_wm_1_wn_2_align_M_t_align_N_t_align_K_t|nvfp4_qmm_t_splitk_fused_bfloat16_t_gs_16_b_4_alN_true|nvfp4_qmm_t_splitk_fused_bfloat16_t_gs_16_b_4_alN_true|g2_copybfloat16bfloat16|g2_copybfloat16bfloat16|CV2ISigmoidADV2IBroadcastACEV2IBroadcastCAFV2IMultiplyDEGV2IBroadcastFBHV2IBroadcastBFIV2OMultiplyGH_VV_V2V2_11160318154034397263_contiguous|arangeuint32|CV2ISigmoidADV2IBroadcastACEV2IBroadcastCAFV2IMultiplyDEGV2IBroadcastFBHV2IBroadcastBFIV2OMultiplyGH_VV_V2V2_11160318154034397263_contiguous|nvfp4_qmm_t_bfloat16_t_gs_16_b_4_alN_true_batch_0|nvfp4_gather_qmm_rhs_nt_bfloat16_t_gs_16_b_4_bm_16_bn_32_bk_32_wm_1_wn_2_align_M_t_align_N_t_align_K_t
GPUPROF 74341.837291250 74341.837370917 1 23101440 custom_kernel_laguna_prefill_sorted_moe_tail_bf16_v1_bfloat16_t_uint32_t_float_bfloat16_t_bfloat16_t_bfloat16_t
GPUPROF 74341.837371750 74341.851554667 30 636347908 rmsbfloat16|steel_gemm_splitk_nt_bfloat16_float32_bm32_bn32_bk16_wm2_wn2_MN_taligned_K_taligned|steel_gemm_splitk_accum_bfloat16_float32|steel_gemm_splitk_nt_bfloat16_float32_bm32_bn32_bk16_wm2_wn2_MN_taligned_K_taligned|steel_gemm_splitk_accum_bfloat16_float32|steel_gemm_fused_nt_bfloat16_bfloat16_bm64_bn64_bk16_wm2_wn2_has_batch_n_use_out_source_n_do_axpby_n_align_M_t_align_N_t_align_K_t|steel_gemm_splitk_nt_bfloat16_float32_bm32_bn32_bk16_wm2_wn2_MN_taligned_K_taligned|steel_gemm_splitk_accum_bfloat16_float32|custom_kernel_laguna_prefill_sliding_qk_norm_rope_bf16_128_h1_v2_bfloat16_t_bfloat16_t_bfloat16_t_bfloat16_t_float_int32_tc_bfloat16_t_bfloat16_t|steel_attention_bfloat16_bq32_bk16_bd128_wm4_wn1_maskbfloat16_align_Q_t_align_K_t_has_mask_n_do_causal_t_has_sinks_n|Cf4IAsTypeADf4IBroadcastCBEf4IBroadcastBCFf4ILogAddExpDEGV2OAsTypeF_VC_V2_10408321403207385874_contiguous|g2_Multiplybfloat16|steel_gemm_fused_nt_bfloat16_bfloat16_bm64_bn64_bk16_wm2_wn2_has_batch_n_use_out_source_n_do_axpby_n_align_M_t_align_N_t_align_K_t|custom_kernel_laguna_residual_rms_bf16_2048_v1_bfloat16_t_bfloat16_t_bfloat16_t_bfloat16_t_bfloat16_t|steel_gemm_splitk_nt_bfloat16_float32_bm32_bn32_bk16_wm2_wn2_MN_taligned_K_taligned|steel_gemm_splitk_accum_bfloat16_float32|custom_kernel_laguna_prefill_router_tournament_ordinal_norm_v1_bfloat16_t_float_uint32_t_float|custom_kernel_mlx_lm_route_csort_scatter_fused_m8_u32_v4_uint32_t_uint32_t_uint32_t_uint32_t|gather_frontbfloat16_uint32_int_2|arangeuint32|nvfp4_gather_qmm_rhs_nt_bfloat16_t_gs_16_b_4_bm_16_bn_32_bk_32_wm_1_wn_2_align_M_t_align_N_t_align_K_t|nvfp4_qmm_t_splitk_fused_bfloat16_t_gs_16_b_4_alN_true|nvfp4_qmm_t_splitk_fused_bfloat16_t_gs_16_b_4_alN_true|g2_copybfloat16bfloat16|g2_copybfloat16bfloat16|CV2ISigmoidADV2IBroadcastACEV2IBroadcastCAFV2IMultiplyDEGV2IBroadcastFBHV2IBroadcastBFIV2OMultiplyGH_VV_V2V2_11160318154034397263_contiguous|arangeuint32|CV2ISigmoidADV2IBroadcastACEV2IBroadcastCAFV2IMultiplyDEGV2IBroadcastFBHV2IBroadcastBFIV2OMultiplyGH_VV_V2V2_11160318154034397263_contiguous|nvfp4_qmm_t_bfloat16_t_gs_16_b_4_alN_true_batch_0|nvfp4_gather_qmm_rhs_nt_bfloat16_t_gs_16_b_4_bm_16_bn_32_bk_32_wm_1_wn_2_align_M_t_align_N_t_align_K_t
GPUPROF 74341.851555417 74341.851634167 1 23101440 custom_kernel_laguna_prefill_sorted_moe_tail_bf16_v1_bfloat16_t_uint32_t_float_bfloat16_t_bfloat16_t_bfloat16_t
GPUPROF 74341.851634917 74341.864348500 30 612017668 rmsbfloat16|steel_gemm_splitk_nt_bfloat16_float32_bm32_bn32_bk16_wm2_wn2_MN_taligned_K_taligned|steel_gemm_splitk_accum_bfloat16_float32|steel_gemm_splitk_nt_bfloat16_float32_bm32_bn32_bk16_wm2_wn2_MN_taligned_K_taligned|steel_gemm_splitk_accum_bfloat16_float32|steel_gemm_fused_nt_bfloat16_bfloat16_bm64_bn64_bk16_wm2_wn2_has_batch_n_use_out_source_n_do_axpby_n_align_M_t_align_N_t_align_K_t|steel_gemm_splitk_nt_bfloat16_float32_bm32_bn32_bk16_wm2_wn2_MN_naligned_K_taligned|steel_gemm_splitk_accum_bfloat16_float32|custom_kernel_laguna_prefill_full_qk_norm_yarn_bf16_128_h1_v2_bfloat16_t_bfloat16_t_bfloat16_t_bfloat16_t_float_int32_tc_bfloat16_t_bfloat16_t|steel_attention_bfloat16_bq32_bk16_bd128_wm4_wn1_maskbfloat16_align_Q_t_align_K_t_has_mask_n_do_causal_t_has_sinks_n|Cf4IAsTypeADf4IBroadcastCBEf4IBroadcastBCFf4ILogAddExpDEGV2OAsTypeF_VC_V2_10408321403207385874_contiguous|g2_Multiplybfloat16|steel_gemm_fused_nt_bfloat16_bfloat16_bm64_bn64_bk16_wm2_wn2_has_batch_n_use_out_source_n_do_axpby_n_align_M_t_align_N_t_align_K_t|custom_kernel_laguna_residual_rms_bf16_2048_v1_bfloat16_t_bfloat16_t_bfloat16_t_bfloat16_t_bfloat16_t|steel_gemm_splitk_nt_bfloat16_float32_bm32_bn32_bk16_wm2_wn2_MN_taligned_K_taligned|steel_gemm_splitk_accum_bfloat16_float32|custom_kernel_laguna_prefill_router_tournament_ordinal_norm_v1_bfloat16_t_float_uint32_t_float|custom_kernel_mlx_lm_route_csort_scatter_fused_m8_u32_v4_uint32_t_uint32_t_uint32_t_uint32_t|gather_frontbfloat16_uint32_int_2|arangeuint32|nvfp4_gather_qmm_rhs_nt_bfloat16_t_gs_16_b_4_bm_16_bn_32_bk_32_wm_1_wn_2_align_M_t_align_N_t_align_K_t|nvfp4_qmm_t_splitk_fused_bfloat16_t_gs_16_b_4_alN_true|nvfp4_qmm_t_splitk_fused_bfloat16_t_gs_16_b_4_alN_true|g2_copybfloat16bfloat16|g2_copybfloat16bfloat16|CV2ISigmoidADV2IBroadcastACEV2IBroadcastCAFV2IMultiplyDEGV2IBroadcastFBHV2IBroadcastBFIV2OMultiplyGH_VV_V2V2_11160318154034397263_contiguous|arangeuint32|CV2ISigmoidADV2IBroadcastACEV2IBroadcastCAFV2IMultiplyDEGV2IBroadcastFBHV2IBroadcastBFIV2OMultiplyGH_VV_V2V2_11160318154034397263_contiguous|nvfp4_qmm_t_bfloat16_t_gs_16_b_4_alN_true_batch_0|nvfp4_gather_qmm_rhs_nt_bfloat16_t_gs_16_b_4_bm_16_bn_32_bk_32_wm_1_wn_2_align_M_t_align_N_t_align_K_t
GPUPROF 74341.864352500 74341.864428375 1 23101440 custom_kernel_laguna_prefill_sorted_moe_tail_bf16_v1_bfloat16_t_uint32_t_float_bfloat16_t_bfloat16_t_bfloat16_t
GPUPROF 74341.864429125 74341.878403625 30 636347908 rmsbfloat16|steel_gemm_splitk_nt_bfloat16_float32_bm32_bn32_bk16_wm2_wn2_MN_taligned_K_taligned|steel_gemm_splitk_accum_bfloat16_float32|steel_gemm_splitk_nt_bfloat16_float32_bm32_bn32_bk16_wm2_wn2_MN_taligned_K_taligned|steel_gemm_splitk_accum_bfloat16_float32|steel_gemm_fused_nt_bfloat16_bfloat16_bm64_bn64_bk16_wm2_wn2_has_batch_n_use_out_source_n_do_axpby_n_align_M_t_align_N_t_align_K_t|steel_gemm_splitk_nt_bfloat16_float32_bm32_bn32_bk16_wm2_wn2_MN_taligned_K_taligned|steel_gemm_splitk_accum_bfloat16_float32|custom_kernel_laguna_prefill_sliding_qk_norm_rope_bf16_128_h1_v2_bfloat16_t_bfloat16_t_bfloat16_t_bfloat16_t_float_int32_tc_bfloat16_t_bfloat16_t|steel_attention_bfloat16_bq32_bk16_bd128_wm4_wn1_maskbfloat16_align_Q_t_align_K_t_has_mask_n_do_causal_t_has_sinks_n|Cf4IAsTypeADf4IBroadcastCBEf4IBroadcastBCFf4ILogAddExpDEGV2OAsTypeF_VC_V2_10408321403207385874_contiguous|g2_Multiplybfloat16|steel_gemm_fused_nt_bfloat16_bfloat16_bm64_bn64_bk16_wm2_wn2_has_batch_n_use_out_source_n_do_axpby_n_align_M_t_align_N_t_align_K_t|custom_kernel_laguna_residual_rms_bf16_2048_v1_bfloat16_t_bfloat16_t_bfloat16_t_bfloat16_t_bfloat16_t|steel_gemm_splitk_nt_bfloat16_float32_bm32_bn32_bk16_wm2_wn2_MN_taligned_K_taligned|steel_gemm_splitk_accum_bfloat16_float32|custom_kernel_laguna_prefill_router_tournament_ordinal_norm_v1_bfloat16_t_float_uint32_t_float|custom_kernel_mlx_lm_route_csort_scatter_fused_m8_u32_v4_uint32_t_uint32_t_uint32_t_uint32_t|gather_frontbfloat16_uint32_int_2|arangeuint32|nvfp4_gather_qmm_rhs_nt_bfloat16_t_gs_16_b_4_bm_16_bn_32_bk_32_wm_1_wn_2_align_M_t_align_N_t_align_K_t|nvfp4_qmm_t_splitk_fused_bfloat16_t_gs_16_b_4_alN_true|nvfp4_qmm_t_splitk_fused_bfloat16_t_gs_16_b_4_alN_true|g2_copybfloat16bfloat16|g2_copybfloat16bfloat16|CV2ISigmoidADV2IBroadcastACEV2IBroadcastCAFV2IMultiplyDEGV2IBroadcastFBHV2IBroadcastBFIV2OMultiplyGH_VV_V2V2_11160318154034397263_contiguous|arangeuint32|CV2ISigmoidADV2IBroadcastACEV2IBroadcastCAFV2IMultiplyDEGV2IBroadcastFBHV2IBroadcastBFIV2OMultiplyGH_VV_V2V2_11160318154034397263_contiguous|nvfp4_qmm_t_bfloat16_t_gs_16_b_4_alN_true_batch_0|nvfp4_gather_qmm_rhs_nt_bfloat16_t_gs_16_b_4_bm_16_bn_32_bk_32_wm_1_wn_2_align_M_t_align_N_t_align_K_t
GPUPROF 74341.878404500 74341.878482625 1 23101440 custom_kernel_laguna_prefill_sorted_moe_tail_bf16_v1_bfloat16_t_uint32_t_float_bfloat16_t_bfloat16_t_bfloat16_t
GPUPROF 74341.878483375 74341.892639167 30 636347908 rmsbfloat16|steel_gemm_splitk_nt_bfloat16_float32_bm32_bn32_bk16_wm2_wn2_MN_taligned_K_taligned|steel_gemm_splitk_accum_bfloat16_float32|steel_gemm_splitk_nt_bfloat16_float32_bm32_bn32_bk16_wm2_wn2_MN_taligned_K_taligned|steel_gemm_splitk_accum_bfloat16_float32|steel_gemm_fused_nt_bfloat16_bfloat16_bm64_bn64_bk16_wm2_wn2_has_batch_n_use_out_source_n_do_axpby_n_align_M_t_align_N_t_align_K_t|steel_gemm_splitk_nt_bfloat16_float32_bm32_bn32_bk16_wm2_wn2_MN_taligned_K_taligned|steel_gemm_splitk_accum_bfloat16_float32|custom_kernel_laguna_prefill_sliding_qk_norm_rope_bf16_128_h1_v2_bfloat16_t_bfloat16_t_bfloat16_t_bfloat16_t_float_int32_tc_bfloat16_t_bfloat16_t|steel_attention_bfloat16_bq32_bk16_bd128_wm4_wn1_maskbfloat16_align_Q_t_align_K_t_has_mask_n_do_causal_t_has_sinks_n|Cf4IAsTypeADf4IBroadcastCBEf4IBroadcastBCFf4ILogAddExpDEGV2OAsTypeF_VC_V2_10408321403207385874_contiguous|g2_Multiplybfloat16|steel_gemm_fused_nt_bfloat16_bfloat16_bm64_bn64_bk16_wm2_wn2_has_batch_n_use_out_source_n_do_axpby_n_align_M_t_align_N_t_align_K_t|custom_kernel_laguna_residual_rms_bf16_2048_v1_bfloat16_t_bfloat16_t_bfloat16_t_bfloat16_t_bfloat16_t|steel_gemm_splitk_nt_bfloat16_float32_bm32_bn32_bk16_wm2_wn2_MN_taligned_K_taligned|steel_gemm_splitk_accum_bfloat16_float32|custom_kernel_laguna_prefill_router_tournament_ordinal_norm_v1_bfloat16_t_float_uint32_t_float|custom_kernel_mlx_lm_route_csort_scatter_fused_m8_u32_v4_uint32_t_uint32_t_uint32_t_uint32_t|gather_frontbfloat16_uint32_int_2|arangeuint32|nvfp4_gather_qmm_rhs_nt_bfloat16_t_gs_16_b_4_bm_16_bn_32_bk_32_wm_1_wn_2_align_M_t_align_N_t_align_K_t|nvfp4_qmm_t_splitk_fused_bfloat16_t_gs_16_b_4_alN_true|nvfp4_qmm_t_splitk_fused_bfloat16_t_gs_16_b_4_alN_true|g2_copybfloat16bfloat16|g2_copybfloat16bfloat16|CV2ISigmoidADV2IBroadcastACEV2IBroadcastCAFV2IMultiplyDEGV2IBroadcastFBHV2IBroadcastBFIV2OMultiplyGH_VV_V2V2_11160318154034397263_contiguous|arangeuint32|CV2ISigmoidADV2IBroadcastACEV2IBroadcastCAFV2IMultiplyDEGV2IBroadcastFBHV2IBroadcastBFIV2OMultiplyGH_VV_V2V2_11160318154034397263_contiguous|nvfp4_qmm_t_bfloat16_t_gs_16_b_4_alN_true_batch_0|nvfp4_gather_qmm_rhs_nt_bfloat16_t_gs_16_b_4_bm_16_bn_32_bk_32_wm_1_wn_2_align_M_t_align_N_t_align_K_t
GPUPROF 74341.892640042 74341.892718125 1 23101440 custom_kernel_laguna_prefill_sorted_moe_tail_bf16_v1_bfloat16_t_uint32_t_float_bfloat16_t_bfloat16_t_bfloat16_t
GPUPROF 74341.892718875 74341.906724750 30 636347908 rmsbfloat16|steel_gemm_splitk_nt_bfloat16_float32_bm32_bn32_bk16_wm2_wn2_MN_taligned_K_taligned|steel_gemm_splitk_accum_bfloat16_float32|steel_gemm_splitk_nt_bfloat16_float32_bm32_bn32_bk16_wm2_wn2_MN_taligned_K_taligned|steel_gemm_splitk_accum_bfloat16_float32|steel_gemm_fused_nt_bfloat16_bfloat16_bm64_bn64_bk16_wm2_wn2_has_batch_n_use_out_source_n_do_axpby_n_align_M_t_align_N_t_align_K_t|steel_gemm_splitk_nt_bfloat16_float32_bm32_bn32_bk16_wm2_wn2_MN_taligned_K_taligned|steel_gemm_splitk_accum_bfloat16_float32|custom_kernel_laguna_prefill_sliding_qk_norm_rope_bf16_128_h1_v2_bfloat16_t_bfloat16_t_bfloat16_t_bfloat16_t_float_int32_tc_bfloat16_t_bfloat16_t|steel_attention_bfloat16_bq32_bk16_bd128_wm4_wn1_maskbfloat16_align_Q_t_align_K_t_has_mask_n_do_causal_t_has_sinks_n|Cf4IAsTypeADf4IBroadcastCBEf4IBroadcastBCFf4ILogAddExpDEGV2OAsTypeF_VC_V2_10408321403207385874_contiguous|g2_Multiplybfloat16|steel_gemm_fused_nt_bfloat16_bfloat16_bm64_bn64_bk16_wm2_wn2_has_batch_n_use_out_source_n_do_axpby_n_align_M_t_align_N_t_align_K_t|custom_kernel_laguna_residual_rms_bf16_2048_v1_bfloat16_t_bfloat16_t_bfloat16_t_bfloat16_t_bfloat16_t|steel_gemm_splitk_nt_bfloat16_float32_bm32_bn32_bk16_wm2_wn2_MN_taligned_K_taligned|steel_gemm_splitk_accum_bfloat16_float32|custom_kernel_laguna_prefill_router_tournament_ordinal_norm_v1_bfloat16_t_float_uint32_t_float|custom_kernel_mlx_lm_route_csort_scatter_fused_m8_u32_v4_uint32_t_uint32_t_uint32_t_uint32_t|gather_frontbfloat16_uint32_int_2|arangeuint32|nvfp4_gather_qmm_rhs_nt_bfloat16_t_gs_16_b_4_bm_16_bn_32_bk_32_wm_1_wn_2_align_M_t_align_N_t_align_K_t|nvfp4_qmm_t_splitk_fused_bfloat16_t_gs_16_b_4_alN_true|nvfp4_qmm_t_splitk_fused_bfloat16_t_gs_16_b_4_alN_true|g2_copybfloat16bfloat16|g2_copybfloat16bfloat16|CV2ISigmoidADV2IBroadcastACEV2IBroadcastCAFV2IMultiplyDEGV2IBroadcastFBHV2IBroadcastBFIV2OMultiplyGH_VV_V2V2_11160318154034397263_contiguous|arangeuint32|CV2ISigmoidADV2IBroadcastACEV2IBroadcastCAFV2IMultiplyDEGV2IBroadcastFBHV2IBroadcastBFIV2OMultiplyGH_VV_V2V2_11160318154034397263_contiguous|nvfp4_qmm_t_bfloat16_t_gs_16_b_4_alN_true_batch_0|nvfp4_gather_qmm_rhs_nt_bfloat16_t_gs_16_b_4_bm_16_bn_32_bk_32_wm_1_wn_2_align_M_t_align_N_t_align_K_t
GPUPROF 74341.906728875 74341.906805500 1 23101440 custom_kernel_laguna_prefill_sorted_moe_tail_bf16_v1_bfloat16_t_uint32_t_float_bfloat16_t_bfloat16_t_bfloat16_t
GPUPROF 74341.906806250 74341.919361000 30 612017668 rmsbfloat16|steel_gemm_splitk_nt_bfloat16_float32_bm32_bn32_bk16_wm2_wn2_MN_taligned_K_taligned|steel_gemm_splitk_accum_bfloat16_float32|steel_gemm_splitk_nt_bfloat16_float32_bm32_bn32_bk16_wm2_wn2_MN_taligned_K_taligned|steel_gemm_splitk_accum_bfloat16_float32|steel_gemm_fused_nt_bfloat16_bfloat16_bm64_bn64_bk16_wm2_wn2_has_batch_n_use_out_source_n_do_axpby_n_align_M_t_align_N_t_align_K_t|steel_gemm_splitk_nt_bfloat16_float32_bm32_bn32_bk16_wm2_wn2_MN_naligned_K_taligned|steel_gemm_splitk_accum_bfloat16_float32|custom_kernel_laguna_prefill_full_qk_norm_yarn_bf16_128_h1_v2_bfloat16_t_bfloat16_t_bfloat16_t_bfloat16_t_float_int32_tc_bfloat16_t_bfloat16_t|steel_attention_bfloat16_bq32_bk16_bd128_wm4_wn1_maskbfloat16_align_Q_t_align_K_t_has_mask_n_do_causal_t_has_sinks_n|Cf4IAsTypeADf4IBroadcastCBEf4IBroadcastBCFf4ILogAddExpDEGV2OAsTypeF_VC_V2_10408321403207385874_contiguous|g2_Multiplybfloat16|steel_gemm_fused_nt_bfloat16_bfloat16_bm64_bn64_bk16_wm2_wn2_has_batch_n_use_out_source_n_do_axpby_n_align_M_t_align_N_t_align_K_t|custom_kernel_laguna_residual_rms_bf16_2048_v1_bfloat16_t_bfloat16_t_bfloat16_t_bfloat16_t_bfloat16_t|steel_gemm_splitk_nt_bfloat16_float32_bm32_bn32_bk16_wm2_wn2_MN_taligned_K_taligned|steel_gemm_splitk_accum_bfloat16_float32|custom_kernel_laguna_prefill_router_tournament_ordinal_norm_v1_bfloat16_t_float_uint32_t_float|custom_kernel_mlx_lm_route_csort_scatter_fused_m8_u32_v4_uint32_t_uint32_t_uint32_t_uint32_t|gather_frontbfloat16_uint32_int_2|arangeuint32|nvfp4_gather_qmm_rhs_nt_bfloat16_t_gs_16_b_4_bm_16_bn_32_bk_32_wm_1_wn_2_align_M_t_align_N_t_align_K_t|nvfp4_qmm_t_splitk_fused_bfloat16_t_gs_16_b_4_alN_true|nvfp4_qmm_t_splitk_fused_bfloat16_t_gs_16_b_4_alN_true|g2_copybfloat16bfloat16|g2_copybfloat16bfloat16|CV2ISigmoidADV2IBroadcastACEV2IBroadcastCAFV2IMultiplyDEGV2IBroadcastFBHV2IBroadcastBFIV2OMultiplyGH_VV_V2V2_11160318154034397263_contiguous|arangeuint32|CV2ISigmoidADV2IBroadcastACEV2IBroadcastCAFV2IMultiplyDEGV2IBroadcastFBHV2IBroadcastBFIV2OMultiplyGH_VV_V2V2_11160318154034397263_contiguous|nvfp4_qmm_t_bfloat16_t_gs_16_b_4_alN_true_batch_0|nvfp4_gather_qmm_rhs_nt_bfloat16_t_gs_16_b_4_bm_16_bn_32_bk_32_wm_1_wn_2_align_M_t_align_N_t_align_K_t
GPUPROF 74341.919365375 74341.919440292 1 23101440 custom_kernel_laguna_prefill_sorted_moe_tail_bf16_v1_bfloat16_t_uint32_t_float_bfloat16_t_bfloat16_t_bfloat16_t
GPUPROF 74341.919441167 74341.933262500 30 636347908 rmsbfloat16|steel_gemm_splitk_nt_bfloat16_float32_bm32_bn32_bk16_wm2_wn2_MN_taligned_K_taligned|steel_gemm_splitk_accum_bfloat16_float32|steel_gemm_splitk_nt_bfloat16_float32_bm32_bn32_bk16_wm2_wn2_MN_taligned_K_taligned|steel_gemm_splitk_accum_bfloat16_float32|steel_gemm_fused_nt_bfloat16_bfloat16_bm64_bn64_bk16_wm2_wn2_has_batch_n_use_out_source_n_do_axpby_n_align_M_t_align_N_t_align_K_t|steel_gemm_splitk_nt_bfloat16_float32_bm32_bn32_bk16_wm2_wn2_MN_taligned_K_taligned|steel_gemm_splitk_accum_bfloat16_float32|custom_kernel_laguna_prefill_sliding_qk_norm_rope_bf16_128_h1_v2_bfloat16_t_bfloat16_t_bfloat16_t_bfloat16_t_float_int32_tc_bfloat16_t_bfloat16_t|steel_attention_bfloat16_bq32_bk16_bd128_wm4_wn1_maskbfloat16_align_Q_t_align_K_t_has_mask_n_do_causal_t_has_sinks_n|Cf4IAsTypeADf4IBroadcastCBEf4IBroadcastBCFf4ILogAddExpDEGV2OAsTypeF_VC_V2_10408321403207385874_contiguous|g2_Multiplybfloat16|steel_gemm_fused_nt_bfloat16_bfloat16_bm64_bn64_bk16_wm2_wn2_has_batch_n_use_out_source_n_do_axpby_n_align_M_t_align_N_t_align_K_t|custom_kernel_laguna_residual_rms_bf16_2048_v1_bfloat16_t_bfloat16_t_bfloat16_t_bfloat16_t_bfloat16_t|steel_gemm_splitk_nt_bfloat16_float32_bm32_bn32_bk16_wm2_wn2_MN_taligned_K_taligned|steel_gemm_splitk_accum_bfloat16_float32|custom_kernel_laguna_prefill_router_tournament_ordinal_norm_v1_bfloat16_t_float_uint32_t_float|custom_kernel_mlx_lm_route_csort_scatter_fused_m8_u32_v4_uint32_t_uint32_t_uint32_t_uint32_t|gather_frontbfloat16_uint32_int_2|arangeuint32|nvfp4_gather_qmm_rhs_nt_bfloat16_t_gs_16_b_4_bm_16_bn_32_bk_32_wm_1_wn_2_align_M_t_align_N_t_align_K_t|nvfp4_qmm_t_splitk_fused_bfloat16_t_gs_16_b_4_alN_true|nvfp4_qmm_t_splitk_fused_bfloat16_t_gs_16_b_4_alN_true|g2_copybfloat16bfloat16|g2_copybfloat16bfloat16|CV2ISigmoidADV2IBroadcastACEV2IBroadcastCAFV2IMultiplyDEGV2IBroadcastFBHV2IBroadcastBFIV2OMultiplyGH_VV_V2V2_11160318154034397263_contiguous|arangeuint32|CV2ISigmoidADV2IBroadcastACEV2IBroadcastCAFV2IMultiplyDEGV2IBroadcastFBHV2IBroadcastBFIV2OMultiplyGH_VV_V2V2_11160318154034397263_contiguous|nvfp4_qmm_t_bfloat16_t_gs_16_b_4_alN_true_batch_0|nvfp4_gather_qmm_rhs_nt_bfloat16_t_gs_16_b_4_bm_16_bn_32_bk_32_wm_1_wn_2_align_M_t_align_N_t_align_K_t
GPUPROF 74341.933281667 74341.933356625 1 23101440 custom_kernel_laguna_prefill_sorted_moe_tail_bf16_v1_bfloat16_t_uint32_t_float_bfloat16_t_bfloat16_t_bfloat16_t
GPUPROF 74341.933357417 74341.946970875 30 636347908 rmsbfloat16|steel_gemm_splitk_nt_bfloat16_float32_bm32_bn32_bk16_wm2_wn2_MN_taligned_K_taligned|steel_gemm_splitk_accum_bfloat16_float32|steel_gemm_splitk_nt_bfloat16_float32_bm32_bn32_bk16_wm2_wn2_MN_taligned_K_taligned|steel_gemm_splitk_accum_bfloat16_float32|steel_gemm_fused_nt_bfloat16_bfloat16_bm64_bn64_bk16_wm2_wn2_has_batch_n_use_out_source_n_do_axpby_n_align_M_t_align_N_t_align_K_t|steel_gemm_splitk_nt_bfloat16_float32_bm32_bn32_bk16_wm2_wn2_MN_taligned_K_taligned|steel_gemm_splitk_accum_bfloat16_float32|custom_kernel_laguna_prefill_sliding_qk_norm_rope_bf16_128_h1_v2_bfloat16_t_bfloat16_t_bfloat16_t_bfloat16_t_float_int32_tc_bfloat16_t_bfloat16_t|steel_attention_bfloat16_bq32_bk16_bd128_wm4_wn1_maskbfloat16_align_Q_t_align_K_t_has_mask_n_do_causal_t_has_sinks_n|Cf4IAsTypeADf4IBroadcastCBEf4IBroadcastBCFf4ILogAddExpDEGV2OAsTypeF_VC_V2_10408321403207385874_contiguous|g2_Multiplybfloat16|steel_gemm_fused_nt_bfloat16_bfloat16_bm64_bn64_bk16_wm2_wn2_has_batch_n_use_out_source_n_do_axpby_n_align_M_t_align_N_t_align_K_t|custom_kernel_laguna_residual_rms_bf16_2048_v1_bfloat16_t_bfloat16_t_bfloat16_t_bfloat16_t_bfloat16_t|steel_gemm_splitk_nt_bfloat16_float32_bm32_bn32_bk16_wm2_wn2_MN_taligned_K_taligned|steel_gemm_splitk_accum_bfloat16_float32|custom_kernel_laguna_prefill_router_tournament_ordinal_norm_v1_bfloat16_t_float_uint32_t_float|custom_kernel_mlx_lm_route_csort_scatter_fused_m8_u32_v4_uint32_t_uint32_t_uint32_t_uint32_t|gather_frontbfloat16_uint32_int_2|arangeuint32|nvfp4_gather_qmm_rhs_nt_bfloat16_t_gs_16_b_4_bm_16_bn_32_bk_32_wm_1_wn_2_align_M_t_align_N_t_align_K_t|nvfp4_qmm_t_splitk_fused_bfloat16_t_gs_16_b_4_alN_true|nvfp4_qmm_t_splitk_fused_bfloat16_t_gs_16_b_4_alN_true|g2_copybfloat16bfloat16|g2_copybfloat16bfloat16|CV2ISigmoidADV2IBroadcastACEV2IBroadcastCAFV2IMultiplyDEGV2IBroadcastFBHV2IBroadcastBFIV2OMultiplyGH_VV_V2V2_11160318154034397263_contiguous|arangeuint32|CV2ISigmoidADV2IBroadcastACEV2IBroadcastCAFV2IMultiplyDEGV2IBroadcastFBHV2IBroadcastBFIV2OMultiplyGH_VV_V2V2_11160318154034397263_contiguous|nvfp4_qmm_t_bfloat16_t_gs_16_b_4_alN_true_batch_0|nvfp4_gather_qmm_rhs_nt_bfloat16_t_gs_16_b_4_bm_16_bn_32_bk_32_wm_1_wn_2_align_M_t_align_N_t_align_K_t
GPUPROF 74341.946987625 74341.947064750 1 23101440 custom_kernel_laguna_prefill_sorted_moe_tail_bf16_v1_bfloat16_t_uint32_t_float_bfloat16_t_bfloat16_t_bfloat16_t
GPUPROF 74341.947065500 74341.960487542 30 636347908 rmsbfloat16|steel_gemm_splitk_nt_bfloat16_float32_bm32_bn32_bk16_wm2_wn2_MN_taligned_K_taligned|steel_gemm_splitk_accum_bfloat16_float32|steel_gemm_splitk_nt_bfloat16_float32_bm32_bn32_bk16_wm2_wn2_MN_taligned_K_taligned|steel_gemm_splitk_accum_bfloat16_float32|steel_gemm_fused_nt_bfloat16_bfloat16_bm64_bn64_bk16_wm2_wn2_has_batch_n_use_out_source_n_do_axpby_n_align_M_t_align_N_t_align_K_t|steel_gemm_splitk_nt_bfloat16_float32_bm32_bn32_bk16_wm2_wn2_MN_taligned_K_taligned|steel_gemm_splitk_accum_bfloat16_float32|custom_kernel_laguna_prefill_sliding_qk_norm_rope_bf16_128_h1_v2_bfloat16_t_bfloat16_t_bfloat16_t_bfloat16_t_float_int32_tc_bfloat16_t_bfloat16_t|steel_attention_bfloat16_bq32_bk16_bd128_wm4_wn1_maskbfloat16_align_Q_t_align_K_t_has_mask_n_do_causal_t_has_sinks_n|Cf4IAsTypeADf4IBroadcastCBEf4IBroadcastBCFf4ILogAddExpDEGV2OAsTypeF_VC_V2_10408321403207385874_contiguous|g2_Multiplybfloat16|steel_gemm_fused_nt_bfloat16_bfloat16_bm64_bn64_bk16_wm2_wn2_has_batch_n_use_out_source_n_do_axpby_n_align_M_t_align_N_t_align_K_t|custom_kernel_laguna_residual_rms_bf16_2048_v1_bfloat16_t_bfloat16_t_bfloat16_t_bfloat16_t_bfloat16_t|steel_gemm_splitk_nt_bfloat16_float32_bm32_bn32_bk16_wm2_wn2_MN_taligned_K_taligned|steel_gemm_splitk_accum_bfloat16_float32|custom_kernel_laguna_prefill_router_tournament_ordinal_norm_v1_bfloat16_t_float_uint32_t_float|custom_kernel_mlx_lm_route_csort_scatter_fused_m8_u32_v4_uint32_t_uint32_t_uint32_t_uint32_t|gather_frontbfloat16_uint32_int_2|arangeuint32|nvfp4_gather_qmm_rhs_nt_bfloat16_t_gs_16_b_4_bm_16_bn_32_bk_32_wm_1_wn_2_align_M_t_align_N_t_align_K_t|nvfp4_qmm_t_splitk_fused_bfloat16_t_gs_16_b_4_alN_true|nvfp4_qmm_t_splitk_fused_bfloat16_t_gs_16_b_4_alN_true|g2_copybfloat16bfloat16|g2_copybfloat16bfloat16|CV2ISigmoidADV2IBroadcastACEV2IBroadcastCAFV2IMultiplyDEGV2IBroadcastFBHV2IBroadcastBFIV2OMultiplyGH_VV_V2V2_11160318154034397263_contiguous|arangeuint32|CV2ISigmoidADV2IBroadcastACEV2IBroadcastCAFV2IMultiplyDEGV2IBroadcastFBHV2IBroadcastBFIV2OMultiplyGH_VV_V2V2_11160318154034397263_contiguous|nvfp4_qmm_t_bfloat16_t_gs_16_b_4_alN_true_batch_0|nvfp4_gather_qmm_rhs_nt_bfloat16_t_gs_16_b_4_bm_16_bn_32_bk_32_wm_1_wn_2_align_M_t_align_N_t_align_K_t
GPUPROF 74341.960488250 74341.960566625 1 23101440 custom_kernel_laguna_prefill_sorted_moe_tail_bf16_v1_bfloat16_t_uint32_t_float_bfloat16_t_bfloat16_t_bfloat16_t
GPUPROF 74341.960567375 74341.972802500 30 612017668 rmsbfloat16|steel_gemm_splitk_nt_bfloat16_float32_bm32_bn32_bk16_wm2_wn2_MN_taligned_K_taligned|steel_gemm_splitk_accum_bfloat16_float32|steel_gemm_splitk_nt_bfloat16_float32_bm32_bn32_bk16_wm2_wn2_MN_taligned_K_taligned|steel_gemm_splitk_accum_bfloat16_float32|steel_gemm_fused_nt_bfloat16_bfloat16_bm64_bn64_bk16_wm2_wn2_has_batch_n_use_out_source_n_do_axpby_n_align_M_t_align_N_t_align_K_t|steel_gemm_splitk_nt_bfloat16_float32_bm32_bn32_bk16_wm2_wn2_MN_naligned_K_taligned|steel_gemm_splitk_accum_bfloat16_float32|custom_kernel_laguna_prefill_full_qk_norm_yarn_bf16_128_h1_v2_bfloat16_t_bfloat16_t_bfloat16_t_bfloat16_t_float_int32_tc_bfloat16_t_bfloat16_t|steel_attention_bfloat16_bq32_bk16_bd128_wm4_wn1_maskbfloat16_align_Q_t_align_K_t_has_mask_n_do_causal_t_has_sinks_n|Cf4IAsTypeADf4IBroadcastCBEf4IBroadcastBCFf4ILogAddExpDEGV2OAsTypeF_VC_V2_10408321403207385874_contiguous|g2_Multiplybfloat16|steel_gemm_fused_nt_bfloat16_bfloat16_bm64_bn64_bk16_wm2_wn2_has_batch_n_use_out_source_n_do_axpby_n_align_M_t_align_N_t_align_K_t|custom_kernel_laguna_residual_rms_bf16_2048_v1_bfloat16_t_bfloat16_t_bfloat16_t_bfloat16_t_bfloat16_t|steel_gemm_splitk_nt_bfloat16_float32_bm32_bn32_bk16_wm2_wn2_MN_taligned_K_taligned|steel_gemm_splitk_accum_bfloat16_float32|custom_kernel_laguna_prefill_router_tournament_ordinal_norm_v1_bfloat16_t_float_uint32_t_float|custom_kernel_mlx_lm_route_csort_scatter_fused_m8_u32_v4_uint32_t_uint32_t_uint32_t_uint32_t|gather_frontbfloat16_uint32_int_2|arangeuint32|nvfp4_gather_qmm_rhs_nt_bfloat16_t_gs_16_b_4_bm_16_bn_32_bk_32_wm_1_wn_2_align_M_t_align_N_t_align_K_t|nvfp4_qmm_t_splitk_fused_bfloat16_t_gs_16_b_4_alN_true|nvfp4_qmm_t_splitk_fused_bfloat16_t_gs_16_b_4_alN_true|g2_copybfloat16bfloat16|g2_copybfloat16bfloat16|CV2ISigmoidADV2IBroadcastACEV2IBroadcastCAFV2IMultiplyDEGV2IBroadcastFBHV2IBroadcastBFIV2OMultiplyGH_VV_V2V2_11160318154034397263_contiguous|arangeuint32|CV2ISigmoidADV2IBroadcastACEV2IBroadcastCAFV2IMultiplyDEGV2IBroadcastFBHV2IBroadcastBFIV2OMultiplyGH_VV_V2V2_11160318154034397263_contiguous|nvfp4_qmm_t_bfloat16_t_gs_16_b_4_alN_true_batch_0|nvfp4_gather_qmm_rhs_nt_bfloat16_t_gs_16_b_4_bm_16_bn_32_bk_32_wm_1_wn_2_align_M_t_align_N_t_align_K_t
GPUPROF 74341.972806542 74341.972880125 1 23101440 custom_kernel_laguna_prefill_sorted_moe_tail_bf16_v1_bfloat16_t_uint32_t_float_bfloat16_t_bfloat16_t_bfloat16_t
GPUPROF 74341.972880917 74341.986415792 30 636347908 rmsbfloat16|steel_gemm_splitk_nt_bfloat16_float32_bm32_bn32_bk16_wm2_wn2_MN_taligned_K_taligned|steel_gemm_splitk_accum_bfloat16_float32|steel_gemm_splitk_nt_bfloat16_float32_bm32_bn32_bk16_wm2_wn2_MN_taligned_K_taligned|steel_gemm_splitk_accum_bfloat16_float32|steel_gemm_fused_nt_bfloat16_bfloat16_bm64_bn64_bk16_wm2_wn2_has_batch_n_use_out_source_n_do_axpby_n_align_M_t_align_N_t_align_K_t|steel_gemm_splitk_nt_bfloat16_float32_bm32_bn32_bk16_wm2_wn2_MN_taligned_K_taligned|steel_gemm_splitk_accum_bfloat16_float32|custom_kernel_laguna_prefill_sliding_qk_norm_rope_bf16_128_h1_v2_bfloat16_t_bfloat16_t_bfloat16_t_bfloat16_t_float_int32_tc_bfloat16_t_bfloat16_t|steel_attention_bfloat16_bq32_bk16_bd128_wm4_wn1_maskbfloat16_align_Q_t_align_K_t_has_mask_n_do_causal_t_has_sinks_n|Cf4IAsTypeADf4IBroadcastCBEf4IBroadcastBCFf4ILogAddExpDEGV2OAsTypeF_VC_V2_10408321403207385874_contiguous|g2_Multiplybfloat16|steel_gemm_fused_nt_bfloat16_bfloat16_bm64_bn64_bk16_wm2_wn2_has_batch_n_use_out_source_n_do_axpby_n_align_M_t_align_N_t_align_K_t|custom_kernel_laguna_residual_rms_bf16_2048_v1_bfloat16_t_bfloat16_t_bfloat16_t_bfloat16_t_bfloat16_t|steel_gemm_splitk_nt_bfloat16_float32_bm32_bn32_bk16_wm2_wn2_MN_taligned_K_taligned|steel_gemm_splitk_accum_bfloat16_float32|custom_kernel_laguna_prefill_router_tournament_ordinal_norm_v1_bfloat16_t_float_uint32_t_float|custom_kernel_mlx_lm_route_csort_scatter_fused_m8_u32_v4_uint32_t_uint32_t_uint32_t_uint32_t|gather_frontbfloat16_uint32_int_2|arangeuint32|nvfp4_gather_qmm_rhs_nt_bfloat16_t_gs_16_b_4_bm_16_bn_32_bk_32_wm_1_wn_2_align_M_t_align_N_t_align_K_t|nvfp4_qmm_t_splitk_fused_bfloat16_t_gs_16_b_4_alN_true|nvfp4_qmm_t_splitk_fused_bfloat16_t_gs_16_b_4_alN_true|g2_copybfloat16bfloat16|g2_copybfloat16bfloat16|CV2ISigmoidADV2IBroadcastACEV2IBroadcastCAFV2IMultiplyDEGV2IBroadcastFBHV2IBroadcastBFIV2OMultiplyGH_VV_V2V2_11160318154034397263_contiguous|arangeuint32|CV2ISigmoidADV2IBroadcastACEV2IBroadcastCAFV2IMultiplyDEGV2IBroadcastFBHV2IBroadcastBFIV2OMultiplyGH_VV_V2V2_11160318154034397263_contiguous|nvfp4_qmm_t_bfloat16_t_gs_16_b_4_alN_true_batch_0|nvfp4_gather_qmm_rhs_nt_bfloat16_t_gs_16_b_4_bm_16_bn_32_bk_32_wm_1_wn_2_align_M_t_align_N_t_align_K_t
GPUPROF 74341.986416750 74341.986495417 1 23101440 custom_kernel_laguna_prefill_sorted_moe_tail_bf16_v1_bfloat16_t_uint32_t_float_bfloat16_t_bfloat16_t_bfloat16_t
GPUPROF 74341.986496167 74342.000194292 30 636347908 rmsbfloat16|steel_gemm_splitk_nt_bfloat16_float32_bm32_bn32_bk16_wm2_wn2_MN_taligned_K_taligned|steel_gemm_splitk_accum_bfloat16_float32|steel_gemm_splitk_nt_bfloat16_float32_bm32_bn32_bk16_wm2_wn2_MN_taligned_K_taligned|steel_gemm_splitk_accum_bfloat16_float32|steel_gemm_fused_nt_bfloat16_bfloat16_bm64_bn64_bk16_wm2_wn2_has_batch_n_use_out_source_n_do_axpby_n_align_M_t_align_N_t_align_K_t|steel_gemm_splitk_nt_bfloat16_float32_bm32_bn32_bk16_wm2_wn2_MN_taligned_K_taligned|steel_gemm_splitk_accum_bfloat16_float32|custom_kernel_laguna_prefill_sliding_qk_norm_rope_bf16_128_h1_v2_bfloat16_t_bfloat16_t_bfloat16_t_bfloat16_t_float_int32_tc_bfloat16_t_bfloat16_t|steel_attention_bfloat16_bq32_bk16_bd128_wm4_wn1_maskbfloat16_align_Q_t_align_K_t_has_mask_n_do_causal_t_has_sinks_n|Cf4IAsTypeADf4IBroadcastCBEf4IBroadcastBCFf4ILogAddExpDEGV2OAsTypeF_VC_V2_10408321403207385874_contiguous|g2_Multiplybfloat16|steel_gemm_fused_nt_bfloat16_bfloat16_bm64_bn64_bk16_wm2_wn2_has_batch_n_use_out_source_n_do_axpby_n_align_M_t_align_N_t_align_K_t|custom_kernel_laguna_residual_rms_bf16_2048_v1_bfloat16_t_bfloat16_t_bfloat16_t_bfloat16_t_bfloat16_t|steel_gemm_splitk_nt_bfloat16_float32_bm32_bn32_bk16_wm2_wn2_MN_taligned_K_taligned|steel_gemm_splitk_accum_bfloat16_float32|custom_kernel_laguna_prefill_router_tournament_ordinal_norm_v1_bfloat16_t_float_uint32_t_float|custom_kernel_mlx_lm_route_csort_scatter_fused_m8_u32_v4_uint32_t_uint32_t_uint32_t_uint32_t|gather_frontbfloat16_uint32_int_2|arangeuint32|nvfp4_gather_qmm_rhs_nt_bfloat16_t_gs_16_b_4_bm_16_bn_32_bk_32_wm_1_wn_2_align_M_t_align_N_t_align_K_t|nvfp4_qmm_t_splitk_fused_bfloat16_t_gs_16_b_4_alN_true|nvfp4_qmm_t_splitk_fused_bfloat16_t_gs_16_b_4_alN_true|g2_copybfloat16bfloat16|g2_copybfloat16bfloat16|CV2ISigmoidADV2IBroadcastACEV2IBroadcastCAFV2IMultiplyDEGV2IBroadcastFBHV2IBroadcastBFIV2OMultiplyGH_VV_V2V2_11160318154034397263_contiguous|arangeuint32|CV2ISigmoidADV2IBroadcastACEV2IBroadcastCAFV2IMultiplyDEGV2IBroadcastFBHV2IBroadcastBFIV2OMultiplyGH_VV_V2V2_11160318154034397263_contiguous|nvfp4_qmm_t_bfloat16_t_gs_16_b_4_alN_true_batch_0|nvfp4_gather_qmm_rhs_nt_bfloat16_t_gs_16_b_4_bm_16_bn_32_bk_32_wm_1_wn_2_align_M_t_align_N_t_align_K_t
GPUPROF 74342.000214167 74342.000289000 1 23101440 custom_kernel_laguna_prefill_sorted_moe_tail_bf16_v1_bfloat16_t_uint32_t_float_bfloat16_t_bfloat16_t_bfloat16_t
GPUPROF 74342.000289750 74342.013933250 30 636347908 rmsbfloat16|steel_gemm_splitk_nt_bfloat16_float32_bm32_bn32_bk16_wm2_wn2_MN_taligned_K_taligned|steel_gemm_splitk_accum_bfloat16_float32|steel_gemm_splitk_nt_bfloat16_float32_bm32_bn32_bk16_wm2_wn2_MN_taligned_K_taligned|steel_gemm_splitk_accum_bfloat16_float32|steel_gemm_fused_nt_bfloat16_bfloat16_bm64_bn64_bk16_wm2_wn2_has_batch_n_use_out_source_n_do_axpby_n_align_M_t_align_N_t_align_K_t|steel_gemm_splitk_nt_bfloat16_float32_bm32_bn32_bk16_wm2_wn2_MN_taligned_K_taligned|steel_gemm_splitk_accum_bfloat16_float32|custom_kernel_laguna_prefill_sliding_qk_norm_rope_bf16_128_h1_v2_bfloat16_t_bfloat16_t_bfloat16_t_bfloat16_t_float_int32_tc_bfloat16_t_bfloat16_t|steel_attention_bfloat16_bq32_bk16_bd128_wm4_wn1_maskbfloat16_align_Q_t_align_K_t_has_mask_n_do_causal_t_has_sinks_n|Cf4IAsTypeADf4IBroadcastCBEf4IBroadcastBCFf4ILogAddExpDEGV2OAsTypeF_VC_V2_10408321403207385874_contiguous|g2_Multiplybfloat16|steel_gemm_fused_nt_bfloat16_bfloat16_bm64_bn64_bk16_wm2_wn2_has_batch_n_use_out_source_n_do_axpby_n_align_M_t_align_N_t_align_K_t|custom_kernel_laguna_residual_rms_bf16_2048_v1_bfloat16_t_bfloat16_t_bfloat16_t_bfloat16_t_bfloat16_t|steel_gemm_splitk_nt_bfloat16_float32_bm32_bn32_bk16_wm2_wn2_MN_taligned_K_taligned|steel_gemm_splitk_accum_bfloat16_float32|custom_kernel_laguna_prefill_router_tournament_ordinal_norm_v1_bfloat16_t_float_uint32_t_float|custom_kernel_mlx_lm_route_csort_scatter_fused_m8_u32_v4_uint32_t_uint32_t_uint32_t_uint32_t|gather_frontbfloat16_uint32_int_2|arangeuint32|nvfp4_gather_qmm_rhs_nt_bfloat16_t_gs_16_b_4_bm_16_bn_32_bk_32_wm_1_wn_2_align_M_t_align_N_t_align_K_t|nvfp4_qmm_t_splitk_fused_bfloat16_t_gs_16_b_4_alN_true|nvfp4_qmm_t_splitk_fused_bfloat16_t_gs_16_b_4_alN_true|g2_copybfloat16bfloat16|g2_copybfloat16bfloat16|CV2ISigmoidADV2IBroadcastACEV2IBroadcastCAFV2IMultiplyDEGV2IBroadcastFBHV2IBroadcastBFIV2OMultiplyGH_VV_V2V2_11160318154034397263_contiguous|arangeuint32|CV2ISigmoidADV2IBroadcastACEV2IBroadcastCAFV2IMultiplyDEGV2IBroadcastFBHV2IBroadcastBFIV2OMultiplyGH_VV_V2V2_11160318154034397263_contiguous|nvfp4_qmm_t_bfloat16_t_gs_16_b_4_alN_true_batch_0|nvfp4_gather_qmm_rhs_nt_bfloat16_t_gs_16_b_4_bm_16_bn_32_bk_32_wm_1_wn_2_align_M_t_align_N_t_align_K_t
GPUPROF 74342.013934000 74342.014009792 1 23101440 custom_kernel_laguna_prefill_sorted_moe_tail_bf16_v1_bfloat16_t_uint32_t_float_bfloat16_t_bfloat16_t_bfloat16_t
GPUPROF 74342.014010542 74342.026532750 30 612017668 rmsbfloat16|steel_gemm_splitk_nt_bfloat16_float32_bm32_bn32_bk16_wm2_wn2_MN_taligned_K_taligned|steel_gemm_splitk_accum_bfloat16_float32|steel_gemm_splitk_nt_bfloat16_float32_bm32_bn32_bk16_wm2_wn2_MN_taligned_K_taligned|steel_gemm_splitk_accum_bfloat16_float32|steel_gemm_fused_nt_bfloat16_bfloat16_bm64_bn64_bk16_wm2_wn2_has_batch_n_use_out_source_n_do_axpby_n_align_M_t_align_N_t_align_K_t|steel_gemm_splitk_nt_bfloat16_float32_bm32_bn32_bk16_wm2_wn2_MN_naligned_K_taligned|steel_gemm_splitk_accum_bfloat16_float32|custom_kernel_laguna_prefill_full_qk_norm_yarn_bf16_128_h1_v2_bfloat16_t_bfloat16_t_bfloat16_t_bfloat16_t_float_int32_tc_bfloat16_t_bfloat16_t|steel_attention_bfloat16_bq32_bk16_bd128_wm4_wn1_maskbfloat16_align_Q_t_align_K_t_has_mask_n_do_causal_t_has_sinks_n|Cf4IAsTypeADf4IBroadcastCBEf4IBroadcastBCFf4ILogAddExpDEGV2OAsTypeF_VC_V2_10408321403207385874_contiguous|g2_Multiplybfloat16|steel_gemm_fused_nt_bfloat16_bfloat16_bm64_bn64_bk16_wm2_wn2_has_batch_n_use_out_source_n_do_axpby_n_align_M_t_align_N_t_align_K_t|custom_kernel_laguna_residual_rms_bf16_2048_v1_bfloat16_t_bfloat16_t_bfloat16_t_bfloat16_t_bfloat16_t|steel_gemm_splitk_nt_bfloat16_float32_bm32_bn32_bk16_wm2_wn2_MN_taligned_K_taligned|steel_gemm_splitk_accum_bfloat16_float32|custom_kernel_laguna_prefill_router_tournament_ordinal_norm_v1_bfloat16_t_float_uint32_t_float|custom_kernel_mlx_lm_route_csort_scatter_fused_m8_u32_v4_uint32_t_uint32_t_uint32_t_uint32_t|gather_frontbfloat16_uint32_int_2|arangeuint32|nvfp4_gather_qmm_rhs_nt_bfloat16_t_gs_16_b_4_bm_16_bn_32_bk_32_wm_1_wn_2_align_M_t_align_N_t_align_K_t|nvfp4_qmm_t_splitk_fused_bfloat16_t_gs_16_b_4_alN_true|nvfp4_qmm_t_splitk_fused_bfloat16_t_gs_16_b_4_alN_true|g2_copybfloat16bfloat16|g2_copybfloat16bfloat16|CV2ISigmoidADV2IBroadcastACEV2IBroadcastCAFV2IMultiplyDEGV2IBroadcastFBHV2IBroadcastBFIV2OMultiplyGH_VV_V2V2_11160318154034397263_contiguous|arangeuint32|CV2ISigmoidADV2IBroadcastACEV2IBroadcastCAFV2IMultiplyDEGV2IBroadcastFBHV2IBroadcastBFIV2OMultiplyGH_VV_V2V2_11160318154034397263_contiguous|nvfp4_qmm_t_bfloat16_t_gs_16_b_4_alN_true_batch_0|nvfp4_gather_qmm_rhs_nt_bfloat16_t_gs_16_b_4_bm_16_bn_32_bk_32_wm_1_wn_2_align_M_t_align_N_t_align_K_t
GPUPROF 74342.026533542 74342.026608917 1 23101440 custom_kernel_laguna_prefill_sorted_moe_tail_bf16_v1_bfloat16_t_uint32_t_float_bfloat16_t_bfloat16_t_bfloat16_t
GPUPROF 74342.026609667 74342.040712875 30 636347908 rmsbfloat16|steel_gemm_splitk_nt_bfloat16_float32_bm32_bn32_bk16_wm2_wn2_MN_taligned_K_taligned|steel_gemm_splitk_accum_bfloat16_float32|steel_gemm_splitk_nt_bfloat16_float32_bm32_bn32_bk16_wm2_wn2_MN_taligned_K_taligned|steel_gemm_splitk_accum_bfloat16_float32|steel_gemm_fused_nt_bfloat16_bfloat16_bm64_bn64_bk16_wm2_wn2_has_batch_n_use_out_source_n_do_axpby_n_align_M_t_align_N_t_align_K_t|steel_gemm_splitk_nt_bfloat16_float32_bm32_bn32_bk16_wm2_wn2_MN_taligned_K_taligned|steel_gemm_splitk_accum_bfloat16_float32|custom_kernel_laguna_prefill_sliding_qk_norm_rope_bf16_128_h1_v2_bfloat16_t_bfloat16_t_bfloat16_t_bfloat16_t_float_int32_tc_bfloat16_t_bfloat16_t|steel_attention_bfloat16_bq32_bk16_bd128_wm4_wn1_maskbfloat16_align_Q_t_align_K_t_has_mask_n_do_causal_t_has_sinks_n|Cf4IAsTypeADf4IBroadcastCBEf4IBroadcastBCFf4ILogAddExpDEGV2OAsTypeF_VC_V2_10408321403207385874_contiguous|g2_Multiplybfloat16|steel_gemm_fused_nt_bfloat16_bfloat16_bm64_bn64_bk16_wm2_wn2_has_batch_n_use_out_source_n_do_axpby_n_align_M_t_align_N_t_align_K_t|custom_kernel_laguna_residual_rms_bf16_2048_v1_bfloat16_t_bfloat16_t_bfloat16_t_bfloat16_t_bfloat16_t|steel_gemm_splitk_nt_bfloat16_float32_bm32_bn32_bk16_wm2_wn2_MN_taligned_K_taligned|steel_gemm_splitk_accum_bfloat16_float32|custom_kernel_laguna_prefill_router_tournament_ordinal_norm_v1_bfloat16_t_float_uint32_t_float|custom_kernel_mlx_lm_route_csort_scatter_fused_m8_u32_v4_uint32_t_uint32_t_uint32_t_uint32_t|gather_frontbfloat16_uint32_int_2|arangeuint32|nvfp4_gather_qmm_rhs_nt_bfloat16_t_gs_16_b_4_bm_16_bn_32_bk_32_wm_1_wn_2_align_M_t_align_N_t_align_K_t|nvfp4_qmm_t_splitk_fused_bfloat16_t_gs_16_b_4_alN_true|nvfp4_qmm_t_splitk_fused_bfloat16_t_gs_16_b_4_alN_true|g2_copybfloat16bfloat16|g2_copybfloat16bfloat16|CV2ISigmoidADV2IBroadcastACEV2IBroadcastCAFV2IMultiplyDEGV2IBroadcastFBHV2IBroadcastBFIV2OMultiplyGH_VV_V2V2_11160318154034397263_contiguous|arangeuint32|CV2ISigmoidADV2IBroadcastACEV2IBroadcastCAFV2IMultiplyDEGV2IBroadcastFBHV2IBroadcastBFIV2OMultiplyGH_VV_V2V2_11160318154034397263_contiguous|nvfp4_qmm_t_bfloat16_t_gs_16_b_4_alN_true_batch_0|nvfp4_gather_qmm_rhs_nt_bfloat16_t_gs_16_b_4_bm_16_bn_32_bk_32_wm_1_wn_2_align_M_t_align_N_t_align_K_t
GPUPROF 74342.040713542 74342.040789875 1 23101440 custom_kernel_laguna_prefill_sorted_moe_tail_bf16_v1_bfloat16_t_uint32_t_float_bfloat16_t_bfloat16_t_bfloat16_t
GPUPROF 74342.040790667 74342.054766375 30 636347908 rmsbfloat16|steel_gemm_splitk_nt_bfloat16_float32_bm32_bn32_bk16_wm2_wn2_MN_taligned_K_taligned|steel_gemm_splitk_accum_bfloat16_float32|steel_gemm_splitk_nt_bfloat16_float32_bm32_bn32_bk16_wm2_wn2_MN_taligned_K_taligned|steel_gemm_splitk_accum_bfloat16_float32|steel_gemm_fused_nt_bfloat16_bfloat16_bm64_bn64_bk16_wm2_wn2_has_batch_n_use_out_source_n_do_axpby_n_align_M_t_align_N_t_align_K_t|steel_gemm_splitk_nt_bfloat16_float32_bm32_bn32_bk16_wm2_wn2_MN_taligned_K_taligned|steel_gemm_splitk_accum_bfloat16_float32|custom_kernel_laguna_prefill_sliding_qk_norm_rope_bf16_128_h1_v2_bfloat16_t_bfloat16_t_bfloat16_t_bfloat16_t_float_int32_tc_bfloat16_t_bfloat16_t|steel_attention_bfloat16_bq32_bk16_bd128_wm4_wn1_maskbfloat16_align_Q_t_align_K_t_has_mask_n_do_causal_t_has_sinks_n|Cf4IAsTypeADf4IBroadcastCBEf4IBroadcastBCFf4ILogAddExpDEGV2OAsTypeF_VC_V2_10408321403207385874_contiguous|g2_Multiplybfloat16|steel_gemm_fused_nt_bfloat16_bfloat16_bm64_bn64_bk16_wm2_wn2_has_batch_n_use_out_source_n_do_axpby_n_align_M_t_align_N_t_align_K_t|custom_kernel_laguna_residual_rms_bf16_2048_v1_bfloat16_t_bfloat16_t_bfloat16_t_bfloat16_t_bfloat16_t|steel_gemm_splitk_nt_bfloat16_float32_bm32_bn32_bk16_wm2_wn2_MN_taligned_K_taligned|steel_gemm_splitk_accum_bfloat16_float32|custom_kernel_laguna_prefill_router_tournament_ordinal_norm_v1_bfloat16_t_float_uint32_t_float|custom_kernel_mlx_lm_route_csort_scatter_fused_m8_u32_v4_uint32_t_uint32_t_uint32_t_uint32_t|gather_frontbfloat16_uint32_int_2|arangeuint32|nvfp4_gather_qmm_rhs_nt_bfloat16_t_gs_16_b_4_bm_16_bn_32_bk_32_wm_1_wn_2_align_M_t_align_N_t_align_K_t|nvfp4_qmm_t_splitk_fused_bfloat16_t_gs_16_b_4_alN_true|nvfp4_qmm_t_splitk_fused_bfloat16_t_gs_16_b_4_alN_true|g2_copybfloat16bfloat16|g2_copybfloat16bfloat16|CV2ISigmoidADV2IBroadcastACEV2IBroadcastCAFV2IMultiplyDEGV2IBroadcastFBHV2IBroadcastBFIV2OMultiplyGH_VV_V2V2_11160318154034397263_contiguous|arangeuint32|CV2ISigmoidADV2IBroadcastACEV2IBroadcastCAFV2IMultiplyDEGV2IBroadcastFBHV2IBroadcastBFIV2OMultiplyGH_VV_V2V2_11160318154034397263_contiguous|nvfp4_qmm_t_bfloat16_t_gs_16_b_4_alN_true_batch_0|nvfp4_gather_qmm_rhs_nt_bfloat16_t_gs_16_b_4_bm_16_bn_32_bk_32_wm_1_wn_2_align_M_t_align_N_t_align_K_t
GPUPROF 74342.054767167 74342.054843375 1 23101440 custom_kernel_laguna_prefill_sorted_moe_tail_bf16_v1_bfloat16_t_uint32_t_float_bfloat16_t_bfloat16_t_bfloat16_t
GPUPROF 74342.054844167 74342.068898542 30 636347908 rmsbfloat16|steel_gemm_splitk_nt_bfloat16_float32_bm32_bn32_bk16_wm2_wn2_MN_taligned_K_taligned|steel_gemm_splitk_accum_bfloat16_float32|steel_gemm_splitk_nt_bfloat16_float32_bm32_bn32_bk16_wm2_wn2_MN_taligned_K_taligned|steel_gemm_splitk_accum_bfloat16_float32|steel_gemm_fused_nt_bfloat16_bfloat16_bm64_bn64_bk16_wm2_wn2_has_batch_n_use_out_source_n_do_axpby_n_align_M_t_align_N_t_align_K_t|steel_gemm_splitk_nt_bfloat16_float32_bm32_bn32_bk16_wm2_wn2_MN_taligned_K_taligned|steel_gemm_splitk_accum_bfloat16_float32|custom_kernel_laguna_prefill_sliding_qk_norm_rope_bf16_128_h1_v2_bfloat16_t_bfloat16_t_bfloat16_t_bfloat16_t_float_int32_tc_bfloat16_t_bfloat16_t|steel_attention_bfloat16_bq32_bk16_bd128_wm4_wn1_maskbfloat16_align_Q_t_align_K_t_has_mask_n_do_causal_t_has_sinks_n|Cf4IAsTypeADf4IBroadcastCBEf4IBroadcastBCFf4ILogAddExpDEGV2OAsTypeF_VC_V2_10408321403207385874_contiguous|g2_Multiplybfloat16|steel_gemm_fused_nt_bfloat16_bfloat16_bm64_bn64_bk16_wm2_wn2_has_batch_n_use_out_source_n_do_axpby_n_align_M_t_align_N_t_align_K_t|custom_kernel_laguna_residual_rms_bf16_2048_v1_bfloat16_t_bfloat16_t_bfloat16_t_bfloat16_t_bfloat16_t|steel_gemm_splitk_nt_bfloat16_float32_bm32_bn32_bk16_wm2_wn2_MN_taligned_K_taligned|steel_gemm_splitk_accum_bfloat16_float32|custom_kernel_laguna_prefill_router_tournament_ordinal_norm_v1_bfloat16_t_float_uint32_t_float|custom_kernel_mlx_lm_route_csort_scatter_fused_m8_u32_v4_uint32_t_uint32_t_uint32_t_uint32_t|gather_frontbfloat16_uint32_int_2|arangeuint32|nvfp4_gather_qmm_rhs_nt_bfloat16_t_gs_16_b_4_bm_16_bn_32_bk_32_wm_1_wn_2_align_M_t_align_N_t_align_K_t|nvfp4_qmm_t_splitk_fused_bfloat16_t_gs_16_b_4_alN_true|nvfp4_qmm_t_splitk_fused_bfloat16_t_gs_16_b_4_alN_true|g2_copybfloat16bfloat16|g2_copybfloat16bfloat16|CV2ISigmoidADV2IBroadcastACEV2IBroadcastCAFV2IMultiplyDEGV2IBroadcastFBHV2IBroadcastBFIV2OMultiplyGH_VV_V2V2_11160318154034397263_contiguous|arangeuint32|CV2ISigmoidADV2IBroadcastACEV2IBroadcastCAFV2IMultiplyDEGV2IBroadcastFBHV2IBroadcastBFIV2OMultiplyGH_VV_V2V2_11160318154034397263_contiguous|nvfp4_qmm_t_bfloat16_t_gs_16_b_4_alN_true_batch_0|nvfp4_gather_qmm_rhs_nt_bfloat16_t_gs_16_b_4_bm_16_bn_32_bk_32_wm_1_wn_2_align_M_t_align_N_t_align_K_t
GPUPROF 74342.068899375 74342.068975792 1 23101440 custom_kernel_laguna_prefill_sorted_moe_tail_bf16_v1_bfloat16_t_uint32_t_float_bfloat16_t_bfloat16_t_bfloat16_t
GPUPROF 74342.068976542 74342.081637750 30 612017668 rmsbfloat16|steel_gemm_splitk_nt_bfloat16_float32_bm32_bn32_bk16_wm2_wn2_MN_taligned_K_taligned|steel_gemm_splitk_accum_bfloat16_float32|steel_gemm_splitk_nt_bfloat16_float32_bm32_bn32_bk16_wm2_wn2_MN_taligned_K_taligned|steel_gemm_splitk_accum_bfloat16_float32|steel_gemm_fused_nt_bfloat16_bfloat16_bm64_bn64_bk16_wm2_wn2_has_batch_n_use_out_source_n_do_axpby_n_align_M_t_align_N_t_align_K_t|steel_gemm_splitk_nt_bfloat16_float32_bm32_bn32_bk16_wm2_wn2_MN_naligned_K_taligned|steel_gemm_splitk_accum_bfloat16_float32|custom_kernel_laguna_prefill_full_qk_norm_yarn_bf16_128_h1_v2_bfloat16_t_bfloat16_t_bfloat16_t_bfloat16_t_float_int32_tc_bfloat16_t_bfloat16_t|steel_attention_bfloat16_bq32_bk16_bd128_wm4_wn1_maskbfloat16_align_Q_t_align_K_t_has_mask_n_do_causal_t_has_sinks_n|Cf4IAsTypeADf4IBroadcastCBEf4IBroadcastBCFf4ILogAddExpDEGV2OAsTypeF_VC_V2_10408321403207385874_contiguous|g2_Multiplybfloat16|steel_gemm_fused_nt_bfloat16_bfloat16_bm64_bn64_bk16_wm2_wn2_has_batch_n_use_out_source_n_do_axpby_n_align_M_t_align_N_t_align_K_t|custom_kernel_laguna_residual_rms_bf16_2048_v1_bfloat16_t_bfloat16_t_bfloat16_t_bfloat16_t_bfloat16_t|steel_gemm_splitk_nt_bfloat16_float32_bm32_bn32_bk16_wm2_wn2_MN_taligned_K_taligned|steel_gemm_splitk_accum_bfloat16_float32|custom_kernel_laguna_prefill_router_tournament_ordinal_norm_v1_bfloat16_t_float_uint32_t_float|custom_kernel_mlx_lm_route_csort_scatter_fused_m8_u32_v4_uint32_t_uint32_t_uint32_t_uint32_t|gather_frontbfloat16_uint32_int_2|arangeuint32|nvfp4_gather_qmm_rhs_nt_bfloat16_t_gs_16_b_4_bm_16_bn_32_bk_32_wm_1_wn_2_align_M_t_align_N_t_align_K_t|nvfp4_qmm_t_splitk_fused_bfloat16_t_gs_16_b_4_alN_true|nvfp4_qmm_t_splitk_fused_bfloat16_t_gs_16_b_4_alN_true|g2_copybfloat16bfloat16|g2_copybfloat16bfloat16|CV2ISigmoidADV2IBroadcastACEV2IBroadcastCAFV2IMultiplyDEGV2IBroadcastFBHV2IBroadcastBFIV2OMultiplyGH_VV_V2V2_11160318154034397263_contiguous|arangeuint32|CV2ISigmoidADV2IBroadcastACEV2IBroadcastCAFV2IMultiplyDEGV2IBroadcastFBHV2IBroadcastBFIV2OMultiplyGH_VV_V2V2_11160318154034397263_contiguous|nvfp4_qmm_t_bfloat16_t_gs_16_b_4_alN_true_batch_0|nvfp4_gather_qmm_rhs_nt_bfloat16_t_gs_16_b_4_bm_16_bn_32_bk_32_wm_1_wn_2_align_M_t_align_N_t_align_K_t
GPUPROF 74342.081638542 74342.081713250 1 23101440 custom_kernel_laguna_prefill_sorted_moe_tail_bf16_v1_bfloat16_t_uint32_t_float_bfloat16_t_bfloat16_t_bfloat16_t
GPUPROF 74342.081714000 74342.095681625 30 636347908 rmsbfloat16|steel_gemm_splitk_nt_bfloat16_float32_bm32_bn32_bk16_wm2_wn2_MN_taligned_K_taligned|steel_gemm_splitk_accum_bfloat16_float32|steel_gemm_splitk_nt_bfloat16_float32_bm32_bn32_bk16_wm2_wn2_MN_taligned_K_taligned|steel_gemm_splitk_accum_bfloat16_float32|steel_gemm_fused_nt_bfloat16_bfloat16_bm64_bn64_bk16_wm2_wn2_has_batch_n_use_out_source_n_do_axpby_n_align_M_t_align_N_t_align_K_t|steel_gemm_splitk_nt_bfloat16_float32_bm32_bn32_bk16_wm2_wn2_MN_taligned_K_taligned|steel_gemm_splitk_accum_bfloat16_float32|custom_kernel_laguna_prefill_sliding_qk_norm_rope_bf16_128_h1_v2_bfloat16_t_bfloat16_t_bfloat16_t_bfloat16_t_float_int32_tc_bfloat16_t_bfloat16_t|steel_attention_bfloat16_bq32_bk16_bd128_wm4_wn1_maskbfloat16_align_Q_t_align_K_t_has_mask_n_do_causal_t_has_sinks_n|Cf4IAsTypeADf4IBroadcastCBEf4IBroadcastBCFf4ILogAddExpDEGV2OAsTypeF_VC_V2_10408321403207385874_contiguous|g2_Multiplybfloat16|steel_gemm_fused_nt_bfloat16_bfloat16_bm64_bn64_bk16_wm2_wn2_has_batch_n_use_out_source_n_do_axpby_n_align_M_t_align_N_t_align_K_t|custom_kernel_laguna_residual_rms_bf16_2048_v1_bfloat16_t_bfloat16_t_bfloat16_t_bfloat16_t_bfloat16_t|steel_gemm_splitk_nt_bfloat16_float32_bm32_bn32_bk16_wm2_wn2_MN_taligned_K_taligned|steel_gemm_splitk_accum_bfloat16_float32|custom_kernel_laguna_prefill_router_tournament_ordinal_norm_v1_bfloat16_t_float_uint32_t_float|custom_kernel_mlx_lm_route_csort_scatter_fused_m8_u32_v4_uint32_t_uint32_t_uint32_t_uint32_t|gather_frontbfloat16_uint32_int_2|arangeuint32|nvfp4_gather_qmm_rhs_nt_bfloat16_t_gs_16_b_4_bm_16_bn_32_bk_32_wm_1_wn_2_align_M_t_align_N_t_align_K_t|nvfp4_qmm_t_splitk_fused_bfloat16_t_gs_16_b_4_alN_true|nvfp4_qmm_t_splitk_fused_bfloat16_t_gs_16_b_4_alN_true|g2_copybfloat16bfloat16|g2_copybfloat16bfloat16|CV2ISigmoidADV2IBroadcastACEV2IBroadcastCAFV2IMultiplyDEGV2IBroadcastFBHV2IBroadcastBFIV2OMultiplyGH_VV_V2V2_11160318154034397263_contiguous|arangeuint32|CV2ISigmoidADV2IBroadcastACEV2IBroadcastCAFV2IMultiplyDEGV2IBroadcastFBHV2IBroadcastBFIV2OMultiplyGH_VV_V2V2_11160318154034397263_contiguous|nvfp4_qmm_t_bfloat16_t_gs_16_b_4_alN_true_batch_0|nvfp4_gather_qmm_rhs_nt_bfloat16_t_gs_16_b_4_bm_16_bn_32_bk_32_wm_1_wn_2_align_M_t_align_N_t_align_K_t
GPUPROF 74342.095682375 74342.095762375 1 23101440 custom_kernel_laguna_prefill_sorted_moe_tail_bf16_v1_bfloat16_t_uint32_t_float_bfloat16_t_bfloat16_t_bfloat16_t
GPUPROF 74342.095763125 74342.109837542 30 636347908 rmsbfloat16|steel_gemm_splitk_nt_bfloat16_float32_bm32_bn32_bk16_wm2_wn2_MN_taligned_K_taligned|steel_gemm_splitk_accum_bfloat16_float32|steel_gemm_splitk_nt_bfloat16_float32_bm32_bn32_bk16_wm2_wn2_MN_taligned_K_taligned|steel_gemm_splitk_accum_bfloat16_float32|steel_gemm_fused_nt_bfloat16_bfloat16_bm64_bn64_bk16_wm2_wn2_has_batch_n_use_out_source_n_do_axpby_n_align_M_t_align_N_t_align_K_t|steel_gemm_splitk_nt_bfloat16_float32_bm32_bn32_bk16_wm2_wn2_MN_taligned_K_taligned|steel_gemm_splitk_accum_bfloat16_float32|custom_kernel_laguna_prefill_sliding_qk_norm_rope_bf16_128_h1_v2_bfloat16_t_bfloat16_t_bfloat16_t_bfloat16_t_float_int32_tc_bfloat16_t_bfloat16_t|steel_attention_bfloat16_bq32_bk16_bd128_wm4_wn1_maskbfloat16_align_Q_t_align_K_t_has_mask_n_do_causal_t_has_sinks_n|Cf4IAsTypeADf4IBroadcastCBEf4IBroadcastBCFf4ILogAddExpDEGV2OAsTypeF_VC_V2_10408321403207385874_contiguous|g2_Multiplybfloat16|steel_gemm_fused_nt_bfloat16_bfloat16_bm64_bn64_bk16_wm2_wn2_has_batch_n_use_out_source_n_do_axpby_n_align_M_t_align_N_t_align_K_t|custom_kernel_laguna_residual_rms_bf16_2048_v1_bfloat16_t_bfloat16_t_bfloat16_t_bfloat16_t_bfloat16_t|steel_gemm_splitk_nt_bfloat16_float32_bm32_bn32_bk16_wm2_wn2_MN_taligned_K_taligned|steel_gemm_splitk_accum_bfloat16_float32|custom_kernel_laguna_prefill_router_tournament_ordinal_norm_v1_bfloat16_t_float_uint32_t_float|custom_kernel_mlx_lm_route_csort_scatter_fused_m8_u32_v4_uint32_t_uint32_t_uint32_t_uint32_t|gather_frontbfloat16_uint32_int_2|arangeuint32|nvfp4_gather_qmm_rhs_nt_bfloat16_t_gs_16_b_4_bm_16_bn_32_bk_32_wm_1_wn_2_align_M_t_align_N_t_align_K_t|nvfp4_qmm_t_splitk_fused_bfloat16_t_gs_16_b_4_alN_true|nvfp4_qmm_t_splitk_fused_bfloat16_t_gs_16_b_4_alN_true|g2_copybfloat16bfloat16|g2_copybfloat16bfloat16|CV2ISigmoidADV2IBroadcastACEV2IBroadcastCAFV2IMultiplyDEGV2IBroadcastFBHV2IBroadcastBFIV2OMultiplyGH_VV_V2V2_11160318154034397263_contiguous|arangeuint32|CV2ISigmoidADV2IBroadcastACEV2IBroadcastCAFV2IMultiplyDEGV2IBroadcastFBHV2IBroadcastBFIV2OMultiplyGH_VV_V2V2_11160318154034397263_contiguous|nvfp4_qmm_t_bfloat16_t_gs_16_b_4_alN_true_batch_0|nvfp4_gather_qmm_rhs_nt_bfloat16_t_gs_16_b_4_bm_16_bn_32_bk_32_wm_1_wn_2_align_M_t_align_N_t_align_K_t
GPUPROF 74342.109838292 74342.109913750 1 23101440 custom_kernel_laguna_prefill_sorted_moe_tail_bf16_v1_bfloat16_t_uint32_t_float_bfloat16_t_bfloat16_t_bfloat16_t
GPUPROF 74342.109914500 74342.124096250 30 636347908 rmsbfloat16|steel_gemm_splitk_nt_bfloat16_float32_bm32_bn32_bk16_wm2_wn2_MN_taligned_K_taligned|steel_gemm_splitk_accum_bfloat16_float32|steel_gemm_splitk_nt_bfloat16_float32_bm32_bn32_bk16_wm2_wn2_MN_taligned_K_taligned|steel_gemm_splitk_accum_bfloat16_float32|steel_gemm_fused_nt_bfloat16_bfloat16_bm64_bn64_bk16_wm2_wn2_has_batch_n_use_out_source_n_do_axpby_n_align_M_t_align_N_t_align_K_t|steel_gemm_splitk_nt_bfloat16_float32_bm32_bn32_bk16_wm2_wn2_MN_taligned_K_taligned|steel_gemm_splitk_accum_bfloat16_float32|custom_kernel_laguna_prefill_sliding_qk_norm_rope_bf16_128_h1_v2_bfloat16_t_bfloat16_t_bfloat16_t_bfloat16_t_float_int32_tc_bfloat16_t_bfloat16_t|steel_attention_bfloat16_bq32_bk16_bd128_wm4_wn1_maskbfloat16_align_Q_t_align_K_t_has_mask_n_do_causal_t_has_sinks_n|Cf4IAsTypeADf4IBroadcastCBEf4IBroadcastBCFf4ILogAddExpDEGV2OAsTypeF_VC_V2_10408321403207385874_contiguous|g2_Multiplybfloat16|steel_gemm_fused_nt_bfloat16_bfloat16_bm64_bn64_bk16_wm2_wn2_has_batch_n_use_out_source_n_do_axpby_n_align_M_t_align_N_t_align_K_t|custom_kernel_laguna_residual_rms_bf16_2048_v1_bfloat16_t_bfloat16_t_bfloat16_t_bfloat16_t_bfloat16_t|steel_gemm_splitk_nt_bfloat16_float32_bm32_bn32_bk16_wm2_wn2_MN_taligned_K_taligned|steel_gemm_splitk_accum_bfloat16_float32|custom_kernel_laguna_prefill_router_tournament_ordinal_norm_v1_bfloat16_t_float_uint32_t_float|custom_kernel_mlx_lm_route_csort_scatter_fused_m8_u32_v4_uint32_t_uint32_t_uint32_t_uint32_t|gather_frontbfloat16_uint32_int_2|arangeuint32|nvfp4_gather_qmm_rhs_nt_bfloat16_t_gs_16_b_4_bm_16_bn_32_bk_32_wm_1_wn_2_align_M_t_align_N_t_align_K_t|nvfp4_qmm_t_splitk_fused_bfloat16_t_gs_16_b_4_alN_true|nvfp4_qmm_t_splitk_fused_bfloat16_t_gs_16_b_4_alN_true|g2_copybfloat16bfloat16|g2_copybfloat16bfloat16|CV2ISigmoidADV2IBroadcastACEV2IBroadcastCAFV2IMultiplyDEGV2IBroadcastFBHV2IBroadcastBFIV2OMultiplyGH_VV_V2V2_11160318154034397263_contiguous|arangeuint32|CV2ISigmoidADV2IBroadcastACEV2IBroadcastCAFV2IMultiplyDEGV2IBroadcastFBHV2IBroadcastBFIV2OMultiplyGH_VV_V2V2_11160318154034397263_contiguous|nvfp4_qmm_t_bfloat16_t_gs_16_b_4_alN_true_batch_0|nvfp4_gather_qmm_rhs_nt_bfloat16_t_gs_16_b_4_bm_16_bn_32_bk_32_wm_1_wn_2_align_M_t_align_N_t_align_K_t
GPUPROF 74342.124097000 74342.124173167 1 23101440 custom_kernel_laguna_prefill_sorted_moe_tail_bf16_v1_bfloat16_t_uint32_t_float_bfloat16_t_bfloat16_t_bfloat16_t
GPUPROF 74342.124174000 74342.136743875 30 612017668 rmsbfloat16|steel_gemm_splitk_nt_bfloat16_float32_bm32_bn32_bk16_wm2_wn2_MN_taligned_K_taligned|steel_gemm_splitk_accum_bfloat16_float32|steel_gemm_splitk_nt_bfloat16_float32_bm32_bn32_bk16_wm2_wn2_MN_taligned_K_taligned|steel_gemm_splitk_accum_bfloat16_float32|steel_gemm_fused_nt_bfloat16_bfloat16_bm64_bn64_bk16_wm2_wn2_has_batch_n_use_out_source_n_do_axpby_n_align_M_t_align_N_t_align_K_t|steel_gemm_splitk_nt_bfloat16_float32_bm32_bn32_bk16_wm2_wn2_MN_naligned_K_taligned|steel_gemm_splitk_accum_bfloat16_float32|custom_kernel_laguna_prefill_full_qk_norm_yarn_bf16_128_h1_v2_bfloat16_t_bfloat16_t_bfloat16_t_bfloat16_t_float_int32_tc_bfloat16_t_bfloat16_t|steel_attention_bfloat16_bq32_bk16_bd128_wm4_wn1_maskbfloat16_align_Q_t_align_K_t_has_mask_n_do_causal_t_has_sinks_n|Cf4IAsTypeADf4IBroadcastCBEf4IBroadcastBCFf4ILogAddExpDEGV2OAsTypeF_VC_V2_10408321403207385874_contiguous|g2_Multiplybfloat16|steel_gemm_fused_nt_bfloat16_bfloat16_bm64_bn64_bk16_wm2_wn2_has_batch_n_use_out_source_n_do_axpby_n_align_M_t_align_N_t_align_K_t|custom_kernel_laguna_residual_rms_bf16_2048_v1_bfloat16_t_bfloat16_t_bfloat16_t_bfloat16_t_bfloat16_t|steel_gemm_splitk_nt_bfloat16_float32_bm32_bn32_bk16_wm2_wn2_MN_taligned_K_taligned|steel_gemm_splitk_accum_bfloat16_float32|custom_kernel_laguna_prefill_router_tournament_ordinal_norm_v1_bfloat16_t_float_uint32_t_float|custom_kernel_mlx_lm_route_csort_scatter_fused_m8_u32_v4_uint32_t_uint32_t_uint32_t_uint32_t|gather_frontbfloat16_uint32_int_2|arangeuint32|nvfp4_gather_qmm_rhs_nt_bfloat16_t_gs_16_b_4_bm_16_bn_32_bk_32_wm_1_wn_2_align_M_t_align_N_t_align_K_t|nvfp4_qmm_t_splitk_fused_bfloat16_t_gs_16_b_4_alN_true|nvfp4_qmm_t_splitk_fused_bfloat16_t_gs_16_b_4_alN_true|g2_copybfloat16bfloat16|g2_copybfloat16bfloat16|CV2ISigmoidADV2IBroadcastACEV2IBroadcastCAFV2IMultiplyDEGV2IBroadcastFBHV2IBroadcastBFIV2OMultiplyGH_VV_V2V2_11160318154034397263_contiguous|arangeuint32|CV2ISigmoidADV2IBroadcastACEV2IBroadcastCAFV2IMultiplyDEGV2IBroadcastFBHV2IBroadcastBFIV2OMultiplyGH_VV_V2V2_11160318154034397263_contiguous|nvfp4_qmm_t_bfloat16_t_gs_16_b_4_alN_true_batch_0|nvfp4_gather_qmm_rhs_nt_bfloat16_t_gs_16_b_4_bm_16_bn_32_bk_32_wm_1_wn_2_align_M_t_align_N_t_align_K_t
GPUPROF 74342.136744625 74342.136821750 1 23101440 custom_kernel_laguna_prefill_sorted_moe_tail_bf16_v1_bfloat16_t_uint32_t_float_bfloat16_t_bfloat16_t_bfloat16_t
GPUPROF 74342.136822542 74342.150884750 30 636347908 rmsbfloat16|steel_gemm_splitk_nt_bfloat16_float32_bm32_bn32_bk16_wm2_wn2_MN_taligned_K_taligned|steel_gemm_splitk_accum_bfloat16_float32|steel_gemm_splitk_nt_bfloat16_float32_bm32_bn32_bk16_wm2_wn2_MN_taligned_K_taligned|steel_gemm_splitk_accum_bfloat16_float32|steel_gemm_fused_nt_bfloat16_bfloat16_bm64_bn64_bk16_wm2_wn2_has_batch_n_use_out_source_n_do_axpby_n_align_M_t_align_N_t_align_K_t|steel_gemm_splitk_nt_bfloat16_float32_bm32_bn32_bk16_wm2_wn2_MN_taligned_K_taligned|steel_gemm_splitk_accum_bfloat16_float32|custom_kernel_laguna_prefill_sliding_qk_norm_rope_bf16_128_h1_v2_bfloat16_t_bfloat16_t_bfloat16_t_bfloat16_t_float_int32_tc_bfloat16_t_bfloat16_t|steel_attention_bfloat16_bq32_bk16_bd128_wm4_wn1_maskbfloat16_align_Q_t_align_K_t_has_mask_n_do_causal_t_has_sinks_n|Cf4IAsTypeADf4IBroadcastCBEf4IBroadcastBCFf4ILogAddExpDEGV2OAsTypeF_VC_V2_10408321403207385874_contiguous|g2_Multiplybfloat16|steel_gemm_fused_nt_bfloat16_bfloat16_bm64_bn64_bk16_wm2_wn2_has_batch_n_use_out_source_n_do_axpby_n_align_M_t_align_N_t_align_K_t|custom_kernel_laguna_residual_rms_bf16_2048_v1_bfloat16_t_bfloat16_t_bfloat16_t_bfloat16_t_bfloat16_t|steel_gemm_splitk_nt_bfloat16_float32_bm32_bn32_bk16_wm2_wn2_MN_taligned_K_taligned|steel_gemm_splitk_accum_bfloat16_float32|custom_kernel_laguna_prefill_router_tournament_ordinal_norm_v1_bfloat16_t_float_uint32_t_float|custom_kernel_mlx_lm_route_csort_scatter_fused_m8_u32_v4_uint32_t_uint32_t_uint32_t_uint32_t|gather_frontbfloat16_uint32_int_2|arangeuint32|nvfp4_gather_qmm_rhs_nt_bfloat16_t_gs_16_b_4_bm_16_bn_32_bk_32_wm_1_wn_2_align_M_t_align_N_t_align_K_t|nvfp4_qmm_t_splitk_fused_bfloat16_t_gs_16_b_4_alN_true|nvfp4_qmm_t_splitk_fused_bfloat16_t_gs_16_b_4_alN_true|g2_copybfloat16bfloat16|g2_copybfloat16bfloat16|CV2ISigmoidADV2IBroadcastACEV2IBroadcastCAFV2IMultiplyDEGV2IBroadcastFBHV2IBroadcastBFIV2OMultiplyGH_VV_V2V2_11160318154034397263_contiguous|arangeuint32|CV2ISigmoidADV2IBroadcastACEV2IBroadcastCAFV2IMultiplyDEGV2IBroadcastFBHV2IBroadcastBFIV2OMultiplyGH_VV_V2V2_11160318154034397263_contiguous|nvfp4_qmm_t_bfloat16_t_gs_16_b_4_alN_true_batch_0|nvfp4_gather_qmm_rhs_nt_bfloat16_t_gs_16_b_4_bm_16_bn_32_bk_32_wm_1_wn_2_align_M_t_align_N_t_align_K_t
GPUPROF 74342.150885500 74342.150965500 1 23101440 custom_kernel_laguna_prefill_sorted_moe_tail_bf16_v1_bfloat16_t_uint32_t_float_bfloat16_t_bfloat16_t_bfloat16_t
GPUPROF 74342.150966250 74342.164732000 30 636347908 rmsbfloat16|steel_gemm_splitk_nt_bfloat16_float32_bm32_bn32_bk16_wm2_wn2_MN_taligned_K_taligned|steel_gemm_splitk_accum_bfloat16_float32|steel_gemm_splitk_nt_bfloat16_float32_bm32_bn32_bk16_wm2_wn2_MN_taligned_K_taligned|steel_gemm_splitk_accum_bfloat16_float32|steel_gemm_fused_nt_bfloat16_bfloat16_bm64_bn64_bk16_wm2_wn2_has_batch_n_use_out_source_n_do_axpby_n_align_M_t_align_N_t_align_K_t|steel_gemm_splitk_nt_bfloat16_float32_bm32_bn32_bk16_wm2_wn2_MN_taligned_K_taligned|steel_gemm_splitk_accum_bfloat16_float32|custom_kernel_laguna_prefill_sliding_qk_norm_rope_bf16_128_h1_v2_bfloat16_t_bfloat16_t_bfloat16_t_bfloat16_t_float_int32_tc_bfloat16_t_bfloat16_t|steel_attention_bfloat16_bq32_bk16_bd128_wm4_wn1_maskbfloat16_align_Q_t_align_K_t_has_mask_n_do_causal_t_has_sinks_n|Cf4IAsTypeADf4IBroadcastCBEf4IBroadcastBCFf4ILogAddExpDEGV2OAsTypeF_VC_V2_10408321403207385874_contiguous|g2_Multiplybfloat16|steel_gemm_fused_nt_bfloat16_bfloat16_bm64_bn64_bk16_wm2_wn2_has_batch_n_use_out_source_n_do_axpby_n_align_M_t_align_N_t_align_K_t|custom_kernel_laguna_residual_rms_bf16_2048_v1_bfloat16_t_bfloat16_t_bfloat16_t_bfloat16_t_bfloat16_t|steel_gemm_splitk_nt_bfloat16_float32_bm32_bn32_bk16_wm2_wn2_MN_taligned_K_taligned|steel_gemm_splitk_accum_bfloat16_float32|custom_kernel_laguna_prefill_router_tournament_ordinal_norm_v1_bfloat16_t_float_uint32_t_float|custom_kernel_mlx_lm_route_csort_scatter_fused_m8_u32_v4_uint32_t_uint32_t_uint32_t_uint32_t|gather_frontbfloat16_uint32_int_2|arangeuint32|nvfp4_gather_qmm_rhs_nt_bfloat16_t_gs_16_b_4_bm_16_bn_32_bk_32_wm_1_wn_2_align_M_t_align_N_t_align_K_t|nvfp4_qmm_t_splitk_fused_bfloat16_t_gs_16_b_4_alN_true|nvfp4_qmm_t_splitk_fused_bfloat16_t_gs_16_b_4_alN_true|g2_copybfloat16bfloat16|g2_copybfloat16bfloat16|CV2ISigmoidADV2IBroadcastACEV2IBroadcastCAFV2IMultiplyDEGV2IBroadcastFBHV2IBroadcastBFIV2OMultiplyGH_VV_V2V2_11160318154034397263_contiguous|arangeuint32|CV2ISigmoidADV2IBroadcastACEV2IBroadcastCAFV2IMultiplyDEGV2IBroadcastFBHV2IBroadcastBFIV2OMultiplyGH_VV_V2V2_11160318154034397263_contiguous|nvfp4_qmm_t_bfloat16_t_gs_16_b_4_alN_true_batch_0|nvfp4_gather_qmm_rhs_nt_bfloat16_t_gs_16_b_4_bm_16_bn_32_bk_32_wm_1_wn_2_align_M_t_align_N_t_align_K_t
GPUPROF 74342.164735125 74342.164810917 1 23101440 custom_kernel_laguna_prefill_sorted_moe_tail_bf16_v1_bfloat16_t_uint32_t_float_bfloat16_t_bfloat16_t_bfloat16_t
GPUPROF 74342.164811917 74342.166337375 19 650351176 rmsbfloat16|steel_gemm_fused_nt_bfloat16_bfloat16_bm64_bn64_bk16_wm2_wn2_has_batch_n_use_out_source_n_do_axpby_n_align_M_t_align_N_t_align_K_t|gemv_al_bfloat16_bm8_bn1_sm1_sn32_tm4_tn4_nc0_axpby0|g2_copybfloat16bfloat16|rmsbfloat16|rmsbfloat16|rope_bfloat16_|rope_single_bfloat16_|Cf4IAsTypeADf4IBroadcastCBEf4IBroadcastBCFf4ILogAddExpDEGV2OAsTypeF_VC_V2_10408321403207385874_contiguous|sdpa_vector_bfloat16_t_128_128_nomask_qnt_nc_nosinks|g2_Multiplybfloat16|gemv_al_bfloat16_bm4_bn1_sm1_sn32_tm4_tn4_nc0_axpby0|custom_kernel_laguna_residual_rms_router_bf16_2048_rpg8_keys_v1_bfloat16_t_bfloat16_t_bfloat16_t_bfloat16_t_float_bfloat16_t_bfloat16_t_bfloat16_t_uint32_t|custom_kernel_laguna_shared_nvfp4_swiglu_qmv_rows1_bf16_v1_bfloat16_t_uint32_t_uint8_t_bfloat16_t|custom_kernel_laguna_decode_router_top8_ordinal_table_norm_v1_bfloat16_t_float_uint32_t_float|custom_kernel_laguna_routed_nvfp4_swiglu_qmv_packed_top8keys_r1_bf16_v2_bfloat16_t_uint32_t_uint8_t_uint32_t_bfloat16_t|custom_kernel_laguna_routed_shared_nvfp4_down_residual_bf16_r1_v5_bfloat16_t_uint32_t_uint8_t_uint32_t_float_bfloat16_t_uint32_t_uint8_t_bfloat16_t_bfloat16_t|rmsbfloat16|custom_kernel_laguna_lmhead_int5_inline_coarse_ratio_bound_delta_bf16_v6_bfloat16_t_uint8_t_uint8_t_uint8_t_float_bfloat16_t
GPUPROF 74342.166338250 74342.166425917 3 411849732 custom_kernel_laguna_lmhead_coarse_argmax_stage1_v5_float_float_uint32_t|custom_kernel_laguna_lmhead_exact_winner_bf16_midpoint_threshold_v1_float_uint32_t_bfloat16_t_bfloat16_t_float|custom_kernel_laguna_lmhead_exact_inline_mask_block_delta_bf16_lane0_mask_v1_float_bfloat16_t_floatc_bfloat16_t_bfloat16_t_bfloat16_t
GPUPROF 74342.166636625 74342.166649625 2 401416 gather_frontbfloat16_int32_int_2|argmax_bfloat16
GPUPROF 74342.170522625 74342.170890875 4 424679424 gather_frontbfloat16_int32_int_2|rmsbfloat16|steel_gemm_splitk_nt_bfloat16_float32_bm32_bn32_bk16_wm2_wn2_MN_taligned_K_taligned|steel_gemm_splitk_accum_bfloat16_float32
GPUPROF 74342.171074625 74342.183013917 16 212455940 steel_gemm_splitk_nt_bfloat16_float32_bm32_bn32_bk16_wm2_wn2_MN_taligned_K_taligned|steel_gemm_splitk_accum_bfloat16_float32|steel_gemm_fused_nt_bfloat16_bfloat16_bm64_bn64_bk16_wm2_wn2_has_batch_n_use_out_source_n_do_axpby_n_align_M_t_align_N_t_align_K_t|steel_gemm_splitk_nt_bfloat16_float32_bm32_bn32_bk16_wm2_wn2_MN_naligned_K_taligned|steel_gemm_splitk_accum_bfloat16_float32|custom_kernel_laguna_prefill_full_qk_norm_yarn_bf16_128_h1_v2_bfloat16_t_bfloat16_t_bfloat16_t_bfloat16_t_float_int32_tc_bfloat16_t_bfloat16_t|steel_attention_bfloat16_bq32_bk16_bd128_wm4_wn1_maskbfloat16_align_Q_t_align_K_t_has_mask_n_do_causal_t_has_sinks_n|Cf4IAsTypeADf4IBroadcastCBEf4IBroadcastBCFf4ILogAddExpDEGV2OAsTypeF_VC_V2_10408321403207385874_contiguous|g2_Multiplybfloat16|steel_gemm_fused_nt_bfloat16_bfloat16_bm64_bn64_bk16_wm2_wn2_has_batch_n_use_out_source_n_do_axpby_n_align_M_t_align_N_t_align_K_t|custom_kernel_laguna_residual_rms_bf16_2048_v1_bfloat16_t_bfloat16_t_bfloat16_t_bfloat16_t_bfloat16_t|steel_gemm_fused_nt_bfloat16_bfloat16_bm64_bn64_bk16_wm2_wn2_has_batch_n_use_out_source_n_do_axpby_n_align_M_t_align_N_t_align_K_t|steel_gemm_fused_nt_bfloat16_bfloat16_bm64_bn64_bk16_wm2_wn2_has_batch_n_use_out_source_n_do_axpby_n_align_M_t_align_N_t_align_K_t|CV2ISigmoidADV2IBroadcastACEV2IBroadcastCAFV2IMultiplyDEGV2IBroadcastFBHV2IBroadcastBFIV2OMultiplyGH_VV_V2V2_11160318154034397263_contiguous|steel_gemm_fused_nt_bfloat16_bfloat16_bm64_bn64_bk16_wm2_wn2_has_batch_n_use_out_source_n_do_axpby_n_align_M_t_align_N_t_align_K_t|vvn_Addbfloat16
GPUPROF 74342.183015375 74342.197690292 30 636347908 rmsbfloat16|steel_gemm_splitk_nt_bfloat16_float32_bm32_bn32_bk16_wm2_wn2_MN_taligned_K_taligned|steel_gemm_splitk_accum_bfloat16_float32|steel_gemm_splitk_nt_bfloat16_float32_bm32_bn32_bk16_wm2_wn2_MN_taligned_K_taligned|steel_gemm_splitk_accum_bfloat16_float32|steel_gemm_fused_nt_bfloat16_bfloat16_bm64_bn64_bk16_wm2_wn2_has_batch_n_use_out_source_n_do_axpby_n_align_M_t_align_N_t_align_K_t|steel_gemm_splitk_nt_bfloat16_float32_bm32_bn32_bk16_wm2_wn2_MN_taligned_K_taligned|steel_gemm_splitk_accum_bfloat16_float32|custom_kernel_laguna_prefill_sliding_qk_norm_rope_bf16_128_h1_v2_bfloat16_t_bfloat16_t_bfloat16_t_bfloat16_t_float_int32_tc_bfloat16_t_bfloat16_t|steel_attention_bfloat16_bq32_bk16_bd128_wm4_wn1_maskbfloat16_align_Q_t_align_K_t_has_mask_n_do_causal_t_has_sinks_n|Cf4IAsTypeADf4IBroadcastCBEf4IBroadcastBCFf4ILogAddExpDEGV2OAsTypeF_VC_V2_10408321403207385874_contiguous|g2_Multiplybfloat16|steel_gemm_fused_nt_bfloat16_bfloat16_bm64_bn64_bk16_wm2_wn2_has_batch_n_use_out_source_n_do_axpby_n_align_M_t_align_N_t_align_K_t|custom_kernel_laguna_residual_rms_bf16_2048_v1_bfloat16_t_bfloat16_t_bfloat16_t_bfloat16_t_bfloat16_t|steel_gemm_splitk_nt_bfloat16_float32_bm32_bn32_bk16_wm2_wn2_MN_taligned_K_taligned|steel_gemm_splitk_accum_bfloat16_float32|custom_kernel_laguna_prefill_router_tournament_ordinal_norm_v1_bfloat16_t_float_uint32_t_float|custom_kernel_mlx_lm_route_csort_scatter_fused_m8_u32_v4_uint32_t_uint32_t_uint32_t_uint32_t|gather_frontbfloat16_uint32_int_2|arangeuint32|nvfp4_gather_qmm_rhs_nt_bfloat16_t_gs_16_b_4_bm_16_bn_32_bk_32_wm_1_wn_2_align_M_t_align_N_t_align_K_t|nvfp4_qmm_t_splitk_fused_bfloat16_t_gs_16_b_4_alN_true|nvfp4_qmm_t_splitk_fused_bfloat16_t_gs_16_b_4_alN_true|g2_copybfloat16bfloat16|g2_copybfloat16bfloat16|CV2ISigmoidADV2IBroadcastACEV2IBroadcastCAFV2IMultiplyDEGV2IBroadcastFBHV2IBroadcastBFIV2OMultiplyGH_VV_V2V2_11160318154034397263_contiguous|arangeuint32|CV2ISigmoidADV2IBroadcastACEV2IBroadcastCAFV2IMultiplyDEGV2IBroadcastFBHV2IBroadcastBFIV2OMultiplyGH_VV_V2V2_11160318154034397263_contiguous|nvfp4_qmm_t_bfloat16_t_gs_16_b_4_alN_true_batch_0|nvfp4_gather_qmm_rhs_nt_bfloat16_t_gs_16_b_4_bm_16_bn_32_bk_32_wm_1_wn_2_align_M_t_align_N_t_align_K_t
GPUPROF 74342.197694500 74342.197769625 1 23101440 custom_kernel_laguna_prefill_sorted_moe_tail_bf16_v1_bfloat16_t_uint32_t_float_bfloat16_t_bfloat16_t_bfloat16_t
GPUPROF 74342.197770375 74342.212556375 30 636347908 rmsbfloat16|steel_gemm_splitk_nt_bfloat16_float32_bm32_bn32_bk16_wm2_wn2_MN_taligned_K_taligned|steel_gemm_splitk_accum_bfloat16_float32|steel_gemm_splitk_nt_bfloat16_float32_bm32_bn32_bk16_wm2_wn2_MN_taligned_K_taligned|steel_gemm_splitk_accum_bfloat16_float32|steel_gemm_fused_nt_bfloat16_bfloat16_bm64_bn64_bk16_wm2_wn2_has_batch_n_use_out_source_n_do_axpby_n_align_M_t_align_N_t_align_K_t|steel_gemm_splitk_nt_bfloat16_float32_bm32_bn32_bk16_wm2_wn2_MN_taligned_K_taligned|steel_gemm_splitk_accum_bfloat16_float32|custom_kernel_laguna_prefill_sliding_qk_norm_rope_bf16_128_h1_v2_bfloat16_t_bfloat16_t_bfloat16_t_bfloat16_t_float_int32_tc_bfloat16_t_bfloat16_t|steel_attention_bfloat16_bq32_bk16_bd128_wm4_wn1_maskbfloat16_align_Q_t_align_K_t_has_mask_n_do_causal_t_has_sinks_n|Cf4IAsTypeADf4IBroadcastCBEf4IBroadcastBCFf4ILogAddExpDEGV2OAsTypeF_VC_V2_10408321403207385874_contiguous|g2_Multiplybfloat16|steel_gemm_fused_nt_bfloat16_bfloat16_bm64_bn64_bk16_wm2_wn2_has_batch_n_use_out_source_n_do_axpby_n_align_M_t_align_N_t_align_K_t|custom_kernel_laguna_residual_rms_bf16_2048_v1_bfloat16_t_bfloat16_t_bfloat16_t_bfloat16_t_bfloat16_t|steel_gemm_splitk_nt_bfloat16_float32_bm32_bn32_bk16_wm2_wn2_MN_taligned_K_taligned|steel_gemm_splitk_accum_bfloat16_float32|custom_kernel_laguna_prefill_router_tournament_ordinal_norm_v1_bfloat16_t_float_uint32_t_float|custom_kernel_mlx_lm_route_csort_scatter_fused_m8_u32_v4_uint32_t_uint32_t_uint32_t_uint32_t|gather_frontbfloat16_uint32_int_2|arangeuint32|nvfp4_gather_qmm_rhs_nt_bfloat16_t_gs_16_b_4_bm_16_bn_32_bk_32_wm_1_wn_2_align_M_t_align_N_t_align_K_t|nvfp4_qmm_t_splitk_fused_bfloat16_t_gs_16_b_4_alN_true|nvfp4_qmm_t_splitk_fused_bfloat16_t_gs_16_b_4_alN_true|g2_copybfloat16bfloat16|g2_copybfloat16bfloat16|CV2ISigmoidADV2IBroadcastACEV2IBroadcastCAFV2IMultiplyDEGV2IBroadcastFBHV2IBroadcastBFIV2OMultiplyGH_VV_V2V2_11160318154034397263_contiguous|arangeuint32|CV2ISigmoidADV2IBroadcastACEV2IBroadcastCAFV2IMultiplyDEGV2IBroadcastFBHV2IBroadcastBFIV2OMultiplyGH_VV_V2V2_11160318154034397263_contiguous|nvfp4_qmm_t_bfloat16_t_gs_16_b_4_alN_true_batch_0|nvfp4_gather_qmm_rhs_nt_bfloat16_t_gs_16_b_4_bm_16_bn_32_bk_32_wm_1_wn_2_align_M_t_align_N_t_align_K_t
GPUPROF 74342.212560375 74342.212636625 1 23101440 custom_kernel_laguna_prefill_sorted_moe_tail_bf16_v1_bfloat16_t_uint32_t_float_bfloat16_t_bfloat16_t_bfloat16_t
GPUPROF 74342.212637375 74342.227226750 30 636347908 rmsbfloat16|steel_gemm_splitk_nt_bfloat16_float32_bm32_bn32_bk16_wm2_wn2_MN_taligned_K_taligned|steel_gemm_splitk_accum_bfloat16_float32|steel_gemm_splitk_nt_bfloat16_float32_bm32_bn32_bk16_wm2_wn2_MN_taligned_K_taligned|steel_gemm_splitk_accum_bfloat16_float32|steel_gemm_fused_nt_bfloat16_bfloat16_bm64_bn64_bk16_wm2_wn2_has_batch_n_use_out_source_n_do_axpby_n_align_M_t_align_N_t_align_K_t|steel_gemm_splitk_nt_bfloat16_float32_bm32_bn32_bk16_wm2_wn2_MN_taligned_K_taligned|steel_gemm_splitk_accum_bfloat16_float32|custom_kernel_laguna_prefill_sliding_qk_norm_rope_bf16_128_h1_v2_bfloat16_t_bfloat16_t_bfloat16_t_bfloat16_t_float_int32_tc_bfloat16_t_bfloat16_t|steel_attention_bfloat16_bq32_bk16_bd128_wm4_wn1_maskbfloat16_align_Q_t_align_K_t_has_mask_n_do_causal_t_has_sinks_n|Cf4IAsTypeADf4IBroadcastCBEf4IBroadcastBCFf4ILogAddExpDEGV2OAsTypeF_VC_V2_10408321403207385874_contiguous|g2_Multiplybfloat16|steel_gemm_fused_nt_bfloat16_bfloat16_bm64_bn64_bk16_wm2_wn2_has_batch_n_use_out_source_n_do_axpby_n_align_M_t_align_N_t_align_K_t|custom_kernel_laguna_residual_rms_bf16_2048_v1_bfloat16_t_bfloat16_t_bfloat16_t_bfloat16_t_bfloat16_t|steel_gemm_splitk_nt_bfloat16_float32_bm32_bn32_bk16_wm2_wn2_MN_taligned_K_taligned|steel_gemm_splitk_accum_bfloat16_float32|custom_kernel_laguna_prefill_router_tournament_ordinal_norm_v1_bfloat16_t_float_uint32_t_float|custom_kernel_mlx_lm_route_csort_scatter_fused_m8_u32_v4_uint32_t_uint32_t_uint32_t_uint32_t|gather_frontbfloat16_uint32_int_2|arangeuint32|nvfp4_gather_qmm_rhs_nt_bfloat16_t_gs_16_b_4_bm_16_bn_32_bk_32_wm_1_wn_2_align_M_t_align_N_t_align_K_t|nvfp4_qmm_t_splitk_fused_bfloat16_t_gs_16_b_4_alN_true|nvfp4_qmm_t_splitk_fused_bfloat16_t_gs_16_b_4_alN_true|g2_copybfloat16bfloat16|g2_copybfloat16bfloat16|CV2ISigmoidADV2IBroadcastACEV2IBroadcastCAFV2IMultiplyDEGV2IBroadcastFBHV2IBroadcastBFIV2OMultiplyGH_VV_V2V2_11160318154034397263_contiguous|arangeuint32|CV2ISigmoidADV2IBroadcastACEV2IBroadcastCAFV2IMultiplyDEGV2IBroadcastFBHV2IBroadcastBFIV2OMultiplyGH_VV_V2V2_11160318154034397263_contiguous|nvfp4_qmm_t_bfloat16_t_gs_16_b_4_alN_true_batch_0|nvfp4_gather_qmm_rhs_nt_bfloat16_t_gs_16_b_4_bm_16_bn_32_bk_32_wm_1_wn_2_align_M_t_align_N_t_align_K_t
GPUPROF 74342.227227542 74342.227305292 1 23101440 custom_kernel_laguna_prefill_sorted_moe_tail_bf16_v1_bfloat16_t_uint32_t_float_bfloat16_t_bfloat16_t_bfloat16_t
GPUPROF 74342.227306125 74342.240248000 30 612017668 rmsbfloat16|steel_gemm_splitk_nt_bfloat16_float32_bm32_bn32_bk16_wm2_wn2_MN_taligned_K_taligned|steel_gemm_splitk_accum_bfloat16_float32|steel_gemm_splitk_nt_bfloat16_float32_bm32_bn32_bk16_wm2_wn2_MN_taligned_K_taligned|steel_gemm_splitk_accum_bfloat16_float32|steel_gemm_fused_nt_bfloat16_bfloat16_bm64_bn64_bk16_wm2_wn2_has_batch_n_use_out_source_n_do_axpby_n_align_M_t_align_N_t_align_K_t|steel_gemm_splitk_nt_bfloat16_float32_bm32_bn32_bk16_wm2_wn2_MN_naligned_K_taligned|steel_gemm_splitk_accum_bfloat16_float32|custom_kernel_laguna_prefill_full_qk_norm_yarn_bf16_128_h1_v2_bfloat16_t_bfloat16_t_bfloat16_t_bfloat16_t_float_int32_tc_bfloat16_t_bfloat16_t|steel_attention_bfloat16_bq32_bk16_bd128_wm4_wn1_maskbfloat16_align_Q_t_align_K_t_has_mask_n_do_causal_t_has_sinks_n|Cf4IAsTypeADf4IBroadcastCBEf4IBroadcastBCFf4ILogAddExpDEGV2OAsTypeF_VC_V2_10408321403207385874_contiguous|g2_Multiplybfloat16|steel_gemm_fused_nt_bfloat16_bfloat16_bm64_bn64_bk16_wm2_wn2_has_batch_n_use_out_source_n_do_axpby_n_align_M_t_align_N_t_align_K_t|custom_kernel_laguna_residual_rms_bf16_2048_v1_bfloat16_t_bfloat16_t_bfloat16_t_bfloat16_t_bfloat16_t|steel_gemm_splitk_nt_bfloat16_float32_bm32_bn32_bk16_wm2_wn2_MN_taligned_K_taligned|steel_gemm_splitk_accum_bfloat16_float32|custom_kernel_laguna_prefill_router_tournament_ordinal_norm_v1_bfloat16_t_float_uint32_t_float|custom_kernel_mlx_lm_route_csort_scatter_fused_m8_u32_v4_uint32_t_uint32_t_uint32_t_uint32_t|gather_frontbfloat16_uint32_int_2|arangeuint32|nvfp4_gather_qmm_rhs_nt_bfloat16_t_gs_16_b_4_bm_16_bn_32_bk_32_wm_1_wn_2_align_M_t_align_N_t_align_K_t|nvfp4_qmm_t_splitk_fused_bfloat16_t_gs_16_b_4_alN_true|nvfp4_qmm_t_splitk_fused_bfloat16_t_gs_16_b_4_alN_true|g2_copybfloat16bfloat16|g2_copybfloat16bfloat16|CV2ISigmoidADV2IBroadcastACEV2IBroadcastCAFV2IMultiplyDEGV2IBroadcastFBHV2IBroadcastBFIV2OMultiplyGH_VV_V2V2_11160318154034397263_contiguous|arangeuint32|CV2ISigmoidADV2IBroadcastACEV2IBroadcastCAFV2IMultiplyDEGV2IBroadcastFBHV2IBroadcastBFIV2OMultiplyGH_VV_V2V2_11160318154034397263_contiguous|nvfp4_qmm_t_bfloat16_t_gs_16_b_4_alN_true_batch_0|nvfp4_gather_qmm_rhs_nt_bfloat16_t_gs_16_b_4_bm_16_bn_32_bk_32_wm_1_wn_2_align_M_t_align_N_t_align_K_t
GPUPROF 74342.240249000 74342.240325542 1 23101440 custom_kernel_laguna_prefill_sorted_moe_tail_bf16_v1_bfloat16_t_uint32_t_float_bfloat16_t_bfloat16_t_bfloat16_t
GPUPROF 74342.240326667 74342.254775417 30 636347908 rmsbfloat16|steel_gemm_splitk_nt_bfloat16_float32_bm32_bn32_bk16_wm2_wn2_MN_taligned_K_taligned|steel_gemm_splitk_accum_bfloat16_float32|steel_gemm_splitk_nt_bfloat16_float32_bm32_bn32_bk16_wm2_wn2_MN_taligned_K_taligned|steel_gemm_splitk_accum_bfloat16_float32|steel_gemm_fused_nt_bfloat16_bfloat16_bm64_bn64_bk16_wm2_wn2_has_batch_n_use_out_source_n_do_axpby_n_align_M_t_align_N_t_align_K_t|steel_gemm_splitk_nt_bfloat16_float32_bm32_bn32_bk16_wm2_wn2_MN_taligned_K_taligned|steel_gemm_splitk_accum_bfloat16_float32|custom_kernel_laguna_prefill_sliding_qk_norm_rope_bf16_128_h1_v2_bfloat16_t_bfloat16_t_bfloat16_t_bfloat16_t_float_int32_tc_bfloat16_t_bfloat16_t|steel_attention_bfloat16_bq32_bk16_bd128_wm4_wn1_maskbfloat16_align_Q_t_align_K_t_has_mask_n_do_causal_t_has_sinks_n|Cf4IAsTypeADf4IBroadcastCBEf4IBroadcastBCFf4ILogAddExpDEGV2OAsTypeF_VC_V2_10408321403207385874_contiguous|g2_Multiplybfloat16|steel_gemm_fused_nt_bfloat16_bfloat16_bm64_bn64_bk16_wm2_wn2_has_batch_n_use_out_source_n_do_axpby_n_align_M_t_align_N_t_align_K_t|custom_kernel_laguna_residual_rms_bf16_2048_v1_bfloat16_t_bfloat16_t_bfloat16_t_bfloat16_t_bfloat16_t|steel_gemm_splitk_nt_bfloat16_float32_bm32_bn32_bk16_wm2_wn2_MN_taligned_K_taligned|steel_gemm_splitk_accum_bfloat16_float32|custom_kernel_laguna_prefill_router_tournament_ordinal_norm_v1_bfloat16_t_float_uint32_t_float|custom_kernel_mlx_lm_route_csort_scatter_fused_m8_u32_v4_uint32_t_uint32_t_uint32_t_uint32_t|gather_frontbfloat16_uint32_int_2|arangeuint32|nvfp4_gather_qmm_rhs_nt_bfloat16_t_gs_16_b_4_bm_16_bn_32_bk_32_wm_1_wn_2_align_M_t_align_N_t_align_K_t|nvfp4_qmm_t_splitk_fused_bfloat16_t_gs_16_b_4_alN_true|nvfp4_qmm_t_splitk_fused_bfloat16_t_gs_16_b_4_alN_true|g2_copybfloat16bfloat16|g2_copybfloat16bfloat16|CV2ISigmoidADV2IBroadcastACEV2IBroadcastCAFV2IMultiplyDEGV2IBroadcastFBHV2IBroadcastBFIV2OMultiplyGH_VV_V2V2_11160318154034397263_contiguous|arangeuint32|CV2ISigmoidADV2IBroadcastACEV2IBroadcastCAFV2IMultiplyDEGV2IBroadcastFBHV2IBroadcastBFIV2OMultiplyGH_VV_V2V2_11160318154034397263_contiguous|nvfp4_qmm_t_bfloat16_t_gs_16_b_4_alN_true_batch_0|nvfp4_gather_qmm_rhs_nt_bfloat16_t_gs_16_b_4_bm_16_bn_32_bk_32_wm_1_wn_2_align_M_t_align_N_t_align_K_t
GPUPROF 74342.254776375 74342.254853500 1 23101440 custom_kernel_laguna_prefill_sorted_moe_tail_bf16_v1_bfloat16_t_uint32_t_float_bfloat16_t_bfloat16_t_bfloat16_t
GPUPROF 74342.254854417 74342.269236625 30 636347908 rmsbfloat16|steel_gemm_splitk_nt_bfloat16_float32_bm32_bn32_bk16_wm2_wn2_MN_taligned_K_taligned|steel_gemm_splitk_accum_bfloat16_float32|steel_gemm_splitk_nt_bfloat16_float32_bm32_bn32_bk16_wm2_wn2_MN_taligned_K_taligned|steel_gemm_splitk_accum_bfloat16_float32|steel_gemm_fused_nt_bfloat16_bfloat16_bm64_bn64_bk16_wm2_wn2_has_batch_n_use_out_source_n_do_axpby_n_align_M_t_align_N_t_align_K_t|steel_gemm_splitk_nt_bfloat16_float32_bm32_bn32_bk16_wm2_wn2_MN_taligned_K_taligned|steel_gemm_splitk_accum_bfloat16_float32|custom_kernel_laguna_prefill_sliding_qk_norm_rope_bf16_128_h1_v2_bfloat16_t_bfloat16_t_bfloat16_t_bfloat16_t_float_int32_tc_bfloat16_t_bfloat16_t|steel_attention_bfloat16_bq32_bk16_bd128_wm4_wn1_maskbfloat16_align_Q_t_align_K_t_has_mask_n_do_causal_t_has_sinks_n|Cf4IAsTypeADf4IBroadcastCBEf4IBroadcastBCFf4ILogAddExpDEGV2OAsTypeF_VC_V2_10408321403207385874_contiguous|g2_Multiplybfloat16|steel_gemm_fused_nt_bfloat16_bfloat16_bm64_bn64_bk16_wm2_wn2_has_batch_n_use_out_source_n_do_axpby_n_align_M_t_align_N_t_align_K_t|custom_kernel_laguna_residual_rms_bf16_2048_v1_bfloat16_t_bfloat16_t_bfloat16_t_bfloat16_t_bfloat16_t|steel_gemm_splitk_nt_bfloat16_float32_bm32_bn32_bk16_wm2_wn2_MN_taligned_K_taligned|steel_gemm_splitk_accum_bfloat16_float32|custom_kernel_laguna_prefill_router_tournament_ordinal_norm_v1_bfloat16_t_float_uint32_t_float|custom_kernel_mlx_lm_route_csort_scatter_fused_m8_u32_v4_uint32_t_uint32_t_uint32_t_uint32_t|gather_frontbfloat16_uint32_int_2|arangeuint32|nvfp4_gather_qmm_rhs_nt_bfloat16_t_gs_16_b_4_bm_16_bn_32_bk_32_wm_1_wn_2_align_M_t_align_N_t_align_K_t|nvfp4_qmm_t_splitk_fused_bfloat16_t_gs_16_b_4_alN_true|nvfp4_qmm_t_splitk_fused_bfloat16_t_gs_16_b_4_alN_true|g2_copybfloat16bfloat16|g2_copybfloat16bfloat16|CV2ISigmoidADV2IBroadcastACEV2IBroadcastCAFV2IMultiplyDEGV2IBroadcastFBHV2IBroadcastBFIV2OMultiplyGH_VV_V2V2_11160318154034397263_contiguous|arangeuint32|CV2ISigmoidADV2IBroadcastACEV2IBroadcastCAFV2IMultiplyDEGV2IBroadcastFBHV2IBroadcastBFIV2OMultiplyGH_VV_V2V2_11160318154034397263_contiguous|nvfp4_qmm_t_bfloat16_t_gs_16_b_4_alN_true_batch_0|nvfp4_gather_qmm_rhs_nt_bfloat16_t_gs_16_b_4_bm_16_bn_32_bk_32_wm_1_wn_2_align_M_t_align_N_t_align_K_t
GPUPROF 74342.269237500 74342.269315375 1 23101440 custom_kernel_laguna_prefill_sorted_moe_tail_bf16_v1_bfloat16_t_uint32_t_float_bfloat16_t_bfloat16_t_bfloat16_t
GPUPROF 74342.269316125 74342.283816875 30 636347908 rmsbfloat16|steel_gemm_splitk_nt_bfloat16_float32_bm32_bn32_bk16_wm2_wn2_MN_taligned_K_taligned|steel_gemm_splitk_accum_bfloat16_float32|steel_gemm_splitk_nt_bfloat16_float32_bm32_bn32_bk16_wm2_wn2_MN_taligned_K_taligned|steel_gemm_splitk_accum_bfloat16_float32|steel_gemm_fused_nt_bfloat16_bfloat16_bm64_bn64_bk16_wm2_wn2_has_batch_n_use_out_source_n_do_axpby_n_align_M_t_align_N_t_align_K_t|steel_gemm_splitk_nt_bfloat16_float32_bm32_bn32_bk16_wm2_wn2_MN_taligned_K_taligned|steel_gemm_splitk_accum_bfloat16_float32|custom_kernel_laguna_prefill_sliding_qk_norm_rope_bf16_128_h1_v2_bfloat16_t_bfloat16_t_bfloat16_t_bfloat16_t_float_int32_tc_bfloat16_t_bfloat16_t|steel_attention_bfloat16_bq32_bk16_bd128_wm4_wn1_maskbfloat16_align_Q_t_align_K_t_has_mask_n_do_causal_t_has_sinks_n|Cf4IAsTypeADf4IBroadcastCBEf4IBroadcastBCFf4ILogAddExpDEGV2OAsTypeF_VC_V2_10408321403207385874_contiguous|g2_Multiplybfloat16|steel_gemm_fused_nt_bfloat16_bfloat16_bm64_bn64_bk16_wm2_wn2_has_batch_n_use_out_source_n_do_axpby_n_align_M_t_align_N_t_align_K_t|custom_kernel_laguna_residual_rms_bf16_2048_v1_bfloat16_t_bfloat16_t_bfloat16_t_bfloat16_t_bfloat16_t|steel_gemm_splitk_nt_bfloat16_float32_bm32_bn32_bk16_wm2_wn2_MN_taligned_K_taligned|steel_gemm_splitk_accum_bfloat16_float32|custom_kernel_laguna_prefill_router_tournament_ordinal_norm_v1_bfloat16_t_float_uint32_t_float|custom_kernel_mlx_lm_route_csort_scatter_fused_m8_u32_v4_uint32_t_uint32_t_uint32_t_uint32_t|gather_frontbfloat16_uint32_int_2|arangeuint32|nvfp4_gather_qmm_rhs_nt_bfloat16_t_gs_16_b_4_bm_16_bn_32_bk_32_wm_1_wn_2_align_M_t_align_N_t_align_K_t|nvfp4_qmm_t_splitk_fused_bfloat16_t_gs_16_b_4_alN_true|nvfp4_qmm_t_splitk_fused_bfloat16_t_gs_16_b_4_alN_true|g2_copybfloat16bfloat16|g2_copybfloat16bfloat16|CV2ISigmoidADV2IBroadcastACEV2IBroadcastCAFV2IMultiplyDEGV2IBroadcastFBHV2IBroadcastBFIV2OMultiplyGH_VV_V2V2_11160318154034397263_contiguous|arangeuint32|CV2ISigmoidADV2IBroadcastACEV2IBroadcastCAFV2IMultiplyDEGV2IBroadcastFBHV2IBroadcastBFIV2OMultiplyGH_VV_V2V2_11160318154034397263_contiguous|nvfp4_qmm_t_bfloat16_t_gs_16_b_4_alN_true_batch_0|nvfp4_gather_qmm_rhs_nt_bfloat16_t_gs_16_b_4_bm_16_bn_32_bk_32_wm_1_wn_2_align_M_t_align_N_t_align_K_t
GPUPROF 74342.283836625 74342.283914625 1 23101440 custom_kernel_laguna_prefill_sorted_moe_tail_bf16_v1_bfloat16_t_uint32_t_float_bfloat16_t_bfloat16_t_bfloat16_t
GPUPROF 74342.283915375 74342.297066250 30 612017668 rmsbfloat16|steel_gemm_splitk_nt_bfloat16_float32_bm32_bn32_bk16_wm2_wn2_MN_taligned_K_taligned|steel_gemm_splitk_accum_bfloat16_float32|steel_gemm_splitk_nt_bfloat16_float32_bm32_bn32_bk16_wm2_wn2_MN_taligned_K_taligned|steel_gemm_splitk_accum_bfloat16_float32|steel_gemm_fused_nt_bfloat16_bfloat16_bm64_bn64_bk16_wm2_wn2_has_batch_n_use_out_source_n_do_axpby_n_align_M_t_align_N_t_align_K_t|steel_gemm_splitk_nt_bfloat16_float32_bm32_bn32_bk16_wm2_wn2_MN_naligned_K_taligned|steel_gemm_splitk_accum_bfloat16_float32|custom_kernel_laguna_prefill_full_qk_norm_yarn_bf16_128_h1_v2_bfloat16_t_bfloat16_t_bfloat16_t_bfloat16_t_float_int32_tc_bfloat16_t_bfloat16_t|steel_attention_bfloat16_bq32_bk16_bd128_wm4_wn1_maskbfloat16_align_Q_t_align_K_t_has_mask_n_do_causal_t_has_sinks_n|Cf4IAsTypeADf4IBroadcastCBEf4IBroadcastBCFf4ILogAddExpDEGV2OAsTypeF_VC_V2_10408321403207385874_contiguous|g2_Multiplybfloat16|steel_gemm_fused_nt_bfloat16_bfloat16_bm64_bn64_bk16_wm2_wn2_has_batch_n_use_out_source_n_do_axpby_n_align_M_t_align_N_t_align_K_t|custom_kernel_laguna_residual_rms_bf16_2048_v1_bfloat16_t_bfloat16_t_bfloat16_t_bfloat16_t_bfloat16_t|steel_gemm_splitk_nt_bfloat16_float32_bm32_bn32_bk16_wm2_wn2_MN_taligned_K_taligned|steel_gemm_splitk_accum_bfloat16_float32|custom_kernel_laguna_prefill_router_tournament_ordinal_norm_v1_bfloat16_t_float_uint32_t_float|custom_kernel_mlx_lm_route_csort_scatter_fused_m8_u32_v4_uint32_t_uint32_t_uint32_t_uint32_t|gather_frontbfloat16_uint32_int_2|arangeuint32|nvfp4_gather_qmm_rhs_nt_bfloat16_t_gs_16_b_4_bm_16_bn_32_bk_32_wm_1_wn_2_align_M_t_align_N_t_align_K_t|nvfp4_qmm_t_splitk_fused_bfloat16_t_gs_16_b_4_alN_true|nvfp4_qmm_t_splitk_fused_bfloat16_t_gs_16_b_4_alN_true|g2_copybfloat16bfloat16|g2_copybfloat16bfloat16|CV2ISigmoidADV2IBroadcastACEV2IBroadcastCAFV2IMultiplyDEGV2IBroadcastFBHV2IBroadcastBFIV2OMultiplyGH_VV_V2V2_11160318154034397263_contiguous|arangeuint32|CV2ISigmoidADV2IBroadcastACEV2IBroadcastCAFV2IMultiplyDEGV2IBroadcastFBHV2IBroadcastBFIV2OMultiplyGH_VV_V2V2_11160318154034397263_contiguous|nvfp4_qmm_t_bfloat16_t_gs_16_b_4_alN_true_batch_0|nvfp4_gather_qmm_rhs_nt_bfloat16_t_gs_16_b_4_bm_16_bn_32_bk_32_wm_1_wn_2_align_M_t_align_N_t_align_K_t
GPUPROF 74342.297086042 74342.297161500 1 23101440 custom_kernel_laguna_prefill_sorted_moe_tail_bf16_v1_bfloat16_t_uint32_t_float_bfloat16_t_bfloat16_t_bfloat16_t
GPUPROF 74342.297162250 74342.311585375 30 636347908 rmsbfloat16|steel_gemm_splitk_nt_bfloat16_float32_bm32_bn32_bk16_wm2_wn2_MN_taligned_K_taligned|steel_gemm_splitk_accum_bfloat16_float32|steel_gemm_splitk_nt_bfloat16_float32_bm32_bn32_bk16_wm2_wn2_MN_taligned_K_taligned|steel_gemm_splitk_accum_bfloat16_float32|steel_gemm_fused_nt_bfloat16_bfloat16_bm64_bn64_bk16_wm2_wn2_has_batch_n_use_out_source_n_do_axpby_n_align_M_t_align_N_t_align_K_t|steel_gemm_splitk_nt_bfloat16_float32_bm32_bn32_bk16_wm2_wn2_MN_taligned_K_taligned|steel_gemm_splitk_accum_bfloat16_float32|custom_kernel_laguna_prefill_sliding_qk_norm_rope_bf16_128_h1_v2_bfloat16_t_bfloat16_t_bfloat16_t_bfloat16_t_float_int32_tc_bfloat16_t_bfloat16_t|steel_attention_bfloat16_bq32_bk16_bd128_wm4_wn1_maskbfloat16_align_Q_t_align_K_t_has_mask_n_do_causal_t_has_sinks_n|Cf4IAsTypeADf4IBroadcastCBEf4IBroadcastBCFf4ILogAddExpDEGV2OAsTypeF_VC_V2_10408321403207385874_contiguous|g2_Multiplybfloat16|steel_gemm_fused_nt_bfloat16_bfloat16_bm64_bn64_bk16_wm2_wn2_has_batch_n_use_out_source_n_do_axpby_n_align_M_t_align_N_t_align_K_t|custom_kernel_laguna_residual_rms_bf16_2048_v1_bfloat16_t_bfloat16_t_bfloat16_t_bfloat16_t_bfloat16_t|steel_gemm_splitk_nt_bfloat16_float32_bm32_bn32_bk16_wm2_wn2_MN_taligned_K_taligned|steel_gemm_splitk_accum_bfloat16_float32|custom_kernel_laguna_prefill_router_tournament_ordinal_norm_v1_bfloat16_t_float_uint32_t_float|custom_kernel_mlx_lm_route_csort_scatter_fused_m8_u32_v4_uint32_t_uint32_t_uint32_t_uint32_t|gather_frontbfloat16_uint32_int_2|arangeuint32|nvfp4_gather_qmm_rhs_nt_bfloat16_t_gs_16_b_4_bm_16_bn_32_bk_32_wm_1_wn_2_align_M_t_align_N_t_align_K_t|nvfp4_qmm_t_splitk_fused_bfloat16_t_gs_16_b_4_alN_true|nvfp4_qmm_t_splitk_fused_bfloat16_t_gs_16_b_4_alN_true|g2_copybfloat16bfloat16|g2_copybfloat16bfloat16|CV2ISigmoidADV2IBroadcastACEV2IBroadcastCAFV2IMultiplyDEGV2IBroadcastFBHV2IBroadcastBFIV2OMultiplyGH_VV_V2V2_11160318154034397263_contiguous|arangeuint32|CV2ISigmoidADV2IBroadcastACEV2IBroadcastCAFV2IMultiplyDEGV2IBroadcastFBHV2IBroadcastBFIV2OMultiplyGH_VV_V2V2_11160318154034397263_contiguous|nvfp4_qmm_t_bfloat16_t_gs_16_b_4_alN_true_batch_0|nvfp4_gather_qmm_rhs_nt_bfloat16_t_gs_16_b_4_bm_16_bn_32_bk_32_wm_1_wn_2_align_M_t_align_N_t_align_K_t
GPUPROF 74342.311586250 74342.311663625 1 23101440 custom_kernel_laguna_prefill_sorted_moe_tail_bf16_v1_bfloat16_t_uint32_t_float_bfloat16_t_bfloat16_t_bfloat16_t
GPUPROF 74342.311664625 74342.326163542 30 636347908 rmsbfloat16|steel_gemm_splitk_nt_bfloat16_float32_bm32_bn32_bk16_wm2_wn2_MN_taligned_K_taligned|steel_gemm_splitk_accum_bfloat16_float32|steel_gemm_splitk_nt_bfloat16_float32_bm32_bn32_bk16_wm2_wn2_MN_taligned_K_taligned|steel_gemm_splitk_accum_bfloat16_float32|steel_gemm_fused_nt_bfloat16_bfloat16_bm64_bn64_bk16_wm2_wn2_has_batch_n_use_out_source_n_do_axpby_n_align_M_t_align_N_t_align_K_t|steel_gemm_splitk_nt_bfloat16_float32_bm32_bn32_bk16_wm2_wn2_MN_taligned_K_taligned|steel_gemm_splitk_accum_bfloat16_float32|custom_kernel_laguna_prefill_sliding_qk_norm_rope_bf16_128_h1_v2_bfloat16_t_bfloat16_t_bfloat16_t_bfloat16_t_float_int32_tc_bfloat16_t_bfloat16_t|steel_attention_bfloat16_bq32_bk16_bd128_wm4_wn1_maskbfloat16_align_Q_t_align_K_t_has_mask_n_do_causal_t_has_sinks_n|Cf4IAsTypeADf4IBroadcastCBEf4IBroadcastBCFf4ILogAddExpDEGV2OAsTypeF_VC_V2_10408321403207385874_contiguous|g2_Multiplybfloat16|steel_gemm_fused_nt_bfloat16_bfloat16_bm64_bn64_bk16_wm2_wn2_has_batch_n_use_out_source_n_do_axpby_n_align_M_t_align_N_t_align_K_t|custom_kernel_laguna_residual_rms_bf16_2048_v1_bfloat16_t_bfloat16_t_bfloat16_t_bfloat16_t_bfloat16_t|steel_gemm_splitk_nt_bfloat16_float32_bm32_bn32_bk16_wm2_wn2_MN_taligned_K_taligned|steel_gemm_splitk_accum_bfloat16_float32|custom_kernel_laguna_prefill_router_tournament_ordinal_norm_v1_bfloat16_t_float_uint32_t_float|custom_kernel_mlx_lm_route_csort_scatter_fused_m8_u32_v4_uint32_t_uint32_t_uint32_t_uint32_t|gather_frontbfloat16_uint32_int_2|arangeuint32|nvfp4_gather_qmm_rhs_nt_bfloat16_t_gs_16_b_4_bm_16_bn_32_bk_32_wm_1_wn_2_align_M_t_align_N_t_align_K_t|nvfp4_qmm_t_splitk_fused_bfloat16_t_gs_16_b_4_alN_true|nvfp4_qmm_t_splitk_fused_bfloat16_t_gs_16_b_4_alN_true|g2_copybfloat16bfloat16|g2_copybfloat16bfloat16|CV2ISigmoidADV2IBroadcastACEV2IBroadcastCAFV2IMultiplyDEGV2IBroadcastFBHV2IBroadcastBFIV2OMultiplyGH_VV_V2V2_11160318154034397263_contiguous|arangeuint32|CV2ISigmoidADV2IBroadcastACEV2IBroadcastCAFV2IMultiplyDEGV2IBroadcastFBHV2IBroadcastBFIV2OMultiplyGH_VV_V2V2_11160318154034397263_contiguous|nvfp4_qmm_t_bfloat16_t_gs_16_b_4_alN_true_batch_0|nvfp4_gather_qmm_rhs_nt_bfloat16_t_gs_16_b_4_bm_16_bn_32_bk_32_wm_1_wn_2_align_M_t_align_N_t_align_K_t
GPUPROF 74342.326183125 74342.326259375 1 23101440 custom_kernel_laguna_prefill_sorted_moe_tail_bf16_v1_bfloat16_t_uint32_t_float_bfloat16_t_bfloat16_t_bfloat16_t
GPUPROF 74342.326260167 74342.340641000 30 636347908 rmsbfloat16|steel_gemm_splitk_nt_bfloat16_float32_bm32_bn32_bk16_wm2_wn2_MN_taligned_K_taligned|steel_gemm_splitk_accum_bfloat16_float32|steel_gemm_splitk_nt_bfloat16_float32_bm32_bn32_bk16_wm2_wn2_MN_taligned_K_taligned|steel_gemm_splitk_accum_bfloat16_float32|steel_gemm_fused_nt_bfloat16_bfloat16_bm64_bn64_bk16_wm2_wn2_has_batch_n_use_out_source_n_do_axpby_n_align_M_t_align_N_t_align_K_t|steel_gemm_splitk_nt_bfloat16_float32_bm32_bn32_bk16_wm2_wn2_MN_taligned_K_taligned|steel_gemm_splitk_accum_bfloat16_float32|custom_kernel_laguna_prefill_sliding_qk_norm_rope_bf16_128_h1_v2_bfloat16_t_bfloat16_t_bfloat16_t_bfloat16_t_float_int32_tc_bfloat16_t_bfloat16_t|steel_attention_bfloat16_bq32_bk16_bd128_wm4_wn1_maskbfloat16_align_Q_t_align_K_t_has_mask_n_do_causal_t_has_sinks_n|Cf4IAsTypeADf4IBroadcastCBEf4IBroadcastBCFf4ILogAddExpDEGV2OAsTypeF_VC_V2_10408321403207385874_contiguous|g2_Multiplybfloat16|steel_gemm_fused_nt_bfloat16_bfloat16_bm64_bn64_bk16_wm2_wn2_has_batch_n_use_out_source_n_do_axpby_n_align_M_t_align_N_t_align_K_t|custom_kernel_laguna_residual_rms_bf16_2048_v1_bfloat16_t_bfloat16_t_bfloat16_t_bfloat16_t_bfloat16_t|steel_gemm_splitk_nt_bfloat16_float32_bm32_bn32_bk16_wm2_wn2_MN_taligned_K_taligned|steel_gemm_splitk_accum_bfloat16_float32|custom_kernel_laguna_prefill_router_tournament_ordinal_norm_v1_bfloat16_t_float_uint32_t_float|custom_kernel_mlx_lm_route_csort_scatter_fused_m8_u32_v4_uint32_t_uint32_t_uint32_t_uint32_t|gather_frontbfloat16_uint32_int_2|arangeuint32|nvfp4_gather_qmm_rhs_nt_bfloat16_t_gs_16_b_4_bm_16_bn_32_bk_32_wm_1_wn_2_align_M_t_align_N_t_align_K_t|nvfp4_qmm_t_splitk_fused_bfloat16_t_gs_16_b_4_alN_true|nvfp4_qmm_t_splitk_fused_bfloat16_t_gs_16_b_4_alN_true|g2_copybfloat16bfloat16|g2_copybfloat16bfloat16|CV2ISigmoidADV2IBroadcastACEV2IBroadcastCAFV2IMultiplyDEGV2IBroadcastFBHV2IBroadcastBFIV2OMultiplyGH_VV_V2V2_11160318154034397263_contiguous|arangeuint32|CV2ISigmoidADV2IBroadcastACEV2IBroadcastCAFV2IMultiplyDEGV2IBroadcastFBHV2IBroadcastBFIV2OMultiplyGH_VV_V2V2_11160318154034397263_contiguous|nvfp4_qmm_t_bfloat16_t_gs_16_b_4_alN_true_batch_0|nvfp4_gather_qmm_rhs_nt_bfloat16_t_gs_16_b_4_bm_16_bn_32_bk_32_wm_1_wn_2_align_M_t_align_N_t_align_K_t
GPUPROF 74342.340641917 74342.340718917 1 23101440 custom_kernel_laguna_prefill_sorted_moe_tail_bf16_v1_bfloat16_t_uint32_t_float_bfloat16_t_bfloat16_t_bfloat16_t
GPUPROF 74342.340719667 74342.353717625 30 612017668 rmsbfloat16|steel_gemm_splitk_nt_bfloat16_float32_bm32_bn32_bk16_wm2_wn2_MN_taligned_K_taligned|steel_gemm_splitk_accum_bfloat16_float32|steel_gemm_splitk_nt_bfloat16_float32_bm32_bn32_bk16_wm2_wn2_MN_taligned_K_taligned|steel_gemm_splitk_accum_bfloat16_float32|steel_gemm_fused_nt_bfloat16_bfloat16_bm64_bn64_bk16_wm2_wn2_has_batch_n_use_out_source_n_do_axpby_n_align_M_t_align_N_t_align_K_t|steel_gemm_splitk_nt_bfloat16_float32_bm32_bn32_bk16_wm2_wn2_MN_naligned_K_taligned|steel_gemm_splitk_accum_bfloat16_float32|custom_kernel_laguna_prefill_full_qk_norm_yarn_bf16_128_h1_v2_bfloat16_t_bfloat16_t_bfloat16_t_bfloat16_t_float_int32_tc_bfloat16_t_bfloat16_t|steel_attention_bfloat16_bq32_bk16_bd128_wm4_wn1_maskbfloat16_align_Q_t_align_K_t_has_mask_n_do_causal_t_has_sinks_n|Cf4IAsTypeADf4IBroadcastCBEf4IBroadcastBCFf4ILogAddExpDEGV2OAsTypeF_VC_V2_10408321403207385874_contiguous|g2_Multiplybfloat16|steel_gemm_fused_nt_bfloat16_bfloat16_bm64_bn64_bk16_wm2_wn2_has_batch_n_use_out_source_n_do_axpby_n_align_M_t_align_N_t_align_K_t|custom_kernel_laguna_residual_rms_bf16_2048_v1_bfloat16_t_bfloat16_t_bfloat16_t_bfloat16_t_bfloat16_t|steel_gemm_splitk_nt_bfloat16_float32_bm32_bn32_bk16_wm2_wn2_MN_taligned_K_taligned|steel_gemm_splitk_accum_bfloat16_float32|custom_kernel_laguna_prefill_router_tournament_ordinal_norm_v1_bfloat16_t_float_uint32_t_float|custom_kernel_mlx_lm_route_csort_scatter_fused_m8_u32_v4_uint32_t_uint32_t_uint32_t_uint32_t|gather_frontbfloat16_uint32_int_2|arangeuint32|nvfp4_gather_qmm_rhs_nt_bfloat16_t_gs_16_b_4_bm_16_bn_32_bk_32_wm_1_wn_2_align_M_t_align_N_t_align_K_t|nvfp4_qmm_t_splitk_fused_bfloat16_t_gs_16_b_4_alN_true|nvfp4_qmm_t_splitk_fused_bfloat16_t_gs_16_b_4_alN_true|g2_copybfloat16bfloat16|g2_copybfloat16bfloat16|CV2ISigmoidADV2IBroadcastACEV2IBroadcastCAFV2IMultiplyDEGV2IBroadcastFBHV2IBroadcastBFIV2OMultiplyGH_VV_V2V2_11160318154034397263_contiguous|arangeuint32|CV2ISigmoidADV2IBroadcastACEV2IBroadcastCAFV2IMultiplyDEGV2IBroadcastFBHV2IBroadcastBFIV2OMultiplyGH_VV_V2V2_11160318154034397263_contiguous|nvfp4_qmm_t_bfloat16_t_gs_16_b_4_alN_true_batch_0|nvfp4_gather_qmm_rhs_nt_bfloat16_t_gs_16_b_4_bm_16_bn_32_bk_32_wm_1_wn_2_align_M_t_align_N_t_align_K_t
GPUPROF 74342.353718417 74342.353796750 1 23101440 custom_kernel_laguna_prefill_sorted_moe_tail_bf16_v1_bfloat16_t_uint32_t_float_bfloat16_t_bfloat16_t_bfloat16_t
GPUPROF 74342.353797500 74342.368124417 30 636347908 rmsbfloat16|steel_gemm_splitk_nt_bfloat16_float32_bm32_bn32_bk16_wm2_wn2_MN_taligned_K_taligned|steel_gemm_splitk_accum_bfloat16_float32|steel_gemm_splitk_nt_bfloat16_float32_bm32_bn32_bk16_wm2_wn2_MN_taligned_K_taligned|steel_gemm_splitk_accum_bfloat16_float32|steel_gemm_fused_nt_bfloat16_bfloat16_bm64_bn64_bk16_wm2_wn2_has_batch_n_use_out_source_n_do_axpby_n_align_M_t_align_N_t_align_K_t|steel_gemm_splitk_nt_bfloat16_float32_bm32_bn32_bk16_wm2_wn2_MN_taligned_K_taligned|steel_gemm_splitk_accum_bfloat16_float32|custom_kernel_laguna_prefill_sliding_qk_norm_rope_bf16_128_h1_v2_bfloat16_t_bfloat16_t_bfloat16_t_bfloat16_t_float_int32_tc_bfloat16_t_bfloat16_t|steel_attention_bfloat16_bq32_bk16_bd128_wm4_wn1_maskbfloat16_align_Q_t_align_K_t_has_mask_n_do_causal_t_has_sinks_n|Cf4IAsTypeADf4IBroadcastCBEf4IBroadcastBCFf4ILogAddExpDEGV2OAsTypeF_VC_V2_10408321403207385874_contiguous|g2_Multiplybfloat16|steel_gemm_fused_nt_bfloat16_bfloat16_bm64_bn64_bk16_wm2_wn2_has_batch_n_use_out_source_n_do_axpby_n_align_M_t_align_N_t_align_K_t|custom_kernel_laguna_residual_rms_bf16_2048_v1_bfloat16_t_bfloat16_t_bfloat16_t_bfloat16_t_bfloat16_t|steel_gemm_splitk_nt_bfloat16_float32_bm32_bn32_bk16_wm2_wn2_MN_taligned_K_taligned|steel_gemm_splitk_accum_bfloat16_float32|custom_kernel_laguna_prefill_router_tournament_ordinal_norm_v1_bfloat16_t_float_uint32_t_float|custom_kernel_mlx_lm_route_csort_scatter_fused_m8_u32_v4_uint32_t_uint32_t_uint32_t_uint32_t|gather_frontbfloat16_uint32_int_2|arangeuint32|nvfp4_gather_qmm_rhs_nt_bfloat16_t_gs_16_b_4_bm_16_bn_32_bk_32_wm_1_wn_2_align_M_t_align_N_t_align_K_t|nvfp4_qmm_t_splitk_fused_bfloat16_t_gs_16_b_4_alN_true|nvfp4_qmm_t_splitk_fused_bfloat16_t_gs_16_b_4_alN_true|g2_copybfloat16bfloat16|g2_copybfloat16bfloat16|CV2ISigmoidADV2IBroadcastACEV2IBroadcastCAFV2IMultiplyDEGV2IBroadcastFBHV2IBroadcastBFIV2OMultiplyGH_VV_V2V2_11160318154034397263_contiguous|arangeuint32|CV2ISigmoidADV2IBroadcastACEV2IBroadcastCAFV2IMultiplyDEGV2IBroadcastFBHV2IBroadcastBFIV2OMultiplyGH_VV_V2V2_11160318154034397263_contiguous|nvfp4_qmm_t_bfloat16_t_gs_16_b_4_alN_true_batch_0|nvfp4_gather_qmm_rhs_nt_bfloat16_t_gs_16_b_4_bm_16_bn_32_bk_32_wm_1_wn_2_align_M_t_align_N_t_align_K_t
GPUPROF 74342.368125375 74342.368203667 1 23101440 custom_kernel_laguna_prefill_sorted_moe_tail_bf16_v1_bfloat16_t_uint32_t_float_bfloat16_t_bfloat16_t_bfloat16_t
GPUPROF 74342.368204500 74342.382487375 30 636347908 rmsbfloat16|steel_gemm_splitk_nt_bfloat16_float32_bm32_bn32_bk16_wm2_wn2_MN_taligned_K_taligned|steel_gemm_splitk_accum_bfloat16_float32|steel_gemm_splitk_nt_bfloat16_float32_bm32_bn32_bk16_wm2_wn2_MN_taligned_K_taligned|steel_gemm_splitk_accum_bfloat16_float32|steel_gemm_fused_nt_bfloat16_bfloat16_bm64_bn64_bk16_wm2_wn2_has_batch_n_use_out_source_n_do_axpby_n_align_M_t_align_N_t_align_K_t|steel_gemm_splitk_nt_bfloat16_float32_bm32_bn32_bk16_wm2_wn2_MN_taligned_K_taligned|steel_gemm_splitk_accum_bfloat16_float32|custom_kernel_laguna_prefill_sliding_qk_norm_rope_bf16_128_h1_v2_bfloat16_t_bfloat16_t_bfloat16_t_bfloat16_t_float_int32_tc_bfloat16_t_bfloat16_t|steel_attention_bfloat16_bq32_bk16_bd128_wm4_wn1_maskbfloat16_align_Q_t_align_K_t_has_mask_n_do_causal_t_has_sinks_n|Cf4IAsTypeADf4IBroadcastCBEf4IBroadcastBCFf4ILogAddExpDEGV2OAsTypeF_VC_V2_10408321403207385874_contiguous|g2_Multiplybfloat16|steel_gemm_fused_nt_bfloat16_bfloat16_bm64_bn64_bk16_wm2_wn2_has_batch_n_use_out_source_n_do_axpby_n_align_M_t_align_N_t_align_K_t|custom_kernel_laguna_residual_rms_bf16_2048_v1_bfloat16_t_bfloat16_t_bfloat16_t_bfloat16_t_bfloat16_t|steel_gemm_splitk_nt_bfloat16_float32_bm32_bn32_bk16_wm2_wn2_MN_taligned_K_taligned|steel_gemm_splitk_accum_bfloat16_float32|custom_kernel_laguna_prefill_router_tournament_ordinal_norm_v1_bfloat16_t_float_uint32_t_float|custom_kernel_mlx_lm_route_csort_scatter_fused_m8_u32_v4_uint32_t_uint32_t_uint32_t_uint32_t|gather_frontbfloat16_uint32_int_2|arangeuint32|nvfp4_gather_qmm_rhs_nt_bfloat16_t_gs_16_b_4_bm_16_bn_32_bk_32_wm_1_wn_2_align_M_t_align_N_t_align_K_t|nvfp4_qmm_t_splitk_fused_bfloat16_t_gs_16_b_4_alN_true|nvfp4_qmm_t_splitk_fused_bfloat16_t_gs_16_b_4_alN_true|g2_copybfloat16bfloat16|g2_copybfloat16bfloat16|CV2ISigmoidADV2IBroadcastACEV2IBroadcastCAFV2IMultiplyDEGV2IBroadcastFBHV2IBroadcastBFIV2OMultiplyGH_VV_V2V2_11160318154034397263_contiguous|arangeuint32|CV2ISigmoidADV2IBroadcastACEV2IBroadcastCAFV2IMultiplyDEGV2IBroadcastFBHV2IBroadcastBFIV2OMultiplyGH_VV_V2V2_11160318154034397263_contiguous|nvfp4_qmm_t_bfloat16_t_gs_16_b_4_alN_true_batch_0|nvfp4_gather_qmm_rhs_nt_bfloat16_t_gs_16_b_4_bm_16_bn_32_bk_32_wm_1_wn_2_align_M_t_align_N_t_align_K_t
GPUPROF 74342.382488375 74342.382567292 1 23101440 custom_kernel_laguna_prefill_sorted_moe_tail_bf16_v1_bfloat16_t_uint32_t_float_bfloat16_t_bfloat16_t_bfloat16_t
GPUPROF 74342.382568250 74342.396748000 30 636347908 rmsbfloat16|steel_gemm_splitk_nt_bfloat16_float32_bm32_bn32_bk16_wm2_wn2_MN_taligned_K_taligned|steel_gemm_splitk_accum_bfloat16_float32|steel_gemm_splitk_nt_bfloat16_float32_bm32_bn32_bk16_wm2_wn2_MN_taligned_K_taligned|steel_gemm_splitk_accum_bfloat16_float32|steel_gemm_fused_nt_bfloat16_bfloat16_bm64_bn64_bk16_wm2_wn2_has_batch_n_use_out_source_n_do_axpby_n_align_M_t_align_N_t_align_K_t|steel_gemm_splitk_nt_bfloat16_float32_bm32_bn32_bk16_wm2_wn2_MN_taligned_K_taligned|steel_gemm_splitk_accum_bfloat16_float32|custom_kernel_laguna_prefill_sliding_qk_norm_rope_bf16_128_h1_v2_bfloat16_t_bfloat16_t_bfloat16_t_bfloat16_t_float_int32_tc_bfloat16_t_bfloat16_t|steel_attention_bfloat16_bq32_bk16_bd128_wm4_wn1_maskbfloat16_align_Q_t_align_K_t_has_mask_n_do_causal_t_has_sinks_n|Cf4IAsTypeADf4IBroadcastCBEf4IBroadcastBCFf4ILogAddExpDEGV2OAsTypeF_VC_V2_10408321403207385874_contiguous|g2_Multiplybfloat16|steel_gemm_fused_nt_bfloat16_bfloat16_bm64_bn64_bk16_wm2_wn2_has_batch_n_use_out_source_n_do_axpby_n_align_M_t_align_N_t_align_K_t|custom_kernel_laguna_residual_rms_bf16_2048_v1_bfloat16_t_bfloat16_t_bfloat16_t_bfloat16_t_bfloat16_t|steel_gemm_splitk_nt_bfloat16_float32_bm32_bn32_bk16_wm2_wn2_MN_taligned_K_taligned|steel_gemm_splitk_accum_bfloat16_float32|custom_kernel_laguna_prefill_router_tournament_ordinal_norm_v1_bfloat16_t_float_uint32_t_float|custom_kernel_mlx_lm_route_csort_scatter_fused_m8_u32_v4_uint32_t_uint32_t_uint32_t_uint32_t|gather_frontbfloat16_uint32_int_2|arangeuint32|nvfp4_gather_qmm_rhs_nt_bfloat16_t_gs_16_b_4_bm_16_bn_32_bk_32_wm_1_wn_2_align_M_t_align_N_t_align_K_t|nvfp4_qmm_t_splitk_fused_bfloat16_t_gs_16_b_4_alN_true|nvfp4_qmm_t_splitk_fused_bfloat16_t_gs_16_b_4_alN_true|g2_copybfloat16bfloat16|g2_copybfloat16bfloat16|CV2ISigmoidADV2IBroadcastACEV2IBroadcastCAFV2IMultiplyDEGV2IBroadcastFBHV2IBroadcastBFIV2OMultiplyGH_VV_V2V2_11160318154034397263_contiguous|arangeuint32|CV2ISigmoidADV2IBroadcastACEV2IBroadcastCAFV2IMultiplyDEGV2IBroadcastFBHV2IBroadcastBFIV2OMultiplyGH_VV_V2V2_11160318154034397263_contiguous|nvfp4_qmm_t_bfloat16_t_gs_16_b_4_alN_true_batch_0|nvfp4_gather_qmm_rhs_nt_bfloat16_t_gs_16_b_4_bm_16_bn_32_bk_32_wm_1_wn_2_align_M_t_align_N_t_align_K_t
GPUPROF 74342.396748875 74342.396827042 1 23101440 custom_kernel_laguna_prefill_sorted_moe_tail_bf16_v1_bfloat16_t_uint32_t_float_bfloat16_t_bfloat16_t_bfloat16_t
GPUPROF 74342.396827875 74342.409531625 30 612017668 rmsbfloat16|steel_gemm_splitk_nt_bfloat16_float32_bm32_bn32_bk16_wm2_wn2_MN_taligned_K_taligned|steel_gemm_splitk_accum_bfloat16_float32|steel_gemm_splitk_nt_bfloat16_float32_bm32_bn32_bk16_wm2_wn2_MN_taligned_K_taligned|steel_gemm_splitk_accum_bfloat16_float32|steel_gemm_fused_nt_bfloat16_bfloat16_bm64_bn64_bk16_wm2_wn2_has_batch_n_use_out_source_n_do_axpby_n_align_M_t_align_N_t_align_K_t|steel_gemm_splitk_nt_bfloat16_float32_bm32_bn32_bk16_wm2_wn2_MN_naligned_K_taligned|steel_gemm_splitk_accum_bfloat16_float32|custom_kernel_laguna_prefill_full_qk_norm_yarn_bf16_128_h1_v2_bfloat16_t_bfloat16_t_bfloat16_t_bfloat16_t_float_int32_tc_bfloat16_t_bfloat16_t|steel_attention_bfloat16_bq32_bk16_bd128_wm4_wn1_maskbfloat16_align_Q_t_align_K_t_has_mask_n_do_causal_t_has_sinks_n|Cf4IAsTypeADf4IBroadcastCBEf4IBroadcastBCFf4ILogAddExpDEGV2OAsTypeF_VC_V2_10408321403207385874_contiguous|g2_Multiplybfloat16|steel_gemm_fused_nt_bfloat16_bfloat16_bm64_bn64_bk16_wm2_wn2_has_batch_n_use_out_source_n_do_axpby_n_align_M_t_align_N_t_align_K_t|custom_kernel_laguna_residual_rms_bf16_2048_v1_bfloat16_t_bfloat16_t_bfloat16_t_bfloat16_t_bfloat16_t|steel_gemm_splitk_nt_bfloat16_float32_bm32_bn32_bk16_wm2_wn2_MN_taligned_K_taligned|steel_gemm_splitk_accum_bfloat16_float32|custom_kernel_laguna_prefill_router_tournament_ordinal_norm_v1_bfloat16_t_float_uint32_t_float|custom_kernel_mlx_lm_route_csort_scatter_fused_m8_u32_v4_uint32_t_uint32_t_uint32_t_uint32_t|gather_frontbfloat16_uint32_int_2|arangeuint32|nvfp4_gather_qmm_rhs_nt_bfloat16_t_gs_16_b_4_bm_16_bn_32_bk_32_wm_1_wn_2_align_M_t_align_N_t_align_K_t|nvfp4_qmm_t_splitk_fused_bfloat16_t_gs_16_b_4_alN_true|nvfp4_qmm_t_splitk_fused_bfloat16_t_gs_16_b_4_alN_true|g2_copybfloat16bfloat16|g2_copybfloat16bfloat16|CV2ISigmoidADV2IBroadcastACEV2IBroadcastCAFV2IMultiplyDEGV2IBroadcastFBHV2IBroadcastBFIV2OMultiplyGH_VV_V2V2_11160318154034397263_contiguous|arangeuint32|CV2ISigmoidADV2IBroadcastACEV2IBroadcastCAFV2IMultiplyDEGV2IBroadcastFBHV2IBroadcastBFIV2OMultiplyGH_VV_V2V2_11160318154034397263_contiguous|nvfp4_qmm_t_bfloat16_t_gs_16_b_4_alN_true_batch_0|nvfp4_gather_qmm_rhs_nt_bfloat16_t_gs_16_b_4_bm_16_bn_32_bk_32_wm_1_wn_2_align_M_t_align_N_t_align_K_t
GPUPROF 74342.409532542 74342.409609750 1 23101440 custom_kernel_laguna_prefill_sorted_moe_tail_bf16_v1_bfloat16_t_uint32_t_float_bfloat16_t_bfloat16_t_bfloat16_t
GPUPROF 74342.409610542 74342.423585167 30 636347908 rmsbfloat16|steel_gemm_splitk_nt_bfloat16_float32_bm32_bn32_bk16_wm2_wn2_MN_taligned_K_taligned|steel_gemm_splitk_accum_bfloat16_float32|steel_gemm_splitk_nt_bfloat16_float32_bm32_bn32_bk16_wm2_wn2_MN_taligned_K_taligned|steel_gemm_splitk_accum_bfloat16_float32|steel_gemm_fused_nt_bfloat16_bfloat16_bm64_bn64_bk16_wm2_wn2_has_batch_n_use_out_source_n_do_axpby_n_align_M_t_align_N_t_align_K_t|steel_gemm_splitk_nt_bfloat16_float32_bm32_bn32_bk16_wm2_wn2_MN_taligned_K_taligned|steel_gemm_splitk_accum_bfloat16_float32|custom_kernel_laguna_prefill_sliding_qk_norm_rope_bf16_128_h1_v2_bfloat16_t_bfloat16_t_bfloat16_t_bfloat16_t_float_int32_tc_bfloat16_t_bfloat16_t|steel_attention_bfloat16_bq32_bk16_bd128_wm4_wn1_maskbfloat16_align_Q_t_align_K_t_has_mask_n_do_causal_t_has_sinks_n|Cf4IAsTypeADf4IBroadcastCBEf4IBroadcastBCFf4ILogAddExpDEGV2OAsTypeF_VC_V2_10408321403207385874_contiguous|g2_Multiplybfloat16|steel_gemm_fused_nt_bfloat16_bfloat16_bm64_bn64_bk16_wm2_wn2_has_batch_n_use_out_source_n_do_axpby_n_align_M_t_align_N_t_align_K_t|custom_kernel_laguna_residual_rms_bf16_2048_v1_bfloat16_t_bfloat16_t_bfloat16_t_bfloat16_t_bfloat16_t|steel_gemm_splitk_nt_bfloat16_float32_bm32_bn32_bk16_wm2_wn2_MN_taligned_K_taligned|steel_gemm_splitk_accum_bfloat16_float32|custom_kernel_laguna_prefill_router_tournament_ordinal_norm_v1_bfloat16_t_float_uint32_t_float|custom_kernel_mlx_lm_route_csort_scatter_fused_m8_u32_v4_uint32_t_uint32_t_uint32_t_uint32_t|gather_frontbfloat16_uint32_int_2|arangeuint32|nvfp4_gather_qmm_rhs_nt_bfloat16_t_gs_16_b_4_bm_16_bn_32_bk_32_wm_1_wn_2_align_M_t_align_N_t_align_K_t|nvfp4_qmm_t_splitk_fused_bfloat16_t_gs_16_b_4_alN_true|nvfp4_qmm_t_splitk_fused_bfloat16_t_gs_16_b_4_alN_true|g2_copybfloat16bfloat16|g2_copybfloat16bfloat16|CV2ISigmoidADV2IBroadcastACEV2IBroadcastCAFV2IMultiplyDEGV2IBroadcastFBHV2IBroadcastBFIV2OMultiplyGH_VV_V2V2_11160318154034397263_contiguous|arangeuint32|CV2ISigmoidADV2IBroadcastACEV2IBroadcastCAFV2IMultiplyDEGV2IBroadcastFBHV2IBroadcastBFIV2OMultiplyGH_VV_V2V2_11160318154034397263_contiguous|nvfp4_qmm_t_bfloat16_t_gs_16_b_4_alN_true_batch_0|nvfp4_gather_qmm_rhs_nt_bfloat16_t_gs_16_b_4_bm_16_bn_32_bk_32_wm_1_wn_2_align_M_t_align_N_t_align_K_t
GPUPROF 74342.423586125 74342.423663000 1 23101440 custom_kernel_laguna_prefill_sorted_moe_tail_bf16_v1_bfloat16_t_uint32_t_float_bfloat16_t_bfloat16_t_bfloat16_t
GPUPROF 74342.423663750 74342.437824417 30 636347908 rmsbfloat16|steel_gemm_splitk_nt_bfloat16_float32_bm32_bn32_bk16_wm2_wn2_MN_taligned_K_taligned|steel_gemm_splitk_accum_bfloat16_float32|steel_gemm_splitk_nt_bfloat16_float32_bm32_bn32_bk16_wm2_wn2_MN_taligned_K_taligned|steel_gemm_splitk_accum_bfloat16_float32|steel_gemm_fused_nt_bfloat16_bfloat16_bm64_bn64_bk16_wm2_wn2_has_batch_n_use_out_source_n_do_axpby_n_align_M_t_align_N_t_align_K_t|steel_gemm_splitk_nt_bfloat16_float32_bm32_bn32_bk16_wm2_wn2_MN_taligned_K_taligned|steel_gemm_splitk_accum_bfloat16_float32|custom_kernel_laguna_prefill_sliding_qk_norm_rope_bf16_128_h1_v2_bfloat16_t_bfloat16_t_bfloat16_t_bfloat16_t_float_int32_tc_bfloat16_t_bfloat16_t|steel_attention_bfloat16_bq32_bk16_bd128_wm4_wn1_maskbfloat16_align_Q_t_align_K_t_has_mask_n_do_causal_t_has_sinks_n|Cf4IAsTypeADf4IBroadcastCBEf4IBroadcastBCFf4ILogAddExpDEGV2OAsTypeF_VC_V2_10408321403207385874_contiguous|g2_Multiplybfloat16|steel_gemm_fused_nt_bfloat16_bfloat16_bm64_bn64_bk16_wm2_wn2_has_batch_n_use_out_source_n_do_axpby_n_align_M_t_align_N_t_align_K_t|custom_kernel_laguna_residual_rms_bf16_2048_v1_bfloat16_t_bfloat16_t_bfloat16_t_bfloat16_t_bfloat16_t|steel_gemm_splitk_nt_bfloat16_float32_bm32_bn32_bk16_wm2_wn2_MN_taligned_K_taligned|steel_gemm_splitk_accum_bfloat16_float32|custom_kernel_laguna_prefill_router_tournament_ordinal_norm_v1_bfloat16_t_float_uint32_t_float|custom_kernel_mlx_lm_route_csort_scatter_fused_m8_u32_v4_uint32_t_uint32_t_uint32_t_uint32_t|gather_frontbfloat16_uint32_int_2|arangeuint32|nvfp4_gather_qmm_rhs_nt_bfloat16_t_gs_16_b_4_bm_16_bn_32_bk_32_wm_1_wn_2_align_M_t_align_N_t_align_K_t|nvfp4_qmm_t_splitk_fused_bfloat16_t_gs_16_b_4_alN_true|nvfp4_qmm_t_splitk_fused_bfloat16_t_gs_16_b_4_alN_true|g2_copybfloat16bfloat16|g2_copybfloat16bfloat16|CV2ISigmoidADV2IBroadcastACEV2IBroadcastCAFV2IMultiplyDEGV2IBroadcastFBHV2IBroadcastBFIV2OMultiplyGH_VV_V2V2_11160318154034397263_contiguous|arangeuint32|CV2ISigmoidADV2IBroadcastACEV2IBroadcastCAFV2IMultiplyDEGV2IBroadcastFBHV2IBroadcastBFIV2OMultiplyGH_VV_V2V2_11160318154034397263_contiguous|nvfp4_qmm_t_bfloat16_t_gs_16_b_4_alN_true_batch_0|nvfp4_gather_qmm_rhs_nt_bfloat16_t_gs_16_b_4_bm_16_bn_32_bk_32_wm_1_wn_2_align_M_t_align_N_t_align_K_t
GPUPROF 74342.437825250 74342.437905500 1 23101440 custom_kernel_laguna_prefill_sorted_moe_tail_bf16_v1_bfloat16_t_uint32_t_float_bfloat16_t_bfloat16_t_bfloat16_t
GPUPROF 74342.437906250 74342.451947125 30 636347908 rmsbfloat16|steel_gemm_splitk_nt_bfloat16_float32_bm32_bn32_bk16_wm2_wn2_MN_taligned_K_taligned|steel_gemm_splitk_accum_bfloat16_float32|steel_gemm_splitk_nt_bfloat16_float32_bm32_bn32_bk16_wm2_wn2_MN_taligned_K_taligned|steel_gemm_splitk_accum_bfloat16_float32|steel_gemm_fused_nt_bfloat16_bfloat16_bm64_bn64_bk16_wm2_wn2_has_batch_n_use_out_source_n_do_axpby_n_align_M_t_align_N_t_align_K_t|steel_gemm_splitk_nt_bfloat16_float32_bm32_bn32_bk16_wm2_wn2_MN_taligned_K_taligned|steel_gemm_splitk_accum_bfloat16_float32|custom_kernel_laguna_prefill_sliding_qk_norm_rope_bf16_128_h1_v2_bfloat16_t_bfloat16_t_bfloat16_t_bfloat16_t_float_int32_tc_bfloat16_t_bfloat16_t|steel_attention_bfloat16_bq32_bk16_bd128_wm4_wn1_maskbfloat16_align_Q_t_align_K_t_has_mask_n_do_causal_t_has_sinks_n|Cf4IAsTypeADf4IBroadcastCBEf4IBroadcastBCFf4ILogAddExpDEGV2OAsTypeF_VC_V2_10408321403207385874_contiguous|g2_Multiplybfloat16|steel_gemm_fused_nt_bfloat16_bfloat16_bm64_bn64_bk16_wm2_wn2_has_batch_n_use_out_source_n_do_axpby_n_align_M_t_align_N_t_align_K_t|custom_kernel_laguna_residual_rms_bf16_2048_v1_bfloat16_t_bfloat16_t_bfloat16_t_bfloat16_t_bfloat16_t|steel_gemm_splitk_nt_bfloat16_float32_bm32_bn32_bk16_wm2_wn2_MN_taligned_K_taligned|steel_gemm_splitk_accum_bfloat16_float32|custom_kernel_laguna_prefill_router_tournament_ordinal_norm_v1_bfloat16_t_float_uint32_t_float|custom_kernel_mlx_lm_route_csort_scatter_fused_m8_u32_v4_uint32_t_uint32_t_uint32_t_uint32_t|gather_frontbfloat16_uint32_int_2|arangeuint32|nvfp4_gather_qmm_rhs_nt_bfloat16_t_gs_16_b_4_bm_16_bn_32_bk_32_wm_1_wn_2_align_M_t_align_N_t_align_K_t|nvfp4_qmm_t_splitk_fused_bfloat16_t_gs_16_b_4_alN_true|nvfp4_qmm_t_splitk_fused_bfloat16_t_gs_16_b_4_alN_true|g2_copybfloat16bfloat16|g2_copybfloat16bfloat16|CV2ISigmoidADV2IBroadcastACEV2IBroadcastCAFV2IMultiplyDEGV2IBroadcastFBHV2IBroadcastBFIV2OMultiplyGH_VV_V2V2_11160318154034397263_contiguous|arangeuint32|CV2ISigmoidADV2IBroadcastACEV2IBroadcastCAFV2IMultiplyDEGV2IBroadcastFBHV2IBroadcastBFIV2OMultiplyGH_VV_V2V2_11160318154034397263_contiguous|nvfp4_qmm_t_bfloat16_t_gs_16_b_4_alN_true_batch_0|nvfp4_gather_qmm_rhs_nt_bfloat16_t_gs_16_b_4_bm_16_bn_32_bk_32_wm_1_wn_2_align_M_t_align_N_t_align_K_t
GPUPROF 74342.451950875 74342.452026667 1 23101440 custom_kernel_laguna_prefill_sorted_moe_tail_bf16_v1_bfloat16_t_uint32_t_float_bfloat16_t_bfloat16_t_bfloat16_t
GPUPROF 74342.452027625 74342.464563667 30 612017668 rmsbfloat16|steel_gemm_splitk_nt_bfloat16_float32_bm32_bn32_bk16_wm2_wn2_MN_taligned_K_taligned|steel_gemm_splitk_accum_bfloat16_float32|steel_gemm_splitk_nt_bfloat16_float32_bm32_bn32_bk16_wm2_wn2_MN_taligned_K_taligned|steel_gemm_splitk_accum_bfloat16_float32|steel_gemm_fused_nt_bfloat16_bfloat16_bm64_bn64_bk16_wm2_wn2_has_batch_n_use_out_source_n_do_axpby_n_align_M_t_align_N_t_align_K_t|steel_gemm_splitk_nt_bfloat16_float32_bm32_bn32_bk16_wm2_wn2_MN_naligned_K_taligned|steel_gemm_splitk_accum_bfloat16_float32|custom_kernel_laguna_prefill_full_qk_norm_yarn_bf16_128_h1_v2_bfloat16_t_bfloat16_t_bfloat16_t_bfloat16_t_float_int32_tc_bfloat16_t_bfloat16_t|steel_attention_bfloat16_bq32_bk16_bd128_wm4_wn1_maskbfloat16_align_Q_t_align_K_t_has_mask_n_do_causal_t_has_sinks_n|Cf4IAsTypeADf4IBroadcastCBEf4IBroadcastBCFf4ILogAddExpDEGV2OAsTypeF_VC_V2_10408321403207385874_contiguous|g2_Multiplybfloat16|steel_gemm_fused_nt_bfloat16_bfloat16_bm64_bn64_bk16_wm2_wn2_has_batch_n_use_out_source_n_do_axpby_n_align_M_t_align_N_t_align_K_t|custom_kernel_laguna_residual_rms_bf16_2048_v1_bfloat16_t_bfloat16_t_bfloat16_t_bfloat16_t_bfloat16_t|steel_gemm_splitk_nt_bfloat16_float32_bm32_bn32_bk16_wm2_wn2_MN_taligned_K_taligned|steel_gemm_splitk_accum_bfloat16_float32|custom_kernel_laguna_prefill_router_tournament_ordinal_norm_v1_bfloat16_t_float_uint32_t_float|custom_kernel_mlx_lm_route_csort_scatter_fused_m8_u32_v4_uint32_t_uint32_t_uint32_t_uint32_t|gather_frontbfloat16_uint32_int_2|arangeuint32|nvfp4_gather_qmm_rhs_nt_bfloat16_t_gs_16_b_4_bm_16_bn_32_bk_32_wm_1_wn_2_align_M_t_align_N_t_align_K_t|nvfp4_qmm_t_splitk_fused_bfloat16_t_gs_16_b_4_alN_true|nvfp4_qmm_t_splitk_fused_bfloat16_t_gs_16_b_4_alN_true|g2_copybfloat16bfloat16|g2_copybfloat16bfloat16|CV2ISigmoidADV2IBroadcastACEV2IBroadcastCAFV2IMultiplyDEGV2IBroadcastFBHV2IBroadcastBFIV2OMultiplyGH_VV_V2V2_11160318154034397263_contiguous|arangeuint32|CV2ISigmoidADV2IBroadcastACEV2IBroadcastCAFV2IMultiplyDEGV2IBroadcastFBHV2IBroadcastBFIV2OMultiplyGH_VV_V2V2_11160318154034397263_contiguous|nvfp4_qmm_t_bfloat16_t_gs_16_b_4_alN_true_batch_0|nvfp4_gather_qmm_rhs_nt_bfloat16_t_gs_16_b_4_bm_16_bn_32_bk_32_wm_1_wn_2_align_M_t_align_N_t_align_K_t
GPUPROF 74342.464567417 74342.464642000 1 23101440 custom_kernel_laguna_prefill_sorted_moe_tail_bf16_v1_bfloat16_t_uint32_t_float_bfloat16_t_bfloat16_t_bfloat16_t
GPUPROF 74342.464643042 74342.478328625 30 636347908 rmsbfloat16|steel_gemm_splitk_nt_bfloat16_float32_bm32_bn32_bk16_wm2_wn2_MN_taligned_K_taligned|steel_gemm_splitk_accum_bfloat16_float32|steel_gemm_splitk_nt_bfloat16_float32_bm32_bn32_bk16_wm2_wn2_MN_taligned_K_taligned|steel_gemm_splitk_accum_bfloat16_float32|steel_gemm_fused_nt_bfloat16_bfloat16_bm64_bn64_bk16_wm2_wn2_has_batch_n_use_out_source_n_do_axpby_n_align_M_t_align_N_t_align_K_t|steel_gemm_splitk_nt_bfloat16_float32_bm32_bn32_bk16_wm2_wn2_MN_taligned_K_taligned|steel_gemm_splitk_accum_bfloat16_float32|custom_kernel_laguna_prefill_sliding_qk_norm_rope_bf16_128_h1_v2_bfloat16_t_bfloat16_t_bfloat16_t_bfloat16_t_float_int32_tc_bfloat16_t_bfloat16_t|steel_attention_bfloat16_bq32_bk16_bd128_wm4_wn1_maskbfloat16_align_Q_t_align_K_t_has_mask_n_do_causal_t_has_sinks_n|Cf4IAsTypeADf4IBroadcastCBEf4IBroadcastBCFf4ILogAddExpDEGV2OAsTypeF_VC_V2_10408321403207385874_contiguous|g2_Multiplybfloat16|steel_gemm_fused_nt_bfloat16_bfloat16_bm64_bn64_bk16_wm2_wn2_has_batch_n_use_out_source_n_do_axpby_n_align_M_t_align_N_t_align_K_t|custom_kernel_laguna_residual_rms_bf16_2048_v1_bfloat16_t_bfloat16_t_bfloat16_t_bfloat16_t_bfloat16_t|steel_gemm_splitk_nt_bfloat16_float32_bm32_bn32_bk16_wm2_wn2_MN_taligned_K_taligned|steel_gemm_splitk_accum_bfloat16_float32|custom_kernel_laguna_prefill_router_tournament_ordinal_norm_v1_bfloat16_t_float_uint32_t_float|custom_kernel_mlx_lm_route_csort_scatter_fused_m8_u32_v4_uint32_t_uint32_t_uint32_t_uint32_t|gather_frontbfloat16_uint32_int_2|arangeuint32|nvfp4_gather_qmm_rhs_nt_bfloat16_t_gs_16_b_4_bm_16_bn_32_bk_32_wm_1_wn_2_align_M_t_align_N_t_align_K_t|nvfp4_qmm_t_splitk_fused_bfloat16_t_gs_16_b_4_alN_true|nvfp4_qmm_t_splitk_fused_bfloat16_t_gs_16_b_4_alN_true|g2_copybfloat16bfloat16|g2_copybfloat16bfloat16|CV2ISigmoidADV2IBroadcastACEV2IBroadcastCAFV2IMultiplyDEGV2IBroadcastFBHV2IBroadcastBFIV2OMultiplyGH_VV_V2V2_11160318154034397263_contiguous|arangeuint32|CV2ISigmoidADV2IBroadcastACEV2IBroadcastCAFV2IMultiplyDEGV2IBroadcastFBHV2IBroadcastBFIV2OMultiplyGH_VV_V2V2_11160318154034397263_contiguous|nvfp4_qmm_t_bfloat16_t_gs_16_b_4_alN_true_batch_0|nvfp4_gather_qmm_rhs_nt_bfloat16_t_gs_16_b_4_bm_16_bn_32_bk_32_wm_1_wn_2_align_M_t_align_N_t_align_K_t
GPUPROF 74342.478332542 74342.478409500 1 23101440 custom_kernel_laguna_prefill_sorted_moe_tail_bf16_v1_bfloat16_t_uint32_t_float_bfloat16_t_bfloat16_t_bfloat16_t
GPUPROF 74342.478410167 74342.491955000 30 636347908 rmsbfloat16|steel_gemm_splitk_nt_bfloat16_float32_bm32_bn32_bk16_wm2_wn2_MN_taligned_K_taligned|steel_gemm_splitk_accum_bfloat16_float32|steel_gemm_splitk_nt_bfloat16_float32_bm32_bn32_bk16_wm2_wn2_MN_taligned_K_taligned|steel_gemm_splitk_accum_bfloat16_float32|steel_gemm_fused_nt_bfloat16_bfloat16_bm64_bn64_bk16_wm2_wn2_has_batch_n_use_out_source_n_do_axpby_n_align_M_t_align_N_t_align_K_t|steel_gemm_splitk_nt_bfloat16_float32_bm32_bn32_bk16_wm2_wn2_MN_taligned_K_taligned|steel_gemm_splitk_accum_bfloat16_float32|custom_kernel_laguna_prefill_sliding_qk_norm_rope_bf16_128_h1_v2_bfloat16_t_bfloat16_t_bfloat16_t_bfloat16_t_float_int32_tc_bfloat16_t_bfloat16_t|steel_attention_bfloat16_bq32_bk16_bd128_wm4_wn1_maskbfloat16_align_Q_t_align_K_t_has_mask_n_do_causal_t_has_sinks_n|Cf4IAsTypeADf4IBroadcastCBEf4IBroadcastBCFf4ILogAddExpDEGV2OAsTypeF_VC_V2_10408321403207385874_contiguous|g2_Multiplybfloat16|steel_gemm_fused_nt_bfloat16_bfloat16_bm64_bn64_bk16_wm2_wn2_has_batch_n_use_out_source_n_do_axpby_n_align_M_t_align_N_t_align_K_t|custom_kernel_laguna_residual_rms_bf16_2048_v1_bfloat16_t_bfloat16_t_bfloat16_t_bfloat16_t_bfloat16_t|steel_gemm_splitk_nt_bfloat16_float32_bm32_bn32_bk16_wm2_wn2_MN_taligned_K_taligned|steel_gemm_splitk_accum_bfloat16_float32|custom_kernel_laguna_prefill_router_tournament_ordinal_norm_v1_bfloat16_t_float_uint32_t_float|custom_kernel_mlx_lm_route_csort_scatter_fused_m8_u32_v4_uint32_t_uint32_t_uint32_t_uint32_t|gather_frontbfloat16_uint32_int_2|arangeuint32|nvfp4_gather_qmm_rhs_nt_bfloat16_t_gs_16_b_4_bm_16_bn_32_bk_32_wm_1_wn_2_align_M_t_align_N_t_align_K_t|nvfp4_qmm_t_splitk_fused_bfloat16_t_gs_16_b_4_alN_true|nvfp4_qmm_t_splitk_fused_bfloat16_t_gs_16_b_4_alN_true|g2_copybfloat16bfloat16|g2_copybfloat16bfloat16|CV2ISigmoidADV2IBroadcastACEV2IBroadcastCAFV2IMultiplyDEGV2IBroadcastFBHV2IBroadcastBFIV2OMultiplyGH_VV_V2V2_11160318154034397263_contiguous|arangeuint32|CV2ISigmoidADV2IBroadcastACEV2IBroadcastCAFV2IMultiplyDEGV2IBroadcastFBHV2IBroadcastBFIV2OMultiplyGH_VV_V2V2_11160318154034397263_contiguous|nvfp4_qmm_t_bfloat16_t_gs_16_b_4_alN_true_batch_0|nvfp4_gather_qmm_rhs_nt_bfloat16_t_gs_16_b_4_bm_16_bn_32_bk_32_wm_1_wn_2_align_M_t_align_N_t_align_K_t
GPUPROF 74342.491955750 74342.492033250 1 23101440 custom_kernel_laguna_prefill_sorted_moe_tail_bf16_v1_bfloat16_t_uint32_t_float_bfloat16_t_bfloat16_t_bfloat16_t
GPUPROF 74342.492034042 74342.505515500 30 636347908 rmsbfloat16|steel_gemm_splitk_nt_bfloat16_float32_bm32_bn32_bk16_wm2_wn2_MN_taligned_K_taligned|steel_gemm_splitk_accum_bfloat16_float32|steel_gemm_splitk_nt_bfloat16_float32_bm32_bn32_bk16_wm2_wn2_MN_taligned_K_taligned|steel_gemm_splitk_accum_bfloat16_float32|steel_gemm_fused_nt_bfloat16_bfloat16_bm64_bn64_bk16_wm2_wn2_has_batch_n_use_out_source_n_do_axpby_n_align_M_t_align_N_t_align_K_t|steel_gemm_splitk_nt_bfloat16_float32_bm32_bn32_bk16_wm2_wn2_MN_taligned_K_taligned|steel_gemm_splitk_accum_bfloat16_float32|custom_kernel_laguna_prefill_sliding_qk_norm_rope_bf16_128_h1_v2_bfloat16_t_bfloat16_t_bfloat16_t_bfloat16_t_float_int32_tc_bfloat16_t_bfloat16_t|steel_attention_bfloat16_bq32_bk16_bd128_wm4_wn1_maskbfloat16_align_Q_t_align_K_t_has_mask_n_do_causal_t_has_sinks_n|Cf4IAsTypeADf4IBroadcastCBEf4IBroadcastBCFf4ILogAddExpDEGV2OAsTypeF_VC_V2_10408321403207385874_contiguous|g2_Multiplybfloat16|steel_gemm_fused_nt_bfloat16_bfloat16_bm64_bn64_bk16_wm2_wn2_has_batch_n_use_out_source_n_do_axpby_n_align_M_t_align_N_t_align_K_t|custom_kernel_laguna_residual_rms_bf16_2048_v1_bfloat16_t_bfloat16_t_bfloat16_t_bfloat16_t_bfloat16_t|steel_gemm_splitk_nt_bfloat16_float32_bm32_bn32_bk16_wm2_wn2_MN_taligned_K_taligned|steel_gemm_splitk_accum_bfloat16_float32|custom_kernel_laguna_prefill_router_tournament_ordinal_norm_v1_bfloat16_t_float_uint32_t_float|custom_kernel_mlx_lm_route_csort_scatter_fused_m8_u32_v4_uint32_t_uint32_t_uint32_t_uint32_t|gather_frontbfloat16_uint32_int_2|arangeuint32|nvfp4_gather_qmm_rhs_nt_bfloat16_t_gs_16_b_4_bm_16_bn_32_bk_32_wm_1_wn_2_align_M_t_align_N_t_align_K_t|nvfp4_qmm_t_splitk_fused_bfloat16_t_gs_16_b_4_alN_true|nvfp4_qmm_t_splitk_fused_bfloat16_t_gs_16_b_4_alN_true|g2_copybfloat16bfloat16|g2_copybfloat16bfloat16|CV2ISigmoidADV2IBroadcastACEV2IBroadcastCAFV2IMultiplyDEGV2IBroadcastFBHV2IBroadcastBFIV2OMultiplyGH_VV_V2V2_11160318154034397263_contiguous|arangeuint32|CV2ISigmoidADV2IBroadcastACEV2IBroadcastCAFV2IMultiplyDEGV2IBroadcastFBHV2IBroadcastBFIV2OMultiplyGH_VV_V2V2_11160318154034397263_contiguous|nvfp4_qmm_t_bfloat16_t_gs_16_b_4_alN_true_batch_0|nvfp4_gather_qmm_rhs_nt_bfloat16_t_gs_16_b_4_bm_16_bn_32_bk_32_wm_1_wn_2_align_M_t_align_N_t_align_K_t
GPUPROF 74342.505534042 74342.505607625 1 23101440 custom_kernel_laguna_prefill_sorted_moe_tail_bf16_v1_bfloat16_t_uint32_t_float_bfloat16_t_bfloat16_t_bfloat16_t
GPUPROF 74342.505608375 74342.517851625 30 612017668 rmsbfloat16|steel_gemm_splitk_nt_bfloat16_float32_bm32_bn32_bk16_wm2_wn2_MN_taligned_K_taligned|steel_gemm_splitk_accum_bfloat16_float32|steel_gemm_splitk_nt_bfloat16_float32_bm32_bn32_bk16_wm2_wn2_MN_taligned_K_taligned|steel_gemm_splitk_accum_bfloat16_float32|steel_gemm_fused_nt_bfloat16_bfloat16_bm64_bn64_bk16_wm2_wn2_has_batch_n_use_out_source_n_do_axpby_n_align_M_t_align_N_t_align_K_t|steel_gemm_splitk_nt_bfloat16_float32_bm32_bn32_bk16_wm2_wn2_MN_naligned_K_taligned|steel_gemm_splitk_accum_bfloat16_float32|custom_kernel_laguna_prefill_full_qk_norm_yarn_bf16_128_h1_v2_bfloat16_t_bfloat16_t_bfloat16_t_bfloat16_t_float_int32_tc_bfloat16_t_bfloat16_t|steel_attention_bfloat16_bq32_bk16_bd128_wm4_wn1_maskbfloat16_align_Q_t_align_K_t_has_mask_n_do_causal_t_has_sinks_n|Cf4IAsTypeADf4IBroadcastCBEf4IBroadcastBCFf4ILogAddExpDEGV2OAsTypeF_VC_V2_10408321403207385874_contiguous|g2_Multiplybfloat16|steel_gemm_fused_nt_bfloat16_bfloat16_bm64_bn64_bk16_wm2_wn2_has_batch_n_use_out_source_n_do_axpby_n_align_M_t_align_N_t_align_K_t|custom_kernel_laguna_residual_rms_bf16_2048_v1_bfloat16_t_bfloat16_t_bfloat16_t_bfloat16_t_bfloat16_t|steel_gemm_splitk_nt_bfloat16_float32_bm32_bn32_bk16_wm2_wn2_MN_taligned_K_taligned|steel_gemm_splitk_accum_bfloat16_float32|custom_kernel_laguna_prefill_router_tournament_ordinal_norm_v1_bfloat16_t_float_uint32_t_float|custom_kernel_mlx_lm_route_csort_scatter_fused_m8_u32_v4_uint32_t_uint32_t_uint32_t_uint32_t|gather_frontbfloat16_uint32_int_2|arangeuint32|nvfp4_gather_qmm_rhs_nt_bfloat16_t_gs_16_b_4_bm_16_bn_32_bk_32_wm_1_wn_2_align_M_t_align_N_t_align_K_t|nvfp4_qmm_t_splitk_fused_bfloat16_t_gs_16_b_4_alN_true|nvfp4_qmm_t_splitk_fused_bfloat16_t_gs_16_b_4_alN_true|g2_copybfloat16bfloat16|g2_copybfloat16bfloat16|CV2ISigmoidADV2IBroadcastACEV2IBroadcastCAFV2IMultiplyDEGV2IBroadcastFBHV2IBroadcastBFIV2OMultiplyGH_VV_V2V2_11160318154034397263_contiguous|arangeuint32|CV2ISigmoidADV2IBroadcastACEV2IBroadcastCAFV2IMultiplyDEGV2IBroadcastFBHV2IBroadcastBFIV2OMultiplyGH_VV_V2V2_11160318154034397263_contiguous|nvfp4_qmm_t_bfloat16_t_gs_16_b_4_alN_true_batch_0|nvfp4_gather_qmm_rhs_nt_bfloat16_t_gs_16_b_4_bm_16_bn_32_bk_32_wm_1_wn_2_align_M_t_align_N_t_align_K_t
GPUPROF 74342.517852500 74342.517929292 1 23101440 custom_kernel_laguna_prefill_sorted_moe_tail_bf16_v1_bfloat16_t_uint32_t_float_bfloat16_t_bfloat16_t_bfloat16_t
GPUPROF 74342.517930125 74342.531452667 30 636347908 rmsbfloat16|steel_gemm_splitk_nt_bfloat16_float32_bm32_bn32_bk16_wm2_wn2_MN_taligned_K_taligned|steel_gemm_splitk_accum_bfloat16_float32|steel_gemm_splitk_nt_bfloat16_float32_bm32_bn32_bk16_wm2_wn2_MN_taligned_K_taligned|steel_gemm_splitk_accum_bfloat16_float32|steel_gemm_fused_nt_bfloat16_bfloat16_bm64_bn64_bk16_wm2_wn2_has_batch_n_use_out_source_n_do_axpby_n_align_M_t_align_N_t_align_K_t|steel_gemm_splitk_nt_bfloat16_float32_bm32_bn32_bk16_wm2_wn2_MN_taligned_K_taligned|steel_gemm_splitk_accum_bfloat16_float32|custom_kernel_laguna_prefill_sliding_qk_norm_rope_bf16_128_h1_v2_bfloat16_t_bfloat16_t_bfloat16_t_bfloat16_t_float_int32_tc_bfloat16_t_bfloat16_t|steel_attention_bfloat16_bq32_bk16_bd128_wm4_wn1_maskbfloat16_align_Q_t_align_K_t_has_mask_n_do_causal_t_has_sinks_n|Cf4IAsTypeADf4IBroadcastCBEf4IBroadcastBCFf4ILogAddExpDEGV2OAsTypeF_VC_V2_10408321403207385874_contiguous|g2_Multiplybfloat16|steel_gemm_fused_nt_bfloat16_bfloat16_bm64_bn64_bk16_wm2_wn2_has_batch_n_use_out_source_n_do_axpby_n_align_M_t_align_N_t_align_K_t|custom_kernel_laguna_residual_rms_bf16_2048_v1_bfloat16_t_bfloat16_t_bfloat16_t_bfloat16_t_bfloat16_t|steel_gemm_splitk_nt_bfloat16_float32_bm32_bn32_bk16_wm2_wn2_MN_taligned_K_taligned|steel_gemm_splitk_accum_bfloat16_float32|custom_kernel_laguna_prefill_router_tournament_ordinal_norm_v1_bfloat16_t_float_uint32_t_float|custom_kernel_mlx_lm_route_csort_scatter_fused_m8_u32_v4_uint32_t_uint32_t_uint32_t_uint32_t|gather_frontbfloat16_uint32_int_2|arangeuint32|nvfp4_gather_qmm_rhs_nt_bfloat16_t_gs_16_b_4_bm_16_bn_32_bk_32_wm_1_wn_2_align_M_t_align_N_t_align_K_t|nvfp4_qmm_t_splitk_fused_bfloat16_t_gs_16_b_4_alN_true|nvfp4_qmm_t_splitk_fused_bfloat16_t_gs_16_b_4_alN_true|g2_copybfloat16bfloat16|g2_copybfloat16bfloat16|CV2ISigmoidADV2IBroadcastACEV2IBroadcastCAFV2IMultiplyDEGV2IBroadcastFBHV2IBroadcastBFIV2OMultiplyGH_VV_V2V2_11160318154034397263_contiguous|arangeuint32|CV2ISigmoidADV2IBroadcastACEV2IBroadcastCAFV2IMultiplyDEGV2IBroadcastFBHV2IBroadcastBFIV2OMultiplyGH_VV_V2V2_11160318154034397263_contiguous|nvfp4_qmm_t_bfloat16_t_gs_16_b_4_alN_true_batch_0|nvfp4_gather_qmm_rhs_nt_bfloat16_t_gs_16_b_4_bm_16_bn_32_bk_32_wm_1_wn_2_align_M_t_align_N_t_align_K_t
GPUPROF 74342.531453417 74342.531527500 1 23101440 custom_kernel_laguna_prefill_sorted_moe_tail_bf16_v1_bfloat16_t_uint32_t_float_bfloat16_t_bfloat16_t_bfloat16_t
GPUPROF 74342.531528250 74342.545104250 30 636347908 rmsbfloat16|steel_gemm_splitk_nt_bfloat16_float32_bm32_bn32_bk16_wm2_wn2_MN_taligned_K_taligned|steel_gemm_splitk_accum_bfloat16_float32|steel_gemm_splitk_nt_bfloat16_float32_bm32_bn32_bk16_wm2_wn2_MN_taligned_K_taligned|steel_gemm_splitk_accum_bfloat16_float32|steel_gemm_fused_nt_bfloat16_bfloat16_bm64_bn64_bk16_wm2_wn2_has_batch_n_use_out_source_n_do_axpby_n_align_M_t_align_N_t_align_K_t|steel_gemm_splitk_nt_bfloat16_float32_bm32_bn32_bk16_wm2_wn2_MN_taligned_K_taligned|steel_gemm_splitk_accum_bfloat16_float32|custom_kernel_laguna_prefill_sliding_qk_norm_rope_bf16_128_h1_v2_bfloat16_t_bfloat16_t_bfloat16_t_bfloat16_t_float_int32_tc_bfloat16_t_bfloat16_t|steel_attention_bfloat16_bq32_bk16_bd128_wm4_wn1_maskbfloat16_align_Q_t_align_K_t_has_mask_n_do_causal_t_has_sinks_n|Cf4IAsTypeADf4IBroadcastCBEf4IBroadcastBCFf4ILogAddExpDEGV2OAsTypeF_VC_V2_10408321403207385874_contiguous|g2_Multiplybfloat16|steel_gemm_fused_nt_bfloat16_bfloat16_bm64_bn64_bk16_wm2_wn2_has_batch_n_use_out_source_n_do_axpby_n_align_M_t_align_N_t_align_K_t|custom_kernel_laguna_residual_rms_bf16_2048_v1_bfloat16_t_bfloat16_t_bfloat16_t_bfloat16_t_bfloat16_t|steel_gemm_splitk_nt_bfloat16_float32_bm32_bn32_bk16_wm2_wn2_MN_taligned_K_taligned|steel_gemm_splitk_accum_bfloat16_float32|custom_kernel_laguna_prefill_router_tournament_ordinal_norm_v1_bfloat16_t_float_uint32_t_float|custom_kernel_mlx_lm_route_csort_scatter_fused_m8_u32_v4_uint32_t_uint32_t_uint32_t_uint32_t|gather_frontbfloat16_uint32_int_2|arangeuint32|nvfp4_gather_qmm_rhs_nt_bfloat16_t_gs_16_b_4_bm_16_bn_32_bk_32_wm_1_wn_2_align_M_t_align_N_t_align_K_t|nvfp4_qmm_t_splitk_fused_bfloat16_t_gs_16_b_4_alN_true|nvfp4_qmm_t_splitk_fused_bfloat16_t_gs_16_b_4_alN_true|g2_copybfloat16bfloat16|g2_copybfloat16bfloat16|CV2ISigmoidADV2IBroadcastACEV2IBroadcastCAFV2IMultiplyDEGV2IBroadcastFBHV2IBroadcastBFIV2OMultiplyGH_VV_V2V2_11160318154034397263_contiguous|arangeuint32|CV2ISigmoidADV2IBroadcastACEV2IBroadcastCAFV2IMultiplyDEGV2IBroadcastFBHV2IBroadcastBFIV2OMultiplyGH_VV_V2V2_11160318154034397263_contiguous|nvfp4_qmm_t_bfloat16_t_gs_16_b_4_alN_true_batch_0|nvfp4_gather_qmm_rhs_nt_bfloat16_t_gs_16_b_4_bm_16_bn_32_bk_32_wm_1_wn_2_align_M_t_align_N_t_align_K_t
GPUPROF 74342.545104917 74342.545181875 1 23101440 custom_kernel_laguna_prefill_sorted_moe_tail_bf16_v1_bfloat16_t_uint32_t_float_bfloat16_t_bfloat16_t_bfloat16_t
GPUPROF 74342.545182750 74342.558828625 30 636347908 rmsbfloat16|steel_gemm_splitk_nt_bfloat16_float32_bm32_bn32_bk16_wm2_wn2_MN_taligned_K_taligned|steel_gemm_splitk_accum_bfloat16_float32|steel_gemm_splitk_nt_bfloat16_float32_bm32_bn32_bk16_wm2_wn2_MN_taligned_K_taligned|steel_gemm_splitk_accum_bfloat16_float32|steel_gemm_fused_nt_bfloat16_bfloat16_bm64_bn64_bk16_wm2_wn2_has_batch_n_use_out_source_n_do_axpby_n_align_M_t_align_N_t_align_K_t|steel_gemm_splitk_nt_bfloat16_float32_bm32_bn32_bk16_wm2_wn2_MN_taligned_K_taligned|steel_gemm_splitk_accum_bfloat16_float32|custom_kernel_laguna_prefill_sliding_qk_norm_rope_bf16_128_h1_v2_bfloat16_t_bfloat16_t_bfloat16_t_bfloat16_t_float_int32_tc_bfloat16_t_bfloat16_t|steel_attention_bfloat16_bq32_bk16_bd128_wm4_wn1_maskbfloat16_align_Q_t_align_K_t_has_mask_n_do_causal_t_has_sinks_n|Cf4IAsTypeADf4IBroadcastCBEf4IBroadcastBCFf4ILogAddExpDEGV2OAsTypeF_VC_V2_10408321403207385874_contiguous|g2_Multiplybfloat16|steel_gemm_fused_nt_bfloat16_bfloat16_bm64_bn64_bk16_wm2_wn2_has_batch_n_use_out_source_n_do_axpby_n_align_M_t_align_N_t_align_K_t|custom_kernel_laguna_residual_rms_bf16_2048_v1_bfloat16_t_bfloat16_t_bfloat16_t_bfloat16_t_bfloat16_t|steel_gemm_splitk_nt_bfloat16_float32_bm32_bn32_bk16_wm2_wn2_MN_taligned_K_taligned|steel_gemm_splitk_accum_bfloat16_float32|custom_kernel_laguna_prefill_router_tournament_ordinal_norm_v1_bfloat16_t_float_uint32_t_float|custom_kernel_mlx_lm_route_csort_scatter_fused_m8_u32_v4_uint32_t_uint32_t_uint32_t_uint32_t|gather_frontbfloat16_uint32_int_2|arangeuint32|nvfp4_gather_qmm_rhs_nt_bfloat16_t_gs_16_b_4_bm_16_bn_32_bk_32_wm_1_wn_2_align_M_t_align_N_t_align_K_t|nvfp4_qmm_t_splitk_fused_bfloat16_t_gs_16_b_4_alN_true|nvfp4_qmm_t_splitk_fused_bfloat16_t_gs_16_b_4_alN_true|g2_copybfloat16bfloat16|g2_copybfloat16bfloat16|CV2ISigmoidADV2IBroadcastACEV2IBroadcastCAFV2IMultiplyDEGV2IBroadcastFBHV2IBroadcastBFIV2OMultiplyGH_VV_V2V2_11160318154034397263_contiguous|arangeuint32|CV2ISigmoidADV2IBroadcastACEV2IBroadcastCAFV2IMultiplyDEGV2IBroadcastFBHV2IBroadcastBFIV2OMultiplyGH_VV_V2V2_11160318154034397263_contiguous|nvfp4_qmm_t_bfloat16_t_gs_16_b_4_alN_true_batch_0|nvfp4_gather_qmm_rhs_nt_bfloat16_t_gs_16_b_4_bm_16_bn_32_bk_32_wm_1_wn_2_align_M_t_align_N_t_align_K_t
GPUPROF 74342.558829500 74342.558905500 1 23101440 custom_kernel_laguna_prefill_sorted_moe_tail_bf16_v1_bfloat16_t_uint32_t_float_bfloat16_t_bfloat16_t_bfloat16_t
GPUPROF 74342.558906250 74342.571435292 30 612017668 rmsbfloat16|steel_gemm_splitk_nt_bfloat16_float32_bm32_bn32_bk16_wm2_wn2_MN_taligned_K_taligned|steel_gemm_splitk_accum_bfloat16_float32|steel_gemm_splitk_nt_bfloat16_float32_bm32_bn32_bk16_wm2_wn2_MN_taligned_K_taligned|steel_gemm_splitk_accum_bfloat16_float32|steel_gemm_fused_nt_bfloat16_bfloat16_bm64_bn64_bk16_wm2_wn2_has_batch_n_use_out_source_n_do_axpby_n_align_M_t_align_N_t_align_K_t|steel_gemm_splitk_nt_bfloat16_float32_bm32_bn32_bk16_wm2_wn2_MN_naligned_K_taligned|steel_gemm_splitk_accum_bfloat16_float32|custom_kernel_laguna_prefill_full_qk_norm_yarn_bf16_128_h1_v2_bfloat16_t_bfloat16_t_bfloat16_t_bfloat16_t_float_int32_tc_bfloat16_t_bfloat16_t|steel_attention_bfloat16_bq32_bk16_bd128_wm4_wn1_maskbfloat16_align_Q_t_align_K_t_has_mask_n_do_causal_t_has_sinks_n|Cf4IAsTypeADf4IBroadcastCBEf4IBroadcastBCFf4ILogAddExpDEGV2OAsTypeF_VC_V2_10408321403207385874_contiguous|g2_Multiplybfloat16|steel_gemm_fused_nt_bfloat16_bfloat16_bm64_bn64_bk16_wm2_wn2_has_batch_n_use_out_source_n_do_axpby_n_align_M_t_align_N_t_align_K_t|custom_kernel_laguna_residual_rms_bf16_2048_v1_bfloat16_t_bfloat16_t_bfloat16_t_bfloat16_t_bfloat16_t|steel_gemm_splitk_nt_bfloat16_float32_bm32_bn32_bk16_wm2_wn2_MN_taligned_K_taligned|steel_gemm_splitk_accum_bfloat16_float32|custom_kernel_laguna_prefill_router_tournament_ordinal_norm_v1_bfloat16_t_float_uint32_t_float|custom_kernel_mlx_lm_route_csort_scatter_fused_m8_u32_v4_uint32_t_uint32_t_uint32_t_uint32_t|gather_frontbfloat16_uint32_int_2|arangeuint32|nvfp4_gather_qmm_rhs_nt_bfloat16_t_gs_16_b_4_bm_16_bn_32_bk_32_wm_1_wn_2_align_M_t_align_N_t_align_K_t|nvfp4_qmm_t_splitk_fused_bfloat16_t_gs_16_b_4_alN_true|nvfp4_qmm_t_splitk_fused_bfloat16_t_gs_16_b_4_alN_true|g2_copybfloat16bfloat16|g2_copybfloat16bfloat16|CV2ISigmoidADV2IBroadcastACEV2IBroadcastCAFV2IMultiplyDEGV2IBroadcastFBHV2IBroadcastBFIV2OMultiplyGH_VV_V2V2_11160318154034397263_contiguous|arangeuint32|CV2ISigmoidADV2IBroadcastACEV2IBroadcastCAFV2IMultiplyDEGV2IBroadcastFBHV2IBroadcastBFIV2OMultiplyGH_VV_V2V2_11160318154034397263_contiguous|nvfp4_qmm_t_bfloat16_t_gs_16_b_4_alN_true_batch_0|nvfp4_gather_qmm_rhs_nt_bfloat16_t_gs_16_b_4_bm_16_bn_32_bk_32_wm_1_wn_2_align_M_t_align_N_t_align_K_t
GPUPROF 74342.571436250 74342.571511292 1 23101440 custom_kernel_laguna_prefill_sorted_moe_tail_bf16_v1_bfloat16_t_uint32_t_float_bfloat16_t_bfloat16_t_bfloat16_t
GPUPROF 74342.571512042 74342.585608292 30 636347908 rmsbfloat16|steel_gemm_splitk_nt_bfloat16_float32_bm32_bn32_bk16_wm2_wn2_MN_taligned_K_taligned|steel_gemm_splitk_accum_bfloat16_float32|steel_gemm_splitk_nt_bfloat16_float32_bm32_bn32_bk16_wm2_wn2_MN_taligned_K_taligned|steel_gemm_splitk_accum_bfloat16_float32|steel_gemm_fused_nt_bfloat16_bfloat16_bm64_bn64_bk16_wm2_wn2_has_batch_n_use_out_source_n_do_axpby_n_align_M_t_align_N_t_align_K_t|steel_gemm_splitk_nt_bfloat16_float32_bm32_bn32_bk16_wm2_wn2_MN_taligned_K_taligned|steel_gemm_splitk_accum_bfloat16_float32|custom_kernel_laguna_prefill_sliding_qk_norm_rope_bf16_128_h1_v2_bfloat16_t_bfloat16_t_bfloat16_t_bfloat16_t_float_int32_tc_bfloat16_t_bfloat16_t|steel_attention_bfloat16_bq32_bk16_bd128_wm4_wn1_maskbfloat16_align_Q_t_align_K_t_has_mask_n_do_causal_t_has_sinks_n|Cf4IAsTypeADf4IBroadcastCBEf4IBroadcastBCFf4ILogAddExpDEGV2OAsTypeF_VC_V2_10408321403207385874_contiguous|g2_Multiplybfloat16|steel_gemm_fused_nt_bfloat16_bfloat16_bm64_bn64_bk16_wm2_wn2_has_batch_n_use_out_source_n_do_axpby_n_align_M_t_align_N_t_align_K_t|custom_kernel_laguna_residual_rms_bf16_2048_v1_bfloat16_t_bfloat16_t_bfloat16_t_bfloat16_t_bfloat16_t|steel_gemm_splitk_nt_bfloat16_float32_bm32_bn32_bk16_wm2_wn2_MN_taligned_K_taligned|steel_gemm_splitk_accum_bfloat16_float32|custom_kernel_laguna_prefill_router_tournament_ordinal_norm_v1_bfloat16_t_float_uint32_t_float|custom_kernel_mlx_lm_route_csort_scatter_fused_m8_u32_v4_uint32_t_uint32_t_uint32_t_uint32_t|gather_frontbfloat16_uint32_int_2|arangeuint32|nvfp4_gather_qmm_rhs_nt_bfloat16_t_gs_16_b_4_bm_16_bn_32_bk_32_wm_1_wn_2_align_M_t_align_N_t_align_K_t|nvfp4_qmm_t_splitk_fused_bfloat16_t_gs_16_b_4_alN_true|nvfp4_qmm_t_splitk_fused_bfloat16_t_gs_16_b_4_alN_true|g2_copybfloat16bfloat16|g2_copybfloat16bfloat16|CV2ISigmoidADV2IBroadcastACEV2IBroadcastCAFV2IMultiplyDEGV2IBroadcastFBHV2IBroadcastBFIV2OMultiplyGH_VV_V2V2_11160318154034397263_contiguous|arangeuint32|CV2ISigmoidADV2IBroadcastACEV2IBroadcastCAFV2IMultiplyDEGV2IBroadcastFBHV2IBroadcastBFIV2OMultiplyGH_VV_V2V2_11160318154034397263_contiguous|nvfp4_qmm_t_bfloat16_t_gs_16_b_4_alN_true_batch_0|nvfp4_gather_qmm_rhs_nt_bfloat16_t_gs_16_b_4_bm_16_bn_32_bk_32_wm_1_wn_2_align_M_t_align_N_t_align_K_t
GPUPROF 74342.585609167 74342.585685750 1 23101440 custom_kernel_laguna_prefill_sorted_moe_tail_bf16_v1_bfloat16_t_uint32_t_float_bfloat16_t_bfloat16_t_bfloat16_t
GPUPROF 74342.585686542 74342.599666000 30 636347908 rmsbfloat16|steel_gemm_splitk_nt_bfloat16_float32_bm32_bn32_bk16_wm2_wn2_MN_taligned_K_taligned|steel_gemm_splitk_accum_bfloat16_float32|steel_gemm_splitk_nt_bfloat16_float32_bm32_bn32_bk16_wm2_wn2_MN_taligned_K_taligned|steel_gemm_splitk_accum_bfloat16_float32|steel_gemm_fused_nt_bfloat16_bfloat16_bm64_bn64_bk16_wm2_wn2_has_batch_n_use_out_source_n_do_axpby_n_align_M_t_align_N_t_align_K_t|steel_gemm_splitk_nt_bfloat16_float32_bm32_bn32_bk16_wm2_wn2_MN_taligned_K_taligned|steel_gemm_splitk_accum_bfloat16_float32|custom_kernel_laguna_prefill_sliding_qk_norm_rope_bf16_128_h1_v2_bfloat16_t_bfloat16_t_bfloat16_t_bfloat16_t_float_int32_tc_bfloat16_t_bfloat16_t|steel_attention_bfloat16_bq32_bk16_bd128_wm4_wn1_maskbfloat16_align_Q_t_align_K_t_has_mask_n_do_causal_t_has_sinks_n|Cf4IAsTypeADf4IBroadcastCBEf4IBroadcastBCFf4ILogAddExpDEGV2OAsTypeF_VC_V2_10408321403207385874_contiguous|g2_Multiplybfloat16|steel_gemm_fused_nt_bfloat16_bfloat16_bm64_bn64_bk16_wm2_wn2_has_batch_n_use_out_source_n_do_axpby_n_align_M_t_align_N_t_align_K_t|custom_kernel_laguna_residual_rms_bf16_2048_v1_bfloat16_t_bfloat16_t_bfloat16_t_bfloat16_t_bfloat16_t|steel_gemm_splitk_nt_bfloat16_float32_bm32_bn32_bk16_wm2_wn2_MN_taligned_K_taligned|steel_gemm_splitk_accum_bfloat16_float32|custom_kernel_laguna_prefill_router_tournament_ordinal_norm_v1_bfloat16_t_float_uint32_t_float|custom_kernel_mlx_lm_route_csort_scatter_fused_m8_u32_v4_uint32_t_uint32_t_uint32_t_uint32_t|gather_frontbfloat16_uint32_int_2|arangeuint32|nvfp4_gather_qmm_rhs_nt_bfloat16_t_gs_16_b_4_bm_16_bn_32_bk_32_wm_1_wn_2_align_M_t_align_N_t_align_K_t|nvfp4_qmm_t_splitk_fused_bfloat16_t_gs_16_b_4_alN_true|nvfp4_qmm_t_splitk_fused_bfloat16_t_gs_16_b_4_alN_true|g2_copybfloat16bfloat16|g2_copybfloat16bfloat16|CV2ISigmoidADV2IBroadcastACEV2IBroadcastCAFV2IMultiplyDEGV2IBroadcastFBHV2IBroadcastBFIV2OMultiplyGH_VV_V2V2_11160318154034397263_contiguous|arangeuint32|CV2ISigmoidADV2IBroadcastACEV2IBroadcastCAFV2IMultiplyDEGV2IBroadcastFBHV2IBroadcastBFIV2OMultiplyGH_VV_V2V2_11160318154034397263_contiguous|nvfp4_qmm_t_bfloat16_t_gs_16_b_4_alN_true_batch_0|nvfp4_gather_qmm_rhs_nt_bfloat16_t_gs_16_b_4_bm_16_bn_32_bk_32_wm_1_wn_2_align_M_t_align_N_t_align_K_t
GPUPROF 74342.599666750 74342.599742375 1 23101440 custom_kernel_laguna_prefill_sorted_moe_tail_bf16_v1_bfloat16_t_uint32_t_float_bfloat16_t_bfloat16_t_bfloat16_t
GPUPROF 74342.599743167 74342.613808042 30 636347908 rmsbfloat16|steel_gemm_splitk_nt_bfloat16_float32_bm32_bn32_bk16_wm2_wn2_MN_taligned_K_taligned|steel_gemm_splitk_accum_bfloat16_float32|steel_gemm_splitk_nt_bfloat16_float32_bm32_bn32_bk16_wm2_wn2_MN_taligned_K_taligned|steel_gemm_splitk_accum_bfloat16_float32|steel_gemm_fused_nt_bfloat16_bfloat16_bm64_bn64_bk16_wm2_wn2_has_batch_n_use_out_source_n_do_axpby_n_align_M_t_align_N_t_align_K_t|steel_gemm_splitk_nt_bfloat16_float32_bm32_bn32_bk16_wm2_wn2_MN_taligned_K_taligned|steel_gemm_splitk_accum_bfloat16_float32|custom_kernel_laguna_prefill_sliding_qk_norm_rope_bf16_128_h1_v2_bfloat16_t_bfloat16_t_bfloat16_t_bfloat16_t_float_int32_tc_bfloat16_t_bfloat16_t|steel_attention_bfloat16_bq32_bk16_bd128_wm4_wn1_maskbfloat16_align_Q_t_align_K_t_has_mask_n_do_causal_t_has_sinks_n|Cf4IAsTypeADf4IBroadcastCBEf4IBroadcastBCFf4ILogAddExpDEGV2OAsTypeF_VC_V2_10408321403207385874_contiguous|g2_Multiplybfloat16|steel_gemm_fused_nt_bfloat16_bfloat16_bm64_bn64_bk16_wm2_wn2_has_batch_n_use_out_source_n_do_axpby_n_align_M_t_align_N_t_align_K_t|custom_kernel_laguna_residual_rms_bf16_2048_v1_bfloat16_t_bfloat16_t_bfloat16_t_bfloat16_t_bfloat16_t|steel_gemm_splitk_nt_bfloat16_float32_bm32_bn32_bk16_wm2_wn2_MN_taligned_K_taligned|steel_gemm_splitk_accum_bfloat16_float32|custom_kernel_laguna_prefill_router_tournament_ordinal_norm_v1_bfloat16_t_float_uint32_t_float|custom_kernel_mlx_lm_route_csort_scatter_fused_m8_u32_v4_uint32_t_uint32_t_uint32_t_uint32_t|gather_frontbfloat16_uint32_int_2|arangeuint32|nvfp4_gather_qmm_rhs_nt_bfloat16_t_gs_16_b_4_bm_16_bn_32_bk_32_wm_1_wn_2_align_M_t_align_N_t_align_K_t|nvfp4_qmm_t_splitk_fused_bfloat16_t_gs_16_b_4_alN_true|nvfp4_qmm_t_splitk_fused_bfloat16_t_gs_16_b_4_alN_true|g2_copybfloat16bfloat16|g2_copybfloat16bfloat16|CV2ISigmoidADV2IBroadcastACEV2IBroadcastCAFV2IMultiplyDEGV2IBroadcastFBHV2IBroadcastBFIV2OMultiplyGH_VV_V2V2_11160318154034397263_contiguous|arangeuint32|CV2ISigmoidADV2IBroadcastACEV2IBroadcastCAFV2IMultiplyDEGV2IBroadcastFBHV2IBroadcastBFIV2OMultiplyGH_VV_V2V2_11160318154034397263_contiguous|nvfp4_qmm_t_bfloat16_t_gs_16_b_4_alN_true_batch_0|nvfp4_gather_qmm_rhs_nt_bfloat16_t_gs_16_b_4_bm_16_bn_32_bk_32_wm_1_wn_2_align_M_t_align_N_t_align_K_t
GPUPROF 74342.613809000 74342.613885000 1 23101440 custom_kernel_laguna_prefill_sorted_moe_tail_bf16_v1_bfloat16_t_uint32_t_float_bfloat16_t_bfloat16_t_bfloat16_t
GPUPROF 74342.613885792 74342.626550500 30 612017668 rmsbfloat16|steel_gemm_splitk_nt_bfloat16_float32_bm32_bn32_bk16_wm2_wn2_MN_taligned_K_taligned|steel_gemm_splitk_accum_bfloat16_float32|steel_gemm_splitk_nt_bfloat16_float32_bm32_bn32_bk16_wm2_wn2_MN_taligned_K_taligned|steel_gemm_splitk_accum_bfloat16_float32|steel_gemm_fused_nt_bfloat16_bfloat16_bm64_bn64_bk16_wm2_wn2_has_batch_n_use_out_source_n_do_axpby_n_align_M_t_align_N_t_align_K_t|steel_gemm_splitk_nt_bfloat16_float32_bm32_bn32_bk16_wm2_wn2_MN_naligned_K_taligned|steel_gemm_splitk_accum_bfloat16_float32|custom_kernel_laguna_prefill_full_qk_norm_yarn_bf16_128_h1_v2_bfloat16_t_bfloat16_t_bfloat16_t_bfloat16_t_float_int32_tc_bfloat16_t_bfloat16_t|steel_attention_bfloat16_bq32_bk16_bd128_wm4_wn1_maskbfloat16_align_Q_t_align_K_t_has_mask_n_do_causal_t_has_sinks_n|Cf4IAsTypeADf4IBroadcastCBEf4IBroadcastBCFf4ILogAddExpDEGV2OAsTypeF_VC_V2_10408321403207385874_contiguous|g2_Multiplybfloat16|steel_gemm_fused_nt_bfloat16_bfloat16_bm64_bn64_bk16_wm2_wn2_has_batch_n_use_out_source_n_do_axpby_n_align_M_t_align_N_t_align_K_t|custom_kernel_laguna_residual_rms_bf16_2048_v1_bfloat16_t_bfloat16_t_bfloat16_t_bfloat16_t_bfloat16_t|steel_gemm_splitk_nt_bfloat16_float32_bm32_bn32_bk16_wm2_wn2_MN_taligned_K_taligned|steel_gemm_splitk_accum_bfloat16_float32|custom_kernel_laguna_prefill_router_tournament_ordinal_norm_v1_bfloat16_t_float_uint32_t_float|custom_kernel_mlx_lm_route_csort_scatter_fused_m8_u32_v4_uint32_t_uint32_t_uint32_t_uint32_t|gather_frontbfloat16_uint32_int_2|arangeuint32|nvfp4_gather_qmm_rhs_nt_bfloat16_t_gs_16_b_4_bm_16_bn_32_bk_32_wm_1_wn_2_align_M_t_align_N_t_align_K_t|nvfp4_qmm_t_splitk_fused_bfloat16_t_gs_16_b_4_alN_true|nvfp4_qmm_t_splitk_fused_bfloat16_t_gs_16_b_4_alN_true|g2_copybfloat16bfloat16|g2_copybfloat16bfloat16|CV2ISigmoidADV2IBroadcastACEV2IBroadcastCAFV2IMultiplyDEGV2IBroadcastFBHV2IBroadcastBFIV2OMultiplyGH_VV_V2V2_11160318154034397263_contiguous|arangeuint32|CV2ISigmoidADV2IBroadcastACEV2IBroadcastCAFV2IMultiplyDEGV2IBroadcastFBHV2IBroadcastBFIV2OMultiplyGH_VV_V2V2_11160318154034397263_contiguous|nvfp4_qmm_t_bfloat16_t_gs_16_b_4_alN_true_batch_0|nvfp4_gather_qmm_rhs_nt_bfloat16_t_gs_16_b_4_bm_16_bn_32_bk_32_wm_1_wn_2_align_M_t_align_N_t_align_K_t
GPUPROF 74342.626551500 74342.626627750 1 23101440 custom_kernel_laguna_prefill_sorted_moe_tail_bf16_v1_bfloat16_t_uint32_t_float_bfloat16_t_bfloat16_t_bfloat16_t
GPUPROF 74342.626628500 74342.640591667 30 636347908 rmsbfloat16|steel_gemm_splitk_nt_bfloat16_float32_bm32_bn32_bk16_wm2_wn2_MN_taligned_K_taligned|steel_gemm_splitk_accum_bfloat16_float32|steel_gemm_splitk_nt_bfloat16_float32_bm32_bn32_bk16_wm2_wn2_MN_taligned_K_taligned|steel_gemm_splitk_accum_bfloat16_float32|steel_gemm_fused_nt_bfloat16_bfloat16_bm64_bn64_bk16_wm2_wn2_has_batch_n_use_out_source_n_do_axpby_n_align_M_t_align_N_t_align_K_t|steel_gemm_splitk_nt_bfloat16_float32_bm32_bn32_bk16_wm2_wn2_MN_taligned_K_taligned|steel_gemm_splitk_accum_bfloat16_float32|custom_kernel_laguna_prefill_sliding_qk_norm_rope_bf16_128_h1_v2_bfloat16_t_bfloat16_t_bfloat16_t_bfloat16_t_float_int32_tc_bfloat16_t_bfloat16_t|steel_attention_bfloat16_bq32_bk16_bd128_wm4_wn1_maskbfloat16_align_Q_t_align_K_t_has_mask_n_do_causal_t_has_sinks_n|Cf4IAsTypeADf4IBroadcastCBEf4IBroadcastBCFf4ILogAddExpDEGV2OAsTypeF_VC_V2_10408321403207385874_contiguous|g2_Multiplybfloat16|steel_gemm_fused_nt_bfloat16_bfloat16_bm64_bn64_bk16_wm2_wn2_has_batch_n_use_out_source_n_do_axpby_n_align_M_t_align_N_t_align_K_t|custom_kernel_laguna_residual_rms_bf16_2048_v1_bfloat16_t_bfloat16_t_bfloat16_t_bfloat16_t_bfloat16_t|steel_gemm_splitk_nt_bfloat16_float32_bm32_bn32_bk16_wm2_wn2_MN_taligned_K_taligned|steel_gemm_splitk_accum_bfloat16_float32|custom_kernel_laguna_prefill_router_tournament_ordinal_norm_v1_bfloat16_t_float_uint32_t_float|custom_kernel_mlx_lm_route_csort_scatter_fused_m8_u32_v4_uint32_t_uint32_t_uint32_t_uint32_t|gather_frontbfloat16_uint32_int_2|arangeuint32|nvfp4_gather_qmm_rhs_nt_bfloat16_t_gs_16_b_4_bm_16_bn_32_bk_32_wm_1_wn_2_align_M_t_align_N_t_align_K_t|nvfp4_qmm_t_splitk_fused_bfloat16_t_gs_16_b_4_alN_true|nvfp4_qmm_t_splitk_fused_bfloat16_t_gs_16_b_4_alN_true|g2_copybfloat16bfloat16|g2_copybfloat16bfloat16|CV2ISigmoidADV2IBroadcastACEV2IBroadcastCAFV2IMultiplyDEGV2IBroadcastFBHV2IBroadcastBFIV2OMultiplyGH_VV_V2V2_11160318154034397263_contiguous|arangeuint32|CV2ISigmoidADV2IBroadcastACEV2IBroadcastCAFV2IMultiplyDEGV2IBroadcastFBHV2IBroadcastBFIV2OMultiplyGH_VV_V2V2_11160318154034397263_contiguous|nvfp4_qmm_t_bfloat16_t_gs_16_b_4_alN_true_batch_0|nvfp4_gather_qmm_rhs_nt_bfloat16_t_gs_16_b_4_bm_16_bn_32_bk_32_wm_1_wn_2_align_M_t_align_N_t_align_K_t
GPUPROF 74342.640592625 74342.640667625 1 23101440 custom_kernel_laguna_prefill_sorted_moe_tail_bf16_v1_bfloat16_t_uint32_t_float_bfloat16_t_bfloat16_t_bfloat16_t
GPUPROF 74342.640668417 74342.654737750 30 636347908 rmsbfloat16|steel_gemm_splitk_nt_bfloat16_float32_bm32_bn32_bk16_wm2_wn2_MN_taligned_K_taligned|steel_gemm_splitk_accum_bfloat16_float32|steel_gemm_splitk_nt_bfloat16_float32_bm32_bn32_bk16_wm2_wn2_MN_taligned_K_taligned|steel_gemm_splitk_accum_bfloat16_float32|steel_gemm_fused_nt_bfloat16_bfloat16_bm64_bn64_bk16_wm2_wn2_has_batch_n_use_out_source_n_do_axpby_n_align_M_t_align_N_t_align_K_t|steel_gemm_splitk_nt_bfloat16_float32_bm32_bn32_bk16_wm2_wn2_MN_taligned_K_taligned|steel_gemm_splitk_accum_bfloat16_float32|custom_kernel_laguna_prefill_sliding_qk_norm_rope_bf16_128_h1_v2_bfloat16_t_bfloat16_t_bfloat16_t_bfloat16_t_float_int32_tc_bfloat16_t_bfloat16_t|steel_attention_bfloat16_bq32_bk16_bd128_wm4_wn1_maskbfloat16_align_Q_t_align_K_t_has_mask_n_do_causal_t_has_sinks_n|Cf4IAsTypeADf4IBroadcastCBEf4IBroadcastBCFf4ILogAddExpDEGV2OAsTypeF_VC_V2_10408321403207385874_contiguous|g2_Multiplybfloat16|steel_gemm_fused_nt_bfloat16_bfloat16_bm64_bn64_bk16_wm2_wn2_has_batch_n_use_out_source_n_do_axpby_n_align_M_t_align_N_t_align_K_t|custom_kernel_laguna_residual_rms_bf16_2048_v1_bfloat16_t_bfloat16_t_bfloat16_t_bfloat16_t_bfloat16_t|steel_gemm_splitk_nt_bfloat16_float32_bm32_bn32_bk16_wm2_wn2_MN_taligned_K_taligned|steel_gemm_splitk_accum_bfloat16_float32|custom_kernel_laguna_prefill_router_tournament_ordinal_norm_v1_bfloat16_t_float_uint32_t_float|custom_kernel_mlx_lm_route_csort_scatter_fused_m8_u32_v4_uint32_t_uint32_t_uint32_t_uint32_t|gather_frontbfloat16_uint32_int_2|arangeuint32|nvfp4_gather_qmm_rhs_nt_bfloat16_t_gs_16_b_4_bm_16_bn_32_bk_32_wm_1_wn_2_align_M_t_align_N_t_align_K_t|nvfp4_qmm_t_splitk_fused_bfloat16_t_gs_16_b_4_alN_true|nvfp4_qmm_t_splitk_fused_bfloat16_t_gs_16_b_4_alN_true|g2_copybfloat16bfloat16|g2_copybfloat16bfloat16|CV2ISigmoidADV2IBroadcastACEV2IBroadcastCAFV2IMultiplyDEGV2IBroadcastFBHV2IBroadcastBFIV2OMultiplyGH_VV_V2V2_11160318154034397263_contiguous|arangeuint32|CV2ISigmoidADV2IBroadcastACEV2IBroadcastCAFV2IMultiplyDEGV2IBroadcastFBHV2IBroadcastBFIV2OMultiplyGH_VV_V2V2_11160318154034397263_contiguous|nvfp4_qmm_t_bfloat16_t_gs_16_b_4_alN_true_batch_0|nvfp4_gather_qmm_rhs_nt_bfloat16_t_gs_16_b_4_bm_16_bn_32_bk_32_wm_1_wn_2_align_M_t_align_N_t_align_K_t
GPUPROF 74342.654738500 74342.654813917 1 23101440 custom_kernel_laguna_prefill_sorted_moe_tail_bf16_v1_bfloat16_t_uint32_t_float_bfloat16_t_bfloat16_t_bfloat16_t
GPUPROF 74342.654814667 74342.669015875 30 636347908 rmsbfloat16|steel_gemm_splitk_nt_bfloat16_float32_bm32_bn32_bk16_wm2_wn2_MN_taligned_K_taligned|steel_gemm_splitk_accum_bfloat16_float32|steel_gemm_splitk_nt_bfloat16_float32_bm32_bn32_bk16_wm2_wn2_MN_taligned_K_taligned|steel_gemm_splitk_accum_bfloat16_float32|steel_gemm_fused_nt_bfloat16_bfloat16_bm64_bn64_bk16_wm2_wn2_has_batch_n_use_out_source_n_do_axpby_n_align_M_t_align_N_t_align_K_t|steel_gemm_splitk_nt_bfloat16_float32_bm32_bn32_bk16_wm2_wn2_MN_taligned_K_taligned|steel_gemm_splitk_accum_bfloat16_float32|custom_kernel_laguna_prefill_sliding_qk_norm_rope_bf16_128_h1_v2_bfloat16_t_bfloat16_t_bfloat16_t_bfloat16_t_float_int32_tc_bfloat16_t_bfloat16_t|steel_attention_bfloat16_bq32_bk16_bd128_wm4_wn1_maskbfloat16_align_Q_t_align_K_t_has_mask_n_do_causal_t_has_sinks_n|Cf4IAsTypeADf4IBroadcastCBEf4IBroadcastBCFf4ILogAddExpDEGV2OAsTypeF_VC_V2_10408321403207385874_contiguous|g2_Multiplybfloat16|steel_gemm_fused_nt_bfloat16_bfloat16_bm64_bn64_bk16_wm2_wn2_has_batch_n_use_out_source_n_do_axpby_n_align_M_t_align_N_t_align_K_t|custom_kernel_laguna_residual_rms_bf16_2048_v1_bfloat16_t_bfloat16_t_bfloat16_t_bfloat16_t_bfloat16_t|steel_gemm_splitk_nt_bfloat16_float32_bm32_bn32_bk16_wm2_wn2_MN_taligned_K_taligned|steel_gemm_splitk_accum_bfloat16_float32|custom_kernel_laguna_prefill_router_tournament_ordinal_norm_v1_bfloat16_t_float_uint32_t_float|custom_kernel_mlx_lm_route_csort_scatter_fused_m8_u32_v4_uint32_t_uint32_t_uint32_t_uint32_t|gather_frontbfloat16_uint32_int_2|arangeuint32|nvfp4_gather_qmm_rhs_nt_bfloat16_t_gs_16_b_4_bm_16_bn_32_bk_32_wm_1_wn_2_align_M_t_align_N_t_align_K_t|nvfp4_qmm_t_splitk_fused_bfloat16_t_gs_16_b_4_alN_true|nvfp4_qmm_t_splitk_fused_bfloat16_t_gs_16_b_4_alN_true|g2_copybfloat16bfloat16|g2_copybfloat16bfloat16|CV2ISigmoidADV2IBroadcastACEV2IBroadcastCAFV2IMultiplyDEGV2IBroadcastFBHV2IBroadcastBFIV2OMultiplyGH_VV_V2V2_11160318154034397263_contiguous|arangeuint32|CV2ISigmoidADV2IBroadcastACEV2IBroadcastCAFV2IMultiplyDEGV2IBroadcastFBHV2IBroadcastBFIV2OMultiplyGH_VV_V2V2_11160318154034397263_contiguous|nvfp4_qmm_t_bfloat16_t_gs_16_b_4_alN_true_batch_0|nvfp4_gather_qmm_rhs_nt_bfloat16_t_gs_16_b_4_bm_16_bn_32_bk_32_wm_1_wn_2_align_M_t_align_N_t_align_K_t
GPUPROF 74342.669016750 74342.669093917 1 23101440 custom_kernel_laguna_prefill_sorted_moe_tail_bf16_v1_bfloat16_t_uint32_t_float_bfloat16_t_bfloat16_t_bfloat16_t
GPUPROF 74342.669094750 74342.681808375 30 612017668 rmsbfloat16|steel_gemm_splitk_nt_bfloat16_float32_bm32_bn32_bk16_wm2_wn2_MN_taligned_K_taligned|steel_gemm_splitk_accum_bfloat16_float32|steel_gemm_splitk_nt_bfloat16_float32_bm32_bn32_bk16_wm2_wn2_MN_taligned_K_taligned|steel_gemm_splitk_accum_bfloat16_float32|steel_gemm_fused_nt_bfloat16_bfloat16_bm64_bn64_bk16_wm2_wn2_has_batch_n_use_out_source_n_do_axpby_n_align_M_t_align_N_t_align_K_t|steel_gemm_splitk_nt_bfloat16_float32_bm32_bn32_bk16_wm2_wn2_MN_naligned_K_taligned|steel_gemm_splitk_accum_bfloat16_float32|custom_kernel_laguna_prefill_full_qk_norm_yarn_bf16_128_h1_v2_bfloat16_t_bfloat16_t_bfloat16_t_bfloat16_t_float_int32_tc_bfloat16_t_bfloat16_t|steel_attention_bfloat16_bq32_bk16_bd128_wm4_wn1_maskbfloat16_align_Q_t_align_K_t_has_mask_n_do_causal_t_has_sinks_n|Cf4IAsTypeADf4IBroadcastCBEf4IBroadcastBCFf4ILogAddExpDEGV2OAsTypeF_VC_V2_10408321403207385874_contiguous|g2_Multiplybfloat16|steel_gemm_fused_nt_bfloat16_bfloat16_bm64_bn64_bk16_wm2_wn2_has_batch_n_use_out_source_n_do_axpby_n_align_M_t_align_N_t_align_K_t|custom_kernel_laguna_residual_rms_bf16_2048_v1_bfloat16_t_bfloat16_t_bfloat16_t_bfloat16_t_bfloat16_t|steel_gemm_splitk_nt_bfloat16_float32_bm32_bn32_bk16_wm2_wn2_MN_taligned_K_taligned|steel_gemm_splitk_accum_bfloat16_float32|custom_kernel_laguna_prefill_router_tournament_ordinal_norm_v1_bfloat16_t_float_uint32_t_float|custom_kernel_mlx_lm_route_csort_scatter_fused_m8_u32_v4_uint32_t_uint32_t_uint32_t_uint32_t|gather_frontbfloat16_uint32_int_2|arangeuint32|nvfp4_gather_qmm_rhs_nt_bfloat16_t_gs_16_b_4_bm_16_bn_32_bk_32_wm_1_wn_2_align_M_t_align_N_t_align_K_t|nvfp4_qmm_t_splitk_fused_bfloat16_t_gs_16_b_4_alN_true|nvfp4_qmm_t_splitk_fused_bfloat16_t_gs_16_b_4_alN_true|g2_copybfloat16bfloat16|g2_copybfloat16bfloat16|CV2ISigmoidADV2IBroadcastACEV2IBroadcastCAFV2IMultiplyDEGV2IBroadcastFBHV2IBroadcastBFIV2OMultiplyGH_VV_V2V2_11160318154034397263_contiguous|arangeuint32|CV2ISigmoidADV2IBroadcastACEV2IBroadcastCAFV2IMultiplyDEGV2IBroadcastFBHV2IBroadcastBFIV2OMultiplyGH_VV_V2V2_11160318154034397263_contiguous|nvfp4_qmm_t_bfloat16_t_gs_16_b_4_alN_true_batch_0|nvfp4_gather_qmm_rhs_nt_bfloat16_t_gs_16_b_4_bm_16_bn_32_bk_32_wm_1_wn_2_align_M_t_align_N_t_align_K_t
GPUPROF 74342.681834000 74342.681901792 1 23101440 custom_kernel_laguna_prefill_sorted_moe_tail_bf16_v1_bfloat16_t_uint32_t_float_bfloat16_t_bfloat16_t_bfloat16_t
GPUPROF 74342.681902625 74342.696000792 30 636347908 rmsbfloat16|steel_gemm_splitk_nt_bfloat16_float32_bm32_bn32_bk16_wm2_wn2_MN_taligned_K_taligned|steel_gemm_splitk_accum_bfloat16_float32|steel_gemm_splitk_nt_bfloat16_float32_bm32_bn32_bk16_wm2_wn2_MN_taligned_K_taligned|steel_gemm_splitk_accum_bfloat16_float32|steel_gemm_fused_nt_bfloat16_bfloat16_bm64_bn64_bk16_wm2_wn2_has_batch_n_use_out_source_n_do_axpby_n_align_M_t_align_N_t_align_K_t|steel_gemm_splitk_nt_bfloat16_float32_bm32_bn32_bk16_wm2_wn2_MN_taligned_K_taligned|steel_gemm_splitk_accum_bfloat16_float32|custom_kernel_laguna_prefill_sliding_qk_norm_rope_bf16_128_h1_v2_bfloat16_t_bfloat16_t_bfloat16_t_bfloat16_t_float_int32_tc_bfloat16_t_bfloat16_t|steel_attention_bfloat16_bq32_bk16_bd128_wm4_wn1_maskbfloat16_align_Q_t_align_K_t_has_mask_n_do_causal_t_has_sinks_n|Cf4IAsTypeADf4IBroadcastCBEf4IBroadcastBCFf4ILogAddExpDEGV2OAsTypeF_VC_V2_10408321403207385874_contiguous|g2_Multiplybfloat16|steel_gemm_fused_nt_bfloat16_bfloat16_bm64_bn64_bk16_wm2_wn2_has_batch_n_use_out_source_n_do_axpby_n_align_M_t_align_N_t_align_K_t|custom_kernel_laguna_residual_rms_bf16_2048_v1_bfloat16_t_bfloat16_t_bfloat16_t_bfloat16_t_bfloat16_t|steel_gemm_splitk_nt_bfloat16_float32_bm32_bn32_bk16_wm2_wn2_MN_taligned_K_taligned|steel_gemm_splitk_accum_bfloat16_float32|custom_kernel_laguna_prefill_router_tournament_ordinal_norm_v1_bfloat16_t_float_uint32_t_float|custom_kernel_mlx_lm_route_csort_scatter_fused_m8_u32_v4_uint32_t_uint32_t_uint32_t_uint32_t|gather_frontbfloat16_uint32_int_2|arangeuint32|nvfp4_gather_qmm_rhs_nt_bfloat16_t_gs_16_b_4_bm_16_bn_32_bk_32_wm_1_wn_2_align_M_t_align_N_t_align_K_t|nvfp4_qmm_t_splitk_fused_bfloat16_t_gs_16_b_4_alN_true|nvfp4_qmm_t_splitk_fused_bfloat16_t_gs_16_b_4_alN_true|g2_copybfloat16bfloat16|g2_copybfloat16bfloat16|CV2ISigmoidADV2IBroadcastACEV2IBroadcastCAFV2IMultiplyDEGV2IBroadcastFBHV2IBroadcastBFIV2OMultiplyGH_VV_V2V2_11160318154034397263_contiguous|arangeuint32|CV2ISigmoidADV2IBroadcastACEV2IBroadcastCAFV2IMultiplyDEGV2IBroadcastFBHV2IBroadcastBFIV2OMultiplyGH_VV_V2V2_11160318154034397263_contiguous|nvfp4_qmm_t_bfloat16_t_gs_16_b_4_alN_true_batch_0|nvfp4_gather_qmm_rhs_nt_bfloat16_t_gs_16_b_4_bm_16_bn_32_bk_32_wm_1_wn_2_align_M_t_align_N_t_align_K_t
GPUPROF 74342.696001542 74342.696079375 1 23101440 custom_kernel_laguna_prefill_sorted_moe_tail_bf16_v1_bfloat16_t_uint32_t_float_bfloat16_t_bfloat16_t_bfloat16_t
GPUPROF 74342.696080167 74342.709899250 30 636347908 rmsbfloat16|steel_gemm_splitk_nt_bfloat16_float32_bm32_bn32_bk16_wm2_wn2_MN_taligned_K_taligned|steel_gemm_splitk_accum_bfloat16_float32|steel_gemm_splitk_nt_bfloat16_float32_bm32_bn32_bk16_wm2_wn2_MN_taligned_K_taligned|steel_gemm_splitk_accum_bfloat16_float32|steel_gemm_fused_nt_bfloat16_bfloat16_bm64_bn64_bk16_wm2_wn2_has_batch_n_use_out_source_n_do_axpby_n_align_M_t_align_N_t_align_K_t|steel_gemm_splitk_nt_bfloat16_float32_bm32_bn32_bk16_wm2_wn2_MN_taligned_K_taligned|steel_gemm_splitk_accum_bfloat16_float32|custom_kernel_laguna_prefill_sliding_qk_norm_rope_bf16_128_h1_v2_bfloat16_t_bfloat16_t_bfloat16_t_bfloat16_t_float_int32_tc_bfloat16_t_bfloat16_t|steel_attention_bfloat16_bq32_bk16_bd128_wm4_wn1_maskbfloat16_align_Q_t_align_K_t_has_mask_n_do_causal_t_has_sinks_n|Cf4IAsTypeADf4IBroadcastCBEf4IBroadcastBCFf4ILogAddExpDEGV2OAsTypeF_VC_V2_10408321403207385874_contiguous|g2_Multiplybfloat16|steel_gemm_fused_nt_bfloat16_bfloat16_bm64_bn64_bk16_wm2_wn2_has_batch_n_use_out_source_n_do_axpby_n_align_M_t_align_N_t_align_K_t|custom_kernel_laguna_residual_rms_bf16_2048_v1_bfloat16_t_bfloat16_t_bfloat16_t_bfloat16_t_bfloat16_t|steel_gemm_splitk_nt_bfloat16_float32_bm32_bn32_bk16_wm2_wn2_MN_taligned_K_taligned|steel_gemm_splitk_accum_bfloat16_float32|custom_kernel_laguna_prefill_router_tournament_ordinal_norm_v1_bfloat16_t_float_uint32_t_float|custom_kernel_mlx_lm_route_csort_scatter_fused_m8_u32_v4_uint32_t_uint32_t_uint32_t_uint32_t|gather_frontbfloat16_uint32_int_2|arangeuint32|nvfp4_gather_qmm_rhs_nt_bfloat16_t_gs_16_b_4_bm_16_bn_32_bk_32_wm_1_wn_2_align_M_t_align_N_t_align_K_t|nvfp4_qmm_t_splitk_fused_bfloat16_t_gs_16_b_4_alN_true|nvfp4_qmm_t_splitk_fused_bfloat16_t_gs_16_b_4_alN_true|g2_copybfloat16bfloat16|g2_copybfloat16bfloat16|CV2ISigmoidADV2IBroadcastACEV2IBroadcastCAFV2IMultiplyDEGV2IBroadcastFBHV2IBroadcastBFIV2OMultiplyGH_VV_V2V2_11160318154034397263_contiguous|arangeuint32|CV2ISigmoidADV2IBroadcastACEV2IBroadcastCAFV2IMultiplyDEGV2IBroadcastFBHV2IBroadcastBFIV2OMultiplyGH_VV_V2V2_11160318154034397263_contiguous|nvfp4_qmm_t_bfloat16_t_gs_16_b_4_alN_true_batch_0|nvfp4_gather_qmm_rhs_nt_bfloat16_t_gs_16_b_4_bm_16_bn_32_bk_32_wm_1_wn_2_align_M_t_align_N_t_align_K_t
GPUPROF 74342.709915750 74342.709990875 1 23101440 custom_kernel_laguna_prefill_sorted_moe_tail_bf16_v1_bfloat16_t_uint32_t_float_bfloat16_t_bfloat16_t_bfloat16_t
GPUPROF 74342.709991667 74342.711523542 19 650351176 rmsbfloat16|steel_gemm_fused_nt_bfloat16_bfloat16_bm64_bn64_bk16_wm2_wn2_has_batch_n_use_out_source_n_do_axpby_n_align_M_t_align_N_t_align_K_t|gemv_al_bfloat16_bm8_bn1_sm1_sn32_tm4_tn4_nc0_axpby0|g2_copybfloat16bfloat16|rmsbfloat16|rmsbfloat16|rope_bfloat16_|rope_single_bfloat16_|Cf4IAsTypeADf4IBroadcastCBEf4IBroadcastBCFf4ILogAddExpDEGV2OAsTypeF_VC_V2_10408321403207385874_contiguous|sdpa_vector_bfloat16_t_128_128_nomask_qnt_nc_nosinks|g2_Multiplybfloat16|gemv_al_bfloat16_bm4_bn1_sm1_sn32_tm4_tn4_nc0_axpby0|custom_kernel_laguna_residual_rms_router_bf16_2048_rpg8_keys_v1_bfloat16_t_bfloat16_t_bfloat16_t_bfloat16_t_float_bfloat16_t_bfloat16_t_bfloat16_t_uint32_t|custom_kernel_laguna_shared_nvfp4_swiglu_qmv_rows1_bf16_v1_bfloat16_t_uint32_t_uint8_t_bfloat16_t|custom_kernel_laguna_decode_router_top8_ordinal_table_norm_v1_bfloat16_t_float_uint32_t_float|custom_kernel_laguna_routed_nvfp4_swiglu_qmv_packed_top8keys_r1_bf16_v2_bfloat16_t_uint32_t_uint8_t_uint32_t_bfloat16_t|custom_kernel_laguna_routed_shared_nvfp4_down_residual_bf16_r1_v5_bfloat16_t_uint32_t_uint8_t_uint32_t_float_bfloat16_t_uint32_t_uint8_t_bfloat16_t_bfloat16_t|rmsbfloat16|custom_kernel_laguna_lmhead_int5_inline_coarse_ratio_bound_delta_bf16_v6_bfloat16_t_uint8_t_uint8_t_uint8_t_float_bfloat16_t
GPUPROF 74342.711524500 74342.711611125 3 411849732 custom_kernel_laguna_lmhead_coarse_argmax_stage1_v5_float_float_uint32_t|custom_kernel_laguna_lmhead_exact_winner_bf16_midpoint_threshold_v1_float_uint32_t_bfloat16_t_bfloat16_t_float|custom_kernel_laguna_lmhead_exact_inline_mask_block_delta_bf16_lane0_mask_v1_float_bfloat16_t_floatc_bfloat16_t_bfloat16_t_bfloat16_t
GPUPROF 74342.711771667 74342.711785000 2 401416 gather_frontbfloat16_int32_int_2|argmax_bfloat16
