GPUPSO v_copyint32float32 maxThreads=1024 execWidth=32 tgMem=0
GPUPSO vs_Subtractfloat32 maxThreads=1024 execWidth=32 tgMem=0
GPUPSO vs_Dividefloat32 maxThreads=1024 execWidth=32 tgMem=0
GPUPSO vs_Maximumfloat32 maxThreads=1024 execWidth=32 tgMem=0
GPUPSO vs_Minimumfloat32 maxThreads=1024 execWidth=32 tgMem=0
GPUPSO sv_Subtractfloat32 maxThreads=1024 execWidth=32 tgMem=0
GPUPSO sv_Powerfloat32 maxThreads=1024 execWidth=32 tgMem=0
GPUPSO sv_Multiplyfloat32 maxThreads=1024 execWidth=32 tgMem=0
GPUPSO vv_Multiplyfloat32 maxThreads=1024 execWidth=32 tgMem=0
GPUPSO vv_Addfloat32 maxThreads=1024 execWidth=32 tgMem=0
GPUPSO vv_Dividefloat32 maxThreads=1024 execWidth=32 tgMem=0
GPUPROF 187989.782528000 187989.782792000 190 21760 v_copyint32float32|vs_Subtractfloat32|vs_Dividefloat32|vs_Maximumfloat32|vs_Minimumfloat32|sv_Subtractfloat32|v_copyint32float32|vs_Dividefloat32|sv_Powerfloat32|v_copyint32float32|vs_Dividefloat32|v_copyint32float32|vs_Subtractfloat32|vs_Dividefloat32|vs_Maximumfloat32|vs_Minimumfloat32|sv_Subtractfloat32|v_copyint32float32|vs_Dividefloat32|sv_Powerfloat32|v_copyint32float32|vs_Dividefloat32|v_copyint32float32|vs_Subtractfloat32|vs_Dividefloat32|vs_Maximumfloat32|vs_Minimumfloat32|sv_Subtractfloat32|v_copyint32float32|vs_Dividefloat32|sv_Powerfloat32|v_copyint32float32|vs_Dividefloat32|v_copyint32float32|vs_Subtractfloat32|vs_Dividefloat32|vs_Maximumfloat32|vs_Minimumfloat32|sv_Subtractfloat32|v_copyint32float32|v_copyint32float32|v_copyint32float32|v_copyint32float32|v_copyint32float32|v_copyint32float32|vs_Subtractfloat32|vs_Subtractfloat32|vs_Subtractfloat32|vs_Subtractfloat32|vs_Subtractfloat32|vs_Subtractfloat32|vs_Dividefloat32|vs_Dividefloat32|vs_Dividefloat32|vs_Dividefloat32|vs_Dividefloat32|vs_Dividefloat32|v_copyint32float32|vs_Maximumfloat32|v_copyint32float32|vs_Maximumfloat32|v_copyint32float32|vs_Maximumfloat32|v_copyint32float32|vs_Maximumfloat32|v_copyint32float32|vs_Maximumfloat32|v_copyint32float32|vs_Maximumfloat32|v_copyint32float32|v_copyint32float32|vs_Dividefloat32|vs_Minimumfloat32|v_copyint32float32|vs_Dividefloat32|vs_Minimumfloat32|v_copyint32float32|vs_Dividefloat32|vs_Minimumfloat32|v_copyint32float32|vs_Dividefloat32|vs_Minimumfloat32|v_copyint32float32|vs_Dividefloat32|vs_Minimumfloat32|v_copyint32float32|vs_Dividefloat32|vs_Minimumfloat32|v_copyint32float32|vs_Dividefloat32|vs_Dividefloat32|sv_Powerfloat32|sv_Subtractfloat32|vs_Dividefloat32|sv_Powerfloat32|sv_Subtractfloat32|vs_Dividefloat32|sv_Powerfloat32|sv_Subtractfloat32|vs_Dividefloat32|sv_Powerfloat32|sv_Subtractfloat32|vs_Dividefloat32|sv_Powerfloat32|sv_Subtractfloat32|vs_Dividefloat32|sv_Powerfloat32|sv_Subtractfloat32|vs_Dividefloat32|sv_Powerfloat32|sv_Subtractfloat32|sv_Powerfloat32|sv_Multiplyfloat32|sv_Subtractfloat32|sv_Powerfloat32|sv_Multiplyfloat32|sv_Subtractfloat32|sv_Powerfloat32|sv_Multiplyfloat32|sv_Subtractfloat32|sv_Powerfloat32|sv_Multiplyfloat32|sv_Subtractfloat32|sv_Powerfloat32|sv_Multiplyfloat32|sv_Subtractfloat32|sv_Powerfloat32|sv_Multiplyfloat32|sv_Subtractfloat32|sv_Powerfloat32|sv_Multiplyfloat32|sv_Subtractfloat32|sv_Powerfloat32|sv_Multiplyfloat32|sv_Subtractfloat32|sv_Powerfloat32|sv_Multiplyfloat32|sv_Subtractfloat32|sv_Powerfloat32|sv_Multiplyfloat32|vv_Multiplyfloat32|vv_Multiplyfloat32|vv_Multiplyfloat32|vv_Multiplyfloat32|vv_Multiplyfloat32|vv_Multiplyfloat32|vv_Multiplyfloat32|vv_Multiplyfloat32|vv_Multiplyfloat32|vv_Multiplyfloat32|vv_Multiplyfloat32|vv_Multiplyfloat32|vv_Multiplyfloat32|vv_Multiplyfloat32|vv_Multiplyfloat32|vv_Multiplyfloat32|vv_Multiplyfloat32|vv_Multiplyfloat32|vv_Multiplyfloat32|vv_Multiplyfloat32|vv_Addfloat32|vv_Multiplyfloat32|vv_Addfloat32|vv_Multiplyfloat32|vv_Addfloat32|vv_Multiplyfloat32|vv_Addfloat32|vv_Multiplyfloat32|vv_Addfloat32|vv_Multiplyfloat32|vv_Addfloat32|vv_Multiplyfloat32|vv_Addfloat32|vv_Multiplyfloat32|vv_Addfloat32|vv_Multiplyfloat32|vv_Addfloat32|vv_Multiplyfloat32|vv_Addfloat32|vv_Multiplyfloat32|vv_Dividefloat32|vv_Dividefloat32|vv_Dividefloat32|vv_Dividefloat32|vv_Dividefloat32|vv_Dividefloat32|vv_Dividefloat32|vv_Dividefloat32|vv_Dividefloat32|vv_Dividefloat32
GPUPSO nvfp4_quantize_bfloat16_t_gs_16_b_4 maxThreads=1024 execWidth=32 tgMem=0
GPUPSO gg1_copyuint8uint8 maxThreads=1024 execWidth=32 tgMem=0
GPUPSO g3_copyuint8uint8 maxThreads=1024 execWidth=32 tgMem=0
GPUPSO g2_Equaluint8 maxThreads=1024 execWidth=32 tgMem=0
GPUPSO row_reduce_simple_minuint8 maxThreads=1024 execWidth=32 tgMem=128
GPUPSO row_reduce_simple_maxuint8 maxThreads=1024 execWidth=32 tgMem=128
GPUPSO row_reduce_small_1_reduce_andbool_ maxThreads=1024 execWidth=32 tgMem=0
GPUPSO v_copyuint8int32 maxThreads=1024 execWidth=32 tgMem=0
GPUPSO vv_Subtractint32 maxThreads=1024 execWidth=32 tgMem=0
GPUPSO vs_LessEqualint32 maxThreads=1024 execWidth=32 tgMem=0
GPUPSO vv_LogicalAndbool_ maxThreads=1024 execWidth=32 tgMem=0
GPUPSO v_copybool_int32 maxThreads=1024 execWidth=32 tgMem=0
GPUPSO all_reduce_sumint32 maxThreads=1024 execWidth=32 tgMem=128
GPUPROF 187989.787803625 187989.790541875 19 45515268 nvfp4_quantize_bfloat16_t_gs_16_b_4|nvfp4_quantize_bfloat16_t_gs_16_b_4|nvfp4_quantize_bfloat16_t_gs_16_b_4|gg1_copyuint8uint8|gg1_copyuint8uint8|gg1_copyuint8uint8|g3_copyuint8uint8|g2_Equaluint8|row_reduce_simple_minuint8|row_reduce_simple_maxuint8|row_reduce_small_1_reduce_andbool_|v_copyuint8int32|v_copyuint8int32|vv_Subtractint32|vs_LessEqualint32|vv_LogicalAndbool_|v_copybool_int32|all_reduce_sumint32|all_reduce_sumint32
GPUPSO g2_copyuint8uint8 maxThreads=1024 execWidth=32 tgMem=0
GPUPSO vn_copyuint8int32 maxThreads=1024 execWidth=32 tgMem=0
GPUPSO g2_Subtractint32 maxThreads=1024 execWidth=32 tgMem=0
GPUPSO g2_Selectint32 maxThreads=1024 execWidth=32 tgMem=0
GPUPSO vn_copyint32uint8 maxThreads=1024 execWidth=32 tgMem=0
GPUPSO vsn_RightShiftuint16 maxThreads=1024 execWidth=32 tgMem=0
GPUPSO vsn_BitwiseAnduint16 maxThreads=1024 execWidth=32 tgMem=0
GPUPSO vvn_BitwiseOruint16 maxThreads=1024 execWidth=32 tgMem=0
GPUPSO vn_copyuint16uint8 maxThreads=1024 execWidth=32 tgMem=0
GPUPSO vsn_RightShiftint32 maxThreads=1024 execWidth=32 tgMem=0
GPUPSO vsn_BitwiseAndint32 maxThreads=1024 execWidth=32 tgMem=0
GPUPSO vs_Selectuint8 maxThreads=1024 execWidth=32 tgMem=0
GPUPSO gg1_copyint32int32 maxThreads=1024 execWidth=32 tgMem=0
GPUPSO gg2_copyint32int32 maxThreads=1024 execWidth=32 tgMem=0
GPUPSO g2_Addint32 maxThreads=1024 execWidth=32 tgMem=0
GPUPSO g3_copyint32int32 maxThreads=1024 execWidth=32 tgMem=0
GPUPSO vs_Equaluint8 maxThreads=1024 execWidth=32 tgMem=0
GPUPSO g2_Selectuint8 maxThreads=1024 execWidth=32 tgMem=0
GPUPSO vvn_NotEqualuint8 maxThreads=1024 execWidth=32 tgMem=0
GPUPSO vn_copybool_int32 maxThreads=1024 execWidth=32 tgMem=0
GPUPROF 187989.794529375 187989.795178167 30 34447876 v_copyuint8int32|g2_copyuint8uint8|vn_copyuint8int32|g2_Subtractint32|g2_Selectint32|vn_copyint32uint8|vsn_RightShiftuint16|vsn_BitwiseAnduint16|vsn_BitwiseAnduint16|vvn_BitwiseOruint16|vn_copyuint16uint8|vn_copyuint8int32|vsn_RightShiftint32|vsn_BitwiseAndint32|vsn_BitwiseAndint32|vs_Selectuint8|gg1_copyint32int32|gg1_copyint32int32|v_copyuint8int32|gg2_copyint32int32|gg2_copyint32int32|g2_Addint32|g3_copyint32int32|vs_Equaluint8|vn_copyint32uint8|g2_Selectuint8|vvn_NotEqualuint8|vn_copybool_int32|all_reduce_sumint32|all_reduce_sumint32
mlxfast: narrow-scales built lane-major pairwise: qkv
GPUPROF 187989.796323250 187989.798347500 13 33464324 nvfp4_quantize_bfloat16_t_gs_16_b_4|g3_copyuint8uint8|g2_Equaluint8|row_reduce_simple_minuint8|row_reduce_simple_maxuint8|row_reduce_small_1_reduce_andbool_|v_copyuint8int32|v_copyuint8int32|vv_Subtractint32|vs_LessEqualint32|vv_LogicalAndbool_|v_copybool_int32|all_reduce_sumint32
mlxfast: narrow-scales built lane-major pairwise: oproj
GPUPROF 187989.798999625 187989.799541125 30 25782788 v_copyuint8int32|g2_copyuint8uint8|vn_copyuint8int32|g2_Subtractint32|g2_Selectint32|vn_copyint32uint8|vsn_RightShiftuint16|vsn_BitwiseAnduint16|vsn_BitwiseAnduint16|vvn_BitwiseOruint16|vn_copyuint16uint8|vn_copyuint8int32|vsn_RightShiftint32|vsn_BitwiseAndint32|vsn_BitwiseAndint32|vs_Selectuint8|gg1_copyint32int32|gg1_copyint32int32|v_copyuint8int32|gg2_copyint32int32|gg2_copyint32int32|g2_Addint32|g3_copyint32int32|vs_Equaluint8|vn_copyint32uint8|g2_Selectuint8|vvn_NotEqualuint8|vn_copybool_int32|all_reduce_sumint32|all_reduce_sumint32
GPUPROF 187989.800459125 187989.803859875 19 56959492 nvfp4_quantize_bfloat16_t_gs_16_b_4|nvfp4_quantize_bfloat16_t_gs_16_b_4|nvfp4_quantize_bfloat16_t_gs_16_b_4|gg1_copyuint8uint8|gg1_copyuint8uint8|gg1_copyuint8uint8|g3_copyuint8uint8|g2_Equaluint8|row_reduce_simple_minuint8|row_reduce_simple_maxuint8|row_reduce_small_1_reduce_andbool_|v_copyuint8int32|v_copyuint8int32|vv_Subtractint32|vs_LessEqualint32|vv_LogicalAndbool_|v_copybool_int32|all_reduce_sumint32|all_reduce_sumint32
GPUPROF 187989.805007500 187989.805777167 30 43059716 v_copyuint8int32|g2_copyuint8uint8|vn_copyuint8int32|g2_Subtractint32|g2_Selectint32|vn_copyint32uint8|vsn_RightShiftuint16|vsn_BitwiseAnduint16|vsn_BitwiseAnduint16|vvn_BitwiseOruint16|vn_copyuint16uint8|vn_copyuint8int32|vsn_RightShiftint32|vsn_BitwiseAndint32|vsn_BitwiseAndint32|vs_Selectuint8|gg1_copyint32int32|gg1_copyint32int32|v_copyuint8int32|gg2_copyint32int32|gg2_copyint32int32|g2_Addint32|g3_copyint32int32|vs_Equaluint8|vn_copyint32uint8|g2_Selectuint8|vvn_NotEqualuint8|vn_copybool_int32|all_reduce_sumint32|all_reduce_sumint32
GPUPROF 187989.806643167 187989.809300375 13 44605444 nvfp4_quantize_bfloat16_t_gs_16_b_4|g3_copyuint8uint8|g2_Equaluint8|row_reduce_simple_minuint8|row_reduce_simple_maxuint8|row_reduce_small_1_reduce_andbool_|v_copyuint8int32|v_copyuint8int32|vv_Subtractint32|vs_LessEqualint32|vv_LogicalAndbool_|v_copybool_int32|all_reduce_sumint32
GPUPROF 187989.809959375 187989.810577917 30 34368004 v_copyuint8int32|g2_copyuint8uint8|vn_copyuint8int32|g2_Subtractint32|g2_Selectint32|vn_copyint32uint8|vsn_RightShiftuint16|vsn_BitwiseAnduint16|vsn_BitwiseAnduint16|vvn_BitwiseOruint16|vn_copyuint16uint8|vn_copyuint8int32|vsn_RightShiftint32|vsn_BitwiseAndint32|vsn_BitwiseAndint32|vs_Selectuint8|gg1_copyint32int32|gg1_copyint32int32|v_copyuint8int32|gg2_copyint32int32|gg2_copyint32int32|g2_Addint32|g3_copyint32int32|vs_Equaluint8|vn_copyint32uint8|g2_Selectuint8|vvn_NotEqualuint8|vn_copybool_int32|all_reduce_sumint32|all_reduce_sumint32
GPUPSO g1_NotEqualuint8 maxThreads=1024 execWidth=32 tgMem=0
GPUPSO gather_frontint32_int32_int_1 maxThreads=1024 execWidth=32 tgMem=0
GPUPSO ss_Subtractint32 maxThreads=1024 execWidth=32 tgMem=0
GPUPROF 187989.812278167 187989.813120667 6 50332176 g1_NotEqualuint8|vn_copybool_int32|gather_frontint32_int32_int_1|all_reduce_sumint32|all_reduce_sumint32|ss_Subtractint32
GPUPSO gatheruint8int32_1_0_int maxThreads=1024 execWidth=32 tgMem=0
GPUPROF 187989.813453042 187989.813460750 1 8388613 gatheruint8int32_1_0_int
GPUPSO gg2_copyuint8uint8 maxThreads=1024 execWidth=32 tgMem=0
GPUPSO gatheruint8int32_1_1_int maxThreads=1024 execWidth=32 tgMem=0
GPUPROF 187989.816045542 187989.824114375 12 201343516 gg2_copyuint8uint8|gg2_copyuint8uint8|gatheruint8int32_1_1_int|g3_copyuint8uint8|g1_NotEqualuint8|vn_copybool_int32|gather_frontint32_int32_int_1|all_reduce_sumint32|all_reduce_sumint32|gather_frontint32_int32_int_1|ss_Subtractint32|ss_Subtractint32
GPUPROF 187989.824520250 187989.824531125 1 16777221 gatheruint8int32_1_0_int
GPUPROF 187989.824670667 187989.824679625 1 16777221 gatheruint8int32_1_0_int
mlxfast: packed-scales active: packed routed gate/up bank prepared
GPUPROF 187989.825505500 187989.828895542 19 56959492 nvfp4_quantize_bfloat16_t_gs_16_b_4|nvfp4_quantize_bfloat16_t_gs_16_b_4|nvfp4_quantize_bfloat16_t_gs_16_b_4|gg1_copyuint8uint8|gg1_copyuint8uint8|gg1_copyuint8uint8|g3_copyuint8uint8|g2_Equaluint8|row_reduce_simple_minuint8|row_reduce_simple_maxuint8|row_reduce_small_1_reduce_andbool_|v_copyuint8int32|v_copyuint8int32|vv_Subtractint32|vs_LessEqualint32|vv_LogicalAndbool_|v_copybool_int32|all_reduce_sumint32|all_reduce_sumint32
GPUPROF 187989.829543125 187989.830319167 30 43059716 v_copyuint8int32|g2_copyuint8uint8|vn_copyuint8int32|g2_Subtractint32|g2_Selectint32|vn_copyint32uint8|vsn_RightShiftuint16|vsn_BitwiseAnduint16|vsn_BitwiseAnduint16|vvn_BitwiseOruint16|vn_copyuint16uint8|vn_copyuint8int32|vsn_RightShiftint32|vsn_BitwiseAndint32|vsn_BitwiseAndint32|vs_Selectuint8|gg1_copyint32int32|gg1_copyint32int32|v_copyuint8int32|gg2_copyint32int32|gg2_copyint32int32|g2_Addint32|g3_copyint32int32|vs_Equaluint8|vn_copyint32uint8|g2_Selectuint8|vvn_NotEqualuint8|vn_copybool_int32|all_reduce_sumint32|all_reduce_sumint32
GPUPROF 187989.831152250 187989.833821667 13 44605444 nvfp4_quantize_bfloat16_t_gs_16_b_4|g3_copyuint8uint8|g2_Equaluint8|row_reduce_simple_minuint8|row_reduce_simple_maxuint8|row_reduce_small_1_reduce_andbool_|v_copyuint8int32|v_copyuint8int32|vv_Subtractint32|vs_LessEqualint32|vv_LogicalAndbool_|v_copybool_int32|all_reduce_sumint32
GPUPROF 187989.834186500 187989.834801750 30 34368004 v_copyuint8int32|g2_copyuint8uint8|vn_copyuint8int32|g2_Subtractint32|g2_Selectint32|vn_copyint32uint8|vsn_RightShiftuint16|vsn_BitwiseAnduint16|vsn_BitwiseAnduint16|vvn_BitwiseOruint16|vn_copyuint16uint8|vn_copyuint8int32|vsn_RightShiftint32|vsn_BitwiseAndint32|vsn_BitwiseAndint32|vs_Selectuint8|gg1_copyint32int32|gg1_copyint32int32|v_copyuint8int32|gg2_copyint32int32|gg2_copyint32int32|g2_Addint32|g3_copyint32int32|vs_Equaluint8|vn_copyint32uint8|g2_Selectuint8|vvn_NotEqualuint8|vn_copybool_int32|all_reduce_sumint32|all_reduce_sumint32
GPUPROF 187989.835609875 187989.836377250 6 50332176 g1_NotEqualuint8|vn_copybool_int32|gather_frontint32_int32_int_1|all_reduce_sumint32|all_reduce_sumint32|ss_Subtractint32
GPUPROF 187989.836790875 187989.836802167 1 8388613 gatheruint8int32_1_0_int
GPUPROF 187989.840785917 187989.848903375 12 201343516 gg2_copyuint8uint8|gg2_copyuint8uint8|gatheruint8int32_1_1_int|g3_copyuint8uint8|g1_NotEqualuint8|vn_copybool_int32|gather_frontint32_int32_int_1|all_reduce_sumint32|all_reduce_sumint32|gather_frontint32_int32_int_1|ss_Subtractint32|ss_Subtractint32
GPUPROF 187989.849165375 187989.849173375 1 16777221 gatheruint8int32_1_0_int
GPUPROF 187989.849300292 187989.849307792 1 16777221 gatheruint8int32_1_0_int
GPUPROF 187989.849973792 187989.853363375 19 56959492 nvfp4_quantize_bfloat16_t_gs_16_b_4|nvfp4_quantize_bfloat16_t_gs_16_b_4|nvfp4_quantize_bfloat16_t_gs_16_b_4|gg1_copyuint8uint8|gg1_copyuint8uint8|gg1_copyuint8uint8|g3_copyuint8uint8|g2_Equaluint8|row_reduce_simple_minuint8|row_reduce_simple_maxuint8|row_reduce_small_1_reduce_andbool_|v_copyuint8int32|v_copyuint8int32|vv_Subtractint32|vs_LessEqualint32|vv_LogicalAndbool_|v_copybool_int32|all_reduce_sumint32|all_reduce_sumint32
GPUPROF 187989.854082917 187989.854870375 30 43059716 v_copyuint8int32|g2_copyuint8uint8|vn_copyuint8int32|g2_Subtractint32|g2_Selectint32|vn_copyint32uint8|vsn_RightShiftuint16|vsn_BitwiseAnduint16|vsn_BitwiseAnduint16|vvn_BitwiseOruint16|vn_copyuint16uint8|vn_copyuint8int32|vsn_RightShiftint32|vsn_BitwiseAndint32|vsn_BitwiseAndint32|vs_Selectuint8|gg1_copyint32int32|gg1_copyint32int32|v_copyuint8int32|gg2_copyint32int32|gg2_copyint32int32|g2_Addint32|g3_copyint32int32|vs_Equaluint8|vn_copyint32uint8|g2_Selectuint8|vvn_NotEqualuint8|vn_copybool_int32|all_reduce_sumint32|all_reduce_sumint32
GPUPROF 187989.855779167 187989.858438042 13 44605444 nvfp4_quantize_bfloat16_t_gs_16_b_4|g3_copyuint8uint8|g2_Equaluint8|row_reduce_simple_minuint8|row_reduce_simple_maxuint8|row_reduce_small_1_reduce_andbool_|v_copyuint8int32|v_copyuint8int32|vv_Subtractint32|vs_LessEqualint32|vv_LogicalAndbool_|v_copybool_int32|all_reduce_sumint32
GPUPROF 187989.859156042 187989.859772125 30 34368004 v_copyuint8int32|g2_copyuint8uint8|vn_copyuint8int32|g2_Subtractint32|g2_Selectint32|vn_copyint32uint8|vsn_RightShiftuint16|vsn_BitwiseAnduint16|vsn_BitwiseAnduint16|vvn_BitwiseOruint16|vn_copyuint16uint8|vn_copyuint8int32|vsn_RightShiftint32|vsn_BitwiseAndint32|vsn_BitwiseAndint32|vs_Selectuint8|gg1_copyint32int32|gg1_copyint32int32|v_copyuint8int32|gg2_copyint32int32|gg2_copyint32int32|g2_Addint32|g3_copyint32int32|vs_Equaluint8|vn_copyint32uint8|g2_Selectuint8|vvn_NotEqualuint8|vn_copybool_int32|all_reduce_sumint32|all_reduce_sumint32
GPUPROF 187989.860588125 187989.861388125 6 50332176 g1_NotEqualuint8|vn_copybool_int32|gather_frontint32_int32_int_1|all_reduce_sumint32|all_reduce_sumint32|ss_Subtractint32
GPUPROF 187989.861842750 187989.861853917 1 8388613 gatheruint8int32_1_0_int
GPUPROF 187989.866174000 187989.874237667 12 201343516 gg2_copyuint8uint8|gg2_copyuint8uint8|gatheruint8int32_1_1_int|g3_copyuint8uint8|g1_NotEqualuint8|vn_copybool_int32|gather_frontint32_int32_int_1|all_reduce_sumint32|all_reduce_sumint32|gather_frontint32_int32_int_1|ss_Subtractint32|ss_Subtractint32
GPUPROF 187989.874697167 187989.874708250 1 16777221 gatheruint8int32_1_0_int
GPUPROF 187989.874844375 187989.874853542 1 16777221 gatheruint8int32_1_0_int
GPUPROF 187989.875693000 187989.878429167 19 45515268 nvfp4_quantize_bfloat16_t_gs_16_b_4|nvfp4_quantize_bfloat16_t_gs_16_b_4|nvfp4_quantize_bfloat16_t_gs_16_b_4|gg1_copyuint8uint8|gg1_copyuint8uint8|gg1_copyuint8uint8|g3_copyuint8uint8|g2_Equaluint8|row_reduce_simple_minuint8|row_reduce_simple_maxuint8|row_reduce_small_1_reduce_andbool_|v_copyuint8int32|v_copyuint8int32|vv_Subtractint32|vs_LessEqualint32|vv_LogicalAndbool_|v_copybool_int32|all_reduce_sumint32|all_reduce_sumint32
GPUPROF 187989.879249542 187989.879898667 30 34447876 v_copyuint8int32|g2_copyuint8uint8|vn_copyuint8int32|g2_Subtractint32|g2_Selectint32|vn_copyint32uint8|vsn_RightShiftuint16|vsn_BitwiseAnduint16|vsn_BitwiseAnduint16|vvn_BitwiseOruint16|vn_copyuint16uint8|vn_copyuint8int32|vsn_RightShiftint32|vsn_BitwiseAndint32|vsn_BitwiseAndint32|vs_Selectuint8|gg1_copyint32int32|gg1_copyint32int32|v_copyuint8int32|gg2_copyint32int32|gg2_copyint32int32|g2_Addint32|g3_copyint32int32|vs_Equaluint8|vn_copyint32uint8|g2_Selectuint8|vvn_NotEqualuint8|vn_copybool_int32|all_reduce_sumint32|all_reduce_sumint32
GPUPROF 187989.880608125 187989.882649125 13 33464324 nvfp4_quantize_bfloat16_t_gs_16_b_4|g3_copyuint8uint8|g2_Equaluint8|row_reduce_simple_minuint8|row_reduce_simple_maxuint8|row_reduce_small_1_reduce_andbool_|v_copyuint8int32|v_copyuint8int32|vv_Subtractint32|vs_LessEqualint32|vv_LogicalAndbool_|v_copybool_int32|all_reduce_sumint32
GPUPROF 187989.883012042 187989.883551875 30 25782788 v_copyuint8int32|g2_copyuint8uint8|vn_copyuint8int32|g2_Subtractint32|g2_Selectint32|vn_copyint32uint8|vsn_RightShiftuint16|vsn_BitwiseAnduint16|vsn_BitwiseAnduint16|vvn_BitwiseOruint16|vn_copyuint16uint8|vn_copyuint8int32|vsn_RightShiftint32|vsn_BitwiseAndint32|vsn_BitwiseAndint32|vs_Selectuint8|gg1_copyint32int32|gg1_copyint32int32|v_copyuint8int32|gg2_copyint32int32|gg2_copyint32int32|g2_Addint32|g3_copyint32int32|vs_Equaluint8|vn_copyint32uint8|g2_Selectuint8|vvn_NotEqualuint8|vn_copybool_int32|all_reduce_sumint32|all_reduce_sumint32
GPUPROF 187989.883951125 187989.884772875 6 50332176 g1_NotEqualuint8|vn_copybool_int32|gather_frontint32_int32_int_1|all_reduce_sumint32|all_reduce_sumint32|ss_Subtractint32
GPUPROF 187989.885207625 187989.885219125 1 8388613 gatheruint8int32_1_0_int
GPUPROF 187989.892084125 187989.900242875 12 201343516 gg2_copyuint8uint8|gg2_copyuint8uint8|gatheruint8int32_1_1_int|g3_copyuint8uint8|g1_NotEqualuint8|vn_copybool_int32|gather_frontint32_int32_int_1|all_reduce_sumint32|all_reduce_sumint32|gather_frontint32_int32_int_1|ss_Subtractint32|ss_Subtractint32
GPUPROF 187989.900450292 187989.900457667 1 16777221 gatheruint8int32_1_0_int
GPUPROF 187989.900581250 187989.900588167 1 16777221 gatheruint8int32_1_0_int
GPUPROF 187989.901176000 187989.904564917 19 56959492 nvfp4_quantize_bfloat16_t_gs_16_b_4|nvfp4_quantize_bfloat16_t_gs_16_b_4|nvfp4_quantize_bfloat16_t_gs_16_b_4|gg1_copyuint8uint8|gg1_copyuint8uint8|gg1_copyuint8uint8|g3_copyuint8uint8|g2_Equaluint8|row_reduce_simple_minuint8|row_reduce_simple_maxuint8|row_reduce_small_1_reduce_andbool_|v_copyuint8int32|v_copyuint8int32|vv_Subtractint32|vs_LessEqualint32|vv_LogicalAndbool_|v_copybool_int32|all_reduce_sumint32|all_reduce_sumint32
GPUPROF 187989.905194750 187989.905962250 30 43059716 v_copyuint8int32|g2_copyuint8uint8|vn_copyuint8int32|g2_Subtractint32|g2_Selectint32|vn_copyint32uint8|vsn_RightShiftuint16|vsn_BitwiseAnduint16|vsn_BitwiseAnduint16|vvn_BitwiseOruint16|vn_copyuint16uint8|vn_copyuint8int32|vsn_RightShiftint32|vsn_BitwiseAndint32|vsn_BitwiseAndint32|vs_Selectuint8|gg1_copyint32int32|gg1_copyint32int32|v_copyuint8int32|gg2_copyint32int32|gg2_copyint32int32|g2_Addint32|g3_copyint32int32|vs_Equaluint8|vn_copyint32uint8|g2_Selectuint8|vvn_NotEqualuint8|vn_copybool_int32|all_reduce_sumint32|all_reduce_sumint32
GPUPROF 187989.906935875 187989.909596875 13 44605444 nvfp4_quantize_bfloat16_t_gs_16_b_4|g3_copyuint8uint8|g2_Equaluint8|row_reduce_simple_minuint8|row_reduce_simple_maxuint8|row_reduce_small_1_reduce_andbool_|v_copyuint8int32|v_copyuint8int32|vv_Subtractint32|vs_LessEqualint32|vv_LogicalAndbool_|v_copybool_int32|all_reduce_sumint32
GPUPROF 187989.910303000 187989.910920500 30 34368004 v_copyuint8int32|g2_copyuint8uint8|vn_copyuint8int32|g2_Subtractint32|g2_Selectint32|vn_copyint32uint8|vsn_RightShiftuint16|vsn_BitwiseAnduint16|vsn_BitwiseAnduint16|vvn_BitwiseOruint16|vn_copyuint16uint8|vn_copyuint8int32|vsn_RightShiftint32|vsn_BitwiseAndint32|vsn_BitwiseAndint32|vs_Selectuint8|gg1_copyint32int32|gg1_copyint32int32|v_copyuint8int32|gg2_copyint32int32|gg2_copyint32int32|g2_Addint32|g3_copyint32int32|vs_Equaluint8|vn_copyint32uint8|g2_Selectuint8|vvn_NotEqualuint8|vn_copybool_int32|all_reduce_sumint32|all_reduce_sumint32
GPUPROF 187989.911765000 187989.912582292 6 50332176 g1_NotEqualuint8|vn_copybool_int32|gather_frontint32_int32_int_1|all_reduce_sumint32|all_reduce_sumint32|ss_Subtractint32
GPUPROF 187989.913059792 187989.913071292 1 8388613 gatheruint8int32_1_0_int
GPUPROF 187989.919966167 187989.928052667 12 201343516 gg2_copyuint8uint8|gg2_copyuint8uint8|gatheruint8int32_1_1_int|g3_copyuint8uint8|g1_NotEqualuint8|vn_copybool_int32|gather_frontint32_int32_int_1|all_reduce_sumint32|all_reduce_sumint32|gather_frontint32_int32_int_1|ss_Subtractint32|ss_Subtractint32
GPUPROF 187989.928255292 187989.928262917 1 16777221 gatheruint8int32_1_0_int
GPUPROF 187989.928386875 187989.928394000 1 16777221 gatheruint8int32_1_0_int
GPUPROF 187989.928995792 187989.932439667 19 56959492 nvfp4_quantize_bfloat16_t_gs_16_b_4|nvfp4_quantize_bfloat16_t_gs_16_b_4|nvfp4_quantize_bfloat16_t_gs_16_b_4|gg1_copyuint8uint8|gg1_copyuint8uint8|gg1_copyuint8uint8|g3_copyuint8uint8|g2_Equaluint8|row_reduce_simple_minuint8|row_reduce_simple_maxuint8|row_reduce_small_1_reduce_andbool_|v_copyuint8int32|v_copyuint8int32|vv_Subtractint32|vs_LessEqualint32|vv_LogicalAndbool_|v_copybool_int32|all_reduce_sumint32|all_reduce_sumint32
GPUPROF 187989.932887500 187989.933657125 30 43059716 v_copyuint8int32|g2_copyuint8uint8|vn_copyuint8int32|g2_Subtractint32|g2_Selectint32|vn_copyint32uint8|vsn_RightShiftuint16|vsn_BitwiseAnduint16|vsn_BitwiseAnduint16|vvn_BitwiseOruint16|vn_copyuint16uint8|vn_copyuint8int32|vsn_RightShiftint32|vsn_BitwiseAndint32|vsn_BitwiseAndint32|vs_Selectuint8|gg1_copyint32int32|gg1_copyint32int32|v_copyuint8int32|gg2_copyint32int32|gg2_copyint32int32|g2_Addint32|g3_copyint32int32|vs_Equaluint8|vn_copyint32uint8|g2_Selectuint8|vvn_NotEqualuint8|vn_copybool_int32|all_reduce_sumint32|all_reduce_sumint32
GPUPROF 187989.934322792 187989.936981542 13 44605444 nvfp4_quantize_bfloat16_t_gs_16_b_4|g3_copyuint8uint8|g2_Equaluint8|row_reduce_simple_minuint8|row_reduce_simple_maxuint8|row_reduce_small_1_reduce_andbool_|v_copyuint8int32|v_copyuint8int32|vv_Subtractint32|vs_LessEqualint32|vv_LogicalAndbool_|v_copybool_int32|all_reduce_sumint32
GPUPROF 187989.937690792 187989.938305292 30 34368004 v_copyuint8int32|g2_copyuint8uint8|vn_copyuint8int32|g2_Subtractint32|g2_Selectint32|vn_copyint32uint8|vsn_RightShiftuint16|vsn_BitwiseAnduint16|vsn_BitwiseAnduint16|vvn_BitwiseOruint16|vn_copyuint16uint8|vn_copyuint8int32|vsn_RightShiftint32|vsn_BitwiseAndint32|vsn_BitwiseAndint32|vs_Selectuint8|gg1_copyint32int32|gg1_copyint32int32|v_copyuint8int32|gg2_copyint32int32|gg2_copyint32int32|g2_Addint32|g3_copyint32int32|vs_Equaluint8|vn_copyint32uint8|g2_Selectuint8|vvn_NotEqualuint8|vn_copybool_int32|all_reduce_sumint32|all_reduce_sumint32
GPUPROF 187989.939125375 187989.939907500 6 50332176 g1_NotEqualuint8|vn_copybool_int32|gather_frontint32_int32_int_1|all_reduce_sumint32|all_reduce_sumint32|ss_Subtractint32
GPUPROF 187989.940327542 187989.940338792 1 8388613 gatheruint8int32_1_0_int
GPUPROF 187989.941866750 187989.949957542 12 201343516 gg2_copyuint8uint8|gg2_copyuint8uint8|gatheruint8int32_1_1_int|g3_copyuint8uint8|g1_NotEqualuint8|vn_copybool_int32|gather_frontint32_int32_int_1|all_reduce_sumint32|all_reduce_sumint32|gather_frontint32_int32_int_1|ss_Subtractint32|ss_Subtractint32
GPUPROF 187989.950150542 187989.950158917 1 16777221 gatheruint8int32_1_0_int
GPUPROF 187989.950284792 187989.950292125 1 16777221 gatheruint8int32_1_0_int
GPUPROF 187989.950887000 187989.954277292 19 56959492 nvfp4_quantize_bfloat16_t_gs_16_b_4|nvfp4_quantize_bfloat16_t_gs_16_b_4|nvfp4_quantize_bfloat16_t_gs_16_b_4|gg1_copyuint8uint8|gg1_copyuint8uint8|gg1_copyuint8uint8|g3_copyuint8uint8|g2_Equaluint8|row_reduce_simple_minuint8|row_reduce_simple_maxuint8|row_reduce_small_1_reduce_andbool_|v_copyuint8int32|v_copyuint8int32|vv_Subtractint32|vs_LessEqualint32|vv_LogicalAndbool_|v_copybool_int32|all_reduce_sumint32|all_reduce_sumint32
GPUPROF 187989.954667125 187989.955453125 30 43059716 v_copyuint8int32|g2_copyuint8uint8|vn_copyuint8int32|g2_Subtractint32|g2_Selectint32|vn_copyint32uint8|vsn_RightShiftuint16|vsn_BitwiseAnduint16|vsn_BitwiseAnduint16|vvn_BitwiseOruint16|vn_copyuint16uint8|vn_copyuint8int32|vsn_RightShiftint32|vsn_BitwiseAndint32|vsn_BitwiseAndint32|vs_Selectuint8|gg1_copyint32int32|gg1_copyint32int32|v_copyuint8int32|gg2_copyint32int32|gg2_copyint32int32|g2_Addint32|g3_copyint32int32|vs_Equaluint8|vn_copyint32uint8|g2_Selectuint8|vvn_NotEqualuint8|vn_copybool_int32|all_reduce_sumint32|all_reduce_sumint32
GPUPROF 187989.956072542 187989.958729875 13 44605444 nvfp4_quantize_bfloat16_t_gs_16_b_4|g3_copyuint8uint8|g2_Equaluint8|row_reduce_simple_minuint8|row_reduce_simple_maxuint8|row_reduce_small_1_reduce_andbool_|v_copyuint8int32|v_copyuint8int32|vv_Subtractint32|vs_LessEqualint32|vv_LogicalAndbool_|v_copybool_int32|all_reduce_sumint32
GPUPROF 187989.959185125 187989.959790375 30 34368004 v_copyuint8int32|g2_copyuint8uint8|vn_copyuint8int32|g2_Subtractint32|g2_Selectint32|vn_copyint32uint8|vsn_RightShiftuint16|vsn_BitwiseAnduint16|vsn_BitwiseAnduint16|vvn_BitwiseOruint16|vn_copyuint16uint8|vn_copyuint8int32|vsn_RightShiftint32|vsn_BitwiseAndint32|vsn_BitwiseAndint32|vs_Selectuint8|gg1_copyint32int32|gg1_copyint32int32|v_copyuint8int32|gg2_copyint32int32|gg2_copyint32int32|g2_Addint32|g3_copyint32int32|vs_Equaluint8|vn_copyint32uint8|g2_Selectuint8|vvn_NotEqualuint8|vn_copybool_int32|all_reduce_sumint32|all_reduce_sumint32
GPUPROF 187989.960557125 187989.961392792 6 50332176 g1_NotEqualuint8|vn_copybool_int32|gather_frontint32_int32_int_1|all_reduce_sumint32|all_reduce_sumint32|ss_Subtractint32
GPUPROF 187989.961546250 187989.961554250 1 8388613 gatheruint8int32_1_0_int
GPUPROF 187989.962958500 187989.971044792 12 201343516 gg2_copyuint8uint8|gg2_copyuint8uint8|gatheruint8int32_1_1_int|g3_copyuint8uint8|g1_NotEqualuint8|vn_copybool_int32|gather_frontint32_int32_int_1|all_reduce_sumint32|all_reduce_sumint32|gather_frontint32_int32_int_1|ss_Subtractint32|ss_Subtractint32
GPUPROF 187989.971260000 187989.971267542 1 16777221 gatheruint8int32_1_0_int
GPUPROF 187989.971396417 187989.971403500 1 16777221 gatheruint8int32_1_0_int
GPUPROF 187989.971956625 187989.974693000 19 45515268 nvfp4_quantize_bfloat16_t_gs_16_b_4|nvfp4_quantize_bfloat16_t_gs_16_b_4|nvfp4_quantize_bfloat16_t_gs_16_b_4|gg1_copyuint8uint8|gg1_copyuint8uint8|gg1_copyuint8uint8|g3_copyuint8uint8|g2_Equaluint8|row_reduce_simple_minuint8|row_reduce_simple_maxuint8|row_reduce_small_1_reduce_andbool_|v_copyuint8int32|v_copyuint8int32|vv_Subtractint32|vs_LessEqualint32|vv_LogicalAndbool_|v_copybool_int32|all_reduce_sumint32|all_reduce_sumint32
GPUPROF 187989.975109625 187989.975741292 30 34447876 v_copyuint8int32|g2_copyuint8uint8|vn_copyuint8int32|g2_Subtractint32|g2_Selectint32|vn_copyint32uint8|vsn_RightShiftuint16|vsn_BitwiseAnduint16|vsn_BitwiseAnduint16|vvn_BitwiseOruint16|vn_copyuint16uint8|vn_copyuint8int32|vsn_RightShiftint32|vsn_BitwiseAndint32|vsn_BitwiseAndint32|vs_Selectuint8|gg1_copyint32int32|gg1_copyint32int32|v_copyuint8int32|gg2_copyint32int32|gg2_copyint32int32|g2_Addint32|g3_copyint32int32|vs_Equaluint8|vn_copyint32uint8|g2_Selectuint8|vvn_NotEqualuint8|vn_copybool_int32|all_reduce_sumint32|all_reduce_sumint32
GPUPROF 187989.976221250 187989.978244167 13 33464324 nvfp4_quantize_bfloat16_t_gs_16_b_4|g3_copyuint8uint8|g2_Equaluint8|row_reduce_simple_minuint8|row_reduce_simple_maxuint8|row_reduce_small_1_reduce_andbool_|v_copyuint8int32|v_copyuint8int32|vv_Subtractint32|vs_LessEqualint32|vv_LogicalAndbool_|v_copybool_int32|all_reduce_sumint32
GPUPROF 187989.978553542 187989.979096875 30 25782788 v_copyuint8int32|g2_copyuint8uint8|vn_copyuint8int32|g2_Subtractint32|g2_Selectint32|vn_copyint32uint8|vsn_RightShiftuint16|vsn_BitwiseAnduint16|vsn_BitwiseAnduint16|vvn_BitwiseOruint16|vn_copyuint16uint8|vn_copyuint8int32|vsn_RightShiftint32|vsn_BitwiseAndint32|vsn_BitwiseAndint32|vs_Selectuint8|gg1_copyint32int32|gg1_copyint32int32|v_copyuint8int32|gg2_copyint32int32|gg2_copyint32int32|g2_Addint32|g3_copyint32int32|vs_Equaluint8|vn_copyint32uint8|g2_Selectuint8|vvn_NotEqualuint8|vn_copybool_int32|all_reduce_sumint32|all_reduce_sumint32
GPUPROF 187989.979523625 187989.980339875 6 50332176 g1_NotEqualuint8|vn_copybool_int32|gather_frontint32_int32_int_1|all_reduce_sumint32|all_reduce_sumint32|ss_Subtractint32
GPUPROF 187989.980485000 187989.980493125 1 8388613 gatheruint8int32_1_0_int
GPUPROF 187989.981877125 187989.989980125 12 201343516 gg2_copyuint8uint8|gg2_copyuint8uint8|gatheruint8int32_1_1_int|g3_copyuint8uint8|g1_NotEqualuint8|vn_copybool_int32|gather_frontint32_int32_int_1|all_reduce_sumint32|all_reduce_sumint32|gather_frontint32_int32_int_1|ss_Subtractint32|ss_Subtractint32
GPUPROF 187989.990382000 187989.990393375 1 16777221 gatheruint8int32_1_0_int
GPUPROF 187989.990529500 187989.990538667 1 16777221 gatheruint8int32_1_0_int
GPUPROF 187989.991050542 187989.994439125 19 56959492 nvfp4_quantize_bfloat16_t_gs_16_b_4|nvfp4_quantize_bfloat16_t_gs_16_b_4|nvfp4_quantize_bfloat16_t_gs_16_b_4|gg1_copyuint8uint8|gg1_copyuint8uint8|gg1_copyuint8uint8|g3_copyuint8uint8|g2_Equaluint8|row_reduce_simple_minuint8|row_reduce_simple_maxuint8|row_reduce_small_1_reduce_andbool_|v_copyuint8int32|v_copyuint8int32|vv_Subtractint32|vs_LessEqualint32|vv_LogicalAndbool_|v_copybool_int32|all_reduce_sumint32|all_reduce_sumint32
GPUPROF 187989.994848542 187989.995618750 30 43059716 v_copyuint8int32|g2_copyuint8uint8|vn_copyuint8int32|g2_Subtractint32|g2_Selectint32|vn_copyint32uint8|vsn_RightShiftuint16|vsn_BitwiseAnduint16|vsn_BitwiseAnduint16|vvn_BitwiseOruint16|vn_copyuint16uint8|vn_copyuint8int32|vsn_RightShiftint32|vsn_BitwiseAndint32|vsn_BitwiseAndint32|vs_Selectuint8|gg1_copyint32int32|gg1_copyint32int32|v_copyuint8int32|gg2_copyint32int32|gg2_copyint32int32|g2_Addint32|g3_copyint32int32|vs_Equaluint8|vn_copyint32uint8|g2_Selectuint8|vvn_NotEqualuint8|vn_copybool_int32|all_reduce_sumint32|all_reduce_sumint32
GPUPROF 187989.996178875 187989.998840042 13 44605444 nvfp4_quantize_bfloat16_t_gs_16_b_4|g3_copyuint8uint8|g2_Equaluint8|row_reduce_simple_minuint8|row_reduce_simple_maxuint8|row_reduce_small_1_reduce_andbool_|v_copyuint8int32|v_copyuint8int32|vv_Subtractint32|vs_LessEqualint32|vv_LogicalAndbool_|v_copybool_int32|all_reduce_sumint32
GPUPROF 187989.999202667 187989.999815167 30 34368004 v_copyuint8int32|g2_copyuint8uint8|vn_copyuint8int32|g2_Subtractint32|g2_Selectint32|vn_copyint32uint8|vsn_RightShiftuint16|vsn_BitwiseAnduint16|vsn_BitwiseAnduint16|vvn_BitwiseOruint16|vn_copyuint16uint8|vn_copyuint8int32|vsn_RightShiftint32|vsn_BitwiseAndint32|vsn_BitwiseAndint32|vs_Selectuint8|gg1_copyint32int32|gg1_copyint32int32|v_copyuint8int32|gg2_copyint32int32|gg2_copyint32int32|g2_Addint32|g3_copyint32int32|vs_Equaluint8|vn_copyint32uint8|g2_Selectuint8|vvn_NotEqualuint8|vn_copybool_int32|all_reduce_sumint32|all_reduce_sumint32
GPUPROF 187990.000273167 187990.001085875 6 50332176 g1_NotEqualuint8|vn_copybool_int32|gather_frontint32_int32_int_1|all_reduce_sumint32|all_reduce_sumint32|ss_Subtractint32
GPUPROF 187990.001522625 187990.001533875 1 8388613 gatheruint8int32_1_0_int
GPUPROF 187990.003239750 187990.011294375 12 201343516 gg2_copyuint8uint8|gg2_copyuint8uint8|gatheruint8int32_1_1_int|g3_copyuint8uint8|g1_NotEqualuint8|vn_copybool_int32|gather_frontint32_int32_int_1|all_reduce_sumint32|all_reduce_sumint32|gather_frontint32_int32_int_1|ss_Subtractint32|ss_Subtractint32
GPUPROF 187990.011525625 187990.011532917 1 16777221 gatheruint8int32_1_0_int
GPUPROF 187990.011646875 187990.011653875 1 16777221 gatheruint8int32_1_0_int
GPUPROF 187990.012141625 187990.015531125 19 56959492 nvfp4_quantize_bfloat16_t_gs_16_b_4|nvfp4_quantize_bfloat16_t_gs_16_b_4|nvfp4_quantize_bfloat16_t_gs_16_b_4|gg1_copyuint8uint8|gg1_copyuint8uint8|gg1_copyuint8uint8|g3_copyuint8uint8|g2_Equaluint8|row_reduce_simple_minuint8|row_reduce_simple_maxuint8|row_reduce_small_1_reduce_andbool_|v_copyuint8int32|v_copyuint8int32|vv_Subtractint32|vs_LessEqualint32|vv_LogicalAndbool_|v_copybool_int32|all_reduce_sumint32|all_reduce_sumint32
GPUPROF 187990.015926000 187990.016698125 30 43059716 v_copyuint8int32|g2_copyuint8uint8|vn_copyuint8int32|g2_Subtractint32|g2_Selectint32|vn_copyint32uint8|vsn_RightShiftuint16|vsn_BitwiseAnduint16|vsn_BitwiseAnduint16|vvn_BitwiseOruint16|vn_copyuint16uint8|vn_copyuint8int32|vsn_RightShiftint32|vsn_BitwiseAndint32|vsn_BitwiseAndint32|vs_Selectuint8|gg1_copyint32int32|gg1_copyint32int32|v_copyuint8int32|gg2_copyint32int32|gg2_copyint32int32|g2_Addint32|g3_copyint32int32|vs_Equaluint8|vn_copyint32uint8|g2_Selectuint8|vvn_NotEqualuint8|vn_copybool_int32|all_reduce_sumint32|all_reduce_sumint32
GPUPROF 187990.017281042 187990.019939167 13 44605444 nvfp4_quantize_bfloat16_t_gs_16_b_4|g3_copyuint8uint8|g2_Equaluint8|row_reduce_simple_minuint8|row_reduce_simple_maxuint8|row_reduce_small_1_reduce_andbool_|v_copyuint8int32|v_copyuint8int32|vv_Subtractint32|vs_LessEqualint32|vv_LogicalAndbool_|v_copybool_int32|all_reduce_sumint32
GPUPROF 187990.020317875 187990.020932417 30 34368004 v_copyuint8int32|g2_copyuint8uint8|vn_copyuint8int32|g2_Subtractint32|g2_Selectint32|vn_copyint32uint8|vsn_RightShiftuint16|vsn_BitwiseAnduint16|vsn_BitwiseAnduint16|vvn_BitwiseOruint16|vn_copyuint16uint8|vn_copyuint8int32|vsn_RightShiftint32|vsn_BitwiseAndint32|vsn_BitwiseAndint32|vs_Selectuint8|gg1_copyint32int32|gg1_copyint32int32|v_copyuint8int32|gg2_copyint32int32|gg2_copyint32int32|g2_Addint32|g3_copyint32int32|vs_Equaluint8|vn_copyint32uint8|g2_Selectuint8|vvn_NotEqualuint8|vn_copybool_int32|all_reduce_sumint32|all_reduce_sumint32
GPUPROF 187990.021403292 187990.022234667 6 50332176 g1_NotEqualuint8|vn_copybool_int32|gather_frontint32_int32_int_1|all_reduce_sumint32|all_reduce_sumint32|ss_Subtractint32
GPUPROF 187990.022387250 187990.022395167 1 8388613 gatheruint8int32_1_0_int
GPUPROF 187990.023772500 187990.031845667 12 201343516 gg2_copyuint8uint8|gg2_copyuint8uint8|gatheruint8int32_1_1_int|g3_copyuint8uint8|g1_NotEqualuint8|vn_copybool_int32|gather_frontint32_int32_int_1|all_reduce_sumint32|all_reduce_sumint32|gather_frontint32_int32_int_1|ss_Subtractint32|ss_Subtractint32
GPUPROF 187990.032055750 187990.032063417 1 16777221 gatheruint8int32_1_0_int
GPUPROF 187990.032250125 187990.032257500 1 16777221 gatheruint8int32_1_0_int
GPUPROF 187990.032803167 187990.036191375 19 56959492 nvfp4_quantize_bfloat16_t_gs_16_b_4|nvfp4_quantize_bfloat16_t_gs_16_b_4|nvfp4_quantize_bfloat16_t_gs_16_b_4|gg1_copyuint8uint8|gg1_copyuint8uint8|gg1_copyuint8uint8|g3_copyuint8uint8|g2_Equaluint8|row_reduce_simple_minuint8|row_reduce_simple_maxuint8|row_reduce_small_1_reduce_andbool_|v_copyuint8int32|v_copyuint8int32|vv_Subtractint32|vs_LessEqualint32|vv_LogicalAndbool_|v_copybool_int32|all_reduce_sumint32|all_reduce_sumint32
GPUPROF 187990.036575042 187990.037358625 30 43059716 v_copyuint8int32|g2_copyuint8uint8|vn_copyuint8int32|g2_Subtractint32|g2_Selectint32|vn_copyint32uint8|vsn_RightShiftuint16|vsn_BitwiseAnduint16|vsn_BitwiseAnduint16|vvn_BitwiseOruint16|vn_copyuint16uint8|vn_copyuint8int32|vsn_RightShiftint32|vsn_BitwiseAndint32|vsn_BitwiseAndint32|vs_Selectuint8|gg1_copyint32int32|gg1_copyint32int32|v_copyuint8int32|gg2_copyint32int32|gg2_copyint32int32|g2_Addint32|g3_copyint32int32|vs_Equaluint8|vn_copyint32uint8|g2_Selectuint8|vvn_NotEqualuint8|vn_copybool_int32|all_reduce_sumint32|all_reduce_sumint32
GPUPROF 187990.038116250 187990.040773750 13 44605444 nvfp4_quantize_bfloat16_t_gs_16_b_4|g3_copyuint8uint8|g2_Equaluint8|row_reduce_simple_minuint8|row_reduce_simple_maxuint8|row_reduce_small_1_reduce_andbool_|v_copyuint8int32|v_copyuint8int32|vv_Subtractint32|vs_LessEqualint32|vv_LogicalAndbool_|v_copybool_int32|all_reduce_sumint32
GPUPROF 187990.041186500 187990.041795750 30 34368004 v_copyuint8int32|g2_copyuint8uint8|vn_copyuint8int32|g2_Subtractint32|g2_Selectint32|vn_copyint32uint8|vsn_RightShiftuint16|vsn_BitwiseAnduint16|vsn_BitwiseAnduint16|vvn_BitwiseOruint16|vn_copyuint16uint8|vn_copyuint8int32|vsn_RightShiftint32|vsn_BitwiseAndint32|vsn_BitwiseAndint32|vs_Selectuint8|gg1_copyint32int32|gg1_copyint32int32|v_copyuint8int32|gg2_copyint32int32|gg2_copyint32int32|g2_Addint32|g3_copyint32int32|vs_Equaluint8|vn_copyint32uint8|g2_Selectuint8|vvn_NotEqualuint8|vn_copybool_int32|all_reduce_sumint32|all_reduce_sumint32
GPUPROF 187990.042338167 187990.043152292 6 50332176 g1_NotEqualuint8|vn_copybool_int32|gather_frontint32_int32_int_1|all_reduce_sumint32|all_reduce_sumint32|ss_Subtractint32
GPUPROF 187990.043300125 187990.043308000 1 8388613 gatheruint8int32_1_0_int
GPUPROF 187990.044723625 187990.052820125 12 201343516 gg2_copyuint8uint8|gg2_copyuint8uint8|gatheruint8int32_1_1_int|g3_copyuint8uint8|g1_NotEqualuint8|vn_copybool_int32|gather_frontint32_int32_int_1|all_reduce_sumint32|all_reduce_sumint32|gather_frontint32_int32_int_1|ss_Subtractint32|ss_Subtractint32
GPUPROF 187990.053036500 187990.053044000 1 16777221 gatheruint8int32_1_0_int
GPUPROF 187990.053159667 187990.053167000 1 16777221 gatheruint8int32_1_0_int
GPUPROF 187990.053716125 187990.056451917 19 45515268 nvfp4_quantize_bfloat16_t_gs_16_b_4|nvfp4_quantize_bfloat16_t_gs_16_b_4|nvfp4_quantize_bfloat16_t_gs_16_b_4|gg1_copyuint8uint8|gg1_copyuint8uint8|gg1_copyuint8uint8|g3_copyuint8uint8|g2_Equaluint8|row_reduce_simple_minuint8|row_reduce_simple_maxuint8|row_reduce_small_1_reduce_andbool_|v_copyuint8int32|v_copyuint8int32|vv_Subtractint32|vs_LessEqualint32|vv_LogicalAndbool_|v_copybool_int32|all_reduce_sumint32|all_reduce_sumint32
GPUPROF 187990.056814375 187990.057444500 30 34447876 v_copyuint8int32|g2_copyuint8uint8|vn_copyuint8int32|g2_Subtractint32|g2_Selectint32|vn_copyint32uint8|vsn_RightShiftuint16|vsn_BitwiseAnduint16|vsn_BitwiseAnduint16|vvn_BitwiseOruint16|vn_copyuint16uint8|vn_copyuint8int32|vsn_RightShiftint32|vsn_BitwiseAndint32|vsn_BitwiseAndint32|vs_Selectuint8|gg1_copyint32int32|gg1_copyint32int32|v_copyuint8int32|gg2_copyint32int32|gg2_copyint32int32|g2_Addint32|g3_copyint32int32|vs_Equaluint8|vn_copyint32uint8|g2_Selectuint8|vvn_NotEqualuint8|vn_copybool_int32|all_reduce_sumint32|all_reduce_sumint32
GPUPROF 187990.057920000 187990.059943625 13 33464324 nvfp4_quantize_bfloat16_t_gs_16_b_4|g3_copyuint8uint8|g2_Equaluint8|row_reduce_simple_minuint8|row_reduce_simple_maxuint8|row_reduce_small_1_reduce_andbool_|v_copyuint8int32|v_copyuint8int32|vv_Subtractint32|vs_LessEqualint32|vv_LogicalAndbool_|v_copybool_int32|all_reduce_sumint32
GPUPROF 187990.060258125 187990.060798500 30 25782788 v_copyuint8int32|g2_copyuint8uint8|vn_copyuint8int32|g2_Subtractint32|g2_Selectint32|vn_copyint32uint8|vsn_RightShiftuint16|vsn_BitwiseAnduint16|vsn_BitwiseAnduint16|vvn_BitwiseOruint16|vn_copyuint16uint8|vn_copyuint8int32|vsn_RightShiftint32|vsn_BitwiseAndint32|vsn_BitwiseAndint32|vs_Selectuint8|gg1_copyint32int32|gg1_copyint32int32|v_copyuint8int32|gg2_copyint32int32|gg2_copyint32int32|g2_Addint32|g3_copyint32int32|vs_Equaluint8|vn_copyint32uint8|g2_Selectuint8|vvn_NotEqualuint8|vn_copybool_int32|all_reduce_sumint32|all_reduce_sumint32
GPUPROF 187990.061135750 187990.061891125 6 50332176 g1_NotEqualuint8|vn_copybool_int32|gather_frontint32_int32_int_1|all_reduce_sumint32|all_reduce_sumint32|ss_Subtractint32
GPUPROF 187990.062023000 187990.062030375 1 8388613 gatheruint8int32_1_0_int
GPUPROF 187990.063418125 187990.071494750 12 201343516 gg2_copyuint8uint8|gg2_copyuint8uint8|gatheruint8int32_1_1_int|g3_copyuint8uint8|g1_NotEqualuint8|vn_copybool_int32|gather_frontint32_int32_int_1|all_reduce_sumint32|all_reduce_sumint32|gather_frontint32_int32_int_1|ss_Subtractint32|ss_Subtractint32
GPUPROF 187990.071689750 187990.071697250 1 16777221 gatheruint8int32_1_0_int
GPUPROF 187990.071813875 187990.071821042 1 16777221 gatheruint8int32_1_0_int
GPUPROF 187990.072297000 187990.075686917 19 56959492 nvfp4_quantize_bfloat16_t_gs_16_b_4|nvfp4_quantize_bfloat16_t_gs_16_b_4|nvfp4_quantize_bfloat16_t_gs_16_b_4|gg1_copyuint8uint8|gg1_copyuint8uint8|gg1_copyuint8uint8|g3_copyuint8uint8|g2_Equaluint8|row_reduce_simple_minuint8|row_reduce_simple_maxuint8|row_reduce_small_1_reduce_andbool_|v_copyuint8int32|v_copyuint8int32|vv_Subtractint32|vs_LessEqualint32|vv_LogicalAndbool_|v_copybool_int32|all_reduce_sumint32|all_reduce_sumint32
GPUPROF 187990.076130292 187990.076925625 30 43059716 v_copyuint8int32|g2_copyuint8uint8|vn_copyuint8int32|g2_Subtractint32|g2_Selectint32|vn_copyint32uint8|vsn_RightShiftuint16|vsn_BitwiseAnduint16|vsn_BitwiseAnduint16|vvn_BitwiseOruint16|vn_copyuint16uint8|vn_copyuint8int32|vsn_RightShiftint32|vsn_BitwiseAndint32|vsn_BitwiseAndint32|vs_Selectuint8|gg1_copyint32int32|gg1_copyint32int32|v_copyuint8int32|gg2_copyint32int32|gg2_copyint32int32|g2_Addint32|g3_copyint32int32|vs_Equaluint8|vn_copyint32uint8|g2_Selectuint8|vvn_NotEqualuint8|vn_copybool_int32|all_reduce_sumint32|all_reduce_sumint32
GPUPROF 187990.077569167 187990.080227667 13 44605444 nvfp4_quantize_bfloat16_t_gs_16_b_4|g3_copyuint8uint8|g2_Equaluint8|row_reduce_simple_minuint8|row_reduce_simple_maxuint8|row_reduce_small_1_reduce_andbool_|v_copyuint8int32|v_copyuint8int32|vv_Subtractint32|vs_LessEqualint32|vv_LogicalAndbool_|v_copybool_int32|all_reduce_sumint32
GPUPROF 187990.080658792 187990.081102500 30 34368004 v_copyuint8int32|g2_copyuint8uint8|vn_copyuint8int32|g2_Subtractint32|g2_Selectint32|vn_copyint32uint8|vsn_RightShiftuint16|vsn_BitwiseAnduint16|vsn_BitwiseAnduint16|vvn_BitwiseOruint16|vn_copyuint16uint8|vn_copyuint8int32|vsn_RightShiftint32|vsn_BitwiseAndint32|vsn_BitwiseAndint32|vs_Selectuint8|gg1_copyint32int32|gg1_copyint32int32|v_copyuint8int32|gg2_copyint32int32|gg2_copyint32int32|g2_Addint32|g3_copyint32int32|vs_Equaluint8|vn_copyint32uint8|g2_Selectuint8|vvn_NotEqualuint8|vn_copybool_int32|all_reduce_sumint32|all_reduce_sumint32
GPUPROF 187990.081568375 187990.082002375 6 50332176 g1_NotEqualuint8|vn_copybool_int32|gather_frontint32_int32_int_1|all_reduce_sumint32|all_reduce_sumint32|ss_Subtractint32
GPUPROF 187990.082136375 187990.082140417 1 8388613 gatheruint8int32_1_0_int
GPUPROF 187990.083564000 187990.087401125 12 201343516 gg2_copyuint8uint8|gg2_copyuint8uint8|gatheruint8int32_1_1_int|g3_copyuint8uint8|g1_NotEqualuint8|vn_copybool_int32|gather_frontint32_int32_int_1|all_reduce_sumint32|all_reduce_sumint32|gather_frontint32_int32_int_1|ss_Subtractint32|ss_Subtractint32
GPUPROF 187990.087574500 187990.087578250 1 16777221 gatheruint8int32_1_0_int
GPUPROF 187990.087699625 187990.087703375 1 16777221 gatheruint8int32_1_0_int
GPUPROF 187990.088157125 187990.089381875 19 56959492 nvfp4_quantize_bfloat16_t_gs_16_b_4|nvfp4_quantize_bfloat16_t_gs_16_b_4|nvfp4_quantize_bfloat16_t_gs_16_b_4|gg1_copyuint8uint8|gg1_copyuint8uint8|gg1_copyuint8uint8|g3_copyuint8uint8|g2_Equaluint8|row_reduce_simple_minuint8|row_reduce_simple_maxuint8|row_reduce_small_1_reduce_andbool_|v_copyuint8int32|v_copyuint8int32|vv_Subtractint32|vs_LessEqualint32|vv_LogicalAndbool_|v_copybool_int32|all_reduce_sumint32|all_reduce_sumint32
GPUPROF 187990.089987542 187990.090316792 30 43059716 v_copyuint8int32|g2_copyuint8uint8|vn_copyuint8int32|g2_Subtractint32|g2_Selectint32|vn_copyint32uint8|vsn_RightShiftuint16|vsn_BitwiseAnduint16|vsn_BitwiseAnduint16|vvn_BitwiseOruint16|vn_copyuint16uint8|vn_copyuint8int32|vsn_RightShiftint32|vsn_BitwiseAndint32|vsn_BitwiseAndint32|vs_Selectuint8|gg1_copyint32int32|gg1_copyint32int32|v_copyuint8int32|gg2_copyint32int32|gg2_copyint32int32|g2_Addint32|g3_copyint32int32|vs_Equaluint8|vn_copyint32uint8|g2_Selectuint8|vvn_NotEqualuint8|vn_copybool_int32|all_reduce_sumint32|all_reduce_sumint32
GPUPROF 187990.090853875 187990.091709250 13 44605444 nvfp4_quantize_bfloat16_t_gs_16_b_4|g3_copyuint8uint8|g2_Equaluint8|row_reduce_simple_minuint8|row_reduce_simple_maxuint8|row_reduce_small_1_reduce_andbool_|v_copyuint8int32|v_copyuint8int32|vv_Subtractint32|vs_LessEqualint32|vv_LogicalAndbool_|v_copybool_int32|all_reduce_sumint32
GPUPROF 187990.092037917 187990.092258792 30 34368004 v_copyuint8int32|g2_copyuint8uint8|vn_copyuint8int32|g2_Subtractint32|g2_Selectint32|vn_copyint32uint8|vsn_RightShiftuint16|vsn_BitwiseAnduint16|vsn_BitwiseAnduint16|vvn_BitwiseOruint16|vn_copyuint16uint8|vn_copyuint8int32|vsn_RightShiftint32|vsn_BitwiseAndint32|vsn_BitwiseAndint32|vs_Selectuint8|gg1_copyint32int32|gg1_copyint32int32|v_copyuint8int32|gg2_copyint32int32|gg2_copyint32int32|g2_Addint32|g3_copyint32int32|vs_Equaluint8|vn_copyint32uint8|g2_Selectuint8|vvn_NotEqualuint8|vn_copybool_int32|all_reduce_sumint32|all_reduce_sumint32
GPUPROF 187990.092720875 187990.093158792 6 50332176 g1_NotEqualuint8|vn_copybool_int32|gather_frontint32_int32_int_1|all_reduce_sumint32|all_reduce_sumint32|ss_Subtractint32
GPUPROF 187990.093324042 187990.093327625 1 8388613 gatheruint8int32_1_0_int
GPUPROF 187990.094777375 187990.098359125 12 201343516 gg2_copyuint8uint8|gg2_copyuint8uint8|gatheruint8int32_1_1_int|g3_copyuint8uint8|g1_NotEqualuint8|vn_copybool_int32|gather_frontint32_int32_int_1|all_reduce_sumint32|all_reduce_sumint32|gather_frontint32_int32_int_1|ss_Subtractint32|ss_Subtractint32
GPUPROF 187990.098564625 187990.098568625 1 16777221 gatheruint8int32_1_0_int
GPUPROF 187990.098687125 187990.098690625 1 16777221 gatheruint8int32_1_0_int
GPUPROF 187990.099159542 187990.100407250 19 56959492 nvfp4_quantize_bfloat16_t_gs_16_b_4|nvfp4_quantize_bfloat16_t_gs_16_b_4|nvfp4_quantize_bfloat16_t_gs_16_b_4|gg1_copyuint8uint8|gg1_copyuint8uint8|gg1_copyuint8uint8|g3_copyuint8uint8|g2_Equaluint8|row_reduce_simple_minuint8|row_reduce_simple_maxuint8|row_reduce_small_1_reduce_andbool_|v_copyuint8int32|v_copyuint8int32|vv_Subtractint32|vs_LessEqualint32|vv_LogicalAndbool_|v_copybool_int32|all_reduce_sumint32|all_reduce_sumint32
GPUPROF 187990.100765792 187990.101114750 30 43059716 v_copyuint8int32|g2_copyuint8uint8|vn_copyuint8int32|g2_Subtractint32|g2_Selectint32|vn_copyint32uint8|vsn_RightShiftuint16|vsn_BitwiseAnduint16|vsn_BitwiseAnduint16|vvn_BitwiseOruint16|vn_copyuint16uint8|vn_copyuint8int32|vsn_RightShiftint32|vsn_BitwiseAndint32|vsn_BitwiseAndint32|vs_Selectuint8|gg1_copyint32int32|gg1_copyint32int32|v_copyuint8int32|gg2_copyint32int32|gg2_copyint32int32|g2_Addint32|g3_copyint32int32|vs_Equaluint8|vn_copyint32uint8|g2_Selectuint8|vvn_NotEqualuint8|vn_copybool_int32|all_reduce_sumint32|all_reduce_sumint32
GPUPROF 187990.101703750 187990.102683125 13 44605444 nvfp4_quantize_bfloat16_t_gs_16_b_4|g3_copyuint8uint8|g2_Equaluint8|row_reduce_simple_minuint8|row_reduce_simple_maxuint8|row_reduce_small_1_reduce_andbool_|v_copyuint8int32|v_copyuint8int32|vv_Subtractint32|vs_LessEqualint32|vv_LogicalAndbool_|v_copybool_int32|all_reduce_sumint32
GPUPROF 187990.103011542 187990.103254625 30 34368004 v_copyuint8int32|g2_copyuint8uint8|vn_copyuint8int32|g2_Subtractint32|g2_Selectint32|vn_copyint32uint8|vsn_RightShiftuint16|vsn_BitwiseAnduint16|vsn_BitwiseAnduint16|vvn_BitwiseOruint16|vn_copyuint16uint8|vn_copyuint8int32|vsn_RightShiftint32|vsn_BitwiseAndint32|vsn_BitwiseAndint32|vs_Selectuint8|gg1_copyint32int32|gg1_copyint32int32|v_copyuint8int32|gg2_copyint32int32|gg2_copyint32int32|g2_Addint32|g3_copyint32int32|vs_Equaluint8|vn_copyint32uint8|g2_Selectuint8|vvn_NotEqualuint8|vn_copybool_int32|all_reduce_sumint32|all_reduce_sumint32
GPUPROF 187990.103690292 187990.104135667 6 50332176 g1_NotEqualuint8|vn_copybool_int32|gather_frontint32_int32_int_1|all_reduce_sumint32|all_reduce_sumint32|ss_Subtractint32
GPUPROF 187990.104258875 187990.104262875 1 8388613 gatheruint8int32_1_0_int
GPUPROF 187990.105934250 187990.109455125 12 201343516 gg2_copyuint8uint8|gg2_copyuint8uint8|gatheruint8int32_1_1_int|g3_copyuint8uint8|g1_NotEqualuint8|vn_copybool_int32|gather_frontint32_int32_int_1|all_reduce_sumint32|all_reduce_sumint32|gather_frontint32_int32_int_1|ss_Subtractint32|ss_Subtractint32
GPUPROF 187990.109620750 187990.109624375 1 16777221 gatheruint8int32_1_0_int
GPUPROF 187990.109740417 187990.109743750 1 16777221 gatheruint8int32_1_0_int
GPUPROF 187990.110360500 187990.111242292 19 45515268 nvfp4_quantize_bfloat16_t_gs_16_b_4|nvfp4_quantize_bfloat16_t_gs_16_b_4|nvfp4_quantize_bfloat16_t_gs_16_b_4|gg1_copyuint8uint8|gg1_copyuint8uint8|gg1_copyuint8uint8|g3_copyuint8uint8|g2_Equaluint8|row_reduce_simple_minuint8|row_reduce_simple_maxuint8|row_reduce_small_1_reduce_andbool_|v_copyuint8int32|v_copyuint8int32|vv_Subtractint32|vs_LessEqualint32|vv_LogicalAndbool_|v_copybool_int32|all_reduce_sumint32|all_reduce_sumint32
GPUPROF 187990.111616667 187990.111847292 30 34447876 v_copyuint8int32|g2_copyuint8uint8|vn_copyuint8int32|g2_Subtractint32|g2_Selectint32|vn_copyint32uint8|vsn_RightShiftuint16|vsn_BitwiseAnduint16|vsn_BitwiseAnduint16|vvn_BitwiseOruint16|vn_copyuint16uint8|vn_copyuint8int32|vsn_RightShiftint32|vsn_BitwiseAndint32|vsn_BitwiseAndint32|vs_Selectuint8|gg1_copyint32int32|gg1_copyint32int32|v_copyuint8int32|gg2_copyint32int32|gg2_copyint32int32|g2_Addint32|g3_copyint32int32|vs_Equaluint8|vn_copyint32uint8|g2_Selectuint8|vvn_NotEqualuint8|vn_copybool_int32|all_reduce_sumint32|all_reduce_sumint32
GPUPROF 187990.112329250 187990.112984000 13 33464324 nvfp4_quantize_bfloat16_t_gs_16_b_4|g3_copyuint8uint8|g2_Equaluint8|row_reduce_simple_minuint8|row_reduce_simple_maxuint8|row_reduce_small_1_reduce_andbool_|v_copyuint8int32|v_copyuint8int32|vv_Subtractint32|vs_LessEqualint32|vv_LogicalAndbool_|v_copybool_int32|all_reduce_sumint32
GPUPROF 187990.113302125 187990.113494875 30 25782788 v_copyuint8int32|g2_copyuint8uint8|vn_copyuint8int32|g2_Subtractint32|g2_Selectint32|vn_copyint32uint8|vsn_RightShiftuint16|vsn_BitwiseAnduint16|vsn_BitwiseAnduint16|vvn_BitwiseOruint16|vn_copyuint16uint8|vn_copyuint8int32|vsn_RightShiftint32|vsn_BitwiseAndint32|vsn_BitwiseAndint32|vs_Selectuint8|gg1_copyint32int32|gg1_copyint32int32|v_copyuint8int32|gg2_copyint32int32|gg2_copyint32int32|g2_Addint32|g3_copyint32int32|vs_Equaluint8|vn_copyint32uint8|g2_Selectuint8|vvn_NotEqualuint8|vn_copybool_int32|all_reduce_sumint32|all_reduce_sumint32
GPUPROF 187990.113840375 187990.114283000 6 50332176 g1_NotEqualuint8|vn_copybool_int32|gather_frontint32_int32_int_1|all_reduce_sumint32|all_reduce_sumint32|ss_Subtractint32
GPUPROF 187990.114418875 187990.114422750 1 8388613 gatheruint8int32_1_0_int
GPUPROF 187990.115785625 187990.119597917 12 201343516 gg2_copyuint8uint8|gg2_copyuint8uint8|gatheruint8int32_1_1_int|g3_copyuint8uint8|g1_NotEqualuint8|vn_copybool_int32|gather_frontint32_int32_int_1|all_reduce_sumint32|all_reduce_sumint32|gather_frontint32_int32_int_1|ss_Subtractint32|ss_Subtractint32
GPUPROF 187990.119778750 187990.119783000 1 16777221 gatheruint8int32_1_0_int
GPUPROF 187990.119904417 187990.119907917 1 16777221 gatheruint8int32_1_0_int
GPUPROF 187990.120391250 187990.121639667 19 56959492 nvfp4_quantize_bfloat16_t_gs_16_b_4|nvfp4_quantize_bfloat16_t_gs_16_b_4|nvfp4_quantize_bfloat16_t_gs_16_b_4|gg1_copyuint8uint8|gg1_copyuint8uint8|gg1_copyuint8uint8|g3_copyuint8uint8|g2_Equaluint8|row_reduce_simple_minuint8|row_reduce_simple_maxuint8|row_reduce_small_1_reduce_andbool_|v_copyuint8int32|v_copyuint8int32|vv_Subtractint32|vs_LessEqualint32|vv_LogicalAndbool_|v_copybool_int32|all_reduce_sumint32|all_reduce_sumint32
GPUPROF 187990.121957000 187990.122313125 30 43059716 v_copyuint8int32|g2_copyuint8uint8|vn_copyuint8int32|g2_Subtractint32|g2_Selectint32|vn_copyint32uint8|vsn_RightShiftuint16|vsn_BitwiseAnduint16|vsn_BitwiseAnduint16|vvn_BitwiseOruint16|vn_copyuint16uint8|vn_copyuint8int32|vsn_RightShiftint32|vsn_BitwiseAndint32|vsn_BitwiseAndint32|vs_Selectuint8|gg1_copyint32int32|gg1_copyint32int32|v_copyuint8int32|gg2_copyint32int32|gg2_copyint32int32|g2_Addint32|g3_copyint32int32|vs_Equaluint8|vn_copyint32uint8|g2_Selectuint8|vvn_NotEqualuint8|vn_copybool_int32|all_reduce_sumint32|all_reduce_sumint32
GPUPROF 187990.122838667 187990.123815542 13 44605444 nvfp4_quantize_bfloat16_t_gs_16_b_4|g3_copyuint8uint8|g2_Equaluint8|row_reduce_simple_minuint8|row_reduce_simple_maxuint8|row_reduce_small_1_reduce_andbool_|v_copyuint8int32|v_copyuint8int32|vv_Subtractint32|vs_LessEqualint32|vv_LogicalAndbool_|v_copybool_int32|all_reduce_sumint32
GPUPROF 187990.124135750 187990.124367250 30 34368004 v_copyuint8int32|g2_copyuint8uint8|vn_copyuint8int32|g2_Subtractint32|g2_Selectint32|vn_copyint32uint8|vsn_RightShiftuint16|vsn_BitwiseAnduint16|vsn_BitwiseAnduint16|vvn_BitwiseOruint16|vn_copyuint16uint8|vn_copyuint8int32|vsn_RightShiftint32|vsn_BitwiseAndint32|vsn_BitwiseAndint32|vs_Selectuint8|gg1_copyint32int32|gg1_copyint32int32|v_copyuint8int32|gg2_copyint32int32|gg2_copyint32int32|g2_Addint32|g3_copyint32int32|vs_Equaluint8|vn_copyint32uint8|g2_Selectuint8|vvn_NotEqualuint8|vn_copybool_int32|all_reduce_sumint32|all_reduce_sumint32
GPUPROF 187990.124809750 187990.125258750 6 50332176 g1_NotEqualuint8|vn_copybool_int32|gather_frontint32_int32_int_1|all_reduce_sumint32|all_reduce_sumint32|ss_Subtractint32
GPUPROF 187990.125389792 187990.125393500 1 8388613 gatheruint8int32_1_0_int
GPUPROF 187990.126794417 187990.130299500 12 201343516 gg2_copyuint8uint8|gg2_copyuint8uint8|gatheruint8int32_1_1_int|g3_copyuint8uint8|g1_NotEqualuint8|vn_copybool_int32|gather_frontint32_int32_int_1|all_reduce_sumint32|all_reduce_sumint32|gather_frontint32_int32_int_1|ss_Subtractint32|ss_Subtractint32
GPUPROF 187990.130489375 187990.130493167 1 16777221 gatheruint8int32_1_0_int
GPUPROF 187990.130742167 187990.130745375 1 16777221 gatheruint8int32_1_0_int
GPUPROF 187990.131225000 187990.132468500 19 56959492 nvfp4_quantize_bfloat16_t_gs_16_b_4|nvfp4_quantize_bfloat16_t_gs_16_b_4|nvfp4_quantize_bfloat16_t_gs_16_b_4|gg1_copyuint8uint8|gg1_copyuint8uint8|gg1_copyuint8uint8|g3_copyuint8uint8|g2_Equaluint8|row_reduce_simple_minuint8|row_reduce_simple_maxuint8|row_reduce_small_1_reduce_andbool_|v_copyuint8int32|v_copyuint8int32|vv_Subtractint32|vs_LessEqualint32|vv_LogicalAndbool_|v_copybool_int32|all_reduce_sumint32|all_reduce_sumint32
GPUPROF 187990.132778875 187990.133129167 30 43059716 v_copyuint8int32|g2_copyuint8uint8|vn_copyuint8int32|g2_Subtractint32|g2_Selectint32|vn_copyint32uint8|vsn_RightShiftuint16|vsn_BitwiseAnduint16|vsn_BitwiseAnduint16|vvn_BitwiseOruint16|vn_copyuint16uint8|vn_copyuint8int32|vsn_RightShiftint32|vsn_BitwiseAndint32|vsn_BitwiseAndint32|vs_Selectuint8|gg1_copyint32int32|gg1_copyint32int32|v_copyuint8int32|gg2_copyint32int32|gg2_copyint32int32|g2_Addint32|g3_copyint32int32|vs_Equaluint8|vn_copyint32uint8|g2_Selectuint8|vvn_NotEqualuint8|vn_copybool_int32|all_reduce_sumint32|all_reduce_sumint32
GPUPROF 187990.133690750 187990.134676542 13 44605444 nvfp4_quantize_bfloat16_t_gs_16_b_4|g3_copyuint8uint8|g2_Equaluint8|row_reduce_simple_minuint8|row_reduce_simple_maxuint8|row_reduce_small_1_reduce_andbool_|v_copyuint8int32|v_copyuint8int32|vv_Subtractint32|vs_LessEqualint32|vv_LogicalAndbool_|v_copybool_int32|all_reduce_sumint32
GPUPROF 187990.135025375 187990.135266500 30 34368004 v_copyuint8int32|g2_copyuint8uint8|vn_copyuint8int32|g2_Subtractint32|g2_Selectint32|vn_copyint32uint8|vsn_RightShiftuint16|vsn_BitwiseAnduint16|vsn_BitwiseAnduint16|vvn_BitwiseOruint16|vn_copyuint16uint8|vn_copyuint8int32|vsn_RightShiftint32|vsn_BitwiseAndint32|vsn_BitwiseAndint32|vs_Selectuint8|gg1_copyint32int32|gg1_copyint32int32|v_copyuint8int32|gg2_copyint32int32|gg2_copyint32int32|g2_Addint32|g3_copyint32int32|vs_Equaluint8|vn_copyint32uint8|g2_Selectuint8|vvn_NotEqualuint8|vn_copybool_int32|all_reduce_sumint32|all_reduce_sumint32
GPUPROF 187990.135745625 187990.136186625 6 50332176 g1_NotEqualuint8|vn_copybool_int32|gather_frontint32_int32_int_1|all_reduce_sumint32|all_reduce_sumint32|ss_Subtractint32
GPUPROF 187990.136318042 187990.136321875 1 8388613 gatheruint8int32_1_0_int
GPUPROF 187990.137813125 187990.141605625 12 201343516 gg2_copyuint8uint8|gg2_copyuint8uint8|gatheruint8int32_1_1_int|g3_copyuint8uint8|g1_NotEqualuint8|vn_copybool_int32|gather_frontint32_int32_int_1|all_reduce_sumint32|all_reduce_sumint32|gather_frontint32_int32_int_1|ss_Subtractint32|ss_Subtractint32
GPUPROF 187990.141800292 187990.141803875 1 16777221 gatheruint8int32_1_0_int
GPUPROF 187990.141930792 187990.141934375 1 16777221 gatheruint8int32_1_0_int
GPUPROF 187990.142411250 187990.143505792 19 56959492 nvfp4_quantize_bfloat16_t_gs_16_b_4|nvfp4_quantize_bfloat16_t_gs_16_b_4|nvfp4_quantize_bfloat16_t_gs_16_b_4|gg1_copyuint8uint8|gg1_copyuint8uint8|gg1_copyuint8uint8|g3_copyuint8uint8|g2_Equaluint8|row_reduce_simple_minuint8|row_reduce_simple_maxuint8|row_reduce_small_1_reduce_andbool_|v_copyuint8int32|v_copyuint8int32|vv_Subtractint32|vs_LessEqualint32|vv_LogicalAndbool_|v_copybool_int32|all_reduce_sumint32|all_reduce_sumint32
GPUPROF 187990.143807250 187990.144137125 30 43059716 v_copyuint8int32|g2_copyuint8uint8|vn_copyuint8int32|g2_Subtractint32|g2_Selectint32|vn_copyint32uint8|vsn_RightShiftuint16|vsn_BitwiseAnduint16|vsn_BitwiseAnduint16|vvn_BitwiseOruint16|vn_copyuint16uint8|vn_copyuint8int32|vsn_RightShiftint32|vsn_BitwiseAndint32|vsn_BitwiseAndint32|vs_Selectuint8|gg1_copyint32int32|gg1_copyint32int32|v_copyuint8int32|gg2_copyint32int32|gg2_copyint32int32|g2_Addint32|g3_copyint32int32|vs_Equaluint8|vn_copyint32uint8|g2_Selectuint8|vvn_NotEqualuint8|vn_copybool_int32|all_reduce_sumint32|all_reduce_sumint32
GPUPROF 187990.144651875 187990.145507875 13 44605444 nvfp4_quantize_bfloat16_t_gs_16_b_4|g3_copyuint8uint8|g2_Equaluint8|row_reduce_simple_minuint8|row_reduce_simple_maxuint8|row_reduce_small_1_reduce_andbool_|v_copyuint8int32|v_copyuint8int32|vv_Subtractint32|vs_LessEqualint32|vv_LogicalAndbool_|v_copybool_int32|all_reduce_sumint32
GPUPROF 187990.145842042 187990.146065625 30 34368004 v_copyuint8int32|g2_copyuint8uint8|vn_copyuint8int32|g2_Subtractint32|g2_Selectint32|vn_copyint32uint8|vsn_RightShiftuint16|vsn_BitwiseAnduint16|vsn_BitwiseAnduint16|vvn_BitwiseOruint16|vn_copyuint16uint8|vn_copyuint8int32|vsn_RightShiftint32|vsn_BitwiseAndint32|vsn_BitwiseAndint32|vs_Selectuint8|gg1_copyint32int32|gg1_copyint32int32|v_copyuint8int32|gg2_copyint32int32|gg2_copyint32int32|g2_Addint32|g3_copyint32int32|vs_Equaluint8|vn_copyint32uint8|g2_Selectuint8|vvn_NotEqualuint8|vn_copybool_int32|all_reduce_sumint32|all_reduce_sumint32
GPUPROF 187990.146558917 187990.146983625 6 50332176 g1_NotEqualuint8|vn_copybool_int32|gather_frontint32_int32_int_1|all_reduce_sumint32|all_reduce_sumint32|ss_Subtractint32
GPUPROF 187990.147109375 187990.147112875 1 8388613 gatheruint8int32_1_0_int
GPUPROF 187990.148413375 187990.152189792 12 201343516 gg2_copyuint8uint8|gg2_copyuint8uint8|gatheruint8int32_1_1_int|g3_copyuint8uint8|g1_NotEqualuint8|vn_copybool_int32|gather_frontint32_int32_int_1|all_reduce_sumint32|all_reduce_sumint32|gather_frontint32_int32_int_1|ss_Subtractint32|ss_Subtractint32
GPUPROF 187990.152356250 187990.152360375 1 16777221 gatheruint8int32_1_0_int
GPUPROF 187990.152481000 187990.152484542 1 16777221 gatheruint8int32_1_0_int
GPUPROF 187990.153011292 187990.154018500 19 45515268 nvfp4_quantize_bfloat16_t_gs_16_b_4|nvfp4_quantize_bfloat16_t_gs_16_b_4|nvfp4_quantize_bfloat16_t_gs_16_b_4|gg1_copyuint8uint8|gg1_copyuint8uint8|gg1_copyuint8uint8|g3_copyuint8uint8|g2_Equaluint8|row_reduce_simple_minuint8|row_reduce_simple_maxuint8|row_reduce_small_1_reduce_andbool_|v_copyuint8int32|v_copyuint8int32|vv_Subtractint32|vs_LessEqualint32|vv_LogicalAndbool_|v_copybool_int32|all_reduce_sumint32|all_reduce_sumint32
GPUPROF 187990.154351250 187990.154606000 30 34447876 v_copyuint8int32|g2_copyuint8uint8|vn_copyuint8int32|g2_Subtractint32|g2_Selectint32|vn_copyint32uint8|vsn_RightShiftuint16|vsn_BitwiseAnduint16|vsn_BitwiseAnduint16|vvn_BitwiseOruint16|vn_copyuint16uint8|vn_copyuint8int32|vsn_RightShiftint32|vsn_BitwiseAndint32|vsn_BitwiseAndint32|vs_Selectuint8|gg1_copyint32int32|gg1_copyint32int32|v_copyuint8int32|gg2_copyint32int32|gg2_copyint32int32|g2_Addint32|g3_copyint32int32|vs_Equaluint8|vn_copyint32uint8|g2_Selectuint8|vvn_NotEqualuint8|vn_copybool_int32|all_reduce_sumint32|all_reduce_sumint32
GPUPROF 187990.155059292 187990.155805625 13 33464324 nvfp4_quantize_bfloat16_t_gs_16_b_4|g3_copyuint8uint8|g2_Equaluint8|row_reduce_simple_minuint8|row_reduce_simple_maxuint8|row_reduce_small_1_reduce_andbool_|v_copyuint8int32|v_copyuint8int32|vv_Subtractint32|vs_LessEqualint32|vv_LogicalAndbool_|v_copybool_int32|all_reduce_sumint32
GPUPROF 187990.156041417 187990.156252042 30 25782788 v_copyuint8int32|g2_copyuint8uint8|vn_copyuint8int32|g2_Subtractint32|g2_Selectint32|vn_copyint32uint8|vsn_RightShiftuint16|vsn_BitwiseAnduint16|vsn_BitwiseAnduint16|vvn_BitwiseOruint16|vn_copyuint16uint8|vn_copyuint8int32|vsn_RightShiftint32|vsn_BitwiseAndint32|vsn_BitwiseAndint32|vs_Selectuint8|gg1_copyint32int32|gg1_copyint32int32|v_copyuint8int32|gg2_copyint32int32|gg2_copyint32int32|g2_Addint32|g3_copyint32int32|vs_Equaluint8|vn_copyint32uint8|g2_Selectuint8|vvn_NotEqualuint8|vn_copybool_int32|all_reduce_sumint32|all_reduce_sumint32
GPUPROF 187990.156541417 187990.156987375 6 50332176 g1_NotEqualuint8|vn_copybool_int32|gather_frontint32_int32_int_1|all_reduce_sumint32|all_reduce_sumint32|ss_Subtractint32
GPUPROF 187990.157112750 187990.157116750 1 8388613 gatheruint8int32_1_0_int
GPUPROF 187990.158430750 187990.161993875 12 201343516 gg2_copyuint8uint8|gg2_copyuint8uint8|gatheruint8int32_1_1_int|g3_copyuint8uint8|g1_NotEqualuint8|vn_copybool_int32|gather_frontint32_int32_int_1|all_reduce_sumint32|all_reduce_sumint32|gather_frontint32_int32_int_1|ss_Subtractint32|ss_Subtractint32
GPUPROF 187990.162179750 187990.162183500 1 16777221 gatheruint8int32_1_0_int
GPUPROF 187990.162303292 187990.162306625 1 16777221 gatheruint8int32_1_0_int
GPUPROF 187990.162993625 187990.164087625 19 56959492 nvfp4_quantize_bfloat16_t_gs_16_b_4|nvfp4_quantize_bfloat16_t_gs_16_b_4|nvfp4_quantize_bfloat16_t_gs_16_b_4|gg1_copyuint8uint8|gg1_copyuint8uint8|gg1_copyuint8uint8|g3_copyuint8uint8|g2_Equaluint8|row_reduce_simple_minuint8|row_reduce_simple_maxuint8|row_reduce_small_1_reduce_andbool_|v_copyuint8int32|v_copyuint8int32|vv_Subtractint32|vs_LessEqualint32|vv_LogicalAndbool_|v_copybool_int32|all_reduce_sumint32|all_reduce_sumint32
GPUPROF 187990.164438875 187990.164784625 30 43059716 v_copyuint8int32|g2_copyuint8uint8|vn_copyuint8int32|g2_Subtractint32|g2_Selectint32|vn_copyint32uint8|vsn_RightShiftuint16|vsn_BitwiseAnduint16|vsn_BitwiseAnduint16|vvn_BitwiseOruint16|vn_copyuint16uint8|vn_copyuint8int32|vsn_RightShiftint32|vsn_BitwiseAndint32|vsn_BitwiseAndint32|vs_Selectuint8|gg1_copyint32int32|gg1_copyint32int32|v_copyuint8int32|gg2_copyint32int32|gg2_copyint32int32|g2_Addint32|g3_copyint32int32|vs_Equaluint8|vn_copyint32uint8|g2_Selectuint8|vvn_NotEqualuint8|vn_copybool_int32|all_reduce_sumint32|all_reduce_sumint32
GPUPROF 187990.165462750 187990.166439875 13 44605444 nvfp4_quantize_bfloat16_t_gs_16_b_4|g3_copyuint8uint8|g2_Equaluint8|row_reduce_simple_minuint8|row_reduce_simple_maxuint8|row_reduce_small_1_reduce_andbool_|v_copyuint8int32|v_copyuint8int32|vv_Subtractint32|vs_LessEqualint32|vv_LogicalAndbool_|v_copybool_int32|all_reduce_sumint32
GPUPROF 187990.166756875 187990.167001042 30 34368004 v_copyuint8int32|g2_copyuint8uint8|vn_copyuint8int32|g2_Subtractint32|g2_Selectint32|vn_copyint32uint8|vsn_RightShiftuint16|vsn_BitwiseAnduint16|vsn_BitwiseAnduint16|vvn_BitwiseOruint16|vn_copyuint16uint8|vn_copyuint8int32|vsn_RightShiftint32|vsn_BitwiseAndint32|vsn_BitwiseAndint32|vs_Selectuint8|gg1_copyint32int32|gg1_copyint32int32|v_copyuint8int32|gg2_copyint32int32|gg2_copyint32int32|g2_Addint32|g3_copyint32int32|vs_Equaluint8|vn_copyint32uint8|g2_Selectuint8|vvn_NotEqualuint8|vn_copybool_int32|all_reduce_sumint32|all_reduce_sumint32
GPUPROF 187990.167439000 187990.167878417 6 50332176 g1_NotEqualuint8|vn_copybool_int32|gather_frontint32_int32_int_1|all_reduce_sumint32|all_reduce_sumint32|ss_Subtractint32
GPUPROF 187990.168006417 187990.168010500 1 8388613 gatheruint8int32_1_0_int
GPUPROF 187990.169366625 187990.173159875 12 201343516 gg2_copyuint8uint8|gg2_copyuint8uint8|gatheruint8int32_1_1_int|g3_copyuint8uint8|g1_NotEqualuint8|vn_copybool_int32|gather_frontint32_int32_int_1|all_reduce_sumint32|all_reduce_sumint32|gather_frontint32_int32_int_1|ss_Subtractint32|ss_Subtractint32
GPUPROF 187990.173330000 187990.173334125 1 16777221 gatheruint8int32_1_0_int
GPUPROF 187990.173456125 187990.173459750 1 16777221 gatheruint8int32_1_0_int
GPUPROF 187990.173920875 187990.175168750 19 56959492 nvfp4_quantize_bfloat16_t_gs_16_b_4|nvfp4_quantize_bfloat16_t_gs_16_b_4|nvfp4_quantize_bfloat16_t_gs_16_b_4|gg1_copyuint8uint8|gg1_copyuint8uint8|gg1_copyuint8uint8|g3_copyuint8uint8|g2_Equaluint8|row_reduce_simple_minuint8|row_reduce_simple_maxuint8|row_reduce_small_1_reduce_andbool_|v_copyuint8int32|v_copyuint8int32|vv_Subtractint32|vs_LessEqualint32|vv_LogicalAndbool_|v_copybool_int32|all_reduce_sumint32|all_reduce_sumint32
GPUPROF 187990.175460917 187990.175814417 30 43059716 v_copyuint8int32|g2_copyuint8uint8|vn_copyuint8int32|g2_Subtractint32|g2_Selectint32|vn_copyint32uint8|vsn_RightShiftuint16|vsn_BitwiseAnduint16|vsn_BitwiseAnduint16|vvn_BitwiseOruint16|vn_copyuint16uint8|vn_copyuint8int32|vsn_RightShiftint32|vsn_BitwiseAndint32|vsn_BitwiseAndint32|vs_Selectuint8|gg1_copyint32int32|gg1_copyint32int32|v_copyuint8int32|gg2_copyint32int32|gg2_copyint32int32|g2_Addint32|g3_copyint32int32|vs_Equaluint8|vn_copyint32uint8|g2_Selectuint8|vvn_NotEqualuint8|vn_copybool_int32|all_reduce_sumint32|all_reduce_sumint32
GPUPROF 187990.176330167 187990.177307250 13 44605444 nvfp4_quantize_bfloat16_t_gs_16_b_4|g3_copyuint8uint8|g2_Equaluint8|row_reduce_simple_minuint8|row_reduce_simple_maxuint8|row_reduce_small_1_reduce_andbool_|v_copyuint8int32|v_copyuint8int32|vv_Subtractint32|vs_LessEqualint32|vv_LogicalAndbool_|v_copybool_int32|all_reduce_sumint32
GPUPROF 187990.177666167 187990.177891375 30 34368004 v_copyuint8int32|g2_copyuint8uint8|vn_copyuint8int32|g2_Subtractint32|g2_Selectint32|vn_copyint32uint8|vsn_RightShiftuint16|vsn_BitwiseAnduint16|vsn_BitwiseAnduint16|vvn_BitwiseOruint16|vn_copyuint16uint8|vn_copyuint8int32|vsn_RightShiftint32|vsn_BitwiseAndint32|vsn_BitwiseAndint32|vs_Selectuint8|gg1_copyint32int32|gg1_copyint32int32|v_copyuint8int32|gg2_copyint32int32|gg2_copyint32int32|g2_Addint32|g3_copyint32int32|vs_Equaluint8|vn_copyint32uint8|g2_Selectuint8|vvn_NotEqualuint8|vn_copybool_int32|all_reduce_sumint32|all_reduce_sumint32
GPUPROF 187990.178380875 187990.178814042 6 50332176 g1_NotEqualuint8|vn_copybool_int32|gather_frontint32_int32_int_1|all_reduce_sumint32|all_reduce_sumint32|ss_Subtractint32
GPUPROF 187990.178939750 187990.178943250 1 8388613 gatheruint8int32_1_0_int
GPUPROF 187990.180291000 187990.184038625 12 201343516 gg2_copyuint8uint8|gg2_copyuint8uint8|gatheruint8int32_1_1_int|g3_copyuint8uint8|g1_NotEqualuint8|vn_copybool_int32|gather_frontint32_int32_int_1|all_reduce_sumint32|all_reduce_sumint32|gather_frontint32_int32_int_1|ss_Subtractint32|ss_Subtractint32
GPUPROF 187990.184205125 187990.184209375 1 16777221 gatheruint8int32_1_0_int
GPUPROF 187990.184331875 187990.184335542 1 16777221 gatheruint8int32_1_0_int
GPUPROF 187990.184818042 187990.186067750 19 56959492 nvfp4_quantize_bfloat16_t_gs_16_b_4|nvfp4_quantize_bfloat16_t_gs_16_b_4|nvfp4_quantize_bfloat16_t_gs_16_b_4|gg1_copyuint8uint8|gg1_copyuint8uint8|gg1_copyuint8uint8|g3_copyuint8uint8|g2_Equaluint8|row_reduce_simple_minuint8|row_reduce_simple_maxuint8|row_reduce_small_1_reduce_andbool_|v_copyuint8int32|v_copyuint8int32|vv_Subtractint32|vs_LessEqualint32|vv_LogicalAndbool_|v_copybool_int32|all_reduce_sumint32|all_reduce_sumint32
GPUPROF 187990.186382042 187990.186737875 30 43059716 v_copyuint8int32|g2_copyuint8uint8|vn_copyuint8int32|g2_Subtractint32|g2_Selectint32|vn_copyint32uint8|vsn_RightShiftuint16|vsn_BitwiseAnduint16|vsn_BitwiseAnduint16|vvn_BitwiseOruint16|vn_copyuint16uint8|vn_copyuint8int32|vsn_RightShiftint32|vsn_BitwiseAndint32|vsn_BitwiseAndint32|vs_Selectuint8|gg1_copyint32int32|gg1_copyint32int32|v_copyuint8int32|gg2_copyint32int32|gg2_copyint32int32|g2_Addint32|g3_copyint32int32|vs_Equaluint8|vn_copyint32uint8|g2_Selectuint8|vvn_NotEqualuint8|vn_copybool_int32|all_reduce_sumint32|all_reduce_sumint32
GPUPROF 187990.187272042 187990.188249375 13 44605444 nvfp4_quantize_bfloat16_t_gs_16_b_4|g3_copyuint8uint8|g2_Equaluint8|row_reduce_simple_minuint8|row_reduce_simple_maxuint8|row_reduce_small_1_reduce_andbool_|v_copyuint8int32|v_copyuint8int32|vv_Subtractint32|vs_LessEqualint32|vv_LogicalAndbool_|v_copybool_int32|all_reduce_sumint32
GPUPROF 187990.188546750 187990.188791167 30 34368004 v_copyuint8int32|g2_copyuint8uint8|vn_copyuint8int32|g2_Subtractint32|g2_Selectint32|vn_copyint32uint8|vsn_RightShiftuint16|vsn_BitwiseAnduint16|vsn_BitwiseAnduint16|vvn_BitwiseOruint16|vn_copyuint16uint8|vn_copyuint8int32|vsn_RightShiftint32|vsn_BitwiseAndint32|vsn_BitwiseAndint32|vs_Selectuint8|gg1_copyint32int32|gg1_copyint32int32|v_copyuint8int32|gg2_copyint32int32|gg2_copyint32int32|g2_Addint32|g3_copyint32int32|vs_Equaluint8|vn_copyint32uint8|g2_Selectuint8|vvn_NotEqualuint8|vn_copybool_int32|all_reduce_sumint32|all_reduce_sumint32
GPUPROF 187990.189251250 187990.189704500 6 50332176 g1_NotEqualuint8|vn_copybool_int32|gather_frontint32_int32_int_1|all_reduce_sumint32|all_reduce_sumint32|ss_Subtractint32
GPUPROF 187990.189848917 187990.189853000 1 8388613 gatheruint8int32_1_0_int
GPUPROF 187990.191171667 187990.194962125 12 201343516 gg2_copyuint8uint8|gg2_copyuint8uint8|gatheruint8int32_1_1_int|g3_copyuint8uint8|g1_NotEqualuint8|vn_copybool_int32|gather_frontint32_int32_int_1|all_reduce_sumint32|all_reduce_sumint32|gather_frontint32_int32_int_1|ss_Subtractint32|ss_Subtractint32
GPUPROF 187990.195143375 187990.195148042 1 16777221 gatheruint8int32_1_0_int
GPUPROF 187990.195266750 187990.195270375 1 16777221 gatheruint8int32_1_0_int
GPUPROF 187990.195810625 187990.196699125 19 45515268 nvfp4_quantize_bfloat16_t_gs_16_b_4|nvfp4_quantize_bfloat16_t_gs_16_b_4|nvfp4_quantize_bfloat16_t_gs_16_b_4|gg1_copyuint8uint8|gg1_copyuint8uint8|gg1_copyuint8uint8|g3_copyuint8uint8|g2_Equaluint8|row_reduce_simple_minuint8|row_reduce_simple_maxuint8|row_reduce_small_1_reduce_andbool_|v_copyuint8int32|v_copyuint8int32|vv_Subtractint32|vs_LessEqualint32|vv_LogicalAndbool_|v_copybool_int32|all_reduce_sumint32|all_reduce_sumint32
GPUPROF 187990.197023375 187990.197253917 30 34447876 v_copyuint8int32|g2_copyuint8uint8|vn_copyuint8int32|g2_Subtractint32|g2_Selectint32|vn_copyint32uint8|vsn_RightShiftuint16|vsn_BitwiseAnduint16|vsn_BitwiseAnduint16|vvn_BitwiseOruint16|vn_copyuint16uint8|vn_copyuint8int32|vsn_RightShiftint32|vsn_BitwiseAndint32|vsn_BitwiseAndint32|vs_Selectuint8|gg1_copyint32int32|gg1_copyint32int32|v_copyuint8int32|gg2_copyint32int32|gg2_copyint32int32|g2_Addint32|g3_copyint32int32|vs_Equaluint8|vn_copyint32uint8|g2_Selectuint8|vvn_NotEqualuint8|vn_copybool_int32|all_reduce_sumint32|all_reduce_sumint32
GPUPROF 187990.197709417 187990.198454000 13 33464324 nvfp4_quantize_bfloat16_t_gs_16_b_4|g3_copyuint8uint8|g2_Equaluint8|row_reduce_simple_minuint8|row_reduce_simple_maxuint8|row_reduce_small_1_reduce_andbool_|v_copyuint8int32|v_copyuint8int32|vv_Subtractint32|vs_LessEqualint32|vv_LogicalAndbool_|v_copybool_int32|all_reduce_sumint32
GPUPROF 187990.198724500 187990.198927167 30 25782788 v_copyuint8int32|g2_copyuint8uint8|vn_copyuint8int32|g2_Subtractint32|g2_Selectint32|vn_copyint32uint8|vsn_RightShiftuint16|vsn_BitwiseAnduint16|vsn_BitwiseAnduint16|vvn_BitwiseOruint16|vn_copyuint16uint8|vn_copyuint8int32|vsn_RightShiftint32|vsn_BitwiseAndint32|vsn_BitwiseAndint32|vs_Selectuint8|gg1_copyint32int32|gg1_copyint32int32|v_copyuint8int32|gg2_copyint32int32|gg2_copyint32int32|g2_Addint32|g3_copyint32int32|vs_Equaluint8|vn_copyint32uint8|g2_Selectuint8|vvn_NotEqualuint8|vn_copybool_int32|all_reduce_sumint32|all_reduce_sumint32
GPUPROF 187990.199248042 187990.199694750 6 50332176 g1_NotEqualuint8|vn_copybool_int32|gather_frontint32_int32_int_1|all_reduce_sumint32|all_reduce_sumint32|ss_Subtractint32
GPUPROF 187990.199823250 187990.199827167 1 8388613 gatheruint8int32_1_0_int
GPUPROF 187990.201287625 187990.205064250 12 201343516 gg2_copyuint8uint8|gg2_copyuint8uint8|gatheruint8int32_1_1_int|g3_copyuint8uint8|g1_NotEqualuint8|vn_copybool_int32|gather_frontint32_int32_int_1|all_reduce_sumint32|all_reduce_sumint32|gather_frontint32_int32_int_1|ss_Subtractint32|ss_Subtractint32
GPUPROF 187990.205250000 187990.205254000 1 16777221 gatheruint8int32_1_0_int
GPUPROF 187990.205375875 187990.205379667 1 16777221 gatheruint8int32_1_0_int
GPUPROF 187990.205877875 187990.207125000 19 56959492 nvfp4_quantize_bfloat16_t_gs_16_b_4|nvfp4_quantize_bfloat16_t_gs_16_b_4|nvfp4_quantize_bfloat16_t_gs_16_b_4|gg1_copyuint8uint8|gg1_copyuint8uint8|gg1_copyuint8uint8|g3_copyuint8uint8|g2_Equaluint8|row_reduce_simple_minuint8|row_reduce_simple_maxuint8|row_reduce_small_1_reduce_andbool_|v_copyuint8int32|v_copyuint8int32|vv_Subtractint32|vs_LessEqualint32|vv_LogicalAndbool_|v_copybool_int32|all_reduce_sumint32|all_reduce_sumint32
GPUPROF 187990.207426000 187990.207778000 30 43059716 v_copyuint8int32|g2_copyuint8uint8|vn_copyuint8int32|g2_Subtractint32|g2_Selectint32|vn_copyint32uint8|vsn_RightShiftuint16|vsn_BitwiseAnduint16|vsn_BitwiseAnduint16|vvn_BitwiseOruint16|vn_copyuint16uint8|vn_copyuint8int32|vsn_RightShiftint32|vsn_BitwiseAndint32|vsn_BitwiseAndint32|vs_Selectuint8|gg1_copyint32int32|gg1_copyint32int32|v_copyuint8int32|gg2_copyint32int32|gg2_copyint32int32|g2_Addint32|g3_copyint32int32|vs_Equaluint8|vn_copyint32uint8|g2_Selectuint8|vvn_NotEqualuint8|vn_copybool_int32|all_reduce_sumint32|all_reduce_sumint32
GPUPROF 187990.208288667 187990.209265750 13 44605444 nvfp4_quantize_bfloat16_t_gs_16_b_4|g3_copyuint8uint8|g2_Equaluint8|row_reduce_simple_minuint8|row_reduce_simple_maxuint8|row_reduce_small_1_reduce_andbool_|v_copyuint8int32|v_copyuint8int32|vv_Subtractint32|vs_LessEqualint32|vv_LogicalAndbool_|v_copybool_int32|all_reduce_sumint32
GPUPROF 187990.209643792 187990.209889375 30 34368004 v_copyuint8int32|g2_copyuint8uint8|vn_copyuint8int32|g2_Subtractint32|g2_Selectint32|vn_copyint32uint8|vsn_RightShiftuint16|vsn_BitwiseAnduint16|vsn_BitwiseAnduint16|vvn_BitwiseOruint16|vn_copyuint16uint8|vn_copyuint8int32|vsn_RightShiftint32|vsn_BitwiseAndint32|vsn_BitwiseAndint32|vs_Selectuint8|gg1_copyint32int32|gg1_copyint32int32|v_copyuint8int32|gg2_copyint32int32|gg2_copyint32int32|g2_Addint32|g3_copyint32int32|vs_Equaluint8|vn_copyint32uint8|g2_Selectuint8|vvn_NotEqualuint8|vn_copybool_int32|all_reduce_sumint32|all_reduce_sumint32
GPUPROF 187990.210361167 187990.210807375 6 50332176 g1_NotEqualuint8|vn_copybool_int32|gather_frontint32_int32_int_1|all_reduce_sumint32|all_reduce_sumint32|ss_Subtractint32
GPUPROF 187990.210949667 187990.210953667 1 8388613 gatheruint8int32_1_0_int
GPUPROF 187990.212331917 187990.216207292 12 201343516 gg2_copyuint8uint8|gg2_copyuint8uint8|gatheruint8int32_1_1_int|g3_copyuint8uint8|g1_NotEqualuint8|vn_copybool_int32|gather_frontint32_int32_int_1|all_reduce_sumint32|all_reduce_sumint32|gather_frontint32_int32_int_1|ss_Subtractint32|ss_Subtractint32
GPUPROF 187990.216385167 187990.216389542 1 16777221 gatheruint8int32_1_0_int
GPUPROF 187990.216499750 187990.216503667 1 16777221 gatheruint8int32_1_0_int
GPUPROF 187990.216979750 187990.218279750 19 56959492 nvfp4_quantize_bfloat16_t_gs_16_b_4|nvfp4_quantize_bfloat16_t_gs_16_b_4|nvfp4_quantize_bfloat16_t_gs_16_b_4|gg1_copyuint8uint8|gg1_copyuint8uint8|gg1_copyuint8uint8|g3_copyuint8uint8|g2_Equaluint8|row_reduce_simple_minuint8|row_reduce_simple_maxuint8|row_reduce_small_1_reduce_andbool_|v_copyuint8int32|v_copyuint8int32|vv_Subtractint32|vs_LessEqualint32|vv_LogicalAndbool_|v_copybool_int32|all_reduce_sumint32|all_reduce_sumint32
GPUPROF 187990.218595167 187990.218943875 30 43059716 v_copyuint8int32|g2_copyuint8uint8|vn_copyuint8int32|g2_Subtractint32|g2_Selectint32|vn_copyint32uint8|vsn_RightShiftuint16|vsn_BitwiseAnduint16|vsn_BitwiseAnduint16|vvn_BitwiseOruint16|vn_copyuint16uint8|vn_copyuint8int32|vsn_RightShiftint32|vsn_BitwiseAndint32|vsn_BitwiseAndint32|vs_Selectuint8|gg1_copyint32int32|gg1_copyint32int32|v_copyuint8int32|gg2_copyint32int32|gg2_copyint32int32|g2_Addint32|g3_copyint32int32|vs_Equaluint8|vn_copyint32uint8|g2_Selectuint8|vvn_NotEqualuint8|vn_copybool_int32|all_reduce_sumint32|all_reduce_sumint32
GPUPROF 187990.219441875 187990.220418667 13 44605444 nvfp4_quantize_bfloat16_t_gs_16_b_4|g3_copyuint8uint8|g2_Equaluint8|row_reduce_simple_minuint8|row_reduce_simple_maxuint8|row_reduce_small_1_reduce_andbool_|v_copyuint8int32|v_copyuint8int32|vv_Subtractint32|vs_LessEqualint32|vv_LogicalAndbool_|v_copybool_int32|all_reduce_sumint32
GPUPROF 187990.220746167 187990.220989667 30 34368004 v_copyuint8int32|g2_copyuint8uint8|vn_copyuint8int32|g2_Subtractint32|g2_Selectint32|vn_copyint32uint8|vsn_RightShiftuint16|vsn_BitwiseAnduint16|vsn_BitwiseAnduint16|vvn_BitwiseOruint16|vn_copyuint16uint8|vn_copyuint8int32|vsn_RightShiftint32|vsn_BitwiseAndint32|vsn_BitwiseAndint32|vs_Selectuint8|gg1_copyint32int32|gg1_copyint32int32|v_copyuint8int32|gg2_copyint32int32|gg2_copyint32int32|g2_Addint32|g3_copyint32int32|vs_Equaluint8|vn_copyint32uint8|g2_Selectuint8|vvn_NotEqualuint8|vn_copybool_int32|all_reduce_sumint32|all_reduce_sumint32
GPUPROF 187990.221447292 187990.221954750 6 50332176 g1_NotEqualuint8|vn_copybool_int32|gather_frontint32_int32_int_1|all_reduce_sumint32|all_reduce_sumint32|ss_Subtractint32
GPUPROF 187990.222088875 187990.222092875 1 8388613 gatheruint8int32_1_0_int
GPUPROF 187990.223483625 187990.227248125 12 201343516 gg2_copyuint8uint8|gg2_copyuint8uint8|gatheruint8int32_1_1_int|g3_copyuint8uint8|g1_NotEqualuint8|vn_copybool_int32|gather_frontint32_int32_int_1|all_reduce_sumint32|all_reduce_sumint32|gather_frontint32_int32_int_1|ss_Subtractint32|ss_Subtractint32
GPUPROF 187990.227426125 187990.227430250 1 16777221 gatheruint8int32_1_0_int
GPUPROF 187990.227549042 187990.227552750 1 16777221 gatheruint8int32_1_0_int
GPUPROF 187990.228041375 187990.229289250 19 56959492 nvfp4_quantize_bfloat16_t_gs_16_b_4|nvfp4_quantize_bfloat16_t_gs_16_b_4|nvfp4_quantize_bfloat16_t_gs_16_b_4|gg1_copyuint8uint8|gg1_copyuint8uint8|gg1_copyuint8uint8|g3_copyuint8uint8|g2_Equaluint8|row_reduce_simple_minuint8|row_reduce_simple_maxuint8|row_reduce_small_1_reduce_andbool_|v_copyuint8int32|v_copyuint8int32|vv_Subtractint32|vs_LessEqualint32|vv_LogicalAndbool_|v_copybool_int32|all_reduce_sumint32|all_reduce_sumint32
GPUPROF 187990.229601042 187990.229947250 30 43059716 v_copyuint8int32|g2_copyuint8uint8|vn_copyuint8int32|g2_Subtractint32|g2_Selectint32|vn_copyint32uint8|vsn_RightShiftuint16|vsn_BitwiseAnduint16|vsn_BitwiseAnduint16|vvn_BitwiseOruint16|vn_copyuint16uint8|vn_copyuint8int32|vsn_RightShiftint32|vsn_BitwiseAndint32|vsn_BitwiseAndint32|vs_Selectuint8|gg1_copyint32int32|gg1_copyint32int32|v_copyuint8int32|gg2_copyint32int32|gg2_copyint32int32|g2_Addint32|g3_copyint32int32|vs_Equaluint8|vn_copyint32uint8|g2_Selectuint8|vvn_NotEqualuint8|vn_copybool_int32|all_reduce_sumint32|all_reduce_sumint32
GPUPROF 187990.230583000 187990.231664542 13 44605444 nvfp4_quantize_bfloat16_t_gs_16_b_4|g3_copyuint8uint8|g2_Equaluint8|row_reduce_simple_minuint8|row_reduce_simple_maxuint8|row_reduce_small_1_reduce_andbool_|v_copyuint8int32|v_copyuint8int32|vv_Subtractint32|vs_LessEqualint32|vv_LogicalAndbool_|v_copybool_int32|all_reduce_sumint32
GPUPROF 187990.231999750 187990.232261417 30 34368004 v_copyuint8int32|g2_copyuint8uint8|vn_copyuint8int32|g2_Subtractint32|g2_Selectint32|vn_copyint32uint8|vsn_RightShiftuint16|vsn_BitwiseAnduint16|vsn_BitwiseAnduint16|vvn_BitwiseOruint16|vn_copyuint16uint8|vn_copyuint8int32|vsn_RightShiftint32|vsn_BitwiseAndint32|vsn_BitwiseAndint32|vs_Selectuint8|gg1_copyint32int32|gg1_copyint32int32|v_copyuint8int32|gg2_copyint32int32|gg2_copyint32int32|g2_Addint32|g3_copyint32int32|vs_Equaluint8|vn_copyint32uint8|g2_Selectuint8|vvn_NotEqualuint8|vn_copybool_int32|all_reduce_sumint32|all_reduce_sumint32
GPUPROF 187990.232774875 187990.233255375 6 50332176 g1_NotEqualuint8|vn_copybool_int32|gather_frontint32_int32_int_1|all_reduce_sumint32|all_reduce_sumint32|ss_Subtractint32
GPUPROF 187990.233402042 187990.233406250 1 8388613 gatheruint8int32_1_0_int
GPUPROF 187990.234791167 187990.238778750 12 201343516 gg2_copyuint8uint8|gg2_copyuint8uint8|gatheruint8int32_1_1_int|g3_copyuint8uint8|g1_NotEqualuint8|vn_copybool_int32|gather_frontint32_int32_int_1|all_reduce_sumint32|all_reduce_sumint32|gather_frontint32_int32_int_1|ss_Subtractint32|ss_Subtractint32
GPUPROF 187990.238939750 187990.238943792 1 16777221 gatheruint8int32_1_0_int
GPUPROF 187990.239067000 187990.239070625 1 16777221 gatheruint8int32_1_0_int
GPUPROF 187990.239624875 187990.240631792 19 45515268 nvfp4_quantize_bfloat16_t_gs_16_b_4|nvfp4_quantize_bfloat16_t_gs_16_b_4|nvfp4_quantize_bfloat16_t_gs_16_b_4|gg1_copyuint8uint8|gg1_copyuint8uint8|gg1_copyuint8uint8|g3_copyuint8uint8|g2_Equaluint8|row_reduce_simple_minuint8|row_reduce_simple_maxuint8|row_reduce_small_1_reduce_andbool_|v_copyuint8int32|v_copyuint8int32|vv_Subtractint32|vs_LessEqualint32|vv_LogicalAndbool_|v_copybool_int32|all_reduce_sumint32|all_reduce_sumint32
GPUPROF 187990.240974875 187990.241229542 30 34447876 v_copyuint8int32|g2_copyuint8uint8|vn_copyuint8int32|g2_Subtractint32|g2_Selectint32|vn_copyint32uint8|vsn_RightShiftuint16|vsn_BitwiseAnduint16|vsn_BitwiseAnduint16|vvn_BitwiseOruint16|vn_copyuint16uint8|vn_copyuint8int32|vsn_RightShiftint32|vsn_BitwiseAndint32|vsn_BitwiseAndint32|vs_Selectuint8|gg1_copyint32int32|gg1_copyint32int32|v_copyuint8int32|gg2_copyint32int32|gg2_copyint32int32|g2_Addint32|g3_copyint32int32|vs_Equaluint8|vn_copyint32uint8|g2_Selectuint8|vvn_NotEqualuint8|vn_copybool_int32|all_reduce_sumint32|all_reduce_sumint32
GPUPROF 187990.241756125 187990.242503250 13 33464324 nvfp4_quantize_bfloat16_t_gs_16_b_4|g3_copyuint8uint8|g2_Equaluint8|row_reduce_simple_minuint8|row_reduce_simple_maxuint8|row_reduce_small_1_reduce_andbool_|v_copyuint8int32|v_copyuint8int32|vv_Subtractint32|vs_LessEqualint32|vv_LogicalAndbool_|v_copybool_int32|all_reduce_sumint32
GPUPROF 187990.242757542 187990.242972542 30 25782788 v_copyuint8int32|g2_copyuint8uint8|vn_copyuint8int32|g2_Subtractint32|g2_Selectint32|vn_copyint32uint8|vsn_RightShiftuint16|vsn_BitwiseAnduint16|vsn_BitwiseAnduint16|vvn_BitwiseOruint16|vn_copyuint16uint8|vn_copyuint8int32|vsn_RightShiftint32|vsn_BitwiseAndint32|vsn_BitwiseAndint32|vs_Selectuint8|gg1_copyint32int32|gg1_copyint32int32|v_copyuint8int32|gg2_copyint32int32|gg2_copyint32int32|g2_Addint32|g3_copyint32int32|vs_Equaluint8|vn_copyint32uint8|g2_Selectuint8|vvn_NotEqualuint8|vn_copybool_int32|all_reduce_sumint32|all_reduce_sumint32
GPUPROF 187990.243268000 187990.243702417 6 50332176 g1_NotEqualuint8|vn_copybool_int32|gather_frontint32_int32_int_1|all_reduce_sumint32|all_reduce_sumint32|ss_Subtractint32
GPUPROF 187990.243830292 187990.243834417 1 8388613 gatheruint8int32_1_0_int
GPUPROF 187990.245190917 187990.249058500 12 201343516 gg2_copyuint8uint8|gg2_copyuint8uint8|gatheruint8int32_1_1_int|g3_copyuint8uint8|g1_NotEqualuint8|vn_copybool_int32|gather_frontint32_int32_int_1|all_reduce_sumint32|all_reduce_sumint32|gather_frontint32_int32_int_1|ss_Subtractint32|ss_Subtractint32
GPUPROF 187990.249247042 187990.249251625 1 16777221 gatheruint8int32_1_0_int
GPUPROF 187990.249364875 187990.249368792 1 16777221 gatheruint8int32_1_0_int
GPUPROF 187990.250017375 187990.251465500 19 56959492 nvfp4_quantize_bfloat16_t_gs_16_b_4|nvfp4_quantize_bfloat16_t_gs_16_b_4|nvfp4_quantize_bfloat16_t_gs_16_b_4|gg1_copyuint8uint8|gg1_copyuint8uint8|gg1_copyuint8uint8|g3_copyuint8uint8|g2_Equaluint8|row_reduce_simple_minuint8|row_reduce_simple_maxuint8|row_reduce_small_1_reduce_andbool_|v_copyuint8int32|v_copyuint8int32|vv_Subtractint32|vs_LessEqualint32|vv_LogicalAndbool_|v_copybool_int32|all_reduce_sumint32|all_reduce_sumint32
GPUPROF 187990.251787000 187990.252175125 30 43059716 v_copyuint8int32|g2_copyuint8uint8|vn_copyuint8int32|g2_Subtractint32|g2_Selectint32|vn_copyint32uint8|vsn_RightShiftuint16|vsn_BitwiseAnduint16|vsn_BitwiseAnduint16|vvn_BitwiseOruint16|vn_copyuint16uint8|vn_copyuint8int32|vsn_RightShiftint32|vsn_BitwiseAndint32|vsn_BitwiseAndint32|vs_Selectuint8|gg1_copyint32int32|gg1_copyint32int32|v_copyuint8int32|gg2_copyint32int32|gg2_copyint32int32|g2_Addint32|g3_copyint32int32|vs_Equaluint8|vn_copyint32uint8|g2_Selectuint8|vvn_NotEqualuint8|vn_copybool_int32|all_reduce_sumint32|all_reduce_sumint32
GPUPROF 187990.252732292 187990.253866500 13 44605444 nvfp4_quantize_bfloat16_t_gs_16_b_4|g3_copyuint8uint8|g2_Equaluint8|row_reduce_simple_minuint8|row_reduce_simple_maxuint8|row_reduce_small_1_reduce_andbool_|v_copyuint8int32|v_copyuint8int32|vv_Subtractint32|vs_LessEqualint32|vv_LogicalAndbool_|v_copybool_int32|all_reduce_sumint32
GPUPROF 187990.254189625 187990.254472292 30 34368004 v_copyuint8int32|g2_copyuint8uint8|vn_copyuint8int32|g2_Subtractint32|g2_Selectint32|vn_copyint32uint8|vsn_RightShiftuint16|vsn_BitwiseAnduint16|vsn_BitwiseAnduint16|vvn_BitwiseOruint16|vn_copyuint16uint8|vn_copyuint8int32|vsn_RightShiftint32|vsn_BitwiseAndint32|vsn_BitwiseAndint32|vs_Selectuint8|gg1_copyint32int32|gg1_copyint32int32|v_copyuint8int32|gg2_copyint32int32|gg2_copyint32int32|g2_Addint32|g3_copyint32int32|vs_Equaluint8|vn_copyint32uint8|g2_Selectuint8|vvn_NotEqualuint8|vn_copybool_int32|all_reduce_sumint32|all_reduce_sumint32
GPUPROF 187990.254927750 187990.255393375 6 50332176 g1_NotEqualuint8|vn_copybool_int32|gather_frontint32_int32_int_1|all_reduce_sumint32|all_reduce_sumint32|ss_Subtractint32
GPUPROF 187990.255527375 187990.255531417 1 8388613 gatheruint8int32_1_0_int
GPUPROF 187990.256842375 187990.260617500 12 201343516 gg2_copyuint8uint8|gg2_copyuint8uint8|gatheruint8int32_1_1_int|g3_copyuint8uint8|g1_NotEqualuint8|vn_copybool_int32|gather_frontint32_int32_int_1|all_reduce_sumint32|all_reduce_sumint32|gather_frontint32_int32_int_1|ss_Subtractint32|ss_Subtractint32
GPUPROF 187990.260799125 187990.260803250 1 16777221 gatheruint8int32_1_0_int
GPUPROF 187990.260921000 187990.260924500 1 16777221 gatheruint8int32_1_0_int
GPUPROF 187990.261402500 187990.262650625 19 56959492 nvfp4_quantize_bfloat16_t_gs_16_b_4|nvfp4_quantize_bfloat16_t_gs_16_b_4|nvfp4_quantize_bfloat16_t_gs_16_b_4|gg1_copyuint8uint8|gg1_copyuint8uint8|gg1_copyuint8uint8|g3_copyuint8uint8|g2_Equaluint8|row_reduce_simple_minuint8|row_reduce_simple_maxuint8|row_reduce_small_1_reduce_andbool_|v_copyuint8int32|v_copyuint8int32|vv_Subtractint32|vs_LessEqualint32|vv_LogicalAndbool_|v_copybool_int32|all_reduce_sumint32|all_reduce_sumint32
GPUPROF 187990.262975375 187990.263325125 30 43059716 v_copyuint8int32|g2_copyuint8uint8|vn_copyuint8int32|g2_Subtractint32|g2_Selectint32|vn_copyint32uint8|vsn_RightShiftuint16|vsn_BitwiseAnduint16|vsn_BitwiseAnduint16|vvn_BitwiseOruint16|vn_copyuint16uint8|vn_copyuint8int32|vsn_RightShiftint32|vsn_BitwiseAndint32|vsn_BitwiseAndint32|vs_Selectuint8|gg1_copyint32int32|gg1_copyint32int32|v_copyuint8int32|gg2_copyint32int32|gg2_copyint32int32|g2_Addint32|g3_copyint32int32|vs_Equaluint8|vn_copyint32uint8|g2_Selectuint8|vvn_NotEqualuint8|vn_copybool_int32|all_reduce_sumint32|all_reduce_sumint32
GPUPROF 187990.263842375 187990.264909292 13 44605444 nvfp4_quantize_bfloat16_t_gs_16_b_4|g3_copyuint8uint8|g2_Equaluint8|row_reduce_simple_minuint8|row_reduce_simple_maxuint8|row_reduce_small_1_reduce_andbool_|v_copyuint8int32|v_copyuint8int32|vv_Subtractint32|vs_LessEqualint32|vv_LogicalAndbool_|v_copybool_int32|all_reduce_sumint32
GPUPROF 187990.265263000 187990.265528875 30 34368004 v_copyuint8int32|g2_copyuint8uint8|vn_copyuint8int32|g2_Subtractint32|g2_Selectint32|vn_copyint32uint8|vsn_RightShiftuint16|vsn_BitwiseAnduint16|vsn_BitwiseAnduint16|vvn_BitwiseOruint16|vn_copyuint16uint8|vn_copyuint8int32|vsn_RightShiftint32|vsn_BitwiseAndint32|vsn_BitwiseAndint32|vs_Selectuint8|gg1_copyint32int32|gg1_copyint32int32|v_copyuint8int32|gg2_copyint32int32|gg2_copyint32int32|g2_Addint32|g3_copyint32int32|vs_Equaluint8|vn_copyint32uint8|g2_Selectuint8|vvn_NotEqualuint8|vn_copybool_int32|all_reduce_sumint32|all_reduce_sumint32
GPUPROF 187990.266011375 187990.266478042 6 50332176 g1_NotEqualuint8|vn_copybool_int32|gather_frontint32_int32_int_1|all_reduce_sumint32|all_reduce_sumint32|ss_Subtractint32
GPUPROF 187990.266600875 187990.266605625 1 8388613 gatheruint8int32_1_0_int
GPUPROF 187990.268134125 187990.272315000 12 201343516 gg2_copyuint8uint8|gg2_copyuint8uint8|gatheruint8int32_1_1_int|g3_copyuint8uint8|g1_NotEqualuint8|vn_copybool_int32|gather_frontint32_int32_int_1|all_reduce_sumint32|all_reduce_sumint32|gather_frontint32_int32_int_1|ss_Subtractint32|ss_Subtractint32
GPUPROF 187990.272503167 187990.272507917 1 16777221 gatheruint8int32_1_0_int
GPUPROF 187990.272637167 187990.272641042 1 16777221 gatheruint8int32_1_0_int
GPUPROF 187990.273141875 187990.274420125 19 56959492 nvfp4_quantize_bfloat16_t_gs_16_b_4|nvfp4_quantize_bfloat16_t_gs_16_b_4|nvfp4_quantize_bfloat16_t_gs_16_b_4|gg1_copyuint8uint8|gg1_copyuint8uint8|gg1_copyuint8uint8|g3_copyuint8uint8|g2_Equaluint8|row_reduce_simple_minuint8|row_reduce_simple_maxuint8|row_reduce_small_1_reduce_andbool_|v_copyuint8int32|v_copyuint8int32|vv_Subtractint32|vs_LessEqualint32|vv_LogicalAndbool_|v_copybool_int32|all_reduce_sumint32|all_reduce_sumint32
GPUPROF 187990.274735750 187990.275083875 30 43059716 v_copyuint8int32|g2_copyuint8uint8|vn_copyuint8int32|g2_Subtractint32|g2_Selectint32|vn_copyint32uint8|vsn_RightShiftuint16|vsn_BitwiseAnduint16|vsn_BitwiseAnduint16|vvn_BitwiseOruint16|vn_copyuint16uint8|vn_copyuint8int32|vsn_RightShiftint32|vsn_BitwiseAndint32|vsn_BitwiseAndint32|vs_Selectuint8|gg1_copyint32int32|gg1_copyint32int32|v_copyuint8int32|gg2_copyint32int32|gg2_copyint32int32|g2_Addint32|g3_copyint32int32|vs_Equaluint8|vn_copyint32uint8|g2_Selectuint8|vvn_NotEqualuint8|vn_copybool_int32|all_reduce_sumint32|all_reduce_sumint32
GPUPROF 187990.275586542 187990.276564375 13 44605444 nvfp4_quantize_bfloat16_t_gs_16_b_4|g3_copyuint8uint8|g2_Equaluint8|row_reduce_simple_minuint8|row_reduce_simple_maxuint8|row_reduce_small_1_reduce_andbool_|v_copyuint8int32|v_copyuint8int32|vv_Subtractint32|vs_LessEqualint32|vv_LogicalAndbool_|v_copybool_int32|all_reduce_sumint32
GPUPROF 187990.276899250 187990.277148750 30 34368004 v_copyuint8int32|g2_copyuint8uint8|vn_copyuint8int32|g2_Subtractint32|g2_Selectint32|vn_copyint32uint8|vsn_RightShiftuint16|vsn_BitwiseAnduint16|vsn_BitwiseAnduint16|vvn_BitwiseOruint16|vn_copyuint16uint8|vn_copyuint8int32|vsn_RightShiftint32|vsn_BitwiseAndint32|vsn_BitwiseAndint32|vs_Selectuint8|gg1_copyint32int32|gg1_copyint32int32|v_copyuint8int32|gg2_copyint32int32|gg2_copyint32int32|g2_Addint32|g3_copyint32int32|vs_Equaluint8|vn_copyint32uint8|g2_Selectuint8|vvn_NotEqualuint8|vn_copybool_int32|all_reduce_sumint32|all_reduce_sumint32
GPUPROF 187990.277606250 187990.278106417 6 50332176 g1_NotEqualuint8|vn_copybool_int32|gather_frontint32_int32_int_1|all_reduce_sumint32|all_reduce_sumint32|ss_Subtractint32
GPUPROF 187990.278239500 187990.278243500 1 8388613 gatheruint8int32_1_0_int
GPUPROF 187990.279817667 187990.283888125 12 201343516 gg2_copyuint8uint8|gg2_copyuint8uint8|gatheruint8int32_1_1_int|g3_copyuint8uint8|g1_NotEqualuint8|vn_copybool_int32|gather_frontint32_int32_int_1|all_reduce_sumint32|all_reduce_sumint32|gather_frontint32_int32_int_1|ss_Subtractint32|ss_Subtractint32
GPUPROF 187990.284063625 187990.284068125 1 16777221 gatheruint8int32_1_0_int
GPUPROF 187990.284182000 187990.284186042 1 16777221 gatheruint8int32_1_0_int
GPUPROF 187990.284722625 187990.285890875 19 45515268 nvfp4_quantize_bfloat16_t_gs_16_b_4|nvfp4_quantize_bfloat16_t_gs_16_b_4|nvfp4_quantize_bfloat16_t_gs_16_b_4|gg1_copyuint8uint8|gg1_copyuint8uint8|gg1_copyuint8uint8|g3_copyuint8uint8|g2_Equaluint8|row_reduce_simple_minuint8|row_reduce_simple_maxuint8|row_reduce_small_1_reduce_andbool_|v_copyuint8int32|v_copyuint8int32|vv_Subtractint32|vs_LessEqualint32|vv_LogicalAndbool_|v_copybool_int32|all_reduce_sumint32|all_reduce_sumint32
GPUPROF 187990.286222000 187990.286520500 30 34447876 v_copyuint8int32|g2_copyuint8uint8|vn_copyuint8int32|g2_Subtractint32|g2_Selectint32|vn_copyint32uint8|vsn_RightShiftuint16|vsn_BitwiseAnduint16|vsn_BitwiseAnduint16|vvn_BitwiseOruint16|vn_copyuint16uint8|vn_copyuint8int32|vsn_RightShiftint32|vsn_BitwiseAndint32|vsn_BitwiseAndint32|vs_Selectuint8|gg1_copyint32int32|gg1_copyint32int32|v_copyuint8int32|gg2_copyint32int32|gg2_copyint32int32|g2_Addint32|g3_copyint32int32|vs_Equaluint8|vn_copyint32uint8|g2_Selectuint8|vvn_NotEqualuint8|vn_copybool_int32|all_reduce_sumint32|all_reduce_sumint32
GPUPROF 187990.287012292 187990.287877417 13 33464324 nvfp4_quantize_bfloat16_t_gs_16_b_4|g3_copyuint8uint8|g2_Equaluint8|row_reduce_simple_minuint8|row_reduce_simple_maxuint8|row_reduce_small_1_reduce_andbool_|v_copyuint8int32|v_copyuint8int32|vv_Subtractint32|vs_LessEqualint32|vv_LogicalAndbool_|v_copybool_int32|all_reduce_sumint32
GPUPROF 187990.288133167 187990.288380125 30 25782788 v_copyuint8int32|g2_copyuint8uint8|vn_copyuint8int32|g2_Subtractint32|g2_Selectint32|vn_copyint32uint8|vsn_RightShiftuint16|vsn_BitwiseAnduint16|vsn_BitwiseAnduint16|vvn_BitwiseOruint16|vn_copyuint16uint8|vn_copyuint8int32|vsn_RightShiftint32|vsn_BitwiseAndint32|vsn_BitwiseAndint32|vs_Selectuint8|gg1_copyint32int32|gg1_copyint32int32|v_copyuint8int32|gg2_copyint32int32|gg2_copyint32int32|g2_Addint32|g3_copyint32int32|vs_Equaluint8|vn_copyint32uint8|g2_Selectuint8|vvn_NotEqualuint8|vn_copybool_int32|all_reduce_sumint32|all_reduce_sumint32
GPUPROF 187990.288680042 187990.289143000 6 50332176 g1_NotEqualuint8|vn_copybool_int32|gather_frontint32_int32_int_1|all_reduce_sumint32|all_reduce_sumint32|ss_Subtractint32
GPUPROF 187990.289260875 187990.289265250 1 8388613 gatheruint8int32_1_0_int
GPUPROF 187990.290768625 187990.295069875 12 201343516 gg2_copyuint8uint8|gg2_copyuint8uint8|gatheruint8int32_1_1_int|g3_copyuint8uint8|g1_NotEqualuint8|vn_copybool_int32|gather_frontint32_int32_int_1|all_reduce_sumint32|all_reduce_sumint32|gather_frontint32_int32_int_1|ss_Subtractint32|ss_Subtractint32
GPUPROF 187990.295239417 187990.295243625 1 16777221 gatheruint8int32_1_0_int
GPUPROF 187990.295363625 187990.295367167 1 16777221 gatheruint8int32_1_0_int
GPUPROF 187990.295863375 187990.297111417 19 56959492 nvfp4_quantize_bfloat16_t_gs_16_b_4|nvfp4_quantize_bfloat16_t_gs_16_b_4|nvfp4_quantize_bfloat16_t_gs_16_b_4|gg1_copyuint8uint8|gg1_copyuint8uint8|gg1_copyuint8uint8|g3_copyuint8uint8|g2_Equaluint8|row_reduce_simple_minuint8|row_reduce_simple_maxuint8|row_reduce_small_1_reduce_andbool_|v_copyuint8int32|v_copyuint8int32|vv_Subtractint32|vs_LessEqualint32|vv_LogicalAndbool_|v_copybool_int32|all_reduce_sumint32|all_reduce_sumint32
GPUPROF 187990.297427667 187990.297797042 30 43059716 v_copyuint8int32|g2_copyuint8uint8|vn_copyuint8int32|g2_Subtractint32|g2_Selectint32|vn_copyint32uint8|vsn_RightShiftuint16|vsn_BitwiseAnduint16|vsn_BitwiseAnduint16|vvn_BitwiseOruint16|vn_copyuint16uint8|vn_copyuint8int32|vsn_RightShiftint32|vsn_BitwiseAndint32|vsn_BitwiseAndint32|vs_Selectuint8|gg1_copyint32int32|gg1_copyint32int32|v_copyuint8int32|gg2_copyint32int32|gg2_copyint32int32|g2_Addint32|g3_copyint32int32|vs_Equaluint8|vn_copyint32uint8|g2_Selectuint8|vvn_NotEqualuint8|vn_copybool_int32|all_reduce_sumint32|all_reduce_sumint32
GPUPROF 187990.298374667 187990.299512292 13 44605444 nvfp4_quantize_bfloat16_t_gs_16_b_4|g3_copyuint8uint8|g2_Equaluint8|row_reduce_simple_minuint8|row_reduce_simple_maxuint8|row_reduce_small_1_reduce_andbool_|v_copyuint8int32|v_copyuint8int32|vv_Subtractint32|vs_LessEqualint32|vv_LogicalAndbool_|v_copybool_int32|all_reduce_sumint32
GPUPROF 187990.299837125 187990.300120167 30 34368004 v_copyuint8int32|g2_copyuint8uint8|vn_copyuint8int32|g2_Subtractint32|g2_Selectint32|vn_copyint32uint8|vsn_RightShiftuint16|vsn_BitwiseAnduint16|vsn_BitwiseAnduint16|vvn_BitwiseOruint16|vn_copyuint16uint8|vn_copyuint8int32|vsn_RightShiftint32|vsn_BitwiseAndint32|vsn_BitwiseAndint32|vs_Selectuint8|gg1_copyint32int32|gg1_copyint32int32|v_copyuint8int32|gg2_copyint32int32|gg2_copyint32int32|g2_Addint32|g3_copyint32int32|vs_Equaluint8|vn_copyint32uint8|g2_Selectuint8|vvn_NotEqualuint8|vn_copybool_int32|all_reduce_sumint32|all_reduce_sumint32
GPUPROF 187990.300543250 187990.301009542 6 50332176 g1_NotEqualuint8|vn_copybool_int32|gather_frontint32_int32_int_1|all_reduce_sumint32|all_reduce_sumint32|ss_Subtractint32
GPUPROF 187990.301137542 187990.301141875 1 8388613 gatheruint8int32_1_0_int
GPUPROF 187990.302512917 187990.306691042 12 201343516 gg2_copyuint8uint8|gg2_copyuint8uint8|gatheruint8int32_1_1_int|g3_copyuint8uint8|g1_NotEqualuint8|vn_copybool_int32|gather_frontint32_int32_int_1|all_reduce_sumint32|all_reduce_sumint32|gather_frontint32_int32_int_1|ss_Subtractint32|ss_Subtractint32
GPUPROF 187990.306892000 187990.306896292 1 16777221 gatheruint8int32_1_0_int
GPUPROF 187990.307018875 187990.307022750 1 16777221 gatheruint8int32_1_0_int
GPUPROF 187990.307528500 187990.308976250 19 56959492 nvfp4_quantize_bfloat16_t_gs_16_b_4|nvfp4_quantize_bfloat16_t_gs_16_b_4|nvfp4_quantize_bfloat16_t_gs_16_b_4|gg1_copyuint8uint8|gg1_copyuint8uint8|gg1_copyuint8uint8|g3_copyuint8uint8|g2_Equaluint8|row_reduce_simple_minuint8|row_reduce_simple_maxuint8|row_reduce_small_1_reduce_andbool_|v_copyuint8int32|v_copyuint8int32|vv_Subtractint32|vs_LessEqualint32|vv_LogicalAndbool_|v_copybool_int32|all_reduce_sumint32|all_reduce_sumint32
GPUPROF 187990.309294125 187990.309701250 30 43059716 v_copyuint8int32|g2_copyuint8uint8|vn_copyuint8int32|g2_Subtractint32|g2_Selectint32|vn_copyint32uint8|vsn_RightShiftuint16|vsn_BitwiseAnduint16|vsn_BitwiseAnduint16|vvn_BitwiseOruint16|vn_copyuint16uint8|vn_copyuint8int32|vsn_RightShiftint32|vsn_BitwiseAndint32|vsn_BitwiseAndint32|vs_Selectuint8|gg1_copyint32int32|gg1_copyint32int32|v_copyuint8int32|gg2_copyint32int32|gg2_copyint32int32|g2_Addint32|g3_copyint32int32|vs_Equaluint8|vn_copyint32uint8|g2_Selectuint8|vvn_NotEqualuint8|vn_copybool_int32|all_reduce_sumint32|all_reduce_sumint32
GPUPROF 187990.310253667 187990.311387250 13 44605444 nvfp4_quantize_bfloat16_t_gs_16_b_4|g3_copyuint8uint8|g2_Equaluint8|row_reduce_simple_minuint8|row_reduce_simple_maxuint8|row_reduce_small_1_reduce_andbool_|v_copyuint8int32|v_copyuint8int32|vv_Subtractint32|vs_LessEqualint32|vv_LogicalAndbool_|v_copybool_int32|all_reduce_sumint32
GPUPROF 187990.311682625 187990.311966500 30 34368004 v_copyuint8int32|g2_copyuint8uint8|vn_copyuint8int32|g2_Subtractint32|g2_Selectint32|vn_copyint32uint8|vsn_RightShiftuint16|vsn_BitwiseAnduint16|vsn_BitwiseAnduint16|vvn_BitwiseOruint16|vn_copyuint16uint8|vn_copyuint8int32|vsn_RightShiftint32|vsn_BitwiseAndint32|vsn_BitwiseAndint32|vs_Selectuint8|gg1_copyint32int32|gg1_copyint32int32|v_copyuint8int32|gg2_copyint32int32|gg2_copyint32int32|g2_Addint32|g3_copyint32int32|vs_Equaluint8|vn_copyint32uint8|g2_Selectuint8|vvn_NotEqualuint8|vn_copybool_int32|all_reduce_sumint32|all_reduce_sumint32
GPUPROF 187990.312404417 187990.312868250 6 50332176 g1_NotEqualuint8|vn_copybool_int32|gather_frontint32_int32_int_1|all_reduce_sumint32|all_reduce_sumint32|ss_Subtractint32
GPUPROF 187990.312986167 187990.312990542 1 8388613 gatheruint8int32_1_0_int
GPUPROF 187990.314677000 187990.318989500 12 201343516 gg2_copyuint8uint8|gg2_copyuint8uint8|gatheruint8int32_1_1_int|g3_copyuint8uint8|g1_NotEqualuint8|vn_copybool_int32|gather_frontint32_int32_int_1|all_reduce_sumint32|all_reduce_sumint32|gather_frontint32_int32_int_1|ss_Subtractint32|ss_Subtractint32
GPUPROF 187990.319153500 187990.319157792 1 16777221 gatheruint8int32_1_0_int
GPUPROF 187990.319276250 187990.319280167 1 16777221 gatheruint8int32_1_0_int
GPUPROF 187990.320008667 187990.321455167 19 56959492 nvfp4_quantize_bfloat16_t_gs_16_b_4|nvfp4_quantize_bfloat16_t_gs_16_b_4|nvfp4_quantize_bfloat16_t_gs_16_b_4|gg1_copyuint8uint8|gg1_copyuint8uint8|gg1_copyuint8uint8|g3_copyuint8uint8|g2_Equaluint8|row_reduce_simple_minuint8|row_reduce_simple_maxuint8|row_reduce_small_1_reduce_andbool_|v_copyuint8int32|v_copyuint8int32|vv_Subtractint32|vs_LessEqualint32|vv_LogicalAndbool_|v_copybool_int32|all_reduce_sumint32|all_reduce_sumint32
GPUPROF 187990.321788667 187990.322187625 30 43059716 v_copyuint8int32|g2_copyuint8uint8|vn_copyuint8int32|g2_Subtractint32|g2_Selectint32|vn_copyint32uint8|vsn_RightShiftuint16|vsn_BitwiseAnduint16|vsn_BitwiseAnduint16|vvn_BitwiseOruint16|vn_copyuint16uint8|vn_copyuint8int32|vsn_RightShiftint32|vsn_BitwiseAndint32|vsn_BitwiseAndint32|vs_Selectuint8|gg1_copyint32int32|gg1_copyint32int32|v_copyuint8int32|gg2_copyint32int32|gg2_copyint32int32|g2_Addint32|g3_copyint32int32|vs_Equaluint8|vn_copyint32uint8|g2_Selectuint8|vvn_NotEqualuint8|vn_copybool_int32|all_reduce_sumint32|all_reduce_sumint32
GPUPROF 187990.322778000 187990.323911417 13 44605444 nvfp4_quantize_bfloat16_t_gs_16_b_4|g3_copyuint8uint8|g2_Equaluint8|row_reduce_simple_minuint8|row_reduce_simple_maxuint8|row_reduce_small_1_reduce_andbool_|v_copyuint8int32|v_copyuint8int32|vv_Subtractint32|vs_LessEqualint32|vv_LogicalAndbool_|v_copybool_int32|all_reduce_sumint32
GPUPROF 187990.324251750 187990.324534625 30 34368004 v_copyuint8int32|g2_copyuint8uint8|vn_copyuint8int32|g2_Subtractint32|g2_Selectint32|vn_copyint32uint8|vsn_RightShiftuint16|vsn_BitwiseAnduint16|vsn_BitwiseAnduint16|vvn_BitwiseOruint16|vn_copyuint16uint8|vn_copyuint8int32|vsn_RightShiftint32|vsn_BitwiseAndint32|vsn_BitwiseAndint32|vs_Selectuint8|gg1_copyint32int32|gg1_copyint32int32|v_copyuint8int32|gg2_copyint32int32|gg2_copyint32int32|g2_Addint32|g3_copyint32int32|vs_Equaluint8|vn_copyint32uint8|g2_Selectuint8|vvn_NotEqualuint8|vn_copybool_int32|all_reduce_sumint32|all_reduce_sumint32
GPUPROF 187990.325009542 187990.325479125 6 50332176 g1_NotEqualuint8|vn_copybool_int32|gather_frontint32_int32_int_1|all_reduce_sumint32|all_reduce_sumint32|ss_Subtractint32
GPUPROF 187990.325638250 187990.325642500 1 8388613 gatheruint8int32_1_0_int
GPUPROF 187990.327178875 187990.331394625 12 201343516 gg2_copyuint8uint8|gg2_copyuint8uint8|gatheruint8int32_1_1_int|g3_copyuint8uint8|g1_NotEqualuint8|vn_copybool_int32|gather_frontint32_int32_int_1|all_reduce_sumint32|all_reduce_sumint32|gather_frontint32_int32_int_1|ss_Subtractint32|ss_Subtractint32
GPUPROF 187990.331583750 187990.331588667 1 16777221 gatheruint8int32_1_0_int
GPUPROF 187990.331710000 187990.331714542 1 16777221 gatheruint8int32_1_0_int
GPUPROF 187990.332239792 187990.333745042 19 45515268 nvfp4_quantize_bfloat16_t_gs_16_b_4|nvfp4_quantize_bfloat16_t_gs_16_b_4|nvfp4_quantize_bfloat16_t_gs_16_b_4|gg1_copyuint8uint8|gg1_copyuint8uint8|gg1_copyuint8uint8|g3_copyuint8uint8|g2_Equaluint8|row_reduce_simple_minuint8|row_reduce_simple_maxuint8|row_reduce_small_1_reduce_andbool_|v_copyuint8int32|v_copyuint8int32|vv_Subtractint32|vs_LessEqualint32|vv_LogicalAndbool_|v_copybool_int32|all_reduce_sumint32|all_reduce_sumint32
GPUPROF 187990.334093500 187990.334462125 30 34447876 v_copyuint8int32|g2_copyuint8uint8|vn_copyuint8int32|g2_Subtractint32|g2_Selectint32|vn_copyint32uint8|vsn_RightShiftuint16|vsn_BitwiseAnduint16|vsn_BitwiseAnduint16|vvn_BitwiseOruint16|vn_copyuint16uint8|vn_copyuint8int32|vsn_RightShiftint32|vsn_BitwiseAndint32|vsn_BitwiseAndint32|vs_Selectuint8|gg1_copyint32int32|gg1_copyint32int32|v_copyuint8int32|gg2_copyint32int32|gg2_copyint32int32|g2_Addint32|g3_copyint32int32|vs_Equaluint8|vn_copyint32uint8|g2_Selectuint8|vvn_NotEqualuint8|vn_copybool_int32|all_reduce_sumint32|all_reduce_sumint32
GPUPROF 187990.334967250 187990.335833167 13 33464324 nvfp4_quantize_bfloat16_t_gs_16_b_4|g3_copyuint8uint8|g2_Equaluint8|row_reduce_simple_minuint8|row_reduce_simple_maxuint8|row_reduce_small_1_reduce_andbool_|v_copyuint8int32|v_copyuint8int32|vv_Subtractint32|vs_LessEqualint32|vv_LogicalAndbool_|v_copybool_int32|all_reduce_sumint32
GPUPROF 187990.336100875 187990.336347875 30 25782788 v_copyuint8int32|g2_copyuint8uint8|vn_copyuint8int32|g2_Subtractint32|g2_Selectint32|vn_copyint32uint8|vsn_RightShiftuint16|vsn_BitwiseAnduint16|vsn_BitwiseAnduint16|vvn_BitwiseOruint16|vn_copyuint16uint8|vn_copyuint8int32|vsn_RightShiftint32|vsn_BitwiseAndint32|vsn_BitwiseAndint32|vs_Selectuint8|gg1_copyint32int32|gg1_copyint32int32|v_copyuint8int32|gg2_copyint32int32|gg2_copyint32int32|g2_Addint32|g3_copyint32int32|vs_Equaluint8|vn_copyint32uint8|g2_Selectuint8|vvn_NotEqualuint8|vn_copybool_int32|all_reduce_sumint32|all_reduce_sumint32
GPUPROF 187990.336652375 187990.337114167 6 50332176 g1_NotEqualuint8|vn_copybool_int32|gather_frontint32_int32_int_1|all_reduce_sumint32|all_reduce_sumint32|ss_Subtractint32
GPUPROF 187990.337243625 187990.337248000 1 8388613 gatheruint8int32_1_0_int
GPUPROF 187990.339018500 187990.343254375 12 201343516 gg2_copyuint8uint8|gg2_copyuint8uint8|gatheruint8int32_1_1_int|g3_copyuint8uint8|g1_NotEqualuint8|vn_copybool_int32|gather_frontint32_int32_int_1|all_reduce_sumint32|all_reduce_sumint32|gather_frontint32_int32_int_1|ss_Subtractint32|ss_Subtractint32
GPUPROF 187990.343418250 187990.343422667 1 16777221 gatheruint8int32_1_0_int
GPUPROF 187990.343539417 187990.343543250 1 16777221 gatheruint8int32_1_0_int
GPUPROF 187990.344062417 187990.345509917 19 56959492 nvfp4_quantize_bfloat16_t_gs_16_b_4|nvfp4_quantize_bfloat16_t_gs_16_b_4|nvfp4_quantize_bfloat16_t_gs_16_b_4|gg1_copyuint8uint8|gg1_copyuint8uint8|gg1_copyuint8uint8|g3_copyuint8uint8|g2_Equaluint8|row_reduce_simple_minuint8|row_reduce_simple_maxuint8|row_reduce_small_1_reduce_andbool_|v_copyuint8int32|v_copyuint8int32|vv_Subtractint32|vs_LessEqualint32|vv_LogicalAndbool_|v_copybool_int32|all_reduce_sumint32|all_reduce_sumint32
GPUPROF 187990.345852625 187990.346249792 30 43059716 v_copyuint8int32|g2_copyuint8uint8|vn_copyuint8int32|g2_Subtractint32|g2_Selectint32|vn_copyint32uint8|vsn_RightShiftuint16|vsn_BitwiseAnduint16|vsn_BitwiseAnduint16|vvn_BitwiseOruint16|vn_copyuint16uint8|vn_copyuint8int32|vsn_RightShiftint32|vsn_BitwiseAndint32|vsn_BitwiseAndint32|vs_Selectuint8|gg1_copyint32int32|gg1_copyint32int32|v_copyuint8int32|gg2_copyint32int32|gg2_copyint32int32|g2_Addint32|g3_copyint32int32|vs_Equaluint8|vn_copyint32uint8|g2_Selectuint8|vvn_NotEqualuint8|vn_copybool_int32|all_reduce_sumint32|all_reduce_sumint32
GPUPROF 187990.347045042 187990.348350792 13 44605444 nvfp4_quantize_bfloat16_t_gs_16_b_4|g3_copyuint8uint8|g2_Equaluint8|row_reduce_simple_minuint8|row_reduce_simple_maxuint8|row_reduce_small_1_reduce_andbool_|v_copyuint8int32|v_copyuint8int32|vv_Subtractint32|vs_LessEqualint32|vv_LogicalAndbool_|v_copybool_int32|all_reduce_sumint32
GPUPROF 187990.348676667 187990.349014750 30 34368004 v_copyuint8int32|g2_copyuint8uint8|vn_copyuint8int32|g2_Subtractint32|g2_Selectint32|vn_copyint32uint8|vsn_RightShiftuint16|vsn_BitwiseAnduint16|vsn_BitwiseAnduint16|vvn_BitwiseOruint16|vn_copyuint16uint8|vn_copyuint8int32|vsn_RightShiftint32|vsn_BitwiseAndint32|vsn_BitwiseAndint32|vs_Selectuint8|gg1_copyint32int32|gg1_copyint32int32|v_copyuint8int32|gg2_copyint32int32|gg2_copyint32int32|g2_Addint32|g3_copyint32int32|vs_Equaluint8|vn_copyint32uint8|g2_Selectuint8|vvn_NotEqualuint8|vn_copybool_int32|all_reduce_sumint32|all_reduce_sumint32
GPUPROF 187990.349486125 187990.350012125 6 50332176 g1_NotEqualuint8|vn_copybool_int32|gather_frontint32_int32_int_1|all_reduce_sumint32|all_reduce_sumint32|ss_Subtractint32
GPUPROF 187990.350162250 187990.350167375 1 8388613 gatheruint8int32_1_0_int
GPUPROF 187990.351596000 187990.356158167 12 201343516 gg2_copyuint8uint8|gg2_copyuint8uint8|gatheruint8int32_1_1_int|g3_copyuint8uint8|g1_NotEqualuint8|vn_copybool_int32|gather_frontint32_int32_int_1|all_reduce_sumint32|all_reduce_sumint32|gather_frontint32_int32_int_1|ss_Subtractint32|ss_Subtractint32
GPUPROF 187990.356340875 187990.356345250 1 16777221 gatheruint8int32_1_0_int
GPUPROF 187990.356466917 187990.356470750 1 16777221 gatheruint8int32_1_0_int
GPUPROF 187990.357103000 187990.358550917 19 56959492 nvfp4_quantize_bfloat16_t_gs_16_b_4|nvfp4_quantize_bfloat16_t_gs_16_b_4|nvfp4_quantize_bfloat16_t_gs_16_b_4|gg1_copyuint8uint8|gg1_copyuint8uint8|gg1_copyuint8uint8|g3_copyuint8uint8|g2_Equaluint8|row_reduce_simple_minuint8|row_reduce_simple_maxuint8|row_reduce_small_1_reduce_andbool_|v_copyuint8int32|v_copyuint8int32|vv_Subtractint32|vs_LessEqualint32|vv_LogicalAndbool_|v_copybool_int32|all_reduce_sumint32|all_reduce_sumint32
GPUPROF 187990.358867042 187990.359255750 30 43059716 v_copyuint8int32|g2_copyuint8uint8|vn_copyuint8int32|g2_Subtractint32|g2_Selectint32|vn_copyint32uint8|vsn_RightShiftuint16|vsn_BitwiseAnduint16|vsn_BitwiseAnduint16|vvn_BitwiseOruint16|vn_copyuint16uint8|vn_copyuint8int32|vsn_RightShiftint32|vsn_BitwiseAndint32|vsn_BitwiseAndint32|vs_Selectuint8|gg1_copyint32int32|gg1_copyint32int32|v_copyuint8int32|gg2_copyint32int32|gg2_copyint32int32|g2_Addint32|g3_copyint32int32|vs_Equaluint8|vn_copyint32uint8|g2_Selectuint8|vvn_NotEqualuint8|vn_copybool_int32|all_reduce_sumint32|all_reduce_sumint32
GPUPROF 187990.359910000 187990.361044125 13 44605444 nvfp4_quantize_bfloat16_t_gs_16_b_4|g3_copyuint8uint8|g2_Equaluint8|row_reduce_simple_minuint8|row_reduce_simple_maxuint8|row_reduce_small_1_reduce_andbool_|v_copyuint8int32|v_copyuint8int32|vv_Subtractint32|vs_LessEqualint32|vv_LogicalAndbool_|v_copybool_int32|all_reduce_sumint32
GPUPROF 187990.361429125 187990.361716000 30 34368004 v_copyuint8int32|g2_copyuint8uint8|vn_copyuint8int32|g2_Subtractint32|g2_Selectint32|vn_copyint32uint8|vsn_RightShiftuint16|vsn_BitwiseAnduint16|vsn_BitwiseAnduint16|vvn_BitwiseOruint16|vn_copyuint16uint8|vn_copyuint8int32|vsn_RightShiftint32|vsn_BitwiseAndint32|vsn_BitwiseAndint32|vs_Selectuint8|gg1_copyint32int32|gg1_copyint32int32|v_copyuint8int32|gg2_copyint32int32|gg2_copyint32int32|g2_Addint32|g3_copyint32int32|vs_Equaluint8|vn_copyint32uint8|g2_Selectuint8|vvn_NotEqualuint8|vn_copybool_int32|all_reduce_sumint32|all_reduce_sumint32
GPUPROF 187990.362184542 187990.362650625 6 50332176 g1_NotEqualuint8|vn_copybool_int32|gather_frontint32_int32_int_1|all_reduce_sumint32|all_reduce_sumint32|ss_Subtractint32
GPUPROF 187990.362790542 187990.362794750 1 8388613 gatheruint8int32_1_0_int
GPUPROF 187990.364294625 187990.369229542 12 201343516 gg2_copyuint8uint8|gg2_copyuint8uint8|gatheruint8int32_1_1_int|g3_copyuint8uint8|g1_NotEqualuint8|vn_copybool_int32|gather_frontint32_int32_int_1|all_reduce_sumint32|all_reduce_sumint32|gather_frontint32_int32_int_1|ss_Subtractint32|ss_Subtractint32
GPUPROF 187990.369442042 187990.369447250 1 16777221 gatheruint8int32_1_0_int
GPUPROF 187990.369565750 187990.369570250 1 16777221 gatheruint8int32_1_0_int
GPUPROF 187990.370112000 187990.371973000 19 56959492 nvfp4_quantize_bfloat16_t_gs_16_b_4|nvfp4_quantize_bfloat16_t_gs_16_b_4|nvfp4_quantize_bfloat16_t_gs_16_b_4|gg1_copyuint8uint8|gg1_copyuint8uint8|gg1_copyuint8uint8|g3_copyuint8uint8|g2_Equaluint8|row_reduce_simple_minuint8|row_reduce_simple_maxuint8|row_reduce_small_1_reduce_andbool_|v_copyuint8int32|v_copyuint8int32|vv_Subtractint32|vs_LessEqualint32|vv_LogicalAndbool_|v_copybool_int32|all_reduce_sumint32|all_reduce_sumint32
GPUPROF 187990.372279500 187990.372711625 30 43059716 v_copyuint8int32|g2_copyuint8uint8|vn_copyuint8int32|g2_Subtractint32|g2_Selectint32|vn_copyint32uint8|vsn_RightShiftuint16|vsn_BitwiseAnduint16|vsn_BitwiseAnduint16|vvn_BitwiseOruint16|vn_copyuint16uint8|vn_copyuint8int32|vsn_RightShiftint32|vsn_BitwiseAndint32|vsn_BitwiseAndint32|vs_Selectuint8|gg1_copyint32int32|gg1_copyint32int32|v_copyuint8int32|gg2_copyint32int32|gg2_copyint32int32|g2_Addint32|g3_copyint32int32|vs_Equaluint8|vn_copyint32uint8|g2_Selectuint8|vvn_NotEqualuint8|vn_copybool_int32|all_reduce_sumint32|all_reduce_sumint32
GPUPROF 187990.373226917 187990.374361625 13 44605444 nvfp4_quantize_bfloat16_t_gs_16_b_4|g3_copyuint8uint8|g2_Equaluint8|row_reduce_simple_minuint8|row_reduce_simple_maxuint8|row_reduce_small_1_reduce_andbool_|v_copyuint8int32|v_copyuint8int32|vv_Subtractint32|vs_LessEqualint32|vv_LogicalAndbool_|v_copybool_int32|all_reduce_sumint32
GPUPROF 187990.374678500 187990.374961750 30 34368004 v_copyuint8int32|g2_copyuint8uint8|vn_copyuint8int32|g2_Subtractint32|g2_Selectint32|vn_copyint32uint8|vsn_RightShiftuint16|vsn_BitwiseAnduint16|vsn_BitwiseAnduint16|vvn_BitwiseOruint16|vn_copyuint16uint8|vn_copyuint8int32|vsn_RightShiftint32|vsn_BitwiseAndint32|vsn_BitwiseAndint32|vs_Selectuint8|gg1_copyint32int32|gg1_copyint32int32|v_copyuint8int32|gg2_copyint32int32|gg2_copyint32int32|g2_Addint32|g3_copyint32int32|vs_Equaluint8|vn_copyint32uint8|g2_Selectuint8|vvn_NotEqualuint8|vn_copybool_int32|all_reduce_sumint32|all_reduce_sumint32
GPUPROF 187990.375401125 187990.375867000 6 50332176 g1_NotEqualuint8|vn_copybool_int32|gather_frontint32_int32_int_1|all_reduce_sumint32|all_reduce_sumint32|ss_Subtractint32
GPUPROF 187990.376005542 187990.376009792 1 8388613 gatheruint8int32_1_0_int
GPUPROF 187990.377466917 187990.381732417 12 201343516 gg2_copyuint8uint8|gg2_copyuint8uint8|gatheruint8int32_1_1_int|g3_copyuint8uint8|g1_NotEqualuint8|vn_copybool_int32|gather_frontint32_int32_int_1|all_reduce_sumint32|all_reduce_sumint32|gather_frontint32_int32_int_1|ss_Subtractint32|ss_Subtractint32
GPUPROF 187990.381898000 187990.381902750 1 16777221 gatheruint8int32_1_0_int
GPUPROF 187990.382019625 187990.382024167 1 16777221 gatheruint8int32_1_0_int
GPUPSO gg2_copyuint32uint32 maxThreads=1024 execWidth=32 tgMem=0
GPUPSO gg1_copyuint32uint32 maxThreads=1024 execWidth=32 tgMem=0
GPUPSO gg1_copybfloat16bfloat16 maxThreads=1024 execWidth=32 tgMem=0
GPUPSO affine_quantize_bfloat16_t_gs_32_b_8 maxThreads=1024 execWidth=32 tgMem=0
GPUPROF 187990.397114000 187990.403377292 12 855639040 gg1_copyuint8uint8|gg1_copyuint8uint8|gg1_copyuint8uint8|gg1_copyuint8uint8|gg2_copyuint32uint32|gg2_copyuint32uint32|gg1_copyuint8uint8|gg1_copyuint8uint8|gg1_copyuint8uint8|gg1_copyuint8uint8|gg2_copyuint32uint32|gg2_copyuint32uint32
GPUPROF 187990.412550750 187990.419289042 12 855639040 gg1_copyuint8uint8|gg1_copyuint8uint8|gg1_copyuint8uint8|gg1_copyuint8uint8|gg2_copyuint32uint32|gg2_copyuint32uint32|gg1_copyuint8uint8|gg1_copyuint8uint8|gg1_copyuint8uint8|gg1_copyuint8uint8|gg2_copyuint32uint32|gg2_copyuint32uint32
GPUPROF 187990.424795917 187990.428685667 42 587428352 gg1_copyuint8uint8|gg1_copyuint8uint8|gg1_copyuint32uint32|gg1_copyuint32uint32|gg1_copybfloat16bfloat16|gg1_copybfloat16bfloat16|gg1_copybfloat16bfloat16|gg1_copybfloat16bfloat16|affine_quantize_bfloat16_t_gs_32_b_8|gg1_copyuint32uint32|gg1_copyuint32uint32|gg1_copyuint32uint32|gg1_copyuint8uint8|gg1_copyuint8uint8|gg1_copyuint32uint32|gg1_copyuint32uint32|affine_quantize_bfloat16_t_gs_32_b_8|gg1_copyuint32uint32|gg1_copyuint32uint32|gg1_copyuint32uint32|gg1_copyuint8uint8|gg1_copyuint8uint8|gg1_copyuint32uint32|gg1_copyuint32uint32|affine_quantize_bfloat16_t_gs_32_b_8|gg1_copyuint32uint32|gg1_copyuint32uint32|gg1_copyuint32uint32|gg1_copyuint8uint8|gg1_copyuint8uint8|gg1_copyuint32uint32|gg1_copyuint32uint32|affine_quantize_bfloat16_t_gs_32_b_8|gg1_copyuint32uint32|gg1_copyuint32uint32|gg1_copyuint32uint32|gg1_copyuint8uint8|gg1_copyuint8uint8|gg1_copyuint8uint8|gg1_copyuint8uint8|gg2_copyuint32uint32|gg2_copyuint32uint32
GPUPROF 187990.441281500 187990.447323875 12 855639040 gg1_copyuint8uint8|gg1_copyuint8uint8|gg1_copyuint8uint8|gg1_copyuint8uint8|gg2_copyuint32uint32|gg2_copyuint32uint32|gg1_copyuint8uint8|gg1_copyuint8uint8|gg1_copyuint8uint8|gg1_copyuint8uint8|gg2_copyuint32uint32|gg2_copyuint32uint32
GPUPROF 187990.458044250 187990.464166000 12 855639040 gg1_copyuint8uint8|gg1_copyuint8uint8|gg1_copyuint8uint8|gg1_copyuint8uint8|gg2_copyuint32uint32|gg2_copyuint32uint32|gg1_copyuint8uint8|gg1_copyuint8uint8|gg1_copyuint8uint8|gg1_copyuint8uint8|gg2_copyuint32uint32|gg2_copyuint32uint32
GPUPROF 187990.477137625 187990.483961000 12 855639040 gg1_copyuint8uint8|gg1_copyuint8uint8|gg1_copyuint8uint8|gg1_copyuint8uint8|gg2_copyuint32uint32|gg2_copyuint32uint32|gg1_copyuint8uint8|gg1_copyuint8uint8|gg1_copyuint8uint8|gg1_copyuint8uint8|gg2_copyuint32uint32|gg2_copyuint32uint32
GPUPROF 187990.487850750 187990.492819250 64 587674368 gg1_copyuint8uint8|gg1_copyuint8uint8|gg1_copyuint8uint8|gg1_copyuint8uint8|gg1_copyuint32uint32|gg1_copyuint32uint32|affine_quantize_bfloat16_t_gs_32_b_8|gg1_copyuint32uint32|gg1_copyuint32uint32|gg1_copyuint32uint32|gg1_copyuint8uint8|gg1_copyuint8uint8|gg1_copyuint32uint32|gg1_copyuint32uint32|affine_quantize_bfloat16_t_gs_32_b_8|gg1_copyuint32uint32|gg1_copyuint32uint32|gg1_copyuint32uint32|gg1_copyuint8uint8|gg1_copyuint8uint8|gg1_copyuint32uint32|gg1_copyuint32uint32|affine_quantize_bfloat16_t_gs_32_b_8|gg1_copyuint32uint32|gg1_copyuint32uint32|gg1_copyuint32uint32|gg1_copyuint8uint8|gg1_copyuint8uint8|gg1_copyuint32uint32|gg1_copyuint32uint32|affine_quantize_bfloat16_t_gs_32_b_8|gg1_copyuint32uint32|gg1_copyuint32uint32|gg1_copyuint32uint32|gg1_copyuint8uint8|gg1_copyuint8uint8|gg1_copyuint32uint32|gg1_copyuint32uint32|affine_quantize_bfloat16_t_gs_32_b_8|gg1_copyuint32uint32|gg1_copyuint32uint32|gg1_copyuint32uint32|gg1_copyuint8uint8|gg1_copyuint8uint8|gg1_copyuint32uint32|gg1_copyuint32uint32|affine_quantize_bfloat16_t_gs_32_b_8|gg1_copyuint32uint32|gg1_copyuint32uint32|gg1_copyuint32uint32|gg1_copyuint8uint8|gg1_copyuint8uint8|gg1_copyuint32uint32|gg1_copyuint32uint32|affine_quantize_bfloat16_t_gs_32_b_8|gg1_copyuint32uint32|gg1_copyuint32uint32|gg1_copyuint32uint32|gg1_copyuint8uint8|gg1_copyuint8uint8|gg2_copyuint32uint32|gg2_copyuint32uint32|gg1_copyuint8uint8|gg1_copyuint8uint8
GPUPROF 187990.501407125 187990.508029375 10 838861568 gg1_copyuint8uint8|gg1_copyuint8uint8|gg2_copyuint32uint32|gg2_copyuint32uint32|gg1_copyuint8uint8|gg1_copyuint8uint8|gg1_copyuint8uint8|gg1_copyuint8uint8|gg2_copyuint32uint32|gg2_copyuint32uint32
GPUPROF 187990.517419500 187990.524534875 12 855639040 gg1_copyuint8uint8|gg1_copyuint8uint8|gg1_copyuint8uint8|gg1_copyuint8uint8|gg2_copyuint32uint32|gg2_copyuint32uint32|gg1_copyuint8uint8|gg1_copyuint8uint8|gg1_copyuint8uint8|gg1_copyuint8uint8|gg2_copyuint32uint32|gg2_copyuint32uint32
GPUPROF 187990.533913500 187990.541246875 12 855639040 gg1_copyuint8uint8|gg1_copyuint8uint8|gg1_copyuint8uint8|gg1_copyuint8uint8|gg2_copyuint32uint32|gg2_copyuint32uint32|gg1_copyuint8uint8|gg1_copyuint8uint8|gg1_copyuint8uint8|gg1_copyuint8uint8|gg2_copyuint32uint32|gg2_copyuint32uint32
GPUPROF 187990.545557875 187990.550512042 64 583377664 gg1_copyuint8uint8|gg1_copyuint8uint8|gg1_copyuint8uint8|gg1_copyuint8uint8|gg1_copyuint8uint8|gg1_copyuint8uint8|gg1_copyuint32uint32|gg1_copyuint32uint32|affine_quantize_bfloat16_t_gs_32_b_8|gg1_copyuint32uint32|gg1_copyuint32uint32|gg1_copyuint32uint32|gg1_copyuint8uint8|gg1_copyuint8uint8|gg1_copyuint32uint32|gg1_copyuint32uint32|affine_quantize_bfloat16_t_gs_32_b_8|gg1_copyuint32uint32|gg1_copyuint32uint32|gg1_copyuint32uint32|gg1_copyuint8uint8|gg1_copyuint8uint8|gg1_copyuint32uint32|gg1_copyuint32uint32|affine_quantize_bfloat16_t_gs_32_b_8|gg1_copyuint32uint32|gg1_copyuint32uint32|gg1_copyuint32uint32|gg1_copyuint8uint8|gg1_copyuint8uint8|gg1_copyuint32uint32|gg1_copyuint32uint32|affine_quantize_bfloat16_t_gs_32_b_8|gg1_copyuint32uint32|gg1_copyuint32uint32|gg1_copyuint32uint32|gg1_copyuint8uint8|gg1_copyuint8uint8|gg1_copyuint32uint32|gg1_copyuint32uint32|affine_quantize_bfloat16_t_gs_32_b_8|gg1_copyuint32uint32|gg1_copyuint32uint32|gg1_copyuint32uint32|gg1_copyuint8uint8|gg1_copyuint8uint8|gg1_copyuint32uint32|gg1_copyuint32uint32|affine_quantize_bfloat16_t_gs_32_b_8|gg1_copyuint32uint32|gg1_copyuint32uint32|gg1_copyuint32uint32|gg1_copyuint8uint8|gg1_copyuint8uint8|gg1_copyuint32uint32|gg1_copyuint32uint32|affine_quantize_bfloat16_t_gs_32_b_8|gg1_copyuint32uint32|gg1_copyuint32uint32|gg1_copyuint32uint32|gg2_copyuint32uint32|gg2_copyuint32uint32|gg1_copyuint8uint8|gg1_copyuint8uint8
GPUPROF 187990.559750875 187990.566590875 10 838861568 gg1_copyuint8uint8|gg1_copyuint8uint8|gg2_copyuint32uint32|gg2_copyuint32uint32|gg1_copyuint8uint8|gg1_copyuint8uint8|gg1_copyuint8uint8|gg1_copyuint8uint8|gg2_copyuint32uint32|gg2_copyuint32uint32
GPUPSO rope_float32_ maxThreads=1024 execWidth=32 tgMem=0
GPUPSO rope_freqs_float32_ maxThreads=1024 execWidth=32 tgMem=0
GPUPROF 187990.574040875 187990.581169125 12 855639040 gg1_copyuint8uint8|gg1_copyuint8uint8|gg1_copyuint8uint8|gg1_copyuint8uint8|gg2_copyuint32uint32|gg2_copyuint32uint32|gg1_copyuint8uint8|gg1_copyuint8uint8|gg1_copyuint8uint8|gg1_copyuint8uint8|gg2_copyuint32uint32|gg2_copyuint32uint32
GPUPROF 187990.591178625 187990.598391167 12 855639040 gg1_copyuint8uint8|gg1_copyuint8uint8|gg1_copyuint8uint8|gg1_copyuint8uint8|gg2_copyuint32uint32|gg2_copyuint32uint32|gg1_copyuint8uint8|gg1_copyuint8uint8|gg1_copyuint8uint8|gg1_copyuint8uint8|gg2_copyuint32uint32|gg2_copyuint32uint32
GPUPROF 187990.602639250 187990.607743542 64 583377664 gg1_copyuint8uint8|gg1_copyuint8uint8|gg1_copyuint8uint8|gg1_copyuint8uint8|gg2_copyuint32uint32|gg2_copyuint32uint32|gg1_copyuint8uint8|gg1_copyuint8uint8|gg1_copyuint32uint32|gg1_copyuint32uint32|affine_quantize_bfloat16_t_gs_32_b_8|gg1_copyuint32uint32|gg1_copyuint32uint32|gg1_copyuint32uint32|gg1_copyuint8uint8|gg1_copyuint8uint8|gg1_copyuint32uint32|gg1_copyuint32uint32|affine_quantize_bfloat16_t_gs_32_b_8|gg1_copyuint32uint32|gg1_copyuint32uint32|gg1_copyuint32uint32|gg1_copyuint8uint8|gg1_copyuint8uint8|gg1_copyuint32uint32|gg1_copyuint32uint32|affine_quantize_bfloat16_t_gs_32_b_8|gg1_copyuint32uint32|gg1_copyuint32uint32|gg1_copyuint32uint32|gg1_copyuint8uint8|gg1_copyuint8uint8|gg1_copyuint32uint32|gg1_copyuint32uint32|affine_quantize_bfloat16_t_gs_32_b_8|gg1_copyuint32uint32|gg1_copyuint32uint32|gg1_copyuint32uint32|gg1_copyuint8uint8|gg1_copyuint8uint8|gg1_copyuint32uint32|gg1_copyuint32uint32|affine_quantize_bfloat16_t_gs_32_b_8|gg1_copyuint32uint32|gg1_copyuint32uint32|gg1_copyuint32uint32|gg1_copyuint8uint8|gg1_copyuint8uint8|gg1_copyuint32uint32|gg1_copyuint32uint32|affine_quantize_bfloat16_t_gs_32_b_8|gg1_copyuint32uint32|gg1_copyuint32uint32|gg1_copyuint32uint32|gg1_copyuint8uint8|gg1_copyuint8uint8|gg1_copyuint32uint32|gg1_copyuint32uint32|affine_quantize_bfloat16_t_gs_32_b_8|gg1_copyuint32uint32|gg1_copyuint32uint32|gg1_copyuint32uint32|gg1_copyuint8uint8|gg1_copyuint8uint8
GPUPROF 187990.617992500 187990.624726625 10 838861568 gg1_copyuint8uint8|gg1_copyuint8uint8|gg2_copyuint32uint32|gg2_copyuint32uint32|gg1_copyuint8uint8|gg1_copyuint8uint8|gg1_copyuint8uint8|gg1_copyuint8uint8|gg2_copyuint32uint32|gg2_copyuint32uint32
GPUPROF 187990.636551000 187990.643711667 12 855639040 gg1_copyuint8uint8|gg1_copyuint8uint8|gg1_copyuint8uint8|gg1_copyuint8uint8|gg2_copyuint32uint32|gg2_copyuint32uint32|gg1_copyuint8uint8|gg1_copyuint8uint8|gg1_copyuint8uint8|gg1_copyuint8uint8|gg2_copyuint32uint32|gg2_copyuint32uint32
GPUPROF 187990.653446875 187990.660753125 12 855639040 gg1_copyuint8uint8|gg1_copyuint8uint8|gg1_copyuint8uint8|gg1_copyuint8uint8|gg2_copyuint32uint32|gg2_copyuint32uint32|gg1_copyuint8uint8|gg1_copyuint8uint8|gg1_copyuint8uint8|gg1_copyuint8uint8|gg2_copyuint32uint32|gg2_copyuint32uint32
GPUPROF 187990.664425500 187990.669442625 66 583574272 gg1_copyuint8uint8|gg1_copyuint8uint8|gg1_copyuint8uint8|gg1_copyuint8uint8|gg2_copyuint32uint32|gg2_copyuint32uint32|gg1_copyuint8uint8|gg1_copyuint8uint8|gg1_copyuint32uint32|gg1_copyuint32uint32|affine_quantize_bfloat16_t_gs_32_b_8|gg1_copyuint32uint32|gg1_copyuint32uint32|gg1_copyuint32uint32|gg1_copyuint8uint8|gg1_copyuint8uint8|gg1_copyuint32uint32|gg1_copyuint32uint32|affine_quantize_bfloat16_t_gs_32_b_8|gg1_copyuint32uint32|gg1_copyuint32uint32|gg1_copyuint32uint32|gg1_copyuint8uint8|gg1_copyuint8uint8|gg1_copyuint32uint32|gg1_copyuint32uint32|affine_quantize_bfloat16_t_gs_32_b_8|gg1_copyuint32uint32|gg1_copyuint32uint32|gg1_copyuint32uint32|gg1_copyuint8uint8|gg1_copyuint8uint8|gg1_copyuint32uint32|gg1_copyuint32uint32|affine_quantize_bfloat16_t_gs_32_b_8|gg1_copyuint32uint32|gg1_copyuint32uint32|gg1_copyuint32uint32|gg1_copyuint8uint8|gg1_copyuint8uint8|gg1_copyuint32uint32|gg1_copyuint32uint32|affine_quantize_bfloat16_t_gs_32_b_8|gg1_copyuint32uint32|gg1_copyuint32uint32|gg1_copyuint32uint32|gg1_copyuint8uint8|gg1_copyuint8uint8|gg1_copyuint32uint32|gg1_copyuint32uint32|affine_quantize_bfloat16_t_gs_32_b_8|gg1_copyuint32uint32|gg1_copyuint32uint32|gg1_copyuint32uint32|gg1_copyuint8uint8|gg1_copyuint8uint8|gg1_copyuint32uint32|gg1_copyuint32uint32|affine_quantize_bfloat16_t_gs_32_b_8|gg1_copyuint32uint32|gg1_copyuint32uint32|gg1_copyuint32uint32|gg1_copyuint8uint8|gg1_copyuint8uint8|gg1_copyuint8uint8|gg1_copyuint8uint8
GPUPROF 187990.676830417 187990.683600042 10 838861568 gg1_copyuint8uint8|gg1_copyuint8uint8|gg2_copyuint32uint32|gg2_copyuint32uint32|gg1_copyuint8uint8|gg1_copyuint8uint8|gg1_copyuint8uint8|gg1_copyuint8uint8|gg2_copyuint32uint32|gg2_copyuint32uint32
GPUPROF 187990.690796292 187990.698125250 12 855639040 gg1_copyuint8uint8|gg1_copyuint8uint8|gg1_copyuint8uint8|gg1_copyuint8uint8|gg2_copyuint32uint32|gg2_copyuint32uint32|gg1_copyuint8uint8|gg1_copyuint8uint8|gg1_copyuint8uint8|gg1_copyuint8uint8|gg2_copyuint32uint32|gg2_copyuint32uint32
GPUPROF 187990.707072125 187990.716029500 12 855639040 gg1_copyuint8uint8|gg1_copyuint8uint8|gg1_copyuint8uint8|gg1_copyuint8uint8|gg2_copyuint32uint32|gg2_copyuint32uint32|gg1_copyuint8uint8|gg1_copyuint8uint8|gg1_copyuint8uint8|gg1_copyuint8uint8|gg2_copyuint32uint32|gg2_copyuint32uint32
GPUPROF 187990.709004000 187990.713001000 62 264822920 gg1_copyuint32uint32|gg1_copyuint32uint32|affine_quantize_bfloat16_t_gs_32_b_8|gg1_copyuint32uint32|gg1_copyuint32uint32|gg1_copyuint32uint32|gg1_copyuint8uint8|gg1_copyuint8uint8|gg1_copyuint32uint32|gg1_copyuint32uint32|affine_quantize_bfloat16_t_gs_32_b_8|gg1_copyuint32uint32|gg1_copyuint32uint32|gg1_copyuint32uint32|gg1_copyuint8uint8|gg1_copyuint8uint8|gg1_copyuint32uint32|gg1_copyuint32uint32|affine_quantize_bfloat16_t_gs_32_b_8|gg1_copyuint32uint32|gg1_copyuint32uint32|gg1_copyuint32uint32|gg1_copyuint8uint8|gg1_copyuint8uint8|gg1_copyuint32uint32|gg1_copyuint32uint32|affine_quantize_bfloat16_t_gs_32_b_8|gg1_copyuint32uint32|gg1_copyuint32uint32|gg1_copyuint32uint32|gg1_copyuint8uint8|gg1_copyuint8uint8|gg1_copyuint32uint32|gg1_copyuint32uint32|affine_quantize_bfloat16_t_gs_32_b_8|gg1_copyuint32uint32|gg1_copyuint32uint32|gg1_copyuint32uint32|gg1_copyuint8uint8|gg1_copyuint8uint8|gg1_copyuint32uint32|gg1_copyuint32uint32|affine_quantize_bfloat16_t_gs_32_b_8|gg1_copyuint32uint32|gg1_copyuint32uint32|gg1_copyuint32uint32|gg1_copyuint8uint8|gg1_copyuint8uint8|gg1_copyuint32uint32|gg1_copyuint32uint32|affine_quantize_bfloat16_t_gs_32_b_8|gg1_copyuint32uint32|gg1_copyuint32uint32|gg1_copyuint32uint32|gg1_copybfloat16bfloat16|gg1_copybfloat16bfloat16|affine_quantize_bfloat16_t_gs_32_b_8|gg1_copyuint32uint32|gg1_copyuint32uint32|gg1_copyuint32uint32|rope_float32_|rope_freqs_float32_
GPUPSO vn_copybfloat16float32 maxThreads=1024 execWidth=32 tgMem=0
GPUPSO vn_Absfloat32float32 maxThreads=1024 execWidth=32 tgMem=0
GPUPSO row_reduce_small_1_reduce_maxfloat32 maxThreads=1024 execWidth=32 tgMem=0
GPUPSO vsn_BitwiseAnduint32 maxThreads=1024 execWidth=32 tgMem=0
GPUPSO vsn_RightShiftuint32 maxThreads=1024 execWidth=32 tgMem=0
GPUPSO vsn_GreaterEqualuint32 maxThreads=1024 execWidth=32 tgMem=0
GPUPSO vn_copyuint32int32 maxThreads=1024 execWidth=32 tgMem=0
GPUPSO vsn_Subtractint32 maxThreads=1024 execWidth=32 tgMem=0
GPUPSO vvn_Addint32 maxThreads=1024 execWidth=32 tgMem=0
GPUPSO vsn_Maximumint32 maxThreads=1024 execWidth=32 tgMem=0
GPUPSO vsn_Minimumint32 maxThreads=1024 execWidth=32 tgMem=0
GPUPSO vn_copyint32uint32 maxThreads=1024 execWidth=32 tgMem=0
GPUPSO vsn_LeftShiftuint32 maxThreads=1024 execWidth=32 tgMem=0
GPUPSO vsn_Equalint32 maxThreads=1024 execWidth=32 tgMem=0
GPUPSO svn_Selectfloat32 maxThreads=1024 execWidth=32 tgMem=0
GPUPSO g2_Dividefloat32 maxThreads=1024 execWidth=32 tgMem=0
GPUPSO vn_Roundfloat32float32 maxThreads=1024 execWidth=32 tgMem=0
GPUPSO all_reduce_maxfloat32 maxThreads=1024 execWidth=32 tgMem=128
GPUPROF 187990.733939375 187990.740711750 1 1233125376 vn_copybfloat16float32
GPUPROF 187990.749331292 187990.757346375 1 1644167168 vn_Absfloat32float32
GPUPROF 187990.757347875 187990.763713000 1 847773696 row_reduce_small_1_reduce_maxfloat32
GPUPROF 187990.796189375 187990.806054792 14 2042363904 vsn_BitwiseAnduint32|vsn_RightShiftuint32|vsn_GreaterEqualuint32|vn_copyuint32int32|vn_copybool_int32|vsn_Subtractint32|vvn_Addint32|vsn_Maximumint32|vsn_Minimumint32|vn_copyint32uint32|vsn_LeftShiftuint32|vsn_Equalint32|svn_Selectfloat32|g2_Dividefloat32
GPUPROF 187991.659173917 187991.673708500 2 1644167168 vn_Roundfloat32float32|vn_Absfloat32float32
GPUPROF 187991.673709625 187991.677143750 2 822099972 all_reduce_maxfloat32|all_reduce_maxfloat32
GPUPSO vsn_Addfloat32 maxThreads=1024 execWidth=32 tgMem=0
GPUPSO vn_copyfloat32uint8 maxThreads=1024 execWidth=32 tgMem=0
GPUPSO vvn_BitwiseOruint32 maxThreads=1024 execWidth=32 tgMem=0
GPUPSO vn_copyuint32uint8 maxThreads=1024 execWidth=32 tgMem=0
GPUPSO vsn_RightShiftuint8 maxThreads=1024 execWidth=32 tgMem=0
GPUPROF 187991.776603500 187991.788877375 2 1849688064 vsn_Addfloat32|vn_copyfloat32uint8
GPUPROF 187991.821261625 187991.831732625 5 2055208960 vsn_RightShiftuint32|vsn_RightShiftuint32|vsn_BitwiseAnduint32|vsn_BitwiseAnduint32|vsn_RightShiftuint32
GPUPROF 187991.831733875 187991.847551875 6 1284505600 vsn_BitwiseAnduint32|vvn_BitwiseOruint32|vsn_BitwiseAnduint32|vvn_BitwiseOruint32|vvn_BitwiseOruint32|vn_copyuint32uint8
GPUPROF 187991.833285667 187991.838649667 1 616562688 vsn_RightShiftuint8
GPUPROF 187991.847552917 187991.850011125 2 770703360 vsn_RightShiftuint16|vsn_RightShiftuint16
GPUPROF 187991.850012125 187991.854462500 4 1284505600 vsn_BitwiseAnduint16|vsn_BitwiseAnduint16|vsn_BitwiseAnduint16|vsn_BitwiseAnduint16
GPUPROF 187991.854463625 187991.857559000 2 513802240 vvn_BitwiseOruint16|vvn_BitwiseOruint16
GPUPROF 187991.857560250 187991.859365792 3 417464320 vn_copyint32uint8|vn_copyuint16uint8|vn_copyuint16uint8
mlxfast: lm_head prune active (coarse copy resident)
GPUPSO gather_frontbfloat16_int32_int_2 maxThreads=1024 execWidth=32 tgMem=0
GPUPSO rmsbfloat16 maxThreads=1024 execWidth=32 tgMem=144
GPUPSO steel_gemm_splitk_nt_bfloat16_float32_bm32_bn32_bk16_wm2_wn2_MN_taligned_K_taligned maxThreads=128 execWidth=32 tgMem=3072
GPUPSO steel_gemm_splitk_accum_bfloat16_float32 maxThreads=1024 execWidth=32 tgMem=0
GPUPSO steel_gemm_fused_nt_bfloat16_bfloat16_bm64_bn64_bk16_wm2_wn2_has_batch_n_use_out_source_n_do_axpby_n_align_M_t_align_N_t_align_K_t maxThreads=128 execWidth=32 tgMem=6144
GPUPSO steel_gemm_splitk_nt_bfloat16_float32_bm32_bn32_bk16_wm2_wn2_MN_naligned_K_taligned maxThreads=128 execWidth=32 tgMem=3072
GPUPSO custom_kernel_laguna_prefill_full_qk_norm_yarn_bf16_128_h1_v2_bfloat16_t_bfloat16_t_bfloat16_t_bfloat16_t_float_int32_tc_bfloat16_t_bfloat16_t maxThreads=1024 execWidth=32 tgMem=0
GPUPSO steel_attention_bfloat16_bq32_bk16_bd128_wm4_wn1_maskbfloat16_align_Q_t_align_K_t_has_mask_n_do_causal_t_has_sinks_n maxThreads=128 execWidth=32 tgMem=14848
GPUPSO Cf4IAsTypeADf4IBroadcastCBEf4IBroadcastBCFf4ILogAddExpDEGV2OAsTypeF_VC_V2_10408321403207385874_contiguous maxThreads=1024 execWidth=32 tgMem=0
GPUPSO g2_Multiplybfloat16 maxThreads=1024 execWidth=32 tgMem=0
GPUPSO custom_kernel_laguna_residual_rms_bf16_2048_v1_bfloat16_t_bfloat16_t_bfloat16_t_bfloat16_t_bfloat16_t maxThreads=1024 execWidth=32 tgMem=144
GPUPSO CV2ISigmoidADV2IBroadcastACEV2IBroadcastCAFV2IMultiplyDEGV2IBroadcastFBHV2IBroadcastBFIV2OMultiplyGH_VV_V2V2_11160318154034397263_contiguous maxThreads=1024 execWidth=32 tgMem=0
GPUPSO vvn_Addbfloat16 maxThreads=1024 execWidth=32 tgMem=0
GPUPSO custom_kernel_laguna_prefill_sliding_qk_norm_rope_bf16_128_h1_v2_bfloat16_t_bfloat16_t_bfloat16_t_bfloat16_t_float_int32_tc_bfloat16_t_bfloat16_t maxThreads=1024 execWidth=32 tgMem=0
GPUPSO custom_kernel_laguna_prefill_router_tournament_ordinal_norm_v1_bfloat16_t_float_uint32_t_float maxThreads=1024 execWidth=32 tgMem=3584
GPUPSO custom_kernel_mlx_lm_route_csort_scatter_fused_m8_u32_v4_uint32_t_uint32_t_uint32_t_uint32_t maxThreads=1024 execWidth=32 tgMem=2080
GPUPSO gather_frontbfloat16_uint32_int_2 maxThreads=1024 execWidth=32 tgMem=0
GPUPSO arangeuint32 maxThreads=1024 execWidth=32 tgMem=0
GPUPSO nvfp4_gather_qmm_rhs_nt_bfloat16_t_gs_16_b_4_bm_16_bn_32_bk_32_wm_1_wn_2_align_M_t_align_N_t_align_K_t maxThreads=1024 execWidth=32 tgMem=3840
GPUPSO nvfp4_qmm_t_splitk_fused_bfloat16_t_gs_16_b_4_alN_true maxThreads=1024 execWidth=32 tgMem=5120
GPUPSO g2_copybfloat16bfloat16 maxThreads=1024 execWidth=32 tgMem=0
GPUPSO nvfp4_qmm_t_bfloat16_t_gs_16_b_4_alN_true_batch_0 maxThreads=1024 execWidth=32 tgMem=5120
GPUPSO custom_kernel_laguna_prefill_sorted_moe_tail_bf16_v1_bfloat16_t_uint32_t_float_bfloat16_t_bfloat16_t_bfloat16_t maxThreads=1024 execWidth=32 tgMem=0
GPUPROF 187991.933950792 187991.934654500 4 424679424 gather_frontbfloat16_int32_int_2|rmsbfloat16|steel_gemm_splitk_nt_bfloat16_float32_bm32_bn32_bk16_wm2_wn2_MN_taligned_K_taligned|steel_gemm_splitk_accum_bfloat16_float32
GPUPROF 187991.948341875 187991.970784250 16 212455940 steel_gemm_splitk_nt_bfloat16_float32_bm32_bn32_bk16_wm2_wn2_MN_taligned_K_taligned|steel_gemm_splitk_accum_bfloat16_float32|steel_gemm_fused_nt_bfloat16_bfloat16_bm64_bn64_bk16_wm2_wn2_has_batch_n_use_out_source_n_do_axpby_n_align_M_t_align_N_t_align_K_t|steel_gemm_splitk_nt_bfloat16_float32_bm32_bn32_bk16_wm2_wn2_MN_naligned_K_taligned|steel_gemm_splitk_accum_bfloat16_float32|custom_kernel_laguna_prefill_full_qk_norm_yarn_bf16_128_h1_v2_bfloat16_t_bfloat16_t_bfloat16_t_bfloat16_t_float_int32_tc_bfloat16_t_bfloat16_t|steel_attention_bfloat16_bq32_bk16_bd128_wm4_wn1_maskbfloat16_align_Q_t_align_K_t_has_mask_n_do_causal_t_has_sinks_n|Cf4IAsTypeADf4IBroadcastCBEf4IBroadcastBCFf4ILogAddExpDEGV2OAsTypeF_VC_V2_10408321403207385874_contiguous|g2_Multiplybfloat16|steel_gemm_fused_nt_bfloat16_bfloat16_bm64_bn64_bk16_wm2_wn2_has_batch_n_use_out_source_n_do_axpby_n_align_M_t_align_N_t_align_K_t|custom_kernel_laguna_residual_rms_bf16_2048_v1_bfloat16_t_bfloat16_t_bfloat16_t_bfloat16_t_bfloat16_t|steel_gemm_fused_nt_bfloat16_bfloat16_bm64_bn64_bk16_wm2_wn2_has_batch_n_use_out_source_n_do_axpby_n_align_M_t_align_N_t_align_K_t|steel_gemm_fused_nt_bfloat16_bfloat16_bm64_bn64_bk16_wm2_wn2_has_batch_n_use_out_source_n_do_axpby_n_align_M_t_align_N_t_align_K_t|CV2ISigmoidADV2IBroadcastACEV2IBroadcastCAFV2IMultiplyDEGV2IBroadcastFBHV2IBroadcastBFIV2OMultiplyGH_VV_V2V2_11160318154034397263_contiguous|steel_gemm_fused_nt_bfloat16_bfloat16_bm64_bn64_bk16_wm2_wn2_has_batch_n_use_out_source_n_do_axpby_n_align_M_t_align_N_t_align_K_t|vvn_Addbfloat16
GPUPROF 187991.973733000 187991.994006750 30 636347908 rmsbfloat16|steel_gemm_splitk_nt_bfloat16_float32_bm32_bn32_bk16_wm2_wn2_MN_taligned_K_taligned|steel_gemm_splitk_accum_bfloat16_float32|steel_gemm_splitk_nt_bfloat16_float32_bm32_bn32_bk16_wm2_wn2_MN_taligned_K_taligned|steel_gemm_splitk_accum_bfloat16_float32|steel_gemm_fused_nt_bfloat16_bfloat16_bm64_bn64_bk16_wm2_wn2_has_batch_n_use_out_source_n_do_axpby_n_align_M_t_align_N_t_align_K_t|steel_gemm_splitk_nt_bfloat16_float32_bm32_bn32_bk16_wm2_wn2_MN_taligned_K_taligned|steel_gemm_splitk_accum_bfloat16_float32|custom_kernel_laguna_prefill_sliding_qk_norm_rope_bf16_128_h1_v2_bfloat16_t_bfloat16_t_bfloat16_t_bfloat16_t_float_int32_tc_bfloat16_t_bfloat16_t|steel_attention_bfloat16_bq32_bk16_bd128_wm4_wn1_maskbfloat16_align_Q_t_align_K_t_has_mask_n_do_causal_t_has_sinks_n|Cf4IAsTypeADf4IBroadcastCBEf4IBroadcastBCFf4ILogAddExpDEGV2OAsTypeF_VC_V2_10408321403207385874_contiguous|g2_Multiplybfloat16|steel_gemm_fused_nt_bfloat16_bfloat16_bm64_bn64_bk16_wm2_wn2_has_batch_n_use_out_source_n_do_axpby_n_align_M_t_align_N_t_align_K_t|custom_kernel_laguna_residual_rms_bf16_2048_v1_bfloat16_t_bfloat16_t_bfloat16_t_bfloat16_t_bfloat16_t|steel_gemm_splitk_nt_bfloat16_float32_bm32_bn32_bk16_wm2_wn2_MN_taligned_K_taligned|steel_gemm_splitk_accum_bfloat16_float32|custom_kernel_laguna_prefill_router_tournament_ordinal_norm_v1_bfloat16_t_float_uint32_t_float|custom_kernel_mlx_lm_route_csort_scatter_fused_m8_u32_v4_uint32_t_uint32_t_uint32_t_uint32_t|gather_frontbfloat16_uint32_int_2|arangeuint32|nvfp4_gather_qmm_rhs_nt_bfloat16_t_gs_16_b_4_bm_16_bn_32_bk_32_wm_1_wn_2_align_M_t_align_N_t_align_K_t|nvfp4_qmm_t_splitk_fused_bfloat16_t_gs_16_b_4_alN_true|nvfp4_qmm_t_splitk_fused_bfloat16_t_gs_16_b_4_alN_true|g2_copybfloat16bfloat16|g2_copybfloat16bfloat16|CV2ISigmoidADV2IBroadcastACEV2IBroadcastCAFV2IMultiplyDEGV2IBroadcastFBHV2IBroadcastBFIV2OMultiplyGH_VV_V2V2_11160318154034397263_contiguous|arangeuint32|CV2ISigmoidADV2IBroadcastACEV2IBroadcastCAFV2IMultiplyDEGV2IBroadcastFBHV2IBroadcastBFIV2OMultiplyGH_VV_V2V2_11160318154034397263_contiguous|nvfp4_qmm_t_bfloat16_t_gs_16_b_4_alN_true_batch_0|nvfp4_gather_qmm_rhs_nt_bfloat16_t_gs_16_b_4_bm_16_bn_32_bk_32_wm_1_wn_2_align_M_t_align_N_t_align_K_t
GPUPROF 187991.994007750 187991.994234917 1 23101440 custom_kernel_laguna_prefill_sorted_moe_tail_bf16_v1_bfloat16_t_uint32_t_float_bfloat16_t_bfloat16_t_bfloat16_t
GPUPROF 187991.996324875 187992.016575250 30 636347908 rmsbfloat16|steel_gemm_splitk_nt_bfloat16_float32_bm32_bn32_bk16_wm2_wn2_MN_taligned_K_taligned|steel_gemm_splitk_accum_bfloat16_float32|steel_gemm_splitk_nt_bfloat16_float32_bm32_bn32_bk16_wm2_wn2_MN_taligned_K_taligned|steel_gemm_splitk_accum_bfloat16_float32|steel_gemm_fused_nt_bfloat16_bfloat16_bm64_bn64_bk16_wm2_wn2_has_batch_n_use_out_source_n_do_axpby_n_align_M_t_align_N_t_align_K_t|steel_gemm_splitk_nt_bfloat16_float32_bm32_bn32_bk16_wm2_wn2_MN_taligned_K_taligned|steel_gemm_splitk_accum_bfloat16_float32|custom_kernel_laguna_prefill_sliding_qk_norm_rope_bf16_128_h1_v2_bfloat16_t_bfloat16_t_bfloat16_t_bfloat16_t_float_int32_tc_bfloat16_t_bfloat16_t|steel_attention_bfloat16_bq32_bk16_bd128_wm4_wn1_maskbfloat16_align_Q_t_align_K_t_has_mask_n_do_causal_t_has_sinks_n|Cf4IAsTypeADf4IBroadcastCBEf4IBroadcastBCFf4ILogAddExpDEGV2OAsTypeF_VC_V2_10408321403207385874_contiguous|g2_Multiplybfloat16|steel_gemm_fused_nt_bfloat16_bfloat16_bm64_bn64_bk16_wm2_wn2_has_batch_n_use_out_source_n_do_axpby_n_align_M_t_align_N_t_align_K_t|custom_kernel_laguna_residual_rms_bf16_2048_v1_bfloat16_t_bfloat16_t_bfloat16_t_bfloat16_t_bfloat16_t|steel_gemm_splitk_nt_bfloat16_float32_bm32_bn32_bk16_wm2_wn2_MN_taligned_K_taligned|steel_gemm_splitk_accum_bfloat16_float32|custom_kernel_laguna_prefill_router_tournament_ordinal_norm_v1_bfloat16_t_float_uint32_t_float|custom_kernel_mlx_lm_route_csort_scatter_fused_m8_u32_v4_uint32_t_uint32_t_uint32_t_uint32_t|gather_frontbfloat16_uint32_int_2|arangeuint32|nvfp4_gather_qmm_rhs_nt_bfloat16_t_gs_16_b_4_bm_16_bn_32_bk_32_wm_1_wn_2_align_M_t_align_N_t_align_K_t|nvfp4_qmm_t_splitk_fused_bfloat16_t_gs_16_b_4_alN_true|nvfp4_qmm_t_splitk_fused_bfloat16_t_gs_16_b_4_alN_true|g2_copybfloat16bfloat16|g2_copybfloat16bfloat16|CV2ISigmoidADV2IBroadcastACEV2IBroadcastCAFV2IMultiplyDEGV2IBroadcastFBHV2IBroadcastBFIV2OMultiplyGH_VV_V2V2_11160318154034397263_contiguous|arangeuint32|CV2ISigmoidADV2IBroadcastACEV2IBroadcastCAFV2IMultiplyDEGV2IBroadcastFBHV2IBroadcastBFIV2OMultiplyGH_VV_V2V2_11160318154034397263_contiguous|nvfp4_qmm_t_bfloat16_t_gs_16_b_4_alN_true_batch_0|nvfp4_gather_qmm_rhs_nt_bfloat16_t_gs_16_b_4_bm_16_bn_32_bk_32_wm_1_wn_2_align_M_t_align_N_t_align_K_t
GPUPROF 187992.016576000 187992.016688000 1 23101440 custom_kernel_laguna_prefill_sorted_moe_tail_bf16_v1_bfloat16_t_uint32_t_float_bfloat16_t_bfloat16_t_bfloat16_t
GPUPROF 187992.021937042 187992.040450667 30 636347908 rmsbfloat16|steel_gemm_splitk_nt_bfloat16_float32_bm32_bn32_bk16_wm2_wn2_MN_taligned_K_taligned|steel_gemm_splitk_accum_bfloat16_float32|steel_gemm_splitk_nt_bfloat16_float32_bm32_bn32_bk16_wm2_wn2_MN_taligned_K_taligned|steel_gemm_splitk_accum_bfloat16_float32|steel_gemm_fused_nt_bfloat16_bfloat16_bm64_bn64_bk16_wm2_wn2_has_batch_n_use_out_source_n_do_axpby_n_align_M_t_align_N_t_align_K_t|steel_gemm_splitk_nt_bfloat16_float32_bm32_bn32_bk16_wm2_wn2_MN_taligned_K_taligned|steel_gemm_splitk_accum_bfloat16_float32|custom_kernel_laguna_prefill_sliding_qk_norm_rope_bf16_128_h1_v2_bfloat16_t_bfloat16_t_bfloat16_t_bfloat16_t_float_int32_tc_bfloat16_t_bfloat16_t|steel_attention_bfloat16_bq32_bk16_bd128_wm4_wn1_maskbfloat16_align_Q_t_align_K_t_has_mask_n_do_causal_t_has_sinks_n|Cf4IAsTypeADf4IBroadcastCBEf4IBroadcastBCFf4ILogAddExpDEGV2OAsTypeF_VC_V2_10408321403207385874_contiguous|g2_Multiplybfloat16|steel_gemm_fused_nt_bfloat16_bfloat16_bm64_bn64_bk16_wm2_wn2_has_batch_n_use_out_source_n_do_axpby_n_align_M_t_align_N_t_align_K_t|custom_kernel_laguna_residual_rms_bf16_2048_v1_bfloat16_t_bfloat16_t_bfloat16_t_bfloat16_t_bfloat16_t|steel_gemm_splitk_nt_bfloat16_float32_bm32_bn32_bk16_wm2_wn2_MN_taligned_K_taligned|steel_gemm_splitk_accum_bfloat16_float32|custom_kernel_laguna_prefill_router_tournament_ordinal_norm_v1_bfloat16_t_float_uint32_t_float|custom_kernel_mlx_lm_route_csort_scatter_fused_m8_u32_v4_uint32_t_uint32_t_uint32_t_uint32_t|gather_frontbfloat16_uint32_int_2|arangeuint32|nvfp4_gather_qmm_rhs_nt_bfloat16_t_gs_16_b_4_bm_16_bn_32_bk_32_wm_1_wn_2_align_M_t_align_N_t_align_K_t|nvfp4_qmm_t_splitk_fused_bfloat16_t_gs_16_b_4_alN_true|nvfp4_qmm_t_splitk_fused_bfloat16_t_gs_16_b_4_alN_true|g2_copybfloat16bfloat16|g2_copybfloat16bfloat16|CV2ISigmoidADV2IBroadcastACEV2IBroadcastCAFV2IMultiplyDEGV2IBroadcastFBHV2IBroadcastBFIV2OMultiplyGH_VV_V2V2_11160318154034397263_contiguous|arangeuint32|CV2ISigmoidADV2IBroadcastACEV2IBroadcastCAFV2IMultiplyDEGV2IBroadcastFBHV2IBroadcastBFIV2OMultiplyGH_VV_V2V2_11160318154034397263_contiguous|nvfp4_qmm_t_bfloat16_t_gs_16_b_4_alN_true_batch_0|nvfp4_gather_qmm_rhs_nt_bfloat16_t_gs_16_b_4_bm_16_bn_32_bk_32_wm_1_wn_2_align_M_t_align_N_t_align_K_t
GPUPROF 187992.040452000 187992.040578417 1 23101440 custom_kernel_laguna_prefill_sorted_moe_tail_bf16_v1_bfloat16_t_uint32_t_float_bfloat16_t_bfloat16_t_bfloat16_t
GPUPROF 187992.040579250 187992.055409250 30 612017668 rmsbfloat16|steel_gemm_splitk_nt_bfloat16_float32_bm32_bn32_bk16_wm2_wn2_MN_taligned_K_taligned|steel_gemm_splitk_accum_bfloat16_float32|steel_gemm_splitk_nt_bfloat16_float32_bm32_bn32_bk16_wm2_wn2_MN_taligned_K_taligned|steel_gemm_splitk_accum_bfloat16_float32|steel_gemm_fused_nt_bfloat16_bfloat16_bm64_bn64_bk16_wm2_wn2_has_batch_n_use_out_source_n_do_axpby_n_align_M_t_align_N_t_align_K_t|steel_gemm_splitk_nt_bfloat16_float32_bm32_bn32_bk16_wm2_wn2_MN_naligned_K_taligned|steel_gemm_splitk_accum_bfloat16_float32|custom_kernel_laguna_prefill_full_qk_norm_yarn_bf16_128_h1_v2_bfloat16_t_bfloat16_t_bfloat16_t_bfloat16_t_float_int32_tc_bfloat16_t_bfloat16_t|steel_attention_bfloat16_bq32_bk16_bd128_wm4_wn1_maskbfloat16_align_Q_t_align_K_t_has_mask_n_do_causal_t_has_sinks_n|Cf4IAsTypeADf4IBroadcastCBEf4IBroadcastBCFf4ILogAddExpDEGV2OAsTypeF_VC_V2_10408321403207385874_contiguous|g2_Multiplybfloat16|steel_gemm_fused_nt_bfloat16_bfloat16_bm64_bn64_bk16_wm2_wn2_has_batch_n_use_out_source_n_do_axpby_n_align_M_t_align_N_t_align_K_t|custom_kernel_laguna_residual_rms_bf16_2048_v1_bfloat16_t_bfloat16_t_bfloat16_t_bfloat16_t_bfloat16_t|steel_gemm_splitk_nt_bfloat16_float32_bm32_bn32_bk16_wm2_wn2_MN_taligned_K_taligned|steel_gemm_splitk_accum_bfloat16_float32|custom_kernel_laguna_prefill_router_tournament_ordinal_norm_v1_bfloat16_t_float_uint32_t_float|custom_kernel_mlx_lm_route_csort_scatter_fused_m8_u32_v4_uint32_t_uint32_t_uint32_t_uint32_t|gather_frontbfloat16_uint32_int_2|arangeuint32|nvfp4_gather_qmm_rhs_nt_bfloat16_t_gs_16_b_4_bm_16_bn_32_bk_32_wm_1_wn_2_align_M_t_align_N_t_align_K_t|nvfp4_qmm_t_splitk_fused_bfloat16_t_gs_16_b_4_alN_true|nvfp4_qmm_t_splitk_fused_bfloat16_t_gs_16_b_4_alN_true|g2_copybfloat16bfloat16|g2_copybfloat16bfloat16|CV2ISigmoidADV2IBroadcastACEV2IBroadcastCAFV2IMultiplyDEGV2IBroadcastFBHV2IBroadcastBFIV2OMultiplyGH_VV_V2V2_11160318154034397263_contiguous|arangeuint32|CV2ISigmoidADV2IBroadcastACEV2IBroadcastCAFV2IMultiplyDEGV2IBroadcastFBHV2IBroadcastBFIV2OMultiplyGH_VV_V2V2_11160318154034397263_contiguous|nvfp4_qmm_t_bfloat16_t_gs_16_b_4_alN_true_batch_0|nvfp4_gather_qmm_rhs_nt_bfloat16_t_gs_16_b_4_bm_16_bn_32_bk_32_wm_1_wn_2_align_M_t_align_N_t_align_K_t
GPUPROF 187992.055410250 187992.055532542 1 23101440 custom_kernel_laguna_prefill_sorted_moe_tail_bf16_v1_bfloat16_t_uint32_t_float_bfloat16_t_bfloat16_t_bfloat16_t
GPUPROF 187992.065557250 187992.081651417 30 636347908 rmsbfloat16|steel_gemm_splitk_nt_bfloat16_float32_bm32_bn32_bk16_wm2_wn2_MN_taligned_K_taligned|steel_gemm_splitk_accum_bfloat16_float32|steel_gemm_splitk_nt_bfloat16_float32_bm32_bn32_bk16_wm2_wn2_MN_taligned_K_taligned|steel_gemm_splitk_accum_bfloat16_float32|steel_gemm_fused_nt_bfloat16_bfloat16_bm64_bn64_bk16_wm2_wn2_has_batch_n_use_out_source_n_do_axpby_n_align_M_t_align_N_t_align_K_t|steel_gemm_splitk_nt_bfloat16_float32_bm32_bn32_bk16_wm2_wn2_MN_taligned_K_taligned|steel_gemm_splitk_accum_bfloat16_float32|custom_kernel_laguna_prefill_sliding_qk_norm_rope_bf16_128_h1_v2_bfloat16_t_bfloat16_t_bfloat16_t_bfloat16_t_float_int32_tc_bfloat16_t_bfloat16_t|steel_attention_bfloat16_bq32_bk16_bd128_wm4_wn1_maskbfloat16_align_Q_t_align_K_t_has_mask_n_do_causal_t_has_sinks_n|Cf4IAsTypeADf4IBroadcastCBEf4IBroadcastBCFf4ILogAddExpDEGV2OAsTypeF_VC_V2_10408321403207385874_contiguous|g2_Multiplybfloat16|steel_gemm_fused_nt_bfloat16_bfloat16_bm64_bn64_bk16_wm2_wn2_has_batch_n_use_out_source_n_do_axpby_n_align_M_t_align_N_t_align_K_t|custom_kernel_laguna_residual_rms_bf16_2048_v1_bfloat16_t_bfloat16_t_bfloat16_t_bfloat16_t_bfloat16_t|steel_gemm_splitk_nt_bfloat16_float32_bm32_bn32_bk16_wm2_wn2_MN_taligned_K_taligned|steel_gemm_splitk_accum_bfloat16_float32|custom_kernel_laguna_prefill_router_tournament_ordinal_norm_v1_bfloat16_t_float_uint32_t_float|custom_kernel_mlx_lm_route_csort_scatter_fused_m8_u32_v4_uint32_t_uint32_t_uint32_t_uint32_t|gather_frontbfloat16_uint32_int_2|arangeuint32|nvfp4_gather_qmm_rhs_nt_bfloat16_t_gs_16_b_4_bm_16_bn_32_bk_32_wm_1_wn_2_align_M_t_align_N_t_align_K_t|nvfp4_qmm_t_splitk_fused_bfloat16_t_gs_16_b_4_alN_true|nvfp4_qmm_t_splitk_fused_bfloat16_t_gs_16_b_4_alN_true|g2_copybfloat16bfloat16|g2_copybfloat16bfloat16|CV2ISigmoidADV2IBroadcastACEV2IBroadcastCAFV2IMultiplyDEGV2IBroadcastFBHV2IBroadcastBFIV2OMultiplyGH_VV_V2V2_11160318154034397263_contiguous|arangeuint32|CV2ISigmoidADV2IBroadcastACEV2IBroadcastCAFV2IMultiplyDEGV2IBroadcastFBHV2IBroadcastBFIV2OMultiplyGH_VV_V2V2_11160318154034397263_contiguous|nvfp4_qmm_t_bfloat16_t_gs_16_b_4_alN_true_batch_0|nvfp4_gather_qmm_rhs_nt_bfloat16_t_gs_16_b_4_bm_16_bn_32_bk_32_wm_1_wn_2_align_M_t_align_N_t_align_K_t
GPUPROF 187992.081652417 187992.081775625 1 23101440 custom_kernel_laguna_prefill_sorted_moe_tail_bf16_v1_bfloat16_t_uint32_t_float_bfloat16_t_bfloat16_t_bfloat16_t
GPUPROF 187992.084193625 187992.099951000 30 636347908 rmsbfloat16|steel_gemm_splitk_nt_bfloat16_float32_bm32_bn32_bk16_wm2_wn2_MN_taligned_K_taligned|steel_gemm_splitk_accum_bfloat16_float32|steel_gemm_splitk_nt_bfloat16_float32_bm32_bn32_bk16_wm2_wn2_MN_taligned_K_taligned|steel_gemm_splitk_accum_bfloat16_float32|steel_gemm_fused_nt_bfloat16_bfloat16_bm64_bn64_bk16_wm2_wn2_has_batch_n_use_out_source_n_do_axpby_n_align_M_t_align_N_t_align_K_t|steel_gemm_splitk_nt_bfloat16_float32_bm32_bn32_bk16_wm2_wn2_MN_taligned_K_taligned|steel_gemm_splitk_accum_bfloat16_float32|custom_kernel_laguna_prefill_sliding_qk_norm_rope_bf16_128_h1_v2_bfloat16_t_bfloat16_t_bfloat16_t_bfloat16_t_float_int32_tc_bfloat16_t_bfloat16_t|steel_attention_bfloat16_bq32_bk16_bd128_wm4_wn1_maskbfloat16_align_Q_t_align_K_t_has_mask_n_do_causal_t_has_sinks_n|Cf4IAsTypeADf4IBroadcastCBEf4IBroadcastBCFf4ILogAddExpDEGV2OAsTypeF_VC_V2_10408321403207385874_contiguous|g2_Multiplybfloat16|steel_gemm_fused_nt_bfloat16_bfloat16_bm64_bn64_bk16_wm2_wn2_has_batch_n_use_out_source_n_do_axpby_n_align_M_t_align_N_t_align_K_t|custom_kernel_laguna_residual_rms_bf16_2048_v1_bfloat16_t_bfloat16_t_bfloat16_t_bfloat16_t_bfloat16_t|steel_gemm_splitk_nt_bfloat16_float32_bm32_bn32_bk16_wm2_wn2_MN_taligned_K_taligned|steel_gemm_splitk_accum_bfloat16_float32|custom_kernel_laguna_prefill_router_tournament_ordinal_norm_v1_bfloat16_t_float_uint32_t_float|custom_kernel_mlx_lm_route_csort_scatter_fused_m8_u32_v4_uint32_t_uint32_t_uint32_t_uint32_t|gather_frontbfloat16_uint32_int_2|arangeuint32|nvfp4_gather_qmm_rhs_nt_bfloat16_t_gs_16_b_4_bm_16_bn_32_bk_32_wm_1_wn_2_align_M_t_align_N_t_align_K_t|nvfp4_qmm_t_splitk_fused_bfloat16_t_gs_16_b_4_alN_true|nvfp4_qmm_t_splitk_fused_bfloat16_t_gs_16_b_4_alN_true|g2_copybfloat16bfloat16|g2_copybfloat16bfloat16|CV2ISigmoidADV2IBroadcastACEV2IBroadcastCAFV2IMultiplyDEGV2IBroadcastFBHV2IBroadcastBFIV2OMultiplyGH_VV_V2V2_11160318154034397263_contiguous|arangeuint32|CV2ISigmoidADV2IBroadcastACEV2IBroadcastCAFV2IMultiplyDEGV2IBroadcastFBHV2IBroadcastBFIV2OMultiplyGH_VV_V2V2_11160318154034397263_contiguous|nvfp4_qmm_t_bfloat16_t_gs_16_b_4_alN_true_batch_0|nvfp4_gather_qmm_rhs_nt_bfloat16_t_gs_16_b_4_bm_16_bn_32_bk_32_wm_1_wn_2_align_M_t_align_N_t_align_K_t
GPUPROF 187992.099951875 187992.100067250 1 23101440 custom_kernel_laguna_prefill_sorted_moe_tail_bf16_v1_bfloat16_t_uint32_t_float_bfloat16_t_bfloat16_t_bfloat16_t
GPUPROF 187992.100067875 187992.115352125 30 636347908 rmsbfloat16|steel_gemm_splitk_nt_bfloat16_float32_bm32_bn32_bk16_wm2_wn2_MN_taligned_K_taligned|steel_gemm_splitk_accum_bfloat16_float32|steel_gemm_splitk_nt_bfloat16_float32_bm32_bn32_bk16_wm2_wn2_MN_taligned_K_taligned|steel_gemm_splitk_accum_bfloat16_float32|steel_gemm_fused_nt_bfloat16_bfloat16_bm64_bn64_bk16_wm2_wn2_has_batch_n_use_out_source_n_do_axpby_n_align_M_t_align_N_t_align_K_t|steel_gemm_splitk_nt_bfloat16_float32_bm32_bn32_bk16_wm2_wn2_MN_taligned_K_taligned|steel_gemm_splitk_accum_bfloat16_float32|custom_kernel_laguna_prefill_sliding_qk_norm_rope_bf16_128_h1_v2_bfloat16_t_bfloat16_t_bfloat16_t_bfloat16_t_float_int32_tc_bfloat16_t_bfloat16_t|steel_attention_bfloat16_bq32_bk16_bd128_wm4_wn1_maskbfloat16_align_Q_t_align_K_t_has_mask_n_do_causal_t_has_sinks_n|Cf4IAsTypeADf4IBroadcastCBEf4IBroadcastBCFf4ILogAddExpDEGV2OAsTypeF_VC_V2_10408321403207385874_contiguous|g2_Multiplybfloat16|steel_gemm_fused_nt_bfloat16_bfloat16_bm64_bn64_bk16_wm2_wn2_has_batch_n_use_out_source_n_do_axpby_n_align_M_t_align_N_t_align_K_t|custom_kernel_laguna_residual_rms_bf16_2048_v1_bfloat16_t_bfloat16_t_bfloat16_t_bfloat16_t_bfloat16_t|steel_gemm_splitk_nt_bfloat16_float32_bm32_bn32_bk16_wm2_wn2_MN_taligned_K_taligned|steel_gemm_splitk_accum_bfloat16_float32|custom_kernel_laguna_prefill_router_tournament_ordinal_norm_v1_bfloat16_t_float_uint32_t_float|custom_kernel_mlx_lm_route_csort_scatter_fused_m8_u32_v4_uint32_t_uint32_t_uint32_t_uint32_t|gather_frontbfloat16_uint32_int_2|arangeuint32|nvfp4_gather_qmm_rhs_nt_bfloat16_t_gs_16_b_4_bm_16_bn_32_bk_32_wm_1_wn_2_align_M_t_align_N_t_align_K_t|nvfp4_qmm_t_splitk_fused_bfloat16_t_gs_16_b_4_alN_true|nvfp4_qmm_t_splitk_fused_bfloat16_t_gs_16_b_4_alN_true|g2_copybfloat16bfloat16|g2_copybfloat16bfloat16|CV2ISigmoidADV2IBroadcastACEV2IBroadcastCAFV2IMultiplyDEGV2IBroadcastFBHV2IBroadcastBFIV2OMultiplyGH_VV_V2V2_11160318154034397263_contiguous|arangeuint32|CV2ISigmoidADV2IBroadcastACEV2IBroadcastCAFV2IMultiplyDEGV2IBroadcastFBHV2IBroadcastBFIV2OMultiplyGH_VV_V2V2_11160318154034397263_contiguous|nvfp4_qmm_t_bfloat16_t_gs_16_b_4_alN_true_batch_0|nvfp4_gather_qmm_rhs_nt_bfloat16_t_gs_16_b_4_bm_16_bn_32_bk_32_wm_1_wn_2_align_M_t_align_N_t_align_K_t
GPUPROF 187992.115352917 187992.115469750 1 23101440 custom_kernel_laguna_prefill_sorted_moe_tail_bf16_v1_bfloat16_t_uint32_t_float_bfloat16_t_bfloat16_t_bfloat16_t
GPUPROF 187992.115470792 187992.127977000 30 612017668 rmsbfloat16|steel_gemm_splitk_nt_bfloat16_float32_bm32_bn32_bk16_wm2_wn2_MN_taligned_K_taligned|steel_gemm_splitk_accum_bfloat16_float32|steel_gemm_splitk_nt_bfloat16_float32_bm32_bn32_bk16_wm2_wn2_MN_taligned_K_taligned|steel_gemm_splitk_accum_bfloat16_float32|steel_gemm_fused_nt_bfloat16_bfloat16_bm64_bn64_bk16_wm2_wn2_has_batch_n_use_out_source_n_do_axpby_n_align_M_t_align_N_t_align_K_t|steel_gemm_splitk_nt_bfloat16_float32_bm32_bn32_bk16_wm2_wn2_MN_naligned_K_taligned|steel_gemm_splitk_accum_bfloat16_float32|custom_kernel_laguna_prefill_full_qk_norm_yarn_bf16_128_h1_v2_bfloat16_t_bfloat16_t_bfloat16_t_bfloat16_t_float_int32_tc_bfloat16_t_bfloat16_t|steel_attention_bfloat16_bq32_bk16_bd128_wm4_wn1_maskbfloat16_align_Q_t_align_K_t_has_mask_n_do_causal_t_has_sinks_n|Cf4IAsTypeADf4IBroadcastCBEf4IBroadcastBCFf4ILogAddExpDEGV2OAsTypeF_VC_V2_10408321403207385874_contiguous|g2_Multiplybfloat16|steel_gemm_fused_nt_bfloat16_bfloat16_bm64_bn64_bk16_wm2_wn2_has_batch_n_use_out_source_n_do_axpby_n_align_M_t_align_N_t_align_K_t|custom_kernel_laguna_residual_rms_bf16_2048_v1_bfloat16_t_bfloat16_t_bfloat16_t_bfloat16_t_bfloat16_t|steel_gemm_splitk_nt_bfloat16_float32_bm32_bn32_bk16_wm2_wn2_MN_taligned_K_taligned|steel_gemm_splitk_accum_bfloat16_float32|custom_kernel_laguna_prefill_router_tournament_ordinal_norm_v1_bfloat16_t_float_uint32_t_float|custom_kernel_mlx_lm_route_csort_scatter_fused_m8_u32_v4_uint32_t_uint32_t_uint32_t_uint32_t|gather_frontbfloat16_uint32_int_2|arangeuint32|nvfp4_gather_qmm_rhs_nt_bfloat16_t_gs_16_b_4_bm_16_bn_32_bk_32_wm_1_wn_2_align_M_t_align_N_t_align_K_t|nvfp4_qmm_t_splitk_fused_bfloat16_t_gs_16_b_4_alN_true|nvfp4_qmm_t_splitk_fused_bfloat16_t_gs_16_b_4_alN_true|g2_copybfloat16bfloat16|g2_copybfloat16bfloat16|CV2ISigmoidADV2IBroadcastACEV2IBroadcastCAFV2IMultiplyDEGV2IBroadcastFBHV2IBroadcastBFIV2OMultiplyGH_VV_V2V2_11160318154034397263_contiguous|arangeuint32|CV2ISigmoidADV2IBroadcastACEV2IBroadcastCAFV2IMultiplyDEGV2IBroadcastFBHV2IBroadcastBFIV2OMultiplyGH_VV_V2V2_11160318154034397263_contiguous|nvfp4_qmm_t_bfloat16_t_gs_16_b_4_alN_true_batch_0|nvfp4_gather_qmm_rhs_nt_bfloat16_t_gs_16_b_4_bm_16_bn_32_bk_32_wm_1_wn_2_align_M_t_align_N_t_align_K_t
GPUPROF 187992.127977792 187992.128085875 1 23101440 custom_kernel_laguna_prefill_sorted_moe_tail_bf16_v1_bfloat16_t_uint32_t_float_bfloat16_t_bfloat16_t_bfloat16_t
GPUPROF 187992.130248417 187992.143936875 30 636347908 rmsbfloat16|steel_gemm_splitk_nt_bfloat16_float32_bm32_bn32_bk16_wm2_wn2_MN_taligned_K_taligned|steel_gemm_splitk_accum_bfloat16_float32|steel_gemm_splitk_nt_bfloat16_float32_bm32_bn32_bk16_wm2_wn2_MN_taligned_K_taligned|steel_gemm_splitk_accum_bfloat16_float32|steel_gemm_fused_nt_bfloat16_bfloat16_bm64_bn64_bk16_wm2_wn2_has_batch_n_use_out_source_n_do_axpby_n_align_M_t_align_N_t_align_K_t|steel_gemm_splitk_nt_bfloat16_float32_bm32_bn32_bk16_wm2_wn2_MN_taligned_K_taligned|steel_gemm_splitk_accum_bfloat16_float32|custom_kernel_laguna_prefill_sliding_qk_norm_rope_bf16_128_h1_v2_bfloat16_t_bfloat16_t_bfloat16_t_bfloat16_t_float_int32_tc_bfloat16_t_bfloat16_t|steel_attention_bfloat16_bq32_bk16_bd128_wm4_wn1_maskbfloat16_align_Q_t_align_K_t_has_mask_n_do_causal_t_has_sinks_n|Cf4IAsTypeADf4IBroadcastCBEf4IBroadcastBCFf4ILogAddExpDEGV2OAsTypeF_VC_V2_10408321403207385874_contiguous|g2_Multiplybfloat16|steel_gemm_fused_nt_bfloat16_bfloat16_bm64_bn64_bk16_wm2_wn2_has_batch_n_use_out_source_n_do_axpby_n_align_M_t_align_N_t_align_K_t|custom_kernel_laguna_residual_rms_bf16_2048_v1_bfloat16_t_bfloat16_t_bfloat16_t_bfloat16_t_bfloat16_t|steel_gemm_splitk_nt_bfloat16_float32_bm32_bn32_bk16_wm2_wn2_MN_taligned_K_taligned|steel_gemm_splitk_accum_bfloat16_float32|custom_kernel_laguna_prefill_router_tournament_ordinal_norm_v1_bfloat16_t_float_uint32_t_float|custom_kernel_mlx_lm_route_csort_scatter_fused_m8_u32_v4_uint32_t_uint32_t_uint32_t_uint32_t|gather_frontbfloat16_uint32_int_2|arangeuint32|nvfp4_gather_qmm_rhs_nt_bfloat16_t_gs_16_b_4_bm_16_bn_32_bk_32_wm_1_wn_2_align_M_t_align_N_t_align_K_t|nvfp4_qmm_t_splitk_fused_bfloat16_t_gs_16_b_4_alN_true|nvfp4_qmm_t_splitk_fused_bfloat16_t_gs_16_b_4_alN_true|g2_copybfloat16bfloat16|g2_copybfloat16bfloat16|CV2ISigmoidADV2IBroadcastACEV2IBroadcastCAFV2IMultiplyDEGV2IBroadcastFBHV2IBroadcastBFIV2OMultiplyGH_VV_V2V2_11160318154034397263_contiguous|arangeuint32|CV2ISigmoidADV2IBroadcastACEV2IBroadcastCAFV2IMultiplyDEGV2IBroadcastFBHV2IBroadcastBFIV2OMultiplyGH_VV_V2V2_11160318154034397263_contiguous|nvfp4_qmm_t_bfloat16_t_gs_16_b_4_alN_true_batch_0|nvfp4_gather_qmm_rhs_nt_bfloat16_t_gs_16_b_4_bm_16_bn_32_bk_32_wm_1_wn_2_align_M_t_align_N_t_align_K_t
GPUPROF 187992.143938042 187992.144054750 1 23101440 custom_kernel_laguna_prefill_sorted_moe_tail_bf16_v1_bfloat16_t_uint32_t_float_bfloat16_t_bfloat16_t_bfloat16_t
GPUPROF 187992.155233125 187992.168464000 30 636347908 rmsbfloat16|steel_gemm_splitk_nt_bfloat16_float32_bm32_bn32_bk16_wm2_wn2_MN_taligned_K_taligned|steel_gemm_splitk_accum_bfloat16_float32|steel_gemm_splitk_nt_bfloat16_float32_bm32_bn32_bk16_wm2_wn2_MN_taligned_K_taligned|steel_gemm_splitk_accum_bfloat16_float32|steel_gemm_fused_nt_bfloat16_bfloat16_bm64_bn64_bk16_wm2_wn2_has_batch_n_use_out_source_n_do_axpby_n_align_M_t_align_N_t_align_K_t|steel_gemm_splitk_nt_bfloat16_float32_bm32_bn32_bk16_wm2_wn2_MN_taligned_K_taligned|steel_gemm_splitk_accum_bfloat16_float32|custom_kernel_laguna_prefill_sliding_qk_norm_rope_bf16_128_h1_v2_bfloat16_t_bfloat16_t_bfloat16_t_bfloat16_t_float_int32_tc_bfloat16_t_bfloat16_t|steel_attention_bfloat16_bq32_bk16_bd128_wm4_wn1_maskbfloat16_align_Q_t_align_K_t_has_mask_n_do_causal_t_has_sinks_n|Cf4IAsTypeADf4IBroadcastCBEf4IBroadcastBCFf4ILogAddExpDEGV2OAsTypeF_VC_V2_10408321403207385874_contiguous|g2_Multiplybfloat16|steel_gemm_fused_nt_bfloat16_bfloat16_bm64_bn64_bk16_wm2_wn2_has_batch_n_use_out_source_n_do_axpby_n_align_M_t_align_N_t_align_K_t|custom_kernel_laguna_residual_rms_bf16_2048_v1_bfloat16_t_bfloat16_t_bfloat16_t_bfloat16_t_bfloat16_t|steel_gemm_splitk_nt_bfloat16_float32_bm32_bn32_bk16_wm2_wn2_MN_taligned_K_taligned|steel_gemm_splitk_accum_bfloat16_float32|custom_kernel_laguna_prefill_router_tournament_ordinal_norm_v1_bfloat16_t_float_uint32_t_float|custom_kernel_mlx_lm_route_csort_scatter_fused_m8_u32_v4_uint32_t_uint32_t_uint32_t_uint32_t|gather_frontbfloat16_uint32_int_2|arangeuint32|nvfp4_gather_qmm_rhs_nt_bfloat16_t_gs_16_b_4_bm_16_bn_32_bk_32_wm_1_wn_2_align_M_t_align_N_t_align_K_t|nvfp4_qmm_t_splitk_fused_bfloat16_t_gs_16_b_4_alN_true|nvfp4_qmm_t_splitk_fused_bfloat16_t_gs_16_b_4_alN_true|g2_copybfloat16bfloat16|g2_copybfloat16bfloat16|CV2ISigmoidADV2IBroadcastACEV2IBroadcastCAFV2IMultiplyDEGV2IBroadcastFBHV2IBroadcastBFIV2OMultiplyGH_VV_V2V2_11160318154034397263_contiguous|arangeuint32|CV2ISigmoidADV2IBroadcastACEV2IBroadcastCAFV2IMultiplyDEGV2IBroadcastFBHV2IBroadcastBFIV2OMultiplyGH_VV_V2V2_11160318154034397263_contiguous|nvfp4_qmm_t_bfloat16_t_gs_16_b_4_alN_true_batch_0|nvfp4_gather_qmm_rhs_nt_bfloat16_t_gs_16_b_4_bm_16_bn_32_bk_32_wm_1_wn_2_align_M_t_align_N_t_align_K_t
GPUPROF 187992.168464875 187992.168580875 1 23101440 custom_kernel_laguna_prefill_sorted_moe_tail_bf16_v1_bfloat16_t_uint32_t_float_bfloat16_t_bfloat16_t_bfloat16_t
GPUPROF 187992.180391667 187992.193087750 30 636347908 rmsbfloat16|steel_gemm_splitk_nt_bfloat16_float32_bm32_bn32_bk16_wm2_wn2_MN_taligned_K_taligned|steel_gemm_splitk_accum_bfloat16_float32|steel_gemm_splitk_nt_bfloat16_float32_bm32_bn32_bk16_wm2_wn2_MN_taligned_K_taligned|steel_gemm_splitk_accum_bfloat16_float32|steel_gemm_fused_nt_bfloat16_bfloat16_bm64_bn64_bk16_wm2_wn2_has_batch_n_use_out_source_n_do_axpby_n_align_M_t_align_N_t_align_K_t|steel_gemm_splitk_nt_bfloat16_float32_bm32_bn32_bk16_wm2_wn2_MN_taligned_K_taligned|steel_gemm_splitk_accum_bfloat16_float32|custom_kernel_laguna_prefill_sliding_qk_norm_rope_bf16_128_h1_v2_bfloat16_t_bfloat16_t_bfloat16_t_bfloat16_t_float_int32_tc_bfloat16_t_bfloat16_t|steel_attention_bfloat16_bq32_bk16_bd128_wm4_wn1_maskbfloat16_align_Q_t_align_K_t_has_mask_n_do_causal_t_has_sinks_n|Cf4IAsTypeADf4IBroadcastCBEf4IBroadcastBCFf4ILogAddExpDEGV2OAsTypeF_VC_V2_10408321403207385874_contiguous|g2_Multiplybfloat16|steel_gemm_fused_nt_bfloat16_bfloat16_bm64_bn64_bk16_wm2_wn2_has_batch_n_use_out_source_n_do_axpby_n_align_M_t_align_N_t_align_K_t|custom_kernel_laguna_residual_rms_bf16_2048_v1_bfloat16_t_bfloat16_t_bfloat16_t_bfloat16_t_bfloat16_t|steel_gemm_splitk_nt_bfloat16_float32_bm32_bn32_bk16_wm2_wn2_MN_taligned_K_taligned|steel_gemm_splitk_accum_bfloat16_float32|custom_kernel_laguna_prefill_router_tournament_ordinal_norm_v1_bfloat16_t_float_uint32_t_float|custom_kernel_mlx_lm_route_csort_scatter_fused_m8_u32_v4_uint32_t_uint32_t_uint32_t_uint32_t|gather_frontbfloat16_uint32_int_2|arangeuint32|nvfp4_gather_qmm_rhs_nt_bfloat16_t_gs_16_b_4_bm_16_bn_32_bk_32_wm_1_wn_2_align_M_t_align_N_t_align_K_t|nvfp4_qmm_t_splitk_fused_bfloat16_t_gs_16_b_4_alN_true|nvfp4_qmm_t_splitk_fused_bfloat16_t_gs_16_b_4_alN_true|g2_copybfloat16bfloat16|g2_copybfloat16bfloat16|CV2ISigmoidADV2IBroadcastACEV2IBroadcastCAFV2IMultiplyDEGV2IBroadcastFBHV2IBroadcastBFIV2OMultiplyGH_VV_V2V2_11160318154034397263_contiguous|arangeuint32|CV2ISigmoidADV2IBroadcastACEV2IBroadcastCAFV2IMultiplyDEGV2IBroadcastFBHV2IBroadcastBFIV2OMultiplyGH_VV_V2V2_11160318154034397263_contiguous|nvfp4_qmm_t_bfloat16_t_gs_16_b_4_alN_true_batch_0|nvfp4_gather_qmm_rhs_nt_bfloat16_t_gs_16_b_4_bm_16_bn_32_bk_32_wm_1_wn_2_align_M_t_align_N_t_align_K_t
GPUPROF 187992.193088667 187992.193199250 1 23101440 custom_kernel_laguna_prefill_sorted_moe_tail_bf16_v1_bfloat16_t_uint32_t_float_bfloat16_t_bfloat16_t_bfloat16_t
GPUPROF 187992.202125750 187992.212881917 30 612017668 rmsbfloat16|steel_gemm_splitk_nt_bfloat16_float32_bm32_bn32_bk16_wm2_wn2_MN_taligned_K_taligned|steel_gemm_splitk_accum_bfloat16_float32|steel_gemm_splitk_nt_bfloat16_float32_bm32_bn32_bk16_wm2_wn2_MN_taligned_K_taligned|steel_gemm_splitk_accum_bfloat16_float32|steel_gemm_fused_nt_bfloat16_bfloat16_bm64_bn64_bk16_wm2_wn2_has_batch_n_use_out_source_n_do_axpby_n_align_M_t_align_N_t_align_K_t|steel_gemm_splitk_nt_bfloat16_float32_bm32_bn32_bk16_wm2_wn2_MN_naligned_K_taligned|steel_gemm_splitk_accum_bfloat16_float32|custom_kernel_laguna_prefill_full_qk_norm_yarn_bf16_128_h1_v2_bfloat16_t_bfloat16_t_bfloat16_t_bfloat16_t_float_int32_tc_bfloat16_t_bfloat16_t|steel_attention_bfloat16_bq32_bk16_bd128_wm4_wn1_maskbfloat16_align_Q_t_align_K_t_has_mask_n_do_causal_t_has_sinks_n|Cf4IAsTypeADf4IBroadcastCBEf4IBroadcastBCFf4ILogAddExpDEGV2OAsTypeF_VC_V2_10408321403207385874_contiguous|g2_Multiplybfloat16|steel_gemm_fused_nt_bfloat16_bfloat16_bm64_bn64_bk16_wm2_wn2_has_batch_n_use_out_source_n_do_axpby_n_align_M_t_align_N_t_align_K_t|custom_kernel_laguna_residual_rms_bf16_2048_v1_bfloat16_t_bfloat16_t_bfloat16_t_bfloat16_t_bfloat16_t|steel_gemm_splitk_nt_bfloat16_float32_bm32_bn32_bk16_wm2_wn2_MN_taligned_K_taligned|steel_gemm_splitk_accum_bfloat16_float32|custom_kernel_laguna_prefill_router_tournament_ordinal_norm_v1_bfloat16_t_float_uint32_t_float|custom_kernel_mlx_lm_route_csort_scatter_fused_m8_u32_v4_uint32_t_uint32_t_uint32_t_uint32_t|gather_frontbfloat16_uint32_int_2|arangeuint32|nvfp4_gather_qmm_rhs_nt_bfloat16_t_gs_16_b_4_bm_16_bn_32_bk_32_wm_1_wn_2_align_M_t_align_N_t_align_K_t|nvfp4_qmm_t_splitk_fused_bfloat16_t_gs_16_b_4_alN_true|nvfp4_qmm_t_splitk_fused_bfloat16_t_gs_16_b_4_alN_true|g2_copybfloat16bfloat16|g2_copybfloat16bfloat16|CV2ISigmoidADV2IBroadcastACEV2IBroadcastCAFV2IMultiplyDEGV2IBroadcastFBHV2IBroadcastBFIV2OMultiplyGH_VV_V2V2_11160318154034397263_contiguous|arangeuint32|CV2ISigmoidADV2IBroadcastACEV2IBroadcastCAFV2IMultiplyDEGV2IBroadcastFBHV2IBroadcastBFIV2OMultiplyGH_VV_V2V2_11160318154034397263_contiguous|nvfp4_qmm_t_bfloat16_t_gs_16_b_4_alN_true_batch_0|nvfp4_gather_qmm_rhs_nt_bfloat16_t_gs_16_b_4_bm_16_bn_32_bk_32_wm_1_wn_2_align_M_t_align_N_t_align_K_t
GPUPROF 187992.212882667 187992.212990667 1 23101440 custom_kernel_laguna_prefill_sorted_moe_tail_bf16_v1_bfloat16_t_uint32_t_float_bfloat16_t_bfloat16_t_bfloat16_t
GPUPROF 187992.226240750 187992.238198250 30 636347908 rmsbfloat16|steel_gemm_splitk_nt_bfloat16_float32_bm32_bn32_bk16_wm2_wn2_MN_taligned_K_taligned|steel_gemm_splitk_accum_bfloat16_float32|steel_gemm_splitk_nt_bfloat16_float32_bm32_bn32_bk16_wm2_wn2_MN_taligned_K_taligned|steel_gemm_splitk_accum_bfloat16_float32|steel_gemm_fused_nt_bfloat16_bfloat16_bm64_bn64_bk16_wm2_wn2_has_batch_n_use_out_source_n_do_axpby_n_align_M_t_align_N_t_align_K_t|steel_gemm_splitk_nt_bfloat16_float32_bm32_bn32_bk16_wm2_wn2_MN_taligned_K_taligned|steel_gemm_splitk_accum_bfloat16_float32|custom_kernel_laguna_prefill_sliding_qk_norm_rope_bf16_128_h1_v2_bfloat16_t_bfloat16_t_bfloat16_t_bfloat16_t_float_int32_tc_bfloat16_t_bfloat16_t|steel_attention_bfloat16_bq32_bk16_bd128_wm4_wn1_maskbfloat16_align_Q_t_align_K_t_has_mask_n_do_causal_t_has_sinks_n|Cf4IAsTypeADf4IBroadcastCBEf4IBroadcastBCFf4ILogAddExpDEGV2OAsTypeF_VC_V2_10408321403207385874_contiguous|g2_Multiplybfloat16|steel_gemm_fused_nt_bfloat16_bfloat16_bm64_bn64_bk16_wm2_wn2_has_batch_n_use_out_source_n_do_axpby_n_align_M_t_align_N_t_align_K_t|custom_kernel_laguna_residual_rms_bf16_2048_v1_bfloat16_t_bfloat16_t_bfloat16_t_bfloat16_t_bfloat16_t|steel_gemm_splitk_nt_bfloat16_float32_bm32_bn32_bk16_wm2_wn2_MN_taligned_K_taligned|steel_gemm_splitk_accum_bfloat16_float32|custom_kernel_laguna_prefill_router_tournament_ordinal_norm_v1_bfloat16_t_float_uint32_t_float|custom_kernel_mlx_lm_route_csort_scatter_fused_m8_u32_v4_uint32_t_uint32_t_uint32_t_uint32_t|gather_frontbfloat16_uint32_int_2|arangeuint32|nvfp4_gather_qmm_rhs_nt_bfloat16_t_gs_16_b_4_bm_16_bn_32_bk_32_wm_1_wn_2_align_M_t_align_N_t_align_K_t|nvfp4_qmm_t_splitk_fused_bfloat16_t_gs_16_b_4_alN_true|nvfp4_qmm_t_splitk_fused_bfloat16_t_gs_16_b_4_alN_true|g2_copybfloat16bfloat16|g2_copybfloat16bfloat16|CV2ISigmoidADV2IBroadcastACEV2IBroadcastCAFV2IMultiplyDEGV2IBroadcastFBHV2IBroadcastBFIV2OMultiplyGH_VV_V2V2_11160318154034397263_contiguous|arangeuint32|CV2ISigmoidADV2IBroadcastACEV2IBroadcastCAFV2IMultiplyDEGV2IBroadcastFBHV2IBroadcastBFIV2OMultiplyGH_VV_V2V2_11160318154034397263_contiguous|nvfp4_qmm_t_bfloat16_t_gs_16_b_4_alN_true_batch_0|nvfp4_gather_qmm_rhs_nt_bfloat16_t_gs_16_b_4_bm_16_bn_32_bk_32_wm_1_wn_2_align_M_t_align_N_t_align_K_t
GPUPROF 187992.238199167 187992.238303917 1 23101440 custom_kernel_laguna_prefill_sorted_moe_tail_bf16_v1_bfloat16_t_uint32_t_float_bfloat16_t_bfloat16_t_bfloat16_t
GPUPROF 187992.249673625 187992.261551125 30 636347908 rmsbfloat16|steel_gemm_splitk_nt_bfloat16_float32_bm32_bn32_bk16_wm2_wn2_MN_taligned_K_taligned|steel_gemm_splitk_accum_bfloat16_float32|steel_gemm_splitk_nt_bfloat16_float32_bm32_bn32_bk16_wm2_wn2_MN_taligned_K_taligned|steel_gemm_splitk_accum_bfloat16_float32|steel_gemm_fused_nt_bfloat16_bfloat16_bm64_bn64_bk16_wm2_wn2_has_batch_n_use_out_source_n_do_axpby_n_align_M_t_align_N_t_align_K_t|steel_gemm_splitk_nt_bfloat16_float32_bm32_bn32_bk16_wm2_wn2_MN_taligned_K_taligned|steel_gemm_splitk_accum_bfloat16_float32|custom_kernel_laguna_prefill_sliding_qk_norm_rope_bf16_128_h1_v2_bfloat16_t_bfloat16_t_bfloat16_t_bfloat16_t_float_int32_tc_bfloat16_t_bfloat16_t|steel_attention_bfloat16_bq32_bk16_bd128_wm4_wn1_maskbfloat16_align_Q_t_align_K_t_has_mask_n_do_causal_t_has_sinks_n|Cf4IAsTypeADf4IBroadcastCBEf4IBroadcastBCFf4ILogAddExpDEGV2OAsTypeF_VC_V2_10408321403207385874_contiguous|g2_Multiplybfloat16|steel_gemm_fused_nt_bfloat16_bfloat16_bm64_bn64_bk16_wm2_wn2_has_batch_n_use_out_source_n_do_axpby_n_align_M_t_align_N_t_align_K_t|custom_kernel_laguna_residual_rms_bf16_2048_v1_bfloat16_t_bfloat16_t_bfloat16_t_bfloat16_t_bfloat16_t|steel_gemm_splitk_nt_bfloat16_float32_bm32_bn32_bk16_wm2_wn2_MN_taligned_K_taligned|steel_gemm_splitk_accum_bfloat16_float32|custom_kernel_laguna_prefill_router_tournament_ordinal_norm_v1_bfloat16_t_float_uint32_t_float|custom_kernel_mlx_lm_route_csort_scatter_fused_m8_u32_v4_uint32_t_uint32_t_uint32_t_uint32_t|gather_frontbfloat16_uint32_int_2|arangeuint32|nvfp4_gather_qmm_rhs_nt_bfloat16_t_gs_16_b_4_bm_16_bn_32_bk_32_wm_1_wn_2_align_M_t_align_N_t_align_K_t|nvfp4_qmm_t_splitk_fused_bfloat16_t_gs_16_b_4_alN_true|nvfp4_qmm_t_splitk_fused_bfloat16_t_gs_16_b_4_alN_true|g2_copybfloat16bfloat16|g2_copybfloat16bfloat16|CV2ISigmoidADV2IBroadcastACEV2IBroadcastCAFV2IMultiplyDEGV2IBroadcastFBHV2IBroadcastBFIV2OMultiplyGH_VV_V2V2_11160318154034397263_contiguous|arangeuint32|CV2ISigmoidADV2IBroadcastACEV2IBroadcastCAFV2IMultiplyDEGV2IBroadcastFBHV2IBroadcastBFIV2OMultiplyGH_VV_V2V2_11160318154034397263_contiguous|nvfp4_qmm_t_bfloat16_t_gs_16_b_4_alN_true_batch_0|nvfp4_gather_qmm_rhs_nt_bfloat16_t_gs_16_b_4_bm_16_bn_32_bk_32_wm_1_wn_2_align_M_t_align_N_t_align_K_t
GPUPROF 187992.261552000 187992.261656500 1 23101440 custom_kernel_laguna_prefill_sorted_moe_tail_bf16_v1_bfloat16_t_uint32_t_float_bfloat16_t_bfloat16_t_bfloat16_t
GPUPROF 187992.273206417 187992.284659625 30 636347908 rmsbfloat16|steel_gemm_splitk_nt_bfloat16_float32_bm32_bn32_bk16_wm2_wn2_MN_taligned_K_taligned|steel_gemm_splitk_accum_bfloat16_float32|steel_gemm_splitk_nt_bfloat16_float32_bm32_bn32_bk16_wm2_wn2_MN_taligned_K_taligned|steel_gemm_splitk_accum_bfloat16_float32|steel_gemm_fused_nt_bfloat16_bfloat16_bm64_bn64_bk16_wm2_wn2_has_batch_n_use_out_source_n_do_axpby_n_align_M_t_align_N_t_align_K_t|steel_gemm_splitk_nt_bfloat16_float32_bm32_bn32_bk16_wm2_wn2_MN_taligned_K_taligned|steel_gemm_splitk_accum_bfloat16_float32|custom_kernel_laguna_prefill_sliding_qk_norm_rope_bf16_128_h1_v2_bfloat16_t_bfloat16_t_bfloat16_t_bfloat16_t_float_int32_tc_bfloat16_t_bfloat16_t|steel_attention_bfloat16_bq32_bk16_bd128_wm4_wn1_maskbfloat16_align_Q_t_align_K_t_has_mask_n_do_causal_t_has_sinks_n|Cf4IAsTypeADf4IBroadcastCBEf4IBroadcastBCFf4ILogAddExpDEGV2OAsTypeF_VC_V2_10408321403207385874_contiguous|g2_Multiplybfloat16|steel_gemm_fused_nt_bfloat16_bfloat16_bm64_bn64_bk16_wm2_wn2_has_batch_n_use_out_source_n_do_axpby_n_align_M_t_align_N_t_align_K_t|custom_kernel_laguna_residual_rms_bf16_2048_v1_bfloat16_t_bfloat16_t_bfloat16_t_bfloat16_t_bfloat16_t|steel_gemm_splitk_nt_bfloat16_float32_bm32_bn32_bk16_wm2_wn2_MN_taligned_K_taligned|steel_gemm_splitk_accum_bfloat16_float32|custom_kernel_laguna_prefill_router_tournament_ordinal_norm_v1_bfloat16_t_float_uint32_t_float|custom_kernel_mlx_lm_route_csort_scatter_fused_m8_u32_v4_uint32_t_uint32_t_uint32_t_uint32_t|gather_frontbfloat16_uint32_int_2|arangeuint32|nvfp4_gather_qmm_rhs_nt_bfloat16_t_gs_16_b_4_bm_16_bn_32_bk_32_wm_1_wn_2_align_M_t_align_N_t_align_K_t|nvfp4_qmm_t_splitk_fused_bfloat16_t_gs_16_b_4_alN_true|nvfp4_qmm_t_splitk_fused_bfloat16_t_gs_16_b_4_alN_true|g2_copybfloat16bfloat16|g2_copybfloat16bfloat16|CV2ISigmoidADV2IBroadcastACEV2IBroadcastCAFV2IMultiplyDEGV2IBroadcastFBHV2IBroadcastBFIV2OMultiplyGH_VV_V2V2_11160318154034397263_contiguous|arangeuint32|CV2ISigmoidADV2IBroadcastACEV2IBroadcastCAFV2IMultiplyDEGV2IBroadcastFBHV2IBroadcastBFIV2OMultiplyGH_VV_V2V2_11160318154034397263_contiguous|nvfp4_qmm_t_bfloat16_t_gs_16_b_4_alN_true_batch_0|nvfp4_gather_qmm_rhs_nt_bfloat16_t_gs_16_b_4_bm_16_bn_32_bk_32_wm_1_wn_2_align_M_t_align_N_t_align_K_t
GPUPROF 187992.284660375 187992.284768250 1 23101440 custom_kernel_laguna_prefill_sorted_moe_tail_bf16_v1_bfloat16_t_uint32_t_float_bfloat16_t_bfloat16_t_bfloat16_t
GPUPROF 187992.296076000 187992.306318500 30 612017668 rmsbfloat16|steel_gemm_splitk_nt_bfloat16_float32_bm32_bn32_bk16_wm2_wn2_MN_taligned_K_taligned|steel_gemm_splitk_accum_bfloat16_float32|steel_gemm_splitk_nt_bfloat16_float32_bm32_bn32_bk16_wm2_wn2_MN_taligned_K_taligned|steel_gemm_splitk_accum_bfloat16_float32|steel_gemm_fused_nt_bfloat16_bfloat16_bm64_bn64_bk16_wm2_wn2_has_batch_n_use_out_source_n_do_axpby_n_align_M_t_align_N_t_align_K_t|steel_gemm_splitk_nt_bfloat16_float32_bm32_bn32_bk16_wm2_wn2_MN_naligned_K_taligned|steel_gemm_splitk_accum_bfloat16_float32|custom_kernel_laguna_prefill_full_qk_norm_yarn_bf16_128_h1_v2_bfloat16_t_bfloat16_t_bfloat16_t_bfloat16_t_float_int32_tc_bfloat16_t_bfloat16_t|steel_attention_bfloat16_bq32_bk16_bd128_wm4_wn1_maskbfloat16_align_Q_t_align_K_t_has_mask_n_do_causal_t_has_sinks_n|Cf4IAsTypeADf4IBroadcastCBEf4IBroadcastBCFf4ILogAddExpDEGV2OAsTypeF_VC_V2_10408321403207385874_contiguous|g2_Multiplybfloat16|steel_gemm_fused_nt_bfloat16_bfloat16_bm64_bn64_bk16_wm2_wn2_has_batch_n_use_out_source_n_do_axpby_n_align_M_t_align_N_t_align_K_t|custom_kernel_laguna_residual_rms_bf16_2048_v1_bfloat16_t_bfloat16_t_bfloat16_t_bfloat16_t_bfloat16_t|steel_gemm_splitk_nt_bfloat16_float32_bm32_bn32_bk16_wm2_wn2_MN_taligned_K_taligned|steel_gemm_splitk_accum_bfloat16_float32|custom_kernel_laguna_prefill_router_tournament_ordinal_norm_v1_bfloat16_t_float_uint32_t_float|custom_kernel_mlx_lm_route_csort_scatter_fused_m8_u32_v4_uint32_t_uint32_t_uint32_t_uint32_t|gather_frontbfloat16_uint32_int_2|arangeuint32|nvfp4_gather_qmm_rhs_nt_bfloat16_t_gs_16_b_4_bm_16_bn_32_bk_32_wm_1_wn_2_align_M_t_align_N_t_align_K_t|nvfp4_qmm_t_splitk_fused_bfloat16_t_gs_16_b_4_alN_true|nvfp4_qmm_t_splitk_fused_bfloat16_t_gs_16_b_4_alN_true|g2_copybfloat16bfloat16|g2_copybfloat16bfloat16|CV2ISigmoidADV2IBroadcastACEV2IBroadcastCAFV2IMultiplyDEGV2IBroadcastFBHV2IBroadcastBFIV2OMultiplyGH_VV_V2V2_11160318154034397263_contiguous|arangeuint32|CV2ISigmoidADV2IBroadcastACEV2IBroadcastCAFV2IMultiplyDEGV2IBroadcastFBHV2IBroadcastBFIV2OMultiplyGH_VV_V2V2_11160318154034397263_contiguous|nvfp4_qmm_t_bfloat16_t_gs_16_b_4_alN_true_batch_0|nvfp4_gather_qmm_rhs_nt_bfloat16_t_gs_16_b_4_bm_16_bn_32_bk_32_wm_1_wn_2_align_M_t_align_N_t_align_K_t
GPUPROF 187992.306334125 187992.306440500 1 23101440 custom_kernel_laguna_prefill_sorted_moe_tail_bf16_v1_bfloat16_t_uint32_t_float_bfloat16_t_bfloat16_t_bfloat16_t
GPUPROF 187992.319113125 187992.330287042 30 636347908 rmsbfloat16|steel_gemm_splitk_nt_bfloat16_float32_bm32_bn32_bk16_wm2_wn2_MN_taligned_K_taligned|steel_gemm_splitk_accum_bfloat16_float32|steel_gemm_splitk_nt_bfloat16_float32_bm32_bn32_bk16_wm2_wn2_MN_taligned_K_taligned|steel_gemm_splitk_accum_bfloat16_float32|steel_gemm_fused_nt_bfloat16_bfloat16_bm64_bn64_bk16_wm2_wn2_has_batch_n_use_out_source_n_do_axpby_n_align_M_t_align_N_t_align_K_t|steel_gemm_splitk_nt_bfloat16_float32_bm32_bn32_bk16_wm2_wn2_MN_taligned_K_taligned|steel_gemm_splitk_accum_bfloat16_float32|custom_kernel_laguna_prefill_sliding_qk_norm_rope_bf16_128_h1_v2_bfloat16_t_bfloat16_t_bfloat16_t_bfloat16_t_float_int32_tc_bfloat16_t_bfloat16_t|steel_attention_bfloat16_bq32_bk16_bd128_wm4_wn1_maskbfloat16_align_Q_t_align_K_t_has_mask_n_do_causal_t_has_sinks_n|Cf4IAsTypeADf4IBroadcastCBEf4IBroadcastBCFf4ILogAddExpDEGV2OAsTypeF_VC_V2_10408321403207385874_contiguous|g2_Multiplybfloat16|steel_gemm_fused_nt_bfloat16_bfloat16_bm64_bn64_bk16_wm2_wn2_has_batch_n_use_out_source_n_do_axpby_n_align_M_t_align_N_t_align_K_t|custom_kernel_laguna_residual_rms_bf16_2048_v1_bfloat16_t_bfloat16_t_bfloat16_t_bfloat16_t_bfloat16_t|steel_gemm_splitk_nt_bfloat16_float32_bm32_bn32_bk16_wm2_wn2_MN_taligned_K_taligned|steel_gemm_splitk_accum_bfloat16_float32|custom_kernel_laguna_prefill_router_tournament_ordinal_norm_v1_bfloat16_t_float_uint32_t_float|custom_kernel_mlx_lm_route_csort_scatter_fused_m8_u32_v4_uint32_t_uint32_t_uint32_t_uint32_t|gather_frontbfloat16_uint32_int_2|arangeuint32|nvfp4_gather_qmm_rhs_nt_bfloat16_t_gs_16_b_4_bm_16_bn_32_bk_32_wm_1_wn_2_align_M_t_align_N_t_align_K_t|nvfp4_qmm_t_splitk_fused_bfloat16_t_gs_16_b_4_alN_true|nvfp4_qmm_t_splitk_fused_bfloat16_t_gs_16_b_4_alN_true|g2_copybfloat16bfloat16|g2_copybfloat16bfloat16|CV2ISigmoidADV2IBroadcastACEV2IBroadcastCAFV2IMultiplyDEGV2IBroadcastFBHV2IBroadcastBFIV2OMultiplyGH_VV_V2V2_11160318154034397263_contiguous|arangeuint32|CV2ISigmoidADV2IBroadcastACEV2IBroadcastCAFV2IMultiplyDEGV2IBroadcastFBHV2IBroadcastBFIV2OMultiplyGH_VV_V2V2_11160318154034397263_contiguous|nvfp4_qmm_t_bfloat16_t_gs_16_b_4_alN_true_batch_0|nvfp4_gather_qmm_rhs_nt_bfloat16_t_gs_16_b_4_bm_16_bn_32_bk_32_wm_1_wn_2_align_M_t_align_N_t_align_K_t
GPUPROF 187992.330287750 187992.330391875 1 23101440 custom_kernel_laguna_prefill_sorted_moe_tail_bf16_v1_bfloat16_t_uint32_t_float_bfloat16_t_bfloat16_t_bfloat16_t
GPUPROF 187992.343706042 187992.354903000 30 636347908 rmsbfloat16|steel_gemm_splitk_nt_bfloat16_float32_bm32_bn32_bk16_wm2_wn2_MN_taligned_K_taligned|steel_gemm_splitk_accum_bfloat16_float32|steel_gemm_splitk_nt_bfloat16_float32_bm32_bn32_bk16_wm2_wn2_MN_taligned_K_taligned|steel_gemm_splitk_accum_bfloat16_float32|steel_gemm_fused_nt_bfloat16_bfloat16_bm64_bn64_bk16_wm2_wn2_has_batch_n_use_out_source_n_do_axpby_n_align_M_t_align_N_t_align_K_t|steel_gemm_splitk_nt_bfloat16_float32_bm32_bn32_bk16_wm2_wn2_MN_taligned_K_taligned|steel_gemm_splitk_accum_bfloat16_float32|custom_kernel_laguna_prefill_sliding_qk_norm_rope_bf16_128_h1_v2_bfloat16_t_bfloat16_t_bfloat16_t_bfloat16_t_float_int32_tc_bfloat16_t_bfloat16_t|steel_attention_bfloat16_bq32_bk16_bd128_wm4_wn1_maskbfloat16_align_Q_t_align_K_t_has_mask_n_do_causal_t_has_sinks_n|Cf4IAsTypeADf4IBroadcastCBEf4IBroadcastBCFf4ILogAddExpDEGV2OAsTypeF_VC_V2_10408321403207385874_contiguous|g2_Multiplybfloat16|steel_gemm_fused_nt_bfloat16_bfloat16_bm64_bn64_bk16_wm2_wn2_has_batch_n_use_out_source_n_do_axpby_n_align_M_t_align_N_t_align_K_t|custom_kernel_laguna_residual_rms_bf16_2048_v1_bfloat16_t_bfloat16_t_bfloat16_t_bfloat16_t_bfloat16_t|steel_gemm_splitk_nt_bfloat16_float32_bm32_bn32_bk16_wm2_wn2_MN_taligned_K_taligned|steel_gemm_splitk_accum_bfloat16_float32|custom_kernel_laguna_prefill_router_tournament_ordinal_norm_v1_bfloat16_t_float_uint32_t_float|custom_kernel_mlx_lm_route_csort_scatter_fused_m8_u32_v4_uint32_t_uint32_t_uint32_t_uint32_t|gather_frontbfloat16_uint32_int_2|arangeuint32|nvfp4_gather_qmm_rhs_nt_bfloat16_t_gs_16_b_4_bm_16_bn_32_bk_32_wm_1_wn_2_align_M_t_align_N_t_align_K_t|nvfp4_qmm_t_splitk_fused_bfloat16_t_gs_16_b_4_alN_true|nvfp4_qmm_t_splitk_fused_bfloat16_t_gs_16_b_4_alN_true|g2_copybfloat16bfloat16|g2_copybfloat16bfloat16|CV2ISigmoidADV2IBroadcastACEV2IBroadcastCAFV2IMultiplyDEGV2IBroadcastFBHV2IBroadcastBFIV2OMultiplyGH_VV_V2V2_11160318154034397263_contiguous|arangeuint32|CV2ISigmoidADV2IBroadcastACEV2IBroadcastCAFV2IMultiplyDEGV2IBroadcastFBHV2IBroadcastBFIV2OMultiplyGH_VV_V2V2_11160318154034397263_contiguous|nvfp4_qmm_t_bfloat16_t_gs_16_b_4_alN_true_batch_0|nvfp4_gather_qmm_rhs_nt_bfloat16_t_gs_16_b_4_bm_16_bn_32_bk_32_wm_1_wn_2_align_M_t_align_N_t_align_K_t
GPUPROF 187992.354903750 187992.355006042 1 23101440 custom_kernel_laguna_prefill_sorted_moe_tail_bf16_v1_bfloat16_t_uint32_t_float_bfloat16_t_bfloat16_t_bfloat16_t
GPUPROF 187992.367044875 187992.378237375 30 636347908 rmsbfloat16|steel_gemm_splitk_nt_bfloat16_float32_bm32_bn32_bk16_wm2_wn2_MN_taligned_K_taligned|steel_gemm_splitk_accum_bfloat16_float32|steel_gemm_splitk_nt_bfloat16_float32_bm32_bn32_bk16_wm2_wn2_MN_taligned_K_taligned|steel_gemm_splitk_accum_bfloat16_float32|steel_gemm_fused_nt_bfloat16_bfloat16_bm64_bn64_bk16_wm2_wn2_has_batch_n_use_out_source_n_do_axpby_n_align_M_t_align_N_t_align_K_t|steel_gemm_splitk_nt_bfloat16_float32_bm32_bn32_bk16_wm2_wn2_MN_taligned_K_taligned|steel_gemm_splitk_accum_bfloat16_float32|custom_kernel_laguna_prefill_sliding_qk_norm_rope_bf16_128_h1_v2_bfloat16_t_bfloat16_t_bfloat16_t_bfloat16_t_float_int32_tc_bfloat16_t_bfloat16_t|steel_attention_bfloat16_bq32_bk16_bd128_wm4_wn1_maskbfloat16_align_Q_t_align_K_t_has_mask_n_do_causal_t_has_sinks_n|Cf4IAsTypeADf4IBroadcastCBEf4IBroadcastBCFf4ILogAddExpDEGV2OAsTypeF_VC_V2_10408321403207385874_contiguous|g2_Multiplybfloat16|steel_gemm_fused_nt_bfloat16_bfloat16_bm64_bn64_bk16_wm2_wn2_has_batch_n_use_out_source_n_do_axpby_n_align_M_t_align_N_t_align_K_t|custom_kernel_laguna_residual_rms_bf16_2048_v1_bfloat16_t_bfloat16_t_bfloat16_t_bfloat16_t_bfloat16_t|steel_gemm_splitk_nt_bfloat16_float32_bm32_bn32_bk16_wm2_wn2_MN_taligned_K_taligned|steel_gemm_splitk_accum_bfloat16_float32|custom_kernel_laguna_prefill_router_tournament_ordinal_norm_v1_bfloat16_t_float_uint32_t_float|custom_kernel_mlx_lm_route_csort_scatter_fused_m8_u32_v4_uint32_t_uint32_t_uint32_t_uint32_t|gather_frontbfloat16_uint32_int_2|arangeuint32|nvfp4_gather_qmm_rhs_nt_bfloat16_t_gs_16_b_4_bm_16_bn_32_bk_32_wm_1_wn_2_align_M_t_align_N_t_align_K_t|nvfp4_qmm_t_splitk_fused_bfloat16_t_gs_16_b_4_alN_true|nvfp4_qmm_t_splitk_fused_bfloat16_t_gs_16_b_4_alN_true|g2_copybfloat16bfloat16|g2_copybfloat16bfloat16|CV2ISigmoidADV2IBroadcastACEV2IBroadcastCAFV2IMultiplyDEGV2IBroadcastFBHV2IBroadcastBFIV2OMultiplyGH_VV_V2V2_11160318154034397263_contiguous|arangeuint32|CV2ISigmoidADV2IBroadcastACEV2IBroadcastCAFV2IMultiplyDEGV2IBroadcastFBHV2IBroadcastBFIV2OMultiplyGH_VV_V2V2_11160318154034397263_contiguous|nvfp4_qmm_t_bfloat16_t_gs_16_b_4_alN_true_batch_0|nvfp4_gather_qmm_rhs_nt_bfloat16_t_gs_16_b_4_bm_16_bn_32_bk_32_wm_1_wn_2_align_M_t_align_N_t_align_K_t
GPUPROF 187992.378238125 187992.378342500 1 23101440 custom_kernel_laguna_prefill_sorted_moe_tail_bf16_v1_bfloat16_t_uint32_t_float_bfloat16_t_bfloat16_t_bfloat16_t
GPUPROF 187992.388833750 187992.398635125 30 612017668 rmsbfloat16|steel_gemm_splitk_nt_bfloat16_float32_bm32_bn32_bk16_wm2_wn2_MN_taligned_K_taligned|steel_gemm_splitk_accum_bfloat16_float32|steel_gemm_splitk_nt_bfloat16_float32_bm32_bn32_bk16_wm2_wn2_MN_taligned_K_taligned|steel_gemm_splitk_accum_bfloat16_float32|steel_gemm_fused_nt_bfloat16_bfloat16_bm64_bn64_bk16_wm2_wn2_has_batch_n_use_out_source_n_do_axpby_n_align_M_t_align_N_t_align_K_t|steel_gemm_splitk_nt_bfloat16_float32_bm32_bn32_bk16_wm2_wn2_MN_naligned_K_taligned|steel_gemm_splitk_accum_bfloat16_float32|custom_kernel_laguna_prefill_full_qk_norm_yarn_bf16_128_h1_v2_bfloat16_t_bfloat16_t_bfloat16_t_bfloat16_t_float_int32_tc_bfloat16_t_bfloat16_t|steel_attention_bfloat16_bq32_bk16_bd128_wm4_wn1_maskbfloat16_align_Q_t_align_K_t_has_mask_n_do_causal_t_has_sinks_n|Cf4IAsTypeADf4IBroadcastCBEf4IBroadcastBCFf4ILogAddExpDEGV2OAsTypeF_VC_V2_10408321403207385874_contiguous|g2_Multiplybfloat16|steel_gemm_fused_nt_bfloat16_bfloat16_bm64_bn64_bk16_wm2_wn2_has_batch_n_use_out_source_n_do_axpby_n_align_M_t_align_N_t_align_K_t|custom_kernel_laguna_residual_rms_bf16_2048_v1_bfloat16_t_bfloat16_t_bfloat16_t_bfloat16_t_bfloat16_t|steel_gemm_splitk_nt_bfloat16_float32_bm32_bn32_bk16_wm2_wn2_MN_taligned_K_taligned|steel_gemm_splitk_accum_bfloat16_float32|custom_kernel_laguna_prefill_router_tournament_ordinal_norm_v1_bfloat16_t_float_uint32_t_float|custom_kernel_mlx_lm_route_csort_scatter_fused_m8_u32_v4_uint32_t_uint32_t_uint32_t_uint32_t|gather_frontbfloat16_uint32_int_2|arangeuint32|nvfp4_gather_qmm_rhs_nt_bfloat16_t_gs_16_b_4_bm_16_bn_32_bk_32_wm_1_wn_2_align_M_t_align_N_t_align_K_t|nvfp4_qmm_t_splitk_fused_bfloat16_t_gs_16_b_4_alN_true|nvfp4_qmm_t_splitk_fused_bfloat16_t_gs_16_b_4_alN_true|g2_copybfloat16bfloat16|g2_copybfloat16bfloat16|CV2ISigmoidADV2IBroadcastACEV2IBroadcastCAFV2IMultiplyDEGV2IBroadcastFBHV2IBroadcastBFIV2OMultiplyGH_VV_V2V2_11160318154034397263_contiguous|arangeuint32|CV2ISigmoidADV2IBroadcastACEV2IBroadcastCAFV2IMultiplyDEGV2IBroadcastFBHV2IBroadcastBFIV2OMultiplyGH_VV_V2V2_11160318154034397263_contiguous|nvfp4_qmm_t_bfloat16_t_gs_16_b_4_alN_true_batch_0|nvfp4_gather_qmm_rhs_nt_bfloat16_t_gs_16_b_4_bm_16_bn_32_bk_32_wm_1_wn_2_align_M_t_align_N_t_align_K_t
GPUPROF 187992.398635917 187992.398741917 1 23101440 custom_kernel_laguna_prefill_sorted_moe_tail_bf16_v1_bfloat16_t_uint32_t_float_bfloat16_t_bfloat16_t_bfloat16_t
GPUPROF 187992.413037750 187992.424231667 30 636347908 rmsbfloat16|steel_gemm_splitk_nt_bfloat16_float32_bm32_bn32_bk16_wm2_wn2_MN_taligned_K_taligned|steel_gemm_splitk_accum_bfloat16_float32|steel_gemm_splitk_nt_bfloat16_float32_bm32_bn32_bk16_wm2_wn2_MN_taligned_K_taligned|steel_gemm_splitk_accum_bfloat16_float32|steel_gemm_fused_nt_bfloat16_bfloat16_bm64_bn64_bk16_wm2_wn2_has_batch_n_use_out_source_n_do_axpby_n_align_M_t_align_N_t_align_K_t|steel_gemm_splitk_nt_bfloat16_float32_bm32_bn32_bk16_wm2_wn2_MN_taligned_K_taligned|steel_gemm_splitk_accum_bfloat16_float32|custom_kernel_laguna_prefill_sliding_qk_norm_rope_bf16_128_h1_v2_bfloat16_t_bfloat16_t_bfloat16_t_bfloat16_t_float_int32_tc_bfloat16_t_bfloat16_t|steel_attention_bfloat16_bq32_bk16_bd128_wm4_wn1_maskbfloat16_align_Q_t_align_K_t_has_mask_n_do_causal_t_has_sinks_n|Cf4IAsTypeADf4IBroadcastCBEf4IBroadcastBCFf4ILogAddExpDEGV2OAsTypeF_VC_V2_10408321403207385874_contiguous|g2_Multiplybfloat16|steel_gemm_fused_nt_bfloat16_bfloat16_bm64_bn64_bk16_wm2_wn2_has_batch_n_use_out_source_n_do_axpby_n_align_M_t_align_N_t_align_K_t|custom_kernel_laguna_residual_rms_bf16_2048_v1_bfloat16_t_bfloat16_t_bfloat16_t_bfloat16_t_bfloat16_t|steel_gemm_splitk_nt_bfloat16_float32_bm32_bn32_bk16_wm2_wn2_MN_taligned_K_taligned|steel_gemm_splitk_accum_bfloat16_float32|custom_kernel_laguna_prefill_router_tournament_ordinal_norm_v1_bfloat16_t_float_uint32_t_float|custom_kernel_mlx_lm_route_csort_scatter_fused_m8_u32_v4_uint32_t_uint32_t_uint32_t_uint32_t|gather_frontbfloat16_uint32_int_2|arangeuint32|nvfp4_gather_qmm_rhs_nt_bfloat16_t_gs_16_b_4_bm_16_bn_32_bk_32_wm_1_wn_2_align_M_t_align_N_t_align_K_t|nvfp4_qmm_t_splitk_fused_bfloat16_t_gs_16_b_4_alN_true|nvfp4_qmm_t_splitk_fused_bfloat16_t_gs_16_b_4_alN_true|g2_copybfloat16bfloat16|g2_copybfloat16bfloat16|CV2ISigmoidADV2IBroadcastACEV2IBroadcastCAFV2IMultiplyDEGV2IBroadcastFBHV2IBroadcastBFIV2OMultiplyGH_VV_V2V2_11160318154034397263_contiguous|arangeuint32|CV2ISigmoidADV2IBroadcastACEV2IBroadcastCAFV2IMultiplyDEGV2IBroadcastFBHV2IBroadcastBFIV2OMultiplyGH_VV_V2V2_11160318154034397263_contiguous|nvfp4_qmm_t_bfloat16_t_gs_16_b_4_alN_true_batch_0|nvfp4_gather_qmm_rhs_nt_bfloat16_t_gs_16_b_4_bm_16_bn_32_bk_32_wm_1_wn_2_align_M_t_align_N_t_align_K_t
GPUPROF 187992.424232375 187992.424336917 1 23101440 custom_kernel_laguna_prefill_sorted_moe_tail_bf16_v1_bfloat16_t_uint32_t_float_bfloat16_t_bfloat16_t_bfloat16_t
GPUPROF 187992.435876750 187992.447045250 30 636347908 rmsbfloat16|steel_gemm_splitk_nt_bfloat16_float32_bm32_bn32_bk16_wm2_wn2_MN_taligned_K_taligned|steel_gemm_splitk_accum_bfloat16_float32|steel_gemm_splitk_nt_bfloat16_float32_bm32_bn32_bk16_wm2_wn2_MN_taligned_K_taligned|steel_gemm_splitk_accum_bfloat16_float32|steel_gemm_fused_nt_bfloat16_bfloat16_bm64_bn64_bk16_wm2_wn2_has_batch_n_use_out_source_n_do_axpby_n_align_M_t_align_N_t_align_K_t|steel_gemm_splitk_nt_bfloat16_float32_bm32_bn32_bk16_wm2_wn2_MN_taligned_K_taligned|steel_gemm_splitk_accum_bfloat16_float32|custom_kernel_laguna_prefill_sliding_qk_norm_rope_bf16_128_h1_v2_bfloat16_t_bfloat16_t_bfloat16_t_bfloat16_t_float_int32_tc_bfloat16_t_bfloat16_t|steel_attention_bfloat16_bq32_bk16_bd128_wm4_wn1_maskbfloat16_align_Q_t_align_K_t_has_mask_n_do_causal_t_has_sinks_n|Cf4IAsTypeADf4IBroadcastCBEf4IBroadcastBCFf4ILogAddExpDEGV2OAsTypeF_VC_V2_10408321403207385874_contiguous|g2_Multiplybfloat16|steel_gemm_fused_nt_bfloat16_bfloat16_bm64_bn64_bk16_wm2_wn2_has_batch_n_use_out_source_n_do_axpby_n_align_M_t_align_N_t_align_K_t|custom_kernel_laguna_residual_rms_bf16_2048_v1_bfloat16_t_bfloat16_t_bfloat16_t_bfloat16_t_bfloat16_t|steel_gemm_splitk_nt_bfloat16_float32_bm32_bn32_bk16_wm2_wn2_MN_taligned_K_taligned|steel_gemm_splitk_accum_bfloat16_float32|custom_kernel_laguna_prefill_router_tournament_ordinal_norm_v1_bfloat16_t_float_uint32_t_float|custom_kernel_mlx_lm_route_csort_scatter_fused_m8_u32_v4_uint32_t_uint32_t_uint32_t_uint32_t|gather_frontbfloat16_uint32_int_2|arangeuint32|nvfp4_gather_qmm_rhs_nt_bfloat16_t_gs_16_b_4_bm_16_bn_32_bk_32_wm_1_wn_2_align_M_t_align_N_t_align_K_t|nvfp4_qmm_t_splitk_fused_bfloat16_t_gs_16_b_4_alN_true|nvfp4_qmm_t_splitk_fused_bfloat16_t_gs_16_b_4_alN_true|g2_copybfloat16bfloat16|g2_copybfloat16bfloat16|CV2ISigmoidADV2IBroadcastACEV2IBroadcastCAFV2IMultiplyDEGV2IBroadcastFBHV2IBroadcastBFIV2OMultiplyGH_VV_V2V2_11160318154034397263_contiguous|arangeuint32|CV2ISigmoidADV2IBroadcastACEV2IBroadcastCAFV2IMultiplyDEGV2IBroadcastFBHV2IBroadcastBFIV2OMultiplyGH_VV_V2V2_11160318154034397263_contiguous|nvfp4_qmm_t_bfloat16_t_gs_16_b_4_alN_true_batch_0|nvfp4_gather_qmm_rhs_nt_bfloat16_t_gs_16_b_4_bm_16_bn_32_bk_32_wm_1_wn_2_align_M_t_align_N_t_align_K_t
GPUPROF 187992.447046000 187992.447150167 1 23101440 custom_kernel_laguna_prefill_sorted_moe_tail_bf16_v1_bfloat16_t_uint32_t_float_bfloat16_t_bfloat16_t_bfloat16_t
GPUPROF 187992.455214625 187992.466526750 30 636347908 rmsbfloat16|steel_gemm_splitk_nt_bfloat16_float32_bm32_bn32_bk16_wm2_wn2_MN_taligned_K_taligned|steel_gemm_splitk_accum_bfloat16_float32|steel_gemm_splitk_nt_bfloat16_float32_bm32_bn32_bk16_wm2_wn2_MN_taligned_K_taligned|steel_gemm_splitk_accum_bfloat16_float32|steel_gemm_fused_nt_bfloat16_bfloat16_bm64_bn64_bk16_wm2_wn2_has_batch_n_use_out_source_n_do_axpby_n_align_M_t_align_N_t_align_K_t|steel_gemm_splitk_nt_bfloat16_float32_bm32_bn32_bk16_wm2_wn2_MN_taligned_K_taligned|steel_gemm_splitk_accum_bfloat16_float32|custom_kernel_laguna_prefill_sliding_qk_norm_rope_bf16_128_h1_v2_bfloat16_t_bfloat16_t_bfloat16_t_bfloat16_t_float_int32_tc_bfloat16_t_bfloat16_t|steel_attention_bfloat16_bq32_bk16_bd128_wm4_wn1_maskbfloat16_align_Q_t_align_K_t_has_mask_n_do_causal_t_has_sinks_n|Cf4IAsTypeADf4IBroadcastCBEf4IBroadcastBCFf4ILogAddExpDEGV2OAsTypeF_VC_V2_10408321403207385874_contiguous|g2_Multiplybfloat16|steel_gemm_fused_nt_bfloat16_bfloat16_bm64_bn64_bk16_wm2_wn2_has_batch_n_use_out_source_n_do_axpby_n_align_M_t_align_N_t_align_K_t|custom_kernel_laguna_residual_rms_bf16_2048_v1_bfloat16_t_bfloat16_t_bfloat16_t_bfloat16_t_bfloat16_t|steel_gemm_splitk_nt_bfloat16_float32_bm32_bn32_bk16_wm2_wn2_MN_taligned_K_taligned|steel_gemm_splitk_accum_bfloat16_float32|custom_kernel_laguna_prefill_router_tournament_ordinal_norm_v1_bfloat16_t_float_uint32_t_float|custom_kernel_mlx_lm_route_csort_scatter_fused_m8_u32_v4_uint32_t_uint32_t_uint32_t_uint32_t|gather_frontbfloat16_uint32_int_2|arangeuint32|nvfp4_gather_qmm_rhs_nt_bfloat16_t_gs_16_b_4_bm_16_bn_32_bk_32_wm_1_wn_2_align_M_t_align_N_t_align_K_t|nvfp4_qmm_t_splitk_fused_bfloat16_t_gs_16_b_4_alN_true|nvfp4_qmm_t_splitk_fused_bfloat16_t_gs_16_b_4_alN_true|g2_copybfloat16bfloat16|g2_copybfloat16bfloat16|CV2ISigmoidADV2IBroadcastACEV2IBroadcastCAFV2IMultiplyDEGV2IBroadcastFBHV2IBroadcastBFIV2OMultiplyGH_VV_V2V2_11160318154034397263_contiguous|arangeuint32|CV2ISigmoidADV2IBroadcastACEV2IBroadcastCAFV2IMultiplyDEGV2IBroadcastFBHV2IBroadcastBFIV2OMultiplyGH_VV_V2V2_11160318154034397263_contiguous|nvfp4_qmm_t_bfloat16_t_gs_16_b_4_alN_true_batch_0|nvfp4_gather_qmm_rhs_nt_bfloat16_t_gs_16_b_4_bm_16_bn_32_bk_32_wm_1_wn_2_align_M_t_align_N_t_align_K_t
GPUPROF 187992.466527500 187992.466632250 1 23101440 custom_kernel_laguna_prefill_sorted_moe_tail_bf16_v1_bfloat16_t_uint32_t_float_bfloat16_t_bfloat16_t_bfloat16_t
GPUPROF 187992.470904792 187992.480667167 30 612017668 rmsbfloat16|steel_gemm_splitk_nt_bfloat16_float32_bm32_bn32_bk16_wm2_wn2_MN_taligned_K_taligned|steel_gemm_splitk_accum_bfloat16_float32|steel_gemm_splitk_nt_bfloat16_float32_bm32_bn32_bk16_wm2_wn2_MN_taligned_K_taligned|steel_gemm_splitk_accum_bfloat16_float32|steel_gemm_fused_nt_bfloat16_bfloat16_bm64_bn64_bk16_wm2_wn2_has_batch_n_use_out_source_n_do_axpby_n_align_M_t_align_N_t_align_K_t|steel_gemm_splitk_nt_bfloat16_float32_bm32_bn32_bk16_wm2_wn2_MN_naligned_K_taligned|steel_gemm_splitk_accum_bfloat16_float32|custom_kernel_laguna_prefill_full_qk_norm_yarn_bf16_128_h1_v2_bfloat16_t_bfloat16_t_bfloat16_t_bfloat16_t_float_int32_tc_bfloat16_t_bfloat16_t|steel_attention_bfloat16_bq32_bk16_bd128_wm4_wn1_maskbfloat16_align_Q_t_align_K_t_has_mask_n_do_causal_t_has_sinks_n|Cf4IAsTypeADf4IBroadcastCBEf4IBroadcastBCFf4ILogAddExpDEGV2OAsTypeF_VC_V2_10408321403207385874_contiguous|g2_Multiplybfloat16|steel_gemm_fused_nt_bfloat16_bfloat16_bm64_bn64_bk16_wm2_wn2_has_batch_n_use_out_source_n_do_axpby_n_align_M_t_align_N_t_align_K_t|custom_kernel_laguna_residual_rms_bf16_2048_v1_bfloat16_t_bfloat16_t_bfloat16_t_bfloat16_t_bfloat16_t|steel_gemm_splitk_nt_bfloat16_float32_bm32_bn32_bk16_wm2_wn2_MN_taligned_K_taligned|steel_gemm_splitk_accum_bfloat16_float32|custom_kernel_laguna_prefill_router_tournament_ordinal_norm_v1_bfloat16_t_float_uint32_t_float|custom_kernel_mlx_lm_route_csort_scatter_fused_m8_u32_v4_uint32_t_uint32_t_uint32_t_uint32_t|gather_frontbfloat16_uint32_int_2|arangeuint32|nvfp4_gather_qmm_rhs_nt_bfloat16_t_gs_16_b_4_bm_16_bn_32_bk_32_wm_1_wn_2_align_M_t_align_N_t_align_K_t|nvfp4_qmm_t_splitk_fused_bfloat16_t_gs_16_b_4_alN_true|nvfp4_qmm_t_splitk_fused_bfloat16_t_gs_16_b_4_alN_true|g2_copybfloat16bfloat16|g2_copybfloat16bfloat16|CV2ISigmoidADV2IBroadcastACEV2IBroadcastCAFV2IMultiplyDEGV2IBroadcastFBHV2IBroadcastBFIV2OMultiplyGH_VV_V2V2_11160318154034397263_contiguous|arangeuint32|CV2ISigmoidADV2IBroadcastACEV2IBroadcastCAFV2IMultiplyDEGV2IBroadcastFBHV2IBroadcastBFIV2OMultiplyGH_VV_V2V2_11160318154034397263_contiguous|nvfp4_qmm_t_bfloat16_t_gs_16_b_4_alN_true_batch_0|nvfp4_gather_qmm_rhs_nt_bfloat16_t_gs_16_b_4_bm_16_bn_32_bk_32_wm_1_wn_2_align_M_t_align_N_t_align_K_t
GPUPROF 187992.480667875 187992.480773542 1 23101440 custom_kernel_laguna_prefill_sorted_moe_tail_bf16_v1_bfloat16_t_uint32_t_float_bfloat16_t_bfloat16_t_bfloat16_t
GPUPROF 187992.485883000 187992.497057875 30 636347908 rmsbfloat16|steel_gemm_splitk_nt_bfloat16_float32_bm32_bn32_bk16_wm2_wn2_MN_taligned_K_taligned|steel_gemm_splitk_accum_bfloat16_float32|steel_gemm_splitk_nt_bfloat16_float32_bm32_bn32_bk16_wm2_wn2_MN_taligned_K_taligned|steel_gemm_splitk_accum_bfloat16_float32|steel_gemm_fused_nt_bfloat16_bfloat16_bm64_bn64_bk16_wm2_wn2_has_batch_n_use_out_source_n_do_axpby_n_align_M_t_align_N_t_align_K_t|steel_gemm_splitk_nt_bfloat16_float32_bm32_bn32_bk16_wm2_wn2_MN_taligned_K_taligned|steel_gemm_splitk_accum_bfloat16_float32|custom_kernel_laguna_prefill_sliding_qk_norm_rope_bf16_128_h1_v2_bfloat16_t_bfloat16_t_bfloat16_t_bfloat16_t_float_int32_tc_bfloat16_t_bfloat16_t|steel_attention_bfloat16_bq32_bk16_bd128_wm4_wn1_maskbfloat16_align_Q_t_align_K_t_has_mask_n_do_causal_t_has_sinks_n|Cf4IAsTypeADf4IBroadcastCBEf4IBroadcastBCFf4ILogAddExpDEGV2OAsTypeF_VC_V2_10408321403207385874_contiguous|g2_Multiplybfloat16|steel_gemm_fused_nt_bfloat16_bfloat16_bm64_bn64_bk16_wm2_wn2_has_batch_n_use_out_source_n_do_axpby_n_align_M_t_align_N_t_align_K_t|custom_kernel_laguna_residual_rms_bf16_2048_v1_bfloat16_t_bfloat16_t_bfloat16_t_bfloat16_t_bfloat16_t|steel_gemm_splitk_nt_bfloat16_float32_bm32_bn32_bk16_wm2_wn2_MN_taligned_K_taligned|steel_gemm_splitk_accum_bfloat16_float32|custom_kernel_laguna_prefill_router_tournament_ordinal_norm_v1_bfloat16_t_float_uint32_t_float|custom_kernel_mlx_lm_route_csort_scatter_fused_m8_u32_v4_uint32_t_uint32_t_uint32_t_uint32_t|gather_frontbfloat16_uint32_int_2|arangeuint32|nvfp4_gather_qmm_rhs_nt_bfloat16_t_gs_16_b_4_bm_16_bn_32_bk_32_wm_1_wn_2_align_M_t_align_N_t_align_K_t|nvfp4_qmm_t_splitk_fused_bfloat16_t_gs_16_b_4_alN_true|nvfp4_qmm_t_splitk_fused_bfloat16_t_gs_16_b_4_alN_true|g2_copybfloat16bfloat16|g2_copybfloat16bfloat16|CV2ISigmoidADV2IBroadcastACEV2IBroadcastCAFV2IMultiplyDEGV2IBroadcastFBHV2IBroadcastBFIV2OMultiplyGH_VV_V2V2_11160318154034397263_contiguous|arangeuint32|CV2ISigmoidADV2IBroadcastACEV2IBroadcastCAFV2IMultiplyDEGV2IBroadcastFBHV2IBroadcastBFIV2OMultiplyGH_VV_V2V2_11160318154034397263_contiguous|nvfp4_qmm_t_bfloat16_t_gs_16_b_4_alN_true_batch_0|nvfp4_gather_qmm_rhs_nt_bfloat16_t_gs_16_b_4_bm_16_bn_32_bk_32_wm_1_wn_2_align_M_t_align_N_t_align_K_t
GPUPROF 187992.497058875 187992.497163125 1 23101440 custom_kernel_laguna_prefill_sorted_moe_tail_bf16_v1_bfloat16_t_uint32_t_float_bfloat16_t_bfloat16_t_bfloat16_t
GPUPROF 187992.501037375 187992.512219500 30 636347908 rmsbfloat16|steel_gemm_splitk_nt_bfloat16_float32_bm32_bn32_bk16_wm2_wn2_MN_taligned_K_taligned|steel_gemm_splitk_accum_bfloat16_float32|steel_gemm_splitk_nt_bfloat16_float32_bm32_bn32_bk16_wm2_wn2_MN_taligned_K_taligned|steel_gemm_splitk_accum_bfloat16_float32|steel_gemm_fused_nt_bfloat16_bfloat16_bm64_bn64_bk16_wm2_wn2_has_batch_n_use_out_source_n_do_axpby_n_align_M_t_align_N_t_align_K_t|steel_gemm_splitk_nt_bfloat16_float32_bm32_bn32_bk16_wm2_wn2_MN_taligned_K_taligned|steel_gemm_splitk_accum_bfloat16_float32|custom_kernel_laguna_prefill_sliding_qk_norm_rope_bf16_128_h1_v2_bfloat16_t_bfloat16_t_bfloat16_t_bfloat16_t_float_int32_tc_bfloat16_t_bfloat16_t|steel_attention_bfloat16_bq32_bk16_bd128_wm4_wn1_maskbfloat16_align_Q_t_align_K_t_has_mask_n_do_causal_t_has_sinks_n|Cf4IAsTypeADf4IBroadcastCBEf4IBroadcastBCFf4ILogAddExpDEGV2OAsTypeF_VC_V2_10408321403207385874_contiguous|g2_Multiplybfloat16|steel_gemm_fused_nt_bfloat16_bfloat16_bm64_bn64_bk16_wm2_wn2_has_batch_n_use_out_source_n_do_axpby_n_align_M_t_align_N_t_align_K_t|custom_kernel_laguna_residual_rms_bf16_2048_v1_bfloat16_t_bfloat16_t_bfloat16_t_bfloat16_t_bfloat16_t|steel_gemm_splitk_nt_bfloat16_float32_bm32_bn32_bk16_wm2_wn2_MN_taligned_K_taligned|steel_gemm_splitk_accum_bfloat16_float32|custom_kernel_laguna_prefill_router_tournament_ordinal_norm_v1_bfloat16_t_float_uint32_t_float|custom_kernel_mlx_lm_route_csort_scatter_fused_m8_u32_v4_uint32_t_uint32_t_uint32_t_uint32_t|gather_frontbfloat16_uint32_int_2|arangeuint32|nvfp4_gather_qmm_rhs_nt_bfloat16_t_gs_16_b_4_bm_16_bn_32_bk_32_wm_1_wn_2_align_M_t_align_N_t_align_K_t|nvfp4_qmm_t_splitk_fused_bfloat16_t_gs_16_b_4_alN_true|nvfp4_qmm_t_splitk_fused_bfloat16_t_gs_16_b_4_alN_true|g2_copybfloat16bfloat16|g2_copybfloat16bfloat16|CV2ISigmoidADV2IBroadcastACEV2IBroadcastCAFV2IMultiplyDEGV2IBroadcastFBHV2IBroadcastBFIV2OMultiplyGH_VV_V2V2_11160318154034397263_contiguous|arangeuint32|CV2ISigmoidADV2IBroadcastACEV2IBroadcastCAFV2IMultiplyDEGV2IBroadcastFBHV2IBroadcastBFIV2OMultiplyGH_VV_V2V2_11160318154034397263_contiguous|nvfp4_qmm_t_bfloat16_t_gs_16_b_4_alN_true_batch_0|nvfp4_gather_qmm_rhs_nt_bfloat16_t_gs_16_b_4_bm_16_bn_32_bk_32_wm_1_wn_2_align_M_t_align_N_t_align_K_t
GPUPROF 187992.512220250 187992.512324500 1 23101440 custom_kernel_laguna_prefill_sorted_moe_tail_bf16_v1_bfloat16_t_uint32_t_float_bfloat16_t_bfloat16_t_bfloat16_t
GPUPROF 187992.517963375 187992.529252250 30 636347908 rmsbfloat16|steel_gemm_splitk_nt_bfloat16_float32_bm32_bn32_bk16_wm2_wn2_MN_taligned_K_taligned|steel_gemm_splitk_accum_bfloat16_float32|steel_gemm_splitk_nt_bfloat16_float32_bm32_bn32_bk16_wm2_wn2_MN_taligned_K_taligned|steel_gemm_splitk_accum_bfloat16_float32|steel_gemm_fused_nt_bfloat16_bfloat16_bm64_bn64_bk16_wm2_wn2_has_batch_n_use_out_source_n_do_axpby_n_align_M_t_align_N_t_align_K_t|steel_gemm_splitk_nt_bfloat16_float32_bm32_bn32_bk16_wm2_wn2_MN_taligned_K_taligned|steel_gemm_splitk_accum_bfloat16_float32|custom_kernel_laguna_prefill_sliding_qk_norm_rope_bf16_128_h1_v2_bfloat16_t_bfloat16_t_bfloat16_t_bfloat16_t_float_int32_tc_bfloat16_t_bfloat16_t|steel_attention_bfloat16_bq32_bk16_bd128_wm4_wn1_maskbfloat16_align_Q_t_align_K_t_has_mask_n_do_causal_t_has_sinks_n|Cf4IAsTypeADf4IBroadcastCBEf4IBroadcastBCFf4ILogAddExpDEGV2OAsTypeF_VC_V2_10408321403207385874_contiguous|g2_Multiplybfloat16|steel_gemm_fused_nt_bfloat16_bfloat16_bm64_bn64_bk16_wm2_wn2_has_batch_n_use_out_source_n_do_axpby_n_align_M_t_align_N_t_align_K_t|custom_kernel_laguna_residual_rms_bf16_2048_v1_bfloat16_t_bfloat16_t_bfloat16_t_bfloat16_t_bfloat16_t|steel_gemm_splitk_nt_bfloat16_float32_bm32_bn32_bk16_wm2_wn2_MN_taligned_K_taligned|steel_gemm_splitk_accum_bfloat16_float32|custom_kernel_laguna_prefill_router_tournament_ordinal_norm_v1_bfloat16_t_float_uint32_t_float|custom_kernel_mlx_lm_route_csort_scatter_fused_m8_u32_v4_uint32_t_uint32_t_uint32_t_uint32_t|gather_frontbfloat16_uint32_int_2|arangeuint32|nvfp4_gather_qmm_rhs_nt_bfloat16_t_gs_16_b_4_bm_16_bn_32_bk_32_wm_1_wn_2_align_M_t_align_N_t_align_K_t|nvfp4_qmm_t_splitk_fused_bfloat16_t_gs_16_b_4_alN_true|nvfp4_qmm_t_splitk_fused_bfloat16_t_gs_16_b_4_alN_true|g2_copybfloat16bfloat16|g2_copybfloat16bfloat16|CV2ISigmoidADV2IBroadcastACEV2IBroadcastCAFV2IMultiplyDEGV2IBroadcastFBHV2IBroadcastBFIV2OMultiplyGH_VV_V2V2_11160318154034397263_contiguous|arangeuint32|CV2ISigmoidADV2IBroadcastACEV2IBroadcastCAFV2IMultiplyDEGV2IBroadcastFBHV2IBroadcastBFIV2OMultiplyGH_VV_V2V2_11160318154034397263_contiguous|nvfp4_qmm_t_bfloat16_t_gs_16_b_4_alN_true_batch_0|nvfp4_gather_qmm_rhs_nt_bfloat16_t_gs_16_b_4_bm_16_bn_32_bk_32_wm_1_wn_2_align_M_t_align_N_t_align_K_t
GPUPROF 187992.529253000 187992.529355042 1 23101440 custom_kernel_laguna_prefill_sorted_moe_tail_bf16_v1_bfloat16_t_uint32_t_float_bfloat16_t_bfloat16_t_bfloat16_t
GPUPROF 187992.534553750 187992.544555000 30 612017668 rmsbfloat16|steel_gemm_splitk_nt_bfloat16_float32_bm32_bn32_bk16_wm2_wn2_MN_taligned_K_taligned|steel_gemm_splitk_accum_bfloat16_float32|steel_gemm_splitk_nt_bfloat16_float32_bm32_bn32_bk16_wm2_wn2_MN_taligned_K_taligned|steel_gemm_splitk_accum_bfloat16_float32|steel_gemm_fused_nt_bfloat16_bfloat16_bm64_bn64_bk16_wm2_wn2_has_batch_n_use_out_source_n_do_axpby_n_align_M_t_align_N_t_align_K_t|steel_gemm_splitk_nt_bfloat16_float32_bm32_bn32_bk16_wm2_wn2_MN_naligned_K_taligned|steel_gemm_splitk_accum_bfloat16_float32|custom_kernel_laguna_prefill_full_qk_norm_yarn_bf16_128_h1_v2_bfloat16_t_bfloat16_t_bfloat16_t_bfloat16_t_float_int32_tc_bfloat16_t_bfloat16_t|steel_attention_bfloat16_bq32_bk16_bd128_wm4_wn1_maskbfloat16_align_Q_t_align_K_t_has_mask_n_do_causal_t_has_sinks_n|Cf4IAsTypeADf4IBroadcastCBEf4IBroadcastBCFf4ILogAddExpDEGV2OAsTypeF_VC_V2_10408321403207385874_contiguous|g2_Multiplybfloat16|steel_gemm_fused_nt_bfloat16_bfloat16_bm64_bn64_bk16_wm2_wn2_has_batch_n_use_out_source_n_do_axpby_n_align_M_t_align_N_t_align_K_t|custom_kernel_laguna_residual_rms_bf16_2048_v1_bfloat16_t_bfloat16_t_bfloat16_t_bfloat16_t_bfloat16_t|steel_gemm_splitk_nt_bfloat16_float32_bm32_bn32_bk16_wm2_wn2_MN_taligned_K_taligned|steel_gemm_splitk_accum_bfloat16_float32|custom_kernel_laguna_prefill_router_tournament_ordinal_norm_v1_bfloat16_t_float_uint32_t_float|custom_kernel_mlx_lm_route_csort_scatter_fused_m8_u32_v4_uint32_t_uint32_t_uint32_t_uint32_t|gather_frontbfloat16_uint32_int_2|arangeuint32|nvfp4_gather_qmm_rhs_nt_bfloat16_t_gs_16_b_4_bm_16_bn_32_bk_32_wm_1_wn_2_align_M_t_align_N_t_align_K_t|nvfp4_qmm_t_splitk_fused_bfloat16_t_gs_16_b_4_alN_true|nvfp4_qmm_t_splitk_fused_bfloat16_t_gs_16_b_4_alN_true|g2_copybfloat16bfloat16|g2_copybfloat16bfloat16|CV2ISigmoidADV2IBroadcastACEV2IBroadcastCAFV2IMultiplyDEGV2IBroadcastFBHV2IBroadcastBFIV2OMultiplyGH_VV_V2V2_11160318154034397263_contiguous|arangeuint32|CV2ISigmoidADV2IBroadcastACEV2IBroadcastCAFV2IMultiplyDEGV2IBroadcastFBHV2IBroadcastBFIV2OMultiplyGH_VV_V2V2_11160318154034397263_contiguous|nvfp4_qmm_t_bfloat16_t_gs_16_b_4_alN_true_batch_0|nvfp4_gather_qmm_rhs_nt_bfloat16_t_gs_16_b_4_bm_16_bn_32_bk_32_wm_1_wn_2_align_M_t_align_N_t_align_K_t
GPUPROF 187992.544555750 187992.544659875 1 23101440 custom_kernel_laguna_prefill_sorted_moe_tail_bf16_v1_bfloat16_t_uint32_t_float_bfloat16_t_bfloat16_t_bfloat16_t
mlxfast: packed-scales active: routed swiglu qmv packed dispatch
GPUPSO gemv_al_bfloat16_bm8_bn1_sm1_sn32_tm4_tn4_nc0_axpby0 maxThreads=256 execWidth=32 tgMem=0
GPUPSO rope_bfloat16_ maxThreads=1024 execWidth=32 tgMem=0
GPUPSO rope_single_bfloat16_ maxThreads=1024 execWidth=32 tgMem=0
GPUPSO sdpa_vector_bfloat16_t_128_128_nomask_qnt_nc_nosinks maxThreads=1024 execWidth=32 tgMem=16896
GPUPSO gemv_al_bfloat16_bm4_bn1_sm1_sn32_tm4_tn4_nc0_axpby0 maxThreads=128 execWidth=32 tgMem=0
GPUPSO custom_kernel_laguna_residual_rms_router_bf16_2048_rpg8_keys_v1_bfloat16_t_bfloat16_t_bfloat16_t_bfloat16_t_float_bfloat16_t_bfloat16_t_bfloat16_t_uint32_t maxThreads=1024 execWidth=32 tgMem=4240
GPUPSO custom_kernel_laguna_shared_nvfp4_swiglu_qmv_rows1_bf16_v1_bfloat16_t_uint32_t_uint8_t_bfloat16_t maxThreads=1024 execWidth=32 tgMem=0
GPUPSO custom_kernel_laguna_decode_router_top8_ordinal_table_norm_v1_bfloat16_t_float_uint32_t_float maxThreads=1024 execWidth=32 tgMem=3072
GPUPSO custom_kernel_laguna_routed_nvfp4_swiglu_qmv_packed_top8keys_r1_bf16_v2_bfloat16_t_uint32_t_uint8_t_uint32_t_bfloat16_t maxThreads=1024 execWidth=32 tgMem=0
GPUPSO custom_kernel_laguna_routed_shared_nvfp4_down_residual_bf16_r1_v5_bfloat16_t_uint32_t_uint8_t_uint32_t_float_bfloat16_t_uint32_t_uint8_t_bfloat16_t_bfloat16_t maxThreads=1024 execWidth=32 tgMem=80
GPUPSO custom_kernel_laguna_lmhead_int5_inline_coarse_ratio_bound_delta_bf16_v6_bfloat16_t_uint8_t_uint8_t_uint8_t_float_bfloat16_t maxThreads=1024 execWidth=32 tgMem=0
GPUPROF 187992.552561167 187992.564008750 30 636347908 rmsbfloat16|steel_gemm_splitk_nt_bfloat16_float32_bm32_bn32_bk16_wm2_wn2_MN_taligned_K_taligned|steel_gemm_splitk_accum_bfloat16_float32|steel_gemm_splitk_nt_bfloat16_float32_bm32_bn32_bk16_wm2_wn2_MN_taligned_K_taligned|steel_gemm_splitk_accum_bfloat16_float32|steel_gemm_fused_nt_bfloat16_bfloat16_bm64_bn64_bk16_wm2_wn2_has_batch_n_use_out_source_n_do_axpby_n_align_M_t_align_N_t_align_K_t|steel_gemm_splitk_nt_bfloat16_float32_bm32_bn32_bk16_wm2_wn2_MN_taligned_K_taligned|steel_gemm_splitk_accum_bfloat16_float32|custom_kernel_laguna_prefill_sliding_qk_norm_rope_bf16_128_h1_v2_bfloat16_t_bfloat16_t_bfloat16_t_bfloat16_t_float_int32_tc_bfloat16_t_bfloat16_t|steel_attention_bfloat16_bq32_bk16_bd128_wm4_wn1_maskbfloat16_align_Q_t_align_K_t_has_mask_n_do_causal_t_has_sinks_n|Cf4IAsTypeADf4IBroadcastCBEf4IBroadcastBCFf4ILogAddExpDEGV2OAsTypeF_VC_V2_10408321403207385874_contiguous|g2_Multiplybfloat16|steel_gemm_fused_nt_bfloat16_bfloat16_bm64_bn64_bk16_wm2_wn2_has_batch_n_use_out_source_n_do_axpby_n_align_M_t_align_N_t_align_K_t|custom_kernel_laguna_residual_rms_bf16_2048_v1_bfloat16_t_bfloat16_t_bfloat16_t_bfloat16_t_bfloat16_t|steel_gemm_splitk_nt_bfloat16_float32_bm32_bn32_bk16_wm2_wn2_MN_taligned_K_taligned|steel_gemm_splitk_accum_bfloat16_float32|custom_kernel_laguna_prefill_router_tournament_ordinal_norm_v1_bfloat16_t_float_uint32_t_float|custom_kernel_mlx_lm_route_csort_scatter_fused_m8_u32_v4_uint32_t_uint32_t_uint32_t_uint32_t|gather_frontbfloat16_uint32_int_2|arangeuint32|nvfp4_gather_qmm_rhs_nt_bfloat16_t_gs_16_b_4_bm_16_bn_32_bk_32_wm_1_wn_2_align_M_t_align_N_t_align_K_t|nvfp4_qmm_t_splitk_fused_bfloat16_t_gs_16_b_4_alN_true|nvfp4_qmm_t_splitk_fused_bfloat16_t_gs_16_b_4_alN_true|g2_copybfloat16bfloat16|g2_copybfloat16bfloat16|CV2ISigmoidADV2IBroadcastACEV2IBroadcastCAFV2IMultiplyDEGV2IBroadcastFBHV2IBroadcastBFIV2OMultiplyGH_VV_V2V2_11160318154034397263_contiguous|arangeuint32|CV2ISigmoidADV2IBroadcastACEV2IBroadcastCAFV2IMultiplyDEGV2IBroadcastFBHV2IBroadcastBFIV2OMultiplyGH_VV_V2V2_11160318154034397263_contiguous|nvfp4_qmm_t_bfloat16_t_gs_16_b_4_alN_true_batch_0|nvfp4_gather_qmm_rhs_nt_bfloat16_t_gs_16_b_4_bm_16_bn_32_bk_32_wm_1_wn_2_align_M_t_align_N_t_align_K_t
GPUPROF 187992.564009542 187992.564114917 1 23101440 custom_kernel_laguna_prefill_sorted_moe_tail_bf16_v1_bfloat16_t_uint32_t_float_bfloat16_t_bfloat16_t_bfloat16_t
GPUPSO custom_kernel_laguna_lmhead_coarse_argmax_stage1_v5_float_float_uint32_t maxThreads=1024 execWidth=32 tgMem=256
GPUPSO custom_kernel_laguna_lmhead_exact_winner_bf16_midpoint_threshold_v1_float_uint32_t_bfloat16_t_bfloat16_t_float maxThreads=1024 execWidth=32 tgMem=16
GPUPSO custom_kernel_laguna_lmhead_exact_inline_mask_block_delta_bf16_lane0_mask_v1_float_bfloat16_t_floatc_bfloat16_t_bfloat16_t_bfloat16_t maxThreads=1024 execWidth=32 tgMem=0
GPUPROF 187992.569975667 187992.581552875 30 636347908 rmsbfloat16|steel_gemm_splitk_nt_bfloat16_float32_bm32_bn32_bk16_wm2_wn2_MN_taligned_K_taligned|steel_gemm_splitk_accum_bfloat16_float32|steel_gemm_splitk_nt_bfloat16_float32_bm32_bn32_bk16_wm2_wn2_MN_taligned_K_taligned|steel_gemm_splitk_accum_bfloat16_float32|steel_gemm_fused_nt_bfloat16_bfloat16_bm64_bn64_bk16_wm2_wn2_has_batch_n_use_out_source_n_do_axpby_n_align_M_t_align_N_t_align_K_t|steel_gemm_splitk_nt_bfloat16_float32_bm32_bn32_bk16_wm2_wn2_MN_taligned_K_taligned|steel_gemm_splitk_accum_bfloat16_float32|custom_kernel_laguna_prefill_sliding_qk_norm_rope_bf16_128_h1_v2_bfloat16_t_bfloat16_t_bfloat16_t_bfloat16_t_float_int32_tc_bfloat16_t_bfloat16_t|steel_attention_bfloat16_bq32_bk16_bd128_wm4_wn1_maskbfloat16_align_Q_t_align_K_t_has_mask_n_do_causal_t_has_sinks_n|Cf4IAsTypeADf4IBroadcastCBEf4IBroadcastBCFf4ILogAddExpDEGV2OAsTypeF_VC_V2_10408321403207385874_contiguous|g2_Multiplybfloat16|steel_gemm_fused_nt_bfloat16_bfloat16_bm64_bn64_bk16_wm2_wn2_has_batch_n_use_out_source_n_do_axpby_n_align_M_t_align_N_t_align_K_t|custom_kernel_laguna_residual_rms_bf16_2048_v1_bfloat16_t_bfloat16_t_bfloat16_t_bfloat16_t_bfloat16_t|steel_gemm_splitk_nt_bfloat16_float32_bm32_bn32_bk16_wm2_wn2_MN_taligned_K_taligned|steel_gemm_splitk_accum_bfloat16_float32|custom_kernel_laguna_prefill_router_tournament_ordinal_norm_v1_bfloat16_t_float_uint32_t_float|custom_kernel_mlx_lm_route_csort_scatter_fused_m8_u32_v4_uint32_t_uint32_t_uint32_t_uint32_t|gather_frontbfloat16_uint32_int_2|arangeuint32|nvfp4_gather_qmm_rhs_nt_bfloat16_t_gs_16_b_4_bm_16_bn_32_bk_32_wm_1_wn_2_align_M_t_align_N_t_align_K_t|nvfp4_qmm_t_splitk_fused_bfloat16_t_gs_16_b_4_alN_true|nvfp4_qmm_t_splitk_fused_bfloat16_t_gs_16_b_4_alN_true|g2_copybfloat16bfloat16|g2_copybfloat16bfloat16|CV2ISigmoidADV2IBroadcastACEV2IBroadcastCAFV2IMultiplyDEGV2IBroadcastFBHV2IBroadcastBFIV2OMultiplyGH_VV_V2V2_11160318154034397263_contiguous|arangeuint32|CV2ISigmoidADV2IBroadcastACEV2IBroadcastCAFV2IMultiplyDEGV2IBroadcastFBHV2IBroadcastBFIV2OMultiplyGH_VV_V2V2_11160318154034397263_contiguous|nvfp4_qmm_t_bfloat16_t_gs_16_b_4_alN_true_batch_0|nvfp4_gather_qmm_rhs_nt_bfloat16_t_gs_16_b_4_bm_16_bn_32_bk_32_wm_1_wn_2_align_M_t_align_N_t_align_K_t
GPUPROF 187992.581553625 187992.581660000 1 23101440 custom_kernel_laguna_prefill_sorted_moe_tail_bf16_v1_bfloat16_t_uint32_t_float_bfloat16_t_bfloat16_t_bfloat16_t
GPUPROF 187992.591885875 187992.603574500 30 636347908 rmsbfloat16|steel_gemm_splitk_nt_bfloat16_float32_bm32_bn32_bk16_wm2_wn2_MN_taligned_K_taligned|steel_gemm_splitk_accum_bfloat16_float32|steel_gemm_splitk_nt_bfloat16_float32_bm32_bn32_bk16_wm2_wn2_MN_taligned_K_taligned|steel_gemm_splitk_accum_bfloat16_float32|steel_gemm_fused_nt_bfloat16_bfloat16_bm64_bn64_bk16_wm2_wn2_has_batch_n_use_out_source_n_do_axpby_n_align_M_t_align_N_t_align_K_t|steel_gemm_splitk_nt_bfloat16_float32_bm32_bn32_bk16_wm2_wn2_MN_taligned_K_taligned|steel_gemm_splitk_accum_bfloat16_float32|custom_kernel_laguna_prefill_sliding_qk_norm_rope_bf16_128_h1_v2_bfloat16_t_bfloat16_t_bfloat16_t_bfloat16_t_float_int32_tc_bfloat16_t_bfloat16_t|steel_attention_bfloat16_bq32_bk16_bd128_wm4_wn1_maskbfloat16_align_Q_t_align_K_t_has_mask_n_do_causal_t_has_sinks_n|Cf4IAsTypeADf4IBroadcastCBEf4IBroadcastBCFf4ILogAddExpDEGV2OAsTypeF_VC_V2_10408321403207385874_contiguous|g2_Multiplybfloat16|steel_gemm_fused_nt_bfloat16_bfloat16_bm64_bn64_bk16_wm2_wn2_has_batch_n_use_out_source_n_do_axpby_n_align_M_t_align_N_t_align_K_t|custom_kernel_laguna_residual_rms_bf16_2048_v1_bfloat16_t_bfloat16_t_bfloat16_t_bfloat16_t_bfloat16_t|steel_gemm_splitk_nt_bfloat16_float32_bm32_bn32_bk16_wm2_wn2_MN_taligned_K_taligned|steel_gemm_splitk_accum_bfloat16_float32|custom_kernel_laguna_prefill_router_tournament_ordinal_norm_v1_bfloat16_t_float_uint32_t_float|custom_kernel_mlx_lm_route_csort_scatter_fused_m8_u32_v4_uint32_t_uint32_t_uint32_t_uint32_t|gather_frontbfloat16_uint32_int_2|arangeuint32|nvfp4_gather_qmm_rhs_nt_bfloat16_t_gs_16_b_4_bm_16_bn_32_bk_32_wm_1_wn_2_align_M_t_align_N_t_align_K_t|nvfp4_qmm_t_splitk_fused_bfloat16_t_gs_16_b_4_alN_true|nvfp4_qmm_t_splitk_fused_bfloat16_t_gs_16_b_4_alN_true|g2_copybfloat16bfloat16|g2_copybfloat16bfloat16|CV2ISigmoidADV2IBroadcastACEV2IBroadcastCAFV2IMultiplyDEGV2IBroadcastFBHV2IBroadcastBFIV2OMultiplyGH_VV_V2V2_11160318154034397263_contiguous|arangeuint32|CV2ISigmoidADV2IBroadcastACEV2IBroadcastCAFV2IMultiplyDEGV2IBroadcastFBHV2IBroadcastBFIV2OMultiplyGH_VV_V2V2_11160318154034397263_contiguous|nvfp4_qmm_t_bfloat16_t_gs_16_b_4_alN_true_batch_0|nvfp4_gather_qmm_rhs_nt_bfloat16_t_gs_16_b_4_bm_16_bn_32_bk_32_wm_1_wn_2_align_M_t_align_N_t_align_K_t
GPUPROF 187992.603575250 187992.603683000 1 23101440 custom_kernel_laguna_prefill_sorted_moe_tail_bf16_v1_bfloat16_t_uint32_t_float_bfloat16_t_bfloat16_t_bfloat16_t
GPUPROF 187992.611273000 187992.622002292 30 612017668 rmsbfloat16|steel_gemm_splitk_nt_bfloat16_float32_bm32_bn32_bk16_wm2_wn2_MN_taligned_K_taligned|steel_gemm_splitk_accum_bfloat16_float32|steel_gemm_splitk_nt_bfloat16_float32_bm32_bn32_bk16_wm2_wn2_MN_taligned_K_taligned|steel_gemm_splitk_accum_bfloat16_float32|steel_gemm_fused_nt_bfloat16_bfloat16_bm64_bn64_bk16_wm2_wn2_has_batch_n_use_out_source_n_do_axpby_n_align_M_t_align_N_t_align_K_t|steel_gemm_splitk_nt_bfloat16_float32_bm32_bn32_bk16_wm2_wn2_MN_naligned_K_taligned|steel_gemm_splitk_accum_bfloat16_float32|custom_kernel_laguna_prefill_full_qk_norm_yarn_bf16_128_h1_v2_bfloat16_t_bfloat16_t_bfloat16_t_bfloat16_t_float_int32_tc_bfloat16_t_bfloat16_t|steel_attention_bfloat16_bq32_bk16_bd128_wm4_wn1_maskbfloat16_align_Q_t_align_K_t_has_mask_n_do_causal_t_has_sinks_n|Cf4IAsTypeADf4IBroadcastCBEf4IBroadcastBCFf4ILogAddExpDEGV2OAsTypeF_VC_V2_10408321403207385874_contiguous|g2_Multiplybfloat16|steel_gemm_fused_nt_bfloat16_bfloat16_bm64_bn64_bk16_wm2_wn2_has_batch_n_use_out_source_n_do_axpby_n_align_M_t_align_N_t_align_K_t|custom_kernel_laguna_residual_rms_bf16_2048_v1_bfloat16_t_bfloat16_t_bfloat16_t_bfloat16_t_bfloat16_t|steel_gemm_splitk_nt_bfloat16_float32_bm32_bn32_bk16_wm2_wn2_MN_taligned_K_taligned|steel_gemm_splitk_accum_bfloat16_float32|custom_kernel_laguna_prefill_router_tournament_ordinal_norm_v1_bfloat16_t_float_uint32_t_float|custom_kernel_mlx_lm_route_csort_scatter_fused_m8_u32_v4_uint32_t_uint32_t_uint32_t_uint32_t|gather_frontbfloat16_uint32_int_2|arangeuint32|nvfp4_gather_qmm_rhs_nt_bfloat16_t_gs_16_b_4_bm_16_bn_32_bk_32_wm_1_wn_2_align_M_t_align_N_t_align_K_t|nvfp4_qmm_t_splitk_fused_bfloat16_t_gs_16_b_4_alN_true|nvfp4_qmm_t_splitk_fused_bfloat16_t_gs_16_b_4_alN_true|g2_copybfloat16bfloat16|g2_copybfloat16bfloat16|CV2ISigmoidADV2IBroadcastACEV2IBroadcastCAFV2IMultiplyDEGV2IBroadcastFBHV2IBroadcastBFIV2OMultiplyGH_VV_V2V2_11160318154034397263_contiguous|arangeuint32|CV2ISigmoidADV2IBroadcastACEV2IBroadcastCAFV2IMultiplyDEGV2IBroadcastFBHV2IBroadcastBFIV2OMultiplyGH_VV_V2V2_11160318154034397263_contiguous|nvfp4_qmm_t_bfloat16_t_gs_16_b_4_alN_true_batch_0|nvfp4_gather_qmm_rhs_nt_bfloat16_t_gs_16_b_4_bm_16_bn_32_bk_32_wm_1_wn_2_align_M_t_align_N_t_align_K_t
GPUPROF 187992.622003000 187992.622107792 1 23101440 custom_kernel_laguna_prefill_sorted_moe_tail_bf16_v1_bfloat16_t_uint32_t_float_bfloat16_t_bfloat16_t_bfloat16_t
GPUPROF 187992.626433667 187992.638841250 30 636347908 rmsbfloat16|steel_gemm_splitk_nt_bfloat16_float32_bm32_bn32_bk16_wm2_wn2_MN_taligned_K_taligned|steel_gemm_splitk_accum_bfloat16_float32|steel_gemm_splitk_nt_bfloat16_float32_bm32_bn32_bk16_wm2_wn2_MN_taligned_K_taligned|steel_gemm_splitk_accum_bfloat16_float32|steel_gemm_fused_nt_bfloat16_bfloat16_bm64_bn64_bk16_wm2_wn2_has_batch_n_use_out_source_n_do_axpby_n_align_M_t_align_N_t_align_K_t|steel_gemm_splitk_nt_bfloat16_float32_bm32_bn32_bk16_wm2_wn2_MN_taligned_K_taligned|steel_gemm_splitk_accum_bfloat16_float32|custom_kernel_laguna_prefill_sliding_qk_norm_rope_bf16_128_h1_v2_bfloat16_t_bfloat16_t_bfloat16_t_bfloat16_t_float_int32_tc_bfloat16_t_bfloat16_t|steel_attention_bfloat16_bq32_bk16_bd128_wm4_wn1_maskbfloat16_align_Q_t_align_K_t_has_mask_n_do_causal_t_has_sinks_n|Cf4IAsTypeADf4IBroadcastCBEf4IBroadcastBCFf4ILogAddExpDEGV2OAsTypeF_VC_V2_10408321403207385874_contiguous|g2_Multiplybfloat16|steel_gemm_fused_nt_bfloat16_bfloat16_bm64_bn64_bk16_wm2_wn2_has_batch_n_use_out_source_n_do_axpby_n_align_M_t_align_N_t_align_K_t|custom_kernel_laguna_residual_rms_bf16_2048_v1_bfloat16_t_bfloat16_t_bfloat16_t_bfloat16_t_bfloat16_t|steel_gemm_splitk_nt_bfloat16_float32_bm32_bn32_bk16_wm2_wn2_MN_taligned_K_taligned|steel_gemm_splitk_accum_bfloat16_float32|custom_kernel_laguna_prefill_router_tournament_ordinal_norm_v1_bfloat16_t_float_uint32_t_float|custom_kernel_mlx_lm_route_csort_scatter_fused_m8_u32_v4_uint32_t_uint32_t_uint32_t_uint32_t|gather_frontbfloat16_uint32_int_2|arangeuint32|nvfp4_gather_qmm_rhs_nt_bfloat16_t_gs_16_b_4_bm_16_bn_32_bk_32_wm_1_wn_2_align_M_t_align_N_t_align_K_t|nvfp4_qmm_t_splitk_fused_bfloat16_t_gs_16_b_4_alN_true|nvfp4_qmm_t_splitk_fused_bfloat16_t_gs_16_b_4_alN_true|g2_copybfloat16bfloat16|g2_copybfloat16bfloat16|CV2ISigmoidADV2IBroadcastACEV2IBroadcastCAFV2IMultiplyDEGV2IBroadcastFBHV2IBroadcastBFIV2OMultiplyGH_VV_V2V2_11160318154034397263_contiguous|arangeuint32|CV2ISigmoidADV2IBroadcastACEV2IBroadcastCAFV2IMultiplyDEGV2IBroadcastFBHV2IBroadcastBFIV2OMultiplyGH_VV_V2V2_11160318154034397263_contiguous|nvfp4_qmm_t_bfloat16_t_gs_16_b_4_alN_true_batch_0|nvfp4_gather_qmm_rhs_nt_bfloat16_t_gs_16_b_4_bm_16_bn_32_bk_32_wm_1_wn_2_align_M_t_align_N_t_align_K_t
GPUPROF 187992.638857625 187992.638950625 1 23101440 custom_kernel_laguna_prefill_sorted_moe_tail_bf16_v1_bfloat16_t_uint32_t_float_bfloat16_t_bfloat16_t_bfloat16_t
GPUPROF 187992.642537750 187992.654929750 30 636347908 rmsbfloat16|steel_gemm_splitk_nt_bfloat16_float32_bm32_bn32_bk16_wm2_wn2_MN_taligned_K_taligned|steel_gemm_splitk_accum_bfloat16_float32|steel_gemm_splitk_nt_bfloat16_float32_bm32_bn32_bk16_wm2_wn2_MN_taligned_K_taligned|steel_gemm_splitk_accum_bfloat16_float32|steel_gemm_fused_nt_bfloat16_bfloat16_bm64_bn64_bk16_wm2_wn2_has_batch_n_use_out_source_n_do_axpby_n_align_M_t_align_N_t_align_K_t|steel_gemm_splitk_nt_bfloat16_float32_bm32_bn32_bk16_wm2_wn2_MN_taligned_K_taligned|steel_gemm_splitk_accum_bfloat16_float32|custom_kernel_laguna_prefill_sliding_qk_norm_rope_bf16_128_h1_v2_bfloat16_t_bfloat16_t_bfloat16_t_bfloat16_t_float_int32_tc_bfloat16_t_bfloat16_t|steel_attention_bfloat16_bq32_bk16_bd128_wm4_wn1_maskbfloat16_align_Q_t_align_K_t_has_mask_n_do_causal_t_has_sinks_n|Cf4IAsTypeADf4IBroadcastCBEf4IBroadcastBCFf4ILogAddExpDEGV2OAsTypeF_VC_V2_10408321403207385874_contiguous|g2_Multiplybfloat16|steel_gemm_fused_nt_bfloat16_bfloat16_bm64_bn64_bk16_wm2_wn2_has_batch_n_use_out_source_n_do_axpby_n_align_M_t_align_N_t_align_K_t|custom_kernel_laguna_residual_rms_bf16_2048_v1_bfloat16_t_bfloat16_t_bfloat16_t_bfloat16_t_bfloat16_t|steel_gemm_splitk_nt_bfloat16_float32_bm32_bn32_bk16_wm2_wn2_MN_taligned_K_taligned|steel_gemm_splitk_accum_bfloat16_float32|custom_kernel_laguna_prefill_router_tournament_ordinal_norm_v1_bfloat16_t_float_uint32_t_float|custom_kernel_mlx_lm_route_csort_scatter_fused_m8_u32_v4_uint32_t_uint32_t_uint32_t_uint32_t|gather_frontbfloat16_uint32_int_2|arangeuint32|nvfp4_gather_qmm_rhs_nt_bfloat16_t_gs_16_b_4_bm_16_bn_32_bk_32_wm_1_wn_2_align_M_t_align_N_t_align_K_t|nvfp4_qmm_t_splitk_fused_bfloat16_t_gs_16_b_4_alN_true|nvfp4_qmm_t_splitk_fused_bfloat16_t_gs_16_b_4_alN_true|g2_copybfloat16bfloat16|g2_copybfloat16bfloat16|CV2ISigmoidADV2IBroadcastACEV2IBroadcastCAFV2IMultiplyDEGV2IBroadcastFBHV2IBroadcastBFIV2OMultiplyGH_VV_V2V2_11160318154034397263_contiguous|arangeuint32|CV2ISigmoidADV2IBroadcastACEV2IBroadcastCAFV2IMultiplyDEGV2IBroadcastFBHV2IBroadcastBFIV2OMultiplyGH_VV_V2V2_11160318154034397263_contiguous|nvfp4_qmm_t_bfloat16_t_gs_16_b_4_alN_true_batch_0|nvfp4_gather_qmm_rhs_nt_bfloat16_t_gs_16_b_4_bm_16_bn_32_bk_32_wm_1_wn_2_align_M_t_align_N_t_align_K_t
GPUPROF 187992.654930500 187992.655030125 1 23101440 custom_kernel_laguna_prefill_sorted_moe_tail_bf16_v1_bfloat16_t_uint32_t_float_bfloat16_t_bfloat16_t_bfloat16_t
GPUPROF 187992.664967000 187992.677674417 30 636347908 rmsbfloat16|steel_gemm_splitk_nt_bfloat16_float32_bm32_bn32_bk16_wm2_wn2_MN_taligned_K_taligned|steel_gemm_splitk_accum_bfloat16_float32|steel_gemm_splitk_nt_bfloat16_float32_bm32_bn32_bk16_wm2_wn2_MN_taligned_K_taligned|steel_gemm_splitk_accum_bfloat16_float32|steel_gemm_fused_nt_bfloat16_bfloat16_bm64_bn64_bk16_wm2_wn2_has_batch_n_use_out_source_n_do_axpby_n_align_M_t_align_N_t_align_K_t|steel_gemm_splitk_nt_bfloat16_float32_bm32_bn32_bk16_wm2_wn2_MN_taligned_K_taligned|steel_gemm_splitk_accum_bfloat16_float32|custom_kernel_laguna_prefill_sliding_qk_norm_rope_bf16_128_h1_v2_bfloat16_t_bfloat16_t_bfloat16_t_bfloat16_t_float_int32_tc_bfloat16_t_bfloat16_t|steel_attention_bfloat16_bq32_bk16_bd128_wm4_wn1_maskbfloat16_align_Q_t_align_K_t_has_mask_n_do_causal_t_has_sinks_n|Cf4IAsTypeADf4IBroadcastCBEf4IBroadcastBCFf4ILogAddExpDEGV2OAsTypeF_VC_V2_10408321403207385874_contiguous|g2_Multiplybfloat16|steel_gemm_fused_nt_bfloat16_bfloat16_bm64_bn64_bk16_wm2_wn2_has_batch_n_use_out_source_n_do_axpby_n_align_M_t_align_N_t_align_K_t|custom_kernel_laguna_residual_rms_bf16_2048_v1_bfloat16_t_bfloat16_t_bfloat16_t_bfloat16_t_bfloat16_t|steel_gemm_splitk_nt_bfloat16_float32_bm32_bn32_bk16_wm2_wn2_MN_taligned_K_taligned|steel_gemm_splitk_accum_bfloat16_float32|custom_kernel_laguna_prefill_router_tournament_ordinal_norm_v1_bfloat16_t_float_uint32_t_float|custom_kernel_mlx_lm_route_csort_scatter_fused_m8_u32_v4_uint32_t_uint32_t_uint32_t_uint32_t|gather_frontbfloat16_uint32_int_2|arangeuint32|nvfp4_gather_qmm_rhs_nt_bfloat16_t_gs_16_b_4_bm_16_bn_32_bk_32_wm_1_wn_2_align_M_t_align_N_t_align_K_t|nvfp4_qmm_t_splitk_fused_bfloat16_t_gs_16_b_4_alN_true|nvfp4_qmm_t_splitk_fused_bfloat16_t_gs_16_b_4_alN_true|g2_copybfloat16bfloat16|g2_copybfloat16bfloat16|CV2ISigmoidADV2IBroadcastACEV2IBroadcastCAFV2IMultiplyDEGV2IBroadcastFBHV2IBroadcastBFIV2OMultiplyGH_VV_V2V2_11160318154034397263_contiguous|arangeuint32|CV2ISigmoidADV2IBroadcastACEV2IBroadcastCAFV2IMultiplyDEGV2IBroadcastFBHV2IBroadcastBFIV2OMultiplyGH_VV_V2V2_11160318154034397263_contiguous|nvfp4_qmm_t_bfloat16_t_gs_16_b_4_alN_true_batch_0|nvfp4_gather_qmm_rhs_nt_bfloat16_t_gs_16_b_4_bm_16_bn_32_bk_32_wm_1_wn_2_align_M_t_align_N_t_align_K_t
GPUPROF 187992.677675250 187992.677763500 1 23101440 custom_kernel_laguna_prefill_sorted_moe_tail_bf16_v1_bfloat16_t_uint32_t_float_bfloat16_t_bfloat16_t_bfloat16_t
GPUPROF 187992.683685125 187992.694791625 30 612017668 rmsbfloat16|steel_gemm_splitk_nt_bfloat16_float32_bm32_bn32_bk16_wm2_wn2_MN_taligned_K_taligned|steel_gemm_splitk_accum_bfloat16_float32|steel_gemm_splitk_nt_bfloat16_float32_bm32_bn32_bk16_wm2_wn2_MN_taligned_K_taligned|steel_gemm_splitk_accum_bfloat16_float32|steel_gemm_fused_nt_bfloat16_bfloat16_bm64_bn64_bk16_wm2_wn2_has_batch_n_use_out_source_n_do_axpby_n_align_M_t_align_N_t_align_K_t|steel_gemm_splitk_nt_bfloat16_float32_bm32_bn32_bk16_wm2_wn2_MN_naligned_K_taligned|steel_gemm_splitk_accum_bfloat16_float32|custom_kernel_laguna_prefill_full_qk_norm_yarn_bf16_128_h1_v2_bfloat16_t_bfloat16_t_bfloat16_t_bfloat16_t_float_int32_tc_bfloat16_t_bfloat16_t|steel_attention_bfloat16_bq32_bk16_bd128_wm4_wn1_maskbfloat16_align_Q_t_align_K_t_has_mask_n_do_causal_t_has_sinks_n|Cf4IAsTypeADf4IBroadcastCBEf4IBroadcastBCFf4ILogAddExpDEGV2OAsTypeF_VC_V2_10408321403207385874_contiguous|g2_Multiplybfloat16|steel_gemm_fused_nt_bfloat16_bfloat16_bm64_bn64_bk16_wm2_wn2_has_batch_n_use_out_source_n_do_axpby_n_align_M_t_align_N_t_align_K_t|custom_kernel_laguna_residual_rms_bf16_2048_v1_bfloat16_t_bfloat16_t_bfloat16_t_bfloat16_t_bfloat16_t|steel_gemm_splitk_nt_bfloat16_float32_bm32_bn32_bk16_wm2_wn2_MN_taligned_K_taligned|steel_gemm_splitk_accum_bfloat16_float32|custom_kernel_laguna_prefill_router_tournament_ordinal_norm_v1_bfloat16_t_float_uint32_t_float|custom_kernel_mlx_lm_route_csort_scatter_fused_m8_u32_v4_uint32_t_uint32_t_uint32_t_uint32_t|gather_frontbfloat16_uint32_int_2|arangeuint32|nvfp4_gather_qmm_rhs_nt_bfloat16_t_gs_16_b_4_bm_16_bn_32_bk_32_wm_1_wn_2_align_M_t_align_N_t_align_K_t|nvfp4_qmm_t_splitk_fused_bfloat16_t_gs_16_b_4_alN_true|nvfp4_qmm_t_splitk_fused_bfloat16_t_gs_16_b_4_alN_true|g2_copybfloat16bfloat16|g2_copybfloat16bfloat16|CV2ISigmoidADV2IBroadcastACEV2IBroadcastCAFV2IMultiplyDEGV2IBroadcastFBHV2IBroadcastBFIV2OMultiplyGH_VV_V2V2_11160318154034397263_contiguous|arangeuint32|CV2ISigmoidADV2IBroadcastACEV2IBroadcastCAFV2IMultiplyDEGV2IBroadcastFBHV2IBroadcastBFIV2OMultiplyGH_VV_V2V2_11160318154034397263_contiguous|nvfp4_qmm_t_bfloat16_t_gs_16_b_4_alN_true_batch_0|nvfp4_gather_qmm_rhs_nt_bfloat16_t_gs_16_b_4_bm_16_bn_32_bk_32_wm_1_wn_2_align_M_t_align_N_t_align_K_t
GPUPROF 187992.694792375 187992.694897750 1 23101440 custom_kernel_laguna_prefill_sorted_moe_tail_bf16_v1_bfloat16_t_uint32_t_float_bfloat16_t_bfloat16_t_bfloat16_t
GPUPROF 187992.703944250 187992.716849500 30 636347908 rmsbfloat16|steel_gemm_splitk_nt_bfloat16_float32_bm32_bn32_bk16_wm2_wn2_MN_taligned_K_taligned|steel_gemm_splitk_accum_bfloat16_float32|steel_gemm_splitk_nt_bfloat16_float32_bm32_bn32_bk16_wm2_wn2_MN_taligned_K_taligned|steel_gemm_splitk_accum_bfloat16_float32|steel_gemm_fused_nt_bfloat16_bfloat16_bm64_bn64_bk16_wm2_wn2_has_batch_n_use_out_source_n_do_axpby_n_align_M_t_align_N_t_align_K_t|steel_gemm_splitk_nt_bfloat16_float32_bm32_bn32_bk16_wm2_wn2_MN_taligned_K_taligned|steel_gemm_splitk_accum_bfloat16_float32|custom_kernel_laguna_prefill_sliding_qk_norm_rope_bf16_128_h1_v2_bfloat16_t_bfloat16_t_bfloat16_t_bfloat16_t_float_int32_tc_bfloat16_t_bfloat16_t|steel_attention_bfloat16_bq32_bk16_bd128_wm4_wn1_maskbfloat16_align_Q_t_align_K_t_has_mask_n_do_causal_t_has_sinks_n|Cf4IAsTypeADf4IBroadcastCBEf4IBroadcastBCFf4ILogAddExpDEGV2OAsTypeF_VC_V2_10408321403207385874_contiguous|g2_Multiplybfloat16|steel_gemm_fused_nt_bfloat16_bfloat16_bm64_bn64_bk16_wm2_wn2_has_batch_n_use_out_source_n_do_axpby_n_align_M_t_align_N_t_align_K_t|custom_kernel_laguna_residual_rms_bf16_2048_v1_bfloat16_t_bfloat16_t_bfloat16_t_bfloat16_t_bfloat16_t|steel_gemm_splitk_nt_bfloat16_float32_bm32_bn32_bk16_wm2_wn2_MN_taligned_K_taligned|steel_gemm_splitk_accum_bfloat16_float32|custom_kernel_laguna_prefill_router_tournament_ordinal_norm_v1_bfloat16_t_float_uint32_t_float|custom_kernel_mlx_lm_route_csort_scatter_fused_m8_u32_v4_uint32_t_uint32_t_uint32_t_uint32_t|gather_frontbfloat16_uint32_int_2|arangeuint32|nvfp4_gather_qmm_rhs_nt_bfloat16_t_gs_16_b_4_bm_16_bn_32_bk_32_wm_1_wn_2_align_M_t_align_N_t_align_K_t|nvfp4_qmm_t_splitk_fused_bfloat16_t_gs_16_b_4_alN_true|nvfp4_qmm_t_splitk_fused_bfloat16_t_gs_16_b_4_alN_true|g2_copybfloat16bfloat16|g2_copybfloat16bfloat16|CV2ISigmoidADV2IBroadcastACEV2IBroadcastCAFV2IMultiplyDEGV2IBroadcastFBHV2IBroadcastBFIV2OMultiplyGH_VV_V2V2_11160318154034397263_contiguous|arangeuint32|CV2ISigmoidADV2IBroadcastACEV2IBroadcastCAFV2IMultiplyDEGV2IBroadcastFBHV2IBroadcastBFIV2OMultiplyGH_VV_V2V2_11160318154034397263_contiguous|nvfp4_qmm_t_bfloat16_t_gs_16_b_4_alN_true_batch_0|nvfp4_gather_qmm_rhs_nt_bfloat16_t_gs_16_b_4_bm_16_bn_32_bk_32_wm_1_wn_2_align_M_t_align_N_t_align_K_t
GPUPROF 187992.716850250 187992.716944542 1 23101440 custom_kernel_laguna_prefill_sorted_moe_tail_bf16_v1_bfloat16_t_uint32_t_float_bfloat16_t_bfloat16_t_bfloat16_t
GPUPROF 187992.722448250 187992.736125125 30 636347908 rmsbfloat16|steel_gemm_splitk_nt_bfloat16_float32_bm32_bn32_bk16_wm2_wn2_MN_taligned_K_taligned|steel_gemm_splitk_accum_bfloat16_float32|steel_gemm_splitk_nt_bfloat16_float32_bm32_bn32_bk16_wm2_wn2_MN_taligned_K_taligned|steel_gemm_splitk_accum_bfloat16_float32|steel_gemm_fused_nt_bfloat16_bfloat16_bm64_bn64_bk16_wm2_wn2_has_batch_n_use_out_source_n_do_axpby_n_align_M_t_align_N_t_align_K_t|steel_gemm_splitk_nt_bfloat16_float32_bm32_bn32_bk16_wm2_wn2_MN_taligned_K_taligned|steel_gemm_splitk_accum_bfloat16_float32|custom_kernel_laguna_prefill_sliding_qk_norm_rope_bf16_128_h1_v2_bfloat16_t_bfloat16_t_bfloat16_t_bfloat16_t_float_int32_tc_bfloat16_t_bfloat16_t|steel_attention_bfloat16_bq32_bk16_bd128_wm4_wn1_maskbfloat16_align_Q_t_align_K_t_has_mask_n_do_causal_t_has_sinks_n|Cf4IAsTypeADf4IBroadcastCBEf4IBroadcastBCFf4ILogAddExpDEGV2OAsTypeF_VC_V2_10408321403207385874_contiguous|g2_Multiplybfloat16|steel_gemm_fused_nt_bfloat16_bfloat16_bm64_bn64_bk16_wm2_wn2_has_batch_n_use_out_source_n_do_axpby_n_align_M_t_align_N_t_align_K_t|custom_kernel_laguna_residual_rms_bf16_2048_v1_bfloat16_t_bfloat16_t_bfloat16_t_bfloat16_t_bfloat16_t|steel_gemm_splitk_nt_bfloat16_float32_bm32_bn32_bk16_wm2_wn2_MN_taligned_K_taligned|steel_gemm_splitk_accum_bfloat16_float32|custom_kernel_laguna_prefill_router_tournament_ordinal_norm_v1_bfloat16_t_float_uint32_t_float|custom_kernel_mlx_lm_route_csort_scatter_fused_m8_u32_v4_uint32_t_uint32_t_uint32_t_uint32_t|gather_frontbfloat16_uint32_int_2|arangeuint32|nvfp4_gather_qmm_rhs_nt_bfloat16_t_gs_16_b_4_bm_16_bn_32_bk_32_wm_1_wn_2_align_M_t_align_N_t_align_K_t|nvfp4_qmm_t_splitk_fused_bfloat16_t_gs_16_b_4_alN_true|nvfp4_qmm_t_splitk_fused_bfloat16_t_gs_16_b_4_alN_true|g2_copybfloat16bfloat16|g2_copybfloat16bfloat16|CV2ISigmoidADV2IBroadcastACEV2IBroadcastCAFV2IMultiplyDEGV2IBroadcastFBHV2IBroadcastBFIV2OMultiplyGH_VV_V2V2_11160318154034397263_contiguous|arangeuint32|CV2ISigmoidADV2IBroadcastACEV2IBroadcastCAFV2IMultiplyDEGV2IBroadcastFBHV2IBroadcastBFIV2OMultiplyGH_VV_V2V2_11160318154034397263_contiguous|nvfp4_qmm_t_bfloat16_t_gs_16_b_4_alN_true_batch_0|nvfp4_gather_qmm_rhs_nt_bfloat16_t_gs_16_b_4_bm_16_bn_32_bk_32_wm_1_wn_2_align_M_t_align_N_t_align_K_t
GPUPROF 187992.736140500 187992.736248542 1 23101440 custom_kernel_laguna_prefill_sorted_moe_tail_bf16_v1_bfloat16_t_uint32_t_float_bfloat16_t_bfloat16_t_bfloat16_t
GPUPROF 187992.740579042 187992.742321042 19 650351176 rmsbfloat16|steel_gemm_fused_nt_bfloat16_bfloat16_bm64_bn64_bk16_wm2_wn2_has_batch_n_use_out_source_n_do_axpby_n_align_M_t_align_N_t_align_K_t|gemv_al_bfloat16_bm8_bn1_sm1_sn32_tm4_tn4_nc0_axpby0|g2_copybfloat16bfloat16|rmsbfloat16|rmsbfloat16|rope_bfloat16_|rope_single_bfloat16_|Cf4IAsTypeADf4IBroadcastCBEf4IBroadcastBCFf4ILogAddExpDEGV2OAsTypeF_VC_V2_10408321403207385874_contiguous|sdpa_vector_bfloat16_t_128_128_nomask_qnt_nc_nosinks|g2_Multiplybfloat16|gemv_al_bfloat16_bm4_bn1_sm1_sn32_tm4_tn4_nc0_axpby0|custom_kernel_laguna_residual_rms_router_bf16_2048_rpg8_keys_v1_bfloat16_t_bfloat16_t_bfloat16_t_bfloat16_t_float_bfloat16_t_bfloat16_t_bfloat16_t_uint32_t|custom_kernel_laguna_shared_nvfp4_swiglu_qmv_rows1_bf16_v1_bfloat16_t_uint32_t_uint8_t_bfloat16_t|custom_kernel_laguna_decode_router_top8_ordinal_table_norm_v1_bfloat16_t_float_uint32_t_float|custom_kernel_laguna_routed_nvfp4_swiglu_qmv_packed_top8keys_r1_bf16_v2_bfloat16_t_uint32_t_uint8_t_uint32_t_bfloat16_t|custom_kernel_laguna_routed_shared_nvfp4_down_residual_bf16_r1_v5_bfloat16_t_uint32_t_uint8_t_uint32_t_float_bfloat16_t_uint32_t_uint8_t_bfloat16_t_bfloat16_t|rmsbfloat16|custom_kernel_laguna_lmhead_int5_inline_coarse_ratio_bound_delta_bf16_v6_bfloat16_t_uint8_t_uint8_t_uint8_t_float_bfloat16_t
GPUPROF 187992.743940250 187992.744026792 3 411849732 custom_kernel_laguna_lmhead_coarse_argmax_stage1_v5_float_float_uint32_t|custom_kernel_laguna_lmhead_exact_winner_bf16_midpoint_threshold_v1_float_uint32_t_bfloat16_t_bfloat16_t_float|custom_kernel_laguna_lmhead_exact_inline_mask_block_delta_bf16_lane0_mask_v1_float_bfloat16_t_floatc_bfloat16_t_bfloat16_t_bfloat16_t
GPUPSO custom_kernel_laguna_decode_embedding_rope_atlas_bf16_2048_v2_int32_tc_bfloat16_t_float_float_int32_ts_bfloat16_t_float_float maxThreads=1024 execWidth=32 tgMem=0
GPUPSO custom_kernel_laguna_gate_sp_h48_v1_bfloat16_t_uint32_t_bfloat16_t_bfloat16_t_bfloat16_t maxThreads=1024 execWidth=32 tgMem=0
GPUPSO custom_kernel_laguna_decode_nvfp4_qkv_h48_r1_v1_lm1_pw1_se1_sd1_bfloat16_t_uint32_t_uint8_t_uint8_t_uint8_t_bfloat16_t maxThreads=1024 execWidth=32 tgMem=0
GPUPSO custom_kernel_laguna_full_qk_norm_yarn_bf16_128_v4_bfloat16_t_bfloat16_t_bfloat16_t_bfloat16_t_float_bfloat16_t_bfloat16_t maxThreads=1024 execWidth=32 tgMem=0
GPUPSO sn_copybfloat16bfloat16 maxThreads=1024 execWidth=32 tgMem=0
GPUPROF 187992.745449375 187992.745496750 4 424035176 custom_kernel_laguna_decode_embedding_rope_atlas_bf16_2048_v2_int32_tc_bfloat16_t_float_float_int32_ts_bfloat16_t_float_float|rmsbfloat16|custom_kernel_laguna_gate_sp_h48_v1_bfloat16_t_uint32_t_bfloat16_t_bfloat16_t_bfloat16_t|custom_kernel_laguna_decode_nvfp4_qkv_h48_r1_v1_lm1_pw1_se1_sd1_bfloat16_t_uint32_t_uint8_t_uint8_t_uint8_t_bfloat16_t
GPUPSO gg3_copybfloat16bfloat16 maxThreads=1024 execWidth=32 tgMem=0
GPUPSO gg2_copybfloat16bfloat16 maxThreads=1024 execWidth=32 tgMem=0
GPUPSO custom_kernel_laguna_oproj_act_h48_v1_lm1_pw1_sc1_se1_bfloat16_t_bfloat16_t_uint32_t_uint8_t_uint8_t_uint8_t_bfloat16_t maxThreads=1024 execWidth=32 tgMem=0
GPUPSO custom_kernel_laguna_dense_gate_up_swiglu_bf16_v1_bfloat16_t_bfloat16_t_bfloat16_t maxThreads=1024 execWidth=32 tgMem=0
GPUPSO custom_kernel_laguna_dense_down_residual_bf16_v1_bfloat16_t_bfloat16_t_bfloat16_t_bfloat16_t maxThreads=1024 execWidth=32 tgMem=0
GPUPSO custom_kernel_laguna_decode_nvfp4_qkv_h64_r1_v1_lm1_pw1_se1_sd1_bfloat16_t_uint32_t_uint8_t_uint8_t_uint8_t_bfloat16_t maxThreads=1024 execWidth=32 tgMem=0
GPUPSO g3_copybfloat16bfloat16 maxThreads=1024 execWidth=32 tgMem=0
GPUPSO custom_kernel_laguna_sliding_fused_attn_ring_v1_bfloat16_t_bfloat16_t_bfloat16_t_bfloat16_t_bfloat16_t_float_bfloat16_t_bfloat16_t_uint32_tc_floatc_bfloat16_t maxThreads=1024 execWidth=32 tgMem=18432
GPUPSO custom_kernel_laguna_gate_sp_h64_v1_bfloat16_t_uint32_t_bfloat16_t_bfloat16_t_bfloat16_t maxThreads=1024 execWidth=32 tgMem=0
GPUPSO custom_kernel_laguna_oproj_act_h64_v1_lm1_pw1_sc1_se1_bfloat16_t_bfloat16_t_uint32_t_uint8_t_uint8_t_uint8_t_bfloat16_t maxThreads=1024 execWidth=32 tgMem=0
GPUPROF 187992.747519250 187992.748088500 14 114312032 custom_kernel_laguna_full_qk_norm_yarn_bf16_128_v4_bfloat16_t_bfloat16_t_bfloat16_t_bfloat16_t_float_bfloat16_t_bfloat16_t|sn_copybfloat16bfloat16|sn_copybfloat16bfloat16|gg3_copybfloat16bfloat16|gg2_copybfloat16bfloat16|gg2_copybfloat16bfloat16|gg2_copybfloat16bfloat16|gg2_copybfloat16bfloat16|gg2_copybfloat16bfloat16|sdpa_vector_bfloat16_t_128_128_nomask_qnt_nc_nosinks|custom_kernel_laguna_oproj_act_h48_v1_lm1_pw1_sc1_se1_bfloat16_t_bfloat16_t_uint32_t_uint8_t_uint8_t_uint8_t_bfloat16_t|custom_kernel_laguna_residual_rms_bf16_2048_v1_bfloat16_t_bfloat16_t_bfloat16_t_bfloat16_t_bfloat16_t|custom_kernel_laguna_dense_gate_up_swiglu_bf16_v1_bfloat16_t_bfloat16_t_bfloat16_t|custom_kernel_laguna_dense_down_residual_bf16_v1_bfloat16_t_bfloat16_t_bfloat16_t_bfloat16_t
GPUPROF 187992.749024500 187992.749247042 11 455848904 rmsbfloat16|custom_kernel_laguna_decode_nvfp4_qkv_h64_r1_v1_lm1_pw1_se1_sd1_bfloat16_t_uint32_t_uint8_t_uint8_t_uint8_t_bfloat16_t|g3_copybfloat16bfloat16|custom_kernel_laguna_sliding_fused_attn_ring_v1_bfloat16_t_bfloat16_t_bfloat16_t_bfloat16_t_bfloat16_t_float_bfloat16_t_bfloat16_t_uint32_tc_floatc_bfloat16_t|custom_kernel_laguna_gate_sp_h64_v1_bfloat16_t_uint32_t_bfloat16_t_bfloat16_t_bfloat16_t|custom_kernel_laguna_oproj_act_h64_v1_lm1_pw1_sc1_se1_bfloat16_t_bfloat16_t_uint32_t_uint8_t_uint8_t_uint8_t_bfloat16_t|custom_kernel_laguna_residual_rms_router_bf16_2048_rpg8_keys_v1_bfloat16_t_bfloat16_t_bfloat16_t_bfloat16_t_float_bfloat16_t_bfloat16_t_bfloat16_t_uint32_t|custom_kernel_laguna_shared_nvfp4_swiglu_qmv_rows1_bf16_v1_bfloat16_t_uint32_t_uint8_t_bfloat16_t|custom_kernel_laguna_decode_router_top8_ordinal_table_norm_v1_bfloat16_t_float_uint32_t_float|custom_kernel_laguna_routed_nvfp4_swiglu_qmv_packed_top8keys_r1_bf16_v2_bfloat16_t_uint32_t_uint8_t_uint32_t_bfloat16_t|custom_kernel_laguna_routed_shared_nvfp4_down_residual_bf16_r1_v5_bfloat16_t_uint32_t_uint8_t_uint32_t_float_bfloat16_t_uint32_t_uint8_t_bfloat16_t_bfloat16_t
GPUPROF 187992.751908375 187992.752334292 21 768492812 rmsbfloat16|custom_kernel_laguna_decode_nvfp4_qkv_h64_r1_v1_lm1_pw1_se1_sd1_bfloat16_t_uint32_t_uint8_t_uint8_t_uint8_t_bfloat16_t|g3_copybfloat16bfloat16|custom_kernel_laguna_sliding_fused_attn_ring_v1_bfloat16_t_bfloat16_t_bfloat16_t_bfloat16_t_bfloat16_t_float_bfloat16_t_bfloat16_t_uint32_tc_floatc_bfloat16_t|custom_kernel_laguna_gate_sp_h64_v1_bfloat16_t_uint32_t_bfloat16_t_bfloat16_t_bfloat16_t|custom_kernel_laguna_oproj_act_h64_v1_lm1_pw1_sc1_se1_bfloat16_t_bfloat16_t_uint32_t_uint8_t_uint8_t_uint8_t_bfloat16_t|custom_kernel_laguna_residual_rms_router_bf16_2048_rpg8_keys_v1_bfloat16_t_bfloat16_t_bfloat16_t_bfloat16_t_float_bfloat16_t_bfloat16_t_bfloat16_t_uint32_t|custom_kernel_laguna_shared_nvfp4_swiglu_qmv_rows1_bf16_v1_bfloat16_t_uint32_t_uint8_t_bfloat16_t|custom_kernel_laguna_decode_router_top8_ordinal_table_norm_v1_bfloat16_t_float_uint32_t_float|custom_kernel_laguna_routed_nvfp4_swiglu_qmv_packed_top8keys_r1_bf16_v2_bfloat16_t_uint32_t_uint8_t_uint32_t_bfloat16_t|custom_kernel_laguna_routed_shared_nvfp4_down_residual_bf16_r1_v5_bfloat16_t_uint32_t_uint8_t_uint32_t_float_bfloat16_t_uint32_t_uint8_t_bfloat16_t_bfloat16_t|rmsbfloat16|custom_kernel_laguna_decode_nvfp4_qkv_h64_r1_v1_lm1_pw1_se1_sd1_bfloat16_t_uint32_t_uint8_t_uint8_t_uint8_t_bfloat16_t|g3_copybfloat16bfloat16|custom_kernel_laguna_sliding_fused_attn_ring_v1_bfloat16_t_bfloat16_t_bfloat16_t_bfloat16_t_bfloat16_t_float_bfloat16_t_bfloat16_t_uint32_tc_floatc_bfloat16_t|custom_kernel_laguna_gate_sp_h64_v1_bfloat16_t_uint32_t_bfloat16_t_bfloat16_t_bfloat16_t|custom_kernel_laguna_oproj_act_h64_v1_lm1_pw1_sc1_se1_bfloat16_t_bfloat16_t_uint32_t_uint8_t_uint8_t_uint8_t_bfloat16_t|custom_kernel_laguna_residual_rms_router_bf16_2048_rpg8_keys_v1_bfloat16_t_bfloat16_t_bfloat16_t_bfloat16_t_float_bfloat16_t_bfloat16_t_bfloat16_t_uint32_t|custom_kernel_laguna_shared_nvfp4_swiglu_qmv_rows1_bf16_v1_bfloat16_t_uint32_t_uint8_t_bfloat16_t|custom_kernel_laguna_decode_router_top8_ordinal_table_norm_v1_bfloat16_t_float_uint32_t_float|custom_kernel_laguna_routed_nvfp4_swiglu_qmv_packed_top8keys_r1_bf16_v2_bfloat16_t_uint32_t_uint8_t_uint32_t_bfloat16_t
GPUPROF 187992.754567750 187992.755037792 30 909965992 custom_kernel_laguna_routed_shared_nvfp4_down_residual_bf16_r1_v5_bfloat16_t_uint32_t_uint8_t_uint32_t_float_bfloat16_t_uint32_t_uint8_t_bfloat16_t_bfloat16_t|rmsbfloat16|custom_kernel_laguna_decode_nvfp4_qkv_h48_r1_v1_lm1_pw1_se1_sd1_bfloat16_t_uint32_t_uint8_t_uint8_t_uint8_t_bfloat16_t|custom_kernel_laguna_full_qk_norm_yarn_bf16_128_v4_bfloat16_t_bfloat16_t_bfloat16_t_bfloat16_t_float_bfloat16_t_bfloat16_t|sn_copybfloat16bfloat16|sn_copybfloat16bfloat16|gg3_copybfloat16bfloat16|gg2_copybfloat16bfloat16|gg2_copybfloat16bfloat16|gg2_copybfloat16bfloat16|gg2_copybfloat16bfloat16|gg2_copybfloat16bfloat16|sdpa_vector_bfloat16_t_128_128_nomask_qnt_nc_nosinks|custom_kernel_laguna_gate_sp_h48_v1_bfloat16_t_uint32_t_bfloat16_t_bfloat16_t_bfloat16_t|custom_kernel_laguna_oproj_act_h48_v1_lm1_pw1_sc1_se1_bfloat16_t_bfloat16_t_uint32_t_uint8_t_uint8_t_uint8_t_bfloat16_t|custom_kernel_laguna_residual_rms_router_bf16_2048_rpg8_keys_v1_bfloat16_t_bfloat16_t_bfloat16_t_bfloat16_t_float_bfloat16_t_bfloat16_t_bfloat16_t_uint32_t|custom_kernel_laguna_shared_nvfp4_swiglu_qmv_rows1_bf16_v1_bfloat16_t_uint32_t_uint8_t_bfloat16_t|custom_kernel_laguna_decode_router_top8_ordinal_table_norm_v1_bfloat16_t_float_uint32_t_float|custom_kernel_laguna_routed_nvfp4_swiglu_qmv_packed_top8keys_r1_bf16_v2_bfloat16_t_uint32_t_uint8_t_uint32_t_bfloat16_t|custom_kernel_laguna_routed_shared_nvfp4_down_residual_bf16_r1_v5_bfloat16_t_uint32_t_uint8_t_uint32_t_float_bfloat16_t_uint32_t_uint8_t_bfloat16_t_bfloat16_t|rmsbfloat16|custom_kernel_laguna_decode_nvfp4_qkv_h64_r1_v1_lm1_pw1_se1_sd1_bfloat16_t_uint32_t_uint8_t_uint8_t_uint8_t_bfloat16_t|g3_copybfloat16bfloat16|custom_kernel_laguna_sliding_fused_attn_ring_v1_bfloat16_t_bfloat16_t_bfloat16_t_bfloat16_t_bfloat16_t_float_bfloat16_t_bfloat16_t_uint32_tc_floatc_bfloat16_t|custom_kernel_laguna_gate_sp_h64_v1_bfloat16_t_uint32_t_bfloat16_t_bfloat16_t_bfloat16_t|custom_kernel_laguna_oproj_act_h64_v1_lm1_pw1_sc1_se1_bfloat16_t_bfloat16_t_uint32_t_uint8_t_uint8_t_uint8_t_bfloat16_t|custom_kernel_laguna_residual_rms_router_bf16_2048_rpg8_keys_v1_bfloat16_t_bfloat16_t_bfloat16_t_bfloat16_t_float_bfloat16_t_bfloat16_t_bfloat16_t_uint32_t|custom_kernel_laguna_shared_nvfp4_swiglu_qmv_rows1_bf16_v1_bfloat16_t_uint32_t_uint8_t_bfloat16_t|custom_kernel_laguna_decode_router_top8_ordinal_table_norm_v1_bfloat16_t_float_uint32_t_float|custom_kernel_laguna_routed_nvfp4_swiglu_qmv_packed_top8keys_r1_bf16_v2_bfloat16_t_uint32_t_uint8_t_uint32_t_bfloat16_t
GPUPROF 187992.757314625 187992.757751042 22 911702476 custom_kernel_laguna_routed_shared_nvfp4_down_residual_bf16_r1_v5_bfloat16_t_uint32_t_uint8_t_uint32_t_float_bfloat16_t_uint32_t_uint8_t_bfloat16_t_bfloat16_t|rmsbfloat16|custom_kernel_laguna_decode_nvfp4_qkv_h64_r1_v1_lm1_pw1_se1_sd1_bfloat16_t_uint32_t_uint8_t_uint8_t_uint8_t_bfloat16_t|g3_copybfloat16bfloat16|custom_kernel_laguna_sliding_fused_attn_ring_v1_bfloat16_t_bfloat16_t_bfloat16_t_bfloat16_t_bfloat16_t_float_bfloat16_t_bfloat16_t_uint32_tc_floatc_bfloat16_t|custom_kernel_laguna_gate_sp_h64_v1_bfloat16_t_uint32_t_bfloat16_t_bfloat16_t_bfloat16_t|custom_kernel_laguna_oproj_act_h64_v1_lm1_pw1_sc1_se1_bfloat16_t_bfloat16_t_uint32_t_uint8_t_uint8_t_uint8_t_bfloat16_t|custom_kernel_laguna_residual_rms_router_bf16_2048_rpg8_keys_v1_bfloat16_t_bfloat16_t_bfloat16_t_bfloat16_t_float_bfloat16_t_bfloat16_t_bfloat16_t_uint32_t|custom_kernel_laguna_shared_nvfp4_swiglu_qmv_rows1_bf16_v1_bfloat16_t_uint32_t_uint8_t_bfloat16_t|custom_kernel_laguna_decode_router_top8_ordinal_table_norm_v1_bfloat16_t_float_uint32_t_float|custom_kernel_laguna_routed_nvfp4_swiglu_qmv_packed_top8keys_r1_bf16_v2_bfloat16_t_uint32_t_uint8_t_uint32_t_bfloat16_t|custom_kernel_laguna_routed_shared_nvfp4_down_residual_bf16_r1_v5_bfloat16_t_uint32_t_uint8_t_uint32_t_float_bfloat16_t_uint32_t_uint8_t_bfloat16_t_bfloat16_t|rmsbfloat16|custom_kernel_laguna_decode_nvfp4_qkv_h64_r1_v1_lm1_pw1_se1_sd1_bfloat16_t_uint32_t_uint8_t_uint8_t_uint8_t_bfloat16_t|g3_copybfloat16bfloat16|custom_kernel_laguna_sliding_fused_attn_ring_v1_bfloat16_t_bfloat16_t_bfloat16_t_bfloat16_t_bfloat16_t_float_bfloat16_t_bfloat16_t_uint32_tc_floatc_bfloat16_t|custom_kernel_laguna_gate_sp_h64_v1_bfloat16_t_uint32_t_bfloat16_t_bfloat16_t_bfloat16_t|custom_kernel_laguna_oproj_act_h64_v1_lm1_pw1_sc1_se1_bfloat16_t_bfloat16_t_uint32_t_uint8_t_uint8_t_uint8_t_bfloat16_t|custom_kernel_laguna_residual_rms_router_bf16_2048_rpg8_keys_v1_bfloat16_t_bfloat16_t_bfloat16_t_bfloat16_t_float_bfloat16_t_bfloat16_t_bfloat16_t_uint32_t|custom_kernel_laguna_shared_nvfp4_swiglu_qmv_rows1_bf16_v1_bfloat16_t_uint32_t_uint8_t_bfloat16_t|custom_kernel_laguna_decode_router_top8_ordinal_table_norm_v1_bfloat16_t_float_uint32_t_float|custom_kernel_laguna_routed_nvfp4_swiglu_qmv_packed_top8keys_r1_bf16_v2_bfloat16_t_uint32_t_uint8_t_uint32_t_bfloat16_t
GPUPROF 187992.757752000 187992.757776875 1 143213760 custom_kernel_laguna_routed_shared_nvfp4_down_residual_bf16_r1_v5_bfloat16_t_uint32_t_uint8_t_uint32_t_float_bfloat16_t_uint32_t_uint8_t_bfloat16_t_bfloat16_t
GPUPROF 187992.759783042 187992.760210375 29 766756328 rmsbfloat16|custom_kernel_laguna_decode_nvfp4_qkv_h48_r1_v1_lm1_pw1_se1_sd1_bfloat16_t_uint32_t_uint8_t_uint8_t_uint8_t_bfloat16_t|custom_kernel_laguna_full_qk_norm_yarn_bf16_128_v4_bfloat16_t_bfloat16_t_bfloat16_t_bfloat16_t_float_bfloat16_t_bfloat16_t|sn_copybfloat16bfloat16|sn_copybfloat16bfloat16|gg3_copybfloat16bfloat16|gg2_copybfloat16bfloat16|gg2_copybfloat16bfloat16|gg2_copybfloat16bfloat16|gg2_copybfloat16bfloat16|gg2_copybfloat16bfloat16|sdpa_vector_bfloat16_t_128_128_nomask_qnt_nc_nosinks|custom_kernel_laguna_gate_sp_h48_v1_bfloat16_t_uint32_t_bfloat16_t_bfloat16_t_bfloat16_t|custom_kernel_laguna_oproj_act_h48_v1_lm1_pw1_sc1_se1_bfloat16_t_bfloat16_t_uint32_t_uint8_t_uint8_t_uint8_t_bfloat16_t|custom_kernel_laguna_residual_rms_router_bf16_2048_rpg8_keys_v1_bfloat16_t_bfloat16_t_bfloat16_t_bfloat16_t_float_bfloat16_t_bfloat16_t_bfloat16_t_uint32_t|custom_kernel_laguna_shared_nvfp4_swiglu_qmv_rows1_bf16_v1_bfloat16_t_uint32_t_uint8_t_bfloat16_t|custom_kernel_laguna_decode_router_top8_ordinal_table_norm_v1_bfloat16_t_float_uint32_t_float|custom_kernel_laguna_routed_nvfp4_swiglu_qmv_packed_top8keys_r1_bf16_v2_bfloat16_t_uint32_t_uint8_t_uint32_t_bfloat16_t|custom_kernel_laguna_routed_shared_nvfp4_down_residual_bf16_r1_v5_bfloat16_t_uint32_t_uint8_t_uint32_t_float_bfloat16_t_uint32_t_uint8_t_bfloat16_t_bfloat16_t|rmsbfloat16|custom_kernel_laguna_decode_nvfp4_qkv_h64_r1_v1_lm1_pw1_se1_sd1_bfloat16_t_uint32_t_uint8_t_uint8_t_uint8_t_bfloat16_t|g3_copybfloat16bfloat16|custom_kernel_laguna_sliding_fused_attn_ring_v1_bfloat16_t_bfloat16_t_bfloat16_t_bfloat16_t_bfloat16_t_float_bfloat16_t_bfloat16_t_uint32_tc_floatc_bfloat16_t|custom_kernel_laguna_gate_sp_h64_v1_bfloat16_t_uint32_t_bfloat16_t_bfloat16_t_bfloat16_t|custom_kernel_laguna_oproj_act_h64_v1_lm1_pw1_sc1_se1_bfloat16_t_bfloat16_t_uint32_t_uint8_t_uint8_t_uint8_t_bfloat16_t|custom_kernel_laguna_residual_rms_router_bf16_2048_rpg8_keys_v1_bfloat16_t_bfloat16_t_bfloat16_t_bfloat16_t_float_bfloat16_t_bfloat16_t_bfloat16_t_uint32_t|custom_kernel_laguna_shared_nvfp4_swiglu_qmv_rows1_bf16_v1_bfloat16_t_uint32_t_uint8_t_bfloat16_t|custom_kernel_laguna_decode_router_top8_ordinal_table_norm_v1_bfloat16_t_float_uint32_t_float|custom_kernel_laguna_routed_nvfp4_swiglu_qmv_packed_top8keys_r1_bf16_v2_bfloat16_t_uint32_t_uint8_t_uint32_t_bfloat16_t
GPUPROF 187992.762438042 187992.762877667 22 911702476 custom_kernel_laguna_routed_shared_nvfp4_down_residual_bf16_r1_v5_bfloat16_t_uint32_t_uint8_t_uint32_t_float_bfloat16_t_uint32_t_uint8_t_bfloat16_t_bfloat16_t|rmsbfloat16|custom_kernel_laguna_decode_nvfp4_qkv_h64_r1_v1_lm1_pw1_se1_sd1_bfloat16_t_uint32_t_uint8_t_uint8_t_uint8_t_bfloat16_t|g3_copybfloat16bfloat16|custom_kernel_laguna_sliding_fused_attn_ring_v1_bfloat16_t_bfloat16_t_bfloat16_t_bfloat16_t_bfloat16_t_float_bfloat16_t_bfloat16_t_uint32_tc_floatc_bfloat16_t|custom_kernel_laguna_gate_sp_h64_v1_bfloat16_t_uint32_t_bfloat16_t_bfloat16_t_bfloat16_t|custom_kernel_laguna_oproj_act_h64_v1_lm1_pw1_sc1_se1_bfloat16_t_bfloat16_t_uint32_t_uint8_t_uint8_t_uint8_t_bfloat16_t|custom_kernel_laguna_residual_rms_router_bf16_2048_rpg8_keys_v1_bfloat16_t_bfloat16_t_bfloat16_t_bfloat16_t_float_bfloat16_t_bfloat16_t_bfloat16_t_uint32_t|custom_kernel_laguna_shared_nvfp4_swiglu_qmv_rows1_bf16_v1_bfloat16_t_uint32_t_uint8_t_bfloat16_t|custom_kernel_laguna_decode_router_top8_ordinal_table_norm_v1_bfloat16_t_float_uint32_t_float|custom_kernel_laguna_routed_nvfp4_swiglu_qmv_packed_top8keys_r1_bf16_v2_bfloat16_t_uint32_t_uint8_t_uint32_t_bfloat16_t|custom_kernel_laguna_routed_shared_nvfp4_down_residual_bf16_r1_v5_bfloat16_t_uint32_t_uint8_t_uint32_t_float_bfloat16_t_uint32_t_uint8_t_bfloat16_t_bfloat16_t|rmsbfloat16|custom_kernel_laguna_decode_nvfp4_qkv_h64_r1_v1_lm1_pw1_se1_sd1_bfloat16_t_uint32_t_uint8_t_uint8_t_uint8_t_bfloat16_t|g3_copybfloat16bfloat16|custom_kernel_laguna_sliding_fused_attn_ring_v1_bfloat16_t_bfloat16_t_bfloat16_t_bfloat16_t_bfloat16_t_float_bfloat16_t_bfloat16_t_uint32_tc_floatc_bfloat16_t|custom_kernel_laguna_gate_sp_h64_v1_bfloat16_t_uint32_t_bfloat16_t_bfloat16_t_bfloat16_t|custom_kernel_laguna_oproj_act_h64_v1_lm1_pw1_sc1_se1_bfloat16_t_bfloat16_t_uint32_t_uint8_t_uint8_t_uint8_t_bfloat16_t|custom_kernel_laguna_residual_rms_router_bf16_2048_rpg8_keys_v1_bfloat16_t_bfloat16_t_bfloat16_t_bfloat16_t_float_bfloat16_t_bfloat16_t_bfloat16_t_uint32_t|custom_kernel_laguna_shared_nvfp4_swiglu_qmv_rows1_bf16_v1_bfloat16_t_uint32_t_uint8_t_bfloat16_t|custom_kernel_laguna_decode_router_top8_ordinal_table_norm_v1_bfloat16_t_float_uint32_t_float|custom_kernel_laguna_routed_nvfp4_swiglu_qmv_packed_top8keys_r1_bf16_v2_bfloat16_t_uint32_t_uint8_t_uint32_t_bfloat16_t
GPUPROF 187992.764897375 187992.765379042 30 909965992 custom_kernel_laguna_routed_shared_nvfp4_down_residual_bf16_r1_v5_bfloat16_t_uint32_t_uint8_t_uint32_t_float_bfloat16_t_uint32_t_uint8_t_bfloat16_t_bfloat16_t|rmsbfloat16|custom_kernel_laguna_decode_nvfp4_qkv_h48_r1_v1_lm1_pw1_se1_sd1_bfloat16_t_uint32_t_uint8_t_uint8_t_uint8_t_bfloat16_t|custom_kernel_laguna_full_qk_norm_yarn_bf16_128_v4_bfloat16_t_bfloat16_t_bfloat16_t_bfloat16_t_float_bfloat16_t_bfloat16_t|sn_copybfloat16bfloat16|sn_copybfloat16bfloat16|gg3_copybfloat16bfloat16|gg2_copybfloat16bfloat16|gg2_copybfloat16bfloat16|gg2_copybfloat16bfloat16|gg2_copybfloat16bfloat16|gg2_copybfloat16bfloat16|sdpa_vector_bfloat16_t_128_128_nomask_qnt_nc_nosinks|custom_kernel_laguna_gate_sp_h48_v1_bfloat16_t_uint32_t_bfloat16_t_bfloat16_t_bfloat16_t|custom_kernel_laguna_oproj_act_h48_v1_lm1_pw1_sc1_se1_bfloat16_t_bfloat16_t_uint32_t_uint8_t_uint8_t_uint8_t_bfloat16_t|custom_kernel_laguna_residual_rms_router_bf16_2048_rpg8_keys_v1_bfloat16_t_bfloat16_t_bfloat16_t_bfloat16_t_float_bfloat16_t_bfloat16_t_bfloat16_t_uint32_t|custom_kernel_laguna_shared_nvfp4_swiglu_qmv_rows1_bf16_v1_bfloat16_t_uint32_t_uint8_t_bfloat16_t|custom_kernel_laguna_decode_router_top8_ordinal_table_norm_v1_bfloat16_t_float_uint32_t_float|custom_kernel_laguna_routed_nvfp4_swiglu_qmv_packed_top8keys_r1_bf16_v2_bfloat16_t_uint32_t_uint8_t_uint32_t_bfloat16_t|custom_kernel_laguna_routed_shared_nvfp4_down_residual_bf16_r1_v5_bfloat16_t_uint32_t_uint8_t_uint32_t_float_bfloat16_t_uint32_t_uint8_t_bfloat16_t_bfloat16_t|rmsbfloat16|custom_kernel_laguna_decode_nvfp4_qkv_h64_r1_v1_lm1_pw1_se1_sd1_bfloat16_t_uint32_t_uint8_t_uint8_t_uint8_t_bfloat16_t|g3_copybfloat16bfloat16|custom_kernel_laguna_sliding_fused_attn_ring_v1_bfloat16_t_bfloat16_t_bfloat16_t_bfloat16_t_bfloat16_t_float_bfloat16_t_bfloat16_t_uint32_tc_floatc_bfloat16_t|custom_kernel_laguna_gate_sp_h64_v1_bfloat16_t_uint32_t_bfloat16_t_bfloat16_t_bfloat16_t|custom_kernel_laguna_oproj_act_h64_v1_lm1_pw1_sc1_se1_bfloat16_t_bfloat16_t_uint32_t_uint8_t_uint8_t_uint8_t_bfloat16_t|custom_kernel_laguna_residual_rms_router_bf16_2048_rpg8_keys_v1_bfloat16_t_bfloat16_t_bfloat16_t_bfloat16_t_float_bfloat16_t_bfloat16_t_bfloat16_t_uint32_t|custom_kernel_laguna_shared_nvfp4_swiglu_qmv_rows1_bf16_v1_bfloat16_t_uint32_t_uint8_t_bfloat16_t|custom_kernel_laguna_decode_router_top8_ordinal_table_norm_v1_bfloat16_t_float_uint32_t_float|custom_kernel_laguna_routed_nvfp4_swiglu_qmv_packed_top8keys_r1_bf16_v2_bfloat16_t_uint32_t_uint8_t_uint32_t_bfloat16_t
GPUPROF 187992.767607500 187992.768060500 22 911702476 custom_kernel_laguna_routed_shared_nvfp4_down_residual_bf16_r1_v5_bfloat16_t_uint32_t_uint8_t_uint32_t_float_bfloat16_t_uint32_t_uint8_t_bfloat16_t_bfloat16_t|rmsbfloat16|custom_kernel_laguna_decode_nvfp4_qkv_h64_r1_v1_lm1_pw1_se1_sd1_bfloat16_t_uint32_t_uint8_t_uint8_t_uint8_t_bfloat16_t|g3_copybfloat16bfloat16|custom_kernel_laguna_sliding_fused_attn_ring_v1_bfloat16_t_bfloat16_t_bfloat16_t_bfloat16_t_bfloat16_t_float_bfloat16_t_bfloat16_t_uint32_tc_floatc_bfloat16_t|custom_kernel_laguna_gate_sp_h64_v1_bfloat16_t_uint32_t_bfloat16_t_bfloat16_t_bfloat16_t|custom_kernel_laguna_oproj_act_h64_v1_lm1_pw1_sc1_se1_bfloat16_t_bfloat16_t_uint32_t_uint8_t_uint8_t_uint8_t_bfloat16_t|custom_kernel_laguna_residual_rms_router_bf16_2048_rpg8_keys_v1_bfloat16_t_bfloat16_t_bfloat16_t_bfloat16_t_float_bfloat16_t_bfloat16_t_bfloat16_t_uint32_t|custom_kernel_laguna_shared_nvfp4_swiglu_qmv_rows1_bf16_v1_bfloat16_t_uint32_t_uint8_t_bfloat16_t|custom_kernel_laguna_decode_router_top8_ordinal_table_norm_v1_bfloat16_t_float_uint32_t_float|custom_kernel_laguna_routed_nvfp4_swiglu_qmv_packed_top8keys_r1_bf16_v2_bfloat16_t_uint32_t_uint8_t_uint32_t_bfloat16_t|custom_kernel_laguna_routed_shared_nvfp4_down_residual_bf16_r1_v5_bfloat16_t_uint32_t_uint8_t_uint32_t_float_bfloat16_t_uint32_t_uint8_t_bfloat16_t_bfloat16_t|rmsbfloat16|custom_kernel_laguna_decode_nvfp4_qkv_h64_r1_v1_lm1_pw1_se1_sd1_bfloat16_t_uint32_t_uint8_t_uint8_t_uint8_t_bfloat16_t|g3_copybfloat16bfloat16|custom_kernel_laguna_sliding_fused_attn_ring_v1_bfloat16_t_bfloat16_t_bfloat16_t_bfloat16_t_bfloat16_t_float_bfloat16_t_bfloat16_t_uint32_tc_floatc_bfloat16_t|custom_kernel_laguna_gate_sp_h64_v1_bfloat16_t_uint32_t_bfloat16_t_bfloat16_t_bfloat16_t|custom_kernel_laguna_oproj_act_h64_v1_lm1_pw1_sc1_se1_bfloat16_t_bfloat16_t_uint32_t_uint8_t_uint8_t_uint8_t_bfloat16_t|custom_kernel_laguna_residual_rms_router_bf16_2048_rpg8_keys_v1_bfloat16_t_bfloat16_t_bfloat16_t_bfloat16_t_float_bfloat16_t_bfloat16_t_bfloat16_t_uint32_t|custom_kernel_laguna_shared_nvfp4_swiglu_qmv_rows1_bf16_v1_bfloat16_t_uint32_t_uint8_t_bfloat16_t|custom_kernel_laguna_decode_router_top8_ordinal_table_norm_v1_bfloat16_t_float_uint32_t_float|custom_kernel_laguna_routed_nvfp4_swiglu_qmv_packed_top8keys_r1_bf16_v2_bfloat16_t_uint32_t_uint8_t_uint32_t_bfloat16_t
GPUPROF 187992.768061542 187992.768087750 1 143213760 custom_kernel_laguna_routed_shared_nvfp4_down_residual_bf16_r1_v5_bfloat16_t_uint32_t_uint8_t_uint32_t_float_bfloat16_t_uint32_t_uint8_t_bfloat16_t_bfloat16_t
GPUPROF 187992.770069250 187992.770523792 29 766756328 rmsbfloat16|custom_kernel_laguna_decode_nvfp4_qkv_h48_r1_v1_lm1_pw1_se1_sd1_bfloat16_t_uint32_t_uint8_t_uint8_t_uint8_t_bfloat16_t|custom_kernel_laguna_full_qk_norm_yarn_bf16_128_v4_bfloat16_t_bfloat16_t_bfloat16_t_bfloat16_t_float_bfloat16_t_bfloat16_t|sn_copybfloat16bfloat16|sn_copybfloat16bfloat16|gg3_copybfloat16bfloat16|gg2_copybfloat16bfloat16|gg2_copybfloat16bfloat16|gg2_copybfloat16bfloat16|gg2_copybfloat16bfloat16|gg2_copybfloat16bfloat16|sdpa_vector_bfloat16_t_128_128_nomask_qnt_nc_nosinks|custom_kernel_laguna_gate_sp_h48_v1_bfloat16_t_uint32_t_bfloat16_t_bfloat16_t_bfloat16_t|custom_kernel_laguna_oproj_act_h48_v1_lm1_pw1_sc1_se1_bfloat16_t_bfloat16_t_uint32_t_uint8_t_uint8_t_uint8_t_bfloat16_t|custom_kernel_laguna_residual_rms_router_bf16_2048_rpg8_keys_v1_bfloat16_t_bfloat16_t_bfloat16_t_bfloat16_t_float_bfloat16_t_bfloat16_t_bfloat16_t_uint32_t|custom_kernel_laguna_shared_nvfp4_swiglu_qmv_rows1_bf16_v1_bfloat16_t_uint32_t_uint8_t_bfloat16_t|custom_kernel_laguna_decode_router_top8_ordinal_table_norm_v1_bfloat16_t_float_uint32_t_float|custom_kernel_laguna_routed_nvfp4_swiglu_qmv_packed_top8keys_r1_bf16_v2_bfloat16_t_uint32_t_uint8_t_uint32_t_bfloat16_t|custom_kernel_laguna_routed_shared_nvfp4_down_residual_bf16_r1_v5_bfloat16_t_uint32_t_uint8_t_uint32_t_float_bfloat16_t_uint32_t_uint8_t_bfloat16_t_bfloat16_t|rmsbfloat16|custom_kernel_laguna_decode_nvfp4_qkv_h64_r1_v1_lm1_pw1_se1_sd1_bfloat16_t_uint32_t_uint8_t_uint8_t_uint8_t_bfloat16_t|g3_copybfloat16bfloat16|custom_kernel_laguna_sliding_fused_attn_ring_v1_bfloat16_t_bfloat16_t_bfloat16_t_bfloat16_t_bfloat16_t_float_bfloat16_t_bfloat16_t_uint32_tc_floatc_bfloat16_t|custom_kernel_laguna_gate_sp_h64_v1_bfloat16_t_uint32_t_bfloat16_t_bfloat16_t_bfloat16_t|custom_kernel_laguna_oproj_act_h64_v1_lm1_pw1_sc1_se1_bfloat16_t_bfloat16_t_uint32_t_uint8_t_uint8_t_uint8_t_bfloat16_t|custom_kernel_laguna_residual_rms_router_bf16_2048_rpg8_keys_v1_bfloat16_t_bfloat16_t_bfloat16_t_bfloat16_t_float_bfloat16_t_bfloat16_t_bfloat16_t_uint32_t|custom_kernel_laguna_shared_nvfp4_swiglu_qmv_rows1_bf16_v1_bfloat16_t_uint32_t_uint8_t_bfloat16_t|custom_kernel_laguna_decode_router_top8_ordinal_table_norm_v1_bfloat16_t_float_uint32_t_float|custom_kernel_laguna_routed_nvfp4_swiglu_qmv_packed_top8keys_r1_bf16_v2_bfloat16_t_uint32_t_uint8_t_uint32_t_bfloat16_t
GPUPROF 187992.772704917 187992.773156250 22 911702476 custom_kernel_laguna_routed_shared_nvfp4_down_residual_bf16_r1_v5_bfloat16_t_uint32_t_uint8_t_uint32_t_float_bfloat16_t_uint32_t_uint8_t_bfloat16_t_bfloat16_t|rmsbfloat16|custom_kernel_laguna_decode_nvfp4_qkv_h64_r1_v1_lm1_pw1_se1_sd1_bfloat16_t_uint32_t_uint8_t_uint8_t_uint8_t_bfloat16_t|g3_copybfloat16bfloat16|custom_kernel_laguna_sliding_fused_attn_ring_v1_bfloat16_t_bfloat16_t_bfloat16_t_bfloat16_t_bfloat16_t_float_bfloat16_t_bfloat16_t_uint32_tc_floatc_bfloat16_t|custom_kernel_laguna_gate_sp_h64_v1_bfloat16_t_uint32_t_bfloat16_t_bfloat16_t_bfloat16_t|custom_kernel_laguna_oproj_act_h64_v1_lm1_pw1_sc1_se1_bfloat16_t_bfloat16_t_uint32_t_uint8_t_uint8_t_uint8_t_bfloat16_t|custom_kernel_laguna_residual_rms_router_bf16_2048_rpg8_keys_v1_bfloat16_t_bfloat16_t_bfloat16_t_bfloat16_t_float_bfloat16_t_bfloat16_t_bfloat16_t_uint32_t|custom_kernel_laguna_shared_nvfp4_swiglu_qmv_rows1_bf16_v1_bfloat16_t_uint32_t_uint8_t_bfloat16_t|custom_kernel_laguna_decode_router_top8_ordinal_table_norm_v1_bfloat16_t_float_uint32_t_float|custom_kernel_laguna_routed_nvfp4_swiglu_qmv_packed_top8keys_r1_bf16_v2_bfloat16_t_uint32_t_uint8_t_uint32_t_bfloat16_t|custom_kernel_laguna_routed_shared_nvfp4_down_residual_bf16_r1_v5_bfloat16_t_uint32_t_uint8_t_uint32_t_float_bfloat16_t_uint32_t_uint8_t_bfloat16_t_bfloat16_t|rmsbfloat16|custom_kernel_laguna_decode_nvfp4_qkv_h64_r1_v1_lm1_pw1_se1_sd1_bfloat16_t_uint32_t_uint8_t_uint8_t_uint8_t_bfloat16_t|g3_copybfloat16bfloat16|custom_kernel_laguna_sliding_fused_attn_ring_v1_bfloat16_t_bfloat16_t_bfloat16_t_bfloat16_t_bfloat16_t_float_bfloat16_t_bfloat16_t_uint32_tc_floatc_bfloat16_t|custom_kernel_laguna_gate_sp_h64_v1_bfloat16_t_uint32_t_bfloat16_t_bfloat16_t_bfloat16_t|custom_kernel_laguna_oproj_act_h64_v1_lm1_pw1_sc1_se1_bfloat16_t_bfloat16_t_uint32_t_uint8_t_uint8_t_uint8_t_bfloat16_t|custom_kernel_laguna_residual_rms_router_bf16_2048_rpg8_keys_v1_bfloat16_t_bfloat16_t_bfloat16_t_bfloat16_t_float_bfloat16_t_bfloat16_t_bfloat16_t_uint32_t|custom_kernel_laguna_shared_nvfp4_swiglu_qmv_rows1_bf16_v1_bfloat16_t_uint32_t_uint8_t_bfloat16_t|custom_kernel_laguna_decode_router_top8_ordinal_table_norm_v1_bfloat16_t_float_uint32_t_float|custom_kernel_laguna_routed_nvfp4_swiglu_qmv_packed_top8keys_r1_bf16_v2_bfloat16_t_uint32_t_uint8_t_uint32_t_bfloat16_t
GPUPSO custom_kernel_laguna_lmhead_int5_base_coarse_delta_bf16_v1_bfloat16_t_uint8_t_uint8_t_float_bfloat16_t maxThreads=1024 execWidth=32 tgMem=0
GPUPROF 187992.775166250 187992.775639500 30 909965992 custom_kernel_laguna_routed_shared_nvfp4_down_residual_bf16_r1_v5_bfloat16_t_uint32_t_uint8_t_uint32_t_float_bfloat16_t_uint32_t_uint8_t_bfloat16_t_bfloat16_t|rmsbfloat16|custom_kernel_laguna_decode_nvfp4_qkv_h48_r1_v1_lm1_pw1_se1_sd1_bfloat16_t_uint32_t_uint8_t_uint8_t_uint8_t_bfloat16_t|custom_kernel_laguna_full_qk_norm_yarn_bf16_128_v4_bfloat16_t_bfloat16_t_bfloat16_t_bfloat16_t_float_bfloat16_t_bfloat16_t|sn_copybfloat16bfloat16|sn_copybfloat16bfloat16|gg3_copybfloat16bfloat16|gg2_copybfloat16bfloat16|gg2_copybfloat16bfloat16|gg2_copybfloat16bfloat16|gg2_copybfloat16bfloat16|gg2_copybfloat16bfloat16|sdpa_vector_bfloat16_t_128_128_nomask_qnt_nc_nosinks|custom_kernel_laguna_gate_sp_h48_v1_bfloat16_t_uint32_t_bfloat16_t_bfloat16_t_bfloat16_t|custom_kernel_laguna_oproj_act_h48_v1_lm1_pw1_sc1_se1_bfloat16_t_bfloat16_t_uint32_t_uint8_t_uint8_t_uint8_t_bfloat16_t|custom_kernel_laguna_residual_rms_router_bf16_2048_rpg8_keys_v1_bfloat16_t_bfloat16_t_bfloat16_t_bfloat16_t_float_bfloat16_t_bfloat16_t_bfloat16_t_uint32_t|custom_kernel_laguna_shared_nvfp4_swiglu_qmv_rows1_bf16_v1_bfloat16_t_uint32_t_uint8_t_bfloat16_t|custom_kernel_laguna_decode_router_top8_ordinal_table_norm_v1_bfloat16_t_float_uint32_t_float|custom_kernel_laguna_routed_nvfp4_swiglu_qmv_packed_top8keys_r1_bf16_v2_bfloat16_t_uint32_t_uint8_t_uint32_t_bfloat16_t|custom_kernel_laguna_routed_shared_nvfp4_down_residual_bf16_r1_v5_bfloat16_t_uint32_t_uint8_t_uint32_t_float_bfloat16_t_uint32_t_uint8_t_bfloat16_t_bfloat16_t|rmsbfloat16|custom_kernel_laguna_decode_nvfp4_qkv_h64_r1_v1_lm1_pw1_se1_sd1_bfloat16_t_uint32_t_uint8_t_uint8_t_uint8_t_bfloat16_t|g3_copybfloat16bfloat16|custom_kernel_laguna_sliding_fused_attn_ring_v1_bfloat16_t_bfloat16_t_bfloat16_t_bfloat16_t_bfloat16_t_float_bfloat16_t_bfloat16_t_uint32_tc_floatc_bfloat16_t|custom_kernel_laguna_gate_sp_h64_v1_bfloat16_t_uint32_t_bfloat16_t_bfloat16_t_bfloat16_t|custom_kernel_laguna_oproj_act_h64_v1_lm1_pw1_sc1_se1_bfloat16_t_bfloat16_t_uint32_t_uint8_t_uint8_t_uint8_t_bfloat16_t|custom_kernel_laguna_residual_rms_router_bf16_2048_rpg8_keys_v1_bfloat16_t_bfloat16_t_bfloat16_t_bfloat16_t_float_bfloat16_t_bfloat16_t_bfloat16_t_uint32_t|custom_kernel_laguna_shared_nvfp4_swiglu_qmv_rows1_bf16_v1_bfloat16_t_uint32_t_uint8_t_bfloat16_t|custom_kernel_laguna_decode_router_top8_ordinal_table_norm_v1_bfloat16_t_float_uint32_t_float|custom_kernel_laguna_routed_nvfp4_swiglu_qmv_packed_top8keys_r1_bf16_v2_bfloat16_t_uint32_t_uint8_t_uint32_t_bfloat16_t
GPUPSO custom_kernel_laguna_lmhead_exact_fused_int5_sparse_refine_v1_float_bfloat16_t_floatc_bfloat16_t_bfloat16_t_uint8_t_uint8_t_bfloat16_t maxThreads=1024 execWidth=32 tgMem=0
GPUPROF 187992.776906750 187992.777334375 22 911702476 custom_kernel_laguna_routed_shared_nvfp4_down_residual_bf16_r1_v5_bfloat16_t_uint32_t_uint8_t_uint32_t_float_bfloat16_t_uint32_t_uint8_t_bfloat16_t_bfloat16_t|rmsbfloat16|custom_kernel_laguna_decode_nvfp4_qkv_h64_r1_v1_lm1_pw1_se1_sd1_bfloat16_t_uint32_t_uint8_t_uint8_t_uint8_t_bfloat16_t|g3_copybfloat16bfloat16|custom_kernel_laguna_sliding_fused_attn_ring_v1_bfloat16_t_bfloat16_t_bfloat16_t_bfloat16_t_bfloat16_t_float_bfloat16_t_bfloat16_t_uint32_tc_floatc_bfloat16_t|custom_kernel_laguna_gate_sp_h64_v1_bfloat16_t_uint32_t_bfloat16_t_bfloat16_t_bfloat16_t|custom_kernel_laguna_oproj_act_h64_v1_lm1_pw1_sc1_se1_bfloat16_t_bfloat16_t_uint32_t_uint8_t_uint8_t_uint8_t_bfloat16_t|custom_kernel_laguna_residual_rms_router_bf16_2048_rpg8_keys_v1_bfloat16_t_bfloat16_t_bfloat16_t_bfloat16_t_float_bfloat16_t_bfloat16_t_bfloat16_t_uint32_t|custom_kernel_laguna_shared_nvfp4_swiglu_qmv_rows1_bf16_v1_bfloat16_t_uint32_t_uint8_t_bfloat16_t|custom_kernel_laguna_decode_router_top8_ordinal_table_norm_v1_bfloat16_t_float_uint32_t_float|custom_kernel_laguna_routed_nvfp4_swiglu_qmv_packed_top8keys_r1_bf16_v2_bfloat16_t_uint32_t_uint8_t_uint32_t_bfloat16_t|custom_kernel_laguna_routed_shared_nvfp4_down_residual_bf16_r1_v5_bfloat16_t_uint32_t_uint8_t_uint32_t_float_bfloat16_t_uint32_t_uint8_t_bfloat16_t_bfloat16_t|rmsbfloat16|custom_kernel_laguna_decode_nvfp4_qkv_h64_r1_v1_lm1_pw1_se1_sd1_bfloat16_t_uint32_t_uint8_t_uint8_t_uint8_t_bfloat16_t|g3_copybfloat16bfloat16|custom_kernel_laguna_sliding_fused_attn_ring_v1_bfloat16_t_bfloat16_t_bfloat16_t_bfloat16_t_bfloat16_t_float_bfloat16_t_bfloat16_t_uint32_tc_floatc_bfloat16_t|custom_kernel_laguna_gate_sp_h64_v1_bfloat16_t_uint32_t_bfloat16_t_bfloat16_t_bfloat16_t|custom_kernel_laguna_oproj_act_h64_v1_lm1_pw1_sc1_se1_bfloat16_t_bfloat16_t_uint32_t_uint8_t_uint8_t_uint8_t_bfloat16_t|custom_kernel_laguna_residual_rms_router_bf16_2048_rpg8_keys_v1_bfloat16_t_bfloat16_t_bfloat16_t_bfloat16_t_float_bfloat16_t_bfloat16_t_bfloat16_t_uint32_t|custom_kernel_laguna_shared_nvfp4_swiglu_qmv_rows1_bf16_v1_bfloat16_t_uint32_t_uint8_t_bfloat16_t|custom_kernel_laguna_decode_router_top8_ordinal_table_norm_v1_bfloat16_t_float_uint32_t_float|custom_kernel_laguna_routed_nvfp4_swiglu_qmv_packed_top8keys_r1_bf16_v2_bfloat16_t_uint32_t_uint8_t_uint32_t_bfloat16_t
GPUPROF 187992.777335250 187992.777359042 1 143213760 custom_kernel_laguna_routed_shared_nvfp4_down_residual_bf16_r1_v5_bfloat16_t_uint32_t_uint8_t_uint32_t_float_bfloat16_t_uint32_t_uint8_t_bfloat16_t_bfloat16_t
GPUPROF 187992.777548250 187992.777935917 29 766756328 rmsbfloat16|custom_kernel_laguna_decode_nvfp4_qkv_h48_r1_v1_lm1_pw1_se1_sd1_bfloat16_t_uint32_t_uint8_t_uint8_t_uint8_t_bfloat16_t|custom_kernel_laguna_full_qk_norm_yarn_bf16_128_v4_bfloat16_t_bfloat16_t_bfloat16_t_bfloat16_t_float_bfloat16_t_bfloat16_t|sn_copybfloat16bfloat16|sn_copybfloat16bfloat16|gg3_copybfloat16bfloat16|gg2_copybfloat16bfloat16|gg2_copybfloat16bfloat16|gg2_copybfloat16bfloat16|gg2_copybfloat16bfloat16|gg2_copybfloat16bfloat16|sdpa_vector_bfloat16_t_128_128_nomask_qnt_nc_nosinks|custom_kernel_laguna_gate_sp_h48_v1_bfloat16_t_uint32_t_bfloat16_t_bfloat16_t_bfloat16_t|custom_kernel_laguna_oproj_act_h48_v1_lm1_pw1_sc1_se1_bfloat16_t_bfloat16_t_uint32_t_uint8_t_uint8_t_uint8_t_bfloat16_t|custom_kernel_laguna_residual_rms_router_bf16_2048_rpg8_keys_v1_bfloat16_t_bfloat16_t_bfloat16_t_bfloat16_t_float_bfloat16_t_bfloat16_t_bfloat16_t_uint32_t|custom_kernel_laguna_shared_nvfp4_swiglu_qmv_rows1_bf16_v1_bfloat16_t_uint32_t_uint8_t_bfloat16_t|custom_kernel_laguna_decode_router_top8_ordinal_table_norm_v1_bfloat16_t_float_uint32_t_float|custom_kernel_laguna_routed_nvfp4_swiglu_qmv_packed_top8keys_r1_bf16_v2_bfloat16_t_uint32_t_uint8_t_uint32_t_bfloat16_t|custom_kernel_laguna_routed_shared_nvfp4_down_residual_bf16_r1_v5_bfloat16_t_uint32_t_uint8_t_uint32_t_float_bfloat16_t_uint32_t_uint8_t_bfloat16_t_bfloat16_t|rmsbfloat16|custom_kernel_laguna_decode_nvfp4_qkv_h64_r1_v1_lm1_pw1_se1_sd1_bfloat16_t_uint32_t_uint8_t_uint8_t_uint8_t_bfloat16_t|g3_copybfloat16bfloat16|custom_kernel_laguna_sliding_fused_attn_ring_v1_bfloat16_t_bfloat16_t_bfloat16_t_bfloat16_t_bfloat16_t_float_bfloat16_t_bfloat16_t_uint32_tc_floatc_bfloat16_t|custom_kernel_laguna_gate_sp_h64_v1_bfloat16_t_uint32_t_bfloat16_t_bfloat16_t_bfloat16_t|custom_kernel_laguna_oproj_act_h64_v1_lm1_pw1_sc1_se1_bfloat16_t_bfloat16_t_uint32_t_uint8_t_uint8_t_uint8_t_bfloat16_t|custom_kernel_laguna_residual_rms_router_bf16_2048_rpg8_keys_v1_bfloat16_t_bfloat16_t_bfloat16_t_bfloat16_t_float_bfloat16_t_bfloat16_t_bfloat16_t_uint32_t|custom_kernel_laguna_shared_nvfp4_swiglu_qmv_rows1_bf16_v1_bfloat16_t_uint32_t_uint8_t_bfloat16_t|custom_kernel_laguna_decode_router_top8_ordinal_table_norm_v1_bfloat16_t_float_uint32_t_float|custom_kernel_laguna_routed_nvfp4_swiglu_qmv_packed_top8keys_r1_bf16_v2_bfloat16_t_uint32_t_uint8_t_uint32_t_bfloat16_t
GPUPROF 187992.778117625 187992.778531792 22 911702476 custom_kernel_laguna_routed_shared_nvfp4_down_residual_bf16_r1_v5_bfloat16_t_uint32_t_uint8_t_uint32_t_float_bfloat16_t_uint32_t_uint8_t_bfloat16_t_bfloat16_t|rmsbfloat16|custom_kernel_laguna_decode_nvfp4_qkv_h64_r1_v1_lm1_pw1_se1_sd1_bfloat16_t_uint32_t_uint8_t_uint8_t_uint8_t_bfloat16_t|g3_copybfloat16bfloat16|custom_kernel_laguna_sliding_fused_attn_ring_v1_bfloat16_t_bfloat16_t_bfloat16_t_bfloat16_t_bfloat16_t_float_bfloat16_t_bfloat16_t_uint32_tc_floatc_bfloat16_t|custom_kernel_laguna_gate_sp_h64_v1_bfloat16_t_uint32_t_bfloat16_t_bfloat16_t_bfloat16_t|custom_kernel_laguna_oproj_act_h64_v1_lm1_pw1_sc1_se1_bfloat16_t_bfloat16_t_uint32_t_uint8_t_uint8_t_uint8_t_bfloat16_t|custom_kernel_laguna_residual_rms_router_bf16_2048_rpg8_keys_v1_bfloat16_t_bfloat16_t_bfloat16_t_bfloat16_t_float_bfloat16_t_bfloat16_t_bfloat16_t_uint32_t|custom_kernel_laguna_shared_nvfp4_swiglu_qmv_rows1_bf16_v1_bfloat16_t_uint32_t_uint8_t_bfloat16_t|custom_kernel_laguna_decode_router_top8_ordinal_table_norm_v1_bfloat16_t_float_uint32_t_float|custom_kernel_laguna_routed_nvfp4_swiglu_qmv_packed_top8keys_r1_bf16_v2_bfloat16_t_uint32_t_uint8_t_uint32_t_bfloat16_t|custom_kernel_laguna_routed_shared_nvfp4_down_residual_bf16_r1_v5_bfloat16_t_uint32_t_uint8_t_uint32_t_float_bfloat16_t_uint32_t_uint8_t_bfloat16_t_bfloat16_t|rmsbfloat16|custom_kernel_laguna_decode_nvfp4_qkv_h64_r1_v1_lm1_pw1_se1_sd1_bfloat16_t_uint32_t_uint8_t_uint8_t_uint8_t_bfloat16_t|g3_copybfloat16bfloat16|custom_kernel_laguna_sliding_fused_attn_ring_v1_bfloat16_t_bfloat16_t_bfloat16_t_bfloat16_t_bfloat16_t_float_bfloat16_t_bfloat16_t_uint32_tc_floatc_bfloat16_t|custom_kernel_laguna_gate_sp_h64_v1_bfloat16_t_uint32_t_bfloat16_t_bfloat16_t_bfloat16_t|custom_kernel_laguna_oproj_act_h64_v1_lm1_pw1_sc1_se1_bfloat16_t_bfloat16_t_uint32_t_uint8_t_uint8_t_uint8_t_bfloat16_t|custom_kernel_laguna_residual_rms_router_bf16_2048_rpg8_keys_v1_bfloat16_t_bfloat16_t_bfloat16_t_bfloat16_t_float_bfloat16_t_bfloat16_t_bfloat16_t_uint32_t|custom_kernel_laguna_shared_nvfp4_swiglu_qmv_rows1_bf16_v1_bfloat16_t_uint32_t_uint8_t_bfloat16_t|custom_kernel_laguna_decode_router_top8_ordinal_table_norm_v1_bfloat16_t_float_uint32_t_float|custom_kernel_laguna_routed_nvfp4_swiglu_qmv_packed_top8keys_r1_bf16_v2_bfloat16_t_uint32_t_uint8_t_uint32_t_bfloat16_t
GPUPROF 187992.779698792 187992.780123917 30 909965992 custom_kernel_laguna_routed_shared_nvfp4_down_residual_bf16_r1_v5_bfloat16_t_uint32_t_uint8_t_uint32_t_float_bfloat16_t_uint32_t_uint8_t_bfloat16_t_bfloat16_t|rmsbfloat16|custom_kernel_laguna_decode_nvfp4_qkv_h48_r1_v1_lm1_pw1_se1_sd1_bfloat16_t_uint32_t_uint8_t_uint8_t_uint8_t_bfloat16_t|custom_kernel_laguna_full_qk_norm_yarn_bf16_128_v4_bfloat16_t_bfloat16_t_bfloat16_t_bfloat16_t_float_bfloat16_t_bfloat16_t|sn_copybfloat16bfloat16|sn_copybfloat16bfloat16|gg3_copybfloat16bfloat16|gg2_copybfloat16bfloat16|gg2_copybfloat16bfloat16|gg2_copybfloat16bfloat16|gg2_copybfloat16bfloat16|gg2_copybfloat16bfloat16|sdpa_vector_bfloat16_t_128_128_nomask_qnt_nc_nosinks|custom_kernel_laguna_gate_sp_h48_v1_bfloat16_t_uint32_t_bfloat16_t_bfloat16_t_bfloat16_t|custom_kernel_laguna_oproj_act_h48_v1_lm1_pw1_sc1_se1_bfloat16_t_bfloat16_t_uint32_t_uint8_t_uint8_t_uint8_t_bfloat16_t|custom_kernel_laguna_residual_rms_router_bf16_2048_rpg8_keys_v1_bfloat16_t_bfloat16_t_bfloat16_t_bfloat16_t_float_bfloat16_t_bfloat16_t_bfloat16_t_uint32_t|custom_kernel_laguna_shared_nvfp4_swiglu_qmv_rows1_bf16_v1_bfloat16_t_uint32_t_uint8_t_bfloat16_t|custom_kernel_laguna_decode_router_top8_ordinal_table_norm_v1_bfloat16_t_float_uint32_t_float|custom_kernel_laguna_routed_nvfp4_swiglu_qmv_packed_top8keys_r1_bf16_v2_bfloat16_t_uint32_t_uint8_t_uint32_t_bfloat16_t|custom_kernel_laguna_routed_shared_nvfp4_down_residual_bf16_r1_v5_bfloat16_t_uint32_t_uint8_t_uint32_t_float_bfloat16_t_uint32_t_uint8_t_bfloat16_t_bfloat16_t|rmsbfloat16|custom_kernel_laguna_decode_nvfp4_qkv_h64_r1_v1_lm1_pw1_se1_sd1_bfloat16_t_uint32_t_uint8_t_uint8_t_uint8_t_bfloat16_t|g3_copybfloat16bfloat16|custom_kernel_laguna_sliding_fused_attn_ring_v1_bfloat16_t_bfloat16_t_bfloat16_t_bfloat16_t_bfloat16_t_float_bfloat16_t_bfloat16_t_uint32_tc_floatc_bfloat16_t|custom_kernel_laguna_gate_sp_h64_v1_bfloat16_t_uint32_t_bfloat16_t_bfloat16_t_bfloat16_t|custom_kernel_laguna_oproj_act_h64_v1_lm1_pw1_sc1_se1_bfloat16_t_bfloat16_t_uint32_t_uint8_t_uint8_t_uint8_t_bfloat16_t|custom_kernel_laguna_residual_rms_router_bf16_2048_rpg8_keys_v1_bfloat16_t_bfloat16_t_bfloat16_t_bfloat16_t_float_bfloat16_t_bfloat16_t_bfloat16_t_uint32_t|custom_kernel_laguna_shared_nvfp4_swiglu_qmv_rows1_bf16_v1_bfloat16_t_uint32_t_uint8_t_bfloat16_t|custom_kernel_laguna_decode_router_top8_ordinal_table_norm_v1_bfloat16_t_float_uint32_t_float|custom_kernel_laguna_routed_nvfp4_swiglu_qmv_packed_top8keys_r1_bf16_v2_bfloat16_t_uint32_t_uint8_t_uint32_t_bfloat16_t
GPUPROF 187992.780637875 187992.781066750 22 911702476 custom_kernel_laguna_routed_shared_nvfp4_down_residual_bf16_r1_v5_bfloat16_t_uint32_t_uint8_t_uint32_t_float_bfloat16_t_uint32_t_uint8_t_bfloat16_t_bfloat16_t|rmsbfloat16|custom_kernel_laguna_decode_nvfp4_qkv_h64_r1_v1_lm1_pw1_se1_sd1_bfloat16_t_uint32_t_uint8_t_uint8_t_uint8_t_bfloat16_t|g3_copybfloat16bfloat16|custom_kernel_laguna_sliding_fused_attn_ring_v1_bfloat16_t_bfloat16_t_bfloat16_t_bfloat16_t_bfloat16_t_float_bfloat16_t_bfloat16_t_uint32_tc_floatc_bfloat16_t|custom_kernel_laguna_gate_sp_h64_v1_bfloat16_t_uint32_t_bfloat16_t_bfloat16_t_bfloat16_t|custom_kernel_laguna_oproj_act_h64_v1_lm1_pw1_sc1_se1_bfloat16_t_bfloat16_t_uint32_t_uint8_t_uint8_t_uint8_t_bfloat16_t|custom_kernel_laguna_residual_rms_router_bf16_2048_rpg8_keys_v1_bfloat16_t_bfloat16_t_bfloat16_t_bfloat16_t_float_bfloat16_t_bfloat16_t_bfloat16_t_uint32_t|custom_kernel_laguna_shared_nvfp4_swiglu_qmv_rows1_bf16_v1_bfloat16_t_uint32_t_uint8_t_bfloat16_t|custom_kernel_laguna_decode_router_top8_ordinal_table_norm_v1_bfloat16_t_float_uint32_t_float|custom_kernel_laguna_routed_nvfp4_swiglu_qmv_packed_top8keys_r1_bf16_v2_bfloat16_t_uint32_t_uint8_t_uint32_t_bfloat16_t|custom_kernel_laguna_routed_shared_nvfp4_down_residual_bf16_r1_v5_bfloat16_t_uint32_t_uint8_t_uint32_t_float_bfloat16_t_uint32_t_uint8_t_bfloat16_t_bfloat16_t|rmsbfloat16|custom_kernel_laguna_decode_nvfp4_qkv_h64_r1_v1_lm1_pw1_se1_sd1_bfloat16_t_uint32_t_uint8_t_uint8_t_uint8_t_bfloat16_t|g3_copybfloat16bfloat16|custom_kernel_laguna_sliding_fused_attn_ring_v1_bfloat16_t_bfloat16_t_bfloat16_t_bfloat16_t_bfloat16_t_float_bfloat16_t_bfloat16_t_uint32_tc_floatc_bfloat16_t|custom_kernel_laguna_gate_sp_h64_v1_bfloat16_t_uint32_t_bfloat16_t_bfloat16_t_bfloat16_t|custom_kernel_laguna_oproj_act_h64_v1_lm1_pw1_sc1_se1_bfloat16_t_bfloat16_t_uint32_t_uint8_t_uint8_t_uint8_t_bfloat16_t|custom_kernel_laguna_residual_rms_router_bf16_2048_rpg8_keys_v1_bfloat16_t_bfloat16_t_bfloat16_t_bfloat16_t_float_bfloat16_t_bfloat16_t_bfloat16_t_uint32_t|custom_kernel_laguna_shared_nvfp4_swiglu_qmv_rows1_bf16_v1_bfloat16_t_uint32_t_uint8_t_bfloat16_t|custom_kernel_laguna_decode_router_top8_ordinal_table_norm_v1_bfloat16_t_float_uint32_t_float|custom_kernel_laguna_routed_nvfp4_swiglu_qmv_packed_top8keys_r1_bf16_v2_bfloat16_t_uint32_t_uint8_t_uint32_t_bfloat16_t
GPUPROF 187992.781067625 187992.781093125 1 143213760 custom_kernel_laguna_routed_shared_nvfp4_down_residual_bf16_r1_v5_bfloat16_t_uint32_t_uint8_t_uint32_t_float_bfloat16_t_uint32_t_uint8_t_bfloat16_t_bfloat16_t
GPUPROF 187992.781542417 187992.781985500 29 766756328 rmsbfloat16|custom_kernel_laguna_decode_nvfp4_qkv_h48_r1_v1_lm1_pw1_se1_sd1_bfloat16_t_uint32_t_uint8_t_uint8_t_uint8_t_bfloat16_t|custom_kernel_laguna_full_qk_norm_yarn_bf16_128_v4_bfloat16_t_bfloat16_t_bfloat16_t_bfloat16_t_float_bfloat16_t_bfloat16_t|sn_copybfloat16bfloat16|sn_copybfloat16bfloat16|gg3_copybfloat16bfloat16|gg2_copybfloat16bfloat16|gg2_copybfloat16bfloat16|gg2_copybfloat16bfloat16|gg2_copybfloat16bfloat16|gg2_copybfloat16bfloat16|sdpa_vector_bfloat16_t_128_128_nomask_qnt_nc_nosinks|custom_kernel_laguna_gate_sp_h48_v1_bfloat16_t_uint32_t_bfloat16_t_bfloat16_t_bfloat16_t|custom_kernel_laguna_oproj_act_h48_v1_lm1_pw1_sc1_se1_bfloat16_t_bfloat16_t_uint32_t_uint8_t_uint8_t_uint8_t_bfloat16_t|custom_kernel_laguna_residual_rms_router_bf16_2048_rpg8_keys_v1_bfloat16_t_bfloat16_t_bfloat16_t_bfloat16_t_float_bfloat16_t_bfloat16_t_bfloat16_t_uint32_t|custom_kernel_laguna_shared_nvfp4_swiglu_qmv_rows1_bf16_v1_bfloat16_t_uint32_t_uint8_t_bfloat16_t|custom_kernel_laguna_decode_router_top8_ordinal_table_norm_v1_bfloat16_t_float_uint32_t_float|custom_kernel_laguna_routed_nvfp4_swiglu_qmv_packed_top8keys_r1_bf16_v2_bfloat16_t_uint32_t_uint8_t_uint32_t_bfloat16_t|custom_kernel_laguna_routed_shared_nvfp4_down_residual_bf16_r1_v5_bfloat16_t_uint32_t_uint8_t_uint32_t_float_bfloat16_t_uint32_t_uint8_t_bfloat16_t_bfloat16_t|rmsbfloat16|custom_kernel_laguna_decode_nvfp4_qkv_h64_r1_v1_lm1_pw1_se1_sd1_bfloat16_t_uint32_t_uint8_t_uint8_t_uint8_t_bfloat16_t|g3_copybfloat16bfloat16|custom_kernel_laguna_sliding_fused_attn_ring_v1_bfloat16_t_bfloat16_t_bfloat16_t_bfloat16_t_bfloat16_t_float_bfloat16_t_bfloat16_t_uint32_tc_floatc_bfloat16_t|custom_kernel_laguna_gate_sp_h64_v1_bfloat16_t_uint32_t_bfloat16_t_bfloat16_t_bfloat16_t|custom_kernel_laguna_oproj_act_h64_v1_lm1_pw1_sc1_se1_bfloat16_t_bfloat16_t_uint32_t_uint8_t_uint8_t_uint8_t_bfloat16_t|custom_kernel_laguna_residual_rms_router_bf16_2048_rpg8_keys_v1_bfloat16_t_bfloat16_t_bfloat16_t_bfloat16_t_float_bfloat16_t_bfloat16_t_bfloat16_t_uint32_t|custom_kernel_laguna_shared_nvfp4_swiglu_qmv_rows1_bf16_v1_bfloat16_t_uint32_t_uint8_t_bfloat16_t|custom_kernel_laguna_decode_router_top8_ordinal_table_norm_v1_bfloat16_t_float_uint32_t_float|custom_kernel_laguna_routed_nvfp4_swiglu_qmv_packed_top8keys_r1_bf16_v2_bfloat16_t_uint32_t_uint8_t_uint32_t_bfloat16_t
GPUPROF 187992.783994000 187992.784444417 22 911702476 custom_kernel_laguna_routed_shared_nvfp4_down_residual_bf16_r1_v5_bfloat16_t_uint32_t_uint8_t_uint32_t_float_bfloat16_t_uint32_t_uint8_t_bfloat16_t_bfloat16_t|rmsbfloat16|custom_kernel_laguna_decode_nvfp4_qkv_h64_r1_v1_lm1_pw1_se1_sd1_bfloat16_t_uint32_t_uint8_t_uint8_t_uint8_t_bfloat16_t|g3_copybfloat16bfloat16|custom_kernel_laguna_sliding_fused_attn_ring_v1_bfloat16_t_bfloat16_t_bfloat16_t_bfloat16_t_bfloat16_t_float_bfloat16_t_bfloat16_t_uint32_tc_floatc_bfloat16_t|custom_kernel_laguna_gate_sp_h64_v1_bfloat16_t_uint32_t_bfloat16_t_bfloat16_t_bfloat16_t|custom_kernel_laguna_oproj_act_h64_v1_lm1_pw1_sc1_se1_bfloat16_t_bfloat16_t_uint32_t_uint8_t_uint8_t_uint8_t_bfloat16_t|custom_kernel_laguna_residual_rms_router_bf16_2048_rpg8_keys_v1_bfloat16_t_bfloat16_t_bfloat16_t_bfloat16_t_float_bfloat16_t_bfloat16_t_bfloat16_t_uint32_t|custom_kernel_laguna_shared_nvfp4_swiglu_qmv_rows1_bf16_v1_bfloat16_t_uint32_t_uint8_t_bfloat16_t|custom_kernel_laguna_decode_router_top8_ordinal_table_norm_v1_bfloat16_t_float_uint32_t_float|custom_kernel_laguna_routed_nvfp4_swiglu_qmv_packed_top8keys_r1_bf16_v2_bfloat16_t_uint32_t_uint8_t_uint32_t_bfloat16_t|custom_kernel_laguna_routed_shared_nvfp4_down_residual_bf16_r1_v5_bfloat16_t_uint32_t_uint8_t_uint32_t_float_bfloat16_t_uint32_t_uint8_t_bfloat16_t_bfloat16_t|rmsbfloat16|custom_kernel_laguna_decode_nvfp4_qkv_h64_r1_v1_lm1_pw1_se1_sd1_bfloat16_t_uint32_t_uint8_t_uint8_t_uint8_t_bfloat16_t|g3_copybfloat16bfloat16|custom_kernel_laguna_sliding_fused_attn_ring_v1_bfloat16_t_bfloat16_t_bfloat16_t_bfloat16_t_bfloat16_t_float_bfloat16_t_bfloat16_t_uint32_tc_floatc_bfloat16_t|custom_kernel_laguna_gate_sp_h64_v1_bfloat16_t_uint32_t_bfloat16_t_bfloat16_t_bfloat16_t|custom_kernel_laguna_oproj_act_h64_v1_lm1_pw1_sc1_se1_bfloat16_t_bfloat16_t_uint32_t_uint8_t_uint8_t_uint8_t_bfloat16_t|custom_kernel_laguna_residual_rms_router_bf16_2048_rpg8_keys_v1_bfloat16_t_bfloat16_t_bfloat16_t_bfloat16_t_float_bfloat16_t_bfloat16_t_bfloat16_t_uint32_t|custom_kernel_laguna_shared_nvfp4_swiglu_qmv_rows1_bf16_v1_bfloat16_t_uint32_t_uint8_t_bfloat16_t|custom_kernel_laguna_decode_router_top8_ordinal_table_norm_v1_bfloat16_t_float_uint32_t_float|custom_kernel_laguna_routed_nvfp4_swiglu_qmv_packed_top8keys_r1_bf16_v2_bfloat16_t_uint32_t_uint8_t_uint32_t_bfloat16_t
GPUPROF 187992.787202375 187992.787670917 30 909965992 custom_kernel_laguna_routed_shared_nvfp4_down_residual_bf16_r1_v5_bfloat16_t_uint32_t_uint8_t_uint32_t_float_bfloat16_t_uint32_t_uint8_t_bfloat16_t_bfloat16_t|rmsbfloat16|custom_kernel_laguna_decode_nvfp4_qkv_h48_r1_v1_lm1_pw1_se1_sd1_bfloat16_t_uint32_t_uint8_t_uint8_t_uint8_t_bfloat16_t|custom_kernel_laguna_full_qk_norm_yarn_bf16_128_v4_bfloat16_t_bfloat16_t_bfloat16_t_bfloat16_t_float_bfloat16_t_bfloat16_t|sn_copybfloat16bfloat16|sn_copybfloat16bfloat16|gg3_copybfloat16bfloat16|gg2_copybfloat16bfloat16|gg2_copybfloat16bfloat16|gg2_copybfloat16bfloat16|gg2_copybfloat16bfloat16|gg2_copybfloat16bfloat16|sdpa_vector_bfloat16_t_128_128_nomask_qnt_nc_nosinks|custom_kernel_laguna_gate_sp_h48_v1_bfloat16_t_uint32_t_bfloat16_t_bfloat16_t_bfloat16_t|custom_kernel_laguna_oproj_act_h48_v1_lm1_pw1_sc1_se1_bfloat16_t_bfloat16_t_uint32_t_uint8_t_uint8_t_uint8_t_bfloat16_t|custom_kernel_laguna_residual_rms_router_bf16_2048_rpg8_keys_v1_bfloat16_t_bfloat16_t_bfloat16_t_bfloat16_t_float_bfloat16_t_bfloat16_t_bfloat16_t_uint32_t|custom_kernel_laguna_shared_nvfp4_swiglu_qmv_rows1_bf16_v1_bfloat16_t_uint32_t_uint8_t_bfloat16_t|custom_kernel_laguna_decode_router_top8_ordinal_table_norm_v1_bfloat16_t_float_uint32_t_float|custom_kernel_laguna_routed_nvfp4_swiglu_qmv_packed_top8keys_r1_bf16_v2_bfloat16_t_uint32_t_uint8_t_uint32_t_bfloat16_t|custom_kernel_laguna_routed_shared_nvfp4_down_residual_bf16_r1_v5_bfloat16_t_uint32_t_uint8_t_uint32_t_float_bfloat16_t_uint32_t_uint8_t_bfloat16_t_bfloat16_t|rmsbfloat16|custom_kernel_laguna_decode_nvfp4_qkv_h64_r1_v1_lm1_pw1_se1_sd1_bfloat16_t_uint32_t_uint8_t_uint8_t_uint8_t_bfloat16_t|g3_copybfloat16bfloat16|custom_kernel_laguna_sliding_fused_attn_ring_v1_bfloat16_t_bfloat16_t_bfloat16_t_bfloat16_t_bfloat16_t_float_bfloat16_t_bfloat16_t_uint32_tc_floatc_bfloat16_t|custom_kernel_laguna_gate_sp_h64_v1_bfloat16_t_uint32_t_bfloat16_t_bfloat16_t_bfloat16_t|custom_kernel_laguna_oproj_act_h64_v1_lm1_pw1_sc1_se1_bfloat16_t_bfloat16_t_uint32_t_uint8_t_uint8_t_uint8_t_bfloat16_t|custom_kernel_laguna_residual_rms_router_bf16_2048_rpg8_keys_v1_bfloat16_t_bfloat16_t_bfloat16_t_bfloat16_t_float_bfloat16_t_bfloat16_t_bfloat16_t_uint32_t|custom_kernel_laguna_shared_nvfp4_swiglu_qmv_rows1_bf16_v1_bfloat16_t_uint32_t_uint8_t_bfloat16_t|custom_kernel_laguna_decode_router_top8_ordinal_table_norm_v1_bfloat16_t_float_uint32_t_float|custom_kernel_laguna_routed_nvfp4_swiglu_qmv_packed_top8keys_r1_bf16_v2_bfloat16_t_uint32_t_uint8_t_uint32_t_bfloat16_t
GPUPROF 187992.787839750 187992.788260000 22 911702476 custom_kernel_laguna_routed_shared_nvfp4_down_residual_bf16_r1_v5_bfloat16_t_uint32_t_uint8_t_uint32_t_float_bfloat16_t_uint32_t_uint8_t_bfloat16_t_bfloat16_t|rmsbfloat16|custom_kernel_laguna_decode_nvfp4_qkv_h64_r1_v1_lm1_pw1_se1_sd1_bfloat16_t_uint32_t_uint8_t_uint8_t_uint8_t_bfloat16_t|g3_copybfloat16bfloat16|custom_kernel_laguna_sliding_fused_attn_ring_v1_bfloat16_t_bfloat16_t_bfloat16_t_bfloat16_t_bfloat16_t_float_bfloat16_t_bfloat16_t_uint32_tc_floatc_bfloat16_t|custom_kernel_laguna_gate_sp_h64_v1_bfloat16_t_uint32_t_bfloat16_t_bfloat16_t_bfloat16_t|custom_kernel_laguna_oproj_act_h64_v1_lm1_pw1_sc1_se1_bfloat16_t_bfloat16_t_uint32_t_uint8_t_uint8_t_uint8_t_bfloat16_t|custom_kernel_laguna_residual_rms_router_bf16_2048_rpg8_keys_v1_bfloat16_t_bfloat16_t_bfloat16_t_bfloat16_t_float_bfloat16_t_bfloat16_t_bfloat16_t_uint32_t|custom_kernel_laguna_shared_nvfp4_swiglu_qmv_rows1_bf16_v1_bfloat16_t_uint32_t_uint8_t_bfloat16_t|custom_kernel_laguna_decode_router_top8_ordinal_table_norm_v1_bfloat16_t_float_uint32_t_float|custom_kernel_laguna_routed_nvfp4_swiglu_qmv_packed_top8keys_r1_bf16_v2_bfloat16_t_uint32_t_uint8_t_uint32_t_bfloat16_t|custom_kernel_laguna_routed_shared_nvfp4_down_residual_bf16_r1_v5_bfloat16_t_uint32_t_uint8_t_uint32_t_float_bfloat16_t_uint32_t_uint8_t_bfloat16_t_bfloat16_t|rmsbfloat16|custom_kernel_laguna_decode_nvfp4_qkv_h64_r1_v1_lm1_pw1_se1_sd1_bfloat16_t_uint32_t_uint8_t_uint8_t_uint8_t_bfloat16_t|g3_copybfloat16bfloat16|custom_kernel_laguna_sliding_fused_attn_ring_v1_bfloat16_t_bfloat16_t_bfloat16_t_bfloat16_t_bfloat16_t_float_bfloat16_t_bfloat16_t_uint32_tc_floatc_bfloat16_t|custom_kernel_laguna_gate_sp_h64_v1_bfloat16_t_uint32_t_bfloat16_t_bfloat16_t_bfloat16_t|custom_kernel_laguna_oproj_act_h64_v1_lm1_pw1_sc1_se1_bfloat16_t_bfloat16_t_uint32_t_uint8_t_uint8_t_uint8_t_bfloat16_t|custom_kernel_laguna_residual_rms_router_bf16_2048_rpg8_keys_v1_bfloat16_t_bfloat16_t_bfloat16_t_bfloat16_t_float_bfloat16_t_bfloat16_t_bfloat16_t_uint32_t|custom_kernel_laguna_shared_nvfp4_swiglu_qmv_rows1_bf16_v1_bfloat16_t_uint32_t_uint8_t_bfloat16_t|custom_kernel_laguna_decode_router_top8_ordinal_table_norm_v1_bfloat16_t_float_uint32_t_float|custom_kernel_laguna_routed_nvfp4_swiglu_qmv_packed_top8keys_r1_bf16_v2_bfloat16_t_uint32_t_uint8_t_uint32_t_bfloat16_t
GPUPROF 187992.788261000 187992.788284500 1 143213760 custom_kernel_laguna_routed_shared_nvfp4_down_residual_bf16_r1_v5_bfloat16_t_uint32_t_uint8_t_uint32_t_float_bfloat16_t_uint32_t_uint8_t_bfloat16_t_bfloat16_t
GPUPROF 187992.788285375 187992.788831167 4 520840196 rmsbfloat16|custom_kernel_laguna_lmhead_int5_base_coarse_delta_bf16_v1_bfloat16_t_uint8_t_uint8_t_float_bfloat16_t|custom_kernel_laguna_lmhead_coarse_argmax_stage1_v5_float_float_uint32_t|custom_kernel_laguna_lmhead_exact_winner_bf16_midpoint_threshold_v1_float_uint32_t_bfloat16_t_bfloat16_t_float
GPUPROF 187992.788832042 187992.789025292 1 443961348 custom_kernel_laguna_lmhead_exact_fused_int5_sparse_refine_v1_float_bfloat16_t_floatc_bfloat16_t_bfloat16_t_uint8_t_uint8_t_bfloat16_t
GPUPSO s_copybfloat16bfloat16 maxThreads=1024 execWidth=32 tgMem=0
GPUPSO s_copyfloat32float32 maxThreads=1024 execWidth=32 tgMem=0
GPUPSO custom_kernel_laguna_full_fused_attn_grow_v1_bfloat16_t_bfloat16_t_bfloat16_t_bfloat16_t_bfloat16_t_float_bfloat16_t_bfloat16_t_uint32_tc_floatc_bfloat16_t maxThreads=1024 execWidth=32 tgMem=18432
GPUPROF 187992.790412375 187992.790430000 9 62992 s_copybfloat16bfloat16|s_copybfloat16bfloat16|s_copyfloat32float32|s_copybfloat16bfloat16|s_copybfloat16bfloat16|s_copybfloat16bfloat16|s_copybfloat16bfloat16|s_copybfloat16bfloat16|custom_kernel_laguna_full_fused_attn_grow_v1_bfloat16_t_bfloat16_t_bfloat16_t_bfloat16_t_bfloat16_t_float_bfloat16_t_bfloat16_t_uint32_tc_floatc_bfloat16_t
GPUPSO argmax_bfloat16 maxThreads=1024 execWidth=32 tgMem=256
GPUPROF 187992.791918000 187992.791935042 2 401416 gather_frontbfloat16_int32_int_2|argmax_bfloat16
GPUPROF 187992.800038000 187992.800569917 4 424679424 gather_frontbfloat16_int32_int_2|rmsbfloat16|steel_gemm_splitk_nt_bfloat16_float32_bm32_bn32_bk16_wm2_wn2_MN_taligned_K_taligned|steel_gemm_splitk_accum_bfloat16_float32
GPUPROF 187992.800733750 187992.817461875 16 212455940 steel_gemm_splitk_nt_bfloat16_float32_bm32_bn32_bk16_wm2_wn2_MN_taligned_K_taligned|steel_gemm_splitk_accum_bfloat16_float32|steel_gemm_fused_nt_bfloat16_bfloat16_bm64_bn64_bk16_wm2_wn2_has_batch_n_use_out_source_n_do_axpby_n_align_M_t_align_N_t_align_K_t|steel_gemm_splitk_nt_bfloat16_float32_bm32_bn32_bk16_wm2_wn2_MN_naligned_K_taligned|steel_gemm_splitk_accum_bfloat16_float32|custom_kernel_laguna_prefill_full_qk_norm_yarn_bf16_128_h1_v2_bfloat16_t_bfloat16_t_bfloat16_t_bfloat16_t_float_int32_tc_bfloat16_t_bfloat16_t|steel_attention_bfloat16_bq32_bk16_bd128_wm4_wn1_maskbfloat16_align_Q_t_align_K_t_has_mask_n_do_causal_t_has_sinks_n|Cf4IAsTypeADf4IBroadcastCBEf4IBroadcastBCFf4ILogAddExpDEGV2OAsTypeF_VC_V2_10408321403207385874_contiguous|g2_Multiplybfloat16|steel_gemm_fused_nt_bfloat16_bfloat16_bm64_bn64_bk16_wm2_wn2_has_batch_n_use_out_source_n_do_axpby_n_align_M_t_align_N_t_align_K_t|custom_kernel_laguna_residual_rms_bf16_2048_v1_bfloat16_t_bfloat16_t_bfloat16_t_bfloat16_t_bfloat16_t|steel_gemm_fused_nt_bfloat16_bfloat16_bm64_bn64_bk16_wm2_wn2_has_batch_n_use_out_source_n_do_axpby_n_align_M_t_align_N_t_align_K_t|steel_gemm_fused_nt_bfloat16_bfloat16_bm64_bn64_bk16_wm2_wn2_has_batch_n_use_out_source_n_do_axpby_n_align_M_t_align_N_t_align_K_t|CV2ISigmoidADV2IBroadcastACEV2IBroadcastCAFV2IMultiplyDEGV2IBroadcastFBHV2IBroadcastBFIV2OMultiplyGH_VV_V2V2_11160318154034397263_contiguous|steel_gemm_fused_nt_bfloat16_bfloat16_bm64_bn64_bk16_wm2_wn2_has_batch_n_use_out_source_n_do_axpby_n_align_M_t_align_N_t_align_K_t|vvn_Addbfloat16
GPUPROF 187992.817462875 187992.838197417 30 636347908 rmsbfloat16|steel_gemm_splitk_nt_bfloat16_float32_bm32_bn32_bk16_wm2_wn2_MN_taligned_K_taligned|steel_gemm_splitk_accum_bfloat16_float32|steel_gemm_splitk_nt_bfloat16_float32_bm32_bn32_bk16_wm2_wn2_MN_taligned_K_taligned|steel_gemm_splitk_accum_bfloat16_float32|steel_gemm_fused_nt_bfloat16_bfloat16_bm64_bn64_bk16_wm2_wn2_has_batch_n_use_out_source_n_do_axpby_n_align_M_t_align_N_t_align_K_t|steel_gemm_splitk_nt_bfloat16_float32_bm32_bn32_bk16_wm2_wn2_MN_taligned_K_taligned|steel_gemm_splitk_accum_bfloat16_float32|custom_kernel_laguna_prefill_sliding_qk_norm_rope_bf16_128_h1_v2_bfloat16_t_bfloat16_t_bfloat16_t_bfloat16_t_float_int32_tc_bfloat16_t_bfloat16_t|steel_attention_bfloat16_bq32_bk16_bd128_wm4_wn1_maskbfloat16_align_Q_t_align_K_t_has_mask_n_do_causal_t_has_sinks_n|Cf4IAsTypeADf4IBroadcastCBEf4IBroadcastBCFf4ILogAddExpDEGV2OAsTypeF_VC_V2_10408321403207385874_contiguous|g2_Multiplybfloat16|steel_gemm_fused_nt_bfloat16_bfloat16_bm64_bn64_bk16_wm2_wn2_has_batch_n_use_out_source_n_do_axpby_n_align_M_t_align_N_t_align_K_t|custom_kernel_laguna_residual_rms_bf16_2048_v1_bfloat16_t_bfloat16_t_bfloat16_t_bfloat16_t_bfloat16_t|steel_gemm_splitk_nt_bfloat16_float32_bm32_bn32_bk16_wm2_wn2_MN_taligned_K_taligned|steel_gemm_splitk_accum_bfloat16_float32|custom_kernel_laguna_prefill_router_tournament_ordinal_norm_v1_bfloat16_t_float_uint32_t_float|custom_kernel_mlx_lm_route_csort_scatter_fused_m8_u32_v4_uint32_t_uint32_t_uint32_t_uint32_t|gather_frontbfloat16_uint32_int_2|arangeuint32|nvfp4_gather_qmm_rhs_nt_bfloat16_t_gs_16_b_4_bm_16_bn_32_bk_32_wm_1_wn_2_align_M_t_align_N_t_align_K_t|nvfp4_qmm_t_splitk_fused_bfloat16_t_gs_16_b_4_alN_true|nvfp4_qmm_t_splitk_fused_bfloat16_t_gs_16_b_4_alN_true|g2_copybfloat16bfloat16|g2_copybfloat16bfloat16|CV2ISigmoidADV2IBroadcastACEV2IBroadcastCAFV2IMultiplyDEGV2IBroadcastFBHV2IBroadcastBFIV2OMultiplyGH_VV_V2V2_11160318154034397263_contiguous|arangeuint32|CV2ISigmoidADV2IBroadcastACEV2IBroadcastCAFV2IMultiplyDEGV2IBroadcastFBHV2IBroadcastBFIV2OMultiplyGH_VV_V2V2_11160318154034397263_contiguous|nvfp4_qmm_t_bfloat16_t_gs_16_b_4_alN_true_batch_0|nvfp4_gather_qmm_rhs_nt_bfloat16_t_gs_16_b_4_bm_16_bn_32_bk_32_wm_1_wn_2_align_M_t_align_N_t_align_K_t
GPUPROF 187992.838198292 187992.838286125 1 23101440 custom_kernel_laguna_prefill_sorted_moe_tail_bf16_v1_bfloat16_t_uint32_t_float_bfloat16_t_bfloat16_t_bfloat16_t
GPUPROF 187992.838287042 187992.857319875 30 636347908 rmsbfloat16|steel_gemm_splitk_nt_bfloat16_float32_bm32_bn32_bk16_wm2_wn2_MN_taligned_K_taligned|steel_gemm_splitk_accum_bfloat16_float32|steel_gemm_splitk_nt_bfloat16_float32_bm32_bn32_bk16_wm2_wn2_MN_taligned_K_taligned|steel_gemm_splitk_accum_bfloat16_float32|steel_gemm_fused_nt_bfloat16_bfloat16_bm64_bn64_bk16_wm2_wn2_has_batch_n_use_out_source_n_do_axpby_n_align_M_t_align_N_t_align_K_t|steel_gemm_splitk_nt_bfloat16_float32_bm32_bn32_bk16_wm2_wn2_MN_taligned_K_taligned|steel_gemm_splitk_accum_bfloat16_float32|custom_kernel_laguna_prefill_sliding_qk_norm_rope_bf16_128_h1_v2_bfloat16_t_bfloat16_t_bfloat16_t_bfloat16_t_float_int32_tc_bfloat16_t_bfloat16_t|steel_attention_bfloat16_bq32_bk16_bd128_wm4_wn1_maskbfloat16_align_Q_t_align_K_t_has_mask_n_do_causal_t_has_sinks_n|Cf4IAsTypeADf4IBroadcastCBEf4IBroadcastBCFf4ILogAddExpDEGV2OAsTypeF_VC_V2_10408321403207385874_contiguous|g2_Multiplybfloat16|steel_gemm_fused_nt_bfloat16_bfloat16_bm64_bn64_bk16_wm2_wn2_has_batch_n_use_out_source_n_do_axpby_n_align_M_t_align_N_t_align_K_t|custom_kernel_laguna_residual_rms_bf16_2048_v1_bfloat16_t_bfloat16_t_bfloat16_t_bfloat16_t_bfloat16_t|steel_gemm_splitk_nt_bfloat16_float32_bm32_bn32_bk16_wm2_wn2_MN_taligned_K_taligned|steel_gemm_splitk_accum_bfloat16_float32|custom_kernel_laguna_prefill_router_tournament_ordinal_norm_v1_bfloat16_t_float_uint32_t_float|custom_kernel_mlx_lm_route_csort_scatter_fused_m8_u32_v4_uint32_t_uint32_t_uint32_t_uint32_t|gather_frontbfloat16_uint32_int_2|arangeuint32|nvfp4_gather_qmm_rhs_nt_bfloat16_t_gs_16_b_4_bm_16_bn_32_bk_32_wm_1_wn_2_align_M_t_align_N_t_align_K_t|nvfp4_qmm_t_splitk_fused_bfloat16_t_gs_16_b_4_alN_true|nvfp4_qmm_t_splitk_fused_bfloat16_t_gs_16_b_4_alN_true|g2_copybfloat16bfloat16|g2_copybfloat16bfloat16|CV2ISigmoidADV2IBroadcastACEV2IBroadcastCAFV2IMultiplyDEGV2IBroadcastFBHV2IBroadcastBFIV2OMultiplyGH_VV_V2V2_11160318154034397263_contiguous|arangeuint32|CV2ISigmoidADV2IBroadcastACEV2IBroadcastCAFV2IMultiplyDEGV2IBroadcastFBHV2IBroadcastBFIV2OMultiplyGH_VV_V2V2_11160318154034397263_contiguous|nvfp4_qmm_t_bfloat16_t_gs_16_b_4_alN_true_batch_0|nvfp4_gather_qmm_rhs_nt_bfloat16_t_gs_16_b_4_bm_16_bn_32_bk_32_wm_1_wn_2_align_M_t_align_N_t_align_K_t
GPUPROF 187992.857320667 187992.857398542 1 23101440 custom_kernel_laguna_prefill_sorted_moe_tail_bf16_v1_bfloat16_t_uint32_t_float_bfloat16_t_bfloat16_t_bfloat16_t
GPUPROF 187992.857399667 187992.874452000 30 636347908 rmsbfloat16|steel_gemm_splitk_nt_bfloat16_float32_bm32_bn32_bk16_wm2_wn2_MN_taligned_K_taligned|steel_gemm_splitk_accum_bfloat16_float32|steel_gemm_splitk_nt_bfloat16_float32_bm32_bn32_bk16_wm2_wn2_MN_taligned_K_taligned|steel_gemm_splitk_accum_bfloat16_float32|steel_gemm_fused_nt_bfloat16_bfloat16_bm64_bn64_bk16_wm2_wn2_has_batch_n_use_out_source_n_do_axpby_n_align_M_t_align_N_t_align_K_t|steel_gemm_splitk_nt_bfloat16_float32_bm32_bn32_bk16_wm2_wn2_MN_taligned_K_taligned|steel_gemm_splitk_accum_bfloat16_float32|custom_kernel_laguna_prefill_sliding_qk_norm_rope_bf16_128_h1_v2_bfloat16_t_bfloat16_t_bfloat16_t_bfloat16_t_float_int32_tc_bfloat16_t_bfloat16_t|steel_attention_bfloat16_bq32_bk16_bd128_wm4_wn1_maskbfloat16_align_Q_t_align_K_t_has_mask_n_do_causal_t_has_sinks_n|Cf4IAsTypeADf4IBroadcastCBEf4IBroadcastBCFf4ILogAddExpDEGV2OAsTypeF_VC_V2_10408321403207385874_contiguous|g2_Multiplybfloat16|steel_gemm_fused_nt_bfloat16_bfloat16_bm64_bn64_bk16_wm2_wn2_has_batch_n_use_out_source_n_do_axpby_n_align_M_t_align_N_t_align_K_t|custom_kernel_laguna_residual_rms_bf16_2048_v1_bfloat16_t_bfloat16_t_bfloat16_t_bfloat16_t_bfloat16_t|steel_gemm_splitk_nt_bfloat16_float32_bm32_bn32_bk16_wm2_wn2_MN_taligned_K_taligned|steel_gemm_splitk_accum_bfloat16_float32|custom_kernel_laguna_prefill_router_tournament_ordinal_norm_v1_bfloat16_t_float_uint32_t_float|custom_kernel_mlx_lm_route_csort_scatter_fused_m8_u32_v4_uint32_t_uint32_t_uint32_t_uint32_t|gather_frontbfloat16_uint32_int_2|arangeuint32|nvfp4_gather_qmm_rhs_nt_bfloat16_t_gs_16_b_4_bm_16_bn_32_bk_32_wm_1_wn_2_align_M_t_align_N_t_align_K_t|nvfp4_qmm_t_splitk_fused_bfloat16_t_gs_16_b_4_alN_true|nvfp4_qmm_t_splitk_fused_bfloat16_t_gs_16_b_4_alN_true|g2_copybfloat16bfloat16|g2_copybfloat16bfloat16|CV2ISigmoidADV2IBroadcastACEV2IBroadcastCAFV2IMultiplyDEGV2IBroadcastFBHV2IBroadcastBFIV2OMultiplyGH_VV_V2V2_11160318154034397263_contiguous|arangeuint32|CV2ISigmoidADV2IBroadcastACEV2IBroadcastCAFV2IMultiplyDEGV2IBroadcastFBHV2IBroadcastBFIV2OMultiplyGH_VV_V2V2_11160318154034397263_contiguous|nvfp4_qmm_t_bfloat16_t_gs_16_b_4_alN_true_batch_0|nvfp4_gather_qmm_rhs_nt_bfloat16_t_gs_16_b_4_bm_16_bn_32_bk_32_wm_1_wn_2_align_M_t_align_N_t_align_K_t
GPUPROF 187992.874452750 187992.874529625 1 23101440 custom_kernel_laguna_prefill_sorted_moe_tail_bf16_v1_bfloat16_t_uint32_t_float_bfloat16_t_bfloat16_t_bfloat16_t
GPUPROF 187992.874530417 187992.888733875 30 612017668 rmsbfloat16|steel_gemm_splitk_nt_bfloat16_float32_bm32_bn32_bk16_wm2_wn2_MN_taligned_K_taligned|steel_gemm_splitk_accum_bfloat16_float32|steel_gemm_splitk_nt_bfloat16_float32_bm32_bn32_bk16_wm2_wn2_MN_taligned_K_taligned|steel_gemm_splitk_accum_bfloat16_float32|steel_gemm_fused_nt_bfloat16_bfloat16_bm64_bn64_bk16_wm2_wn2_has_batch_n_use_out_source_n_do_axpby_n_align_M_t_align_N_t_align_K_t|steel_gemm_splitk_nt_bfloat16_float32_bm32_bn32_bk16_wm2_wn2_MN_naligned_K_taligned|steel_gemm_splitk_accum_bfloat16_float32|custom_kernel_laguna_prefill_full_qk_norm_yarn_bf16_128_h1_v2_bfloat16_t_bfloat16_t_bfloat16_t_bfloat16_t_float_int32_tc_bfloat16_t_bfloat16_t|steel_attention_bfloat16_bq32_bk16_bd128_wm4_wn1_maskbfloat16_align_Q_t_align_K_t_has_mask_n_do_causal_t_has_sinks_n|Cf4IAsTypeADf4IBroadcastCBEf4IBroadcastBCFf4ILogAddExpDEGV2OAsTypeF_VC_V2_10408321403207385874_contiguous|g2_Multiplybfloat16|steel_gemm_fused_nt_bfloat16_bfloat16_bm64_bn64_bk16_wm2_wn2_has_batch_n_use_out_source_n_do_axpby_n_align_M_t_align_N_t_align_K_t|custom_kernel_laguna_residual_rms_bf16_2048_v1_bfloat16_t_bfloat16_t_bfloat16_t_bfloat16_t_bfloat16_t|steel_gemm_splitk_nt_bfloat16_float32_bm32_bn32_bk16_wm2_wn2_MN_taligned_K_taligned|steel_gemm_splitk_accum_bfloat16_float32|custom_kernel_laguna_prefill_router_tournament_ordinal_norm_v1_bfloat16_t_float_uint32_t_float|custom_kernel_mlx_lm_route_csort_scatter_fused_m8_u32_v4_uint32_t_uint32_t_uint32_t_uint32_t|gather_frontbfloat16_uint32_int_2|arangeuint32|nvfp4_gather_qmm_rhs_nt_bfloat16_t_gs_16_b_4_bm_16_bn_32_bk_32_wm_1_wn_2_align_M_t_align_N_t_align_K_t|nvfp4_qmm_t_splitk_fused_bfloat16_t_gs_16_b_4_alN_true|nvfp4_qmm_t_splitk_fused_bfloat16_t_gs_16_b_4_alN_true|g2_copybfloat16bfloat16|g2_copybfloat16bfloat16|CV2ISigmoidADV2IBroadcastACEV2IBroadcastCAFV2IMultiplyDEGV2IBroadcastFBHV2IBroadcastBFIV2OMultiplyGH_VV_V2V2_11160318154034397263_contiguous|arangeuint32|CV2ISigmoidADV2IBroadcastACEV2IBroadcastCAFV2IMultiplyDEGV2IBroadcastFBHV2IBroadcastBFIV2OMultiplyGH_VV_V2V2_11160318154034397263_contiguous|nvfp4_qmm_t_bfloat16_t_gs_16_b_4_alN_true_batch_0|nvfp4_gather_qmm_rhs_nt_bfloat16_t_gs_16_b_4_bm_16_bn_32_bk_32_wm_1_wn_2_align_M_t_align_N_t_align_K_t
GPUPROF 187992.888734625 187992.888810667 1 23101440 custom_kernel_laguna_prefill_sorted_moe_tail_bf16_v1_bfloat16_t_uint32_t_float_bfloat16_t_bfloat16_t_bfloat16_t
GPUPROF 187992.888811750 187992.903674167 30 636347908 rmsbfloat16|steel_gemm_splitk_nt_bfloat16_float32_bm32_bn32_bk16_wm2_wn2_MN_taligned_K_taligned|steel_gemm_splitk_accum_bfloat16_float32|steel_gemm_splitk_nt_bfloat16_float32_bm32_bn32_bk16_wm2_wn2_MN_taligned_K_taligned|steel_gemm_splitk_accum_bfloat16_float32|steel_gemm_fused_nt_bfloat16_bfloat16_bm64_bn64_bk16_wm2_wn2_has_batch_n_use_out_source_n_do_axpby_n_align_M_t_align_N_t_align_K_t|steel_gemm_splitk_nt_bfloat16_float32_bm32_bn32_bk16_wm2_wn2_MN_taligned_K_taligned|steel_gemm_splitk_accum_bfloat16_float32|custom_kernel_laguna_prefill_sliding_qk_norm_rope_bf16_128_h1_v2_bfloat16_t_bfloat16_t_bfloat16_t_bfloat16_t_float_int32_tc_bfloat16_t_bfloat16_t|steel_attention_bfloat16_bq32_bk16_bd128_wm4_wn1_maskbfloat16_align_Q_t_align_K_t_has_mask_n_do_causal_t_has_sinks_n|Cf4IAsTypeADf4IBroadcastCBEf4IBroadcastBCFf4ILogAddExpDEGV2OAsTypeF_VC_V2_10408321403207385874_contiguous|g2_Multiplybfloat16|steel_gemm_fused_nt_bfloat16_bfloat16_bm64_bn64_bk16_wm2_wn2_has_batch_n_use_out_source_n_do_axpby_n_align_M_t_align_N_t_align_K_t|custom_kernel_laguna_residual_rms_bf16_2048_v1_bfloat16_t_bfloat16_t_bfloat16_t_bfloat16_t_bfloat16_t|steel_gemm_splitk_nt_bfloat16_float32_bm32_bn32_bk16_wm2_wn2_MN_taligned_K_taligned|steel_gemm_splitk_accum_bfloat16_float32|custom_kernel_laguna_prefill_router_tournament_ordinal_norm_v1_bfloat16_t_float_uint32_t_float|custom_kernel_mlx_lm_route_csort_scatter_fused_m8_u32_v4_uint32_t_uint32_t_uint32_t_uint32_t|gather_frontbfloat16_uint32_int_2|arangeuint32|nvfp4_gather_qmm_rhs_nt_bfloat16_t_gs_16_b_4_bm_16_bn_32_bk_32_wm_1_wn_2_align_M_t_align_N_t_align_K_t|nvfp4_qmm_t_splitk_fused_bfloat16_t_gs_16_b_4_alN_true|nvfp4_qmm_t_splitk_fused_bfloat16_t_gs_16_b_4_alN_true|g2_copybfloat16bfloat16|g2_copybfloat16bfloat16|CV2ISigmoidADV2IBroadcastACEV2IBroadcastCAFV2IMultiplyDEGV2IBroadcastFBHV2IBroadcastBFIV2OMultiplyGH_VV_V2V2_11160318154034397263_contiguous|arangeuint32|CV2ISigmoidADV2IBroadcastACEV2IBroadcastCAFV2IMultiplyDEGV2IBroadcastFBHV2IBroadcastBFIV2OMultiplyGH_VV_V2V2_11160318154034397263_contiguous|nvfp4_qmm_t_bfloat16_t_gs_16_b_4_alN_true_batch_0|nvfp4_gather_qmm_rhs_nt_bfloat16_t_gs_16_b_4_bm_16_bn_32_bk_32_wm_1_wn_2_align_M_t_align_N_t_align_K_t
GPUPROF 187992.903675000 187992.903751667 1 23101440 custom_kernel_laguna_prefill_sorted_moe_tail_bf16_v1_bfloat16_t_uint32_t_float_bfloat16_t_bfloat16_t_bfloat16_t
GPUPROF 187992.903752417 187992.918136250 30 636347908 rmsbfloat16|steel_gemm_splitk_nt_bfloat16_float32_bm32_bn32_bk16_wm2_wn2_MN_taligned_K_taligned|steel_gemm_splitk_accum_bfloat16_float32|steel_gemm_splitk_nt_bfloat16_float32_bm32_bn32_bk16_wm2_wn2_MN_taligned_K_taligned|steel_gemm_splitk_accum_bfloat16_float32|steel_gemm_fused_nt_bfloat16_bfloat16_bm64_bn64_bk16_wm2_wn2_has_batch_n_use_out_source_n_do_axpby_n_align_M_t_align_N_t_align_K_t|steel_gemm_splitk_nt_bfloat16_float32_bm32_bn32_bk16_wm2_wn2_MN_taligned_K_taligned|steel_gemm_splitk_accum_bfloat16_float32|custom_kernel_laguna_prefill_sliding_qk_norm_rope_bf16_128_h1_v2_bfloat16_t_bfloat16_t_bfloat16_t_bfloat16_t_float_int32_tc_bfloat16_t_bfloat16_t|steel_attention_bfloat16_bq32_bk16_bd128_wm4_wn1_maskbfloat16_align_Q_t_align_K_t_has_mask_n_do_causal_t_has_sinks_n|Cf4IAsTypeADf4IBroadcastCBEf4IBroadcastBCFf4ILogAddExpDEGV2OAsTypeF_VC_V2_10408321403207385874_contiguous|g2_Multiplybfloat16|steel_gemm_fused_nt_bfloat16_bfloat16_bm64_bn64_bk16_wm2_wn2_has_batch_n_use_out_source_n_do_axpby_n_align_M_t_align_N_t_align_K_t|custom_kernel_laguna_residual_rms_bf16_2048_v1_bfloat16_t_bfloat16_t_bfloat16_t_bfloat16_t_bfloat16_t|steel_gemm_splitk_nt_bfloat16_float32_bm32_bn32_bk16_wm2_wn2_MN_taligned_K_taligned|steel_gemm_splitk_accum_bfloat16_float32|custom_kernel_laguna_prefill_router_tournament_ordinal_norm_v1_bfloat16_t_float_uint32_t_float|custom_kernel_mlx_lm_route_csort_scatter_fused_m8_u32_v4_uint32_t_uint32_t_uint32_t_uint32_t|gather_frontbfloat16_uint32_int_2|arangeuint32|nvfp4_gather_qmm_rhs_nt_bfloat16_t_gs_16_b_4_bm_16_bn_32_bk_32_wm_1_wn_2_align_M_t_align_N_t_align_K_t|nvfp4_qmm_t_splitk_fused_bfloat16_t_gs_16_b_4_alN_true|nvfp4_qmm_t_splitk_fused_bfloat16_t_gs_16_b_4_alN_true|g2_copybfloat16bfloat16|g2_copybfloat16bfloat16|CV2ISigmoidADV2IBroadcastACEV2IBroadcastCAFV2IMultiplyDEGV2IBroadcastFBHV2IBroadcastBFIV2OMultiplyGH_VV_V2V2_11160318154034397263_contiguous|arangeuint32|CV2ISigmoidADV2IBroadcastACEV2IBroadcastCAFV2IMultiplyDEGV2IBroadcastFBHV2IBroadcastBFIV2OMultiplyGH_VV_V2V2_11160318154034397263_contiguous|nvfp4_qmm_t_bfloat16_t_gs_16_b_4_alN_true_batch_0|nvfp4_gather_qmm_rhs_nt_bfloat16_t_gs_16_b_4_bm_16_bn_32_bk_32_wm_1_wn_2_align_M_t_align_N_t_align_K_t
GPUPROF 187992.918137250 187992.918214917 1 23101440 custom_kernel_laguna_prefill_sorted_moe_tail_bf16_v1_bfloat16_t_uint32_t_float_bfloat16_t_bfloat16_t_bfloat16_t
GPUPROF 187992.918215875 187992.932595042 30 636347908 rmsbfloat16|steel_gemm_splitk_nt_bfloat16_float32_bm32_bn32_bk16_wm2_wn2_MN_taligned_K_taligned|steel_gemm_splitk_accum_bfloat16_float32|steel_gemm_splitk_nt_bfloat16_float32_bm32_bn32_bk16_wm2_wn2_MN_taligned_K_taligned|steel_gemm_splitk_accum_bfloat16_float32|steel_gemm_fused_nt_bfloat16_bfloat16_bm64_bn64_bk16_wm2_wn2_has_batch_n_use_out_source_n_do_axpby_n_align_M_t_align_N_t_align_K_t|steel_gemm_splitk_nt_bfloat16_float32_bm32_bn32_bk16_wm2_wn2_MN_taligned_K_taligned|steel_gemm_splitk_accum_bfloat16_float32|custom_kernel_laguna_prefill_sliding_qk_norm_rope_bf16_128_h1_v2_bfloat16_t_bfloat16_t_bfloat16_t_bfloat16_t_float_int32_tc_bfloat16_t_bfloat16_t|steel_attention_bfloat16_bq32_bk16_bd128_wm4_wn1_maskbfloat16_align_Q_t_align_K_t_has_mask_n_do_causal_t_has_sinks_n|Cf4IAsTypeADf4IBroadcastCBEf4IBroadcastBCFf4ILogAddExpDEGV2OAsTypeF_VC_V2_10408321403207385874_contiguous|g2_Multiplybfloat16|steel_gemm_fused_nt_bfloat16_bfloat16_bm64_bn64_bk16_wm2_wn2_has_batch_n_use_out_source_n_do_axpby_n_align_M_t_align_N_t_align_K_t|custom_kernel_laguna_residual_rms_bf16_2048_v1_bfloat16_t_bfloat16_t_bfloat16_t_bfloat16_t_bfloat16_t|steel_gemm_splitk_nt_bfloat16_float32_bm32_bn32_bk16_wm2_wn2_MN_taligned_K_taligned|steel_gemm_splitk_accum_bfloat16_float32|custom_kernel_laguna_prefill_router_tournament_ordinal_norm_v1_bfloat16_t_float_uint32_t_float|custom_kernel_mlx_lm_route_csort_scatter_fused_m8_u32_v4_uint32_t_uint32_t_uint32_t_uint32_t|gather_frontbfloat16_uint32_int_2|arangeuint32|nvfp4_gather_qmm_rhs_nt_bfloat16_t_gs_16_b_4_bm_16_bn_32_bk_32_wm_1_wn_2_align_M_t_align_N_t_align_K_t|nvfp4_qmm_t_splitk_fused_bfloat16_t_gs_16_b_4_alN_true|nvfp4_qmm_t_splitk_fused_bfloat16_t_gs_16_b_4_alN_true|g2_copybfloat16bfloat16|g2_copybfloat16bfloat16|CV2ISigmoidADV2IBroadcastACEV2IBroadcastCAFV2IMultiplyDEGV2IBroadcastFBHV2IBroadcastBFIV2OMultiplyGH_VV_V2V2_11160318154034397263_contiguous|arangeuint32|CV2ISigmoidADV2IBroadcastACEV2IBroadcastCAFV2IMultiplyDEGV2IBroadcastFBHV2IBroadcastBFIV2OMultiplyGH_VV_V2V2_11160318154034397263_contiguous|nvfp4_qmm_t_bfloat16_t_gs_16_b_4_alN_true_batch_0|nvfp4_gather_qmm_rhs_nt_bfloat16_t_gs_16_b_4_bm_16_bn_32_bk_32_wm_1_wn_2_align_M_t_align_N_t_align_K_t
GPUPROF 187992.932595792 187992.932675917 1 23101440 custom_kernel_laguna_prefill_sorted_moe_tail_bf16_v1_bfloat16_t_uint32_t_float_bfloat16_t_bfloat16_t_bfloat16_t
GPUPROF 187992.932676667 187992.945753500 30 612017668 rmsbfloat16|steel_gemm_splitk_nt_bfloat16_float32_bm32_bn32_bk16_wm2_wn2_MN_taligned_K_taligned|steel_gemm_splitk_accum_bfloat16_float32|steel_gemm_splitk_nt_bfloat16_float32_bm32_bn32_bk16_wm2_wn2_MN_taligned_K_taligned|steel_gemm_splitk_accum_bfloat16_float32|steel_gemm_fused_nt_bfloat16_bfloat16_bm64_bn64_bk16_wm2_wn2_has_batch_n_use_out_source_n_do_axpby_n_align_M_t_align_N_t_align_K_t|steel_gemm_splitk_nt_bfloat16_float32_bm32_bn32_bk16_wm2_wn2_MN_naligned_K_taligned|steel_gemm_splitk_accum_bfloat16_float32|custom_kernel_laguna_prefill_full_qk_norm_yarn_bf16_128_h1_v2_bfloat16_t_bfloat16_t_bfloat16_t_bfloat16_t_float_int32_tc_bfloat16_t_bfloat16_t|steel_attention_bfloat16_bq32_bk16_bd128_wm4_wn1_maskbfloat16_align_Q_t_align_K_t_has_mask_n_do_causal_t_has_sinks_n|Cf4IAsTypeADf4IBroadcastCBEf4IBroadcastBCFf4ILogAddExpDEGV2OAsTypeF_VC_V2_10408321403207385874_contiguous|g2_Multiplybfloat16|steel_gemm_fused_nt_bfloat16_bfloat16_bm64_bn64_bk16_wm2_wn2_has_batch_n_use_out_source_n_do_axpby_n_align_M_t_align_N_t_align_K_t|custom_kernel_laguna_residual_rms_bf16_2048_v1_bfloat16_t_bfloat16_t_bfloat16_t_bfloat16_t_bfloat16_t|steel_gemm_splitk_nt_bfloat16_float32_bm32_bn32_bk16_wm2_wn2_MN_taligned_K_taligned|steel_gemm_splitk_accum_bfloat16_float32|custom_kernel_laguna_prefill_router_tournament_ordinal_norm_v1_bfloat16_t_float_uint32_t_float|custom_kernel_mlx_lm_route_csort_scatter_fused_m8_u32_v4_uint32_t_uint32_t_uint32_t_uint32_t|gather_frontbfloat16_uint32_int_2|arangeuint32|nvfp4_gather_qmm_rhs_nt_bfloat16_t_gs_16_b_4_bm_16_bn_32_bk_32_wm_1_wn_2_align_M_t_align_N_t_align_K_t|nvfp4_qmm_t_splitk_fused_bfloat16_t_gs_16_b_4_alN_true|nvfp4_qmm_t_splitk_fused_bfloat16_t_gs_16_b_4_alN_true|g2_copybfloat16bfloat16|g2_copybfloat16bfloat16|CV2ISigmoidADV2IBroadcastACEV2IBroadcastCAFV2IMultiplyDEGV2IBroadcastFBHV2IBroadcastBFIV2OMultiplyGH_VV_V2V2_11160318154034397263_contiguous|arangeuint32|CV2ISigmoidADV2IBroadcastACEV2IBroadcastCAFV2IMultiplyDEGV2IBroadcastFBHV2IBroadcastBFIV2OMultiplyGH_VV_V2V2_11160318154034397263_contiguous|nvfp4_qmm_t_bfloat16_t_gs_16_b_4_alN_true_batch_0|nvfp4_gather_qmm_rhs_nt_bfloat16_t_gs_16_b_4_bm_16_bn_32_bk_32_wm_1_wn_2_align_M_t_align_N_t_align_K_t
GPUPROF 187992.945754250 187992.945831250 1 23101440 custom_kernel_laguna_prefill_sorted_moe_tail_bf16_v1_bfloat16_t_uint32_t_float_bfloat16_t_bfloat16_t_bfloat16_t
GPUPROF 187992.945832042 187992.960266250 30 636347908 rmsbfloat16|steel_gemm_splitk_nt_bfloat16_float32_bm32_bn32_bk16_wm2_wn2_MN_taligned_K_taligned|steel_gemm_splitk_accum_bfloat16_float32|steel_gemm_splitk_nt_bfloat16_float32_bm32_bn32_bk16_wm2_wn2_MN_taligned_K_taligned|steel_gemm_splitk_accum_bfloat16_float32|steel_gemm_fused_nt_bfloat16_bfloat16_bm64_bn64_bk16_wm2_wn2_has_batch_n_use_out_source_n_do_axpby_n_align_M_t_align_N_t_align_K_t|steel_gemm_splitk_nt_bfloat16_float32_bm32_bn32_bk16_wm2_wn2_MN_taligned_K_taligned|steel_gemm_splitk_accum_bfloat16_float32|custom_kernel_laguna_prefill_sliding_qk_norm_rope_bf16_128_h1_v2_bfloat16_t_bfloat16_t_bfloat16_t_bfloat16_t_float_int32_tc_bfloat16_t_bfloat16_t|steel_attention_bfloat16_bq32_bk16_bd128_wm4_wn1_maskbfloat16_align_Q_t_align_K_t_has_mask_n_do_causal_t_has_sinks_n|Cf4IAsTypeADf4IBroadcastCBEf4IBroadcastBCFf4ILogAddExpDEGV2OAsTypeF_VC_V2_10408321403207385874_contiguous|g2_Multiplybfloat16|steel_gemm_fused_nt_bfloat16_bfloat16_bm64_bn64_bk16_wm2_wn2_has_batch_n_use_out_source_n_do_axpby_n_align_M_t_align_N_t_align_K_t|custom_kernel_laguna_residual_rms_bf16_2048_v1_bfloat16_t_bfloat16_t_bfloat16_t_bfloat16_t_bfloat16_t|steel_gemm_splitk_nt_bfloat16_float32_bm32_bn32_bk16_wm2_wn2_MN_taligned_K_taligned|steel_gemm_splitk_accum_bfloat16_float32|custom_kernel_laguna_prefill_router_tournament_ordinal_norm_v1_bfloat16_t_float_uint32_t_float|custom_kernel_mlx_lm_route_csort_scatter_fused_m8_u32_v4_uint32_t_uint32_t_uint32_t_uint32_t|gather_frontbfloat16_uint32_int_2|arangeuint32|nvfp4_gather_qmm_rhs_nt_bfloat16_t_gs_16_b_4_bm_16_bn_32_bk_32_wm_1_wn_2_align_M_t_align_N_t_align_K_t|nvfp4_qmm_t_splitk_fused_bfloat16_t_gs_16_b_4_alN_true|nvfp4_qmm_t_splitk_fused_bfloat16_t_gs_16_b_4_alN_true|g2_copybfloat16bfloat16|g2_copybfloat16bfloat16|CV2ISigmoidADV2IBroadcastACEV2IBroadcastCAFV2IMultiplyDEGV2IBroadcastFBHV2IBroadcastBFIV2OMultiplyGH_VV_V2V2_11160318154034397263_contiguous|arangeuint32|CV2ISigmoidADV2IBroadcastACEV2IBroadcastCAFV2IMultiplyDEGV2IBroadcastFBHV2IBroadcastBFIV2OMultiplyGH_VV_V2V2_11160318154034397263_contiguous|nvfp4_qmm_t_bfloat16_t_gs_16_b_4_alN_true_batch_0|nvfp4_gather_qmm_rhs_nt_bfloat16_t_gs_16_b_4_bm_16_bn_32_bk_32_wm_1_wn_2_align_M_t_align_N_t_align_K_t
GPUPROF 187992.960267000 187992.960343625 1 23101440 custom_kernel_laguna_prefill_sorted_moe_tail_bf16_v1_bfloat16_t_uint32_t_float_bfloat16_t_bfloat16_t_bfloat16_t
GPUPROF 187992.960344375 187992.974833625 30 636347908 rmsbfloat16|steel_gemm_splitk_nt_bfloat16_float32_bm32_bn32_bk16_wm2_wn2_MN_taligned_K_taligned|steel_gemm_splitk_accum_bfloat16_float32|steel_gemm_splitk_nt_bfloat16_float32_bm32_bn32_bk16_wm2_wn2_MN_taligned_K_taligned|steel_gemm_splitk_accum_bfloat16_float32|steel_gemm_fused_nt_bfloat16_bfloat16_bm64_bn64_bk16_wm2_wn2_has_batch_n_use_out_source_n_do_axpby_n_align_M_t_align_N_t_align_K_t|steel_gemm_splitk_nt_bfloat16_float32_bm32_bn32_bk16_wm2_wn2_MN_taligned_K_taligned|steel_gemm_splitk_accum_bfloat16_float32|custom_kernel_laguna_prefill_sliding_qk_norm_rope_bf16_128_h1_v2_bfloat16_t_bfloat16_t_bfloat16_t_bfloat16_t_float_int32_tc_bfloat16_t_bfloat16_t|steel_attention_bfloat16_bq32_bk16_bd128_wm4_wn1_maskbfloat16_align_Q_t_align_K_t_has_mask_n_do_causal_t_has_sinks_n|Cf4IAsTypeADf4IBroadcastCBEf4IBroadcastBCFf4ILogAddExpDEGV2OAsTypeF_VC_V2_10408321403207385874_contiguous|g2_Multiplybfloat16|steel_gemm_fused_nt_bfloat16_bfloat16_bm64_bn64_bk16_wm2_wn2_has_batch_n_use_out_source_n_do_axpby_n_align_M_t_align_N_t_align_K_t|custom_kernel_laguna_residual_rms_bf16_2048_v1_bfloat16_t_bfloat16_t_bfloat16_t_bfloat16_t_bfloat16_t|steel_gemm_splitk_nt_bfloat16_float32_bm32_bn32_bk16_wm2_wn2_MN_taligned_K_taligned|steel_gemm_splitk_accum_bfloat16_float32|custom_kernel_laguna_prefill_router_tournament_ordinal_norm_v1_bfloat16_t_float_uint32_t_float|custom_kernel_mlx_lm_route_csort_scatter_fused_m8_u32_v4_uint32_t_uint32_t_uint32_t_uint32_t|gather_frontbfloat16_uint32_int_2|arangeuint32|nvfp4_gather_qmm_rhs_nt_bfloat16_t_gs_16_b_4_bm_16_bn_32_bk_32_wm_1_wn_2_align_M_t_align_N_t_align_K_t|nvfp4_qmm_t_splitk_fused_bfloat16_t_gs_16_b_4_alN_true|nvfp4_qmm_t_splitk_fused_bfloat16_t_gs_16_b_4_alN_true|g2_copybfloat16bfloat16|g2_copybfloat16bfloat16|CV2ISigmoidADV2IBroadcastACEV2IBroadcastCAFV2IMultiplyDEGV2IBroadcastFBHV2IBroadcastBFIV2OMultiplyGH_VV_V2V2_11160318154034397263_contiguous|arangeuint32|CV2ISigmoidADV2IBroadcastACEV2IBroadcastCAFV2IMultiplyDEGV2IBroadcastFBHV2IBroadcastBFIV2OMultiplyGH_VV_V2V2_11160318154034397263_contiguous|nvfp4_qmm_t_bfloat16_t_gs_16_b_4_alN_true_batch_0|nvfp4_gather_qmm_rhs_nt_bfloat16_t_gs_16_b_4_bm_16_bn_32_bk_32_wm_1_wn_2_align_M_t_align_N_t_align_K_t
GPUPROF 187992.974851750 187992.974928667 1 23101440 custom_kernel_laguna_prefill_sorted_moe_tail_bf16_v1_bfloat16_t_uint32_t_float_bfloat16_t_bfloat16_t_bfloat16_t
GPUPROF 187992.974929417 187992.989295417 30 636347908 rmsbfloat16|steel_gemm_splitk_nt_bfloat16_float32_bm32_bn32_bk16_wm2_wn2_MN_taligned_K_taligned|steel_gemm_splitk_accum_bfloat16_float32|steel_gemm_splitk_nt_bfloat16_float32_bm32_bn32_bk16_wm2_wn2_MN_taligned_K_taligned|steel_gemm_splitk_accum_bfloat16_float32|steel_gemm_fused_nt_bfloat16_bfloat16_bm64_bn64_bk16_wm2_wn2_has_batch_n_use_out_source_n_do_axpby_n_align_M_t_align_N_t_align_K_t|steel_gemm_splitk_nt_bfloat16_float32_bm32_bn32_bk16_wm2_wn2_MN_taligned_K_taligned|steel_gemm_splitk_accum_bfloat16_float32|custom_kernel_laguna_prefill_sliding_qk_norm_rope_bf16_128_h1_v2_bfloat16_t_bfloat16_t_bfloat16_t_bfloat16_t_float_int32_tc_bfloat16_t_bfloat16_t|steel_attention_bfloat16_bq32_bk16_bd128_wm4_wn1_maskbfloat16_align_Q_t_align_K_t_has_mask_n_do_causal_t_has_sinks_n|Cf4IAsTypeADf4IBroadcastCBEf4IBroadcastBCFf4ILogAddExpDEGV2OAsTypeF_VC_V2_10408321403207385874_contiguous|g2_Multiplybfloat16|steel_gemm_fused_nt_bfloat16_bfloat16_bm64_bn64_bk16_wm2_wn2_has_batch_n_use_out_source_n_do_axpby_n_align_M_t_align_N_t_align_K_t|custom_kernel_laguna_residual_rms_bf16_2048_v1_bfloat16_t_bfloat16_t_bfloat16_t_bfloat16_t_bfloat16_t|steel_gemm_splitk_nt_bfloat16_float32_bm32_bn32_bk16_wm2_wn2_MN_taligned_K_taligned|steel_gemm_splitk_accum_bfloat16_float32|custom_kernel_laguna_prefill_router_tournament_ordinal_norm_v1_bfloat16_t_float_uint32_t_float|custom_kernel_mlx_lm_route_csort_scatter_fused_m8_u32_v4_uint32_t_uint32_t_uint32_t_uint32_t|gather_frontbfloat16_uint32_int_2|arangeuint32|nvfp4_gather_qmm_rhs_nt_bfloat16_t_gs_16_b_4_bm_16_bn_32_bk_32_wm_1_wn_2_align_M_t_align_N_t_align_K_t|nvfp4_qmm_t_splitk_fused_bfloat16_t_gs_16_b_4_alN_true|nvfp4_qmm_t_splitk_fused_bfloat16_t_gs_16_b_4_alN_true|g2_copybfloat16bfloat16|g2_copybfloat16bfloat16|CV2ISigmoidADV2IBroadcastACEV2IBroadcastCAFV2IMultiplyDEGV2IBroadcastFBHV2IBroadcastBFIV2OMultiplyGH_VV_V2V2_11160318154034397263_contiguous|arangeuint32|CV2ISigmoidADV2IBroadcastACEV2IBroadcastCAFV2IMultiplyDEGV2IBroadcastFBHV2IBroadcastBFIV2OMultiplyGH_VV_V2V2_11160318154034397263_contiguous|nvfp4_qmm_t_bfloat16_t_gs_16_b_4_alN_true_batch_0|nvfp4_gather_qmm_rhs_nt_bfloat16_t_gs_16_b_4_bm_16_bn_32_bk_32_wm_1_wn_2_align_M_t_align_N_t_align_K_t
GPUPROF 187992.989296250 187992.989373625 1 23101440 custom_kernel_laguna_prefill_sorted_moe_tail_bf16_v1_bfloat16_t_uint32_t_float_bfloat16_t_bfloat16_t_bfloat16_t
GPUPROF 187992.989374417 187993.002321500 30 612017668 rmsbfloat16|steel_gemm_splitk_nt_bfloat16_float32_bm32_bn32_bk16_wm2_wn2_MN_taligned_K_taligned|steel_gemm_splitk_accum_bfloat16_float32|steel_gemm_splitk_nt_bfloat16_float32_bm32_bn32_bk16_wm2_wn2_MN_taligned_K_taligned|steel_gemm_splitk_accum_bfloat16_float32|steel_gemm_fused_nt_bfloat16_bfloat16_bm64_bn64_bk16_wm2_wn2_has_batch_n_use_out_source_n_do_axpby_n_align_M_t_align_N_t_align_K_t|steel_gemm_splitk_nt_bfloat16_float32_bm32_bn32_bk16_wm2_wn2_MN_naligned_K_taligned|steel_gemm_splitk_accum_bfloat16_float32|custom_kernel_laguna_prefill_full_qk_norm_yarn_bf16_128_h1_v2_bfloat16_t_bfloat16_t_bfloat16_t_bfloat16_t_float_int32_tc_bfloat16_t_bfloat16_t|steel_attention_bfloat16_bq32_bk16_bd128_wm4_wn1_maskbfloat16_align_Q_t_align_K_t_has_mask_n_do_causal_t_has_sinks_n|Cf4IAsTypeADf4IBroadcastCBEf4IBroadcastBCFf4ILogAddExpDEGV2OAsTypeF_VC_V2_10408321403207385874_contiguous|g2_Multiplybfloat16|steel_gemm_fused_nt_bfloat16_bfloat16_bm64_bn64_bk16_wm2_wn2_has_batch_n_use_out_source_n_do_axpby_n_align_M_t_align_N_t_align_K_t|custom_kernel_laguna_residual_rms_bf16_2048_v1_bfloat16_t_bfloat16_t_bfloat16_t_bfloat16_t_bfloat16_t|steel_gemm_splitk_nt_bfloat16_float32_bm32_bn32_bk16_wm2_wn2_MN_taligned_K_taligned|steel_gemm_splitk_accum_bfloat16_float32|custom_kernel_laguna_prefill_router_tournament_ordinal_norm_v1_bfloat16_t_float_uint32_t_float|custom_kernel_mlx_lm_route_csort_scatter_fused_m8_u32_v4_uint32_t_uint32_t_uint32_t_uint32_t|gather_frontbfloat16_uint32_int_2|arangeuint32|nvfp4_gather_qmm_rhs_nt_bfloat16_t_gs_16_b_4_bm_16_bn_32_bk_32_wm_1_wn_2_align_M_t_align_N_t_align_K_t|nvfp4_qmm_t_splitk_fused_bfloat16_t_gs_16_b_4_alN_true|nvfp4_qmm_t_splitk_fused_bfloat16_t_gs_16_b_4_alN_true|g2_copybfloat16bfloat16|g2_copybfloat16bfloat16|CV2ISigmoidADV2IBroadcastACEV2IBroadcastCAFV2IMultiplyDEGV2IBroadcastFBHV2IBroadcastBFIV2OMultiplyGH_VV_V2V2_11160318154034397263_contiguous|arangeuint32|CV2ISigmoidADV2IBroadcastACEV2IBroadcastCAFV2IMultiplyDEGV2IBroadcastFBHV2IBroadcastBFIV2OMultiplyGH_VV_V2V2_11160318154034397263_contiguous|nvfp4_qmm_t_bfloat16_t_gs_16_b_4_alN_true_batch_0|nvfp4_gather_qmm_rhs_nt_bfloat16_t_gs_16_b_4_bm_16_bn_32_bk_32_wm_1_wn_2_align_M_t_align_N_t_align_K_t
GPUPROF 187993.002325125 187993.002401750 1 23101440 custom_kernel_laguna_prefill_sorted_moe_tail_bf16_v1_bfloat16_t_uint32_t_float_bfloat16_t_bfloat16_t_bfloat16_t
GPUPROF 187993.002402542 187993.016708167 30 636347908 rmsbfloat16|steel_gemm_splitk_nt_bfloat16_float32_bm32_bn32_bk16_wm2_wn2_MN_taligned_K_taligned|steel_gemm_splitk_accum_bfloat16_float32|steel_gemm_splitk_nt_bfloat16_float32_bm32_bn32_bk16_wm2_wn2_MN_taligned_K_taligned|steel_gemm_splitk_accum_bfloat16_float32|steel_gemm_fused_nt_bfloat16_bfloat16_bm64_bn64_bk16_wm2_wn2_has_batch_n_use_out_source_n_do_axpby_n_align_M_t_align_N_t_align_K_t|steel_gemm_splitk_nt_bfloat16_float32_bm32_bn32_bk16_wm2_wn2_MN_taligned_K_taligned|steel_gemm_splitk_accum_bfloat16_float32|custom_kernel_laguna_prefill_sliding_qk_norm_rope_bf16_128_h1_v2_bfloat16_t_bfloat16_t_bfloat16_t_bfloat16_t_float_int32_tc_bfloat16_t_bfloat16_t|steel_attention_bfloat16_bq32_bk16_bd128_wm4_wn1_maskbfloat16_align_Q_t_align_K_t_has_mask_n_do_causal_t_has_sinks_n|Cf4IAsTypeADf4IBroadcastCBEf4IBroadcastBCFf4ILogAddExpDEGV2OAsTypeF_VC_V2_10408321403207385874_contiguous|g2_Multiplybfloat16|steel_gemm_fused_nt_bfloat16_bfloat16_bm64_bn64_bk16_wm2_wn2_has_batch_n_use_out_source_n_do_axpby_n_align_M_t_align_N_t_align_K_t|custom_kernel_laguna_residual_rms_bf16_2048_v1_bfloat16_t_bfloat16_t_bfloat16_t_bfloat16_t_bfloat16_t|steel_gemm_splitk_nt_bfloat16_float32_bm32_bn32_bk16_wm2_wn2_MN_taligned_K_taligned|steel_gemm_splitk_accum_bfloat16_float32|custom_kernel_laguna_prefill_router_tournament_ordinal_norm_v1_bfloat16_t_float_uint32_t_float|custom_kernel_mlx_lm_route_csort_scatter_fused_m8_u32_v4_uint32_t_uint32_t_uint32_t_uint32_t|gather_frontbfloat16_uint32_int_2|arangeuint32|nvfp4_gather_qmm_rhs_nt_bfloat16_t_gs_16_b_4_bm_16_bn_32_bk_32_wm_1_wn_2_align_M_t_align_N_t_align_K_t|nvfp4_qmm_t_splitk_fused_bfloat16_t_gs_16_b_4_alN_true|nvfp4_qmm_t_splitk_fused_bfloat16_t_gs_16_b_4_alN_true|g2_copybfloat16bfloat16|g2_copybfloat16bfloat16|CV2ISigmoidADV2IBroadcastACEV2IBroadcastCAFV2IMultiplyDEGV2IBroadcastFBHV2IBroadcastBFIV2OMultiplyGH_VV_V2V2_11160318154034397263_contiguous|arangeuint32|CV2ISigmoidADV2IBroadcastACEV2IBroadcastCAFV2IMultiplyDEGV2IBroadcastFBHV2IBroadcastBFIV2OMultiplyGH_VV_V2V2_11160318154034397263_contiguous|nvfp4_qmm_t_bfloat16_t_gs_16_b_4_alN_true_batch_0|nvfp4_gather_qmm_rhs_nt_bfloat16_t_gs_16_b_4_bm_16_bn_32_bk_32_wm_1_wn_2_align_M_t_align_N_t_align_K_t
GPUPROF 187993.016709000 187993.016787000 1 23101440 custom_kernel_laguna_prefill_sorted_moe_tail_bf16_v1_bfloat16_t_uint32_t_float_bfloat16_t_bfloat16_t_bfloat16_t
GPUPROF 187993.016787792 187993.031038125 30 636347908 rmsbfloat16|steel_gemm_splitk_nt_bfloat16_float32_bm32_bn32_bk16_wm2_wn2_MN_taligned_K_taligned|steel_gemm_splitk_accum_bfloat16_float32|steel_gemm_splitk_nt_bfloat16_float32_bm32_bn32_bk16_wm2_wn2_MN_taligned_K_taligned|steel_gemm_splitk_accum_bfloat16_float32|steel_gemm_fused_nt_bfloat16_bfloat16_bm64_bn64_bk16_wm2_wn2_has_batch_n_use_out_source_n_do_axpby_n_align_M_t_align_N_t_align_K_t|steel_gemm_splitk_nt_bfloat16_float32_bm32_bn32_bk16_wm2_wn2_MN_taligned_K_taligned|steel_gemm_splitk_accum_bfloat16_float32|custom_kernel_laguna_prefill_sliding_qk_norm_rope_bf16_128_h1_v2_bfloat16_t_bfloat16_t_bfloat16_t_bfloat16_t_float_int32_tc_bfloat16_t_bfloat16_t|steel_attention_bfloat16_bq32_bk16_bd128_wm4_wn1_maskbfloat16_align_Q_t_align_K_t_has_mask_n_do_causal_t_has_sinks_n|Cf4IAsTypeADf4IBroadcastCBEf4IBroadcastBCFf4ILogAddExpDEGV2OAsTypeF_VC_V2_10408321403207385874_contiguous|g2_Multiplybfloat16|steel_gemm_fused_nt_bfloat16_bfloat16_bm64_bn64_bk16_wm2_wn2_has_batch_n_use_out_source_n_do_axpby_n_align_M_t_align_N_t_align_K_t|custom_kernel_laguna_residual_rms_bf16_2048_v1_bfloat16_t_bfloat16_t_bfloat16_t_bfloat16_t_bfloat16_t|steel_gemm_splitk_nt_bfloat16_float32_bm32_bn32_bk16_wm2_wn2_MN_taligned_K_taligned|steel_gemm_splitk_accum_bfloat16_float32|custom_kernel_laguna_prefill_router_tournament_ordinal_norm_v1_bfloat16_t_float_uint32_t_float|custom_kernel_mlx_lm_route_csort_scatter_fused_m8_u32_v4_uint32_t_uint32_t_uint32_t_uint32_t|gather_frontbfloat16_uint32_int_2|arangeuint32|nvfp4_gather_qmm_rhs_nt_bfloat16_t_gs_16_b_4_bm_16_bn_32_bk_32_wm_1_wn_2_align_M_t_align_N_t_align_K_t|nvfp4_qmm_t_splitk_fused_bfloat16_t_gs_16_b_4_alN_true|nvfp4_qmm_t_splitk_fused_bfloat16_t_gs_16_b_4_alN_true|g2_copybfloat16bfloat16|g2_copybfloat16bfloat16|CV2ISigmoidADV2IBroadcastACEV2IBroadcastCAFV2IMultiplyDEGV2IBroadcastFBHV2IBroadcastBFIV2OMultiplyGH_VV_V2V2_11160318154034397263_contiguous|arangeuint32|CV2ISigmoidADV2IBroadcastACEV2IBroadcastCAFV2IMultiplyDEGV2IBroadcastFBHV2IBroadcastBFIV2OMultiplyGH_VV_V2V2_11160318154034397263_contiguous|nvfp4_qmm_t_bfloat16_t_gs_16_b_4_alN_true_batch_0|nvfp4_gather_qmm_rhs_nt_bfloat16_t_gs_16_b_4_bm_16_bn_32_bk_32_wm_1_wn_2_align_M_t_align_N_t_align_K_t
GPUPROF 187993.031038917 187993.031118750 1 23101440 custom_kernel_laguna_prefill_sorted_moe_tail_bf16_v1_bfloat16_t_uint32_t_float_bfloat16_t_bfloat16_t_bfloat16_t
GPUPROF 187993.031119500 187993.045268000 30 636347908 rmsbfloat16|steel_gemm_splitk_nt_bfloat16_float32_bm32_bn32_bk16_wm2_wn2_MN_taligned_K_taligned|steel_gemm_splitk_accum_bfloat16_float32|steel_gemm_splitk_nt_bfloat16_float32_bm32_bn32_bk16_wm2_wn2_MN_taligned_K_taligned|steel_gemm_splitk_accum_bfloat16_float32|steel_gemm_fused_nt_bfloat16_bfloat16_bm64_bn64_bk16_wm2_wn2_has_batch_n_use_out_source_n_do_axpby_n_align_M_t_align_N_t_align_K_t|steel_gemm_splitk_nt_bfloat16_float32_bm32_bn32_bk16_wm2_wn2_MN_taligned_K_taligned|steel_gemm_splitk_accum_bfloat16_float32|custom_kernel_laguna_prefill_sliding_qk_norm_rope_bf16_128_h1_v2_bfloat16_t_bfloat16_t_bfloat16_t_bfloat16_t_float_int32_tc_bfloat16_t_bfloat16_t|steel_attention_bfloat16_bq32_bk16_bd128_wm4_wn1_maskbfloat16_align_Q_t_align_K_t_has_mask_n_do_causal_t_has_sinks_n|Cf4IAsTypeADf4IBroadcastCBEf4IBroadcastBCFf4ILogAddExpDEGV2OAsTypeF_VC_V2_10408321403207385874_contiguous|g2_Multiplybfloat16|steel_gemm_fused_nt_bfloat16_bfloat16_bm64_bn64_bk16_wm2_wn2_has_batch_n_use_out_source_n_do_axpby_n_align_M_t_align_N_t_align_K_t|custom_kernel_laguna_residual_rms_bf16_2048_v1_bfloat16_t_bfloat16_t_bfloat16_t_bfloat16_t_bfloat16_t|steel_gemm_splitk_nt_bfloat16_float32_bm32_bn32_bk16_wm2_wn2_MN_taligned_K_taligned|steel_gemm_splitk_accum_bfloat16_float32|custom_kernel_laguna_prefill_router_tournament_ordinal_norm_v1_bfloat16_t_float_uint32_t_float|custom_kernel_mlx_lm_route_csort_scatter_fused_m8_u32_v4_uint32_t_uint32_t_uint32_t_uint32_t|gather_frontbfloat16_uint32_int_2|arangeuint32|nvfp4_gather_qmm_rhs_nt_bfloat16_t_gs_16_b_4_bm_16_bn_32_bk_32_wm_1_wn_2_align_M_t_align_N_t_align_K_t|nvfp4_qmm_t_splitk_fused_bfloat16_t_gs_16_b_4_alN_true|nvfp4_qmm_t_splitk_fused_bfloat16_t_gs_16_b_4_alN_true|g2_copybfloat16bfloat16|g2_copybfloat16bfloat16|CV2ISigmoidADV2IBroadcastACEV2IBroadcastCAFV2IMultiplyDEGV2IBroadcastFBHV2IBroadcastBFIV2OMultiplyGH_VV_V2V2_11160318154034397263_contiguous|arangeuint32|CV2ISigmoidADV2IBroadcastACEV2IBroadcastCAFV2IMultiplyDEGV2IBroadcastFBHV2IBroadcastBFIV2OMultiplyGH_VV_V2V2_11160318154034397263_contiguous|nvfp4_qmm_t_bfloat16_t_gs_16_b_4_alN_true_batch_0|nvfp4_gather_qmm_rhs_nt_bfloat16_t_gs_16_b_4_bm_16_bn_32_bk_32_wm_1_wn_2_align_M_t_align_N_t_align_K_t
GPUPROF 187993.045268750 187993.045346000 1 23101440 custom_kernel_laguna_prefill_sorted_moe_tail_bf16_v1_bfloat16_t_uint32_t_float_bfloat16_t_bfloat16_t_bfloat16_t
GPUPROF 187993.045347000 187993.058048167 30 612017668 rmsbfloat16|steel_gemm_splitk_nt_bfloat16_float32_bm32_bn32_bk16_wm2_wn2_MN_taligned_K_taligned|steel_gemm_splitk_accum_bfloat16_float32|steel_gemm_splitk_nt_bfloat16_float32_bm32_bn32_bk16_wm2_wn2_MN_taligned_K_taligned|steel_gemm_splitk_accum_bfloat16_float32|steel_gemm_fused_nt_bfloat16_bfloat16_bm64_bn64_bk16_wm2_wn2_has_batch_n_use_out_source_n_do_axpby_n_align_M_t_align_N_t_align_K_t|steel_gemm_splitk_nt_bfloat16_float32_bm32_bn32_bk16_wm2_wn2_MN_naligned_K_taligned|steel_gemm_splitk_accum_bfloat16_float32|custom_kernel_laguna_prefill_full_qk_norm_yarn_bf16_128_h1_v2_bfloat16_t_bfloat16_t_bfloat16_t_bfloat16_t_float_int32_tc_bfloat16_t_bfloat16_t|steel_attention_bfloat16_bq32_bk16_bd128_wm4_wn1_maskbfloat16_align_Q_t_align_K_t_has_mask_n_do_causal_t_has_sinks_n|Cf4IAsTypeADf4IBroadcastCBEf4IBroadcastBCFf4ILogAddExpDEGV2OAsTypeF_VC_V2_10408321403207385874_contiguous|g2_Multiplybfloat16|steel_gemm_fused_nt_bfloat16_bfloat16_bm64_bn64_bk16_wm2_wn2_has_batch_n_use_out_source_n_do_axpby_n_align_M_t_align_N_t_align_K_t|custom_kernel_laguna_residual_rms_bf16_2048_v1_bfloat16_t_bfloat16_t_bfloat16_t_bfloat16_t_bfloat16_t|steel_gemm_splitk_nt_bfloat16_float32_bm32_bn32_bk16_wm2_wn2_MN_taligned_K_taligned|steel_gemm_splitk_accum_bfloat16_float32|custom_kernel_laguna_prefill_router_tournament_ordinal_norm_v1_bfloat16_t_float_uint32_t_float|custom_kernel_mlx_lm_route_csort_scatter_fused_m8_u32_v4_uint32_t_uint32_t_uint32_t_uint32_t|gather_frontbfloat16_uint32_int_2|arangeuint32|nvfp4_gather_qmm_rhs_nt_bfloat16_t_gs_16_b_4_bm_16_bn_32_bk_32_wm_1_wn_2_align_M_t_align_N_t_align_K_t|nvfp4_qmm_t_splitk_fused_bfloat16_t_gs_16_b_4_alN_true|nvfp4_qmm_t_splitk_fused_bfloat16_t_gs_16_b_4_alN_true|g2_copybfloat16bfloat16|g2_copybfloat16bfloat16|CV2ISigmoidADV2IBroadcastACEV2IBroadcastCAFV2IMultiplyDEGV2IBroadcastFBHV2IBroadcastBFIV2OMultiplyGH_VV_V2V2_11160318154034397263_contiguous|arangeuint32|CV2ISigmoidADV2IBroadcastACEV2IBroadcastCAFV2IMultiplyDEGV2IBroadcastFBHV2IBroadcastBFIV2OMultiplyGH_VV_V2V2_11160318154034397263_contiguous|nvfp4_qmm_t_bfloat16_t_gs_16_b_4_alN_true_batch_0|nvfp4_gather_qmm_rhs_nt_bfloat16_t_gs_16_b_4_bm_16_bn_32_bk_32_wm_1_wn_2_align_M_t_align_N_t_align_K_t
GPUPROF 187993.058051792 187993.058126667 1 23101440 custom_kernel_laguna_prefill_sorted_moe_tail_bf16_v1_bfloat16_t_uint32_t_float_bfloat16_t_bfloat16_t_bfloat16_t
GPUPROF 187993.058127500 187993.072065750 30 636347908 rmsbfloat16|steel_gemm_splitk_nt_bfloat16_float32_bm32_bn32_bk16_wm2_wn2_MN_taligned_K_taligned|steel_gemm_splitk_accum_bfloat16_float32|steel_gemm_splitk_nt_bfloat16_float32_bm32_bn32_bk16_wm2_wn2_MN_taligned_K_taligned|steel_gemm_splitk_accum_bfloat16_float32|steel_gemm_fused_nt_bfloat16_bfloat16_bm64_bn64_bk16_wm2_wn2_has_batch_n_use_out_source_n_do_axpby_n_align_M_t_align_N_t_align_K_t|steel_gemm_splitk_nt_bfloat16_float32_bm32_bn32_bk16_wm2_wn2_MN_taligned_K_taligned|steel_gemm_splitk_accum_bfloat16_float32|custom_kernel_laguna_prefill_sliding_qk_norm_rope_bf16_128_h1_v2_bfloat16_t_bfloat16_t_bfloat16_t_bfloat16_t_float_int32_tc_bfloat16_t_bfloat16_t|steel_attention_bfloat16_bq32_bk16_bd128_wm4_wn1_maskbfloat16_align_Q_t_align_K_t_has_mask_n_do_causal_t_has_sinks_n|Cf4IAsTypeADf4IBroadcastCBEf4IBroadcastBCFf4ILogAddExpDEGV2OAsTypeF_VC_V2_10408321403207385874_contiguous|g2_Multiplybfloat16|steel_gemm_fused_nt_bfloat16_bfloat16_bm64_bn64_bk16_wm2_wn2_has_batch_n_use_out_source_n_do_axpby_n_align_M_t_align_N_t_align_K_t|custom_kernel_laguna_residual_rms_bf16_2048_v1_bfloat16_t_bfloat16_t_bfloat16_t_bfloat16_t_bfloat16_t|steel_gemm_splitk_nt_bfloat16_float32_bm32_bn32_bk16_wm2_wn2_MN_taligned_K_taligned|steel_gemm_splitk_accum_bfloat16_float32|custom_kernel_laguna_prefill_router_tournament_ordinal_norm_v1_bfloat16_t_float_uint32_t_float|custom_kernel_mlx_lm_route_csort_scatter_fused_m8_u32_v4_uint32_t_uint32_t_uint32_t_uint32_t|gather_frontbfloat16_uint32_int_2|arangeuint32|nvfp4_gather_qmm_rhs_nt_bfloat16_t_gs_16_b_4_bm_16_bn_32_bk_32_wm_1_wn_2_align_M_t_align_N_t_align_K_t|nvfp4_qmm_t_splitk_fused_bfloat16_t_gs_16_b_4_alN_true|nvfp4_qmm_t_splitk_fused_bfloat16_t_gs_16_b_4_alN_true|g2_copybfloat16bfloat16|g2_copybfloat16bfloat16|CV2ISigmoidADV2IBroadcastACEV2IBroadcastCAFV2IMultiplyDEGV2IBroadcastFBHV2IBroadcastBFIV2OMultiplyGH_VV_V2V2_11160318154034397263_contiguous|arangeuint32|CV2ISigmoidADV2IBroadcastACEV2IBroadcastCAFV2IMultiplyDEGV2IBroadcastFBHV2IBroadcastBFIV2OMultiplyGH_VV_V2V2_11160318154034397263_contiguous|nvfp4_qmm_t_bfloat16_t_gs_16_b_4_alN_true_batch_0|nvfp4_gather_qmm_rhs_nt_bfloat16_t_gs_16_b_4_bm_16_bn_32_bk_32_wm_1_wn_2_align_M_t_align_N_t_align_K_t
GPUPROF 187993.072066500 187993.072147375 1 23101440 custom_kernel_laguna_prefill_sorted_moe_tail_bf16_v1_bfloat16_t_uint32_t_float_bfloat16_t_bfloat16_t_bfloat16_t
GPUPROF 187993.072148125 187993.086280250 30 636347908 rmsbfloat16|steel_gemm_splitk_nt_bfloat16_float32_bm32_bn32_bk16_wm2_wn2_MN_taligned_K_taligned|steel_gemm_splitk_accum_bfloat16_float32|steel_gemm_splitk_nt_bfloat16_float32_bm32_bn32_bk16_wm2_wn2_MN_taligned_K_taligned|steel_gemm_splitk_accum_bfloat16_float32|steel_gemm_fused_nt_bfloat16_bfloat16_bm64_bn64_bk16_wm2_wn2_has_batch_n_use_out_source_n_do_axpby_n_align_M_t_align_N_t_align_K_t|steel_gemm_splitk_nt_bfloat16_float32_bm32_bn32_bk16_wm2_wn2_MN_taligned_K_taligned|steel_gemm_splitk_accum_bfloat16_float32|custom_kernel_laguna_prefill_sliding_qk_norm_rope_bf16_128_h1_v2_bfloat16_t_bfloat16_t_bfloat16_t_bfloat16_t_float_int32_tc_bfloat16_t_bfloat16_t|steel_attention_bfloat16_bq32_bk16_bd128_wm4_wn1_maskbfloat16_align_Q_t_align_K_t_has_mask_n_do_causal_t_has_sinks_n|Cf4IAsTypeADf4IBroadcastCBEf4IBroadcastBCFf4ILogAddExpDEGV2OAsTypeF_VC_V2_10408321403207385874_contiguous|g2_Multiplybfloat16|steel_gemm_fused_nt_bfloat16_bfloat16_bm64_bn64_bk16_wm2_wn2_has_batch_n_use_out_source_n_do_axpby_n_align_M_t_align_N_t_align_K_t|custom_kernel_laguna_residual_rms_bf16_2048_v1_bfloat16_t_bfloat16_t_bfloat16_t_bfloat16_t_bfloat16_t|steel_gemm_splitk_nt_bfloat16_float32_bm32_bn32_bk16_wm2_wn2_MN_taligned_K_taligned|steel_gemm_splitk_accum_bfloat16_float32|custom_kernel_laguna_prefill_router_tournament_ordinal_norm_v1_bfloat16_t_float_uint32_t_float|custom_kernel_mlx_lm_route_csort_scatter_fused_m8_u32_v4_uint32_t_uint32_t_uint32_t_uint32_t|gather_frontbfloat16_uint32_int_2|arangeuint32|nvfp4_gather_qmm_rhs_nt_bfloat16_t_gs_16_b_4_bm_16_bn_32_bk_32_wm_1_wn_2_align_M_t_align_N_t_align_K_t|nvfp4_qmm_t_splitk_fused_bfloat16_t_gs_16_b_4_alN_true|nvfp4_qmm_t_splitk_fused_bfloat16_t_gs_16_b_4_alN_true|g2_copybfloat16bfloat16|g2_copybfloat16bfloat16|CV2ISigmoidADV2IBroadcastACEV2IBroadcastCAFV2IMultiplyDEGV2IBroadcastFBHV2IBroadcastBFIV2OMultiplyGH_VV_V2V2_11160318154034397263_contiguous|arangeuint32|CV2ISigmoidADV2IBroadcastACEV2IBroadcastCAFV2IMultiplyDEGV2IBroadcastFBHV2IBroadcastBFIV2OMultiplyGH_VV_V2V2_11160318154034397263_contiguous|nvfp4_qmm_t_bfloat16_t_gs_16_b_4_alN_true_batch_0|nvfp4_gather_qmm_rhs_nt_bfloat16_t_gs_16_b_4_bm_16_bn_32_bk_32_wm_1_wn_2_align_M_t_align_N_t_align_K_t
GPUPROF 187993.086281000 187993.086360500 1 23101440 custom_kernel_laguna_prefill_sorted_moe_tail_bf16_v1_bfloat16_t_uint32_t_float_bfloat16_t_bfloat16_t_bfloat16_t
GPUPROF 187993.086361250 187993.100375750 30 636347908 rmsbfloat16|steel_gemm_splitk_nt_bfloat16_float32_bm32_bn32_bk16_wm2_wn2_MN_taligned_K_taligned|steel_gemm_splitk_accum_bfloat16_float32|steel_gemm_splitk_nt_bfloat16_float32_bm32_bn32_bk16_wm2_wn2_MN_taligned_K_taligned|steel_gemm_splitk_accum_bfloat16_float32|steel_gemm_fused_nt_bfloat16_bfloat16_bm64_bn64_bk16_wm2_wn2_has_batch_n_use_out_source_n_do_axpby_n_align_M_t_align_N_t_align_K_t|steel_gemm_splitk_nt_bfloat16_float32_bm32_bn32_bk16_wm2_wn2_MN_taligned_K_taligned|steel_gemm_splitk_accum_bfloat16_float32|custom_kernel_laguna_prefill_sliding_qk_norm_rope_bf16_128_h1_v2_bfloat16_t_bfloat16_t_bfloat16_t_bfloat16_t_float_int32_tc_bfloat16_t_bfloat16_t|steel_attention_bfloat16_bq32_bk16_bd128_wm4_wn1_maskbfloat16_align_Q_t_align_K_t_has_mask_n_do_causal_t_has_sinks_n|Cf4IAsTypeADf4IBroadcastCBEf4IBroadcastBCFf4ILogAddExpDEGV2OAsTypeF_VC_V2_10408321403207385874_contiguous|g2_Multiplybfloat16|steel_gemm_fused_nt_bfloat16_bfloat16_bm64_bn64_bk16_wm2_wn2_has_batch_n_use_out_source_n_do_axpby_n_align_M_t_align_N_t_align_K_t|custom_kernel_laguna_residual_rms_bf16_2048_v1_bfloat16_t_bfloat16_t_bfloat16_t_bfloat16_t_bfloat16_t|steel_gemm_splitk_nt_bfloat16_float32_bm32_bn32_bk16_wm2_wn2_MN_taligned_K_taligned|steel_gemm_splitk_accum_bfloat16_float32|custom_kernel_laguna_prefill_router_tournament_ordinal_norm_v1_bfloat16_t_float_uint32_t_float|custom_kernel_mlx_lm_route_csort_scatter_fused_m8_u32_v4_uint32_t_uint32_t_uint32_t_uint32_t|gather_frontbfloat16_uint32_int_2|arangeuint32|nvfp4_gather_qmm_rhs_nt_bfloat16_t_gs_16_b_4_bm_16_bn_32_bk_32_wm_1_wn_2_align_M_t_align_N_t_align_K_t|nvfp4_qmm_t_splitk_fused_bfloat16_t_gs_16_b_4_alN_true|nvfp4_qmm_t_splitk_fused_bfloat16_t_gs_16_b_4_alN_true|g2_copybfloat16bfloat16|g2_copybfloat16bfloat16|CV2ISigmoidADV2IBroadcastACEV2IBroadcastCAFV2IMultiplyDEGV2IBroadcastFBHV2IBroadcastBFIV2OMultiplyGH_VV_V2V2_11160318154034397263_contiguous|arangeuint32|CV2ISigmoidADV2IBroadcastACEV2IBroadcastCAFV2IMultiplyDEGV2IBroadcastFBHV2IBroadcastBFIV2OMultiplyGH_VV_V2V2_11160318154034397263_contiguous|nvfp4_qmm_t_bfloat16_t_gs_16_b_4_alN_true_batch_0|nvfp4_gather_qmm_rhs_nt_bfloat16_t_gs_16_b_4_bm_16_bn_32_bk_32_wm_1_wn_2_align_M_t_align_N_t_align_K_t
GPUPROF 187993.100376542 187993.100453917 1 23101440 custom_kernel_laguna_prefill_sorted_moe_tail_bf16_v1_bfloat16_t_uint32_t_float_bfloat16_t_bfloat16_t_bfloat16_t
GPUPROF 187993.100454750 187993.113002042 30 612017668 rmsbfloat16|steel_gemm_splitk_nt_bfloat16_float32_bm32_bn32_bk16_wm2_wn2_MN_taligned_K_taligned|steel_gemm_splitk_accum_bfloat16_float32|steel_gemm_splitk_nt_bfloat16_float32_bm32_bn32_bk16_wm2_wn2_MN_taligned_K_taligned|steel_gemm_splitk_accum_bfloat16_float32|steel_gemm_fused_nt_bfloat16_bfloat16_bm64_bn64_bk16_wm2_wn2_has_batch_n_use_out_source_n_do_axpby_n_align_M_t_align_N_t_align_K_t|steel_gemm_splitk_nt_bfloat16_float32_bm32_bn32_bk16_wm2_wn2_MN_naligned_K_taligned|steel_gemm_splitk_accum_bfloat16_float32|custom_kernel_laguna_prefill_full_qk_norm_yarn_bf16_128_h1_v2_bfloat16_t_bfloat16_t_bfloat16_t_bfloat16_t_float_int32_tc_bfloat16_t_bfloat16_t|steel_attention_bfloat16_bq32_bk16_bd128_wm4_wn1_maskbfloat16_align_Q_t_align_K_t_has_mask_n_do_causal_t_has_sinks_n|Cf4IAsTypeADf4IBroadcastCBEf4IBroadcastBCFf4ILogAddExpDEGV2OAsTypeF_VC_V2_10408321403207385874_contiguous|g2_Multiplybfloat16|steel_gemm_fused_nt_bfloat16_bfloat16_bm64_bn64_bk16_wm2_wn2_has_batch_n_use_out_source_n_do_axpby_n_align_M_t_align_N_t_align_K_t|custom_kernel_laguna_residual_rms_bf16_2048_v1_bfloat16_t_bfloat16_t_bfloat16_t_bfloat16_t_bfloat16_t|steel_gemm_splitk_nt_bfloat16_float32_bm32_bn32_bk16_wm2_wn2_MN_taligned_K_taligned|steel_gemm_splitk_accum_bfloat16_float32|custom_kernel_laguna_prefill_router_tournament_ordinal_norm_v1_bfloat16_t_float_uint32_t_float|custom_kernel_mlx_lm_route_csort_scatter_fused_m8_u32_v4_uint32_t_uint32_t_uint32_t_uint32_t|gather_frontbfloat16_uint32_int_2|arangeuint32|nvfp4_gather_qmm_rhs_nt_bfloat16_t_gs_16_b_4_bm_16_bn_32_bk_32_wm_1_wn_2_align_M_t_align_N_t_align_K_t|nvfp4_qmm_t_splitk_fused_bfloat16_t_gs_16_b_4_alN_true|nvfp4_qmm_t_splitk_fused_bfloat16_t_gs_16_b_4_alN_true|g2_copybfloat16bfloat16|g2_copybfloat16bfloat16|CV2ISigmoidADV2IBroadcastACEV2IBroadcastCAFV2IMultiplyDEGV2IBroadcastFBHV2IBroadcastBFIV2OMultiplyGH_VV_V2V2_11160318154034397263_contiguous|arangeuint32|CV2ISigmoidADV2IBroadcastACEV2IBroadcastCAFV2IMultiplyDEGV2IBroadcastFBHV2IBroadcastBFIV2OMultiplyGH_VV_V2V2_11160318154034397263_contiguous|nvfp4_qmm_t_bfloat16_t_gs_16_b_4_alN_true_batch_0|nvfp4_gather_qmm_rhs_nt_bfloat16_t_gs_16_b_4_bm_16_bn_32_bk_32_wm_1_wn_2_align_M_t_align_N_t_align_K_t
GPUPROF 187993.113002875 187993.113080667 1 23101440 custom_kernel_laguna_prefill_sorted_moe_tail_bf16_v1_bfloat16_t_uint32_t_float_bfloat16_t_bfloat16_t_bfloat16_t
GPUPROF 187993.113081417 187993.126774792 30 636347908 rmsbfloat16|steel_gemm_splitk_nt_bfloat16_float32_bm32_bn32_bk16_wm2_wn2_MN_taligned_K_taligned|steel_gemm_splitk_accum_bfloat16_float32|steel_gemm_splitk_nt_bfloat16_float32_bm32_bn32_bk16_wm2_wn2_MN_taligned_K_taligned|steel_gemm_splitk_accum_bfloat16_float32|steel_gemm_fused_nt_bfloat16_bfloat16_bm64_bn64_bk16_wm2_wn2_has_batch_n_use_out_source_n_do_axpby_n_align_M_t_align_N_t_align_K_t|steel_gemm_splitk_nt_bfloat16_float32_bm32_bn32_bk16_wm2_wn2_MN_taligned_K_taligned|steel_gemm_splitk_accum_bfloat16_float32|custom_kernel_laguna_prefill_sliding_qk_norm_rope_bf16_128_h1_v2_bfloat16_t_bfloat16_t_bfloat16_t_bfloat16_t_float_int32_tc_bfloat16_t_bfloat16_t|steel_attention_bfloat16_bq32_bk16_bd128_wm4_wn1_maskbfloat16_align_Q_t_align_K_t_has_mask_n_do_causal_t_has_sinks_n|Cf4IAsTypeADf4IBroadcastCBEf4IBroadcastBCFf4ILogAddExpDEGV2OAsTypeF_VC_V2_10408321403207385874_contiguous|g2_Multiplybfloat16|steel_gemm_fused_nt_bfloat16_bfloat16_bm64_bn64_bk16_wm2_wn2_has_batch_n_use_out_source_n_do_axpby_n_align_M_t_align_N_t_align_K_t|custom_kernel_laguna_residual_rms_bf16_2048_v1_bfloat16_t_bfloat16_t_bfloat16_t_bfloat16_t_bfloat16_t|steel_gemm_splitk_nt_bfloat16_float32_bm32_bn32_bk16_wm2_wn2_MN_taligned_K_taligned|steel_gemm_splitk_accum_bfloat16_float32|custom_kernel_laguna_prefill_router_tournament_ordinal_norm_v1_bfloat16_t_float_uint32_t_float|custom_kernel_mlx_lm_route_csort_scatter_fused_m8_u32_v4_uint32_t_uint32_t_uint32_t_uint32_t|gather_frontbfloat16_uint32_int_2|arangeuint32|nvfp4_gather_qmm_rhs_nt_bfloat16_t_gs_16_b_4_bm_16_bn_32_bk_32_wm_1_wn_2_align_M_t_align_N_t_align_K_t|nvfp4_qmm_t_splitk_fused_bfloat16_t_gs_16_b_4_alN_true|nvfp4_qmm_t_splitk_fused_bfloat16_t_gs_16_b_4_alN_true|g2_copybfloat16bfloat16|g2_copybfloat16bfloat16|CV2ISigmoidADV2IBroadcastACEV2IBroadcastCAFV2IMultiplyDEGV2IBroadcastFBHV2IBroadcastBFIV2OMultiplyGH_VV_V2V2_11160318154034397263_contiguous|arangeuint32|CV2ISigmoidADV2IBroadcastACEV2IBroadcastCAFV2IMultiplyDEGV2IBroadcastFBHV2IBroadcastBFIV2OMultiplyGH_VV_V2V2_11160318154034397263_contiguous|nvfp4_qmm_t_bfloat16_t_gs_16_b_4_alN_true_batch_0|nvfp4_gather_qmm_rhs_nt_bfloat16_t_gs_16_b_4_bm_16_bn_32_bk_32_wm_1_wn_2_align_M_t_align_N_t_align_K_t
GPUPROF 187993.126778375 187993.126855875 1 23101440 custom_kernel_laguna_prefill_sorted_moe_tail_bf16_v1_bfloat16_t_uint32_t_float_bfloat16_t_bfloat16_t_bfloat16_t
GPUPROF 187993.126856625 187993.140390042 30 636347908 rmsbfloat16|steel_gemm_splitk_nt_bfloat16_float32_bm32_bn32_bk16_wm2_wn2_MN_taligned_K_taligned|steel_gemm_splitk_accum_bfloat16_float32|steel_gemm_splitk_nt_bfloat16_float32_bm32_bn32_bk16_wm2_wn2_MN_taligned_K_taligned|steel_gemm_splitk_accum_bfloat16_float32|steel_gemm_fused_nt_bfloat16_bfloat16_bm64_bn64_bk16_wm2_wn2_has_batch_n_use_out_source_n_do_axpby_n_align_M_t_align_N_t_align_K_t|steel_gemm_splitk_nt_bfloat16_float32_bm32_bn32_bk16_wm2_wn2_MN_taligned_K_taligned|steel_gemm_splitk_accum_bfloat16_float32|custom_kernel_laguna_prefill_sliding_qk_norm_rope_bf16_128_h1_v2_bfloat16_t_bfloat16_t_bfloat16_t_bfloat16_t_float_int32_tc_bfloat16_t_bfloat16_t|steel_attention_bfloat16_bq32_bk16_bd128_wm4_wn1_maskbfloat16_align_Q_t_align_K_t_has_mask_n_do_causal_t_has_sinks_n|Cf4IAsTypeADf4IBroadcastCBEf4IBroadcastBCFf4ILogAddExpDEGV2OAsTypeF_VC_V2_10408321403207385874_contiguous|g2_Multiplybfloat16|steel_gemm_fused_nt_bfloat16_bfloat16_bm64_bn64_bk16_wm2_wn2_has_batch_n_use_out_source_n_do_axpby_n_align_M_t_align_N_t_align_K_t|custom_kernel_laguna_residual_rms_bf16_2048_v1_bfloat16_t_bfloat16_t_bfloat16_t_bfloat16_t_bfloat16_t|steel_gemm_splitk_nt_bfloat16_float32_bm32_bn32_bk16_wm2_wn2_MN_taligned_K_taligned|steel_gemm_splitk_accum_bfloat16_float32|custom_kernel_laguna_prefill_router_tournament_ordinal_norm_v1_bfloat16_t_float_uint32_t_float|custom_kernel_mlx_lm_route_csort_scatter_fused_m8_u32_v4_uint32_t_uint32_t_uint32_t_uint32_t|gather_frontbfloat16_uint32_int_2|arangeuint32|nvfp4_gather_qmm_rhs_nt_bfloat16_t_gs_16_b_4_bm_16_bn_32_bk_32_wm_1_wn_2_align_M_t_align_N_t_align_K_t|nvfp4_qmm_t_splitk_fused_bfloat16_t_gs_16_b_4_alN_true|nvfp4_qmm_t_splitk_fused_bfloat16_t_gs_16_b_4_alN_true|g2_copybfloat16bfloat16|g2_copybfloat16bfloat16|CV2ISigmoidADV2IBroadcastACEV2IBroadcastCAFV2IMultiplyDEGV2IBroadcastFBHV2IBroadcastBFIV2OMultiplyGH_VV_V2V2_11160318154034397263_contiguous|arangeuint32|CV2ISigmoidADV2IBroadcastACEV2IBroadcastCAFV2IMultiplyDEGV2IBroadcastFBHV2IBroadcastBFIV2OMultiplyGH_VV_V2V2_11160318154034397263_contiguous|nvfp4_qmm_t_bfloat16_t_gs_16_b_4_alN_true_batch_0|nvfp4_gather_qmm_rhs_nt_bfloat16_t_gs_16_b_4_bm_16_bn_32_bk_32_wm_1_wn_2_align_M_t_align_N_t_align_K_t
GPUPROF 187993.140391000 187993.140470167 1 23101440 custom_kernel_laguna_prefill_sorted_moe_tail_bf16_v1_bfloat16_t_uint32_t_float_bfloat16_t_bfloat16_t_bfloat16_t
GPUPROF 187993.140470875 187993.153874542 30 636347908 rmsbfloat16|steel_gemm_splitk_nt_bfloat16_float32_bm32_bn32_bk16_wm2_wn2_MN_taligned_K_taligned|steel_gemm_splitk_accum_bfloat16_float32|steel_gemm_splitk_nt_bfloat16_float32_bm32_bn32_bk16_wm2_wn2_MN_taligned_K_taligned|steel_gemm_splitk_accum_bfloat16_float32|steel_gemm_fused_nt_bfloat16_bfloat16_bm64_bn64_bk16_wm2_wn2_has_batch_n_use_out_source_n_do_axpby_n_align_M_t_align_N_t_align_K_t|steel_gemm_splitk_nt_bfloat16_float32_bm32_bn32_bk16_wm2_wn2_MN_taligned_K_taligned|steel_gemm_splitk_accum_bfloat16_float32|custom_kernel_laguna_prefill_sliding_qk_norm_rope_bf16_128_h1_v2_bfloat16_t_bfloat16_t_bfloat16_t_bfloat16_t_float_int32_tc_bfloat16_t_bfloat16_t|steel_attention_bfloat16_bq32_bk16_bd128_wm4_wn1_maskbfloat16_align_Q_t_align_K_t_has_mask_n_do_causal_t_has_sinks_n|Cf4IAsTypeADf4IBroadcastCBEf4IBroadcastBCFf4ILogAddExpDEGV2OAsTypeF_VC_V2_10408321403207385874_contiguous|g2_Multiplybfloat16|steel_gemm_fused_nt_bfloat16_bfloat16_bm64_bn64_bk16_wm2_wn2_has_batch_n_use_out_source_n_do_axpby_n_align_M_t_align_N_t_align_K_t|custom_kernel_laguna_residual_rms_bf16_2048_v1_bfloat16_t_bfloat16_t_bfloat16_t_bfloat16_t_bfloat16_t|steel_gemm_splitk_nt_bfloat16_float32_bm32_bn32_bk16_wm2_wn2_MN_taligned_K_taligned|steel_gemm_splitk_accum_bfloat16_float32|custom_kernel_laguna_prefill_router_tournament_ordinal_norm_v1_bfloat16_t_float_uint32_t_float|custom_kernel_mlx_lm_route_csort_scatter_fused_m8_u32_v4_uint32_t_uint32_t_uint32_t_uint32_t|gather_frontbfloat16_uint32_int_2|arangeuint32|nvfp4_gather_qmm_rhs_nt_bfloat16_t_gs_16_b_4_bm_16_bn_32_bk_32_wm_1_wn_2_align_M_t_align_N_t_align_K_t|nvfp4_qmm_t_splitk_fused_bfloat16_t_gs_16_b_4_alN_true|nvfp4_qmm_t_splitk_fused_bfloat16_t_gs_16_b_4_alN_true|g2_copybfloat16bfloat16|g2_copybfloat16bfloat16|CV2ISigmoidADV2IBroadcastACEV2IBroadcastCAFV2IMultiplyDEGV2IBroadcastFBHV2IBroadcastBFIV2OMultiplyGH_VV_V2V2_11160318154034397263_contiguous|arangeuint32|CV2ISigmoidADV2IBroadcastACEV2IBroadcastCAFV2IMultiplyDEGV2IBroadcastFBHV2IBroadcastBFIV2OMultiplyGH_VV_V2V2_11160318154034397263_contiguous|nvfp4_qmm_t_bfloat16_t_gs_16_b_4_alN_true_batch_0|nvfp4_gather_qmm_rhs_nt_bfloat16_t_gs_16_b_4_bm_16_bn_32_bk_32_wm_1_wn_2_align_M_t_align_N_t_align_K_t
GPUPROF 187993.153875292 187993.153954292 1 23101440 custom_kernel_laguna_prefill_sorted_moe_tail_bf16_v1_bfloat16_t_uint32_t_float_bfloat16_t_bfloat16_t_bfloat16_t
GPUPROF 187993.153955042 187993.166193625 30 612017668 rmsbfloat16|steel_gemm_splitk_nt_bfloat16_float32_bm32_bn32_bk16_wm2_wn2_MN_taligned_K_taligned|steel_gemm_splitk_accum_bfloat16_float32|steel_gemm_splitk_nt_bfloat16_float32_bm32_bn32_bk16_wm2_wn2_MN_taligned_K_taligned|steel_gemm_splitk_accum_bfloat16_float32|steel_gemm_fused_nt_bfloat16_bfloat16_bm64_bn64_bk16_wm2_wn2_has_batch_n_use_out_source_n_do_axpby_n_align_M_t_align_N_t_align_K_t|steel_gemm_splitk_nt_bfloat16_float32_bm32_bn32_bk16_wm2_wn2_MN_naligned_K_taligned|steel_gemm_splitk_accum_bfloat16_float32|custom_kernel_laguna_prefill_full_qk_norm_yarn_bf16_128_h1_v2_bfloat16_t_bfloat16_t_bfloat16_t_bfloat16_t_float_int32_tc_bfloat16_t_bfloat16_t|steel_attention_bfloat16_bq32_bk16_bd128_wm4_wn1_maskbfloat16_align_Q_t_align_K_t_has_mask_n_do_causal_t_has_sinks_n|Cf4IAsTypeADf4IBroadcastCBEf4IBroadcastBCFf4ILogAddExpDEGV2OAsTypeF_VC_V2_10408321403207385874_contiguous|g2_Multiplybfloat16|steel_gemm_fused_nt_bfloat16_bfloat16_bm64_bn64_bk16_wm2_wn2_has_batch_n_use_out_source_n_do_axpby_n_align_M_t_align_N_t_align_K_t|custom_kernel_laguna_residual_rms_bf16_2048_v1_bfloat16_t_bfloat16_t_bfloat16_t_bfloat16_t_bfloat16_t|steel_gemm_splitk_nt_bfloat16_float32_bm32_bn32_bk16_wm2_wn2_MN_taligned_K_taligned|steel_gemm_splitk_accum_bfloat16_float32|custom_kernel_laguna_prefill_router_tournament_ordinal_norm_v1_bfloat16_t_float_uint32_t_float|custom_kernel_mlx_lm_route_csort_scatter_fused_m8_u32_v4_uint32_t_uint32_t_uint32_t_uint32_t|gather_frontbfloat16_uint32_int_2|arangeuint32|nvfp4_gather_qmm_rhs_nt_bfloat16_t_gs_16_b_4_bm_16_bn_32_bk_32_wm_1_wn_2_align_M_t_align_N_t_align_K_t|nvfp4_qmm_t_splitk_fused_bfloat16_t_gs_16_b_4_alN_true|nvfp4_qmm_t_splitk_fused_bfloat16_t_gs_16_b_4_alN_true|g2_copybfloat16bfloat16|g2_copybfloat16bfloat16|CV2ISigmoidADV2IBroadcastACEV2IBroadcastCAFV2IMultiplyDEGV2IBroadcastFBHV2IBroadcastBFIV2OMultiplyGH_VV_V2V2_11160318154034397263_contiguous|arangeuint32|CV2ISigmoidADV2IBroadcastACEV2IBroadcastCAFV2IMultiplyDEGV2IBroadcastFBHV2IBroadcastBFIV2OMultiplyGH_VV_V2V2_11160318154034397263_contiguous|nvfp4_qmm_t_bfloat16_t_gs_16_b_4_alN_true_batch_0|nvfp4_gather_qmm_rhs_nt_bfloat16_t_gs_16_b_4_bm_16_bn_32_bk_32_wm_1_wn_2_align_M_t_align_N_t_align_K_t
GPUPROF 187993.166194375 187993.166270792 1 23101440 custom_kernel_laguna_prefill_sorted_moe_tail_bf16_v1_bfloat16_t_uint32_t_float_bfloat16_t_bfloat16_t_bfloat16_t
GPUPROF 187993.166271542 187993.179808000 30 636347908 rmsbfloat16|steel_gemm_splitk_nt_bfloat16_float32_bm32_bn32_bk16_wm2_wn2_MN_taligned_K_taligned|steel_gemm_splitk_accum_bfloat16_float32|steel_gemm_splitk_nt_bfloat16_float32_bm32_bn32_bk16_wm2_wn2_MN_taligned_K_taligned|steel_gemm_splitk_accum_bfloat16_float32|steel_gemm_fused_nt_bfloat16_bfloat16_bm64_bn64_bk16_wm2_wn2_has_batch_n_use_out_source_n_do_axpby_n_align_M_t_align_N_t_align_K_t|steel_gemm_splitk_nt_bfloat16_float32_bm32_bn32_bk16_wm2_wn2_MN_taligned_K_taligned|steel_gemm_splitk_accum_bfloat16_float32|custom_kernel_laguna_prefill_sliding_qk_norm_rope_bf16_128_h1_v2_bfloat16_t_bfloat16_t_bfloat16_t_bfloat16_t_float_int32_tc_bfloat16_t_bfloat16_t|steel_attention_bfloat16_bq32_bk16_bd128_wm4_wn1_maskbfloat16_align_Q_t_align_K_t_has_mask_n_do_causal_t_has_sinks_n|Cf4IAsTypeADf4IBroadcastCBEf4IBroadcastBCFf4ILogAddExpDEGV2OAsTypeF_VC_V2_10408321403207385874_contiguous|g2_Multiplybfloat16|steel_gemm_fused_nt_bfloat16_bfloat16_bm64_bn64_bk16_wm2_wn2_has_batch_n_use_out_source_n_do_axpby_n_align_M_t_align_N_t_align_K_t|custom_kernel_laguna_residual_rms_bf16_2048_v1_bfloat16_t_bfloat16_t_bfloat16_t_bfloat16_t_bfloat16_t|steel_gemm_splitk_nt_bfloat16_float32_bm32_bn32_bk16_wm2_wn2_MN_taligned_K_taligned|steel_gemm_splitk_accum_bfloat16_float32|custom_kernel_laguna_prefill_router_tournament_ordinal_norm_v1_bfloat16_t_float_uint32_t_float|custom_kernel_mlx_lm_route_csort_scatter_fused_m8_u32_v4_uint32_t_uint32_t_uint32_t_uint32_t|gather_frontbfloat16_uint32_int_2|arangeuint32|nvfp4_gather_qmm_rhs_nt_bfloat16_t_gs_16_b_4_bm_16_bn_32_bk_32_wm_1_wn_2_align_M_t_align_N_t_align_K_t|nvfp4_qmm_t_splitk_fused_bfloat16_t_gs_16_b_4_alN_true|nvfp4_qmm_t_splitk_fused_bfloat16_t_gs_16_b_4_alN_true|g2_copybfloat16bfloat16|g2_copybfloat16bfloat16|CV2ISigmoidADV2IBroadcastACEV2IBroadcastCAFV2IMultiplyDEGV2IBroadcastFBHV2IBroadcastBFIV2OMultiplyGH_VV_V2V2_11160318154034397263_contiguous|arangeuint32|CV2ISigmoidADV2IBroadcastACEV2IBroadcastCAFV2IMultiplyDEGV2IBroadcastFBHV2IBroadcastBFIV2OMultiplyGH_VV_V2V2_11160318154034397263_contiguous|nvfp4_qmm_t_bfloat16_t_gs_16_b_4_alN_true_batch_0|nvfp4_gather_qmm_rhs_nt_bfloat16_t_gs_16_b_4_bm_16_bn_32_bk_32_wm_1_wn_2_align_M_t_align_N_t_align_K_t
GPUPROF 187993.179808792 187993.179886750 1 23101440 custom_kernel_laguna_prefill_sorted_moe_tail_bf16_v1_bfloat16_t_uint32_t_float_bfloat16_t_bfloat16_t_bfloat16_t
GPUPROF 187993.179887500 187993.193467792 30 636347908 rmsbfloat16|steel_gemm_splitk_nt_bfloat16_float32_bm32_bn32_bk16_wm2_wn2_MN_taligned_K_taligned|steel_gemm_splitk_accum_bfloat16_float32|steel_gemm_splitk_nt_bfloat16_float32_bm32_bn32_bk16_wm2_wn2_MN_taligned_K_taligned|steel_gemm_splitk_accum_bfloat16_float32|steel_gemm_fused_nt_bfloat16_bfloat16_bm64_bn64_bk16_wm2_wn2_has_batch_n_use_out_source_n_do_axpby_n_align_M_t_align_N_t_align_K_t|steel_gemm_splitk_nt_bfloat16_float32_bm32_bn32_bk16_wm2_wn2_MN_taligned_K_taligned|steel_gemm_splitk_accum_bfloat16_float32|custom_kernel_laguna_prefill_sliding_qk_norm_rope_bf16_128_h1_v2_bfloat16_t_bfloat16_t_bfloat16_t_bfloat16_t_float_int32_tc_bfloat16_t_bfloat16_t|steel_attention_bfloat16_bq32_bk16_bd128_wm4_wn1_maskbfloat16_align_Q_t_align_K_t_has_mask_n_do_causal_t_has_sinks_n|Cf4IAsTypeADf4IBroadcastCBEf4IBroadcastBCFf4ILogAddExpDEGV2OAsTypeF_VC_V2_10408321403207385874_contiguous|g2_Multiplybfloat16|steel_gemm_fused_nt_bfloat16_bfloat16_bm64_bn64_bk16_wm2_wn2_has_batch_n_use_out_source_n_do_axpby_n_align_M_t_align_N_t_align_K_t|custom_kernel_laguna_residual_rms_bf16_2048_v1_bfloat16_t_bfloat16_t_bfloat16_t_bfloat16_t_bfloat16_t|steel_gemm_splitk_nt_bfloat16_float32_bm32_bn32_bk16_wm2_wn2_MN_taligned_K_taligned|steel_gemm_splitk_accum_bfloat16_float32|custom_kernel_laguna_prefill_router_tournament_ordinal_norm_v1_bfloat16_t_float_uint32_t_float|custom_kernel_mlx_lm_route_csort_scatter_fused_m8_u32_v4_uint32_t_uint32_t_uint32_t_uint32_t|gather_frontbfloat16_uint32_int_2|arangeuint32|nvfp4_gather_qmm_rhs_nt_bfloat16_t_gs_16_b_4_bm_16_bn_32_bk_32_wm_1_wn_2_align_M_t_align_N_t_align_K_t|nvfp4_qmm_t_splitk_fused_bfloat16_t_gs_16_b_4_alN_true|nvfp4_qmm_t_splitk_fused_bfloat16_t_gs_16_b_4_alN_true|g2_copybfloat16bfloat16|g2_copybfloat16bfloat16|CV2ISigmoidADV2IBroadcastACEV2IBroadcastCAFV2IMultiplyDEGV2IBroadcastFBHV2IBroadcastBFIV2OMultiplyGH_VV_V2V2_11160318154034397263_contiguous|arangeuint32|CV2ISigmoidADV2IBroadcastACEV2IBroadcastCAFV2IMultiplyDEGV2IBroadcastFBHV2IBroadcastBFIV2OMultiplyGH_VV_V2V2_11160318154034397263_contiguous|nvfp4_qmm_t_bfloat16_t_gs_16_b_4_alN_true_batch_0|nvfp4_gather_qmm_rhs_nt_bfloat16_t_gs_16_b_4_bm_16_bn_32_bk_32_wm_1_wn_2_align_M_t_align_N_t_align_K_t
GPUPROF 187993.193468542 187993.193547250 1 23101440 custom_kernel_laguna_prefill_sorted_moe_tail_bf16_v1_bfloat16_t_uint32_t_float_bfloat16_t_bfloat16_t_bfloat16_t
GPUPROF 187993.193548125 187993.207214625 30 636347908 rmsbfloat16|steel_gemm_splitk_nt_bfloat16_float32_bm32_bn32_bk16_wm2_wn2_MN_taligned_K_taligned|steel_gemm_splitk_accum_bfloat16_float32|steel_gemm_splitk_nt_bfloat16_float32_bm32_bn32_bk16_wm2_wn2_MN_taligned_K_taligned|steel_gemm_splitk_accum_bfloat16_float32|steel_gemm_fused_nt_bfloat16_bfloat16_bm64_bn64_bk16_wm2_wn2_has_batch_n_use_out_source_n_do_axpby_n_align_M_t_align_N_t_align_K_t|steel_gemm_splitk_nt_bfloat16_float32_bm32_bn32_bk16_wm2_wn2_MN_taligned_K_taligned|steel_gemm_splitk_accum_bfloat16_float32|custom_kernel_laguna_prefill_sliding_qk_norm_rope_bf16_128_h1_v2_bfloat16_t_bfloat16_t_bfloat16_t_bfloat16_t_float_int32_tc_bfloat16_t_bfloat16_t|steel_attention_bfloat16_bq32_bk16_bd128_wm4_wn1_maskbfloat16_align_Q_t_align_K_t_has_mask_n_do_causal_t_has_sinks_n|Cf4IAsTypeADf4IBroadcastCBEf4IBroadcastBCFf4ILogAddExpDEGV2OAsTypeF_VC_V2_10408321403207385874_contiguous|g2_Multiplybfloat16|steel_gemm_fused_nt_bfloat16_bfloat16_bm64_bn64_bk16_wm2_wn2_has_batch_n_use_out_source_n_do_axpby_n_align_M_t_align_N_t_align_K_t|custom_kernel_laguna_residual_rms_bf16_2048_v1_bfloat16_t_bfloat16_t_bfloat16_t_bfloat16_t_bfloat16_t|steel_gemm_splitk_nt_bfloat16_float32_bm32_bn32_bk16_wm2_wn2_MN_taligned_K_taligned|steel_gemm_splitk_accum_bfloat16_float32|custom_kernel_laguna_prefill_router_tournament_ordinal_norm_v1_bfloat16_t_float_uint32_t_float|custom_kernel_mlx_lm_route_csort_scatter_fused_m8_u32_v4_uint32_t_uint32_t_uint32_t_uint32_t|gather_frontbfloat16_uint32_int_2|arangeuint32|nvfp4_gather_qmm_rhs_nt_bfloat16_t_gs_16_b_4_bm_16_bn_32_bk_32_wm_1_wn_2_align_M_t_align_N_t_align_K_t|nvfp4_qmm_t_splitk_fused_bfloat16_t_gs_16_b_4_alN_true|nvfp4_qmm_t_splitk_fused_bfloat16_t_gs_16_b_4_alN_true|g2_copybfloat16bfloat16|g2_copybfloat16bfloat16|CV2ISigmoidADV2IBroadcastACEV2IBroadcastCAFV2IMultiplyDEGV2IBroadcastFBHV2IBroadcastBFIV2OMultiplyGH_VV_V2V2_11160318154034397263_contiguous|arangeuint32|CV2ISigmoidADV2IBroadcastACEV2IBroadcastCAFV2IMultiplyDEGV2IBroadcastFBHV2IBroadcastBFIV2OMultiplyGH_VV_V2V2_11160318154034397263_contiguous|nvfp4_qmm_t_bfloat16_t_gs_16_b_4_alN_true_batch_0|nvfp4_gather_qmm_rhs_nt_bfloat16_t_gs_16_b_4_bm_16_bn_32_bk_32_wm_1_wn_2_align_M_t_align_N_t_align_K_t
GPUPROF 187993.207215375 187993.207291750 1 23101440 custom_kernel_laguna_prefill_sorted_moe_tail_bf16_v1_bfloat16_t_uint32_t_float_bfloat16_t_bfloat16_t_bfloat16_t
GPUPROF 187993.207292417 187993.219857792 30 612017668 rmsbfloat16|steel_gemm_splitk_nt_bfloat16_float32_bm32_bn32_bk16_wm2_wn2_MN_taligned_K_taligned|steel_gemm_splitk_accum_bfloat16_float32|steel_gemm_splitk_nt_bfloat16_float32_bm32_bn32_bk16_wm2_wn2_MN_taligned_K_taligned|steel_gemm_splitk_accum_bfloat16_float32|steel_gemm_fused_nt_bfloat16_bfloat16_bm64_bn64_bk16_wm2_wn2_has_batch_n_use_out_source_n_do_axpby_n_align_M_t_align_N_t_align_K_t|steel_gemm_splitk_nt_bfloat16_float32_bm32_bn32_bk16_wm2_wn2_MN_naligned_K_taligned|steel_gemm_splitk_accum_bfloat16_float32|custom_kernel_laguna_prefill_full_qk_norm_yarn_bf16_128_h1_v2_bfloat16_t_bfloat16_t_bfloat16_t_bfloat16_t_float_int32_tc_bfloat16_t_bfloat16_t|steel_attention_bfloat16_bq32_bk16_bd128_wm4_wn1_maskbfloat16_align_Q_t_align_K_t_has_mask_n_do_causal_t_has_sinks_n|Cf4IAsTypeADf4IBroadcastCBEf4IBroadcastBCFf4ILogAddExpDEGV2OAsTypeF_VC_V2_10408321403207385874_contiguous|g2_Multiplybfloat16|steel_gemm_fused_nt_bfloat16_bfloat16_bm64_bn64_bk16_wm2_wn2_has_batch_n_use_out_source_n_do_axpby_n_align_M_t_align_N_t_align_K_t|custom_kernel_laguna_residual_rms_bf16_2048_v1_bfloat16_t_bfloat16_t_bfloat16_t_bfloat16_t_bfloat16_t|steel_gemm_splitk_nt_bfloat16_float32_bm32_bn32_bk16_wm2_wn2_MN_taligned_K_taligned|steel_gemm_splitk_accum_bfloat16_float32|custom_kernel_laguna_prefill_router_tournament_ordinal_norm_v1_bfloat16_t_float_uint32_t_float|custom_kernel_mlx_lm_route_csort_scatter_fused_m8_u32_v4_uint32_t_uint32_t_uint32_t_uint32_t|gather_frontbfloat16_uint32_int_2|arangeuint32|nvfp4_gather_qmm_rhs_nt_bfloat16_t_gs_16_b_4_bm_16_bn_32_bk_32_wm_1_wn_2_align_M_t_align_N_t_align_K_t|nvfp4_qmm_t_splitk_fused_bfloat16_t_gs_16_b_4_alN_true|nvfp4_qmm_t_splitk_fused_bfloat16_t_gs_16_b_4_alN_true|g2_copybfloat16bfloat16|g2_copybfloat16bfloat16|CV2ISigmoidADV2IBroadcastACEV2IBroadcastCAFV2IMultiplyDEGV2IBroadcastFBHV2IBroadcastBFIV2OMultiplyGH_VV_V2V2_11160318154034397263_contiguous|arangeuint32|CV2ISigmoidADV2IBroadcastACEV2IBroadcastCAFV2IMultiplyDEGV2IBroadcastFBHV2IBroadcastBFIV2OMultiplyGH_VV_V2V2_11160318154034397263_contiguous|nvfp4_qmm_t_bfloat16_t_gs_16_b_4_alN_true_batch_0|nvfp4_gather_qmm_rhs_nt_bfloat16_t_gs_16_b_4_bm_16_bn_32_bk_32_wm_1_wn_2_align_M_t_align_N_t_align_K_t
GPUPROF 187993.219858625 187993.219936292 1 23101440 custom_kernel_laguna_prefill_sorted_moe_tail_bf16_v1_bfloat16_t_uint32_t_float_bfloat16_t_bfloat16_t_bfloat16_t
GPUPROF 187993.219937042 187993.234076625 30 636347908 rmsbfloat16|steel_gemm_splitk_nt_bfloat16_float32_bm32_bn32_bk16_wm2_wn2_MN_taligned_K_taligned|steel_gemm_splitk_accum_bfloat16_float32|steel_gemm_splitk_nt_bfloat16_float32_bm32_bn32_bk16_wm2_wn2_MN_taligned_K_taligned|steel_gemm_splitk_accum_bfloat16_float32|steel_gemm_fused_nt_bfloat16_bfloat16_bm64_bn64_bk16_wm2_wn2_has_batch_n_use_out_source_n_do_axpby_n_align_M_t_align_N_t_align_K_t|steel_gemm_splitk_nt_bfloat16_float32_bm32_bn32_bk16_wm2_wn2_MN_taligned_K_taligned|steel_gemm_splitk_accum_bfloat16_float32|custom_kernel_laguna_prefill_sliding_qk_norm_rope_bf16_128_h1_v2_bfloat16_t_bfloat16_t_bfloat16_t_bfloat16_t_float_int32_tc_bfloat16_t_bfloat16_t|steel_attention_bfloat16_bq32_bk16_bd128_wm4_wn1_maskbfloat16_align_Q_t_align_K_t_has_mask_n_do_causal_t_has_sinks_n|Cf4IAsTypeADf4IBroadcastCBEf4IBroadcastBCFf4ILogAddExpDEGV2OAsTypeF_VC_V2_10408321403207385874_contiguous|g2_Multiplybfloat16|steel_gemm_fused_nt_bfloat16_bfloat16_bm64_bn64_bk16_wm2_wn2_has_batch_n_use_out_source_n_do_axpby_n_align_M_t_align_N_t_align_K_t|custom_kernel_laguna_residual_rms_bf16_2048_v1_bfloat16_t_bfloat16_t_bfloat16_t_bfloat16_t_bfloat16_t|steel_gemm_splitk_nt_bfloat16_float32_bm32_bn32_bk16_wm2_wn2_MN_taligned_K_taligned|steel_gemm_splitk_accum_bfloat16_float32|custom_kernel_laguna_prefill_router_tournament_ordinal_norm_v1_bfloat16_t_float_uint32_t_float|custom_kernel_mlx_lm_route_csort_scatter_fused_m8_u32_v4_uint32_t_uint32_t_uint32_t_uint32_t|gather_frontbfloat16_uint32_int_2|arangeuint32|nvfp4_gather_qmm_rhs_nt_bfloat16_t_gs_16_b_4_bm_16_bn_32_bk_32_wm_1_wn_2_align_M_t_align_N_t_align_K_t|nvfp4_qmm_t_splitk_fused_bfloat16_t_gs_16_b_4_alN_true|nvfp4_qmm_t_splitk_fused_bfloat16_t_gs_16_b_4_alN_true|g2_copybfloat16bfloat16|g2_copybfloat16bfloat16|CV2ISigmoidADV2IBroadcastACEV2IBroadcastCAFV2IMultiplyDEGV2IBroadcastFBHV2IBroadcastBFIV2OMultiplyGH_VV_V2V2_11160318154034397263_contiguous|arangeuint32|CV2ISigmoidADV2IBroadcastACEV2IBroadcastCAFV2IMultiplyDEGV2IBroadcastFBHV2IBroadcastBFIV2OMultiplyGH_VV_V2V2_11160318154034397263_contiguous|nvfp4_qmm_t_bfloat16_t_gs_16_b_4_alN_true_batch_0|nvfp4_gather_qmm_rhs_nt_bfloat16_t_gs_16_b_4_bm_16_bn_32_bk_32_wm_1_wn_2_align_M_t_align_N_t_align_K_t
GPUPROF 187993.234077417 187993.234153750 1 23101440 custom_kernel_laguna_prefill_sorted_moe_tail_bf16_v1_bfloat16_t_uint32_t_float_bfloat16_t_bfloat16_t_bfloat16_t
GPUPROF 187993.234154542 187993.248154625 30 636347908 rmsbfloat16|steel_gemm_splitk_nt_bfloat16_float32_bm32_bn32_bk16_wm2_wn2_MN_taligned_K_taligned|steel_gemm_splitk_accum_bfloat16_float32|steel_gemm_splitk_nt_bfloat16_float32_bm32_bn32_bk16_wm2_wn2_MN_taligned_K_taligned|steel_gemm_splitk_accum_bfloat16_float32|steel_gemm_fused_nt_bfloat16_bfloat16_bm64_bn64_bk16_wm2_wn2_has_batch_n_use_out_source_n_do_axpby_n_align_M_t_align_N_t_align_K_t|steel_gemm_splitk_nt_bfloat16_float32_bm32_bn32_bk16_wm2_wn2_MN_taligned_K_taligned|steel_gemm_splitk_accum_bfloat16_float32|custom_kernel_laguna_prefill_sliding_qk_norm_rope_bf16_128_h1_v2_bfloat16_t_bfloat16_t_bfloat16_t_bfloat16_t_float_int32_tc_bfloat16_t_bfloat16_t|steel_attention_bfloat16_bq32_bk16_bd128_wm4_wn1_maskbfloat16_align_Q_t_align_K_t_has_mask_n_do_causal_t_has_sinks_n|Cf4IAsTypeADf4IBroadcastCBEf4IBroadcastBCFf4ILogAddExpDEGV2OAsTypeF_VC_V2_10408321403207385874_contiguous|g2_Multiplybfloat16|steel_gemm_fused_nt_bfloat16_bfloat16_bm64_bn64_bk16_wm2_wn2_has_batch_n_use_out_source_n_do_axpby_n_align_M_t_align_N_t_align_K_t|custom_kernel_laguna_residual_rms_bf16_2048_v1_bfloat16_t_bfloat16_t_bfloat16_t_bfloat16_t_bfloat16_t|steel_gemm_splitk_nt_bfloat16_float32_bm32_bn32_bk16_wm2_wn2_MN_taligned_K_taligned|steel_gemm_splitk_accum_bfloat16_float32|custom_kernel_laguna_prefill_router_tournament_ordinal_norm_v1_bfloat16_t_float_uint32_t_float|custom_kernel_mlx_lm_route_csort_scatter_fused_m8_u32_v4_uint32_t_uint32_t_uint32_t_uint32_t|gather_frontbfloat16_uint32_int_2|arangeuint32|nvfp4_gather_qmm_rhs_nt_bfloat16_t_gs_16_b_4_bm_16_bn_32_bk_32_wm_1_wn_2_align_M_t_align_N_t_align_K_t|nvfp4_qmm_t_splitk_fused_bfloat16_t_gs_16_b_4_alN_true|nvfp4_qmm_t_splitk_fused_bfloat16_t_gs_16_b_4_alN_true|g2_copybfloat16bfloat16|g2_copybfloat16bfloat16|CV2ISigmoidADV2IBroadcastACEV2IBroadcastCAFV2IMultiplyDEGV2IBroadcastFBHV2IBroadcastBFIV2OMultiplyGH_VV_V2V2_11160318154034397263_contiguous|arangeuint32|CV2ISigmoidADV2IBroadcastACEV2IBroadcastCAFV2IMultiplyDEGV2IBroadcastFBHV2IBroadcastBFIV2OMultiplyGH_VV_V2V2_11160318154034397263_contiguous|nvfp4_qmm_t_bfloat16_t_gs_16_b_4_alN_true_batch_0|nvfp4_gather_qmm_rhs_nt_bfloat16_t_gs_16_b_4_bm_16_bn_32_bk_32_wm_1_wn_2_align_M_t_align_N_t_align_K_t
GPUPROF 187993.248155500 187993.248236750 1 23101440 custom_kernel_laguna_prefill_sorted_moe_tail_bf16_v1_bfloat16_t_uint32_t_float_bfloat16_t_bfloat16_t_bfloat16_t
GPUPROF 187993.248237500 187993.262317500 30 636347908 rmsbfloat16|steel_gemm_splitk_nt_bfloat16_float32_bm32_bn32_bk16_wm2_wn2_MN_taligned_K_taligned|steel_gemm_splitk_accum_bfloat16_float32|steel_gemm_splitk_nt_bfloat16_float32_bm32_bn32_bk16_wm2_wn2_MN_taligned_K_taligned|steel_gemm_splitk_accum_bfloat16_float32|steel_gemm_fused_nt_bfloat16_bfloat16_bm64_bn64_bk16_wm2_wn2_has_batch_n_use_out_source_n_do_axpby_n_align_M_t_align_N_t_align_K_t|steel_gemm_splitk_nt_bfloat16_float32_bm32_bn32_bk16_wm2_wn2_MN_taligned_K_taligned|steel_gemm_splitk_accum_bfloat16_float32|custom_kernel_laguna_prefill_sliding_qk_norm_rope_bf16_128_h1_v2_bfloat16_t_bfloat16_t_bfloat16_t_bfloat16_t_float_int32_tc_bfloat16_t_bfloat16_t|steel_attention_bfloat16_bq32_bk16_bd128_wm4_wn1_maskbfloat16_align_Q_t_align_K_t_has_mask_n_do_causal_t_has_sinks_n|Cf4IAsTypeADf4IBroadcastCBEf4IBroadcastBCFf4ILogAddExpDEGV2OAsTypeF_VC_V2_10408321403207385874_contiguous|g2_Multiplybfloat16|steel_gemm_fused_nt_bfloat16_bfloat16_bm64_bn64_bk16_wm2_wn2_has_batch_n_use_out_source_n_do_axpby_n_align_M_t_align_N_t_align_K_t|custom_kernel_laguna_residual_rms_bf16_2048_v1_bfloat16_t_bfloat16_t_bfloat16_t_bfloat16_t_bfloat16_t|steel_gemm_splitk_nt_bfloat16_float32_bm32_bn32_bk16_wm2_wn2_MN_taligned_K_taligned|steel_gemm_splitk_accum_bfloat16_float32|custom_kernel_laguna_prefill_router_tournament_ordinal_norm_v1_bfloat16_t_float_uint32_t_float|custom_kernel_mlx_lm_route_csort_scatter_fused_m8_u32_v4_uint32_t_uint32_t_uint32_t_uint32_t|gather_frontbfloat16_uint32_int_2|arangeuint32|nvfp4_gather_qmm_rhs_nt_bfloat16_t_gs_16_b_4_bm_16_bn_32_bk_32_wm_1_wn_2_align_M_t_align_N_t_align_K_t|nvfp4_qmm_t_splitk_fused_bfloat16_t_gs_16_b_4_alN_true|nvfp4_qmm_t_splitk_fused_bfloat16_t_gs_16_b_4_alN_true|g2_copybfloat16bfloat16|g2_copybfloat16bfloat16|CV2ISigmoidADV2IBroadcastACEV2IBroadcastCAFV2IMultiplyDEGV2IBroadcastFBHV2IBroadcastBFIV2OMultiplyGH_VV_V2V2_11160318154034397263_contiguous|arangeuint32|CV2ISigmoidADV2IBroadcastACEV2IBroadcastCAFV2IMultiplyDEGV2IBroadcastFBHV2IBroadcastBFIV2OMultiplyGH_VV_V2V2_11160318154034397263_contiguous|nvfp4_qmm_t_bfloat16_t_gs_16_b_4_alN_true_batch_0|nvfp4_gather_qmm_rhs_nt_bfloat16_t_gs_16_b_4_bm_16_bn_32_bk_32_wm_1_wn_2_align_M_t_align_N_t_align_K_t
GPUPROF 187993.262318250 187993.262397375 1 23101440 custom_kernel_laguna_prefill_sorted_moe_tail_bf16_v1_bfloat16_t_uint32_t_float_bfloat16_t_bfloat16_t_bfloat16_t
GPUPROF 187993.262398125 187993.275186125 30 612017668 rmsbfloat16|steel_gemm_splitk_nt_bfloat16_float32_bm32_bn32_bk16_wm2_wn2_MN_taligned_K_taligned|steel_gemm_splitk_accum_bfloat16_float32|steel_gemm_splitk_nt_bfloat16_float32_bm32_bn32_bk16_wm2_wn2_MN_taligned_K_taligned|steel_gemm_splitk_accum_bfloat16_float32|steel_gemm_fused_nt_bfloat16_bfloat16_bm64_bn64_bk16_wm2_wn2_has_batch_n_use_out_source_n_do_axpby_n_align_M_t_align_N_t_align_K_t|steel_gemm_splitk_nt_bfloat16_float32_bm32_bn32_bk16_wm2_wn2_MN_naligned_K_taligned|steel_gemm_splitk_accum_bfloat16_float32|custom_kernel_laguna_prefill_full_qk_norm_yarn_bf16_128_h1_v2_bfloat16_t_bfloat16_t_bfloat16_t_bfloat16_t_float_int32_tc_bfloat16_t_bfloat16_t|steel_attention_bfloat16_bq32_bk16_bd128_wm4_wn1_maskbfloat16_align_Q_t_align_K_t_has_mask_n_do_causal_t_has_sinks_n|Cf4IAsTypeADf4IBroadcastCBEf4IBroadcastBCFf4ILogAddExpDEGV2OAsTypeF_VC_V2_10408321403207385874_contiguous|g2_Multiplybfloat16|steel_gemm_fused_nt_bfloat16_bfloat16_bm64_bn64_bk16_wm2_wn2_has_batch_n_use_out_source_n_do_axpby_n_align_M_t_align_N_t_align_K_t|custom_kernel_laguna_residual_rms_bf16_2048_v1_bfloat16_t_bfloat16_t_bfloat16_t_bfloat16_t_bfloat16_t|steel_gemm_splitk_nt_bfloat16_float32_bm32_bn32_bk16_wm2_wn2_MN_taligned_K_taligned|steel_gemm_splitk_accum_bfloat16_float32|custom_kernel_laguna_prefill_router_tournament_ordinal_norm_v1_bfloat16_t_float_uint32_t_float|custom_kernel_mlx_lm_route_csort_scatter_fused_m8_u32_v4_uint32_t_uint32_t_uint32_t_uint32_t|gather_frontbfloat16_uint32_int_2|arangeuint32|nvfp4_gather_qmm_rhs_nt_bfloat16_t_gs_16_b_4_bm_16_bn_32_bk_32_wm_1_wn_2_align_M_t_align_N_t_align_K_t|nvfp4_qmm_t_splitk_fused_bfloat16_t_gs_16_b_4_alN_true|nvfp4_qmm_t_splitk_fused_bfloat16_t_gs_16_b_4_alN_true|g2_copybfloat16bfloat16|g2_copybfloat16bfloat16|CV2ISigmoidADV2IBroadcastACEV2IBroadcastCAFV2IMultiplyDEGV2IBroadcastFBHV2IBroadcastBFIV2OMultiplyGH_VV_V2V2_11160318154034397263_contiguous|arangeuint32|CV2ISigmoidADV2IBroadcastACEV2IBroadcastCAFV2IMultiplyDEGV2IBroadcastFBHV2IBroadcastBFIV2OMultiplyGH_VV_V2V2_11160318154034397263_contiguous|nvfp4_qmm_t_bfloat16_t_gs_16_b_4_alN_true_batch_0|nvfp4_gather_qmm_rhs_nt_bfloat16_t_gs_16_b_4_bm_16_bn_32_bk_32_wm_1_wn_2_align_M_t_align_N_t_align_K_t
GPUPROF 187993.275201417 187993.275280042 1 23101440 custom_kernel_laguna_prefill_sorted_moe_tail_bf16_v1_bfloat16_t_uint32_t_float_bfloat16_t_bfloat16_t_bfloat16_t
GPUPROF 187993.275280792 187993.289347417 30 636347908 rmsbfloat16|steel_gemm_splitk_nt_bfloat16_float32_bm32_bn32_bk16_wm2_wn2_MN_taligned_K_taligned|steel_gemm_splitk_accum_bfloat16_float32|steel_gemm_splitk_nt_bfloat16_float32_bm32_bn32_bk16_wm2_wn2_MN_taligned_K_taligned|steel_gemm_splitk_accum_bfloat16_float32|steel_gemm_fused_nt_bfloat16_bfloat16_bm64_bn64_bk16_wm2_wn2_has_batch_n_use_out_source_n_do_axpby_n_align_M_t_align_N_t_align_K_t|steel_gemm_splitk_nt_bfloat16_float32_bm32_bn32_bk16_wm2_wn2_MN_taligned_K_taligned|steel_gemm_splitk_accum_bfloat16_float32|custom_kernel_laguna_prefill_sliding_qk_norm_rope_bf16_128_h1_v2_bfloat16_t_bfloat16_t_bfloat16_t_bfloat16_t_float_int32_tc_bfloat16_t_bfloat16_t|steel_attention_bfloat16_bq32_bk16_bd128_wm4_wn1_maskbfloat16_align_Q_t_align_K_t_has_mask_n_do_causal_t_has_sinks_n|Cf4IAsTypeADf4IBroadcastCBEf4IBroadcastBCFf4ILogAddExpDEGV2OAsTypeF_VC_V2_10408321403207385874_contiguous|g2_Multiplybfloat16|steel_gemm_fused_nt_bfloat16_bfloat16_bm64_bn64_bk16_wm2_wn2_has_batch_n_use_out_source_n_do_axpby_n_align_M_t_align_N_t_align_K_t|custom_kernel_laguna_residual_rms_bf16_2048_v1_bfloat16_t_bfloat16_t_bfloat16_t_bfloat16_t_bfloat16_t|steel_gemm_splitk_nt_bfloat16_float32_bm32_bn32_bk16_wm2_wn2_MN_taligned_K_taligned|steel_gemm_splitk_accum_bfloat16_float32|custom_kernel_laguna_prefill_router_tournament_ordinal_norm_v1_bfloat16_t_float_uint32_t_float|custom_kernel_mlx_lm_route_csort_scatter_fused_m8_u32_v4_uint32_t_uint32_t_uint32_t_uint32_t|gather_frontbfloat16_uint32_int_2|arangeuint32|nvfp4_gather_qmm_rhs_nt_bfloat16_t_gs_16_b_4_bm_16_bn_32_bk_32_wm_1_wn_2_align_M_t_align_N_t_align_K_t|nvfp4_qmm_t_splitk_fused_bfloat16_t_gs_16_b_4_alN_true|nvfp4_qmm_t_splitk_fused_bfloat16_t_gs_16_b_4_alN_true|g2_copybfloat16bfloat16|g2_copybfloat16bfloat16|CV2ISigmoidADV2IBroadcastACEV2IBroadcastCAFV2IMultiplyDEGV2IBroadcastFBHV2IBroadcastBFIV2OMultiplyGH_VV_V2V2_11160318154034397263_contiguous|arangeuint32|CV2ISigmoidADV2IBroadcastACEV2IBroadcastCAFV2IMultiplyDEGV2IBroadcastFBHV2IBroadcastBFIV2OMultiplyGH_VV_V2V2_11160318154034397263_contiguous|nvfp4_qmm_t_bfloat16_t_gs_16_b_4_alN_true_batch_0|nvfp4_gather_qmm_rhs_nt_bfloat16_t_gs_16_b_4_bm_16_bn_32_bk_32_wm_1_wn_2_align_M_t_align_N_t_align_K_t
GPUPROF 187993.289363375 187993.289440750 1 23101440 custom_kernel_laguna_prefill_sorted_moe_tail_bf16_v1_bfloat16_t_uint32_t_float_bfloat16_t_bfloat16_t_bfloat16_t
GPUPROF 187993.289441500 187993.303560125 30 636347908 rmsbfloat16|steel_gemm_splitk_nt_bfloat16_float32_bm32_bn32_bk16_wm2_wn2_MN_taligned_K_taligned|steel_gemm_splitk_accum_bfloat16_float32|steel_gemm_splitk_nt_bfloat16_float32_bm32_bn32_bk16_wm2_wn2_MN_taligned_K_taligned|steel_gemm_splitk_accum_bfloat16_float32|steel_gemm_fused_nt_bfloat16_bfloat16_bm64_bn64_bk16_wm2_wn2_has_batch_n_use_out_source_n_do_axpby_n_align_M_t_align_N_t_align_K_t|steel_gemm_splitk_nt_bfloat16_float32_bm32_bn32_bk16_wm2_wn2_MN_taligned_K_taligned|steel_gemm_splitk_accum_bfloat16_float32|custom_kernel_laguna_prefill_sliding_qk_norm_rope_bf16_128_h1_v2_bfloat16_t_bfloat16_t_bfloat16_t_bfloat16_t_float_int32_tc_bfloat16_t_bfloat16_t|steel_attention_bfloat16_bq32_bk16_bd128_wm4_wn1_maskbfloat16_align_Q_t_align_K_t_has_mask_n_do_causal_t_has_sinks_n|Cf4IAsTypeADf4IBroadcastCBEf4IBroadcastBCFf4ILogAddExpDEGV2OAsTypeF_VC_V2_10408321403207385874_contiguous|g2_Multiplybfloat16|steel_gemm_fused_nt_bfloat16_bfloat16_bm64_bn64_bk16_wm2_wn2_has_batch_n_use_out_source_n_do_axpby_n_align_M_t_align_N_t_align_K_t|custom_kernel_laguna_residual_rms_bf16_2048_v1_bfloat16_t_bfloat16_t_bfloat16_t_bfloat16_t_bfloat16_t|steel_gemm_splitk_nt_bfloat16_float32_bm32_bn32_bk16_wm2_wn2_MN_taligned_K_taligned|steel_gemm_splitk_accum_bfloat16_float32|custom_kernel_laguna_prefill_router_tournament_ordinal_norm_v1_bfloat16_t_float_uint32_t_float|custom_kernel_mlx_lm_route_csort_scatter_fused_m8_u32_v4_uint32_t_uint32_t_uint32_t_uint32_t|gather_frontbfloat16_uint32_int_2|arangeuint32|nvfp4_gather_qmm_rhs_nt_bfloat16_t_gs_16_b_4_bm_16_bn_32_bk_32_wm_1_wn_2_align_M_t_align_N_t_align_K_t|nvfp4_qmm_t_splitk_fused_bfloat16_t_gs_16_b_4_alN_true|nvfp4_qmm_t_splitk_fused_bfloat16_t_gs_16_b_4_alN_true|g2_copybfloat16bfloat16|g2_copybfloat16bfloat16|CV2ISigmoidADV2IBroadcastACEV2IBroadcastCAFV2IMultiplyDEGV2IBroadcastFBHV2IBroadcastBFIV2OMultiplyGH_VV_V2V2_11160318154034397263_contiguous|arangeuint32|CV2ISigmoidADV2IBroadcastACEV2IBroadcastCAFV2IMultiplyDEGV2IBroadcastFBHV2IBroadcastBFIV2OMultiplyGH_VV_V2V2_11160318154034397263_contiguous|nvfp4_qmm_t_bfloat16_t_gs_16_b_4_alN_true_batch_0|nvfp4_gather_qmm_rhs_nt_bfloat16_t_gs_16_b_4_bm_16_bn_32_bk_32_wm_1_wn_2_align_M_t_align_N_t_align_K_t
GPUPROF 187993.303563792 187993.303640250 1 23101440 custom_kernel_laguna_prefill_sorted_moe_tail_bf16_v1_bfloat16_t_uint32_t_float_bfloat16_t_bfloat16_t_bfloat16_t
GPUPROF 187993.303641000 187993.317876125 30 636347908 rmsbfloat16|steel_gemm_splitk_nt_bfloat16_float32_bm32_bn32_bk16_wm2_wn2_MN_taligned_K_taligned|steel_gemm_splitk_accum_bfloat16_float32|steel_gemm_splitk_nt_bfloat16_float32_bm32_bn32_bk16_wm2_wn2_MN_taligned_K_taligned|steel_gemm_splitk_accum_bfloat16_float32|steel_gemm_fused_nt_bfloat16_bfloat16_bm64_bn64_bk16_wm2_wn2_has_batch_n_use_out_source_n_do_axpby_n_align_M_t_align_N_t_align_K_t|steel_gemm_splitk_nt_bfloat16_float32_bm32_bn32_bk16_wm2_wn2_MN_taligned_K_taligned|steel_gemm_splitk_accum_bfloat16_float32|custom_kernel_laguna_prefill_sliding_qk_norm_rope_bf16_128_h1_v2_bfloat16_t_bfloat16_t_bfloat16_t_bfloat16_t_float_int32_tc_bfloat16_t_bfloat16_t|steel_attention_bfloat16_bq32_bk16_bd128_wm4_wn1_maskbfloat16_align_Q_t_align_K_t_has_mask_n_do_causal_t_has_sinks_n|Cf4IAsTypeADf4IBroadcastCBEf4IBroadcastBCFf4ILogAddExpDEGV2OAsTypeF_VC_V2_10408321403207385874_contiguous|g2_Multiplybfloat16|steel_gemm_fused_nt_bfloat16_bfloat16_bm64_bn64_bk16_wm2_wn2_has_batch_n_use_out_source_n_do_axpby_n_align_M_t_align_N_t_align_K_t|custom_kernel_laguna_residual_rms_bf16_2048_v1_bfloat16_t_bfloat16_t_bfloat16_t_bfloat16_t_bfloat16_t|steel_gemm_splitk_nt_bfloat16_float32_bm32_bn32_bk16_wm2_wn2_MN_taligned_K_taligned|steel_gemm_splitk_accum_bfloat16_float32|custom_kernel_laguna_prefill_router_tournament_ordinal_norm_v1_bfloat16_t_float_uint32_t_float|custom_kernel_mlx_lm_route_csort_scatter_fused_m8_u32_v4_uint32_t_uint32_t_uint32_t_uint32_t|gather_frontbfloat16_uint32_int_2|arangeuint32|nvfp4_gather_qmm_rhs_nt_bfloat16_t_gs_16_b_4_bm_16_bn_32_bk_32_wm_1_wn_2_align_M_t_align_N_t_align_K_t|nvfp4_qmm_t_splitk_fused_bfloat16_t_gs_16_b_4_alN_true|nvfp4_qmm_t_splitk_fused_bfloat16_t_gs_16_b_4_alN_true|g2_copybfloat16bfloat16|g2_copybfloat16bfloat16|CV2ISigmoidADV2IBroadcastACEV2IBroadcastCAFV2IMultiplyDEGV2IBroadcastFBHV2IBroadcastBFIV2OMultiplyGH_VV_V2V2_11160318154034397263_contiguous|arangeuint32|CV2ISigmoidADV2IBroadcastACEV2IBroadcastCAFV2IMultiplyDEGV2IBroadcastFBHV2IBroadcastBFIV2OMultiplyGH_VV_V2V2_11160318154034397263_contiguous|nvfp4_qmm_t_bfloat16_t_gs_16_b_4_alN_true_batch_0|nvfp4_gather_qmm_rhs_nt_bfloat16_t_gs_16_b_4_bm_16_bn_32_bk_32_wm_1_wn_2_align_M_t_align_N_t_align_K_t
GPUPROF 187993.317876875 187993.317954417 1 23101440 custom_kernel_laguna_prefill_sorted_moe_tail_bf16_v1_bfloat16_t_uint32_t_float_bfloat16_t_bfloat16_t_bfloat16_t
GPUPROF 187993.317955292 187993.330589375 30 612017668 rmsbfloat16|steel_gemm_splitk_nt_bfloat16_float32_bm32_bn32_bk16_wm2_wn2_MN_taligned_K_taligned|steel_gemm_splitk_accum_bfloat16_float32|steel_gemm_splitk_nt_bfloat16_float32_bm32_bn32_bk16_wm2_wn2_MN_taligned_K_taligned|steel_gemm_splitk_accum_bfloat16_float32|steel_gemm_fused_nt_bfloat16_bfloat16_bm64_bn64_bk16_wm2_wn2_has_batch_n_use_out_source_n_do_axpby_n_align_M_t_align_N_t_align_K_t|steel_gemm_splitk_nt_bfloat16_float32_bm32_bn32_bk16_wm2_wn2_MN_naligned_K_taligned|steel_gemm_splitk_accum_bfloat16_float32|custom_kernel_laguna_prefill_full_qk_norm_yarn_bf16_128_h1_v2_bfloat16_t_bfloat16_t_bfloat16_t_bfloat16_t_float_int32_tc_bfloat16_t_bfloat16_t|steel_attention_bfloat16_bq32_bk16_bd128_wm4_wn1_maskbfloat16_align_Q_t_align_K_t_has_mask_n_do_causal_t_has_sinks_n|Cf4IAsTypeADf4IBroadcastCBEf4IBroadcastBCFf4ILogAddExpDEGV2OAsTypeF_VC_V2_10408321403207385874_contiguous|g2_Multiplybfloat16|steel_gemm_fused_nt_bfloat16_bfloat16_bm64_bn64_bk16_wm2_wn2_has_batch_n_use_out_source_n_do_axpby_n_align_M_t_align_N_t_align_K_t|custom_kernel_laguna_residual_rms_bf16_2048_v1_bfloat16_t_bfloat16_t_bfloat16_t_bfloat16_t_bfloat16_t|steel_gemm_splitk_nt_bfloat16_float32_bm32_bn32_bk16_wm2_wn2_MN_taligned_K_taligned|steel_gemm_splitk_accum_bfloat16_float32|custom_kernel_laguna_prefill_router_tournament_ordinal_norm_v1_bfloat16_t_float_uint32_t_float|custom_kernel_mlx_lm_route_csort_scatter_fused_m8_u32_v4_uint32_t_uint32_t_uint32_t_uint32_t|gather_frontbfloat16_uint32_int_2|arangeuint32|nvfp4_gather_qmm_rhs_nt_bfloat16_t_gs_16_b_4_bm_16_bn_32_bk_32_wm_1_wn_2_align_M_t_align_N_t_align_K_t|nvfp4_qmm_t_splitk_fused_bfloat16_t_gs_16_b_4_alN_true|nvfp4_qmm_t_splitk_fused_bfloat16_t_gs_16_b_4_alN_true|g2_copybfloat16bfloat16|g2_copybfloat16bfloat16|CV2ISigmoidADV2IBroadcastACEV2IBroadcastCAFV2IMultiplyDEGV2IBroadcastFBHV2IBroadcastBFIV2OMultiplyGH_VV_V2V2_11160318154034397263_contiguous|arangeuint32|CV2ISigmoidADV2IBroadcastACEV2IBroadcastCAFV2IMultiplyDEGV2IBroadcastFBHV2IBroadcastBFIV2OMultiplyGH_VV_V2V2_11160318154034397263_contiguous|nvfp4_qmm_t_bfloat16_t_gs_16_b_4_alN_true_batch_0|nvfp4_gather_qmm_rhs_nt_bfloat16_t_gs_16_b_4_bm_16_bn_32_bk_32_wm_1_wn_2_align_M_t_align_N_t_align_K_t
GPUPROF 187993.330590250 187993.330672750 1 23101440 custom_kernel_laguna_prefill_sorted_moe_tail_bf16_v1_bfloat16_t_uint32_t_float_bfloat16_t_bfloat16_t_bfloat16_t
GPUPROF 187993.330673500 187993.344823917 30 636347908 rmsbfloat16|steel_gemm_splitk_nt_bfloat16_float32_bm32_bn32_bk16_wm2_wn2_MN_taligned_K_taligned|steel_gemm_splitk_accum_bfloat16_float32|steel_gemm_splitk_nt_bfloat16_float32_bm32_bn32_bk16_wm2_wn2_MN_taligned_K_taligned|steel_gemm_splitk_accum_bfloat16_float32|steel_gemm_fused_nt_bfloat16_bfloat16_bm64_bn64_bk16_wm2_wn2_has_batch_n_use_out_source_n_do_axpby_n_align_M_t_align_N_t_align_K_t|steel_gemm_splitk_nt_bfloat16_float32_bm32_bn32_bk16_wm2_wn2_MN_taligned_K_taligned|steel_gemm_splitk_accum_bfloat16_float32|custom_kernel_laguna_prefill_sliding_qk_norm_rope_bf16_128_h1_v2_bfloat16_t_bfloat16_t_bfloat16_t_bfloat16_t_float_int32_tc_bfloat16_t_bfloat16_t|steel_attention_bfloat16_bq32_bk16_bd128_wm4_wn1_maskbfloat16_align_Q_t_align_K_t_has_mask_n_do_causal_t_has_sinks_n|Cf4IAsTypeADf4IBroadcastCBEf4IBroadcastBCFf4ILogAddExpDEGV2OAsTypeF_VC_V2_10408321403207385874_contiguous|g2_Multiplybfloat16|steel_gemm_fused_nt_bfloat16_bfloat16_bm64_bn64_bk16_wm2_wn2_has_batch_n_use_out_source_n_do_axpby_n_align_M_t_align_N_t_align_K_t|custom_kernel_laguna_residual_rms_bf16_2048_v1_bfloat16_t_bfloat16_t_bfloat16_t_bfloat16_t_bfloat16_t|steel_gemm_splitk_nt_bfloat16_float32_bm32_bn32_bk16_wm2_wn2_MN_taligned_K_taligned|steel_gemm_splitk_accum_bfloat16_float32|custom_kernel_laguna_prefill_router_tournament_ordinal_norm_v1_bfloat16_t_float_uint32_t_float|custom_kernel_mlx_lm_route_csort_scatter_fused_m8_u32_v4_uint32_t_uint32_t_uint32_t_uint32_t|gather_frontbfloat16_uint32_int_2|arangeuint32|nvfp4_gather_qmm_rhs_nt_bfloat16_t_gs_16_b_4_bm_16_bn_32_bk_32_wm_1_wn_2_align_M_t_align_N_t_align_K_t|nvfp4_qmm_t_splitk_fused_bfloat16_t_gs_16_b_4_alN_true|nvfp4_qmm_t_splitk_fused_bfloat16_t_gs_16_b_4_alN_true|g2_copybfloat16bfloat16|g2_copybfloat16bfloat16|CV2ISigmoidADV2IBroadcastACEV2IBroadcastCAFV2IMultiplyDEGV2IBroadcastFBHV2IBroadcastBFIV2OMultiplyGH_VV_V2V2_11160318154034397263_contiguous|arangeuint32|CV2ISigmoidADV2IBroadcastACEV2IBroadcastCAFV2IMultiplyDEGV2IBroadcastFBHV2IBroadcastBFIV2OMultiplyGH_VV_V2V2_11160318154034397263_contiguous|nvfp4_qmm_t_bfloat16_t_gs_16_b_4_alN_true_batch_0|nvfp4_gather_qmm_rhs_nt_bfloat16_t_gs_16_b_4_bm_16_bn_32_bk_32_wm_1_wn_2_align_M_t_align_N_t_align_K_t
GPUPROF 187993.344844750 187993.344918292 1 23101440 custom_kernel_laguna_prefill_sorted_moe_tail_bf16_v1_bfloat16_t_uint32_t_float_bfloat16_t_bfloat16_t_bfloat16_t
GPUPROF 187993.344919000 187993.358730917 30 636347908 rmsbfloat16|steel_gemm_splitk_nt_bfloat16_float32_bm32_bn32_bk16_wm2_wn2_MN_taligned_K_taligned|steel_gemm_splitk_accum_bfloat16_float32|steel_gemm_splitk_nt_bfloat16_float32_bm32_bn32_bk16_wm2_wn2_MN_taligned_K_taligned|steel_gemm_splitk_accum_bfloat16_float32|steel_gemm_fused_nt_bfloat16_bfloat16_bm64_bn64_bk16_wm2_wn2_has_batch_n_use_out_source_n_do_axpby_n_align_M_t_align_N_t_align_K_t|steel_gemm_splitk_nt_bfloat16_float32_bm32_bn32_bk16_wm2_wn2_MN_taligned_K_taligned|steel_gemm_splitk_accum_bfloat16_float32|custom_kernel_laguna_prefill_sliding_qk_norm_rope_bf16_128_h1_v2_bfloat16_t_bfloat16_t_bfloat16_t_bfloat16_t_float_int32_tc_bfloat16_t_bfloat16_t|steel_attention_bfloat16_bq32_bk16_bd128_wm4_wn1_maskbfloat16_align_Q_t_align_K_t_has_mask_n_do_causal_t_has_sinks_n|Cf4IAsTypeADf4IBroadcastCBEf4IBroadcastBCFf4ILogAddExpDEGV2OAsTypeF_VC_V2_10408321403207385874_contiguous|g2_Multiplybfloat16|steel_gemm_fused_nt_bfloat16_bfloat16_bm64_bn64_bk16_wm2_wn2_has_batch_n_use_out_source_n_do_axpby_n_align_M_t_align_N_t_align_K_t|custom_kernel_laguna_residual_rms_bf16_2048_v1_bfloat16_t_bfloat16_t_bfloat16_t_bfloat16_t_bfloat16_t|steel_gemm_splitk_nt_bfloat16_float32_bm32_bn32_bk16_wm2_wn2_MN_taligned_K_taligned|steel_gemm_splitk_accum_bfloat16_float32|custom_kernel_laguna_prefill_router_tournament_ordinal_norm_v1_bfloat16_t_float_uint32_t_float|custom_kernel_mlx_lm_route_csort_scatter_fused_m8_u32_v4_uint32_t_uint32_t_uint32_t_uint32_t|gather_frontbfloat16_uint32_int_2|arangeuint32|nvfp4_gather_qmm_rhs_nt_bfloat16_t_gs_16_b_4_bm_16_bn_32_bk_32_wm_1_wn_2_align_M_t_align_N_t_align_K_t|nvfp4_qmm_t_splitk_fused_bfloat16_t_gs_16_b_4_alN_true|nvfp4_qmm_t_splitk_fused_bfloat16_t_gs_16_b_4_alN_true|g2_copybfloat16bfloat16|g2_copybfloat16bfloat16|CV2ISigmoidADV2IBroadcastACEV2IBroadcastCAFV2IMultiplyDEGV2IBroadcastFBHV2IBroadcastBFIV2OMultiplyGH_VV_V2V2_11160318154034397263_contiguous|arangeuint32|CV2ISigmoidADV2IBroadcastACEV2IBroadcastCAFV2IMultiplyDEGV2IBroadcastFBHV2IBroadcastBFIV2OMultiplyGH_VV_V2V2_11160318154034397263_contiguous|nvfp4_qmm_t_bfloat16_t_gs_16_b_4_alN_true_batch_0|nvfp4_gather_qmm_rhs_nt_bfloat16_t_gs_16_b_4_bm_16_bn_32_bk_32_wm_1_wn_2_align_M_t_align_N_t_align_K_t
GPUPROF 187993.358752750 187993.358826000 1 23101440 custom_kernel_laguna_prefill_sorted_moe_tail_bf16_v1_bfloat16_t_uint32_t_float_bfloat16_t_bfloat16_t_bfloat16_t
GPUPROF 187993.358826750 187993.360346625 19 650351176 rmsbfloat16|steel_gemm_fused_nt_bfloat16_bfloat16_bm64_bn64_bk16_wm2_wn2_has_batch_n_use_out_source_n_do_axpby_n_align_M_t_align_N_t_align_K_t|gemv_al_bfloat16_bm8_bn1_sm1_sn32_tm4_tn4_nc0_axpby0|g2_copybfloat16bfloat16|rmsbfloat16|rmsbfloat16|rope_bfloat16_|rope_single_bfloat16_|Cf4IAsTypeADf4IBroadcastCBEf4IBroadcastBCFf4ILogAddExpDEGV2OAsTypeF_VC_V2_10408321403207385874_contiguous|sdpa_vector_bfloat16_t_128_128_nomask_qnt_nc_nosinks|g2_Multiplybfloat16|gemv_al_bfloat16_bm4_bn1_sm1_sn32_tm4_tn4_nc0_axpby0|custom_kernel_laguna_residual_rms_router_bf16_2048_rpg8_keys_v1_bfloat16_t_bfloat16_t_bfloat16_t_bfloat16_t_float_bfloat16_t_bfloat16_t_bfloat16_t_uint32_t|custom_kernel_laguna_shared_nvfp4_swiglu_qmv_rows1_bf16_v1_bfloat16_t_uint32_t_uint8_t_bfloat16_t|custom_kernel_laguna_decode_router_top8_ordinal_table_norm_v1_bfloat16_t_float_uint32_t_float|custom_kernel_laguna_routed_nvfp4_swiglu_qmv_packed_top8keys_r1_bf16_v2_bfloat16_t_uint32_t_uint8_t_uint32_t_bfloat16_t|custom_kernel_laguna_routed_shared_nvfp4_down_residual_bf16_r1_v5_bfloat16_t_uint32_t_uint8_t_uint32_t_float_bfloat16_t_uint32_t_uint8_t_bfloat16_t_bfloat16_t|rmsbfloat16|custom_kernel_laguna_lmhead_int5_inline_coarse_ratio_bound_delta_bf16_v6_bfloat16_t_uint8_t_uint8_t_uint8_t_float_bfloat16_t
GPUPROF 187993.360347417 187993.360434625 3 411849732 custom_kernel_laguna_lmhead_coarse_argmax_stage1_v5_float_float_uint32_t|custom_kernel_laguna_lmhead_exact_winner_bf16_midpoint_threshold_v1_float_uint32_t_bfloat16_t_bfloat16_t_float|custom_kernel_laguna_lmhead_exact_inline_mask_block_delta_bf16_lane0_mask_v1_float_bfloat16_t_floatc_bfloat16_t_bfloat16_t_bfloat16_t
GPUPROF 187993.360580000 187993.360591625 2 401416 gather_frontbfloat16_int32_int_2|argmax_bfloat16
GPUPROF 187993.365186875 187993.365587792 4 424679424 gather_frontbfloat16_int32_int_2|rmsbfloat16|steel_gemm_splitk_nt_bfloat16_float32_bm32_bn32_bk16_wm2_wn2_MN_taligned_K_taligned|steel_gemm_splitk_accum_bfloat16_float32
GPUPROF 187993.365884500 187993.377827500 16 212455940 steel_gemm_splitk_nt_bfloat16_float32_bm32_bn32_bk16_wm2_wn2_MN_taligned_K_taligned|steel_gemm_splitk_accum_bfloat16_float32|steel_gemm_fused_nt_bfloat16_bfloat16_bm64_bn64_bk16_wm2_wn2_has_batch_n_use_out_source_n_do_axpby_n_align_M_t_align_N_t_align_K_t|steel_gemm_splitk_nt_bfloat16_float32_bm32_bn32_bk16_wm2_wn2_MN_naligned_K_taligned|steel_gemm_splitk_accum_bfloat16_float32|custom_kernel_laguna_prefill_full_qk_norm_yarn_bf16_128_h1_v2_bfloat16_t_bfloat16_t_bfloat16_t_bfloat16_t_float_int32_tc_bfloat16_t_bfloat16_t|steel_attention_bfloat16_bq32_bk16_bd128_wm4_wn1_maskbfloat16_align_Q_t_align_K_t_has_mask_n_do_causal_t_has_sinks_n|Cf4IAsTypeADf4IBroadcastCBEf4IBroadcastBCFf4ILogAddExpDEGV2OAsTypeF_VC_V2_10408321403207385874_contiguous|g2_Multiplybfloat16|steel_gemm_fused_nt_bfloat16_bfloat16_bm64_bn64_bk16_wm2_wn2_has_batch_n_use_out_source_n_do_axpby_n_align_M_t_align_N_t_align_K_t|custom_kernel_laguna_residual_rms_bf16_2048_v1_bfloat16_t_bfloat16_t_bfloat16_t_bfloat16_t_bfloat16_t|steel_gemm_fused_nt_bfloat16_bfloat16_bm64_bn64_bk16_wm2_wn2_has_batch_n_use_out_source_n_do_axpby_n_align_M_t_align_N_t_align_K_t|steel_gemm_fused_nt_bfloat16_bfloat16_bm64_bn64_bk16_wm2_wn2_has_batch_n_use_out_source_n_do_axpby_n_align_M_t_align_N_t_align_K_t|CV2ISigmoidADV2IBroadcastACEV2IBroadcastCAFV2IMultiplyDEGV2IBroadcastFBHV2IBroadcastBFIV2OMultiplyGH_VV_V2V2_11160318154034397263_contiguous|steel_gemm_fused_nt_bfloat16_bfloat16_bm64_bn64_bk16_wm2_wn2_has_batch_n_use_out_source_n_do_axpby_n_align_M_t_align_N_t_align_K_t|vvn_Addbfloat16
GPUPROF 187993.377828542 187993.392513625 30 636347908 rmsbfloat16|steel_gemm_splitk_nt_bfloat16_float32_bm32_bn32_bk16_wm2_wn2_MN_taligned_K_taligned|steel_gemm_splitk_accum_bfloat16_float32|steel_gemm_splitk_nt_bfloat16_float32_bm32_bn32_bk16_wm2_wn2_MN_taligned_K_taligned|steel_gemm_splitk_accum_bfloat16_float32|steel_gemm_fused_nt_bfloat16_bfloat16_bm64_bn64_bk16_wm2_wn2_has_batch_n_use_out_source_n_do_axpby_n_align_M_t_align_N_t_align_K_t|steel_gemm_splitk_nt_bfloat16_float32_bm32_bn32_bk16_wm2_wn2_MN_taligned_K_taligned|steel_gemm_splitk_accum_bfloat16_float32|custom_kernel_laguna_prefill_sliding_qk_norm_rope_bf16_128_h1_v2_bfloat16_t_bfloat16_t_bfloat16_t_bfloat16_t_float_int32_tc_bfloat16_t_bfloat16_t|steel_attention_bfloat16_bq32_bk16_bd128_wm4_wn1_maskbfloat16_align_Q_t_align_K_t_has_mask_n_do_causal_t_has_sinks_n|Cf4IAsTypeADf4IBroadcastCBEf4IBroadcastBCFf4ILogAddExpDEGV2OAsTypeF_VC_V2_10408321403207385874_contiguous|g2_Multiplybfloat16|steel_gemm_fused_nt_bfloat16_bfloat16_bm64_bn64_bk16_wm2_wn2_has_batch_n_use_out_source_n_do_axpby_n_align_M_t_align_N_t_align_K_t|custom_kernel_laguna_residual_rms_bf16_2048_v1_bfloat16_t_bfloat16_t_bfloat16_t_bfloat16_t_bfloat16_t|steel_gemm_splitk_nt_bfloat16_float32_bm32_bn32_bk16_wm2_wn2_MN_taligned_K_taligned|steel_gemm_splitk_accum_bfloat16_float32|custom_kernel_laguna_prefill_router_tournament_ordinal_norm_v1_bfloat16_t_float_uint32_t_float|custom_kernel_mlx_lm_route_csort_scatter_fused_m8_u32_v4_uint32_t_uint32_t_uint32_t_uint32_t|gather_frontbfloat16_uint32_int_2|arangeuint32|nvfp4_gather_qmm_rhs_nt_bfloat16_t_gs_16_b_4_bm_16_bn_32_bk_32_wm_1_wn_2_align_M_t_align_N_t_align_K_t|nvfp4_qmm_t_splitk_fused_bfloat16_t_gs_16_b_4_alN_true|nvfp4_qmm_t_splitk_fused_bfloat16_t_gs_16_b_4_alN_true|g2_copybfloat16bfloat16|g2_copybfloat16bfloat16|CV2ISigmoidADV2IBroadcastACEV2IBroadcastCAFV2IMultiplyDEGV2IBroadcastFBHV2IBroadcastBFIV2OMultiplyGH_VV_V2V2_11160318154034397263_contiguous|arangeuint32|CV2ISigmoidADV2IBroadcastACEV2IBroadcastCAFV2IMultiplyDEGV2IBroadcastFBHV2IBroadcastBFIV2OMultiplyGH_VV_V2V2_11160318154034397263_contiguous|nvfp4_qmm_t_bfloat16_t_gs_16_b_4_alN_true_batch_0|nvfp4_gather_qmm_rhs_nt_bfloat16_t_gs_16_b_4_bm_16_bn_32_bk_32_wm_1_wn_2_align_M_t_align_N_t_align_K_t
GPUPROF 187993.392517625 187993.392594000 1 23101440 custom_kernel_laguna_prefill_sorted_moe_tail_bf16_v1_bfloat16_t_uint32_t_float_bfloat16_t_bfloat16_t_bfloat16_t
GPUPROF 187993.392594792 187993.407364250 30 636347908 rmsbfloat16|steel_gemm_splitk_nt_bfloat16_float32_bm32_bn32_bk16_wm2_wn2_MN_taligned_K_taligned|steel_gemm_splitk_accum_bfloat16_float32|steel_gemm_splitk_nt_bfloat16_float32_bm32_bn32_bk16_wm2_wn2_MN_taligned_K_taligned|steel_gemm_splitk_accum_bfloat16_float32|steel_gemm_fused_nt_bfloat16_bfloat16_bm64_bn64_bk16_wm2_wn2_has_batch_n_use_out_source_n_do_axpby_n_align_M_t_align_N_t_align_K_t|steel_gemm_splitk_nt_bfloat16_float32_bm32_bn32_bk16_wm2_wn2_MN_taligned_K_taligned|steel_gemm_splitk_accum_bfloat16_float32|custom_kernel_laguna_prefill_sliding_qk_norm_rope_bf16_128_h1_v2_bfloat16_t_bfloat16_t_bfloat16_t_bfloat16_t_float_int32_tc_bfloat16_t_bfloat16_t|steel_attention_bfloat16_bq32_bk16_bd128_wm4_wn1_maskbfloat16_align_Q_t_align_K_t_has_mask_n_do_causal_t_has_sinks_n|Cf4IAsTypeADf4IBroadcastCBEf4IBroadcastBCFf4ILogAddExpDEGV2OAsTypeF_VC_V2_10408321403207385874_contiguous|g2_Multiplybfloat16|steel_gemm_fused_nt_bfloat16_bfloat16_bm64_bn64_bk16_wm2_wn2_has_batch_n_use_out_source_n_do_axpby_n_align_M_t_align_N_t_align_K_t|custom_kernel_laguna_residual_rms_bf16_2048_v1_bfloat16_t_bfloat16_t_bfloat16_t_bfloat16_t_bfloat16_t|steel_gemm_splitk_nt_bfloat16_float32_bm32_bn32_bk16_wm2_wn2_MN_taligned_K_taligned|steel_gemm_splitk_accum_bfloat16_float32|custom_kernel_laguna_prefill_router_tournament_ordinal_norm_v1_bfloat16_t_float_uint32_t_float|custom_kernel_mlx_lm_route_csort_scatter_fused_m8_u32_v4_uint32_t_uint32_t_uint32_t_uint32_t|gather_frontbfloat16_uint32_int_2|arangeuint32|nvfp4_gather_qmm_rhs_nt_bfloat16_t_gs_16_b_4_bm_16_bn_32_bk_32_wm_1_wn_2_align_M_t_align_N_t_align_K_t|nvfp4_qmm_t_splitk_fused_bfloat16_t_gs_16_b_4_alN_true|nvfp4_qmm_t_splitk_fused_bfloat16_t_gs_16_b_4_alN_true|g2_copybfloat16bfloat16|g2_copybfloat16bfloat16|CV2ISigmoidADV2IBroadcastACEV2IBroadcastCAFV2IMultiplyDEGV2IBroadcastFBHV2IBroadcastBFIV2OMultiplyGH_VV_V2V2_11160318154034397263_contiguous|arangeuint32|CV2ISigmoidADV2IBroadcastACEV2IBroadcastCAFV2IMultiplyDEGV2IBroadcastFBHV2IBroadcastBFIV2OMultiplyGH_VV_V2V2_11160318154034397263_contiguous|nvfp4_qmm_t_bfloat16_t_gs_16_b_4_alN_true_batch_0|nvfp4_gather_qmm_rhs_nt_bfloat16_t_gs_16_b_4_bm_16_bn_32_bk_32_wm_1_wn_2_align_M_t_align_N_t_align_K_t
GPUPROF 187993.407365000 187993.407442875 1 23101440 custom_kernel_laguna_prefill_sorted_moe_tail_bf16_v1_bfloat16_t_uint32_t_float_bfloat16_t_bfloat16_t_bfloat16_t
GPUPROF 187993.407443625 187993.422031625 30 636347908 rmsbfloat16|steel_gemm_splitk_nt_bfloat16_float32_bm32_bn32_bk16_wm2_wn2_MN_taligned_K_taligned|steel_gemm_splitk_accum_bfloat16_float32|steel_gemm_splitk_nt_bfloat16_float32_bm32_bn32_bk16_wm2_wn2_MN_taligned_K_taligned|steel_gemm_splitk_accum_bfloat16_float32|steel_gemm_fused_nt_bfloat16_bfloat16_bm64_bn64_bk16_wm2_wn2_has_batch_n_use_out_source_n_do_axpby_n_align_M_t_align_N_t_align_K_t|steel_gemm_splitk_nt_bfloat16_float32_bm32_bn32_bk16_wm2_wn2_MN_taligned_K_taligned|steel_gemm_splitk_accum_bfloat16_float32|custom_kernel_laguna_prefill_sliding_qk_norm_rope_bf16_128_h1_v2_bfloat16_t_bfloat16_t_bfloat16_t_bfloat16_t_float_int32_tc_bfloat16_t_bfloat16_t|steel_attention_bfloat16_bq32_bk16_bd128_wm4_wn1_maskbfloat16_align_Q_t_align_K_t_has_mask_n_do_causal_t_has_sinks_n|Cf4IAsTypeADf4IBroadcastCBEf4IBroadcastBCFf4ILogAddExpDEGV2OAsTypeF_VC_V2_10408321403207385874_contiguous|g2_Multiplybfloat16|steel_gemm_fused_nt_bfloat16_bfloat16_bm64_bn64_bk16_wm2_wn2_has_batch_n_use_out_source_n_do_axpby_n_align_M_t_align_N_t_align_K_t|custom_kernel_laguna_residual_rms_bf16_2048_v1_bfloat16_t_bfloat16_t_bfloat16_t_bfloat16_t_bfloat16_t|steel_gemm_splitk_nt_bfloat16_float32_bm32_bn32_bk16_wm2_wn2_MN_taligned_K_taligned|steel_gemm_splitk_accum_bfloat16_float32|custom_kernel_laguna_prefill_router_tournament_ordinal_norm_v1_bfloat16_t_float_uint32_t_float|custom_kernel_mlx_lm_route_csort_scatter_fused_m8_u32_v4_uint32_t_uint32_t_uint32_t_uint32_t|gather_frontbfloat16_uint32_int_2|arangeuint32|nvfp4_gather_qmm_rhs_nt_bfloat16_t_gs_16_b_4_bm_16_bn_32_bk_32_wm_1_wn_2_align_M_t_align_N_t_align_K_t|nvfp4_qmm_t_splitk_fused_bfloat16_t_gs_16_b_4_alN_true|nvfp4_qmm_t_splitk_fused_bfloat16_t_gs_16_b_4_alN_true|g2_copybfloat16bfloat16|g2_copybfloat16bfloat16|CV2ISigmoidADV2IBroadcastACEV2IBroadcastCAFV2IMultiplyDEGV2IBroadcastFBHV2IBroadcastBFIV2OMultiplyGH_VV_V2V2_11160318154034397263_contiguous|arangeuint32|CV2ISigmoidADV2IBroadcastACEV2IBroadcastCAFV2IMultiplyDEGV2IBroadcastFBHV2IBroadcastBFIV2OMultiplyGH_VV_V2V2_11160318154034397263_contiguous|nvfp4_qmm_t_bfloat16_t_gs_16_b_4_alN_true_batch_0|nvfp4_gather_qmm_rhs_nt_bfloat16_t_gs_16_b_4_bm_16_bn_32_bk_32_wm_1_wn_2_align_M_t_align_N_t_align_K_t
GPUPROF 187993.422032375 187993.422109167 1 23101440 custom_kernel_laguna_prefill_sorted_moe_tail_bf16_v1_bfloat16_t_uint32_t_float_bfloat16_t_bfloat16_t_bfloat16_t
GPUPROF 187993.422109917 187993.435043375 30 612017668 rmsbfloat16|steel_gemm_splitk_nt_bfloat16_float32_bm32_bn32_bk16_wm2_wn2_MN_taligned_K_taligned|steel_gemm_splitk_accum_bfloat16_float32|steel_gemm_splitk_nt_bfloat16_float32_bm32_bn32_bk16_wm2_wn2_MN_taligned_K_taligned|steel_gemm_splitk_accum_bfloat16_float32|steel_gemm_fused_nt_bfloat16_bfloat16_bm64_bn64_bk16_wm2_wn2_has_batch_n_use_out_source_n_do_axpby_n_align_M_t_align_N_t_align_K_t|steel_gemm_splitk_nt_bfloat16_float32_bm32_bn32_bk16_wm2_wn2_MN_naligned_K_taligned|steel_gemm_splitk_accum_bfloat16_float32|custom_kernel_laguna_prefill_full_qk_norm_yarn_bf16_128_h1_v2_bfloat16_t_bfloat16_t_bfloat16_t_bfloat16_t_float_int32_tc_bfloat16_t_bfloat16_t|steel_attention_bfloat16_bq32_bk16_bd128_wm4_wn1_maskbfloat16_align_Q_t_align_K_t_has_mask_n_do_causal_t_has_sinks_n|Cf4IAsTypeADf4IBroadcastCBEf4IBroadcastBCFf4ILogAddExpDEGV2OAsTypeF_VC_V2_10408321403207385874_contiguous|g2_Multiplybfloat16|steel_gemm_fused_nt_bfloat16_bfloat16_bm64_bn64_bk16_wm2_wn2_has_batch_n_use_out_source_n_do_axpby_n_align_M_t_align_N_t_align_K_t|custom_kernel_laguna_residual_rms_bf16_2048_v1_bfloat16_t_bfloat16_t_bfloat16_t_bfloat16_t_bfloat16_t|steel_gemm_splitk_nt_bfloat16_float32_bm32_bn32_bk16_wm2_wn2_MN_taligned_K_taligned|steel_gemm_splitk_accum_bfloat16_float32|custom_kernel_laguna_prefill_router_tournament_ordinal_norm_v1_bfloat16_t_float_uint32_t_float|custom_kernel_mlx_lm_route_csort_scatter_fused_m8_u32_v4_uint32_t_uint32_t_uint32_t_uint32_t|gather_frontbfloat16_uint32_int_2|arangeuint32|nvfp4_gather_qmm_rhs_nt_bfloat16_t_gs_16_b_4_bm_16_bn_32_bk_32_wm_1_wn_2_align_M_t_align_N_t_align_K_t|nvfp4_qmm_t_splitk_fused_bfloat16_t_gs_16_b_4_alN_true|nvfp4_qmm_t_splitk_fused_bfloat16_t_gs_16_b_4_alN_true|g2_copybfloat16bfloat16|g2_copybfloat16bfloat16|CV2ISigmoidADV2IBroadcastACEV2IBroadcastCAFV2IMultiplyDEGV2IBroadcastFBHV2IBroadcastBFIV2OMultiplyGH_VV_V2V2_11160318154034397263_contiguous|arangeuint32|CV2ISigmoidADV2IBroadcastACEV2IBroadcastCAFV2IMultiplyDEGV2IBroadcastFBHV2IBroadcastBFIV2OMultiplyGH_VV_V2V2_11160318154034397263_contiguous|nvfp4_qmm_t_bfloat16_t_gs_16_b_4_alN_true_batch_0|nvfp4_gather_qmm_rhs_nt_bfloat16_t_gs_16_b_4_bm_16_bn_32_bk_32_wm_1_wn_2_align_M_t_align_N_t_align_K_t
GPUPROF 187993.435044292 187993.435119750 1 23101440 custom_kernel_laguna_prefill_sorted_moe_tail_bf16_v1_bfloat16_t_uint32_t_float_bfloat16_t_bfloat16_t_bfloat16_t
GPUPROF 187993.435120417 187993.449638875 30 636347908 rmsbfloat16|steel_gemm_splitk_nt_bfloat16_float32_bm32_bn32_bk16_wm2_wn2_MN_taligned_K_taligned|steel_gemm_splitk_accum_bfloat16_float32|steel_gemm_splitk_nt_bfloat16_float32_bm32_bn32_bk16_wm2_wn2_MN_taligned_K_taligned|steel_gemm_splitk_accum_bfloat16_float32|steel_gemm_fused_nt_bfloat16_bfloat16_bm64_bn64_bk16_wm2_wn2_has_batch_n_use_out_source_n_do_axpby_n_align_M_t_align_N_t_align_K_t|steel_gemm_splitk_nt_bfloat16_float32_bm32_bn32_bk16_wm2_wn2_MN_taligned_K_taligned|steel_gemm_splitk_accum_bfloat16_float32|custom_kernel_laguna_prefill_sliding_qk_norm_rope_bf16_128_h1_v2_bfloat16_t_bfloat16_t_bfloat16_t_bfloat16_t_float_int32_tc_bfloat16_t_bfloat16_t|steel_attention_bfloat16_bq32_bk16_bd128_wm4_wn1_maskbfloat16_align_Q_t_align_K_t_has_mask_n_do_causal_t_has_sinks_n|Cf4IAsTypeADf4IBroadcastCBEf4IBroadcastBCFf4ILogAddExpDEGV2OAsTypeF_VC_V2_10408321403207385874_contiguous|g2_Multiplybfloat16|steel_gemm_fused_nt_bfloat16_bfloat16_bm64_bn64_bk16_wm2_wn2_has_batch_n_use_out_source_n_do_axpby_n_align_M_t_align_N_t_align_K_t|custom_kernel_laguna_residual_rms_bf16_2048_v1_bfloat16_t_bfloat16_t_bfloat16_t_bfloat16_t_bfloat16_t|steel_gemm_splitk_nt_bfloat16_float32_bm32_bn32_bk16_wm2_wn2_MN_taligned_K_taligned|steel_gemm_splitk_accum_bfloat16_float32|custom_kernel_laguna_prefill_router_tournament_ordinal_norm_v1_bfloat16_t_float_uint32_t_float|custom_kernel_mlx_lm_route_csort_scatter_fused_m8_u32_v4_uint32_t_uint32_t_uint32_t_uint32_t|gather_frontbfloat16_uint32_int_2|arangeuint32|nvfp4_gather_qmm_rhs_nt_bfloat16_t_gs_16_b_4_bm_16_bn_32_bk_32_wm_1_wn_2_align_M_t_align_N_t_align_K_t|nvfp4_qmm_t_splitk_fused_bfloat16_t_gs_16_b_4_alN_true|nvfp4_qmm_t_splitk_fused_bfloat16_t_gs_16_b_4_alN_true|g2_copybfloat16bfloat16|g2_copybfloat16bfloat16|CV2ISigmoidADV2IBroadcastACEV2IBroadcastCAFV2IMultiplyDEGV2IBroadcastFBHV2IBroadcastBFIV2OMultiplyGH_VV_V2V2_11160318154034397263_contiguous|arangeuint32|CV2ISigmoidADV2IBroadcastACEV2IBroadcastCAFV2IMultiplyDEGV2IBroadcastFBHV2IBroadcastBFIV2OMultiplyGH_VV_V2V2_11160318154034397263_contiguous|nvfp4_qmm_t_bfloat16_t_gs_16_b_4_alN_true_batch_0|nvfp4_gather_qmm_rhs_nt_bfloat16_t_gs_16_b_4_bm_16_bn_32_bk_32_wm_1_wn_2_align_M_t_align_N_t_align_K_t
GPUPROF 187993.449656875 187993.449738000 1 23101440 custom_kernel_laguna_prefill_sorted_moe_tail_bf16_v1_bfloat16_t_uint32_t_float_bfloat16_t_bfloat16_t_bfloat16_t
GPUPROF 187993.449738792 187993.464125375 30 636347908 rmsbfloat16|steel_gemm_splitk_nt_bfloat16_float32_bm32_bn32_bk16_wm2_wn2_MN_taligned_K_taligned|steel_gemm_splitk_accum_bfloat16_float32|steel_gemm_splitk_nt_bfloat16_float32_bm32_bn32_bk16_wm2_wn2_MN_taligned_K_taligned|steel_gemm_splitk_accum_bfloat16_float32|steel_gemm_fused_nt_bfloat16_bfloat16_bm64_bn64_bk16_wm2_wn2_has_batch_n_use_out_source_n_do_axpby_n_align_M_t_align_N_t_align_K_t|steel_gemm_splitk_nt_bfloat16_float32_bm32_bn32_bk16_wm2_wn2_MN_taligned_K_taligned|steel_gemm_splitk_accum_bfloat16_float32|custom_kernel_laguna_prefill_sliding_qk_norm_rope_bf16_128_h1_v2_bfloat16_t_bfloat16_t_bfloat16_t_bfloat16_t_float_int32_tc_bfloat16_t_bfloat16_t|steel_attention_bfloat16_bq32_bk16_bd128_wm4_wn1_maskbfloat16_align_Q_t_align_K_t_has_mask_n_do_causal_t_has_sinks_n|Cf4IAsTypeADf4IBroadcastCBEf4IBroadcastBCFf4ILogAddExpDEGV2OAsTypeF_VC_V2_10408321403207385874_contiguous|g2_Multiplybfloat16|steel_gemm_fused_nt_bfloat16_bfloat16_bm64_bn64_bk16_wm2_wn2_has_batch_n_use_out_source_n_do_axpby_n_align_M_t_align_N_t_align_K_t|custom_kernel_laguna_residual_rms_bf16_2048_v1_bfloat16_t_bfloat16_t_bfloat16_t_bfloat16_t_bfloat16_t|steel_gemm_splitk_nt_bfloat16_float32_bm32_bn32_bk16_wm2_wn2_MN_taligned_K_taligned|steel_gemm_splitk_accum_bfloat16_float32|custom_kernel_laguna_prefill_router_tournament_ordinal_norm_v1_bfloat16_t_float_uint32_t_float|custom_kernel_mlx_lm_route_csort_scatter_fused_m8_u32_v4_uint32_t_uint32_t_uint32_t_uint32_t|gather_frontbfloat16_uint32_int_2|arangeuint32|nvfp4_gather_qmm_rhs_nt_bfloat16_t_gs_16_b_4_bm_16_bn_32_bk_32_wm_1_wn_2_align_M_t_align_N_t_align_K_t|nvfp4_qmm_t_splitk_fused_bfloat16_t_gs_16_b_4_alN_true|nvfp4_qmm_t_splitk_fused_bfloat16_t_gs_16_b_4_alN_true|g2_copybfloat16bfloat16|g2_copybfloat16bfloat16|CV2ISigmoidADV2IBroadcastACEV2IBroadcastCAFV2IMultiplyDEGV2IBroadcastFBHV2IBroadcastBFIV2OMultiplyGH_VV_V2V2_11160318154034397263_contiguous|arangeuint32|CV2ISigmoidADV2IBroadcastACEV2IBroadcastCAFV2IMultiplyDEGV2IBroadcastFBHV2IBroadcastBFIV2OMultiplyGH_VV_V2V2_11160318154034397263_contiguous|nvfp4_qmm_t_bfloat16_t_gs_16_b_4_alN_true_batch_0|nvfp4_gather_qmm_rhs_nt_bfloat16_t_gs_16_b_4_bm_16_bn_32_bk_32_wm_1_wn_2_align_M_t_align_N_t_align_K_t
GPUPROF 187993.464126125 187993.464209750 1 23101440 custom_kernel_laguna_prefill_sorted_moe_tail_bf16_v1_bfloat16_t_uint32_t_float_bfloat16_t_bfloat16_t_bfloat16_t
GPUPROF 187993.464210625 187993.478697500 30 636347908 rmsbfloat16|steel_gemm_splitk_nt_bfloat16_float32_bm32_bn32_bk16_wm2_wn2_MN_taligned_K_taligned|steel_gemm_splitk_accum_bfloat16_float32|steel_gemm_splitk_nt_bfloat16_float32_bm32_bn32_bk16_wm2_wn2_MN_taligned_K_taligned|steel_gemm_splitk_accum_bfloat16_float32|steel_gemm_fused_nt_bfloat16_bfloat16_bm64_bn64_bk16_wm2_wn2_has_batch_n_use_out_source_n_do_axpby_n_align_M_t_align_N_t_align_K_t|steel_gemm_splitk_nt_bfloat16_float32_bm32_bn32_bk16_wm2_wn2_MN_taligned_K_taligned|steel_gemm_splitk_accum_bfloat16_float32|custom_kernel_laguna_prefill_sliding_qk_norm_rope_bf16_128_h1_v2_bfloat16_t_bfloat16_t_bfloat16_t_bfloat16_t_float_int32_tc_bfloat16_t_bfloat16_t|steel_attention_bfloat16_bq32_bk16_bd128_wm4_wn1_maskbfloat16_align_Q_t_align_K_t_has_mask_n_do_causal_t_has_sinks_n|Cf4IAsTypeADf4IBroadcastCBEf4IBroadcastBCFf4ILogAddExpDEGV2OAsTypeF_VC_V2_10408321403207385874_contiguous|g2_Multiplybfloat16|steel_gemm_fused_nt_bfloat16_bfloat16_bm64_bn64_bk16_wm2_wn2_has_batch_n_use_out_source_n_do_axpby_n_align_M_t_align_N_t_align_K_t|custom_kernel_laguna_residual_rms_bf16_2048_v1_bfloat16_t_bfloat16_t_bfloat16_t_bfloat16_t_bfloat16_t|steel_gemm_splitk_nt_bfloat16_float32_bm32_bn32_bk16_wm2_wn2_MN_taligned_K_taligned|steel_gemm_splitk_accum_bfloat16_float32|custom_kernel_laguna_prefill_router_tournament_ordinal_norm_v1_bfloat16_t_float_uint32_t_float|custom_kernel_mlx_lm_route_csort_scatter_fused_m8_u32_v4_uint32_t_uint32_t_uint32_t_uint32_t|gather_frontbfloat16_uint32_int_2|arangeuint32|nvfp4_gather_qmm_rhs_nt_bfloat16_t_gs_16_b_4_bm_16_bn_32_bk_32_wm_1_wn_2_align_M_t_align_N_t_align_K_t|nvfp4_qmm_t_splitk_fused_bfloat16_t_gs_16_b_4_alN_true|nvfp4_qmm_t_splitk_fused_bfloat16_t_gs_16_b_4_alN_true|g2_copybfloat16bfloat16|g2_copybfloat16bfloat16|CV2ISigmoidADV2IBroadcastACEV2IBroadcastCAFV2IMultiplyDEGV2IBroadcastFBHV2IBroadcastBFIV2OMultiplyGH_VV_V2V2_11160318154034397263_contiguous|arangeuint32|CV2ISigmoidADV2IBroadcastACEV2IBroadcastCAFV2IMultiplyDEGV2IBroadcastFBHV2IBroadcastBFIV2OMultiplyGH_VV_V2V2_11160318154034397263_contiguous|nvfp4_qmm_t_bfloat16_t_gs_16_b_4_alN_true_batch_0|nvfp4_gather_qmm_rhs_nt_bfloat16_t_gs_16_b_4_bm_16_bn_32_bk_32_wm_1_wn_2_align_M_t_align_N_t_align_K_t
GPUPROF 187993.478716667 187993.478797000 1 23101440 custom_kernel_laguna_prefill_sorted_moe_tail_bf16_v1_bfloat16_t_uint32_t_float_bfloat16_t_bfloat16_t_bfloat16_t
GPUPROF 187993.478797542 187993.491959667 30 612017668 rmsbfloat16|steel_gemm_splitk_nt_bfloat16_float32_bm32_bn32_bk16_wm2_wn2_MN_taligned_K_taligned|steel_gemm_splitk_accum_bfloat16_float32|steel_gemm_splitk_nt_bfloat16_float32_bm32_bn32_bk16_wm2_wn2_MN_taligned_K_taligned|steel_gemm_splitk_accum_bfloat16_float32|steel_gemm_fused_nt_bfloat16_bfloat16_bm64_bn64_bk16_wm2_wn2_has_batch_n_use_out_source_n_do_axpby_n_align_M_t_align_N_t_align_K_t|steel_gemm_splitk_nt_bfloat16_float32_bm32_bn32_bk16_wm2_wn2_MN_naligned_K_taligned|steel_gemm_splitk_accum_bfloat16_float32|custom_kernel_laguna_prefill_full_qk_norm_yarn_bf16_128_h1_v2_bfloat16_t_bfloat16_t_bfloat16_t_bfloat16_t_float_int32_tc_bfloat16_t_bfloat16_t|steel_attention_bfloat16_bq32_bk16_bd128_wm4_wn1_maskbfloat16_align_Q_t_align_K_t_has_mask_n_do_causal_t_has_sinks_n|Cf4IAsTypeADf4IBroadcastCBEf4IBroadcastBCFf4ILogAddExpDEGV2OAsTypeF_VC_V2_10408321403207385874_contiguous|g2_Multiplybfloat16|steel_gemm_fused_nt_bfloat16_bfloat16_bm64_bn64_bk16_wm2_wn2_has_batch_n_use_out_source_n_do_axpby_n_align_M_t_align_N_t_align_K_t|custom_kernel_laguna_residual_rms_bf16_2048_v1_bfloat16_t_bfloat16_t_bfloat16_t_bfloat16_t_bfloat16_t|steel_gemm_splitk_nt_bfloat16_float32_bm32_bn32_bk16_wm2_wn2_MN_taligned_K_taligned|steel_gemm_splitk_accum_bfloat16_float32|custom_kernel_laguna_prefill_router_tournament_ordinal_norm_v1_bfloat16_t_float_uint32_t_float|custom_kernel_mlx_lm_route_csort_scatter_fused_m8_u32_v4_uint32_t_uint32_t_uint32_t_uint32_t|gather_frontbfloat16_uint32_int_2|arangeuint32|nvfp4_gather_qmm_rhs_nt_bfloat16_t_gs_16_b_4_bm_16_bn_32_bk_32_wm_1_wn_2_align_M_t_align_N_t_align_K_t|nvfp4_qmm_t_splitk_fused_bfloat16_t_gs_16_b_4_alN_true|nvfp4_qmm_t_splitk_fused_bfloat16_t_gs_16_b_4_alN_true|g2_copybfloat16bfloat16|g2_copybfloat16bfloat16|CV2ISigmoidADV2IBroadcastACEV2IBroadcastCAFV2IMultiplyDEGV2IBroadcastFBHV2IBroadcastBFIV2OMultiplyGH_VV_V2V2_11160318154034397263_contiguous|arangeuint32|CV2ISigmoidADV2IBroadcastACEV2IBroadcastCAFV2IMultiplyDEGV2IBroadcastFBHV2IBroadcastBFIV2OMultiplyGH_VV_V2V2_11160318154034397263_contiguous|nvfp4_qmm_t_bfloat16_t_gs_16_b_4_alN_true_batch_0|nvfp4_gather_qmm_rhs_nt_bfloat16_t_gs_16_b_4_bm_16_bn_32_bk_32_wm_1_wn_2_align_M_t_align_N_t_align_K_t
GPUPROF 187993.491974917 187993.492054667 1 23101440 custom_kernel_laguna_prefill_sorted_moe_tail_bf16_v1_bfloat16_t_uint32_t_float_bfloat16_t_bfloat16_t_bfloat16_t
GPUPROF 187993.492055417 187993.506465917 30 636347908 rmsbfloat16|steel_gemm_splitk_nt_bfloat16_float32_bm32_bn32_bk16_wm2_wn2_MN_taligned_K_taligned|steel_gemm_splitk_accum_bfloat16_float32|steel_gemm_splitk_nt_bfloat16_float32_bm32_bn32_bk16_wm2_wn2_MN_taligned_K_taligned|steel_gemm_splitk_accum_bfloat16_float32|steel_gemm_fused_nt_bfloat16_bfloat16_bm64_bn64_bk16_wm2_wn2_has_batch_n_use_out_source_n_do_axpby_n_align_M_t_align_N_t_align_K_t|steel_gemm_splitk_nt_bfloat16_float32_bm32_bn32_bk16_wm2_wn2_MN_taligned_K_taligned|steel_gemm_splitk_accum_bfloat16_float32|custom_kernel_laguna_prefill_sliding_qk_norm_rope_bf16_128_h1_v2_bfloat16_t_bfloat16_t_bfloat16_t_bfloat16_t_float_int32_tc_bfloat16_t_bfloat16_t|steel_attention_bfloat16_bq32_bk16_bd128_wm4_wn1_maskbfloat16_align_Q_t_align_K_t_has_mask_n_do_causal_t_has_sinks_n|Cf4IAsTypeADf4IBroadcastCBEf4IBroadcastBCFf4ILogAddExpDEGV2OAsTypeF_VC_V2_10408321403207385874_contiguous|g2_Multiplybfloat16|steel_gemm_fused_nt_bfloat16_bfloat16_bm64_bn64_bk16_wm2_wn2_has_batch_n_use_out_source_n_do_axpby_n_align_M_t_align_N_t_align_K_t|custom_kernel_laguna_residual_rms_bf16_2048_v1_bfloat16_t_bfloat16_t_bfloat16_t_bfloat16_t_bfloat16_t|steel_gemm_splitk_nt_bfloat16_float32_bm32_bn32_bk16_wm2_wn2_MN_taligned_K_taligned|steel_gemm_splitk_accum_bfloat16_float32|custom_kernel_laguna_prefill_router_tournament_ordinal_norm_v1_bfloat16_t_float_uint32_t_float|custom_kernel_mlx_lm_route_csort_scatter_fused_m8_u32_v4_uint32_t_uint32_t_uint32_t_uint32_t|gather_frontbfloat16_uint32_int_2|arangeuint32|nvfp4_gather_qmm_rhs_nt_bfloat16_t_gs_16_b_4_bm_16_bn_32_bk_32_wm_1_wn_2_align_M_t_align_N_t_align_K_t|nvfp4_qmm_t_splitk_fused_bfloat16_t_gs_16_b_4_alN_true|nvfp4_qmm_t_splitk_fused_bfloat16_t_gs_16_b_4_alN_true|g2_copybfloat16bfloat16|g2_copybfloat16bfloat16|CV2ISigmoidADV2IBroadcastACEV2IBroadcastCAFV2IMultiplyDEGV2IBroadcastFBHV2IBroadcastBFIV2OMultiplyGH_VV_V2V2_11160318154034397263_contiguous|arangeuint32|CV2ISigmoidADV2IBroadcastACEV2IBroadcastCAFV2IMultiplyDEGV2IBroadcastFBHV2IBroadcastBFIV2OMultiplyGH_VV_V2V2_11160318154034397263_contiguous|nvfp4_qmm_t_bfloat16_t_gs_16_b_4_alN_true_batch_0|nvfp4_gather_qmm_rhs_nt_bfloat16_t_gs_16_b_4_bm_16_bn_32_bk_32_wm_1_wn_2_align_M_t_align_N_t_align_K_t
GPUPROF 187993.506466667 187993.506548375 1 23101440 custom_kernel_laguna_prefill_sorted_moe_tail_bf16_v1_bfloat16_t_uint32_t_float_bfloat16_t_bfloat16_t_bfloat16_t
GPUPROF 187993.506549167 187993.521027500 30 636347908 rmsbfloat16|steel_gemm_splitk_nt_bfloat16_float32_bm32_bn32_bk16_wm2_wn2_MN_taligned_K_taligned|steel_gemm_splitk_accum_bfloat16_float32|steel_gemm_splitk_nt_bfloat16_float32_bm32_bn32_bk16_wm2_wn2_MN_taligned_K_taligned|steel_gemm_splitk_accum_bfloat16_float32|steel_gemm_fused_nt_bfloat16_bfloat16_bm64_bn64_bk16_wm2_wn2_has_batch_n_use_out_source_n_do_axpby_n_align_M_t_align_N_t_align_K_t|steel_gemm_splitk_nt_bfloat16_float32_bm32_bn32_bk16_wm2_wn2_MN_taligned_K_taligned|steel_gemm_splitk_accum_bfloat16_float32|custom_kernel_laguna_prefill_sliding_qk_norm_rope_bf16_128_h1_v2_bfloat16_t_bfloat16_t_bfloat16_t_bfloat16_t_float_int32_tc_bfloat16_t_bfloat16_t|steel_attention_bfloat16_bq32_bk16_bd128_wm4_wn1_maskbfloat16_align_Q_t_align_K_t_has_mask_n_do_causal_t_has_sinks_n|Cf4IAsTypeADf4IBroadcastCBEf4IBroadcastBCFf4ILogAddExpDEGV2OAsTypeF_VC_V2_10408321403207385874_contiguous|g2_Multiplybfloat16|steel_gemm_fused_nt_bfloat16_bfloat16_bm64_bn64_bk16_wm2_wn2_has_batch_n_use_out_source_n_do_axpby_n_align_M_t_align_N_t_align_K_t|custom_kernel_laguna_residual_rms_bf16_2048_v1_bfloat16_t_bfloat16_t_bfloat16_t_bfloat16_t_bfloat16_t|steel_gemm_splitk_nt_bfloat16_float32_bm32_bn32_bk16_wm2_wn2_MN_taligned_K_taligned|steel_gemm_splitk_accum_bfloat16_float32|custom_kernel_laguna_prefill_router_tournament_ordinal_norm_v1_bfloat16_t_float_uint32_t_float|custom_kernel_mlx_lm_route_csort_scatter_fused_m8_u32_v4_uint32_t_uint32_t_uint32_t_uint32_t|gather_frontbfloat16_uint32_int_2|arangeuint32|nvfp4_gather_qmm_rhs_nt_bfloat16_t_gs_16_b_4_bm_16_bn_32_bk_32_wm_1_wn_2_align_M_t_align_N_t_align_K_t|nvfp4_qmm_t_splitk_fused_bfloat16_t_gs_16_b_4_alN_true|nvfp4_qmm_t_splitk_fused_bfloat16_t_gs_16_b_4_alN_true|g2_copybfloat16bfloat16|g2_copybfloat16bfloat16|CV2ISigmoidADV2IBroadcastACEV2IBroadcastCAFV2IMultiplyDEGV2IBroadcastFBHV2IBroadcastBFIV2OMultiplyGH_VV_V2V2_11160318154034397263_contiguous|arangeuint32|CV2ISigmoidADV2IBroadcastACEV2IBroadcastCAFV2IMultiplyDEGV2IBroadcastFBHV2IBroadcastBFIV2OMultiplyGH_VV_V2V2_11160318154034397263_contiguous|nvfp4_qmm_t_bfloat16_t_gs_16_b_4_alN_true_batch_0|nvfp4_gather_qmm_rhs_nt_bfloat16_t_gs_16_b_4_bm_16_bn_32_bk_32_wm_1_wn_2_align_M_t_align_N_t_align_K_t
GPUPROF 187993.521042875 187993.521122292 1 23101440 custom_kernel_laguna_prefill_sorted_moe_tail_bf16_v1_bfloat16_t_uint32_t_float_bfloat16_t_bfloat16_t_bfloat16_t
GPUPROF 187993.521123125 187993.535479875 30 636347908 rmsbfloat16|steel_gemm_splitk_nt_bfloat16_float32_bm32_bn32_bk16_wm2_wn2_MN_taligned_K_taligned|steel_gemm_splitk_accum_bfloat16_float32|steel_gemm_splitk_nt_bfloat16_float32_bm32_bn32_bk16_wm2_wn2_MN_taligned_K_taligned|steel_gemm_splitk_accum_bfloat16_float32|steel_gemm_fused_nt_bfloat16_bfloat16_bm64_bn64_bk16_wm2_wn2_has_batch_n_use_out_source_n_do_axpby_n_align_M_t_align_N_t_align_K_t|steel_gemm_splitk_nt_bfloat16_float32_bm32_bn32_bk16_wm2_wn2_MN_taligned_K_taligned|steel_gemm_splitk_accum_bfloat16_float32|custom_kernel_laguna_prefill_sliding_qk_norm_rope_bf16_128_h1_v2_bfloat16_t_bfloat16_t_bfloat16_t_bfloat16_t_float_int32_tc_bfloat16_t_bfloat16_t|steel_attention_bfloat16_bq32_bk16_bd128_wm4_wn1_maskbfloat16_align_Q_t_align_K_t_has_mask_n_do_causal_t_has_sinks_n|Cf4IAsTypeADf4IBroadcastCBEf4IBroadcastBCFf4ILogAddExpDEGV2OAsTypeF_VC_V2_10408321403207385874_contiguous|g2_Multiplybfloat16|steel_gemm_fused_nt_bfloat16_bfloat16_bm64_bn64_bk16_wm2_wn2_has_batch_n_use_out_source_n_do_axpby_n_align_M_t_align_N_t_align_K_t|custom_kernel_laguna_residual_rms_bf16_2048_v1_bfloat16_t_bfloat16_t_bfloat16_t_bfloat16_t_bfloat16_t|steel_gemm_splitk_nt_bfloat16_float32_bm32_bn32_bk16_wm2_wn2_MN_taligned_K_taligned|steel_gemm_splitk_accum_bfloat16_float32|custom_kernel_laguna_prefill_router_tournament_ordinal_norm_v1_bfloat16_t_float_uint32_t_float|custom_kernel_mlx_lm_route_csort_scatter_fused_m8_u32_v4_uint32_t_uint32_t_uint32_t_uint32_t|gather_frontbfloat16_uint32_int_2|arangeuint32|nvfp4_gather_qmm_rhs_nt_bfloat16_t_gs_16_b_4_bm_16_bn_32_bk_32_wm_1_wn_2_align_M_t_align_N_t_align_K_t|nvfp4_qmm_t_splitk_fused_bfloat16_t_gs_16_b_4_alN_true|nvfp4_qmm_t_splitk_fused_bfloat16_t_gs_16_b_4_alN_true|g2_copybfloat16bfloat16|g2_copybfloat16bfloat16|CV2ISigmoidADV2IBroadcastACEV2IBroadcastCAFV2IMultiplyDEGV2IBroadcastFBHV2IBroadcastBFIV2OMultiplyGH_VV_V2V2_11160318154034397263_contiguous|arangeuint32|CV2ISigmoidADV2IBroadcastACEV2IBroadcastCAFV2IMultiplyDEGV2IBroadcastFBHV2IBroadcastBFIV2OMultiplyGH_VV_V2V2_11160318154034397263_contiguous|nvfp4_qmm_t_bfloat16_t_gs_16_b_4_alN_true_batch_0|nvfp4_gather_qmm_rhs_nt_bfloat16_t_gs_16_b_4_bm_16_bn_32_bk_32_wm_1_wn_2_align_M_t_align_N_t_align_K_t
GPUPROF 187993.535480625 187993.535561417 1 23101440 custom_kernel_laguna_prefill_sorted_moe_tail_bf16_v1_bfloat16_t_uint32_t_float_bfloat16_t_bfloat16_t_bfloat16_t
GPUPROF 187993.535562500 187993.548514250 30 612017668 rmsbfloat16|steel_gemm_splitk_nt_bfloat16_float32_bm32_bn32_bk16_wm2_wn2_MN_taligned_K_taligned|steel_gemm_splitk_accum_bfloat16_float32|steel_gemm_splitk_nt_bfloat16_float32_bm32_bn32_bk16_wm2_wn2_MN_taligned_K_taligned|steel_gemm_splitk_accum_bfloat16_float32|steel_gemm_fused_nt_bfloat16_bfloat16_bm64_bn64_bk16_wm2_wn2_has_batch_n_use_out_source_n_do_axpby_n_align_M_t_align_N_t_align_K_t|steel_gemm_splitk_nt_bfloat16_float32_bm32_bn32_bk16_wm2_wn2_MN_naligned_K_taligned|steel_gemm_splitk_accum_bfloat16_float32|custom_kernel_laguna_prefill_full_qk_norm_yarn_bf16_128_h1_v2_bfloat16_t_bfloat16_t_bfloat16_t_bfloat16_t_float_int32_tc_bfloat16_t_bfloat16_t|steel_attention_bfloat16_bq32_bk16_bd128_wm4_wn1_maskbfloat16_align_Q_t_align_K_t_has_mask_n_do_causal_t_has_sinks_n|Cf4IAsTypeADf4IBroadcastCBEf4IBroadcastBCFf4ILogAddExpDEGV2OAsTypeF_VC_V2_10408321403207385874_contiguous|g2_Multiplybfloat16|steel_gemm_fused_nt_bfloat16_bfloat16_bm64_bn64_bk16_wm2_wn2_has_batch_n_use_out_source_n_do_axpby_n_align_M_t_align_N_t_align_K_t|custom_kernel_laguna_residual_rms_bf16_2048_v1_bfloat16_t_bfloat16_t_bfloat16_t_bfloat16_t_bfloat16_t|steel_gemm_splitk_nt_bfloat16_float32_bm32_bn32_bk16_wm2_wn2_MN_taligned_K_taligned|steel_gemm_splitk_accum_bfloat16_float32|custom_kernel_laguna_prefill_router_tournament_ordinal_norm_v1_bfloat16_t_float_uint32_t_float|custom_kernel_mlx_lm_route_csort_scatter_fused_m8_u32_v4_uint32_t_uint32_t_uint32_t_uint32_t|gather_frontbfloat16_uint32_int_2|arangeuint32|nvfp4_gather_qmm_rhs_nt_bfloat16_t_gs_16_b_4_bm_16_bn_32_bk_32_wm_1_wn_2_align_M_t_align_N_t_align_K_t|nvfp4_qmm_t_splitk_fused_bfloat16_t_gs_16_b_4_alN_true|nvfp4_qmm_t_splitk_fused_bfloat16_t_gs_16_b_4_alN_true|g2_copybfloat16bfloat16|g2_copybfloat16bfloat16|CV2ISigmoidADV2IBroadcastACEV2IBroadcastCAFV2IMultiplyDEGV2IBroadcastFBHV2IBroadcastBFIV2OMultiplyGH_VV_V2V2_11160318154034397263_contiguous|arangeuint32|CV2ISigmoidADV2IBroadcastACEV2IBroadcastCAFV2IMultiplyDEGV2IBroadcastFBHV2IBroadcastBFIV2OMultiplyGH_VV_V2V2_11160318154034397263_contiguous|nvfp4_qmm_t_bfloat16_t_gs_16_b_4_alN_true_batch_0|nvfp4_gather_qmm_rhs_nt_bfloat16_t_gs_16_b_4_bm_16_bn_32_bk_32_wm_1_wn_2_align_M_t_align_N_t_align_K_t
GPUPROF 187993.548514917 187993.548598000 1 23101440 custom_kernel_laguna_prefill_sorted_moe_tail_bf16_v1_bfloat16_t_uint32_t_float_bfloat16_t_bfloat16_t_bfloat16_t
GPUPROF 187993.548598792 187993.562891125 30 636347908 rmsbfloat16|steel_gemm_splitk_nt_bfloat16_float32_bm32_bn32_bk16_wm2_wn2_MN_taligned_K_taligned|steel_gemm_splitk_accum_bfloat16_float32|steel_gemm_splitk_nt_bfloat16_float32_bm32_bn32_bk16_wm2_wn2_MN_taligned_K_taligned|steel_gemm_splitk_accum_bfloat16_float32|steel_gemm_fused_nt_bfloat16_bfloat16_bm64_bn64_bk16_wm2_wn2_has_batch_n_use_out_source_n_do_axpby_n_align_M_t_align_N_t_align_K_t|steel_gemm_splitk_nt_bfloat16_float32_bm32_bn32_bk16_wm2_wn2_MN_taligned_K_taligned|steel_gemm_splitk_accum_bfloat16_float32|custom_kernel_laguna_prefill_sliding_qk_norm_rope_bf16_128_h1_v2_bfloat16_t_bfloat16_t_bfloat16_t_bfloat16_t_float_int32_tc_bfloat16_t_bfloat16_t|steel_attention_bfloat16_bq32_bk16_bd128_wm4_wn1_maskbfloat16_align_Q_t_align_K_t_has_mask_n_do_causal_t_has_sinks_n|Cf4IAsTypeADf4IBroadcastCBEf4IBroadcastBCFf4ILogAddExpDEGV2OAsTypeF_VC_V2_10408321403207385874_contiguous|g2_Multiplybfloat16|steel_gemm_fused_nt_bfloat16_bfloat16_bm64_bn64_bk16_wm2_wn2_has_batch_n_use_out_source_n_do_axpby_n_align_M_t_align_N_t_align_K_t|custom_kernel_laguna_residual_rms_bf16_2048_v1_bfloat16_t_bfloat16_t_bfloat16_t_bfloat16_t_bfloat16_t|steel_gemm_splitk_nt_bfloat16_float32_bm32_bn32_bk16_wm2_wn2_MN_taligned_K_taligned|steel_gemm_splitk_accum_bfloat16_float32|custom_kernel_laguna_prefill_router_tournament_ordinal_norm_v1_bfloat16_t_float_uint32_t_float|custom_kernel_mlx_lm_route_csort_scatter_fused_m8_u32_v4_uint32_t_uint32_t_uint32_t_uint32_t|gather_frontbfloat16_uint32_int_2|arangeuint32|nvfp4_gather_qmm_rhs_nt_bfloat16_t_gs_16_b_4_bm_16_bn_32_bk_32_wm_1_wn_2_align_M_t_align_N_t_align_K_t|nvfp4_qmm_t_splitk_fused_bfloat16_t_gs_16_b_4_alN_true|nvfp4_qmm_t_splitk_fused_bfloat16_t_gs_16_b_4_alN_true|g2_copybfloat16bfloat16|g2_copybfloat16bfloat16|CV2ISigmoidADV2IBroadcastACEV2IBroadcastCAFV2IMultiplyDEGV2IBroadcastFBHV2IBroadcastBFIV2OMultiplyGH_VV_V2V2_11160318154034397263_contiguous|arangeuint32|CV2ISigmoidADV2IBroadcastACEV2IBroadcastCAFV2IMultiplyDEGV2IBroadcastFBHV2IBroadcastBFIV2OMultiplyGH_VV_V2V2_11160318154034397263_contiguous|nvfp4_qmm_t_bfloat16_t_gs_16_b_4_alN_true_batch_0|nvfp4_gather_qmm_rhs_nt_bfloat16_t_gs_16_b_4_bm_16_bn_32_bk_32_wm_1_wn_2_align_M_t_align_N_t_align_K_t
GPUPROF 187993.562891792 187993.562974000 1 23101440 custom_kernel_laguna_prefill_sorted_moe_tail_bf16_v1_bfloat16_t_uint32_t_float_bfloat16_t_bfloat16_t_bfloat16_t
GPUPROF 187993.562974792 187993.577226000 30 636347908 rmsbfloat16|steel_gemm_splitk_nt_bfloat16_float32_bm32_bn32_bk16_wm2_wn2_MN_taligned_K_taligned|steel_gemm_splitk_accum_bfloat16_float32|steel_gemm_splitk_nt_bfloat16_float32_bm32_bn32_bk16_wm2_wn2_MN_taligned_K_taligned|steel_gemm_splitk_accum_bfloat16_float32|steel_gemm_fused_nt_bfloat16_bfloat16_bm64_bn64_bk16_wm2_wn2_has_batch_n_use_out_source_n_do_axpby_n_align_M_t_align_N_t_align_K_t|steel_gemm_splitk_nt_bfloat16_float32_bm32_bn32_bk16_wm2_wn2_MN_taligned_K_taligned|steel_gemm_splitk_accum_bfloat16_float32|custom_kernel_laguna_prefill_sliding_qk_norm_rope_bf16_128_h1_v2_bfloat16_t_bfloat16_t_bfloat16_t_bfloat16_t_float_int32_tc_bfloat16_t_bfloat16_t|steel_attention_bfloat16_bq32_bk16_bd128_wm4_wn1_maskbfloat16_align_Q_t_align_K_t_has_mask_n_do_causal_t_has_sinks_n|Cf4IAsTypeADf4IBroadcastCBEf4IBroadcastBCFf4ILogAddExpDEGV2OAsTypeF_VC_V2_10408321403207385874_contiguous|g2_Multiplybfloat16|steel_gemm_fused_nt_bfloat16_bfloat16_bm64_bn64_bk16_wm2_wn2_has_batch_n_use_out_source_n_do_axpby_n_align_M_t_align_N_t_align_K_t|custom_kernel_laguna_residual_rms_bf16_2048_v1_bfloat16_t_bfloat16_t_bfloat16_t_bfloat16_t_bfloat16_t|steel_gemm_splitk_nt_bfloat16_float32_bm32_bn32_bk16_wm2_wn2_MN_taligned_K_taligned|steel_gemm_splitk_accum_bfloat16_float32|custom_kernel_laguna_prefill_router_tournament_ordinal_norm_v1_bfloat16_t_float_uint32_t_float|custom_kernel_mlx_lm_route_csort_scatter_fused_m8_u32_v4_uint32_t_uint32_t_uint32_t_uint32_t|gather_frontbfloat16_uint32_int_2|arangeuint32|nvfp4_gather_qmm_rhs_nt_bfloat16_t_gs_16_b_4_bm_16_bn_32_bk_32_wm_1_wn_2_align_M_t_align_N_t_align_K_t|nvfp4_qmm_t_splitk_fused_bfloat16_t_gs_16_b_4_alN_true|nvfp4_qmm_t_splitk_fused_bfloat16_t_gs_16_b_4_alN_true|g2_copybfloat16bfloat16|g2_copybfloat16bfloat16|CV2ISigmoidADV2IBroadcastACEV2IBroadcastCAFV2IMultiplyDEGV2IBroadcastFBHV2IBroadcastBFIV2OMultiplyGH_VV_V2V2_11160318154034397263_contiguous|arangeuint32|CV2ISigmoidADV2IBroadcastACEV2IBroadcastCAFV2IMultiplyDEGV2IBroadcastFBHV2IBroadcastBFIV2OMultiplyGH_VV_V2V2_11160318154034397263_contiguous|nvfp4_qmm_t_bfloat16_t_gs_16_b_4_alN_true_batch_0|nvfp4_gather_qmm_rhs_nt_bfloat16_t_gs_16_b_4_bm_16_bn_32_bk_32_wm_1_wn_2_align_M_t_align_N_t_align_K_t
GPUPROF 187993.577226750 187993.577308500 1 23101440 custom_kernel_laguna_prefill_sorted_moe_tail_bf16_v1_bfloat16_t_uint32_t_float_bfloat16_t_bfloat16_t_bfloat16_t
GPUPROF 187993.577309250 187993.591473125 30 636347908 rmsbfloat16|steel_gemm_splitk_nt_bfloat16_float32_bm32_bn32_bk16_wm2_wn2_MN_taligned_K_taligned|steel_gemm_splitk_accum_bfloat16_float32|steel_gemm_splitk_nt_bfloat16_float32_bm32_bn32_bk16_wm2_wn2_MN_taligned_K_taligned|steel_gemm_splitk_accum_bfloat16_float32|steel_gemm_fused_nt_bfloat16_bfloat16_bm64_bn64_bk16_wm2_wn2_has_batch_n_use_out_source_n_do_axpby_n_align_M_t_align_N_t_align_K_t|steel_gemm_splitk_nt_bfloat16_float32_bm32_bn32_bk16_wm2_wn2_MN_taligned_K_taligned|steel_gemm_splitk_accum_bfloat16_float32|custom_kernel_laguna_prefill_sliding_qk_norm_rope_bf16_128_h1_v2_bfloat16_t_bfloat16_t_bfloat16_t_bfloat16_t_float_int32_tc_bfloat16_t_bfloat16_t|steel_attention_bfloat16_bq32_bk16_bd128_wm4_wn1_maskbfloat16_align_Q_t_align_K_t_has_mask_n_do_causal_t_has_sinks_n|Cf4IAsTypeADf4IBroadcastCBEf4IBroadcastBCFf4ILogAddExpDEGV2OAsTypeF_VC_V2_10408321403207385874_contiguous|g2_Multiplybfloat16|steel_gemm_fused_nt_bfloat16_bfloat16_bm64_bn64_bk16_wm2_wn2_has_batch_n_use_out_source_n_do_axpby_n_align_M_t_align_N_t_align_K_t|custom_kernel_laguna_residual_rms_bf16_2048_v1_bfloat16_t_bfloat16_t_bfloat16_t_bfloat16_t_bfloat16_t|steel_gemm_splitk_nt_bfloat16_float32_bm32_bn32_bk16_wm2_wn2_MN_taligned_K_taligned|steel_gemm_splitk_accum_bfloat16_float32|custom_kernel_laguna_prefill_router_tournament_ordinal_norm_v1_bfloat16_t_float_uint32_t_float|custom_kernel_mlx_lm_route_csort_scatter_fused_m8_u32_v4_uint32_t_uint32_t_uint32_t_uint32_t|gather_frontbfloat16_uint32_int_2|arangeuint32|nvfp4_gather_qmm_rhs_nt_bfloat16_t_gs_16_b_4_bm_16_bn_32_bk_32_wm_1_wn_2_align_M_t_align_N_t_align_K_t|nvfp4_qmm_t_splitk_fused_bfloat16_t_gs_16_b_4_alN_true|nvfp4_qmm_t_splitk_fused_bfloat16_t_gs_16_b_4_alN_true|g2_copybfloat16bfloat16|g2_copybfloat16bfloat16|CV2ISigmoidADV2IBroadcastACEV2IBroadcastCAFV2IMultiplyDEGV2IBroadcastFBHV2IBroadcastBFIV2OMultiplyGH_VV_V2V2_11160318154034397263_contiguous|arangeuint32|CV2ISigmoidADV2IBroadcastACEV2IBroadcastCAFV2IMultiplyDEGV2IBroadcastFBHV2IBroadcastBFIV2OMultiplyGH_VV_V2V2_11160318154034397263_contiguous|nvfp4_qmm_t_bfloat16_t_gs_16_b_4_alN_true_batch_0|nvfp4_gather_qmm_rhs_nt_bfloat16_t_gs_16_b_4_bm_16_bn_32_bk_32_wm_1_wn_2_align_M_t_align_N_t_align_K_t
GPUPROF 187993.591476625 187993.591556125 1 23101440 custom_kernel_laguna_prefill_sorted_moe_tail_bf16_v1_bfloat16_t_uint32_t_float_bfloat16_t_bfloat16_t_bfloat16_t
GPUPROF 187993.591556875 187993.604231667 30 612017668 rmsbfloat16|steel_gemm_splitk_nt_bfloat16_float32_bm32_bn32_bk16_wm2_wn2_MN_taligned_K_taligned|steel_gemm_splitk_accum_bfloat16_float32|steel_gemm_splitk_nt_bfloat16_float32_bm32_bn32_bk16_wm2_wn2_MN_taligned_K_taligned|steel_gemm_splitk_accum_bfloat16_float32|steel_gemm_fused_nt_bfloat16_bfloat16_bm64_bn64_bk16_wm2_wn2_has_batch_n_use_out_source_n_do_axpby_n_align_M_t_align_N_t_align_K_t|steel_gemm_splitk_nt_bfloat16_float32_bm32_bn32_bk16_wm2_wn2_MN_naligned_K_taligned|steel_gemm_splitk_accum_bfloat16_float32|custom_kernel_laguna_prefill_full_qk_norm_yarn_bf16_128_h1_v2_bfloat16_t_bfloat16_t_bfloat16_t_bfloat16_t_float_int32_tc_bfloat16_t_bfloat16_t|steel_attention_bfloat16_bq32_bk16_bd128_wm4_wn1_maskbfloat16_align_Q_t_align_K_t_has_mask_n_do_causal_t_has_sinks_n|Cf4IAsTypeADf4IBroadcastCBEf4IBroadcastBCFf4ILogAddExpDEGV2OAsTypeF_VC_V2_10408321403207385874_contiguous|g2_Multiplybfloat16|steel_gemm_fused_nt_bfloat16_bfloat16_bm64_bn64_bk16_wm2_wn2_has_batch_n_use_out_source_n_do_axpby_n_align_M_t_align_N_t_align_K_t|custom_kernel_laguna_residual_rms_bf16_2048_v1_bfloat16_t_bfloat16_t_bfloat16_t_bfloat16_t_bfloat16_t|steel_gemm_splitk_nt_bfloat16_float32_bm32_bn32_bk16_wm2_wn2_MN_taligned_K_taligned|steel_gemm_splitk_accum_bfloat16_float32|custom_kernel_laguna_prefill_router_tournament_ordinal_norm_v1_bfloat16_t_float_uint32_t_float|custom_kernel_mlx_lm_route_csort_scatter_fused_m8_u32_v4_uint32_t_uint32_t_uint32_t_uint32_t|gather_frontbfloat16_uint32_int_2|arangeuint32|nvfp4_gather_qmm_rhs_nt_bfloat16_t_gs_16_b_4_bm_16_bn_32_bk_32_wm_1_wn_2_align_M_t_align_N_t_align_K_t|nvfp4_qmm_t_splitk_fused_bfloat16_t_gs_16_b_4_alN_true|nvfp4_qmm_t_splitk_fused_bfloat16_t_gs_16_b_4_alN_true|g2_copybfloat16bfloat16|g2_copybfloat16bfloat16|CV2ISigmoidADV2IBroadcastACEV2IBroadcastCAFV2IMultiplyDEGV2IBroadcastFBHV2IBroadcastBFIV2OMultiplyGH_VV_V2V2_11160318154034397263_contiguous|arangeuint32|CV2ISigmoidADV2IBroadcastACEV2IBroadcastCAFV2IMultiplyDEGV2IBroadcastFBHV2IBroadcastBFIV2OMultiplyGH_VV_V2V2_11160318154034397263_contiguous|nvfp4_qmm_t_bfloat16_t_gs_16_b_4_alN_true_batch_0|nvfp4_gather_qmm_rhs_nt_bfloat16_t_gs_16_b_4_bm_16_bn_32_bk_32_wm_1_wn_2_align_M_t_align_N_t_align_K_t
GPUPROF 187993.604232417 187993.604312000 1 23101440 custom_kernel_laguna_prefill_sorted_moe_tail_bf16_v1_bfloat16_t_uint32_t_float_bfloat16_t_bfloat16_t_bfloat16_t
GPUPROF 187993.604313042 187993.618275792 30 636347908 rmsbfloat16|steel_gemm_splitk_nt_bfloat16_float32_bm32_bn32_bk16_wm2_wn2_MN_taligned_K_taligned|steel_gemm_splitk_accum_bfloat16_float32|steel_gemm_splitk_nt_bfloat16_float32_bm32_bn32_bk16_wm2_wn2_MN_taligned_K_taligned|steel_gemm_splitk_accum_bfloat16_float32|steel_gemm_fused_nt_bfloat16_bfloat16_bm64_bn64_bk16_wm2_wn2_has_batch_n_use_out_source_n_do_axpby_n_align_M_t_align_N_t_align_K_t|steel_gemm_splitk_nt_bfloat16_float32_bm32_bn32_bk16_wm2_wn2_MN_taligned_K_taligned|steel_gemm_splitk_accum_bfloat16_float32|custom_kernel_laguna_prefill_sliding_qk_norm_rope_bf16_128_h1_v2_bfloat16_t_bfloat16_t_bfloat16_t_bfloat16_t_float_int32_tc_bfloat16_t_bfloat16_t|steel_attention_bfloat16_bq32_bk16_bd128_wm4_wn1_maskbfloat16_align_Q_t_align_K_t_has_mask_n_do_causal_t_has_sinks_n|Cf4IAsTypeADf4IBroadcastCBEf4IBroadcastBCFf4ILogAddExpDEGV2OAsTypeF_VC_V2_10408321403207385874_contiguous|g2_Multiplybfloat16|steel_gemm_fused_nt_bfloat16_bfloat16_bm64_bn64_bk16_wm2_wn2_has_batch_n_use_out_source_n_do_axpby_n_align_M_t_align_N_t_align_K_t|custom_kernel_laguna_residual_rms_bf16_2048_v1_bfloat16_t_bfloat16_t_bfloat16_t_bfloat16_t_bfloat16_t|steel_gemm_splitk_nt_bfloat16_float32_bm32_bn32_bk16_wm2_wn2_MN_taligned_K_taligned|steel_gemm_splitk_accum_bfloat16_float32|custom_kernel_laguna_prefill_router_tournament_ordinal_norm_v1_bfloat16_t_float_uint32_t_float|custom_kernel_mlx_lm_route_csort_scatter_fused_m8_u32_v4_uint32_t_uint32_t_uint32_t_uint32_t|gather_frontbfloat16_uint32_int_2|arangeuint32|nvfp4_gather_qmm_rhs_nt_bfloat16_t_gs_16_b_4_bm_16_bn_32_bk_32_wm_1_wn_2_align_M_t_align_N_t_align_K_t|nvfp4_qmm_t_splitk_fused_bfloat16_t_gs_16_b_4_alN_true|nvfp4_qmm_t_splitk_fused_bfloat16_t_gs_16_b_4_alN_true|g2_copybfloat16bfloat16|g2_copybfloat16bfloat16|CV2ISigmoidADV2IBroadcastACEV2IBroadcastCAFV2IMultiplyDEGV2IBroadcastFBHV2IBroadcastBFIV2OMultiplyGH_VV_V2V2_11160318154034397263_contiguous|arangeuint32|CV2ISigmoidADV2IBroadcastACEV2IBroadcastCAFV2IMultiplyDEGV2IBroadcastFBHV2IBroadcastBFIV2OMultiplyGH_VV_V2V2_11160318154034397263_contiguous|nvfp4_qmm_t_bfloat16_t_gs_16_b_4_alN_true_batch_0|nvfp4_gather_qmm_rhs_nt_bfloat16_t_gs_16_b_4_bm_16_bn_32_bk_32_wm_1_wn_2_align_M_t_align_N_t_align_K_t
GPUPROF 187993.618276625 187993.618357125 1 23101440 custom_kernel_laguna_prefill_sorted_moe_tail_bf16_v1_bfloat16_t_uint32_t_float_bfloat16_t_bfloat16_t_bfloat16_t
GPUPROF 187993.618357875 187993.632502875 30 636347908 rmsbfloat16|steel_gemm_splitk_nt_bfloat16_float32_bm32_bn32_bk16_wm2_wn2_MN_taligned_K_taligned|steel_gemm_splitk_accum_bfloat16_float32|steel_gemm_splitk_nt_bfloat16_float32_bm32_bn32_bk16_wm2_wn2_MN_taligned_K_taligned|steel_gemm_splitk_accum_bfloat16_float32|steel_gemm_fused_nt_bfloat16_bfloat16_bm64_bn64_bk16_wm2_wn2_has_batch_n_use_out_source_n_do_axpby_n_align_M_t_align_N_t_align_K_t|steel_gemm_splitk_nt_bfloat16_float32_bm32_bn32_bk16_wm2_wn2_MN_taligned_K_taligned|steel_gemm_splitk_accum_bfloat16_float32|custom_kernel_laguna_prefill_sliding_qk_norm_rope_bf16_128_h1_v2_bfloat16_t_bfloat16_t_bfloat16_t_bfloat16_t_float_int32_tc_bfloat16_t_bfloat16_t|steel_attention_bfloat16_bq32_bk16_bd128_wm4_wn1_maskbfloat16_align_Q_t_align_K_t_has_mask_n_do_causal_t_has_sinks_n|Cf4IAsTypeADf4IBroadcastCBEf4IBroadcastBCFf4ILogAddExpDEGV2OAsTypeF_VC_V2_10408321403207385874_contiguous|g2_Multiplybfloat16|steel_gemm_fused_nt_bfloat16_bfloat16_bm64_bn64_bk16_wm2_wn2_has_batch_n_use_out_source_n_do_axpby_n_align_M_t_align_N_t_align_K_t|custom_kernel_laguna_residual_rms_bf16_2048_v1_bfloat16_t_bfloat16_t_bfloat16_t_bfloat16_t_bfloat16_t|steel_gemm_splitk_nt_bfloat16_float32_bm32_bn32_bk16_wm2_wn2_MN_taligned_K_taligned|steel_gemm_splitk_accum_bfloat16_float32|custom_kernel_laguna_prefill_router_tournament_ordinal_norm_v1_bfloat16_t_float_uint32_t_float|custom_kernel_mlx_lm_route_csort_scatter_fused_m8_u32_v4_uint32_t_uint32_t_uint32_t_uint32_t|gather_frontbfloat16_uint32_int_2|arangeuint32|nvfp4_gather_qmm_rhs_nt_bfloat16_t_gs_16_b_4_bm_16_bn_32_bk_32_wm_1_wn_2_align_M_t_align_N_t_align_K_t|nvfp4_qmm_t_splitk_fused_bfloat16_t_gs_16_b_4_alN_true|nvfp4_qmm_t_splitk_fused_bfloat16_t_gs_16_b_4_alN_true|g2_copybfloat16bfloat16|g2_copybfloat16bfloat16|CV2ISigmoidADV2IBroadcastACEV2IBroadcastCAFV2IMultiplyDEGV2IBroadcastFBHV2IBroadcastBFIV2OMultiplyGH_VV_V2V2_11160318154034397263_contiguous|arangeuint32|CV2ISigmoidADV2IBroadcastACEV2IBroadcastCAFV2IMultiplyDEGV2IBroadcastFBHV2IBroadcastBFIV2OMultiplyGH_VV_V2V2_11160318154034397263_contiguous|nvfp4_qmm_t_bfloat16_t_gs_16_b_4_alN_true_batch_0|nvfp4_gather_qmm_rhs_nt_bfloat16_t_gs_16_b_4_bm_16_bn_32_bk_32_wm_1_wn_2_align_M_t_align_N_t_align_K_t
GPUPROF 187993.632503625 187993.632586292 1 23101440 custom_kernel_laguna_prefill_sorted_moe_tail_bf16_v1_bfloat16_t_uint32_t_float_bfloat16_t_bfloat16_t_bfloat16_t
GPUPROF 187993.632587042 187993.646569750 30 636347908 rmsbfloat16|steel_gemm_splitk_nt_bfloat16_float32_bm32_bn32_bk16_wm2_wn2_MN_taligned_K_taligned|steel_gemm_splitk_accum_bfloat16_float32|steel_gemm_splitk_nt_bfloat16_float32_bm32_bn32_bk16_wm2_wn2_MN_taligned_K_taligned|steel_gemm_splitk_accum_bfloat16_float32|steel_gemm_fused_nt_bfloat16_bfloat16_bm64_bn64_bk16_wm2_wn2_has_batch_n_use_out_source_n_do_axpby_n_align_M_t_align_N_t_align_K_t|steel_gemm_splitk_nt_bfloat16_float32_bm32_bn32_bk16_wm2_wn2_MN_taligned_K_taligned|steel_gemm_splitk_accum_bfloat16_float32|custom_kernel_laguna_prefill_sliding_qk_norm_rope_bf16_128_h1_v2_bfloat16_t_bfloat16_t_bfloat16_t_bfloat16_t_float_int32_tc_bfloat16_t_bfloat16_t|steel_attention_bfloat16_bq32_bk16_bd128_wm4_wn1_maskbfloat16_align_Q_t_align_K_t_has_mask_n_do_causal_t_has_sinks_n|Cf4IAsTypeADf4IBroadcastCBEf4IBroadcastBCFf4ILogAddExpDEGV2OAsTypeF_VC_V2_10408321403207385874_contiguous|g2_Multiplybfloat16|steel_gemm_fused_nt_bfloat16_bfloat16_bm64_bn64_bk16_wm2_wn2_has_batch_n_use_out_source_n_do_axpby_n_align_M_t_align_N_t_align_K_t|custom_kernel_laguna_residual_rms_bf16_2048_v1_bfloat16_t_bfloat16_t_bfloat16_t_bfloat16_t_bfloat16_t|steel_gemm_splitk_nt_bfloat16_float32_bm32_bn32_bk16_wm2_wn2_MN_taligned_K_taligned|steel_gemm_splitk_accum_bfloat16_float32|custom_kernel_laguna_prefill_router_tournament_ordinal_norm_v1_bfloat16_t_float_uint32_t_float|custom_kernel_mlx_lm_route_csort_scatter_fused_m8_u32_v4_uint32_t_uint32_t_uint32_t_uint32_t|gather_frontbfloat16_uint32_int_2|arangeuint32|nvfp4_gather_qmm_rhs_nt_bfloat16_t_gs_16_b_4_bm_16_bn_32_bk_32_wm_1_wn_2_align_M_t_align_N_t_align_K_t|nvfp4_qmm_t_splitk_fused_bfloat16_t_gs_16_b_4_alN_true|nvfp4_qmm_t_splitk_fused_bfloat16_t_gs_16_b_4_alN_true|g2_copybfloat16bfloat16|g2_copybfloat16bfloat16|CV2ISigmoidADV2IBroadcastACEV2IBroadcastCAFV2IMultiplyDEGV2IBroadcastFBHV2IBroadcastBFIV2OMultiplyGH_VV_V2V2_11160318154034397263_contiguous|arangeuint32|CV2ISigmoidADV2IBroadcastACEV2IBroadcastCAFV2IMultiplyDEGV2IBroadcastFBHV2IBroadcastBFIV2OMultiplyGH_VV_V2V2_11160318154034397263_contiguous|nvfp4_qmm_t_bfloat16_t_gs_16_b_4_alN_true_batch_0|nvfp4_gather_qmm_rhs_nt_bfloat16_t_gs_16_b_4_bm_16_bn_32_bk_32_wm_1_wn_2_align_M_t_align_N_t_align_K_t
GPUPROF 187993.646570542 187993.646649667 1 23101440 custom_kernel_laguna_prefill_sorted_moe_tail_bf16_v1_bfloat16_t_uint32_t_float_bfloat16_t_bfloat16_t_bfloat16_t
GPUPROF 187993.646650417 187993.659237667 30 612017668 rmsbfloat16|steel_gemm_splitk_nt_bfloat16_float32_bm32_bn32_bk16_wm2_wn2_MN_taligned_K_taligned|steel_gemm_splitk_accum_bfloat16_float32|steel_gemm_splitk_nt_bfloat16_float32_bm32_bn32_bk16_wm2_wn2_MN_taligned_K_taligned|steel_gemm_splitk_accum_bfloat16_float32|steel_gemm_fused_nt_bfloat16_bfloat16_bm64_bn64_bk16_wm2_wn2_has_batch_n_use_out_source_n_do_axpby_n_align_M_t_align_N_t_align_K_t|steel_gemm_splitk_nt_bfloat16_float32_bm32_bn32_bk16_wm2_wn2_MN_naligned_K_taligned|steel_gemm_splitk_accum_bfloat16_float32|custom_kernel_laguna_prefill_full_qk_norm_yarn_bf16_128_h1_v2_bfloat16_t_bfloat16_t_bfloat16_t_bfloat16_t_float_int32_tc_bfloat16_t_bfloat16_t|steel_attention_bfloat16_bq32_bk16_bd128_wm4_wn1_maskbfloat16_align_Q_t_align_K_t_has_mask_n_do_causal_t_has_sinks_n|Cf4IAsTypeADf4IBroadcastCBEf4IBroadcastBCFf4ILogAddExpDEGV2OAsTypeF_VC_V2_10408321403207385874_contiguous|g2_Multiplybfloat16|steel_gemm_fused_nt_bfloat16_bfloat16_bm64_bn64_bk16_wm2_wn2_has_batch_n_use_out_source_n_do_axpby_n_align_M_t_align_N_t_align_K_t|custom_kernel_laguna_residual_rms_bf16_2048_v1_bfloat16_t_bfloat16_t_bfloat16_t_bfloat16_t_bfloat16_t|steel_gemm_splitk_nt_bfloat16_float32_bm32_bn32_bk16_wm2_wn2_MN_taligned_K_taligned|steel_gemm_splitk_accum_bfloat16_float32|custom_kernel_laguna_prefill_router_tournament_ordinal_norm_v1_bfloat16_t_float_uint32_t_float|custom_kernel_mlx_lm_route_csort_scatter_fused_m8_u32_v4_uint32_t_uint32_t_uint32_t_uint32_t|gather_frontbfloat16_uint32_int_2|arangeuint32|nvfp4_gather_qmm_rhs_nt_bfloat16_t_gs_16_b_4_bm_16_bn_32_bk_32_wm_1_wn_2_align_M_t_align_N_t_align_K_t|nvfp4_qmm_t_splitk_fused_bfloat16_t_gs_16_b_4_alN_true|nvfp4_qmm_t_splitk_fused_bfloat16_t_gs_16_b_4_alN_true|g2_copybfloat16bfloat16|g2_copybfloat16bfloat16|CV2ISigmoidADV2IBroadcastACEV2IBroadcastCAFV2IMultiplyDEGV2IBroadcastFBHV2IBroadcastBFIV2OMultiplyGH_VV_V2V2_11160318154034397263_contiguous|arangeuint32|CV2ISigmoidADV2IBroadcastACEV2IBroadcastCAFV2IMultiplyDEGV2IBroadcastFBHV2IBroadcastBFIV2OMultiplyGH_VV_V2V2_11160318154034397263_contiguous|nvfp4_qmm_t_bfloat16_t_gs_16_b_4_alN_true_batch_0|nvfp4_gather_qmm_rhs_nt_bfloat16_t_gs_16_b_4_bm_16_bn_32_bk_32_wm_1_wn_2_align_M_t_align_N_t_align_K_t
GPUPROF 187993.659254000 187993.659332750 1 23101440 custom_kernel_laguna_prefill_sorted_moe_tail_bf16_v1_bfloat16_t_uint32_t_float_bfloat16_t_bfloat16_t_bfloat16_t
GPUPROF 187993.659333500 187993.672983625 30 636347908 rmsbfloat16|steel_gemm_splitk_nt_bfloat16_float32_bm32_bn32_bk16_wm2_wn2_MN_taligned_K_taligned|steel_gemm_splitk_accum_bfloat16_float32|steel_gemm_splitk_nt_bfloat16_float32_bm32_bn32_bk16_wm2_wn2_MN_taligned_K_taligned|steel_gemm_splitk_accum_bfloat16_float32|steel_gemm_fused_nt_bfloat16_bfloat16_bm64_bn64_bk16_wm2_wn2_has_batch_n_use_out_source_n_do_axpby_n_align_M_t_align_N_t_align_K_t|steel_gemm_splitk_nt_bfloat16_float32_bm32_bn32_bk16_wm2_wn2_MN_taligned_K_taligned|steel_gemm_splitk_accum_bfloat16_float32|custom_kernel_laguna_prefill_sliding_qk_norm_rope_bf16_128_h1_v2_bfloat16_t_bfloat16_t_bfloat16_t_bfloat16_t_float_int32_tc_bfloat16_t_bfloat16_t|steel_attention_bfloat16_bq32_bk16_bd128_wm4_wn1_maskbfloat16_align_Q_t_align_K_t_has_mask_n_do_causal_t_has_sinks_n|Cf4IAsTypeADf4IBroadcastCBEf4IBroadcastBCFf4ILogAddExpDEGV2OAsTypeF_VC_V2_10408321403207385874_contiguous|g2_Multiplybfloat16|steel_gemm_fused_nt_bfloat16_bfloat16_bm64_bn64_bk16_wm2_wn2_has_batch_n_use_out_source_n_do_axpby_n_align_M_t_align_N_t_align_K_t|custom_kernel_laguna_residual_rms_bf16_2048_v1_bfloat16_t_bfloat16_t_bfloat16_t_bfloat16_t_bfloat16_t|steel_gemm_splitk_nt_bfloat16_float32_bm32_bn32_bk16_wm2_wn2_MN_taligned_K_taligned|steel_gemm_splitk_accum_bfloat16_float32|custom_kernel_laguna_prefill_router_tournament_ordinal_norm_v1_bfloat16_t_float_uint32_t_float|custom_kernel_mlx_lm_route_csort_scatter_fused_m8_u32_v4_uint32_t_uint32_t_uint32_t_uint32_t|gather_frontbfloat16_uint32_int_2|arangeuint32|nvfp4_gather_qmm_rhs_nt_bfloat16_t_gs_16_b_4_bm_16_bn_32_bk_32_wm_1_wn_2_align_M_t_align_N_t_align_K_t|nvfp4_qmm_t_splitk_fused_bfloat16_t_gs_16_b_4_alN_true|nvfp4_qmm_t_splitk_fused_bfloat16_t_gs_16_b_4_alN_true|g2_copybfloat16bfloat16|g2_copybfloat16bfloat16|CV2ISigmoidADV2IBroadcastACEV2IBroadcastCAFV2IMultiplyDEGV2IBroadcastFBHV2IBroadcastBFIV2OMultiplyGH_VV_V2V2_11160318154034397263_contiguous|arangeuint32|CV2ISigmoidADV2IBroadcastACEV2IBroadcastCAFV2IMultiplyDEGV2IBroadcastFBHV2IBroadcastBFIV2OMultiplyGH_VV_V2V2_11160318154034397263_contiguous|nvfp4_qmm_t_bfloat16_t_gs_16_b_4_alN_true_batch_0|nvfp4_gather_qmm_rhs_nt_bfloat16_t_gs_16_b_4_bm_16_bn_32_bk_32_wm_1_wn_2_align_M_t_align_N_t_align_K_t
GPUPROF 187993.672984375 187993.673062750 1 23101440 custom_kernel_laguna_prefill_sorted_moe_tail_bf16_v1_bfloat16_t_uint32_t_float_bfloat16_t_bfloat16_t_bfloat16_t
GPUPROF 187993.673063417 187993.686565500 30 636347908 rmsbfloat16|steel_gemm_splitk_nt_bfloat16_float32_bm32_bn32_bk16_wm2_wn2_MN_taligned_K_taligned|steel_gemm_splitk_accum_bfloat16_float32|steel_gemm_splitk_nt_bfloat16_float32_bm32_bn32_bk16_wm2_wn2_MN_taligned_K_taligned|steel_gemm_splitk_accum_bfloat16_float32|steel_gemm_fused_nt_bfloat16_bfloat16_bm64_bn64_bk16_wm2_wn2_has_batch_n_use_out_source_n_do_axpby_n_align_M_t_align_N_t_align_K_t|steel_gemm_splitk_nt_bfloat16_float32_bm32_bn32_bk16_wm2_wn2_MN_taligned_K_taligned|steel_gemm_splitk_accum_bfloat16_float32|custom_kernel_laguna_prefill_sliding_qk_norm_rope_bf16_128_h1_v2_bfloat16_t_bfloat16_t_bfloat16_t_bfloat16_t_float_int32_tc_bfloat16_t_bfloat16_t|steel_attention_bfloat16_bq32_bk16_bd128_wm4_wn1_maskbfloat16_align_Q_t_align_K_t_has_mask_n_do_causal_t_has_sinks_n|Cf4IAsTypeADf4IBroadcastCBEf4IBroadcastBCFf4ILogAddExpDEGV2OAsTypeF_VC_V2_10408321403207385874_contiguous|g2_Multiplybfloat16|steel_gemm_fused_nt_bfloat16_bfloat16_bm64_bn64_bk16_wm2_wn2_has_batch_n_use_out_source_n_do_axpby_n_align_M_t_align_N_t_align_K_t|custom_kernel_laguna_residual_rms_bf16_2048_v1_bfloat16_t_bfloat16_t_bfloat16_t_bfloat16_t_bfloat16_t|steel_gemm_splitk_nt_bfloat16_float32_bm32_bn32_bk16_wm2_wn2_MN_taligned_K_taligned|steel_gemm_splitk_accum_bfloat16_float32|custom_kernel_laguna_prefill_router_tournament_ordinal_norm_v1_bfloat16_t_float_uint32_t_float|custom_kernel_mlx_lm_route_csort_scatter_fused_m8_u32_v4_uint32_t_uint32_t_uint32_t_uint32_t|gather_frontbfloat16_uint32_int_2|arangeuint32|nvfp4_gather_qmm_rhs_nt_bfloat16_t_gs_16_b_4_bm_16_bn_32_bk_32_wm_1_wn_2_align_M_t_align_N_t_align_K_t|nvfp4_qmm_t_splitk_fused_bfloat16_t_gs_16_b_4_alN_true|nvfp4_qmm_t_splitk_fused_bfloat16_t_gs_16_b_4_alN_true|g2_copybfloat16bfloat16|g2_copybfloat16bfloat16|CV2ISigmoidADV2IBroadcastACEV2IBroadcastCAFV2IMultiplyDEGV2IBroadcastFBHV2IBroadcastBFIV2OMultiplyGH_VV_V2V2_11160318154034397263_contiguous|arangeuint32|CV2ISigmoidADV2IBroadcastACEV2IBroadcastCAFV2IMultiplyDEGV2IBroadcastFBHV2IBroadcastBFIV2OMultiplyGH_VV_V2V2_11160318154034397263_contiguous|nvfp4_qmm_t_bfloat16_t_gs_16_b_4_alN_true_batch_0|nvfp4_gather_qmm_rhs_nt_bfloat16_t_gs_16_b_4_bm_16_bn_32_bk_32_wm_1_wn_2_align_M_t_align_N_t_align_K_t
GPUPROF 187993.686566292 187993.686644625 1 23101440 custom_kernel_laguna_prefill_sorted_moe_tail_bf16_v1_bfloat16_t_uint32_t_float_bfloat16_t_bfloat16_t_bfloat16_t
GPUPROF 187993.686645375 187993.700109250 30 636347908 rmsbfloat16|steel_gemm_splitk_nt_bfloat16_float32_bm32_bn32_bk16_wm2_wn2_MN_taligned_K_taligned|steel_gemm_splitk_accum_bfloat16_float32|steel_gemm_splitk_nt_bfloat16_float32_bm32_bn32_bk16_wm2_wn2_MN_taligned_K_taligned|steel_gemm_splitk_accum_bfloat16_float32|steel_gemm_fused_nt_bfloat16_bfloat16_bm64_bn64_bk16_wm2_wn2_has_batch_n_use_out_source_n_do_axpby_n_align_M_t_align_N_t_align_K_t|steel_gemm_splitk_nt_bfloat16_float32_bm32_bn32_bk16_wm2_wn2_MN_taligned_K_taligned|steel_gemm_splitk_accum_bfloat16_float32|custom_kernel_laguna_prefill_sliding_qk_norm_rope_bf16_128_h1_v2_bfloat16_t_bfloat16_t_bfloat16_t_bfloat16_t_float_int32_tc_bfloat16_t_bfloat16_t|steel_attention_bfloat16_bq32_bk16_bd128_wm4_wn1_maskbfloat16_align_Q_t_align_K_t_has_mask_n_do_causal_t_has_sinks_n|Cf4IAsTypeADf4IBroadcastCBEf4IBroadcastBCFf4ILogAddExpDEGV2OAsTypeF_VC_V2_10408321403207385874_contiguous|g2_Multiplybfloat16|steel_gemm_fused_nt_bfloat16_bfloat16_bm64_bn64_bk16_wm2_wn2_has_batch_n_use_out_source_n_do_axpby_n_align_M_t_align_N_t_align_K_t|custom_kernel_laguna_residual_rms_bf16_2048_v1_bfloat16_t_bfloat16_t_bfloat16_t_bfloat16_t_bfloat16_t|steel_gemm_splitk_nt_bfloat16_float32_bm32_bn32_bk16_wm2_wn2_MN_taligned_K_taligned|steel_gemm_splitk_accum_bfloat16_float32|custom_kernel_laguna_prefill_router_tournament_ordinal_norm_v1_bfloat16_t_float_uint32_t_float|custom_kernel_mlx_lm_route_csort_scatter_fused_m8_u32_v4_uint32_t_uint32_t_uint32_t_uint32_t|gather_frontbfloat16_uint32_int_2|arangeuint32|nvfp4_gather_qmm_rhs_nt_bfloat16_t_gs_16_b_4_bm_16_bn_32_bk_32_wm_1_wn_2_align_M_t_align_N_t_align_K_t|nvfp4_qmm_t_splitk_fused_bfloat16_t_gs_16_b_4_alN_true|nvfp4_qmm_t_splitk_fused_bfloat16_t_gs_16_b_4_alN_true|g2_copybfloat16bfloat16|g2_copybfloat16bfloat16|CV2ISigmoidADV2IBroadcastACEV2IBroadcastCAFV2IMultiplyDEGV2IBroadcastFBHV2IBroadcastBFIV2OMultiplyGH_VV_V2V2_11160318154034397263_contiguous|arangeuint32|CV2ISigmoidADV2IBroadcastACEV2IBroadcastCAFV2IMultiplyDEGV2IBroadcastFBHV2IBroadcastBFIV2OMultiplyGH_VV_V2V2_11160318154034397263_contiguous|nvfp4_qmm_t_bfloat16_t_gs_16_b_4_alN_true_batch_0|nvfp4_gather_qmm_rhs_nt_bfloat16_t_gs_16_b_4_bm_16_bn_32_bk_32_wm_1_wn_2_align_M_t_align_N_t_align_K_t
GPUPROF 187993.700124167 187993.700203792 1 23101440 custom_kernel_laguna_prefill_sorted_moe_tail_bf16_v1_bfloat16_t_uint32_t_float_bfloat16_t_bfloat16_t_bfloat16_t
GPUPROF 187993.700204750 187993.712406875 30 612017668 rmsbfloat16|steel_gemm_splitk_nt_bfloat16_float32_bm32_bn32_bk16_wm2_wn2_MN_taligned_K_taligned|steel_gemm_splitk_accum_bfloat16_float32|steel_gemm_splitk_nt_bfloat16_float32_bm32_bn32_bk16_wm2_wn2_MN_taligned_K_taligned|steel_gemm_splitk_accum_bfloat16_float32|steel_gemm_fused_nt_bfloat16_bfloat16_bm64_bn64_bk16_wm2_wn2_has_batch_n_use_out_source_n_do_axpby_n_align_M_t_align_N_t_align_K_t|steel_gemm_splitk_nt_bfloat16_float32_bm32_bn32_bk16_wm2_wn2_MN_naligned_K_taligned|steel_gemm_splitk_accum_bfloat16_float32|custom_kernel_laguna_prefill_full_qk_norm_yarn_bf16_128_h1_v2_bfloat16_t_bfloat16_t_bfloat16_t_bfloat16_t_float_int32_tc_bfloat16_t_bfloat16_t|steel_attention_bfloat16_bq32_bk16_bd128_wm4_wn1_maskbfloat16_align_Q_t_align_K_t_has_mask_n_do_causal_t_has_sinks_n|Cf4IAsTypeADf4IBroadcastCBEf4IBroadcastBCFf4ILogAddExpDEGV2OAsTypeF_VC_V2_10408321403207385874_contiguous|g2_Multiplybfloat16|steel_gemm_fused_nt_bfloat16_bfloat16_bm64_bn64_bk16_wm2_wn2_has_batch_n_use_out_source_n_do_axpby_n_align_M_t_align_N_t_align_K_t|custom_kernel_laguna_residual_rms_bf16_2048_v1_bfloat16_t_bfloat16_t_bfloat16_t_bfloat16_t_bfloat16_t|steel_gemm_splitk_nt_bfloat16_float32_bm32_bn32_bk16_wm2_wn2_MN_taligned_K_taligned|steel_gemm_splitk_accum_bfloat16_float32|custom_kernel_laguna_prefill_router_tournament_ordinal_norm_v1_bfloat16_t_float_uint32_t_float|custom_kernel_mlx_lm_route_csort_scatter_fused_m8_u32_v4_uint32_t_uint32_t_uint32_t_uint32_t|gather_frontbfloat16_uint32_int_2|arangeuint32|nvfp4_gather_qmm_rhs_nt_bfloat16_t_gs_16_b_4_bm_16_bn_32_bk_32_wm_1_wn_2_align_M_t_align_N_t_align_K_t|nvfp4_qmm_t_splitk_fused_bfloat16_t_gs_16_b_4_alN_true|nvfp4_qmm_t_splitk_fused_bfloat16_t_gs_16_b_4_alN_true|g2_copybfloat16bfloat16|g2_copybfloat16bfloat16|CV2ISigmoidADV2IBroadcastACEV2IBroadcastCAFV2IMultiplyDEGV2IBroadcastFBHV2IBroadcastBFIV2OMultiplyGH_VV_V2V2_11160318154034397263_contiguous|arangeuint32|CV2ISigmoidADV2IBroadcastACEV2IBroadcastCAFV2IMultiplyDEGV2IBroadcastFBHV2IBroadcastBFIV2OMultiplyGH_VV_V2V2_11160318154034397263_contiguous|nvfp4_qmm_t_bfloat16_t_gs_16_b_4_alN_true_batch_0|nvfp4_gather_qmm_rhs_nt_bfloat16_t_gs_16_b_4_bm_16_bn_32_bk_32_wm_1_wn_2_align_M_t_align_N_t_align_K_t
GPUPROF 187993.712407667 187993.712485625 1 23101440 custom_kernel_laguna_prefill_sorted_moe_tail_bf16_v1_bfloat16_t_uint32_t_float_bfloat16_t_bfloat16_t_bfloat16_t
GPUPROF 187993.712486375 187993.725991417 30 636347908 rmsbfloat16|steel_gemm_splitk_nt_bfloat16_float32_bm32_bn32_bk16_wm2_wn2_MN_taligned_K_taligned|steel_gemm_splitk_accum_bfloat16_float32|steel_gemm_splitk_nt_bfloat16_float32_bm32_bn32_bk16_wm2_wn2_MN_taligned_K_taligned|steel_gemm_splitk_accum_bfloat16_float32|steel_gemm_fused_nt_bfloat16_bfloat16_bm64_bn64_bk16_wm2_wn2_has_batch_n_use_out_source_n_do_axpby_n_align_M_t_align_N_t_align_K_t|steel_gemm_splitk_nt_bfloat16_float32_bm32_bn32_bk16_wm2_wn2_MN_taligned_K_taligned|steel_gemm_splitk_accum_bfloat16_float32|custom_kernel_laguna_prefill_sliding_qk_norm_rope_bf16_128_h1_v2_bfloat16_t_bfloat16_t_bfloat16_t_bfloat16_t_float_int32_tc_bfloat16_t_bfloat16_t|steel_attention_bfloat16_bq32_bk16_bd128_wm4_wn1_maskbfloat16_align_Q_t_align_K_t_has_mask_n_do_causal_t_has_sinks_n|Cf4IAsTypeADf4IBroadcastCBEf4IBroadcastBCFf4ILogAddExpDEGV2OAsTypeF_VC_V2_10408321403207385874_contiguous|g2_Multiplybfloat16|steel_gemm_fused_nt_bfloat16_bfloat16_bm64_bn64_bk16_wm2_wn2_has_batch_n_use_out_source_n_do_axpby_n_align_M_t_align_N_t_align_K_t|custom_kernel_laguna_residual_rms_bf16_2048_v1_bfloat16_t_bfloat16_t_bfloat16_t_bfloat16_t_bfloat16_t|steel_gemm_splitk_nt_bfloat16_float32_bm32_bn32_bk16_wm2_wn2_MN_taligned_K_taligned|steel_gemm_splitk_accum_bfloat16_float32|custom_kernel_laguna_prefill_router_tournament_ordinal_norm_v1_bfloat16_t_float_uint32_t_float|custom_kernel_mlx_lm_route_csort_scatter_fused_m8_u32_v4_uint32_t_uint32_t_uint32_t_uint32_t|gather_frontbfloat16_uint32_int_2|arangeuint32|nvfp4_gather_qmm_rhs_nt_bfloat16_t_gs_16_b_4_bm_16_bn_32_bk_32_wm_1_wn_2_align_M_t_align_N_t_align_K_t|nvfp4_qmm_t_splitk_fused_bfloat16_t_gs_16_b_4_alN_true|nvfp4_qmm_t_splitk_fused_bfloat16_t_gs_16_b_4_alN_true|g2_copybfloat16bfloat16|g2_copybfloat16bfloat16|CV2ISigmoidADV2IBroadcastACEV2IBroadcastCAFV2IMultiplyDEGV2IBroadcastFBHV2IBroadcastBFIV2OMultiplyGH_VV_V2V2_11160318154034397263_contiguous|arangeuint32|CV2ISigmoidADV2IBroadcastACEV2IBroadcastCAFV2IMultiplyDEGV2IBroadcastFBHV2IBroadcastBFIV2OMultiplyGH_VV_V2V2_11160318154034397263_contiguous|nvfp4_qmm_t_bfloat16_t_gs_16_b_4_alN_true_batch_0|nvfp4_gather_qmm_rhs_nt_bfloat16_t_gs_16_b_4_bm_16_bn_32_bk_32_wm_1_wn_2_align_M_t_align_N_t_align_K_t
GPUPROF 187993.725992167 187993.726069875 1 23101440 custom_kernel_laguna_prefill_sorted_moe_tail_bf16_v1_bfloat16_t_uint32_t_float_bfloat16_t_bfloat16_t_bfloat16_t
GPUPROF 187993.726070625 187993.739621125 30 636347908 rmsbfloat16|steel_gemm_splitk_nt_bfloat16_float32_bm32_bn32_bk16_wm2_wn2_MN_taligned_K_taligned|steel_gemm_splitk_accum_bfloat16_float32|steel_gemm_splitk_nt_bfloat16_float32_bm32_bn32_bk16_wm2_wn2_MN_taligned_K_taligned|steel_gemm_splitk_accum_bfloat16_float32|steel_gemm_fused_nt_bfloat16_bfloat16_bm64_bn64_bk16_wm2_wn2_has_batch_n_use_out_source_n_do_axpby_n_align_M_t_align_N_t_align_K_t|steel_gemm_splitk_nt_bfloat16_float32_bm32_bn32_bk16_wm2_wn2_MN_taligned_K_taligned|steel_gemm_splitk_accum_bfloat16_float32|custom_kernel_laguna_prefill_sliding_qk_norm_rope_bf16_128_h1_v2_bfloat16_t_bfloat16_t_bfloat16_t_bfloat16_t_float_int32_tc_bfloat16_t_bfloat16_t|steel_attention_bfloat16_bq32_bk16_bd128_wm4_wn1_maskbfloat16_align_Q_t_align_K_t_has_mask_n_do_causal_t_has_sinks_n|Cf4IAsTypeADf4IBroadcastCBEf4IBroadcastBCFf4ILogAddExpDEGV2OAsTypeF_VC_V2_10408321403207385874_contiguous|g2_Multiplybfloat16|steel_gemm_fused_nt_bfloat16_bfloat16_bm64_bn64_bk16_wm2_wn2_has_batch_n_use_out_source_n_do_axpby_n_align_M_t_align_N_t_align_K_t|custom_kernel_laguna_residual_rms_bf16_2048_v1_bfloat16_t_bfloat16_t_bfloat16_t_bfloat16_t_bfloat16_t|steel_gemm_splitk_nt_bfloat16_float32_bm32_bn32_bk16_wm2_wn2_MN_taligned_K_taligned|steel_gemm_splitk_accum_bfloat16_float32|custom_kernel_laguna_prefill_router_tournament_ordinal_norm_v1_bfloat16_t_float_uint32_t_float|custom_kernel_mlx_lm_route_csort_scatter_fused_m8_u32_v4_uint32_t_uint32_t_uint32_t_uint32_t|gather_frontbfloat16_uint32_int_2|arangeuint32|nvfp4_gather_qmm_rhs_nt_bfloat16_t_gs_16_b_4_bm_16_bn_32_bk_32_wm_1_wn_2_align_M_t_align_N_t_align_K_t|nvfp4_qmm_t_splitk_fused_bfloat16_t_gs_16_b_4_alN_true|nvfp4_qmm_t_splitk_fused_bfloat16_t_gs_16_b_4_alN_true|g2_copybfloat16bfloat16|g2_copybfloat16bfloat16|CV2ISigmoidADV2IBroadcastACEV2IBroadcastCAFV2IMultiplyDEGV2IBroadcastFBHV2IBroadcastBFIV2OMultiplyGH_VV_V2V2_11160318154034397263_contiguous|arangeuint32|CV2ISigmoidADV2IBroadcastACEV2IBroadcastCAFV2IMultiplyDEGV2IBroadcastFBHV2IBroadcastBFIV2OMultiplyGH_VV_V2V2_11160318154034397263_contiguous|nvfp4_qmm_t_bfloat16_t_gs_16_b_4_alN_true_batch_0|nvfp4_gather_qmm_rhs_nt_bfloat16_t_gs_16_b_4_bm_16_bn_32_bk_32_wm_1_wn_2_align_M_t_align_N_t_align_K_t
GPUPROF 187993.739621875 187993.739700750 1 23101440 custom_kernel_laguna_prefill_sorted_moe_tail_bf16_v1_bfloat16_t_uint32_t_float_bfloat16_t_bfloat16_t_bfloat16_t
GPUPROF 187993.739701750 187993.753317375 30 636347908 rmsbfloat16|steel_gemm_splitk_nt_bfloat16_float32_bm32_bn32_bk16_wm2_wn2_MN_taligned_K_taligned|steel_gemm_splitk_accum_bfloat16_float32|steel_gemm_splitk_nt_bfloat16_float32_bm32_bn32_bk16_wm2_wn2_MN_taligned_K_taligned|steel_gemm_splitk_accum_bfloat16_float32|steel_gemm_fused_nt_bfloat16_bfloat16_bm64_bn64_bk16_wm2_wn2_has_batch_n_use_out_source_n_do_axpby_n_align_M_t_align_N_t_align_K_t|steel_gemm_splitk_nt_bfloat16_float32_bm32_bn32_bk16_wm2_wn2_MN_taligned_K_taligned|steel_gemm_splitk_accum_bfloat16_float32|custom_kernel_laguna_prefill_sliding_qk_norm_rope_bf16_128_h1_v2_bfloat16_t_bfloat16_t_bfloat16_t_bfloat16_t_float_int32_tc_bfloat16_t_bfloat16_t|steel_attention_bfloat16_bq32_bk16_bd128_wm4_wn1_maskbfloat16_align_Q_t_align_K_t_has_mask_n_do_causal_t_has_sinks_n|Cf4IAsTypeADf4IBroadcastCBEf4IBroadcastBCFf4ILogAddExpDEGV2OAsTypeF_VC_V2_10408321403207385874_contiguous|g2_Multiplybfloat16|steel_gemm_fused_nt_bfloat16_bfloat16_bm64_bn64_bk16_wm2_wn2_has_batch_n_use_out_source_n_do_axpby_n_align_M_t_align_N_t_align_K_t|custom_kernel_laguna_residual_rms_bf16_2048_v1_bfloat16_t_bfloat16_t_bfloat16_t_bfloat16_t_bfloat16_t|steel_gemm_splitk_nt_bfloat16_float32_bm32_bn32_bk16_wm2_wn2_MN_taligned_K_taligned|steel_gemm_splitk_accum_bfloat16_float32|custom_kernel_laguna_prefill_router_tournament_ordinal_norm_v1_bfloat16_t_float_uint32_t_float|custom_kernel_mlx_lm_route_csort_scatter_fused_m8_u32_v4_uint32_t_uint32_t_uint32_t_uint32_t|gather_frontbfloat16_uint32_int_2|arangeuint32|nvfp4_gather_qmm_rhs_nt_bfloat16_t_gs_16_b_4_bm_16_bn_32_bk_32_wm_1_wn_2_align_M_t_align_N_t_align_K_t|nvfp4_qmm_t_splitk_fused_bfloat16_t_gs_16_b_4_alN_true|nvfp4_qmm_t_splitk_fused_bfloat16_t_gs_16_b_4_alN_true|g2_copybfloat16bfloat16|g2_copybfloat16bfloat16|CV2ISigmoidADV2IBroadcastACEV2IBroadcastCAFV2IMultiplyDEGV2IBroadcastFBHV2IBroadcastBFIV2OMultiplyGH_VV_V2V2_11160318154034397263_contiguous|arangeuint32|CV2ISigmoidADV2IBroadcastACEV2IBroadcastCAFV2IMultiplyDEGV2IBroadcastFBHV2IBroadcastBFIV2OMultiplyGH_VV_V2V2_11160318154034397263_contiguous|nvfp4_qmm_t_bfloat16_t_gs_16_b_4_alN_true_batch_0|nvfp4_gather_qmm_rhs_nt_bfloat16_t_gs_16_b_4_bm_16_bn_32_bk_32_wm_1_wn_2_align_M_t_align_N_t_align_K_t
GPUPROF 187993.753318125 187993.753395375 1 23101440 custom_kernel_laguna_prefill_sorted_moe_tail_bf16_v1_bfloat16_t_uint32_t_float_bfloat16_t_bfloat16_t_bfloat16_t
GPUPROF 187993.753396167 187993.765912750 30 612017668 rmsbfloat16|steel_gemm_splitk_nt_bfloat16_float32_bm32_bn32_bk16_wm2_wn2_MN_taligned_K_taligned|steel_gemm_splitk_accum_bfloat16_float32|steel_gemm_splitk_nt_bfloat16_float32_bm32_bn32_bk16_wm2_wn2_MN_taligned_K_taligned|steel_gemm_splitk_accum_bfloat16_float32|steel_gemm_fused_nt_bfloat16_bfloat16_bm64_bn64_bk16_wm2_wn2_has_batch_n_use_out_source_n_do_axpby_n_align_M_t_align_N_t_align_K_t|steel_gemm_splitk_nt_bfloat16_float32_bm32_bn32_bk16_wm2_wn2_MN_naligned_K_taligned|steel_gemm_splitk_accum_bfloat16_float32|custom_kernel_laguna_prefill_full_qk_norm_yarn_bf16_128_h1_v2_bfloat16_t_bfloat16_t_bfloat16_t_bfloat16_t_float_int32_tc_bfloat16_t_bfloat16_t|steel_attention_bfloat16_bq32_bk16_bd128_wm4_wn1_maskbfloat16_align_Q_t_align_K_t_has_mask_n_do_causal_t_has_sinks_n|Cf4IAsTypeADf4IBroadcastCBEf4IBroadcastBCFf4ILogAddExpDEGV2OAsTypeF_VC_V2_10408321403207385874_contiguous|g2_Multiplybfloat16|steel_gemm_fused_nt_bfloat16_bfloat16_bm64_bn64_bk16_wm2_wn2_has_batch_n_use_out_source_n_do_axpby_n_align_M_t_align_N_t_align_K_t|custom_kernel_laguna_residual_rms_bf16_2048_v1_bfloat16_t_bfloat16_t_bfloat16_t_bfloat16_t_bfloat16_t|steel_gemm_splitk_nt_bfloat16_float32_bm32_bn32_bk16_wm2_wn2_MN_taligned_K_taligned|steel_gemm_splitk_accum_bfloat16_float32|custom_kernel_laguna_prefill_router_tournament_ordinal_norm_v1_bfloat16_t_float_uint32_t_float|custom_kernel_mlx_lm_route_csort_scatter_fused_m8_u32_v4_uint32_t_uint32_t_uint32_t_uint32_t|gather_frontbfloat16_uint32_int_2|arangeuint32|nvfp4_gather_qmm_rhs_nt_bfloat16_t_gs_16_b_4_bm_16_bn_32_bk_32_wm_1_wn_2_align_M_t_align_N_t_align_K_t|nvfp4_qmm_t_splitk_fused_bfloat16_t_gs_16_b_4_alN_true|nvfp4_qmm_t_splitk_fused_bfloat16_t_gs_16_b_4_alN_true|g2_copybfloat16bfloat16|g2_copybfloat16bfloat16|CV2ISigmoidADV2IBroadcastACEV2IBroadcastCAFV2IMultiplyDEGV2IBroadcastFBHV2IBroadcastBFIV2OMultiplyGH_VV_V2V2_11160318154034397263_contiguous|arangeuint32|CV2ISigmoidADV2IBroadcastACEV2IBroadcastCAFV2IMultiplyDEGV2IBroadcastFBHV2IBroadcastBFIV2OMultiplyGH_VV_V2V2_11160318154034397263_contiguous|nvfp4_qmm_t_bfloat16_t_gs_16_b_4_alN_true_batch_0|nvfp4_gather_qmm_rhs_nt_bfloat16_t_gs_16_b_4_bm_16_bn_32_bk_32_wm_1_wn_2_align_M_t_align_N_t_align_K_t
GPUPROF 187993.765913500 187993.765991250 1 23101440 custom_kernel_laguna_prefill_sorted_moe_tail_bf16_v1_bfloat16_t_uint32_t_float_bfloat16_t_bfloat16_t_bfloat16_t
GPUPROF 187993.765992000 187993.780100500 30 636347908 rmsbfloat16|steel_gemm_splitk_nt_bfloat16_float32_bm32_bn32_bk16_wm2_wn2_MN_taligned_K_taligned|steel_gemm_splitk_accum_bfloat16_float32|steel_gemm_splitk_nt_bfloat16_float32_bm32_bn32_bk16_wm2_wn2_MN_taligned_K_taligned|steel_gemm_splitk_accum_bfloat16_float32|steel_gemm_fused_nt_bfloat16_bfloat16_bm64_bn64_bk16_wm2_wn2_has_batch_n_use_out_source_n_do_axpby_n_align_M_t_align_N_t_align_K_t|steel_gemm_splitk_nt_bfloat16_float32_bm32_bn32_bk16_wm2_wn2_MN_taligned_K_taligned|steel_gemm_splitk_accum_bfloat16_float32|custom_kernel_laguna_prefill_sliding_qk_norm_rope_bf16_128_h1_v2_bfloat16_t_bfloat16_t_bfloat16_t_bfloat16_t_float_int32_tc_bfloat16_t_bfloat16_t|steel_attention_bfloat16_bq32_bk16_bd128_wm4_wn1_maskbfloat16_align_Q_t_align_K_t_has_mask_n_do_causal_t_has_sinks_n|Cf4IAsTypeADf4IBroadcastCBEf4IBroadcastBCFf4ILogAddExpDEGV2OAsTypeF_VC_V2_10408321403207385874_contiguous|g2_Multiplybfloat16|steel_gemm_fused_nt_bfloat16_bfloat16_bm64_bn64_bk16_wm2_wn2_has_batch_n_use_out_source_n_do_axpby_n_align_M_t_align_N_t_align_K_t|custom_kernel_laguna_residual_rms_bf16_2048_v1_bfloat16_t_bfloat16_t_bfloat16_t_bfloat16_t_bfloat16_t|steel_gemm_splitk_nt_bfloat16_float32_bm32_bn32_bk16_wm2_wn2_MN_taligned_K_taligned|steel_gemm_splitk_accum_bfloat16_float32|custom_kernel_laguna_prefill_router_tournament_ordinal_norm_v1_bfloat16_t_float_uint32_t_float|custom_kernel_mlx_lm_route_csort_scatter_fused_m8_u32_v4_uint32_t_uint32_t_uint32_t_uint32_t|gather_frontbfloat16_uint32_int_2|arangeuint32|nvfp4_gather_qmm_rhs_nt_bfloat16_t_gs_16_b_4_bm_16_bn_32_bk_32_wm_1_wn_2_align_M_t_align_N_t_align_K_t|nvfp4_qmm_t_splitk_fused_bfloat16_t_gs_16_b_4_alN_true|nvfp4_qmm_t_splitk_fused_bfloat16_t_gs_16_b_4_alN_true|g2_copybfloat16bfloat16|g2_copybfloat16bfloat16|CV2ISigmoidADV2IBroadcastACEV2IBroadcastCAFV2IMultiplyDEGV2IBroadcastFBHV2IBroadcastBFIV2OMultiplyGH_VV_V2V2_11160318154034397263_contiguous|arangeuint32|CV2ISigmoidADV2IBroadcastACEV2IBroadcastCAFV2IMultiplyDEGV2IBroadcastFBHV2IBroadcastBFIV2OMultiplyGH_VV_V2V2_11160318154034397263_contiguous|nvfp4_qmm_t_bfloat16_t_gs_16_b_4_alN_true_batch_0|nvfp4_gather_qmm_rhs_nt_bfloat16_t_gs_16_b_4_bm_16_bn_32_bk_32_wm_1_wn_2_align_M_t_align_N_t_align_K_t
GPUPROF 187993.780101250 187993.780178500 1 23101440 custom_kernel_laguna_prefill_sorted_moe_tail_bf16_v1_bfloat16_t_uint32_t_float_bfloat16_t_bfloat16_t_bfloat16_t
GPUPROF 187993.780179250 187993.794160417 30 636347908 rmsbfloat16|steel_gemm_splitk_nt_bfloat16_float32_bm32_bn32_bk16_wm2_wn2_MN_taligned_K_taligned|steel_gemm_splitk_accum_bfloat16_float32|steel_gemm_splitk_nt_bfloat16_float32_bm32_bn32_bk16_wm2_wn2_MN_taligned_K_taligned|steel_gemm_splitk_accum_bfloat16_float32|steel_gemm_fused_nt_bfloat16_bfloat16_bm64_bn64_bk16_wm2_wn2_has_batch_n_use_out_source_n_do_axpby_n_align_M_t_align_N_t_align_K_t|steel_gemm_splitk_nt_bfloat16_float32_bm32_bn32_bk16_wm2_wn2_MN_taligned_K_taligned|steel_gemm_splitk_accum_bfloat16_float32|custom_kernel_laguna_prefill_sliding_qk_norm_rope_bf16_128_h1_v2_bfloat16_t_bfloat16_t_bfloat16_t_bfloat16_t_float_int32_tc_bfloat16_t_bfloat16_t|steel_attention_bfloat16_bq32_bk16_bd128_wm4_wn1_maskbfloat16_align_Q_t_align_K_t_has_mask_n_do_causal_t_has_sinks_n|Cf4IAsTypeADf4IBroadcastCBEf4IBroadcastBCFf4ILogAddExpDEGV2OAsTypeF_VC_V2_10408321403207385874_contiguous|g2_Multiplybfloat16|steel_gemm_fused_nt_bfloat16_bfloat16_bm64_bn64_bk16_wm2_wn2_has_batch_n_use_out_source_n_do_axpby_n_align_M_t_align_N_t_align_K_t|custom_kernel_laguna_residual_rms_bf16_2048_v1_bfloat16_t_bfloat16_t_bfloat16_t_bfloat16_t_bfloat16_t|steel_gemm_splitk_nt_bfloat16_float32_bm32_bn32_bk16_wm2_wn2_MN_taligned_K_taligned|steel_gemm_splitk_accum_bfloat16_float32|custom_kernel_laguna_prefill_router_tournament_ordinal_norm_v1_bfloat16_t_float_uint32_t_float|custom_kernel_mlx_lm_route_csort_scatter_fused_m8_u32_v4_uint32_t_uint32_t_uint32_t_uint32_t|gather_frontbfloat16_uint32_int_2|arangeuint32|nvfp4_gather_qmm_rhs_nt_bfloat16_t_gs_16_b_4_bm_16_bn_32_bk_32_wm_1_wn_2_align_M_t_align_N_t_align_K_t|nvfp4_qmm_t_splitk_fused_bfloat16_t_gs_16_b_4_alN_true|nvfp4_qmm_t_splitk_fused_bfloat16_t_gs_16_b_4_alN_true|g2_copybfloat16bfloat16|g2_copybfloat16bfloat16|CV2ISigmoidADV2IBroadcastACEV2IBroadcastCAFV2IMultiplyDEGV2IBroadcastFBHV2IBroadcastBFIV2OMultiplyGH_VV_V2V2_11160318154034397263_contiguous|arangeuint32|CV2ISigmoidADV2IBroadcastACEV2IBroadcastCAFV2IMultiplyDEGV2IBroadcastFBHV2IBroadcastBFIV2OMultiplyGH_VV_V2V2_11160318154034397263_contiguous|nvfp4_qmm_t_bfloat16_t_gs_16_b_4_alN_true_batch_0|nvfp4_gather_qmm_rhs_nt_bfloat16_t_gs_16_b_4_bm_16_bn_32_bk_32_wm_1_wn_2_align_M_t_align_N_t_align_K_t
GPUPROF 187993.794161250 187993.794237542 1 23101440 custom_kernel_laguna_prefill_sorted_moe_tail_bf16_v1_bfloat16_t_uint32_t_float_bfloat16_t_bfloat16_t_bfloat16_t
GPUPROF 187993.794238500 187993.808299167 30 636347908 rmsbfloat16|steel_gemm_splitk_nt_bfloat16_float32_bm32_bn32_bk16_wm2_wn2_MN_taligned_K_taligned|steel_gemm_splitk_accum_bfloat16_float32|steel_gemm_splitk_nt_bfloat16_float32_bm32_bn32_bk16_wm2_wn2_MN_taligned_K_taligned|steel_gemm_splitk_accum_bfloat16_float32|steel_gemm_fused_nt_bfloat16_bfloat16_bm64_bn64_bk16_wm2_wn2_has_batch_n_use_out_source_n_do_axpby_n_align_M_t_align_N_t_align_K_t|steel_gemm_splitk_nt_bfloat16_float32_bm32_bn32_bk16_wm2_wn2_MN_taligned_K_taligned|steel_gemm_splitk_accum_bfloat16_float32|custom_kernel_laguna_prefill_sliding_qk_norm_rope_bf16_128_h1_v2_bfloat16_t_bfloat16_t_bfloat16_t_bfloat16_t_float_int32_tc_bfloat16_t_bfloat16_t|steel_attention_bfloat16_bq32_bk16_bd128_wm4_wn1_maskbfloat16_align_Q_t_align_K_t_has_mask_n_do_causal_t_has_sinks_n|Cf4IAsTypeADf4IBroadcastCBEf4IBroadcastBCFf4ILogAddExpDEGV2OAsTypeF_VC_V2_10408321403207385874_contiguous|g2_Multiplybfloat16|steel_gemm_fused_nt_bfloat16_bfloat16_bm64_bn64_bk16_wm2_wn2_has_batch_n_use_out_source_n_do_axpby_n_align_M_t_align_N_t_align_K_t|custom_kernel_laguna_residual_rms_bf16_2048_v1_bfloat16_t_bfloat16_t_bfloat16_t_bfloat16_t_bfloat16_t|steel_gemm_splitk_nt_bfloat16_float32_bm32_bn32_bk16_wm2_wn2_MN_taligned_K_taligned|steel_gemm_splitk_accum_bfloat16_float32|custom_kernel_laguna_prefill_router_tournament_ordinal_norm_v1_bfloat16_t_float_uint32_t_float|custom_kernel_mlx_lm_route_csort_scatter_fused_m8_u32_v4_uint32_t_uint32_t_uint32_t_uint32_t|gather_frontbfloat16_uint32_int_2|arangeuint32|nvfp4_gather_qmm_rhs_nt_bfloat16_t_gs_16_b_4_bm_16_bn_32_bk_32_wm_1_wn_2_align_M_t_align_N_t_align_K_t|nvfp4_qmm_t_splitk_fused_bfloat16_t_gs_16_b_4_alN_true|nvfp4_qmm_t_splitk_fused_bfloat16_t_gs_16_b_4_alN_true|g2_copybfloat16bfloat16|g2_copybfloat16bfloat16|CV2ISigmoidADV2IBroadcastACEV2IBroadcastCAFV2IMultiplyDEGV2IBroadcastFBHV2IBroadcastBFIV2OMultiplyGH_VV_V2V2_11160318154034397263_contiguous|arangeuint32|CV2ISigmoidADV2IBroadcastACEV2IBroadcastCAFV2IMultiplyDEGV2IBroadcastFBHV2IBroadcastBFIV2OMultiplyGH_VV_V2V2_11160318154034397263_contiguous|nvfp4_qmm_t_bfloat16_t_gs_16_b_4_alN_true_batch_0|nvfp4_gather_qmm_rhs_nt_bfloat16_t_gs_16_b_4_bm_16_bn_32_bk_32_wm_1_wn_2_align_M_t_align_N_t_align_K_t
GPUPROF 187993.808300125 187993.808376250 1 23101440 custom_kernel_laguna_prefill_sorted_moe_tail_bf16_v1_bfloat16_t_uint32_t_float_bfloat16_t_bfloat16_t_bfloat16_t
GPUPROF 187993.808377042 187993.821056750 30 612017668 rmsbfloat16|steel_gemm_splitk_nt_bfloat16_float32_bm32_bn32_bk16_wm2_wn2_MN_taligned_K_taligned|steel_gemm_splitk_accum_bfloat16_float32|steel_gemm_splitk_nt_bfloat16_float32_bm32_bn32_bk16_wm2_wn2_MN_taligned_K_taligned|steel_gemm_splitk_accum_bfloat16_float32|steel_gemm_fused_nt_bfloat16_bfloat16_bm64_bn64_bk16_wm2_wn2_has_batch_n_use_out_source_n_do_axpby_n_align_M_t_align_N_t_align_K_t|steel_gemm_splitk_nt_bfloat16_float32_bm32_bn32_bk16_wm2_wn2_MN_naligned_K_taligned|steel_gemm_splitk_accum_bfloat16_float32|custom_kernel_laguna_prefill_full_qk_norm_yarn_bf16_128_h1_v2_bfloat16_t_bfloat16_t_bfloat16_t_bfloat16_t_float_int32_tc_bfloat16_t_bfloat16_t|steel_attention_bfloat16_bq32_bk16_bd128_wm4_wn1_maskbfloat16_align_Q_t_align_K_t_has_mask_n_do_causal_t_has_sinks_n|Cf4IAsTypeADf4IBroadcastCBEf4IBroadcastBCFf4ILogAddExpDEGV2OAsTypeF_VC_V2_10408321403207385874_contiguous|g2_Multiplybfloat16|steel_gemm_fused_nt_bfloat16_bfloat16_bm64_bn64_bk16_wm2_wn2_has_batch_n_use_out_source_n_do_axpby_n_align_M_t_align_N_t_align_K_t|custom_kernel_laguna_residual_rms_bf16_2048_v1_bfloat16_t_bfloat16_t_bfloat16_t_bfloat16_t_bfloat16_t|steel_gemm_splitk_nt_bfloat16_float32_bm32_bn32_bk16_wm2_wn2_MN_taligned_K_taligned|steel_gemm_splitk_accum_bfloat16_float32|custom_kernel_laguna_prefill_router_tournament_ordinal_norm_v1_bfloat16_t_float_uint32_t_float|custom_kernel_mlx_lm_route_csort_scatter_fused_m8_u32_v4_uint32_t_uint32_t_uint32_t_uint32_t|gather_frontbfloat16_uint32_int_2|arangeuint32|nvfp4_gather_qmm_rhs_nt_bfloat16_t_gs_16_b_4_bm_16_bn_32_bk_32_wm_1_wn_2_align_M_t_align_N_t_align_K_t|nvfp4_qmm_t_splitk_fused_bfloat16_t_gs_16_b_4_alN_true|nvfp4_qmm_t_splitk_fused_bfloat16_t_gs_16_b_4_alN_true|g2_copybfloat16bfloat16|g2_copybfloat16bfloat16|CV2ISigmoidADV2IBroadcastACEV2IBroadcastCAFV2IMultiplyDEGV2IBroadcastFBHV2IBroadcastBFIV2OMultiplyGH_VV_V2V2_11160318154034397263_contiguous|arangeuint32|CV2ISigmoidADV2IBroadcastACEV2IBroadcastCAFV2IMultiplyDEGV2IBroadcastFBHV2IBroadcastBFIV2OMultiplyGH_VV_V2V2_11160318154034397263_contiguous|nvfp4_qmm_t_bfloat16_t_gs_16_b_4_alN_true_batch_0|nvfp4_gather_qmm_rhs_nt_bfloat16_t_gs_16_b_4_bm_16_bn_32_bk_32_wm_1_wn_2_align_M_t_align_N_t_align_K_t
GPUPROF 187993.821057750 187993.821132417 1 23101440 custom_kernel_laguna_prefill_sorted_moe_tail_bf16_v1_bfloat16_t_uint32_t_float_bfloat16_t_bfloat16_t_bfloat16_t
GPUPROF 187993.821133125 187993.835101500 30 636347908 rmsbfloat16|steel_gemm_splitk_nt_bfloat16_float32_bm32_bn32_bk16_wm2_wn2_MN_taligned_K_taligned|steel_gemm_splitk_accum_bfloat16_float32|steel_gemm_splitk_nt_bfloat16_float32_bm32_bn32_bk16_wm2_wn2_MN_taligned_K_taligned|steel_gemm_splitk_accum_bfloat16_float32|steel_gemm_fused_nt_bfloat16_bfloat16_bm64_bn64_bk16_wm2_wn2_has_batch_n_use_out_source_n_do_axpby_n_align_M_t_align_N_t_align_K_t|steel_gemm_splitk_nt_bfloat16_float32_bm32_bn32_bk16_wm2_wn2_MN_taligned_K_taligned|steel_gemm_splitk_accum_bfloat16_float32|custom_kernel_laguna_prefill_sliding_qk_norm_rope_bf16_128_h1_v2_bfloat16_t_bfloat16_t_bfloat16_t_bfloat16_t_float_int32_tc_bfloat16_t_bfloat16_t|steel_attention_bfloat16_bq32_bk16_bd128_wm4_wn1_maskbfloat16_align_Q_t_align_K_t_has_mask_n_do_causal_t_has_sinks_n|Cf4IAsTypeADf4IBroadcastCBEf4IBroadcastBCFf4ILogAddExpDEGV2OAsTypeF_VC_V2_10408321403207385874_contiguous|g2_Multiplybfloat16|steel_gemm_fused_nt_bfloat16_bfloat16_bm64_bn64_bk16_wm2_wn2_has_batch_n_use_out_source_n_do_axpby_n_align_M_t_align_N_t_align_K_t|custom_kernel_laguna_residual_rms_bf16_2048_v1_bfloat16_t_bfloat16_t_bfloat16_t_bfloat16_t_bfloat16_t|steel_gemm_splitk_nt_bfloat16_float32_bm32_bn32_bk16_wm2_wn2_MN_taligned_K_taligned|steel_gemm_splitk_accum_bfloat16_float32|custom_kernel_laguna_prefill_router_tournament_ordinal_norm_v1_bfloat16_t_float_uint32_t_float|custom_kernel_mlx_lm_route_csort_scatter_fused_m8_u32_v4_uint32_t_uint32_t_uint32_t_uint32_t|gather_frontbfloat16_uint32_int_2|arangeuint32|nvfp4_gather_qmm_rhs_nt_bfloat16_t_gs_16_b_4_bm_16_bn_32_bk_32_wm_1_wn_2_align_M_t_align_N_t_align_K_t|nvfp4_qmm_t_splitk_fused_bfloat16_t_gs_16_b_4_alN_true|nvfp4_qmm_t_splitk_fused_bfloat16_t_gs_16_b_4_alN_true|g2_copybfloat16bfloat16|g2_copybfloat16bfloat16|CV2ISigmoidADV2IBroadcastACEV2IBroadcastCAFV2IMultiplyDEGV2IBroadcastFBHV2IBroadcastBFIV2OMultiplyGH_VV_V2V2_11160318154034397263_contiguous|arangeuint32|CV2ISigmoidADV2IBroadcastACEV2IBroadcastCAFV2IMultiplyDEGV2IBroadcastFBHV2IBroadcastBFIV2OMultiplyGH_VV_V2V2_11160318154034397263_contiguous|nvfp4_qmm_t_bfloat16_t_gs_16_b_4_alN_true_batch_0|nvfp4_gather_qmm_rhs_nt_bfloat16_t_gs_16_b_4_bm_16_bn_32_bk_32_wm_1_wn_2_align_M_t_align_N_t_align_K_t
GPUPROF 187993.835102417 187993.835178750 1 23101440 custom_kernel_laguna_prefill_sorted_moe_tail_bf16_v1_bfloat16_t_uint32_t_float_bfloat16_t_bfloat16_t_bfloat16_t
GPUPROF 187993.835179500 187993.849249875 30 636347908 rmsbfloat16|steel_gemm_splitk_nt_bfloat16_float32_bm32_bn32_bk16_wm2_wn2_MN_taligned_K_taligned|steel_gemm_splitk_accum_bfloat16_float32|steel_gemm_splitk_nt_bfloat16_float32_bm32_bn32_bk16_wm2_wn2_MN_taligned_K_taligned|steel_gemm_splitk_accum_bfloat16_float32|steel_gemm_fused_nt_bfloat16_bfloat16_bm64_bn64_bk16_wm2_wn2_has_batch_n_use_out_source_n_do_axpby_n_align_M_t_align_N_t_align_K_t|steel_gemm_splitk_nt_bfloat16_float32_bm32_bn32_bk16_wm2_wn2_MN_taligned_K_taligned|steel_gemm_splitk_accum_bfloat16_float32|custom_kernel_laguna_prefill_sliding_qk_norm_rope_bf16_128_h1_v2_bfloat16_t_bfloat16_t_bfloat16_t_bfloat16_t_float_int32_tc_bfloat16_t_bfloat16_t|steel_attention_bfloat16_bq32_bk16_bd128_wm4_wn1_maskbfloat16_align_Q_t_align_K_t_has_mask_n_do_causal_t_has_sinks_n|Cf4IAsTypeADf4IBroadcastCBEf4IBroadcastBCFf4ILogAddExpDEGV2OAsTypeF_VC_V2_10408321403207385874_contiguous|g2_Multiplybfloat16|steel_gemm_fused_nt_bfloat16_bfloat16_bm64_bn64_bk16_wm2_wn2_has_batch_n_use_out_source_n_do_axpby_n_align_M_t_align_N_t_align_K_t|custom_kernel_laguna_residual_rms_bf16_2048_v1_bfloat16_t_bfloat16_t_bfloat16_t_bfloat16_t_bfloat16_t|steel_gemm_splitk_nt_bfloat16_float32_bm32_bn32_bk16_wm2_wn2_MN_taligned_K_taligned|steel_gemm_splitk_accum_bfloat16_float32|custom_kernel_laguna_prefill_router_tournament_ordinal_norm_v1_bfloat16_t_float_uint32_t_float|custom_kernel_mlx_lm_route_csort_scatter_fused_m8_u32_v4_uint32_t_uint32_t_uint32_t_uint32_t|gather_frontbfloat16_uint32_int_2|arangeuint32|nvfp4_gather_qmm_rhs_nt_bfloat16_t_gs_16_b_4_bm_16_bn_32_bk_32_wm_1_wn_2_align_M_t_align_N_t_align_K_t|nvfp4_qmm_t_splitk_fused_bfloat16_t_gs_16_b_4_alN_true|nvfp4_qmm_t_splitk_fused_bfloat16_t_gs_16_b_4_alN_true|g2_copybfloat16bfloat16|g2_copybfloat16bfloat16|CV2ISigmoidADV2IBroadcastACEV2IBroadcastCAFV2IMultiplyDEGV2IBroadcastFBHV2IBroadcastBFIV2OMultiplyGH_VV_V2V2_11160318154034397263_contiguous|arangeuint32|CV2ISigmoidADV2IBroadcastACEV2IBroadcastCAFV2IMultiplyDEGV2IBroadcastFBHV2IBroadcastBFIV2OMultiplyGH_VV_V2V2_11160318154034397263_contiguous|nvfp4_qmm_t_bfloat16_t_gs_16_b_4_alN_true_batch_0|nvfp4_gather_qmm_rhs_nt_bfloat16_t_gs_16_b_4_bm_16_bn_32_bk_32_wm_1_wn_2_align_M_t_align_N_t_align_K_t
GPUPROF 187993.849250750 187993.849326625 1 23101440 custom_kernel_laguna_prefill_sorted_moe_tail_bf16_v1_bfloat16_t_uint32_t_float_bfloat16_t_bfloat16_t_bfloat16_t
GPUPROF 187993.849327500 187993.863545125 30 636347908 rmsbfloat16|steel_gemm_splitk_nt_bfloat16_float32_bm32_bn32_bk16_wm2_wn2_MN_taligned_K_taligned|steel_gemm_splitk_accum_bfloat16_float32|steel_gemm_splitk_nt_bfloat16_float32_bm32_bn32_bk16_wm2_wn2_MN_taligned_K_taligned|steel_gemm_splitk_accum_bfloat16_float32|steel_gemm_fused_nt_bfloat16_bfloat16_bm64_bn64_bk16_wm2_wn2_has_batch_n_use_out_source_n_do_axpby_n_align_M_t_align_N_t_align_K_t|steel_gemm_splitk_nt_bfloat16_float32_bm32_bn32_bk16_wm2_wn2_MN_taligned_K_taligned|steel_gemm_splitk_accum_bfloat16_float32|custom_kernel_laguna_prefill_sliding_qk_norm_rope_bf16_128_h1_v2_bfloat16_t_bfloat16_t_bfloat16_t_bfloat16_t_float_int32_tc_bfloat16_t_bfloat16_t|steel_attention_bfloat16_bq32_bk16_bd128_wm4_wn1_maskbfloat16_align_Q_t_align_K_t_has_mask_n_do_causal_t_has_sinks_n|Cf4IAsTypeADf4IBroadcastCBEf4IBroadcastBCFf4ILogAddExpDEGV2OAsTypeF_VC_V2_10408321403207385874_contiguous|g2_Multiplybfloat16|steel_gemm_fused_nt_bfloat16_bfloat16_bm64_bn64_bk16_wm2_wn2_has_batch_n_use_out_source_n_do_axpby_n_align_M_t_align_N_t_align_K_t|custom_kernel_laguna_residual_rms_bf16_2048_v1_bfloat16_t_bfloat16_t_bfloat16_t_bfloat16_t_bfloat16_t|steel_gemm_splitk_nt_bfloat16_float32_bm32_bn32_bk16_wm2_wn2_MN_taligned_K_taligned|steel_gemm_splitk_accum_bfloat16_float32|custom_kernel_laguna_prefill_router_tournament_ordinal_norm_v1_bfloat16_t_float_uint32_t_float|custom_kernel_mlx_lm_route_csort_scatter_fused_m8_u32_v4_uint32_t_uint32_t_uint32_t_uint32_t|gather_frontbfloat16_uint32_int_2|arangeuint32|nvfp4_gather_qmm_rhs_nt_bfloat16_t_gs_16_b_4_bm_16_bn_32_bk_32_wm_1_wn_2_align_M_t_align_N_t_align_K_t|nvfp4_qmm_t_splitk_fused_bfloat16_t_gs_16_b_4_alN_true|nvfp4_qmm_t_splitk_fused_bfloat16_t_gs_16_b_4_alN_true|g2_copybfloat16bfloat16|g2_copybfloat16bfloat16|CV2ISigmoidADV2IBroadcastACEV2IBroadcastCAFV2IMultiplyDEGV2IBroadcastFBHV2IBroadcastBFIV2OMultiplyGH_VV_V2V2_11160318154034397263_contiguous|arangeuint32|CV2ISigmoidADV2IBroadcastACEV2IBroadcastCAFV2IMultiplyDEGV2IBroadcastFBHV2IBroadcastBFIV2OMultiplyGH_VV_V2V2_11160318154034397263_contiguous|nvfp4_qmm_t_bfloat16_t_gs_16_b_4_alN_true_batch_0|nvfp4_gather_qmm_rhs_nt_bfloat16_t_gs_16_b_4_bm_16_bn_32_bk_32_wm_1_wn_2_align_M_t_align_N_t_align_K_t
GPUPROF 187993.863545917 187993.863622792 1 23101440 custom_kernel_laguna_prefill_sorted_moe_tail_bf16_v1_bfloat16_t_uint32_t_float_bfloat16_t_bfloat16_t_bfloat16_t
GPUPROF 187993.863623625 187993.876276000 30 612017668 rmsbfloat16|steel_gemm_splitk_nt_bfloat16_float32_bm32_bn32_bk16_wm2_wn2_MN_taligned_K_taligned|steel_gemm_splitk_accum_bfloat16_float32|steel_gemm_splitk_nt_bfloat16_float32_bm32_bn32_bk16_wm2_wn2_MN_taligned_K_taligned|steel_gemm_splitk_accum_bfloat16_float32|steel_gemm_fused_nt_bfloat16_bfloat16_bm64_bn64_bk16_wm2_wn2_has_batch_n_use_out_source_n_do_axpby_n_align_M_t_align_N_t_align_K_t|steel_gemm_splitk_nt_bfloat16_float32_bm32_bn32_bk16_wm2_wn2_MN_naligned_K_taligned|steel_gemm_splitk_accum_bfloat16_float32|custom_kernel_laguna_prefill_full_qk_norm_yarn_bf16_128_h1_v2_bfloat16_t_bfloat16_t_bfloat16_t_bfloat16_t_float_int32_tc_bfloat16_t_bfloat16_t|steel_attention_bfloat16_bq32_bk16_bd128_wm4_wn1_maskbfloat16_align_Q_t_align_K_t_has_mask_n_do_causal_t_has_sinks_n|Cf4IAsTypeADf4IBroadcastCBEf4IBroadcastBCFf4ILogAddExpDEGV2OAsTypeF_VC_V2_10408321403207385874_contiguous|g2_Multiplybfloat16|steel_gemm_fused_nt_bfloat16_bfloat16_bm64_bn64_bk16_wm2_wn2_has_batch_n_use_out_source_n_do_axpby_n_align_M_t_align_N_t_align_K_t|custom_kernel_laguna_residual_rms_bf16_2048_v1_bfloat16_t_bfloat16_t_bfloat16_t_bfloat16_t_bfloat16_t|steel_gemm_splitk_nt_bfloat16_float32_bm32_bn32_bk16_wm2_wn2_MN_taligned_K_taligned|steel_gemm_splitk_accum_bfloat16_float32|custom_kernel_laguna_prefill_router_tournament_ordinal_norm_v1_bfloat16_t_float_uint32_t_float|custom_kernel_mlx_lm_route_csort_scatter_fused_m8_u32_v4_uint32_t_uint32_t_uint32_t_uint32_t|gather_frontbfloat16_uint32_int_2|arangeuint32|nvfp4_gather_qmm_rhs_nt_bfloat16_t_gs_16_b_4_bm_16_bn_32_bk_32_wm_1_wn_2_align_M_t_align_N_t_align_K_t|nvfp4_qmm_t_splitk_fused_bfloat16_t_gs_16_b_4_alN_true|nvfp4_qmm_t_splitk_fused_bfloat16_t_gs_16_b_4_alN_true|g2_copybfloat16bfloat16|g2_copybfloat16bfloat16|CV2ISigmoidADV2IBroadcastACEV2IBroadcastCAFV2IMultiplyDEGV2IBroadcastFBHV2IBroadcastBFIV2OMultiplyGH_VV_V2V2_11160318154034397263_contiguous|arangeuint32|CV2ISigmoidADV2IBroadcastACEV2IBroadcastCAFV2IMultiplyDEGV2IBroadcastFBHV2IBroadcastBFIV2OMultiplyGH_VV_V2V2_11160318154034397263_contiguous|nvfp4_qmm_t_bfloat16_t_gs_16_b_4_alN_true_batch_0|nvfp4_gather_qmm_rhs_nt_bfloat16_t_gs_16_b_4_bm_16_bn_32_bk_32_wm_1_wn_2_align_M_t_align_N_t_align_K_t
GPUPROF 187993.876292000 187993.876367750 1 23101440 custom_kernel_laguna_prefill_sorted_moe_tail_bf16_v1_bfloat16_t_uint32_t_float_bfloat16_t_bfloat16_t_bfloat16_t
GPUPROF 187993.876368500 187993.890490500 30 636347908 rmsbfloat16|steel_gemm_splitk_nt_bfloat16_float32_bm32_bn32_bk16_wm2_wn2_MN_taligned_K_taligned|steel_gemm_splitk_accum_bfloat16_float32|steel_gemm_splitk_nt_bfloat16_float32_bm32_bn32_bk16_wm2_wn2_MN_taligned_K_taligned|steel_gemm_splitk_accum_bfloat16_float32|steel_gemm_fused_nt_bfloat16_bfloat16_bm64_bn64_bk16_wm2_wn2_has_batch_n_use_out_source_n_do_axpby_n_align_M_t_align_N_t_align_K_t|steel_gemm_splitk_nt_bfloat16_float32_bm32_bn32_bk16_wm2_wn2_MN_taligned_K_taligned|steel_gemm_splitk_accum_bfloat16_float32|custom_kernel_laguna_prefill_sliding_qk_norm_rope_bf16_128_h1_v2_bfloat16_t_bfloat16_t_bfloat16_t_bfloat16_t_float_int32_tc_bfloat16_t_bfloat16_t|steel_attention_bfloat16_bq32_bk16_bd128_wm4_wn1_maskbfloat16_align_Q_t_align_K_t_has_mask_n_do_causal_t_has_sinks_n|Cf4IAsTypeADf4IBroadcastCBEf4IBroadcastBCFf4ILogAddExpDEGV2OAsTypeF_VC_V2_10408321403207385874_contiguous|g2_Multiplybfloat16|steel_gemm_fused_nt_bfloat16_bfloat16_bm64_bn64_bk16_wm2_wn2_has_batch_n_use_out_source_n_do_axpby_n_align_M_t_align_N_t_align_K_t|custom_kernel_laguna_residual_rms_bf16_2048_v1_bfloat16_t_bfloat16_t_bfloat16_t_bfloat16_t_bfloat16_t|steel_gemm_splitk_nt_bfloat16_float32_bm32_bn32_bk16_wm2_wn2_MN_taligned_K_taligned|steel_gemm_splitk_accum_bfloat16_float32|custom_kernel_laguna_prefill_router_tournament_ordinal_norm_v1_bfloat16_t_float_uint32_t_float|custom_kernel_mlx_lm_route_csort_scatter_fused_m8_u32_v4_uint32_t_uint32_t_uint32_t_uint32_t|gather_frontbfloat16_uint32_int_2|arangeuint32|nvfp4_gather_qmm_rhs_nt_bfloat16_t_gs_16_b_4_bm_16_bn_32_bk_32_wm_1_wn_2_align_M_t_align_N_t_align_K_t|nvfp4_qmm_t_splitk_fused_bfloat16_t_gs_16_b_4_alN_true|nvfp4_qmm_t_splitk_fused_bfloat16_t_gs_16_b_4_alN_true|g2_copybfloat16bfloat16|g2_copybfloat16bfloat16|CV2ISigmoidADV2IBroadcastACEV2IBroadcastCAFV2IMultiplyDEGV2IBroadcastFBHV2IBroadcastBFIV2OMultiplyGH_VV_V2V2_11160318154034397263_contiguous|arangeuint32|CV2ISigmoidADV2IBroadcastACEV2IBroadcastCAFV2IMultiplyDEGV2IBroadcastFBHV2IBroadcastBFIV2OMultiplyGH_VV_V2V2_11160318154034397263_contiguous|nvfp4_qmm_t_bfloat16_t_gs_16_b_4_alN_true_batch_0|nvfp4_gather_qmm_rhs_nt_bfloat16_t_gs_16_b_4_bm_16_bn_32_bk_32_wm_1_wn_2_align_M_t_align_N_t_align_K_t
GPUPROF 187993.890491375 187993.890566542 1 23101440 custom_kernel_laguna_prefill_sorted_moe_tail_bf16_v1_bfloat16_t_uint32_t_float_bfloat16_t_bfloat16_t_bfloat16_t
GPUPROF 187993.890567375 187993.904350625 30 636347908 rmsbfloat16|steel_gemm_splitk_nt_bfloat16_float32_bm32_bn32_bk16_wm2_wn2_MN_taligned_K_taligned|steel_gemm_splitk_accum_bfloat16_float32|steel_gemm_splitk_nt_bfloat16_float32_bm32_bn32_bk16_wm2_wn2_MN_taligned_K_taligned|steel_gemm_splitk_accum_bfloat16_float32|steel_gemm_fused_nt_bfloat16_bfloat16_bm64_bn64_bk16_wm2_wn2_has_batch_n_use_out_source_n_do_axpby_n_align_M_t_align_N_t_align_K_t|steel_gemm_splitk_nt_bfloat16_float32_bm32_bn32_bk16_wm2_wn2_MN_taligned_K_taligned|steel_gemm_splitk_accum_bfloat16_float32|custom_kernel_laguna_prefill_sliding_qk_norm_rope_bf16_128_h1_v2_bfloat16_t_bfloat16_t_bfloat16_t_bfloat16_t_float_int32_tc_bfloat16_t_bfloat16_t|steel_attention_bfloat16_bq32_bk16_bd128_wm4_wn1_maskbfloat16_align_Q_t_align_K_t_has_mask_n_do_causal_t_has_sinks_n|Cf4IAsTypeADf4IBroadcastCBEf4IBroadcastBCFf4ILogAddExpDEGV2OAsTypeF_VC_V2_10408321403207385874_contiguous|g2_Multiplybfloat16|steel_gemm_fused_nt_bfloat16_bfloat16_bm64_bn64_bk16_wm2_wn2_has_batch_n_use_out_source_n_do_axpby_n_align_M_t_align_N_t_align_K_t|custom_kernel_laguna_residual_rms_bf16_2048_v1_bfloat16_t_bfloat16_t_bfloat16_t_bfloat16_t_bfloat16_t|steel_gemm_splitk_nt_bfloat16_float32_bm32_bn32_bk16_wm2_wn2_MN_taligned_K_taligned|steel_gemm_splitk_accum_bfloat16_float32|custom_kernel_laguna_prefill_router_tournament_ordinal_norm_v1_bfloat16_t_float_uint32_t_float|custom_kernel_mlx_lm_route_csort_scatter_fused_m8_u32_v4_uint32_t_uint32_t_uint32_t_uint32_t|gather_frontbfloat16_uint32_int_2|arangeuint32|nvfp4_gather_qmm_rhs_nt_bfloat16_t_gs_16_b_4_bm_16_bn_32_bk_32_wm_1_wn_2_align_M_t_align_N_t_align_K_t|nvfp4_qmm_t_splitk_fused_bfloat16_t_gs_16_b_4_alN_true|nvfp4_qmm_t_splitk_fused_bfloat16_t_gs_16_b_4_alN_true|g2_copybfloat16bfloat16|g2_copybfloat16bfloat16|CV2ISigmoidADV2IBroadcastACEV2IBroadcastCAFV2IMultiplyDEGV2IBroadcastFBHV2IBroadcastBFIV2OMultiplyGH_VV_V2V2_11160318154034397263_contiguous|arangeuint32|CV2ISigmoidADV2IBroadcastACEV2IBroadcastCAFV2IMultiplyDEGV2IBroadcastFBHV2IBroadcastBFIV2OMultiplyGH_VV_V2V2_11160318154034397263_contiguous|nvfp4_qmm_t_bfloat16_t_gs_16_b_4_alN_true_batch_0|nvfp4_gather_qmm_rhs_nt_bfloat16_t_gs_16_b_4_bm_16_bn_32_bk_32_wm_1_wn_2_align_M_t_align_N_t_align_K_t
GPUPROF 187993.904366417 187993.904441000 1 23101440 custom_kernel_laguna_prefill_sorted_moe_tail_bf16_v1_bfloat16_t_uint32_t_float_bfloat16_t_bfloat16_t_bfloat16_t
GPUPROF 187993.904441750 187993.905949375 19 650351176 rmsbfloat16|steel_gemm_fused_nt_bfloat16_bfloat16_bm64_bn64_bk16_wm2_wn2_has_batch_n_use_out_source_n_do_axpby_n_align_M_t_align_N_t_align_K_t|gemv_al_bfloat16_bm8_bn1_sm1_sn32_tm4_tn4_nc0_axpby0|g2_copybfloat16bfloat16|rmsbfloat16|rmsbfloat16|rope_bfloat16_|rope_single_bfloat16_|Cf4IAsTypeADf4IBroadcastCBEf4IBroadcastBCFf4ILogAddExpDEGV2OAsTypeF_VC_V2_10408321403207385874_contiguous|sdpa_vector_bfloat16_t_128_128_nomask_qnt_nc_nosinks|g2_Multiplybfloat16|gemv_al_bfloat16_bm4_bn1_sm1_sn32_tm4_tn4_nc0_axpby0|custom_kernel_laguna_residual_rms_router_bf16_2048_rpg8_keys_v1_bfloat16_t_bfloat16_t_bfloat16_t_bfloat16_t_float_bfloat16_t_bfloat16_t_bfloat16_t_uint32_t|custom_kernel_laguna_shared_nvfp4_swiglu_qmv_rows1_bf16_v1_bfloat16_t_uint32_t_uint8_t_bfloat16_t|custom_kernel_laguna_decode_router_top8_ordinal_table_norm_v1_bfloat16_t_float_uint32_t_float|custom_kernel_laguna_routed_nvfp4_swiglu_qmv_packed_top8keys_r1_bf16_v2_bfloat16_t_uint32_t_uint8_t_uint32_t_bfloat16_t|custom_kernel_laguna_routed_shared_nvfp4_down_residual_bf16_r1_v5_bfloat16_t_uint32_t_uint8_t_uint32_t_float_bfloat16_t_uint32_t_uint8_t_bfloat16_t_bfloat16_t|rmsbfloat16|custom_kernel_laguna_lmhead_int5_inline_coarse_ratio_bound_delta_bf16_v6_bfloat16_t_uint8_t_uint8_t_uint8_t_float_bfloat16_t
GPUPROF 187993.905950125 187993.906033500 3 411849732 custom_kernel_laguna_lmhead_coarse_argmax_stage1_v5_float_float_uint32_t|custom_kernel_laguna_lmhead_exact_winner_bf16_midpoint_threshold_v1_float_uint32_t_bfloat16_t_bfloat16_t_float|custom_kernel_laguna_lmhead_exact_inline_mask_block_delta_bf16_lane0_mask_v1_float_bfloat16_t_floatc_bfloat16_t_bfloat16_t_bfloat16_t
GPUPROF 187993.906259750 187993.906271500 2 401416 gather_frontbfloat16_int32_int_2|argmax_bfloat16
GPUPROF 187993.911952042 187993.912324375 4 424679424 gather_frontbfloat16_int32_int_2|rmsbfloat16|steel_gemm_splitk_nt_bfloat16_float32_bm32_bn32_bk16_wm2_wn2_MN_taligned_K_taligned|steel_gemm_splitk_accum_bfloat16_float32
GPUPROF 187993.912686042 187993.924623500 16 212455940 steel_gemm_splitk_nt_bfloat16_float32_bm32_bn32_bk16_wm2_wn2_MN_taligned_K_taligned|steel_gemm_splitk_accum_bfloat16_float32|steel_gemm_fused_nt_bfloat16_bfloat16_bm64_bn64_bk16_wm2_wn2_has_batch_n_use_out_source_n_do_axpby_n_align_M_t_align_N_t_align_K_t|steel_gemm_splitk_nt_bfloat16_float32_bm32_bn32_bk16_wm2_wn2_MN_naligned_K_taligned|steel_gemm_splitk_accum_bfloat16_float32|custom_kernel_laguna_prefill_full_qk_norm_yarn_bf16_128_h1_v2_bfloat16_t_bfloat16_t_bfloat16_t_bfloat16_t_float_int32_tc_bfloat16_t_bfloat16_t|steel_attention_bfloat16_bq32_bk16_bd128_wm4_wn1_maskbfloat16_align_Q_t_align_K_t_has_mask_n_do_causal_t_has_sinks_n|Cf4IAsTypeADf4IBroadcastCBEf4IBroadcastBCFf4ILogAddExpDEGV2OAsTypeF_VC_V2_10408321403207385874_contiguous|g2_Multiplybfloat16|steel_gemm_fused_nt_bfloat16_bfloat16_bm64_bn64_bk16_wm2_wn2_has_batch_n_use_out_source_n_do_axpby_n_align_M_t_align_N_t_align_K_t|custom_kernel_laguna_residual_rms_bf16_2048_v1_bfloat16_t_bfloat16_t_bfloat16_t_bfloat16_t_bfloat16_t|steel_gemm_fused_nt_bfloat16_bfloat16_bm64_bn64_bk16_wm2_wn2_has_batch_n_use_out_source_n_do_axpby_n_align_M_t_align_N_t_align_K_t|steel_gemm_fused_nt_bfloat16_bfloat16_bm64_bn64_bk16_wm2_wn2_has_batch_n_use_out_source_n_do_axpby_n_align_M_t_align_N_t_align_K_t|CV2ISigmoidADV2IBroadcastACEV2IBroadcastCAFV2IMultiplyDEGV2IBroadcastFBHV2IBroadcastBFIV2OMultiplyGH_VV_V2V2_11160318154034397263_contiguous|steel_gemm_fused_nt_bfloat16_bfloat16_bm64_bn64_bk16_wm2_wn2_has_batch_n_use_out_source_n_do_axpby_n_align_M_t_align_N_t_align_K_t|vvn_Addbfloat16
GPUPROF 187993.924624375 187993.939347625 30 636347908 rmsbfloat16|steel_gemm_splitk_nt_bfloat16_float32_bm32_bn32_bk16_wm2_wn2_MN_taligned_K_taligned|steel_gemm_splitk_accum_bfloat16_float32|steel_gemm_splitk_nt_bfloat16_float32_bm32_bn32_bk16_wm2_wn2_MN_taligned_K_taligned|steel_gemm_splitk_accum_bfloat16_float32|steel_gemm_fused_nt_bfloat16_bfloat16_bm64_bn64_bk16_wm2_wn2_has_batch_n_use_out_source_n_do_axpby_n_align_M_t_align_N_t_align_K_t|steel_gemm_splitk_nt_bfloat16_float32_bm32_bn32_bk16_wm2_wn2_MN_taligned_K_taligned|steel_gemm_splitk_accum_bfloat16_float32|custom_kernel_laguna_prefill_sliding_qk_norm_rope_bf16_128_h1_v2_bfloat16_t_bfloat16_t_bfloat16_t_bfloat16_t_float_int32_tc_bfloat16_t_bfloat16_t|steel_attention_bfloat16_bq32_bk16_bd128_wm4_wn1_maskbfloat16_align_Q_t_align_K_t_has_mask_n_do_causal_t_has_sinks_n|Cf4IAsTypeADf4IBroadcastCBEf4IBroadcastBCFf4ILogAddExpDEGV2OAsTypeF_VC_V2_10408321403207385874_contiguous|g2_Multiplybfloat16|steel_gemm_fused_nt_bfloat16_bfloat16_bm64_bn64_bk16_wm2_wn2_has_batch_n_use_out_source_n_do_axpby_n_align_M_t_align_N_t_align_K_t|custom_kernel_laguna_residual_rms_bf16_2048_v1_bfloat16_t_bfloat16_t_bfloat16_t_bfloat16_t_bfloat16_t|steel_gemm_splitk_nt_bfloat16_float32_bm32_bn32_bk16_wm2_wn2_MN_taligned_K_taligned|steel_gemm_splitk_accum_bfloat16_float32|custom_kernel_laguna_prefill_router_tournament_ordinal_norm_v1_bfloat16_t_float_uint32_t_float|custom_kernel_mlx_lm_route_csort_scatter_fused_m8_u32_v4_uint32_t_uint32_t_uint32_t_uint32_t|gather_frontbfloat16_uint32_int_2|arangeuint32|nvfp4_gather_qmm_rhs_nt_bfloat16_t_gs_16_b_4_bm_16_bn_32_bk_32_wm_1_wn_2_align_M_t_align_N_t_align_K_t|nvfp4_qmm_t_splitk_fused_bfloat16_t_gs_16_b_4_alN_true|nvfp4_qmm_t_splitk_fused_bfloat16_t_gs_16_b_4_alN_true|g2_copybfloat16bfloat16|g2_copybfloat16bfloat16|CV2ISigmoidADV2IBroadcastACEV2IBroadcastCAFV2IMultiplyDEGV2IBroadcastFBHV2IBroadcastBFIV2OMultiplyGH_VV_V2V2_11160318154034397263_contiguous|arangeuint32|CV2ISigmoidADV2IBroadcastACEV2IBroadcastCAFV2IMultiplyDEGV2IBroadcastFBHV2IBroadcastBFIV2OMultiplyGH_VV_V2V2_11160318154034397263_contiguous|nvfp4_qmm_t_bfloat16_t_gs_16_b_4_alN_true_batch_0|nvfp4_gather_qmm_rhs_nt_bfloat16_t_gs_16_b_4_bm_16_bn_32_bk_32_wm_1_wn_2_align_M_t_align_N_t_align_K_t
GPUPROF 187993.939348542 187993.939424167 1 23101440 custom_kernel_laguna_prefill_sorted_moe_tail_bf16_v1_bfloat16_t_uint32_t_float_bfloat16_t_bfloat16_t_bfloat16_t
GPUPROF 187993.939425250 187993.954185500 30 636347908 rmsbfloat16|steel_gemm_splitk_nt_bfloat16_float32_bm32_bn32_bk16_wm2_wn2_MN_taligned_K_taligned|steel_gemm_splitk_accum_bfloat16_float32|steel_gemm_splitk_nt_bfloat16_float32_bm32_bn32_bk16_wm2_wn2_MN_taligned_K_taligned|steel_gemm_splitk_accum_bfloat16_float32|steel_gemm_fused_nt_bfloat16_bfloat16_bm64_bn64_bk16_wm2_wn2_has_batch_n_use_out_source_n_do_axpby_n_align_M_t_align_N_t_align_K_t|steel_gemm_splitk_nt_bfloat16_float32_bm32_bn32_bk16_wm2_wn2_MN_taligned_K_taligned|steel_gemm_splitk_accum_bfloat16_float32|custom_kernel_laguna_prefill_sliding_qk_norm_rope_bf16_128_h1_v2_bfloat16_t_bfloat16_t_bfloat16_t_bfloat16_t_float_int32_tc_bfloat16_t_bfloat16_t|steel_attention_bfloat16_bq32_bk16_bd128_wm4_wn1_maskbfloat16_align_Q_t_align_K_t_has_mask_n_do_causal_t_has_sinks_n|Cf4IAsTypeADf4IBroadcastCBEf4IBroadcastBCFf4ILogAddExpDEGV2OAsTypeF_VC_V2_10408321403207385874_contiguous|g2_Multiplybfloat16|steel_gemm_fused_nt_bfloat16_bfloat16_bm64_bn64_bk16_wm2_wn2_has_batch_n_use_out_source_n_do_axpby_n_align_M_t_align_N_t_align_K_t|custom_kernel_laguna_residual_rms_bf16_2048_v1_bfloat16_t_bfloat16_t_bfloat16_t_bfloat16_t_bfloat16_t|steel_gemm_splitk_nt_bfloat16_float32_bm32_bn32_bk16_wm2_wn2_MN_taligned_K_taligned|steel_gemm_splitk_accum_bfloat16_float32|custom_kernel_laguna_prefill_router_tournament_ordinal_norm_v1_bfloat16_t_float_uint32_t_float|custom_kernel_mlx_lm_route_csort_scatter_fused_m8_u32_v4_uint32_t_uint32_t_uint32_t_uint32_t|gather_frontbfloat16_uint32_int_2|arangeuint32|nvfp4_gather_qmm_rhs_nt_bfloat16_t_gs_16_b_4_bm_16_bn_32_bk_32_wm_1_wn_2_align_M_t_align_N_t_align_K_t|nvfp4_qmm_t_splitk_fused_bfloat16_t_gs_16_b_4_alN_true|nvfp4_qmm_t_splitk_fused_bfloat16_t_gs_16_b_4_alN_true|g2_copybfloat16bfloat16|g2_copybfloat16bfloat16|CV2ISigmoidADV2IBroadcastACEV2IBroadcastCAFV2IMultiplyDEGV2IBroadcastFBHV2IBroadcastBFIV2OMultiplyGH_VV_V2V2_11160318154034397263_contiguous|arangeuint32|CV2ISigmoidADV2IBroadcastACEV2IBroadcastCAFV2IMultiplyDEGV2IBroadcastFBHV2IBroadcastBFIV2OMultiplyGH_VV_V2V2_11160318154034397263_contiguous|nvfp4_qmm_t_bfloat16_t_gs_16_b_4_alN_true_batch_0|nvfp4_gather_qmm_rhs_nt_bfloat16_t_gs_16_b_4_bm_16_bn_32_bk_32_wm_1_wn_2_align_M_t_align_N_t_align_K_t
GPUPROF 187993.954186667 187993.954262375 1 23101440 custom_kernel_laguna_prefill_sorted_moe_tail_bf16_v1_bfloat16_t_uint32_t_float_bfloat16_t_bfloat16_t_bfloat16_t
GPUPROF 187993.954263125 187993.968855625 30 636347908 rmsbfloat16|steel_gemm_splitk_nt_bfloat16_float32_bm32_bn32_bk16_wm2_wn2_MN_taligned_K_taligned|steel_gemm_splitk_accum_bfloat16_float32|steel_gemm_splitk_nt_bfloat16_float32_bm32_bn32_bk16_wm2_wn2_MN_taligned_K_taligned|steel_gemm_splitk_accum_bfloat16_float32|steel_gemm_fused_nt_bfloat16_bfloat16_bm64_bn64_bk16_wm2_wn2_has_batch_n_use_out_source_n_do_axpby_n_align_M_t_align_N_t_align_K_t|steel_gemm_splitk_nt_bfloat16_float32_bm32_bn32_bk16_wm2_wn2_MN_taligned_K_taligned|steel_gemm_splitk_accum_bfloat16_float32|custom_kernel_laguna_prefill_sliding_qk_norm_rope_bf16_128_h1_v2_bfloat16_t_bfloat16_t_bfloat16_t_bfloat16_t_float_int32_tc_bfloat16_t_bfloat16_t|steel_attention_bfloat16_bq32_bk16_bd128_wm4_wn1_maskbfloat16_align_Q_t_align_K_t_has_mask_n_do_causal_t_has_sinks_n|Cf4IAsTypeADf4IBroadcastCBEf4IBroadcastBCFf4ILogAddExpDEGV2OAsTypeF_VC_V2_10408321403207385874_contiguous|g2_Multiplybfloat16|steel_gemm_fused_nt_bfloat16_bfloat16_bm64_bn64_bk16_wm2_wn2_has_batch_n_use_out_source_n_do_axpby_n_align_M_t_align_N_t_align_K_t|custom_kernel_laguna_residual_rms_bf16_2048_v1_bfloat16_t_bfloat16_t_bfloat16_t_bfloat16_t_bfloat16_t|steel_gemm_splitk_nt_bfloat16_float32_bm32_bn32_bk16_wm2_wn2_MN_taligned_K_taligned|steel_gemm_splitk_accum_bfloat16_float32|custom_kernel_laguna_prefill_router_tournament_ordinal_norm_v1_bfloat16_t_float_uint32_t_float|custom_kernel_mlx_lm_route_csort_scatter_fused_m8_u32_v4_uint32_t_uint32_t_uint32_t_uint32_t|gather_frontbfloat16_uint32_int_2|arangeuint32|nvfp4_gather_qmm_rhs_nt_bfloat16_t_gs_16_b_4_bm_16_bn_32_bk_32_wm_1_wn_2_align_M_t_align_N_t_align_K_t|nvfp4_qmm_t_splitk_fused_bfloat16_t_gs_16_b_4_alN_true|nvfp4_qmm_t_splitk_fused_bfloat16_t_gs_16_b_4_alN_true|g2_copybfloat16bfloat16|g2_copybfloat16bfloat16|CV2ISigmoidADV2IBroadcastACEV2IBroadcastCAFV2IMultiplyDEGV2IBroadcastFBHV2IBroadcastBFIV2OMultiplyGH_VV_V2V2_11160318154034397263_contiguous|arangeuint32|CV2ISigmoidADV2IBroadcastACEV2IBroadcastCAFV2IMultiplyDEGV2IBroadcastFBHV2IBroadcastBFIV2OMultiplyGH_VV_V2V2_11160318154034397263_contiguous|nvfp4_qmm_t_bfloat16_t_gs_16_b_4_alN_true_batch_0|nvfp4_gather_qmm_rhs_nt_bfloat16_t_gs_16_b_4_bm_16_bn_32_bk_32_wm_1_wn_2_align_M_t_align_N_t_align_K_t
GPUPROF 187993.968856375 187993.968931500 1 23101440 custom_kernel_laguna_prefill_sorted_moe_tail_bf16_v1_bfloat16_t_uint32_t_float_bfloat16_t_bfloat16_t_bfloat16_t
GPUPROF 187993.968932375 187993.981873125 30 612017668 rmsbfloat16|steel_gemm_splitk_nt_bfloat16_float32_bm32_bn32_bk16_wm2_wn2_MN_taligned_K_taligned|steel_gemm_splitk_accum_bfloat16_float32|steel_gemm_splitk_nt_bfloat16_float32_bm32_bn32_bk16_wm2_wn2_MN_taligned_K_taligned|steel_gemm_splitk_accum_bfloat16_float32|steel_gemm_fused_nt_bfloat16_bfloat16_bm64_bn64_bk16_wm2_wn2_has_batch_n_use_out_source_n_do_axpby_n_align_M_t_align_N_t_align_K_t|steel_gemm_splitk_nt_bfloat16_float32_bm32_bn32_bk16_wm2_wn2_MN_naligned_K_taligned|steel_gemm_splitk_accum_bfloat16_float32|custom_kernel_laguna_prefill_full_qk_norm_yarn_bf16_128_h1_v2_bfloat16_t_bfloat16_t_bfloat16_t_bfloat16_t_float_int32_tc_bfloat16_t_bfloat16_t|steel_attention_bfloat16_bq32_bk16_bd128_wm4_wn1_maskbfloat16_align_Q_t_align_K_t_has_mask_n_do_causal_t_has_sinks_n|Cf4IAsTypeADf4IBroadcastCBEf4IBroadcastBCFf4ILogAddExpDEGV2OAsTypeF_VC_V2_10408321403207385874_contiguous|g2_Multiplybfloat16|steel_gemm_fused_nt_bfloat16_bfloat16_bm64_bn64_bk16_wm2_wn2_has_batch_n_use_out_source_n_do_axpby_n_align_M_t_align_N_t_align_K_t|custom_kernel_laguna_residual_rms_bf16_2048_v1_bfloat16_t_bfloat16_t_bfloat16_t_bfloat16_t_bfloat16_t|steel_gemm_splitk_nt_bfloat16_float32_bm32_bn32_bk16_wm2_wn2_MN_taligned_K_taligned|steel_gemm_splitk_accum_bfloat16_float32|custom_kernel_laguna_prefill_router_tournament_ordinal_norm_v1_bfloat16_t_float_uint32_t_float|custom_kernel_mlx_lm_route_csort_scatter_fused_m8_u32_v4_uint32_t_uint32_t_uint32_t_uint32_t|gather_frontbfloat16_uint32_int_2|arangeuint32|nvfp4_gather_qmm_rhs_nt_bfloat16_t_gs_16_b_4_bm_16_bn_32_bk_32_wm_1_wn_2_align_M_t_align_N_t_align_K_t|nvfp4_qmm_t_splitk_fused_bfloat16_t_gs_16_b_4_alN_true|nvfp4_qmm_t_splitk_fused_bfloat16_t_gs_16_b_4_alN_true|g2_copybfloat16bfloat16|g2_copybfloat16bfloat16|CV2ISigmoidADV2IBroadcastACEV2IBroadcastCAFV2IMultiplyDEGV2IBroadcastFBHV2IBroadcastBFIV2OMultiplyGH_VV_V2V2_11160318154034397263_contiguous|arangeuint32|CV2ISigmoidADV2IBroadcastACEV2IBroadcastCAFV2IMultiplyDEGV2IBroadcastFBHV2IBroadcastBFIV2OMultiplyGH_VV_V2V2_11160318154034397263_contiguous|nvfp4_qmm_t_bfloat16_t_gs_16_b_4_alN_true_batch_0|nvfp4_gather_qmm_rhs_nt_bfloat16_t_gs_16_b_4_bm_16_bn_32_bk_32_wm_1_wn_2_align_M_t_align_N_t_align_K_t
GPUPROF 187993.981873875 187993.981953000 1 23101440 custom_kernel_laguna_prefill_sorted_moe_tail_bf16_v1_bfloat16_t_uint32_t_float_bfloat16_t_bfloat16_t_bfloat16_t
GPUPROF 187993.981953750 187993.996416250 30 636347908 rmsbfloat16|steel_gemm_splitk_nt_bfloat16_float32_bm32_bn32_bk16_wm2_wn2_MN_taligned_K_taligned|steel_gemm_splitk_accum_bfloat16_float32|steel_gemm_splitk_nt_bfloat16_float32_bm32_bn32_bk16_wm2_wn2_MN_taligned_K_taligned|steel_gemm_splitk_accum_bfloat16_float32|steel_gemm_fused_nt_bfloat16_bfloat16_bm64_bn64_bk16_wm2_wn2_has_batch_n_use_out_source_n_do_axpby_n_align_M_t_align_N_t_align_K_t|steel_gemm_splitk_nt_bfloat16_float32_bm32_bn32_bk16_wm2_wn2_MN_taligned_K_taligned|steel_gemm_splitk_accum_bfloat16_float32|custom_kernel_laguna_prefill_sliding_qk_norm_rope_bf16_128_h1_v2_bfloat16_t_bfloat16_t_bfloat16_t_bfloat16_t_float_int32_tc_bfloat16_t_bfloat16_t|steel_attention_bfloat16_bq32_bk16_bd128_wm4_wn1_maskbfloat16_align_Q_t_align_K_t_has_mask_n_do_causal_t_has_sinks_n|Cf4IAsTypeADf4IBroadcastCBEf4IBroadcastBCFf4ILogAddExpDEGV2OAsTypeF_VC_V2_10408321403207385874_contiguous|g2_Multiplybfloat16|steel_gemm_fused_nt_bfloat16_bfloat16_bm64_bn64_bk16_wm2_wn2_has_batch_n_use_out_source_n_do_axpby_n_align_M_t_align_N_t_align_K_t|custom_kernel_laguna_residual_rms_bf16_2048_v1_bfloat16_t_bfloat16_t_bfloat16_t_bfloat16_t_bfloat16_t|steel_gemm_splitk_nt_bfloat16_float32_bm32_bn32_bk16_wm2_wn2_MN_taligned_K_taligned|steel_gemm_splitk_accum_bfloat16_float32|custom_kernel_laguna_prefill_router_tournament_ordinal_norm_v1_bfloat16_t_float_uint32_t_float|custom_kernel_mlx_lm_route_csort_scatter_fused_m8_u32_v4_uint32_t_uint32_t_uint32_t_uint32_t|gather_frontbfloat16_uint32_int_2|arangeuint32|nvfp4_gather_qmm_rhs_nt_bfloat16_t_gs_16_b_4_bm_16_bn_32_bk_32_wm_1_wn_2_align_M_t_align_N_t_align_K_t|nvfp4_qmm_t_splitk_fused_bfloat16_t_gs_16_b_4_alN_true|nvfp4_qmm_t_splitk_fused_bfloat16_t_gs_16_b_4_alN_true|g2_copybfloat16bfloat16|g2_copybfloat16bfloat16|CV2ISigmoidADV2IBroadcastACEV2IBroadcastCAFV2IMultiplyDEGV2IBroadcastFBHV2IBroadcastBFIV2OMultiplyGH_VV_V2V2_11160318154034397263_contiguous|arangeuint32|CV2ISigmoidADV2IBroadcastACEV2IBroadcastCAFV2IMultiplyDEGV2IBroadcastFBHV2IBroadcastBFIV2OMultiplyGH_VV_V2V2_11160318154034397263_contiguous|nvfp4_qmm_t_bfloat16_t_gs_16_b_4_alN_true_batch_0|nvfp4_gather_qmm_rhs_nt_bfloat16_t_gs_16_b_4_bm_16_bn_32_bk_32_wm_1_wn_2_align_M_t_align_N_t_align_K_t
GPUPROF 187993.996417125 187993.996495250 1 23101440 custom_kernel_laguna_prefill_sorted_moe_tail_bf16_v1_bfloat16_t_uint32_t_float_bfloat16_t_bfloat16_t_bfloat16_t
GPUPROF 187993.996496125 187994.010883750 30 636347908 rmsbfloat16|steel_gemm_splitk_nt_bfloat16_float32_bm32_bn32_bk16_wm2_wn2_MN_taligned_K_taligned|steel_gemm_splitk_accum_bfloat16_float32|steel_gemm_splitk_nt_bfloat16_float32_bm32_bn32_bk16_wm2_wn2_MN_taligned_K_taligned|steel_gemm_splitk_accum_bfloat16_float32|steel_gemm_fused_nt_bfloat16_bfloat16_bm64_bn64_bk16_wm2_wn2_has_batch_n_use_out_source_n_do_axpby_n_align_M_t_align_N_t_align_K_t|steel_gemm_splitk_nt_bfloat16_float32_bm32_bn32_bk16_wm2_wn2_MN_taligned_K_taligned|steel_gemm_splitk_accum_bfloat16_float32|custom_kernel_laguna_prefill_sliding_qk_norm_rope_bf16_128_h1_v2_bfloat16_t_bfloat16_t_bfloat16_t_bfloat16_t_float_int32_tc_bfloat16_t_bfloat16_t|steel_attention_bfloat16_bq32_bk16_bd128_wm4_wn1_maskbfloat16_align_Q_t_align_K_t_has_mask_n_do_causal_t_has_sinks_n|Cf4IAsTypeADf4IBroadcastCBEf4IBroadcastBCFf4ILogAddExpDEGV2OAsTypeF_VC_V2_10408321403207385874_contiguous|g2_Multiplybfloat16|steel_gemm_fused_nt_bfloat16_bfloat16_bm64_bn64_bk16_wm2_wn2_has_batch_n_use_out_source_n_do_axpby_n_align_M_t_align_N_t_align_K_t|custom_kernel_laguna_residual_rms_bf16_2048_v1_bfloat16_t_bfloat16_t_bfloat16_t_bfloat16_t_bfloat16_t|steel_gemm_splitk_nt_bfloat16_float32_bm32_bn32_bk16_wm2_wn2_MN_taligned_K_taligned|steel_gemm_splitk_accum_bfloat16_float32|custom_kernel_laguna_prefill_router_tournament_ordinal_norm_v1_bfloat16_t_float_uint32_t_float|custom_kernel_mlx_lm_route_csort_scatter_fused_m8_u32_v4_uint32_t_uint32_t_uint32_t_uint32_t|gather_frontbfloat16_uint32_int_2|arangeuint32|nvfp4_gather_qmm_rhs_nt_bfloat16_t_gs_16_b_4_bm_16_bn_32_bk_32_wm_1_wn_2_align_M_t_align_N_t_align_K_t|nvfp4_qmm_t_splitk_fused_bfloat16_t_gs_16_b_4_alN_true|nvfp4_qmm_t_splitk_fused_bfloat16_t_gs_16_b_4_alN_true|g2_copybfloat16bfloat16|g2_copybfloat16bfloat16|CV2ISigmoidADV2IBroadcastACEV2IBroadcastCAFV2IMultiplyDEGV2IBroadcastFBHV2IBroadcastBFIV2OMultiplyGH_VV_V2V2_11160318154034397263_contiguous|arangeuint32|CV2ISigmoidADV2IBroadcastACEV2IBroadcastCAFV2IMultiplyDEGV2IBroadcastFBHV2IBroadcastBFIV2OMultiplyGH_VV_V2V2_11160318154034397263_contiguous|nvfp4_qmm_t_bfloat16_t_gs_16_b_4_alN_true_batch_0|nvfp4_gather_qmm_rhs_nt_bfloat16_t_gs_16_b_4_bm_16_bn_32_bk_32_wm_1_wn_2_align_M_t_align_N_t_align_K_t
GPUPROF 187994.010884500 187994.010962625 1 23101440 custom_kernel_laguna_prefill_sorted_moe_tail_bf16_v1_bfloat16_t_uint32_t_float_bfloat16_t_bfloat16_t_bfloat16_t
GPUPROF 187994.010963375 187994.025356667 30 636347908 rmsbfloat16|steel_gemm_splitk_nt_bfloat16_float32_bm32_bn32_bk16_wm2_wn2_MN_taligned_K_taligned|steel_gemm_splitk_accum_bfloat16_float32|steel_gemm_splitk_nt_bfloat16_float32_bm32_bn32_bk16_wm2_wn2_MN_taligned_K_taligned|steel_gemm_splitk_accum_bfloat16_float32|steel_gemm_fused_nt_bfloat16_bfloat16_bm64_bn64_bk16_wm2_wn2_has_batch_n_use_out_source_n_do_axpby_n_align_M_t_align_N_t_align_K_t|steel_gemm_splitk_nt_bfloat16_float32_bm32_bn32_bk16_wm2_wn2_MN_taligned_K_taligned|steel_gemm_splitk_accum_bfloat16_float32|custom_kernel_laguna_prefill_sliding_qk_norm_rope_bf16_128_h1_v2_bfloat16_t_bfloat16_t_bfloat16_t_bfloat16_t_float_int32_tc_bfloat16_t_bfloat16_t|steel_attention_bfloat16_bq32_bk16_bd128_wm4_wn1_maskbfloat16_align_Q_t_align_K_t_has_mask_n_do_causal_t_has_sinks_n|Cf4IAsTypeADf4IBroadcastCBEf4IBroadcastBCFf4ILogAddExpDEGV2OAsTypeF_VC_V2_10408321403207385874_contiguous|g2_Multiplybfloat16|steel_gemm_fused_nt_bfloat16_bfloat16_bm64_bn64_bk16_wm2_wn2_has_batch_n_use_out_source_n_do_axpby_n_align_M_t_align_N_t_align_K_t|custom_kernel_laguna_residual_rms_bf16_2048_v1_bfloat16_t_bfloat16_t_bfloat16_t_bfloat16_t_bfloat16_t|steel_gemm_splitk_nt_bfloat16_float32_bm32_bn32_bk16_wm2_wn2_MN_taligned_K_taligned|steel_gemm_splitk_accum_bfloat16_float32|custom_kernel_laguna_prefill_router_tournament_ordinal_norm_v1_bfloat16_t_float_uint32_t_float|custom_kernel_mlx_lm_route_csort_scatter_fused_m8_u32_v4_uint32_t_uint32_t_uint32_t_uint32_t|gather_frontbfloat16_uint32_int_2|arangeuint32|nvfp4_gather_qmm_rhs_nt_bfloat16_t_gs_16_b_4_bm_16_bn_32_bk_32_wm_1_wn_2_align_M_t_align_N_t_align_K_t|nvfp4_qmm_t_splitk_fused_bfloat16_t_gs_16_b_4_alN_true|nvfp4_qmm_t_splitk_fused_bfloat16_t_gs_16_b_4_alN_true|g2_copybfloat16bfloat16|g2_copybfloat16bfloat16|CV2ISigmoidADV2IBroadcastACEV2IBroadcastCAFV2IMultiplyDEGV2IBroadcastFBHV2IBroadcastBFIV2OMultiplyGH_VV_V2V2_11160318154034397263_contiguous|arangeuint32|CV2ISigmoidADV2IBroadcastACEV2IBroadcastCAFV2IMultiplyDEGV2IBroadcastFBHV2IBroadcastBFIV2OMultiplyGH_VV_V2V2_11160318154034397263_contiguous|nvfp4_qmm_t_bfloat16_t_gs_16_b_4_alN_true_batch_0|nvfp4_gather_qmm_rhs_nt_bfloat16_t_gs_16_b_4_bm_16_bn_32_bk_32_wm_1_wn_2_align_M_t_align_N_t_align_K_t
GPUPROF 187994.025357542 187994.025437042 1 23101440 custom_kernel_laguna_prefill_sorted_moe_tail_bf16_v1_bfloat16_t_uint32_t_float_bfloat16_t_bfloat16_t_bfloat16_t
GPUPROF 187994.025438000 187994.038518750 30 612017668 rmsbfloat16|steel_gemm_splitk_nt_bfloat16_float32_bm32_bn32_bk16_wm2_wn2_MN_taligned_K_taligned|steel_gemm_splitk_accum_bfloat16_float32|steel_gemm_splitk_nt_bfloat16_float32_bm32_bn32_bk16_wm2_wn2_MN_taligned_K_taligned|steel_gemm_splitk_accum_bfloat16_float32|steel_gemm_fused_nt_bfloat16_bfloat16_bm64_bn64_bk16_wm2_wn2_has_batch_n_use_out_source_n_do_axpby_n_align_M_t_align_N_t_align_K_t|steel_gemm_splitk_nt_bfloat16_float32_bm32_bn32_bk16_wm2_wn2_MN_naligned_K_taligned|steel_gemm_splitk_accum_bfloat16_float32|custom_kernel_laguna_prefill_full_qk_norm_yarn_bf16_128_h1_v2_bfloat16_t_bfloat16_t_bfloat16_t_bfloat16_t_float_int32_tc_bfloat16_t_bfloat16_t|steel_attention_bfloat16_bq32_bk16_bd128_wm4_wn1_maskbfloat16_align_Q_t_align_K_t_has_mask_n_do_causal_t_has_sinks_n|Cf4IAsTypeADf4IBroadcastCBEf4IBroadcastBCFf4ILogAddExpDEGV2OAsTypeF_VC_V2_10408321403207385874_contiguous|g2_Multiplybfloat16|steel_gemm_fused_nt_bfloat16_bfloat16_bm64_bn64_bk16_wm2_wn2_has_batch_n_use_out_source_n_do_axpby_n_align_M_t_align_N_t_align_K_t|custom_kernel_laguna_residual_rms_bf16_2048_v1_bfloat16_t_bfloat16_t_bfloat16_t_bfloat16_t_bfloat16_t|steel_gemm_splitk_nt_bfloat16_float32_bm32_bn32_bk16_wm2_wn2_MN_taligned_K_taligned|steel_gemm_splitk_accum_bfloat16_float32|custom_kernel_laguna_prefill_router_tournament_ordinal_norm_v1_bfloat16_t_float_uint32_t_float|custom_kernel_mlx_lm_route_csort_scatter_fused_m8_u32_v4_uint32_t_uint32_t_uint32_t_uint32_t|gather_frontbfloat16_uint32_int_2|arangeuint32|nvfp4_gather_qmm_rhs_nt_bfloat16_t_gs_16_b_4_bm_16_bn_32_bk_32_wm_1_wn_2_align_M_t_align_N_t_align_K_t|nvfp4_qmm_t_splitk_fused_bfloat16_t_gs_16_b_4_alN_true|nvfp4_qmm_t_splitk_fused_bfloat16_t_gs_16_b_4_alN_true|g2_copybfloat16bfloat16|g2_copybfloat16bfloat16|CV2ISigmoidADV2IBroadcastACEV2IBroadcastCAFV2IMultiplyDEGV2IBroadcastFBHV2IBroadcastBFIV2OMultiplyGH_VV_V2V2_11160318154034397263_contiguous|arangeuint32|CV2ISigmoidADV2IBroadcastACEV2IBroadcastCAFV2IMultiplyDEGV2IBroadcastFBHV2IBroadcastBFIV2OMultiplyGH_VV_V2V2_11160318154034397263_contiguous|nvfp4_qmm_t_bfloat16_t_gs_16_b_4_alN_true_batch_0|nvfp4_gather_qmm_rhs_nt_bfloat16_t_gs_16_b_4_bm_16_bn_32_bk_32_wm_1_wn_2_align_M_t_align_N_t_align_K_t
GPUPROF 187994.038519500 187994.038598750 1 23101440 custom_kernel_laguna_prefill_sorted_moe_tail_bf16_v1_bfloat16_t_uint32_t_float_bfloat16_t_bfloat16_t_bfloat16_t
GPUPROF 187994.038599542 187994.053018125 30 636347908 rmsbfloat16|steel_gemm_splitk_nt_bfloat16_float32_bm32_bn32_bk16_wm2_wn2_MN_taligned_K_taligned|steel_gemm_splitk_accum_bfloat16_float32|steel_gemm_splitk_nt_bfloat16_float32_bm32_bn32_bk16_wm2_wn2_MN_taligned_K_taligned|steel_gemm_splitk_accum_bfloat16_float32|steel_gemm_fused_nt_bfloat16_bfloat16_bm64_bn64_bk16_wm2_wn2_has_batch_n_use_out_source_n_do_axpby_n_align_M_t_align_N_t_align_K_t|steel_gemm_splitk_nt_bfloat16_float32_bm32_bn32_bk16_wm2_wn2_MN_taligned_K_taligned|steel_gemm_splitk_accum_bfloat16_float32|custom_kernel_laguna_prefill_sliding_qk_norm_rope_bf16_128_h1_v2_bfloat16_t_bfloat16_t_bfloat16_t_bfloat16_t_float_int32_tc_bfloat16_t_bfloat16_t|steel_attention_bfloat16_bq32_bk16_bd128_wm4_wn1_maskbfloat16_align_Q_t_align_K_t_has_mask_n_do_causal_t_has_sinks_n|Cf4IAsTypeADf4IBroadcastCBEf4IBroadcastBCFf4ILogAddExpDEGV2OAsTypeF_VC_V2_10408321403207385874_contiguous|g2_Multiplybfloat16|steel_gemm_fused_nt_bfloat16_bfloat16_bm64_bn64_bk16_wm2_wn2_has_batch_n_use_out_source_n_do_axpby_n_align_M_t_align_N_t_align_K_t|custom_kernel_laguna_residual_rms_bf16_2048_v1_bfloat16_t_bfloat16_t_bfloat16_t_bfloat16_t_bfloat16_t|steel_gemm_splitk_nt_bfloat16_float32_bm32_bn32_bk16_wm2_wn2_MN_taligned_K_taligned|steel_gemm_splitk_accum_bfloat16_float32|custom_kernel_laguna_prefill_router_tournament_ordinal_norm_v1_bfloat16_t_float_uint32_t_float|custom_kernel_mlx_lm_route_csort_scatter_fused_m8_u32_v4_uint32_t_uint32_t_uint32_t_uint32_t|gather_frontbfloat16_uint32_int_2|arangeuint32|nvfp4_gather_qmm_rhs_nt_bfloat16_t_gs_16_b_4_bm_16_bn_32_bk_32_wm_1_wn_2_align_M_t_align_N_t_align_K_t|nvfp4_qmm_t_splitk_fused_bfloat16_t_gs_16_b_4_alN_true|nvfp4_qmm_t_splitk_fused_bfloat16_t_gs_16_b_4_alN_true|g2_copybfloat16bfloat16|g2_copybfloat16bfloat16|CV2ISigmoidADV2IBroadcastACEV2IBroadcastCAFV2IMultiplyDEGV2IBroadcastFBHV2IBroadcastBFIV2OMultiplyGH_VV_V2V2_11160318154034397263_contiguous|arangeuint32|CV2ISigmoidADV2IBroadcastACEV2IBroadcastCAFV2IMultiplyDEGV2IBroadcastFBHV2IBroadcastBFIV2OMultiplyGH_VV_V2V2_11160318154034397263_contiguous|nvfp4_qmm_t_bfloat16_t_gs_16_b_4_alN_true_batch_0|nvfp4_gather_qmm_rhs_nt_bfloat16_t_gs_16_b_4_bm_16_bn_32_bk_32_wm_1_wn_2_align_M_t_align_N_t_align_K_t
GPUPROF 187994.053019042 187994.053097250 1 23101440 custom_kernel_laguna_prefill_sorted_moe_tail_bf16_v1_bfloat16_t_uint32_t_float_bfloat16_t_bfloat16_t_bfloat16_t
GPUPROF 187994.053098500 187994.067472667 30 636347908 rmsbfloat16|steel_gemm_splitk_nt_bfloat16_float32_bm32_bn32_bk16_wm2_wn2_MN_taligned_K_taligned|steel_gemm_splitk_accum_bfloat16_float32|steel_gemm_splitk_nt_bfloat16_float32_bm32_bn32_bk16_wm2_wn2_MN_taligned_K_taligned|steel_gemm_splitk_accum_bfloat16_float32|steel_gemm_fused_nt_bfloat16_bfloat16_bm64_bn64_bk16_wm2_wn2_has_batch_n_use_out_source_n_do_axpby_n_align_M_t_align_N_t_align_K_t|steel_gemm_splitk_nt_bfloat16_float32_bm32_bn32_bk16_wm2_wn2_MN_taligned_K_taligned|steel_gemm_splitk_accum_bfloat16_float32|custom_kernel_laguna_prefill_sliding_qk_norm_rope_bf16_128_h1_v2_bfloat16_t_bfloat16_t_bfloat16_t_bfloat16_t_float_int32_tc_bfloat16_t_bfloat16_t|steel_attention_bfloat16_bq32_bk16_bd128_wm4_wn1_maskbfloat16_align_Q_t_align_K_t_has_mask_n_do_causal_t_has_sinks_n|Cf4IAsTypeADf4IBroadcastCBEf4IBroadcastBCFf4ILogAddExpDEGV2OAsTypeF_VC_V2_10408321403207385874_contiguous|g2_Multiplybfloat16|steel_gemm_fused_nt_bfloat16_bfloat16_bm64_bn64_bk16_wm2_wn2_has_batch_n_use_out_source_n_do_axpby_n_align_M_t_align_N_t_align_K_t|custom_kernel_laguna_residual_rms_bf16_2048_v1_bfloat16_t_bfloat16_t_bfloat16_t_bfloat16_t_bfloat16_t|steel_gemm_splitk_nt_bfloat16_float32_bm32_bn32_bk16_wm2_wn2_MN_taligned_K_taligned|steel_gemm_splitk_accum_bfloat16_float32|custom_kernel_laguna_prefill_router_tournament_ordinal_norm_v1_bfloat16_t_float_uint32_t_float|custom_kernel_mlx_lm_route_csort_scatter_fused_m8_u32_v4_uint32_t_uint32_t_uint32_t_uint32_t|gather_frontbfloat16_uint32_int_2|arangeuint32|nvfp4_gather_qmm_rhs_nt_bfloat16_t_gs_16_b_4_bm_16_bn_32_bk_32_wm_1_wn_2_align_M_t_align_N_t_align_K_t|nvfp4_qmm_t_splitk_fused_bfloat16_t_gs_16_b_4_alN_true|nvfp4_qmm_t_splitk_fused_bfloat16_t_gs_16_b_4_alN_true|g2_copybfloat16bfloat16|g2_copybfloat16bfloat16|CV2ISigmoidADV2IBroadcastACEV2IBroadcastCAFV2IMultiplyDEGV2IBroadcastFBHV2IBroadcastBFIV2OMultiplyGH_VV_V2V2_11160318154034397263_contiguous|arangeuint32|CV2ISigmoidADV2IBroadcastACEV2IBroadcastCAFV2IMultiplyDEGV2IBroadcastFBHV2IBroadcastBFIV2OMultiplyGH_VV_V2V2_11160318154034397263_contiguous|nvfp4_qmm_t_bfloat16_t_gs_16_b_4_alN_true_batch_0|nvfp4_gather_qmm_rhs_nt_bfloat16_t_gs_16_b_4_bm_16_bn_32_bk_32_wm_1_wn_2_align_M_t_align_N_t_align_K_t
GPUPROF 187994.067473417 187994.067550500 1 23101440 custom_kernel_laguna_prefill_sorted_moe_tail_bf16_v1_bfloat16_t_uint32_t_float_bfloat16_t_bfloat16_t_bfloat16_t
GPUPROF 187994.067551250 187994.081901417 30 636347908 rmsbfloat16|steel_gemm_splitk_nt_bfloat16_float32_bm32_bn32_bk16_wm2_wn2_MN_taligned_K_taligned|steel_gemm_splitk_accum_bfloat16_float32|steel_gemm_splitk_nt_bfloat16_float32_bm32_bn32_bk16_wm2_wn2_MN_taligned_K_taligned|steel_gemm_splitk_accum_bfloat16_float32|steel_gemm_fused_nt_bfloat16_bfloat16_bm64_bn64_bk16_wm2_wn2_has_batch_n_use_out_source_n_do_axpby_n_align_M_t_align_N_t_align_K_t|steel_gemm_splitk_nt_bfloat16_float32_bm32_bn32_bk16_wm2_wn2_MN_taligned_K_taligned|steel_gemm_splitk_accum_bfloat16_float32|custom_kernel_laguna_prefill_sliding_qk_norm_rope_bf16_128_h1_v2_bfloat16_t_bfloat16_t_bfloat16_t_bfloat16_t_float_int32_tc_bfloat16_t_bfloat16_t|steel_attention_bfloat16_bq32_bk16_bd128_wm4_wn1_maskbfloat16_align_Q_t_align_K_t_has_mask_n_do_causal_t_has_sinks_n|Cf4IAsTypeADf4IBroadcastCBEf4IBroadcastBCFf4ILogAddExpDEGV2OAsTypeF_VC_V2_10408321403207385874_contiguous|g2_Multiplybfloat16|steel_gemm_fused_nt_bfloat16_bfloat16_bm64_bn64_bk16_wm2_wn2_has_batch_n_use_out_source_n_do_axpby_n_align_M_t_align_N_t_align_K_t|custom_kernel_laguna_residual_rms_bf16_2048_v1_bfloat16_t_bfloat16_t_bfloat16_t_bfloat16_t_bfloat16_t|steel_gemm_splitk_nt_bfloat16_float32_bm32_bn32_bk16_wm2_wn2_MN_taligned_K_taligned|steel_gemm_splitk_accum_bfloat16_float32|custom_kernel_laguna_prefill_router_tournament_ordinal_norm_v1_bfloat16_t_float_uint32_t_float|custom_kernel_mlx_lm_route_csort_scatter_fused_m8_u32_v4_uint32_t_uint32_t_uint32_t_uint32_t|gather_frontbfloat16_uint32_int_2|arangeuint32|nvfp4_gather_qmm_rhs_nt_bfloat16_t_gs_16_b_4_bm_16_bn_32_bk_32_wm_1_wn_2_align_M_t_align_N_t_align_K_t|nvfp4_qmm_t_splitk_fused_bfloat16_t_gs_16_b_4_alN_true|nvfp4_qmm_t_splitk_fused_bfloat16_t_gs_16_b_4_alN_true|g2_copybfloat16bfloat16|g2_copybfloat16bfloat16|CV2ISigmoidADV2IBroadcastACEV2IBroadcastCAFV2IMultiplyDEGV2IBroadcastFBHV2IBroadcastBFIV2OMultiplyGH_VV_V2V2_11160318154034397263_contiguous|arangeuint32|CV2ISigmoidADV2IBroadcastACEV2IBroadcastCAFV2IMultiplyDEGV2IBroadcastFBHV2IBroadcastBFIV2OMultiplyGH_VV_V2V2_11160318154034397263_contiguous|nvfp4_qmm_t_bfloat16_t_gs_16_b_4_alN_true_batch_0|nvfp4_gather_qmm_rhs_nt_bfloat16_t_gs_16_b_4_bm_16_bn_32_bk_32_wm_1_wn_2_align_M_t_align_N_t_align_K_t
GPUPROF 187994.081902250 187994.081981250 1 23101440 custom_kernel_laguna_prefill_sorted_moe_tail_bf16_v1_bfloat16_t_uint32_t_float_bfloat16_t_bfloat16_t_bfloat16_t
GPUPROF 187994.081982000 187994.094910875 30 612017668 rmsbfloat16|steel_gemm_splitk_nt_bfloat16_float32_bm32_bn32_bk16_wm2_wn2_MN_taligned_K_taligned|steel_gemm_splitk_accum_bfloat16_float32|steel_gemm_splitk_nt_bfloat16_float32_bm32_bn32_bk16_wm2_wn2_MN_taligned_K_taligned|steel_gemm_splitk_accum_bfloat16_float32|steel_gemm_fused_nt_bfloat16_bfloat16_bm64_bn64_bk16_wm2_wn2_has_batch_n_use_out_source_n_do_axpby_n_align_M_t_align_N_t_align_K_t|steel_gemm_splitk_nt_bfloat16_float32_bm32_bn32_bk16_wm2_wn2_MN_naligned_K_taligned|steel_gemm_splitk_accum_bfloat16_float32|custom_kernel_laguna_prefill_full_qk_norm_yarn_bf16_128_h1_v2_bfloat16_t_bfloat16_t_bfloat16_t_bfloat16_t_float_int32_tc_bfloat16_t_bfloat16_t|steel_attention_bfloat16_bq32_bk16_bd128_wm4_wn1_maskbfloat16_align_Q_t_align_K_t_has_mask_n_do_causal_t_has_sinks_n|Cf4IAsTypeADf4IBroadcastCBEf4IBroadcastBCFf4ILogAddExpDEGV2OAsTypeF_VC_V2_10408321403207385874_contiguous|g2_Multiplybfloat16|steel_gemm_fused_nt_bfloat16_bfloat16_bm64_bn64_bk16_wm2_wn2_has_batch_n_use_out_source_n_do_axpby_n_align_M_t_align_N_t_align_K_t|custom_kernel_laguna_residual_rms_bf16_2048_v1_bfloat16_t_bfloat16_t_bfloat16_t_bfloat16_t_bfloat16_t|steel_gemm_splitk_nt_bfloat16_float32_bm32_bn32_bk16_wm2_wn2_MN_taligned_K_taligned|steel_gemm_splitk_accum_bfloat16_float32|custom_kernel_laguna_prefill_router_tournament_ordinal_norm_v1_bfloat16_t_float_uint32_t_float|custom_kernel_mlx_lm_route_csort_scatter_fused_m8_u32_v4_uint32_t_uint32_t_uint32_t_uint32_t|gather_frontbfloat16_uint32_int_2|arangeuint32|nvfp4_gather_qmm_rhs_nt_bfloat16_t_gs_16_b_4_bm_16_bn_32_bk_32_wm_1_wn_2_align_M_t_align_N_t_align_K_t|nvfp4_qmm_t_splitk_fused_bfloat16_t_gs_16_b_4_alN_true|nvfp4_qmm_t_splitk_fused_bfloat16_t_gs_16_b_4_alN_true|g2_copybfloat16bfloat16|g2_copybfloat16bfloat16|CV2ISigmoidADV2IBroadcastACEV2IBroadcastCAFV2IMultiplyDEGV2IBroadcastFBHV2IBroadcastBFIV2OMultiplyGH_VV_V2V2_11160318154034397263_contiguous|arangeuint32|CV2ISigmoidADV2IBroadcastACEV2IBroadcastCAFV2IMultiplyDEGV2IBroadcastFBHV2IBroadcastBFIV2OMultiplyGH_VV_V2V2_11160318154034397263_contiguous|nvfp4_qmm_t_bfloat16_t_gs_16_b_4_alN_true_batch_0|nvfp4_gather_qmm_rhs_nt_bfloat16_t_gs_16_b_4_bm_16_bn_32_bk_32_wm_1_wn_2_align_M_t_align_N_t_align_K_t
GPUPROF 187994.094911625 187994.094989125 1 23101440 custom_kernel_laguna_prefill_sorted_moe_tail_bf16_v1_bfloat16_t_uint32_t_float_bfloat16_t_bfloat16_t_bfloat16_t
GPUPROF 187994.094990125 187994.109255292 30 636347908 rmsbfloat16|steel_gemm_splitk_nt_bfloat16_float32_bm32_bn32_bk16_wm2_wn2_MN_taligned_K_taligned|steel_gemm_splitk_accum_bfloat16_float32|steel_gemm_splitk_nt_bfloat16_float32_bm32_bn32_bk16_wm2_wn2_MN_taligned_K_taligned|steel_gemm_splitk_accum_bfloat16_float32|steel_gemm_fused_nt_bfloat16_bfloat16_bm64_bn64_bk16_wm2_wn2_has_batch_n_use_out_source_n_do_axpby_n_align_M_t_align_N_t_align_K_t|steel_gemm_splitk_nt_bfloat16_float32_bm32_bn32_bk16_wm2_wn2_MN_taligned_K_taligned|steel_gemm_splitk_accum_bfloat16_float32|custom_kernel_laguna_prefill_sliding_qk_norm_rope_bf16_128_h1_v2_bfloat16_t_bfloat16_t_bfloat16_t_bfloat16_t_float_int32_tc_bfloat16_t_bfloat16_t|steel_attention_bfloat16_bq32_bk16_bd128_wm4_wn1_maskbfloat16_align_Q_t_align_K_t_has_mask_n_do_causal_t_has_sinks_n|Cf4IAsTypeADf4IBroadcastCBEf4IBroadcastBCFf4ILogAddExpDEGV2OAsTypeF_VC_V2_10408321403207385874_contiguous|g2_Multiplybfloat16|steel_gemm_fused_nt_bfloat16_bfloat16_bm64_bn64_bk16_wm2_wn2_has_batch_n_use_out_source_n_do_axpby_n_align_M_t_align_N_t_align_K_t|custom_kernel_laguna_residual_rms_bf16_2048_v1_bfloat16_t_bfloat16_t_bfloat16_t_bfloat16_t_bfloat16_t|steel_gemm_splitk_nt_bfloat16_float32_bm32_bn32_bk16_wm2_wn2_MN_taligned_K_taligned|steel_gemm_splitk_accum_bfloat16_float32|custom_kernel_laguna_prefill_router_tournament_ordinal_norm_v1_bfloat16_t_float_uint32_t_float|custom_kernel_mlx_lm_route_csort_scatter_fused_m8_u32_v4_uint32_t_uint32_t_uint32_t_uint32_t|gather_frontbfloat16_uint32_int_2|arangeuint32|nvfp4_gather_qmm_rhs_nt_bfloat16_t_gs_16_b_4_bm_16_bn_32_bk_32_wm_1_wn_2_align_M_t_align_N_t_align_K_t|nvfp4_qmm_t_splitk_fused_bfloat16_t_gs_16_b_4_alN_true|nvfp4_qmm_t_splitk_fused_bfloat16_t_gs_16_b_4_alN_true|g2_copybfloat16bfloat16|g2_copybfloat16bfloat16|CV2ISigmoidADV2IBroadcastACEV2IBroadcastCAFV2IMultiplyDEGV2IBroadcastFBHV2IBroadcastBFIV2OMultiplyGH_VV_V2V2_11160318154034397263_contiguous|arangeuint32|CV2ISigmoidADV2IBroadcastACEV2IBroadcastCAFV2IMultiplyDEGV2IBroadcastFBHV2IBroadcastBFIV2OMultiplyGH_VV_V2V2_11160318154034397263_contiguous|nvfp4_qmm_t_bfloat16_t_gs_16_b_4_alN_true_batch_0|nvfp4_gather_qmm_rhs_nt_bfloat16_t_gs_16_b_4_bm_16_bn_32_bk_32_wm_1_wn_2_align_M_t_align_N_t_align_K_t
GPUPROF 187994.109256125 187994.109334875 1 23101440 custom_kernel_laguna_prefill_sorted_moe_tail_bf16_v1_bfloat16_t_uint32_t_float_bfloat16_t_bfloat16_t_bfloat16_t
GPUPROF 187994.109335625 187994.123551250 30 636347908 rmsbfloat16|steel_gemm_splitk_nt_bfloat16_float32_bm32_bn32_bk16_wm2_wn2_MN_taligned_K_taligned|steel_gemm_splitk_accum_bfloat16_float32|steel_gemm_splitk_nt_bfloat16_float32_bm32_bn32_bk16_wm2_wn2_MN_taligned_K_taligned|steel_gemm_splitk_accum_bfloat16_float32|steel_gemm_fused_nt_bfloat16_bfloat16_bm64_bn64_bk16_wm2_wn2_has_batch_n_use_out_source_n_do_axpby_n_align_M_t_align_N_t_align_K_t|steel_gemm_splitk_nt_bfloat16_float32_bm32_bn32_bk16_wm2_wn2_MN_taligned_K_taligned|steel_gemm_splitk_accum_bfloat16_float32|custom_kernel_laguna_prefill_sliding_qk_norm_rope_bf16_128_h1_v2_bfloat16_t_bfloat16_t_bfloat16_t_bfloat16_t_float_int32_tc_bfloat16_t_bfloat16_t|steel_attention_bfloat16_bq32_bk16_bd128_wm4_wn1_maskbfloat16_align_Q_t_align_K_t_has_mask_n_do_causal_t_has_sinks_n|Cf4IAsTypeADf4IBroadcastCBEf4IBroadcastBCFf4ILogAddExpDEGV2OAsTypeF_VC_V2_10408321403207385874_contiguous|g2_Multiplybfloat16|steel_gemm_fused_nt_bfloat16_bfloat16_bm64_bn64_bk16_wm2_wn2_has_batch_n_use_out_source_n_do_axpby_n_align_M_t_align_N_t_align_K_t|custom_kernel_laguna_residual_rms_bf16_2048_v1_bfloat16_t_bfloat16_t_bfloat16_t_bfloat16_t_bfloat16_t|steel_gemm_splitk_nt_bfloat16_float32_bm32_bn32_bk16_wm2_wn2_MN_taligned_K_taligned|steel_gemm_splitk_accum_bfloat16_float32|custom_kernel_laguna_prefill_router_tournament_ordinal_norm_v1_bfloat16_t_float_uint32_t_float|custom_kernel_mlx_lm_route_csort_scatter_fused_m8_u32_v4_uint32_t_uint32_t_uint32_t_uint32_t|gather_frontbfloat16_uint32_int_2|arangeuint32|nvfp4_gather_qmm_rhs_nt_bfloat16_t_gs_16_b_4_bm_16_bn_32_bk_32_wm_1_wn_2_align_M_t_align_N_t_align_K_t|nvfp4_qmm_t_splitk_fused_bfloat16_t_gs_16_b_4_alN_true|nvfp4_qmm_t_splitk_fused_bfloat16_t_gs_16_b_4_alN_true|g2_copybfloat16bfloat16|g2_copybfloat16bfloat16|CV2ISigmoidADV2IBroadcastACEV2IBroadcastCAFV2IMultiplyDEGV2IBroadcastFBHV2IBroadcastBFIV2OMultiplyGH_VV_V2V2_11160318154034397263_contiguous|arangeuint32|CV2ISigmoidADV2IBroadcastACEV2IBroadcastCAFV2IMultiplyDEGV2IBroadcastFBHV2IBroadcastBFIV2OMultiplyGH_VV_V2V2_11160318154034397263_contiguous|nvfp4_qmm_t_bfloat16_t_gs_16_b_4_alN_true_batch_0|nvfp4_gather_qmm_rhs_nt_bfloat16_t_gs_16_b_4_bm_16_bn_32_bk_32_wm_1_wn_2_align_M_t_align_N_t_align_K_t
GPUPROF 187994.123552000 187994.123630875 1 23101440 custom_kernel_laguna_prefill_sorted_moe_tail_bf16_v1_bfloat16_t_uint32_t_float_bfloat16_t_bfloat16_t_bfloat16_t
GPUPROF 187994.123631625 187994.137761750 30 636347908 rmsbfloat16|steel_gemm_splitk_nt_bfloat16_float32_bm32_bn32_bk16_wm2_wn2_MN_taligned_K_taligned|steel_gemm_splitk_accum_bfloat16_float32|steel_gemm_splitk_nt_bfloat16_float32_bm32_bn32_bk16_wm2_wn2_MN_taligned_K_taligned|steel_gemm_splitk_accum_bfloat16_float32|steel_gemm_fused_nt_bfloat16_bfloat16_bm64_bn64_bk16_wm2_wn2_has_batch_n_use_out_source_n_do_axpby_n_align_M_t_align_N_t_align_K_t|steel_gemm_splitk_nt_bfloat16_float32_bm32_bn32_bk16_wm2_wn2_MN_taligned_K_taligned|steel_gemm_splitk_accum_bfloat16_float32|custom_kernel_laguna_prefill_sliding_qk_norm_rope_bf16_128_h1_v2_bfloat16_t_bfloat16_t_bfloat16_t_bfloat16_t_float_int32_tc_bfloat16_t_bfloat16_t|steel_attention_bfloat16_bq32_bk16_bd128_wm4_wn1_maskbfloat16_align_Q_t_align_K_t_has_mask_n_do_causal_t_has_sinks_n|Cf4IAsTypeADf4IBroadcastCBEf4IBroadcastBCFf4ILogAddExpDEGV2OAsTypeF_VC_V2_10408321403207385874_contiguous|g2_Multiplybfloat16|steel_gemm_fused_nt_bfloat16_bfloat16_bm64_bn64_bk16_wm2_wn2_has_batch_n_use_out_source_n_do_axpby_n_align_M_t_align_N_t_align_K_t|custom_kernel_laguna_residual_rms_bf16_2048_v1_bfloat16_t_bfloat16_t_bfloat16_t_bfloat16_t_bfloat16_t|steel_gemm_splitk_nt_bfloat16_float32_bm32_bn32_bk16_wm2_wn2_MN_taligned_K_taligned|steel_gemm_splitk_accum_bfloat16_float32|custom_kernel_laguna_prefill_router_tournament_ordinal_norm_v1_bfloat16_t_float_uint32_t_float|custom_kernel_mlx_lm_route_csort_scatter_fused_m8_u32_v4_uint32_t_uint32_t_uint32_t_uint32_t|gather_frontbfloat16_uint32_int_2|arangeuint32|nvfp4_gather_qmm_rhs_nt_bfloat16_t_gs_16_b_4_bm_16_bn_32_bk_32_wm_1_wn_2_align_M_t_align_N_t_align_K_t|nvfp4_qmm_t_splitk_fused_bfloat16_t_gs_16_b_4_alN_true|nvfp4_qmm_t_splitk_fused_bfloat16_t_gs_16_b_4_alN_true|g2_copybfloat16bfloat16|g2_copybfloat16bfloat16|CV2ISigmoidADV2IBroadcastACEV2IBroadcastCAFV2IMultiplyDEGV2IBroadcastFBHV2IBroadcastBFIV2OMultiplyGH_VV_V2V2_11160318154034397263_contiguous|arangeuint32|CV2ISigmoidADV2IBroadcastACEV2IBroadcastCAFV2IMultiplyDEGV2IBroadcastFBHV2IBroadcastBFIV2OMultiplyGH_VV_V2V2_11160318154034397263_contiguous|nvfp4_qmm_t_bfloat16_t_gs_16_b_4_alN_true_batch_0|nvfp4_gather_qmm_rhs_nt_bfloat16_t_gs_16_b_4_bm_16_bn_32_bk_32_wm_1_wn_2_align_M_t_align_N_t_align_K_t
GPUPROF 187994.137762500 187994.137840000 1 23101440 custom_kernel_laguna_prefill_sorted_moe_tail_bf16_v1_bfloat16_t_uint32_t_float_bfloat16_t_bfloat16_t_bfloat16_t
GPUPROF 187994.137840792 187994.150502375 30 612017668 rmsbfloat16|steel_gemm_splitk_nt_bfloat16_float32_bm32_bn32_bk16_wm2_wn2_MN_taligned_K_taligned|steel_gemm_splitk_accum_bfloat16_float32|steel_gemm_splitk_nt_bfloat16_float32_bm32_bn32_bk16_wm2_wn2_MN_taligned_K_taligned|steel_gemm_splitk_accum_bfloat16_float32|steel_gemm_fused_nt_bfloat16_bfloat16_bm64_bn64_bk16_wm2_wn2_has_batch_n_use_out_source_n_do_axpby_n_align_M_t_align_N_t_align_K_t|steel_gemm_splitk_nt_bfloat16_float32_bm32_bn32_bk16_wm2_wn2_MN_naligned_K_taligned|steel_gemm_splitk_accum_bfloat16_float32|custom_kernel_laguna_prefill_full_qk_norm_yarn_bf16_128_h1_v2_bfloat16_t_bfloat16_t_bfloat16_t_bfloat16_t_float_int32_tc_bfloat16_t_bfloat16_t|steel_attention_bfloat16_bq32_bk16_bd128_wm4_wn1_maskbfloat16_align_Q_t_align_K_t_has_mask_n_do_causal_t_has_sinks_n|Cf4IAsTypeADf4IBroadcastCBEf4IBroadcastBCFf4ILogAddExpDEGV2OAsTypeF_VC_V2_10408321403207385874_contiguous|g2_Multiplybfloat16|steel_gemm_fused_nt_bfloat16_bfloat16_bm64_bn64_bk16_wm2_wn2_has_batch_n_use_out_source_n_do_axpby_n_align_M_t_align_N_t_align_K_t|custom_kernel_laguna_residual_rms_bf16_2048_v1_bfloat16_t_bfloat16_t_bfloat16_t_bfloat16_t_bfloat16_t|steel_gemm_splitk_nt_bfloat16_float32_bm32_bn32_bk16_wm2_wn2_MN_taligned_K_taligned|steel_gemm_splitk_accum_bfloat16_float32|custom_kernel_laguna_prefill_router_tournament_ordinal_norm_v1_bfloat16_t_float_uint32_t_float|custom_kernel_mlx_lm_route_csort_scatter_fused_m8_u32_v4_uint32_t_uint32_t_uint32_t_uint32_t|gather_frontbfloat16_uint32_int_2|arangeuint32|nvfp4_gather_qmm_rhs_nt_bfloat16_t_gs_16_b_4_bm_16_bn_32_bk_32_wm_1_wn_2_align_M_t_align_N_t_align_K_t|nvfp4_qmm_t_splitk_fused_bfloat16_t_gs_16_b_4_alN_true|nvfp4_qmm_t_splitk_fused_bfloat16_t_gs_16_b_4_alN_true|g2_copybfloat16bfloat16|g2_copybfloat16bfloat16|CV2ISigmoidADV2IBroadcastACEV2IBroadcastCAFV2IMultiplyDEGV2IBroadcastFBHV2IBroadcastBFIV2OMultiplyGH_VV_V2V2_11160318154034397263_contiguous|arangeuint32|CV2ISigmoidADV2IBroadcastACEV2IBroadcastCAFV2IMultiplyDEGV2IBroadcastFBHV2IBroadcastBFIV2OMultiplyGH_VV_V2V2_11160318154034397263_contiguous|nvfp4_qmm_t_bfloat16_t_gs_16_b_4_alN_true_batch_0|nvfp4_gather_qmm_rhs_nt_bfloat16_t_gs_16_b_4_bm_16_bn_32_bk_32_wm_1_wn_2_align_M_t_align_N_t_align_K_t
GPUPROF 187994.150503125 187994.150579125 1 23101440 custom_kernel_laguna_prefill_sorted_moe_tail_bf16_v1_bfloat16_t_uint32_t_float_bfloat16_t_bfloat16_t_bfloat16_t
GPUPROF 187994.150579875 187994.164526292 30 636347908 rmsbfloat16|steel_gemm_splitk_nt_bfloat16_float32_bm32_bn32_bk16_wm2_wn2_MN_taligned_K_taligned|steel_gemm_splitk_accum_bfloat16_float32|steel_gemm_splitk_nt_bfloat16_float32_bm32_bn32_bk16_wm2_wn2_MN_taligned_K_taligned|steel_gemm_splitk_accum_bfloat16_float32|steel_gemm_fused_nt_bfloat16_bfloat16_bm64_bn64_bk16_wm2_wn2_has_batch_n_use_out_source_n_do_axpby_n_align_M_t_align_N_t_align_K_t|steel_gemm_splitk_nt_bfloat16_float32_bm32_bn32_bk16_wm2_wn2_MN_taligned_K_taligned|steel_gemm_splitk_accum_bfloat16_float32|custom_kernel_laguna_prefill_sliding_qk_norm_rope_bf16_128_h1_v2_bfloat16_t_bfloat16_t_bfloat16_t_bfloat16_t_float_int32_tc_bfloat16_t_bfloat16_t|steel_attention_bfloat16_bq32_bk16_bd128_wm4_wn1_maskbfloat16_align_Q_t_align_K_t_has_mask_n_do_causal_t_has_sinks_n|Cf4IAsTypeADf4IBroadcastCBEf4IBroadcastBCFf4ILogAddExpDEGV2OAsTypeF_VC_V2_10408321403207385874_contiguous|g2_Multiplybfloat16|steel_gemm_fused_nt_bfloat16_bfloat16_bm64_bn64_bk16_wm2_wn2_has_batch_n_use_out_source_n_do_axpby_n_align_M_t_align_N_t_align_K_t|custom_kernel_laguna_residual_rms_bf16_2048_v1_bfloat16_t_bfloat16_t_bfloat16_t_bfloat16_t_bfloat16_t|steel_gemm_splitk_nt_bfloat16_float32_bm32_bn32_bk16_wm2_wn2_MN_taligned_K_taligned|steel_gemm_splitk_accum_bfloat16_float32|custom_kernel_laguna_prefill_router_tournament_ordinal_norm_v1_bfloat16_t_float_uint32_t_float|custom_kernel_mlx_lm_route_csort_scatter_fused_m8_u32_v4_uint32_t_uint32_t_uint32_t_uint32_t|gather_frontbfloat16_uint32_int_2|arangeuint32|nvfp4_gather_qmm_rhs_nt_bfloat16_t_gs_16_b_4_bm_16_bn_32_bk_32_wm_1_wn_2_align_M_t_align_N_t_align_K_t|nvfp4_qmm_t_splitk_fused_bfloat16_t_gs_16_b_4_alN_true|nvfp4_qmm_t_splitk_fused_bfloat16_t_gs_16_b_4_alN_true|g2_copybfloat16bfloat16|g2_copybfloat16bfloat16|CV2ISigmoidADV2IBroadcastACEV2IBroadcastCAFV2IMultiplyDEGV2IBroadcastFBHV2IBroadcastBFIV2OMultiplyGH_VV_V2V2_11160318154034397263_contiguous|arangeuint32|CV2ISigmoidADV2IBroadcastACEV2IBroadcastCAFV2IMultiplyDEGV2IBroadcastFBHV2IBroadcastBFIV2OMultiplyGH_VV_V2V2_11160318154034397263_contiguous|nvfp4_qmm_t_bfloat16_t_gs_16_b_4_alN_true_batch_0|nvfp4_gather_qmm_rhs_nt_bfloat16_t_gs_16_b_4_bm_16_bn_32_bk_32_wm_1_wn_2_align_M_t_align_N_t_align_K_t
GPUPROF 187994.164527000 187994.164607125 1 23101440 custom_kernel_laguna_prefill_sorted_moe_tail_bf16_v1_bfloat16_t_uint32_t_float_bfloat16_t_bfloat16_t_bfloat16_t
GPUPROF 187994.164607917 187994.178721625 30 636347908 rmsbfloat16|steel_gemm_splitk_nt_bfloat16_float32_bm32_bn32_bk16_wm2_wn2_MN_taligned_K_taligned|steel_gemm_splitk_accum_bfloat16_float32|steel_gemm_splitk_nt_bfloat16_float32_bm32_bn32_bk16_wm2_wn2_MN_taligned_K_taligned|steel_gemm_splitk_accum_bfloat16_float32|steel_gemm_fused_nt_bfloat16_bfloat16_bm64_bn64_bk16_wm2_wn2_has_batch_n_use_out_source_n_do_axpby_n_align_M_t_align_N_t_align_K_t|steel_gemm_splitk_nt_bfloat16_float32_bm32_bn32_bk16_wm2_wn2_MN_taligned_K_taligned|steel_gemm_splitk_accum_bfloat16_float32|custom_kernel_laguna_prefill_sliding_qk_norm_rope_bf16_128_h1_v2_bfloat16_t_bfloat16_t_bfloat16_t_bfloat16_t_float_int32_tc_bfloat16_t_bfloat16_t|steel_attention_bfloat16_bq32_bk16_bd128_wm4_wn1_maskbfloat16_align_Q_t_align_K_t_has_mask_n_do_causal_t_has_sinks_n|Cf4IAsTypeADf4IBroadcastCBEf4IBroadcastBCFf4ILogAddExpDEGV2OAsTypeF_VC_V2_10408321403207385874_contiguous|g2_Multiplybfloat16|steel_gemm_fused_nt_bfloat16_bfloat16_bm64_bn64_bk16_wm2_wn2_has_batch_n_use_out_source_n_do_axpby_n_align_M_t_align_N_t_align_K_t|custom_kernel_laguna_residual_rms_bf16_2048_v1_bfloat16_t_bfloat16_t_bfloat16_t_bfloat16_t_bfloat16_t|steel_gemm_splitk_nt_bfloat16_float32_bm32_bn32_bk16_wm2_wn2_MN_taligned_K_taligned|steel_gemm_splitk_accum_bfloat16_float32|custom_kernel_laguna_prefill_router_tournament_ordinal_norm_v1_bfloat16_t_float_uint32_t_float|custom_kernel_mlx_lm_route_csort_scatter_fused_m8_u32_v4_uint32_t_uint32_t_uint32_t_uint32_t|gather_frontbfloat16_uint32_int_2|arangeuint32|nvfp4_gather_qmm_rhs_nt_bfloat16_t_gs_16_b_4_bm_16_bn_32_bk_32_wm_1_wn_2_align_M_t_align_N_t_align_K_t|nvfp4_qmm_t_splitk_fused_bfloat16_t_gs_16_b_4_alN_true|nvfp4_qmm_t_splitk_fused_bfloat16_t_gs_16_b_4_alN_true|g2_copybfloat16bfloat16|g2_copybfloat16bfloat16|CV2ISigmoidADV2IBroadcastACEV2IBroadcastCAFV2IMultiplyDEGV2IBroadcastFBHV2IBroadcastBFIV2OMultiplyGH_VV_V2V2_11160318154034397263_contiguous|arangeuint32|CV2ISigmoidADV2IBroadcastACEV2IBroadcastCAFV2IMultiplyDEGV2IBroadcastFBHV2IBroadcastBFIV2OMultiplyGH_VV_V2V2_11160318154034397263_contiguous|nvfp4_qmm_t_bfloat16_t_gs_16_b_4_alN_true_batch_0|nvfp4_gather_qmm_rhs_nt_bfloat16_t_gs_16_b_4_bm_16_bn_32_bk_32_wm_1_wn_2_align_M_t_align_N_t_align_K_t
GPUPROF 187994.178722250 187994.178799167 1 23101440 custom_kernel_laguna_prefill_sorted_moe_tail_bf16_v1_bfloat16_t_uint32_t_float_bfloat16_t_bfloat16_t_bfloat16_t
GPUPROF 187994.178800000 187994.192777167 30 636347908 rmsbfloat16|steel_gemm_splitk_nt_bfloat16_float32_bm32_bn32_bk16_wm2_wn2_MN_taligned_K_taligned|steel_gemm_splitk_accum_bfloat16_float32|steel_gemm_splitk_nt_bfloat16_float32_bm32_bn32_bk16_wm2_wn2_MN_taligned_K_taligned|steel_gemm_splitk_accum_bfloat16_float32|steel_gemm_fused_nt_bfloat16_bfloat16_bm64_bn64_bk16_wm2_wn2_has_batch_n_use_out_source_n_do_axpby_n_align_M_t_align_N_t_align_K_t|steel_gemm_splitk_nt_bfloat16_float32_bm32_bn32_bk16_wm2_wn2_MN_taligned_K_taligned|steel_gemm_splitk_accum_bfloat16_float32|custom_kernel_laguna_prefill_sliding_qk_norm_rope_bf16_128_h1_v2_bfloat16_t_bfloat16_t_bfloat16_t_bfloat16_t_float_int32_tc_bfloat16_t_bfloat16_t|steel_attention_bfloat16_bq32_bk16_bd128_wm4_wn1_maskbfloat16_align_Q_t_align_K_t_has_mask_n_do_causal_t_has_sinks_n|Cf4IAsTypeADf4IBroadcastCBEf4IBroadcastBCFf4ILogAddExpDEGV2OAsTypeF_VC_V2_10408321403207385874_contiguous|g2_Multiplybfloat16|steel_gemm_fused_nt_bfloat16_bfloat16_bm64_bn64_bk16_wm2_wn2_has_batch_n_use_out_source_n_do_axpby_n_align_M_t_align_N_t_align_K_t|custom_kernel_laguna_residual_rms_bf16_2048_v1_bfloat16_t_bfloat16_t_bfloat16_t_bfloat16_t_bfloat16_t|steel_gemm_splitk_nt_bfloat16_float32_bm32_bn32_bk16_wm2_wn2_MN_taligned_K_taligned|steel_gemm_splitk_accum_bfloat16_float32|custom_kernel_laguna_prefill_router_tournament_ordinal_norm_v1_bfloat16_t_float_uint32_t_float|custom_kernel_mlx_lm_route_csort_scatter_fused_m8_u32_v4_uint32_t_uint32_t_uint32_t_uint32_t|gather_frontbfloat16_uint32_int_2|arangeuint32|nvfp4_gather_qmm_rhs_nt_bfloat16_t_gs_16_b_4_bm_16_bn_32_bk_32_wm_1_wn_2_align_M_t_align_N_t_align_K_t|nvfp4_qmm_t_splitk_fused_bfloat16_t_gs_16_b_4_alN_true|nvfp4_qmm_t_splitk_fused_bfloat16_t_gs_16_b_4_alN_true|g2_copybfloat16bfloat16|g2_copybfloat16bfloat16|CV2ISigmoidADV2IBroadcastACEV2IBroadcastCAFV2IMultiplyDEGV2IBroadcastFBHV2IBroadcastBFIV2OMultiplyGH_VV_V2V2_11160318154034397263_contiguous|arangeuint32|CV2ISigmoidADV2IBroadcastACEV2IBroadcastCAFV2IMultiplyDEGV2IBroadcastFBHV2IBroadcastBFIV2OMultiplyGH_VV_V2V2_11160318154034397263_contiguous|nvfp4_qmm_t_bfloat16_t_gs_16_b_4_alN_true_batch_0|nvfp4_gather_qmm_rhs_nt_bfloat16_t_gs_16_b_4_bm_16_bn_32_bk_32_wm_1_wn_2_align_M_t_align_N_t_align_K_t
GPUPROF 187994.192778000 187994.192854125 1 23101440 custom_kernel_laguna_prefill_sorted_moe_tail_bf16_v1_bfloat16_t_uint32_t_float_bfloat16_t_bfloat16_t_bfloat16_t
GPUPROF 187994.192854875 187994.205360500 30 612017668 rmsbfloat16|steel_gemm_splitk_nt_bfloat16_float32_bm32_bn32_bk16_wm2_wn2_MN_taligned_K_taligned|steel_gemm_splitk_accum_bfloat16_float32|steel_gemm_splitk_nt_bfloat16_float32_bm32_bn32_bk16_wm2_wn2_MN_taligned_K_taligned|steel_gemm_splitk_accum_bfloat16_float32|steel_gemm_fused_nt_bfloat16_bfloat16_bm64_bn64_bk16_wm2_wn2_has_batch_n_use_out_source_n_do_axpby_n_align_M_t_align_N_t_align_K_t|steel_gemm_splitk_nt_bfloat16_float32_bm32_bn32_bk16_wm2_wn2_MN_naligned_K_taligned|steel_gemm_splitk_accum_bfloat16_float32|custom_kernel_laguna_prefill_full_qk_norm_yarn_bf16_128_h1_v2_bfloat16_t_bfloat16_t_bfloat16_t_bfloat16_t_float_int32_tc_bfloat16_t_bfloat16_t|steel_attention_bfloat16_bq32_bk16_bd128_wm4_wn1_maskbfloat16_align_Q_t_align_K_t_has_mask_n_do_causal_t_has_sinks_n|Cf4IAsTypeADf4IBroadcastCBEf4IBroadcastBCFf4ILogAddExpDEGV2OAsTypeF_VC_V2_10408321403207385874_contiguous|g2_Multiplybfloat16|steel_gemm_fused_nt_bfloat16_bfloat16_bm64_bn64_bk16_wm2_wn2_has_batch_n_use_out_source_n_do_axpby_n_align_M_t_align_N_t_align_K_t|custom_kernel_laguna_residual_rms_bf16_2048_v1_bfloat16_t_bfloat16_t_bfloat16_t_bfloat16_t_bfloat16_t|steel_gemm_splitk_nt_bfloat16_float32_bm32_bn32_bk16_wm2_wn2_MN_taligned_K_taligned|steel_gemm_splitk_accum_bfloat16_float32|custom_kernel_laguna_prefill_router_tournament_ordinal_norm_v1_bfloat16_t_float_uint32_t_float|custom_kernel_mlx_lm_route_csort_scatter_fused_m8_u32_v4_uint32_t_uint32_t_uint32_t_uint32_t|gather_frontbfloat16_uint32_int_2|arangeuint32|nvfp4_gather_qmm_rhs_nt_bfloat16_t_gs_16_b_4_bm_16_bn_32_bk_32_wm_1_wn_2_align_M_t_align_N_t_align_K_t|nvfp4_qmm_t_splitk_fused_bfloat16_t_gs_16_b_4_alN_true|nvfp4_qmm_t_splitk_fused_bfloat16_t_gs_16_b_4_alN_true|g2_copybfloat16bfloat16|g2_copybfloat16bfloat16|CV2ISigmoidADV2IBroadcastACEV2IBroadcastCAFV2IMultiplyDEGV2IBroadcastFBHV2IBroadcastBFIV2OMultiplyGH_VV_V2V2_11160318154034397263_contiguous|arangeuint32|CV2ISigmoidADV2IBroadcastACEV2IBroadcastCAFV2IMultiplyDEGV2IBroadcastFBHV2IBroadcastBFIV2OMultiplyGH_VV_V2V2_11160318154034397263_contiguous|nvfp4_qmm_t_bfloat16_t_gs_16_b_4_alN_true_batch_0|nvfp4_gather_qmm_rhs_nt_bfloat16_t_gs_16_b_4_bm_16_bn_32_bk_32_wm_1_wn_2_align_M_t_align_N_t_align_K_t
GPUPROF 187994.205361250 187994.205437667 1 23101440 custom_kernel_laguna_prefill_sorted_moe_tail_bf16_v1_bfloat16_t_uint32_t_float_bfloat16_t_bfloat16_t_bfloat16_t
GPUPROF 187994.205438417 187994.219094625 30 636347908 rmsbfloat16|steel_gemm_splitk_nt_bfloat16_float32_bm32_bn32_bk16_wm2_wn2_MN_taligned_K_taligned|steel_gemm_splitk_accum_bfloat16_float32|steel_gemm_splitk_nt_bfloat16_float32_bm32_bn32_bk16_wm2_wn2_MN_taligned_K_taligned|steel_gemm_splitk_accum_bfloat16_float32|steel_gemm_fused_nt_bfloat16_bfloat16_bm64_bn64_bk16_wm2_wn2_has_batch_n_use_out_source_n_do_axpby_n_align_M_t_align_N_t_align_K_t|steel_gemm_splitk_nt_bfloat16_float32_bm32_bn32_bk16_wm2_wn2_MN_taligned_K_taligned|steel_gemm_splitk_accum_bfloat16_float32|custom_kernel_laguna_prefill_sliding_qk_norm_rope_bf16_128_h1_v2_bfloat16_t_bfloat16_t_bfloat16_t_bfloat16_t_float_int32_tc_bfloat16_t_bfloat16_t|steel_attention_bfloat16_bq32_bk16_bd128_wm4_wn1_maskbfloat16_align_Q_t_align_K_t_has_mask_n_do_causal_t_has_sinks_n|Cf4IAsTypeADf4IBroadcastCBEf4IBroadcastBCFf4ILogAddExpDEGV2OAsTypeF_VC_V2_10408321403207385874_contiguous|g2_Multiplybfloat16|steel_gemm_fused_nt_bfloat16_bfloat16_bm64_bn64_bk16_wm2_wn2_has_batch_n_use_out_source_n_do_axpby_n_align_M_t_align_N_t_align_K_t|custom_kernel_laguna_residual_rms_bf16_2048_v1_bfloat16_t_bfloat16_t_bfloat16_t_bfloat16_t_bfloat16_t|steel_gemm_splitk_nt_bfloat16_float32_bm32_bn32_bk16_wm2_wn2_MN_taligned_K_taligned|steel_gemm_splitk_accum_bfloat16_float32|custom_kernel_laguna_prefill_router_tournament_ordinal_norm_v1_bfloat16_t_float_uint32_t_float|custom_kernel_mlx_lm_route_csort_scatter_fused_m8_u32_v4_uint32_t_uint32_t_uint32_t_uint32_t|gather_frontbfloat16_uint32_int_2|arangeuint32|nvfp4_gather_qmm_rhs_nt_bfloat16_t_gs_16_b_4_bm_16_bn_32_bk_32_wm_1_wn_2_align_M_t_align_N_t_align_K_t|nvfp4_qmm_t_splitk_fused_bfloat16_t_gs_16_b_4_alN_true|nvfp4_qmm_t_splitk_fused_bfloat16_t_gs_16_b_4_alN_true|g2_copybfloat16bfloat16|g2_copybfloat16bfloat16|CV2ISigmoidADV2IBroadcastACEV2IBroadcastCAFV2IMultiplyDEGV2IBroadcastFBHV2IBroadcastBFIV2OMultiplyGH_VV_V2V2_11160318154034397263_contiguous|arangeuint32|CV2ISigmoidADV2IBroadcastACEV2IBroadcastCAFV2IMultiplyDEGV2IBroadcastFBHV2IBroadcastBFIV2OMultiplyGH_VV_V2V2_11160318154034397263_contiguous|nvfp4_qmm_t_bfloat16_t_gs_16_b_4_alN_true_batch_0|nvfp4_gather_qmm_rhs_nt_bfloat16_t_gs_16_b_4_bm_16_bn_32_bk_32_wm_1_wn_2_align_M_t_align_N_t_align_K_t
GPUPROF 187994.219095375 187994.219171792 1 23101440 custom_kernel_laguna_prefill_sorted_moe_tail_bf16_v1_bfloat16_t_uint32_t_float_bfloat16_t_bfloat16_t_bfloat16_t
GPUPROF 187994.219172542 187994.232675375 30 636347908 rmsbfloat16|steel_gemm_splitk_nt_bfloat16_float32_bm32_bn32_bk16_wm2_wn2_MN_taligned_K_taligned|steel_gemm_splitk_accum_bfloat16_float32|steel_gemm_splitk_nt_bfloat16_float32_bm32_bn32_bk16_wm2_wn2_MN_taligned_K_taligned|steel_gemm_splitk_accum_bfloat16_float32|steel_gemm_fused_nt_bfloat16_bfloat16_bm64_bn64_bk16_wm2_wn2_has_batch_n_use_out_source_n_do_axpby_n_align_M_t_align_N_t_align_K_t|steel_gemm_splitk_nt_bfloat16_float32_bm32_bn32_bk16_wm2_wn2_MN_taligned_K_taligned|steel_gemm_splitk_accum_bfloat16_float32|custom_kernel_laguna_prefill_sliding_qk_norm_rope_bf16_128_h1_v2_bfloat16_t_bfloat16_t_bfloat16_t_bfloat16_t_float_int32_tc_bfloat16_t_bfloat16_t|steel_attention_bfloat16_bq32_bk16_bd128_wm4_wn1_maskbfloat16_align_Q_t_align_K_t_has_mask_n_do_causal_t_has_sinks_n|Cf4IAsTypeADf4IBroadcastCBEf4IBroadcastBCFf4ILogAddExpDEGV2OAsTypeF_VC_V2_10408321403207385874_contiguous|g2_Multiplybfloat16|steel_gemm_fused_nt_bfloat16_bfloat16_bm64_bn64_bk16_wm2_wn2_has_batch_n_use_out_source_n_do_axpby_n_align_M_t_align_N_t_align_K_t|custom_kernel_laguna_residual_rms_bf16_2048_v1_bfloat16_t_bfloat16_t_bfloat16_t_bfloat16_t_bfloat16_t|steel_gemm_splitk_nt_bfloat16_float32_bm32_bn32_bk16_wm2_wn2_MN_taligned_K_taligned|steel_gemm_splitk_accum_bfloat16_float32|custom_kernel_laguna_prefill_router_tournament_ordinal_norm_v1_bfloat16_t_float_uint32_t_float|custom_kernel_mlx_lm_route_csort_scatter_fused_m8_u32_v4_uint32_t_uint32_t_uint32_t_uint32_t|gather_frontbfloat16_uint32_int_2|arangeuint32|nvfp4_gather_qmm_rhs_nt_bfloat16_t_gs_16_b_4_bm_16_bn_32_bk_32_wm_1_wn_2_align_M_t_align_N_t_align_K_t|nvfp4_qmm_t_splitk_fused_bfloat16_t_gs_16_b_4_alN_true|nvfp4_qmm_t_splitk_fused_bfloat16_t_gs_16_b_4_alN_true|g2_copybfloat16bfloat16|g2_copybfloat16bfloat16|CV2ISigmoidADV2IBroadcastACEV2IBroadcastCAFV2IMultiplyDEGV2IBroadcastFBHV2IBroadcastBFIV2OMultiplyGH_VV_V2V2_11160318154034397263_contiguous|arangeuint32|CV2ISigmoidADV2IBroadcastACEV2IBroadcastCAFV2IMultiplyDEGV2IBroadcastFBHV2IBroadcastBFIV2OMultiplyGH_VV_V2V2_11160318154034397263_contiguous|nvfp4_qmm_t_bfloat16_t_gs_16_b_4_alN_true_batch_0|nvfp4_gather_qmm_rhs_nt_bfloat16_t_gs_16_b_4_bm_16_bn_32_bk_32_wm_1_wn_2_align_M_t_align_N_t_align_K_t
GPUPROF 187994.232676167 187994.232752667 1 23101440 custom_kernel_laguna_prefill_sorted_moe_tail_bf16_v1_bfloat16_t_uint32_t_float_bfloat16_t_bfloat16_t_bfloat16_t
GPUPROF 187994.232753417 187994.246105000 30 636347908 rmsbfloat16|steel_gemm_splitk_nt_bfloat16_float32_bm32_bn32_bk16_wm2_wn2_MN_taligned_K_taligned|steel_gemm_splitk_accum_bfloat16_float32|steel_gemm_splitk_nt_bfloat16_float32_bm32_bn32_bk16_wm2_wn2_MN_taligned_K_taligned|steel_gemm_splitk_accum_bfloat16_float32|steel_gemm_fused_nt_bfloat16_bfloat16_bm64_bn64_bk16_wm2_wn2_has_batch_n_use_out_source_n_do_axpby_n_align_M_t_align_N_t_align_K_t|steel_gemm_splitk_nt_bfloat16_float32_bm32_bn32_bk16_wm2_wn2_MN_taligned_K_taligned|steel_gemm_splitk_accum_bfloat16_float32|custom_kernel_laguna_prefill_sliding_qk_norm_rope_bf16_128_h1_v2_bfloat16_t_bfloat16_t_bfloat16_t_bfloat16_t_float_int32_tc_bfloat16_t_bfloat16_t|steel_attention_bfloat16_bq32_bk16_bd128_wm4_wn1_maskbfloat16_align_Q_t_align_K_t_has_mask_n_do_causal_t_has_sinks_n|Cf4IAsTypeADf4IBroadcastCBEf4IBroadcastBCFf4ILogAddExpDEGV2OAsTypeF_VC_V2_10408321403207385874_contiguous|g2_Multiplybfloat16|steel_gemm_fused_nt_bfloat16_bfloat16_bm64_bn64_bk16_wm2_wn2_has_batch_n_use_out_source_n_do_axpby_n_align_M_t_align_N_t_align_K_t|custom_kernel_laguna_residual_rms_bf16_2048_v1_bfloat16_t_bfloat16_t_bfloat16_t_bfloat16_t_bfloat16_t|steel_gemm_splitk_nt_bfloat16_float32_bm32_bn32_bk16_wm2_wn2_MN_taligned_K_taligned|steel_gemm_splitk_accum_bfloat16_float32|custom_kernel_laguna_prefill_router_tournament_ordinal_norm_v1_bfloat16_t_float_uint32_t_float|custom_kernel_mlx_lm_route_csort_scatter_fused_m8_u32_v4_uint32_t_uint32_t_uint32_t_uint32_t|gather_frontbfloat16_uint32_int_2|arangeuint32|nvfp4_gather_qmm_rhs_nt_bfloat16_t_gs_16_b_4_bm_16_bn_32_bk_32_wm_1_wn_2_align_M_t_align_N_t_align_K_t|nvfp4_qmm_t_splitk_fused_bfloat16_t_gs_16_b_4_alN_true|nvfp4_qmm_t_splitk_fused_bfloat16_t_gs_16_b_4_alN_true|g2_copybfloat16bfloat16|g2_copybfloat16bfloat16|CV2ISigmoidADV2IBroadcastACEV2IBroadcastCAFV2IMultiplyDEGV2IBroadcastFBHV2IBroadcastBFIV2OMultiplyGH_VV_V2V2_11160318154034397263_contiguous|arangeuint32|CV2ISigmoidADV2IBroadcastACEV2IBroadcastCAFV2IMultiplyDEGV2IBroadcastFBHV2IBroadcastBFIV2OMultiplyGH_VV_V2V2_11160318154034397263_contiguous|nvfp4_qmm_t_bfloat16_t_gs_16_b_4_alN_true_batch_0|nvfp4_gather_qmm_rhs_nt_bfloat16_t_gs_16_b_4_bm_16_bn_32_bk_32_wm_1_wn_2_align_M_t_align_N_t_align_K_t
GPUPROF 187994.246105667 187994.246182375 1 23101440 custom_kernel_laguna_prefill_sorted_moe_tail_bf16_v1_bfloat16_t_uint32_t_float_bfloat16_t_bfloat16_t_bfloat16_t
GPUPROF 187994.246183167 187994.258372542 30 612017668 rmsbfloat16|steel_gemm_splitk_nt_bfloat16_float32_bm32_bn32_bk16_wm2_wn2_MN_taligned_K_taligned|steel_gemm_splitk_accum_bfloat16_float32|steel_gemm_splitk_nt_bfloat16_float32_bm32_bn32_bk16_wm2_wn2_MN_taligned_K_taligned|steel_gemm_splitk_accum_bfloat16_float32|steel_gemm_fused_nt_bfloat16_bfloat16_bm64_bn64_bk16_wm2_wn2_has_batch_n_use_out_source_n_do_axpby_n_align_M_t_align_N_t_align_K_t|steel_gemm_splitk_nt_bfloat16_float32_bm32_bn32_bk16_wm2_wn2_MN_naligned_K_taligned|steel_gemm_splitk_accum_bfloat16_float32|custom_kernel_laguna_prefill_full_qk_norm_yarn_bf16_128_h1_v2_bfloat16_t_bfloat16_t_bfloat16_t_bfloat16_t_float_int32_tc_bfloat16_t_bfloat16_t|steel_attention_bfloat16_bq32_bk16_bd128_wm4_wn1_maskbfloat16_align_Q_t_align_K_t_has_mask_n_do_causal_t_has_sinks_n|Cf4IAsTypeADf4IBroadcastCBEf4IBroadcastBCFf4ILogAddExpDEGV2OAsTypeF_VC_V2_10408321403207385874_contiguous|g2_Multiplybfloat16|steel_gemm_fused_nt_bfloat16_bfloat16_bm64_bn64_bk16_wm2_wn2_has_batch_n_use_out_source_n_do_axpby_n_align_M_t_align_N_t_align_K_t|custom_kernel_laguna_residual_rms_bf16_2048_v1_bfloat16_t_bfloat16_t_bfloat16_t_bfloat16_t_bfloat16_t|steel_gemm_splitk_nt_bfloat16_float32_bm32_bn32_bk16_wm2_wn2_MN_taligned_K_taligned|steel_gemm_splitk_accum_bfloat16_float32|custom_kernel_laguna_prefill_router_tournament_ordinal_norm_v1_bfloat16_t_float_uint32_t_float|custom_kernel_mlx_lm_route_csort_scatter_fused_m8_u32_v4_uint32_t_uint32_t_uint32_t_uint32_t|gather_frontbfloat16_uint32_int_2|arangeuint32|nvfp4_gather_qmm_rhs_nt_bfloat16_t_gs_16_b_4_bm_16_bn_32_bk_32_wm_1_wn_2_align_M_t_align_N_t_align_K_t|nvfp4_qmm_t_splitk_fused_bfloat16_t_gs_16_b_4_alN_true|nvfp4_qmm_t_splitk_fused_bfloat16_t_gs_16_b_4_alN_true|g2_copybfloat16bfloat16|g2_copybfloat16bfloat16|CV2ISigmoidADV2IBroadcastACEV2IBroadcastCAFV2IMultiplyDEGV2IBroadcastFBHV2IBroadcastBFIV2OMultiplyGH_VV_V2V2_11160318154034397263_contiguous|arangeuint32|CV2ISigmoidADV2IBroadcastACEV2IBroadcastCAFV2IMultiplyDEGV2IBroadcastFBHV2IBroadcastBFIV2OMultiplyGH_VV_V2V2_11160318154034397263_contiguous|nvfp4_qmm_t_bfloat16_t_gs_16_b_4_alN_true_batch_0|nvfp4_gather_qmm_rhs_nt_bfloat16_t_gs_16_b_4_bm_16_bn_32_bk_32_wm_1_wn_2_align_M_t_align_N_t_align_K_t
GPUPROF 187994.258373292 187994.258448250 1 23101440 custom_kernel_laguna_prefill_sorted_moe_tail_bf16_v1_bfloat16_t_uint32_t_float_bfloat16_t_bfloat16_t_bfloat16_t
GPUPROF 187994.258449042 187994.272046042 30 636347908 rmsbfloat16|steel_gemm_splitk_nt_bfloat16_float32_bm32_bn32_bk16_wm2_wn2_MN_taligned_K_taligned|steel_gemm_splitk_accum_bfloat16_float32|steel_gemm_splitk_nt_bfloat16_float32_bm32_bn32_bk16_wm2_wn2_MN_taligned_K_taligned|steel_gemm_splitk_accum_bfloat16_float32|steel_gemm_fused_nt_bfloat16_bfloat16_bm64_bn64_bk16_wm2_wn2_has_batch_n_use_out_source_n_do_axpby_n_align_M_t_align_N_t_align_K_t|steel_gemm_splitk_nt_bfloat16_float32_bm32_bn32_bk16_wm2_wn2_MN_taligned_K_taligned|steel_gemm_splitk_accum_bfloat16_float32|custom_kernel_laguna_prefill_sliding_qk_norm_rope_bf16_128_h1_v2_bfloat16_t_bfloat16_t_bfloat16_t_bfloat16_t_float_int32_tc_bfloat16_t_bfloat16_t|steel_attention_bfloat16_bq32_bk16_bd128_wm4_wn1_maskbfloat16_align_Q_t_align_K_t_has_mask_n_do_causal_t_has_sinks_n|Cf4IAsTypeADf4IBroadcastCBEf4IBroadcastBCFf4ILogAddExpDEGV2OAsTypeF_VC_V2_10408321403207385874_contiguous|g2_Multiplybfloat16|steel_gemm_fused_nt_bfloat16_bfloat16_bm64_bn64_bk16_wm2_wn2_has_batch_n_use_out_source_n_do_axpby_n_align_M_t_align_N_t_align_K_t|custom_kernel_laguna_residual_rms_bf16_2048_v1_bfloat16_t_bfloat16_t_bfloat16_t_bfloat16_t_bfloat16_t|steel_gemm_splitk_nt_bfloat16_float32_bm32_bn32_bk16_wm2_wn2_MN_taligned_K_taligned|steel_gemm_splitk_accum_bfloat16_float32|custom_kernel_laguna_prefill_router_tournament_ordinal_norm_v1_bfloat16_t_float_uint32_t_float|custom_kernel_mlx_lm_route_csort_scatter_fused_m8_u32_v4_uint32_t_uint32_t_uint32_t_uint32_t|gather_frontbfloat16_uint32_int_2|arangeuint32|nvfp4_gather_qmm_rhs_nt_bfloat16_t_gs_16_b_4_bm_16_bn_32_bk_32_wm_1_wn_2_align_M_t_align_N_t_align_K_t|nvfp4_qmm_t_splitk_fused_bfloat16_t_gs_16_b_4_alN_true|nvfp4_qmm_t_splitk_fused_bfloat16_t_gs_16_b_4_alN_true|g2_copybfloat16bfloat16|g2_copybfloat16bfloat16|CV2ISigmoidADV2IBroadcastACEV2IBroadcastCAFV2IMultiplyDEGV2IBroadcastFBHV2IBroadcastBFIV2OMultiplyGH_VV_V2V2_11160318154034397263_contiguous|arangeuint32|CV2ISigmoidADV2IBroadcastACEV2IBroadcastCAFV2IMultiplyDEGV2IBroadcastFBHV2IBroadcastBFIV2OMultiplyGH_VV_V2V2_11160318154034397263_contiguous|nvfp4_qmm_t_bfloat16_t_gs_16_b_4_alN_true_batch_0|nvfp4_gather_qmm_rhs_nt_bfloat16_t_gs_16_b_4_bm_16_bn_32_bk_32_wm_1_wn_2_align_M_t_align_N_t_align_K_t
GPUPROF 187994.272062000 187994.272138250 1 23101440 custom_kernel_laguna_prefill_sorted_moe_tail_bf16_v1_bfloat16_t_uint32_t_float_bfloat16_t_bfloat16_t_bfloat16_t
GPUPROF 187994.272139250 187994.285703750 30 636347908 rmsbfloat16|steel_gemm_splitk_nt_bfloat16_float32_bm32_bn32_bk16_wm2_wn2_MN_taligned_K_taligned|steel_gemm_splitk_accum_bfloat16_float32|steel_gemm_splitk_nt_bfloat16_float32_bm32_bn32_bk16_wm2_wn2_MN_taligned_K_taligned|steel_gemm_splitk_accum_bfloat16_float32|steel_gemm_fused_nt_bfloat16_bfloat16_bm64_bn64_bk16_wm2_wn2_has_batch_n_use_out_source_n_do_axpby_n_align_M_t_align_N_t_align_K_t|steel_gemm_splitk_nt_bfloat16_float32_bm32_bn32_bk16_wm2_wn2_MN_taligned_K_taligned|steel_gemm_splitk_accum_bfloat16_float32|custom_kernel_laguna_prefill_sliding_qk_norm_rope_bf16_128_h1_v2_bfloat16_t_bfloat16_t_bfloat16_t_bfloat16_t_float_int32_tc_bfloat16_t_bfloat16_t|steel_attention_bfloat16_bq32_bk16_bd128_wm4_wn1_maskbfloat16_align_Q_t_align_K_t_has_mask_n_do_causal_t_has_sinks_n|Cf4IAsTypeADf4IBroadcastCBEf4IBroadcastBCFf4ILogAddExpDEGV2OAsTypeF_VC_V2_10408321403207385874_contiguous|g2_Multiplybfloat16|steel_gemm_fused_nt_bfloat16_bfloat16_bm64_bn64_bk16_wm2_wn2_has_batch_n_use_out_source_n_do_axpby_n_align_M_t_align_N_t_align_K_t|custom_kernel_laguna_residual_rms_bf16_2048_v1_bfloat16_t_bfloat16_t_bfloat16_t_bfloat16_t_bfloat16_t|steel_gemm_splitk_nt_bfloat16_float32_bm32_bn32_bk16_wm2_wn2_MN_taligned_K_taligned|steel_gemm_splitk_accum_bfloat16_float32|custom_kernel_laguna_prefill_router_tournament_ordinal_norm_v1_bfloat16_t_float_uint32_t_float|custom_kernel_mlx_lm_route_csort_scatter_fused_m8_u32_v4_uint32_t_uint32_t_uint32_t_uint32_t|gather_frontbfloat16_uint32_int_2|arangeuint32|nvfp4_gather_qmm_rhs_nt_bfloat16_t_gs_16_b_4_bm_16_bn_32_bk_32_wm_1_wn_2_align_M_t_align_N_t_align_K_t|nvfp4_qmm_t_splitk_fused_bfloat16_t_gs_16_b_4_alN_true|nvfp4_qmm_t_splitk_fused_bfloat16_t_gs_16_b_4_alN_true|g2_copybfloat16bfloat16|g2_copybfloat16bfloat16|CV2ISigmoidADV2IBroadcastACEV2IBroadcastCAFV2IMultiplyDEGV2IBroadcastFBHV2IBroadcastBFIV2OMultiplyGH_VV_V2V2_11160318154034397263_contiguous|arangeuint32|CV2ISigmoidADV2IBroadcastACEV2IBroadcastCAFV2IMultiplyDEGV2IBroadcastFBHV2IBroadcastBFIV2OMultiplyGH_VV_V2V2_11160318154034397263_contiguous|nvfp4_qmm_t_bfloat16_t_gs_16_b_4_alN_true_batch_0|nvfp4_gather_qmm_rhs_nt_bfloat16_t_gs_16_b_4_bm_16_bn_32_bk_32_wm_1_wn_2_align_M_t_align_N_t_align_K_t
GPUPROF 187994.285704500 187994.285779375 1 23101440 custom_kernel_laguna_prefill_sorted_moe_tail_bf16_v1_bfloat16_t_uint32_t_float_bfloat16_t_bfloat16_t_bfloat16_t
GPUPROF 187994.285780167 187994.299390792 30 636347908 rmsbfloat16|steel_gemm_splitk_nt_bfloat16_float32_bm32_bn32_bk16_wm2_wn2_MN_taligned_K_taligned|steel_gemm_splitk_accum_bfloat16_float32|steel_gemm_splitk_nt_bfloat16_float32_bm32_bn32_bk16_wm2_wn2_MN_taligned_K_taligned|steel_gemm_splitk_accum_bfloat16_float32|steel_gemm_fused_nt_bfloat16_bfloat16_bm64_bn64_bk16_wm2_wn2_has_batch_n_use_out_source_n_do_axpby_n_align_M_t_align_N_t_align_K_t|steel_gemm_splitk_nt_bfloat16_float32_bm32_bn32_bk16_wm2_wn2_MN_taligned_K_taligned|steel_gemm_splitk_accum_bfloat16_float32|custom_kernel_laguna_prefill_sliding_qk_norm_rope_bf16_128_h1_v2_bfloat16_t_bfloat16_t_bfloat16_t_bfloat16_t_float_int32_tc_bfloat16_t_bfloat16_t|steel_attention_bfloat16_bq32_bk16_bd128_wm4_wn1_maskbfloat16_align_Q_t_align_K_t_has_mask_n_do_causal_t_has_sinks_n|Cf4IAsTypeADf4IBroadcastCBEf4IBroadcastBCFf4ILogAddExpDEGV2OAsTypeF_VC_V2_10408321403207385874_contiguous|g2_Multiplybfloat16|steel_gemm_fused_nt_bfloat16_bfloat16_bm64_bn64_bk16_wm2_wn2_has_batch_n_use_out_source_n_do_axpby_n_align_M_t_align_N_t_align_K_t|custom_kernel_laguna_residual_rms_bf16_2048_v1_bfloat16_t_bfloat16_t_bfloat16_t_bfloat16_t_bfloat16_t|steel_gemm_splitk_nt_bfloat16_float32_bm32_bn32_bk16_wm2_wn2_MN_taligned_K_taligned|steel_gemm_splitk_accum_bfloat16_float32|custom_kernel_laguna_prefill_router_tournament_ordinal_norm_v1_bfloat16_t_float_uint32_t_float|custom_kernel_mlx_lm_route_csort_scatter_fused_m8_u32_v4_uint32_t_uint32_t_uint32_t_uint32_t|gather_frontbfloat16_uint32_int_2|arangeuint32|nvfp4_gather_qmm_rhs_nt_bfloat16_t_gs_16_b_4_bm_16_bn_32_bk_32_wm_1_wn_2_align_M_t_align_N_t_align_K_t|nvfp4_qmm_t_splitk_fused_bfloat16_t_gs_16_b_4_alN_true|nvfp4_qmm_t_splitk_fused_bfloat16_t_gs_16_b_4_alN_true|g2_copybfloat16bfloat16|g2_copybfloat16bfloat16|CV2ISigmoidADV2IBroadcastACEV2IBroadcastCAFV2IMultiplyDEGV2IBroadcastFBHV2IBroadcastBFIV2OMultiplyGH_VV_V2V2_11160318154034397263_contiguous|arangeuint32|CV2ISigmoidADV2IBroadcastACEV2IBroadcastCAFV2IMultiplyDEGV2IBroadcastFBHV2IBroadcastBFIV2OMultiplyGH_VV_V2V2_11160318154034397263_contiguous|nvfp4_qmm_t_bfloat16_t_gs_16_b_4_alN_true_batch_0|nvfp4_gather_qmm_rhs_nt_bfloat16_t_gs_16_b_4_bm_16_bn_32_bk_32_wm_1_wn_2_align_M_t_align_N_t_align_K_t
GPUPROF 187994.299391625 187994.299469750 1 23101440 custom_kernel_laguna_prefill_sorted_moe_tail_bf16_v1_bfloat16_t_uint32_t_float_bfloat16_t_bfloat16_t_bfloat16_t
GPUPROF 187994.299470500 187994.311999667 30 612017668 rmsbfloat16|steel_gemm_splitk_nt_bfloat16_float32_bm32_bn32_bk16_wm2_wn2_MN_taligned_K_taligned|steel_gemm_splitk_accum_bfloat16_float32|steel_gemm_splitk_nt_bfloat16_float32_bm32_bn32_bk16_wm2_wn2_MN_taligned_K_taligned|steel_gemm_splitk_accum_bfloat16_float32|steel_gemm_fused_nt_bfloat16_bfloat16_bm64_bn64_bk16_wm2_wn2_has_batch_n_use_out_source_n_do_axpby_n_align_M_t_align_N_t_align_K_t|steel_gemm_splitk_nt_bfloat16_float32_bm32_bn32_bk16_wm2_wn2_MN_naligned_K_taligned|steel_gemm_splitk_accum_bfloat16_float32|custom_kernel_laguna_prefill_full_qk_norm_yarn_bf16_128_h1_v2_bfloat16_t_bfloat16_t_bfloat16_t_bfloat16_t_float_int32_tc_bfloat16_t_bfloat16_t|steel_attention_bfloat16_bq32_bk16_bd128_wm4_wn1_maskbfloat16_align_Q_t_align_K_t_has_mask_n_do_causal_t_has_sinks_n|Cf4IAsTypeADf4IBroadcastCBEf4IBroadcastBCFf4ILogAddExpDEGV2OAsTypeF_VC_V2_10408321403207385874_contiguous|g2_Multiplybfloat16|steel_gemm_fused_nt_bfloat16_bfloat16_bm64_bn64_bk16_wm2_wn2_has_batch_n_use_out_source_n_do_axpby_n_align_M_t_align_N_t_align_K_t|custom_kernel_laguna_residual_rms_bf16_2048_v1_bfloat16_t_bfloat16_t_bfloat16_t_bfloat16_t_bfloat16_t|steel_gemm_splitk_nt_bfloat16_float32_bm32_bn32_bk16_wm2_wn2_MN_taligned_K_taligned|steel_gemm_splitk_accum_bfloat16_float32|custom_kernel_laguna_prefill_router_tournament_ordinal_norm_v1_bfloat16_t_float_uint32_t_float|custom_kernel_mlx_lm_route_csort_scatter_fused_m8_u32_v4_uint32_t_uint32_t_uint32_t_uint32_t|gather_frontbfloat16_uint32_int_2|arangeuint32|nvfp4_gather_qmm_rhs_nt_bfloat16_t_gs_16_b_4_bm_16_bn_32_bk_32_wm_1_wn_2_align_M_t_align_N_t_align_K_t|nvfp4_qmm_t_splitk_fused_bfloat16_t_gs_16_b_4_alN_true|nvfp4_qmm_t_splitk_fused_bfloat16_t_gs_16_b_4_alN_true|g2_copybfloat16bfloat16|g2_copybfloat16bfloat16|CV2ISigmoidADV2IBroadcastACEV2IBroadcastCAFV2IMultiplyDEGV2IBroadcastFBHV2IBroadcastBFIV2OMultiplyGH_VV_V2V2_11160318154034397263_contiguous|arangeuint32|CV2ISigmoidADV2IBroadcastACEV2IBroadcastCAFV2IMultiplyDEGV2IBroadcastFBHV2IBroadcastBFIV2OMultiplyGH_VV_V2V2_11160318154034397263_contiguous|nvfp4_qmm_t_bfloat16_t_gs_16_b_4_alN_true_batch_0|nvfp4_gather_qmm_rhs_nt_bfloat16_t_gs_16_b_4_bm_16_bn_32_bk_32_wm_1_wn_2_align_M_t_align_N_t_align_K_t
GPUPROF 187994.312000417 187994.312076292 1 23101440 custom_kernel_laguna_prefill_sorted_moe_tail_bf16_v1_bfloat16_t_uint32_t_float_bfloat16_t_bfloat16_t_bfloat16_t
GPUPROF 187994.312077042 187994.326178750 30 636347908 rmsbfloat16|steel_gemm_splitk_nt_bfloat16_float32_bm32_bn32_bk16_wm2_wn2_MN_taligned_K_taligned|steel_gemm_splitk_accum_bfloat16_float32|steel_gemm_splitk_nt_bfloat16_float32_bm32_bn32_bk16_wm2_wn2_MN_taligned_K_taligned|steel_gemm_splitk_accum_bfloat16_float32|steel_gemm_fused_nt_bfloat16_bfloat16_bm64_bn64_bk16_wm2_wn2_has_batch_n_use_out_source_n_do_axpby_n_align_M_t_align_N_t_align_K_t|steel_gemm_splitk_nt_bfloat16_float32_bm32_bn32_bk16_wm2_wn2_MN_taligned_K_taligned|steel_gemm_splitk_accum_bfloat16_float32|custom_kernel_laguna_prefill_sliding_qk_norm_rope_bf16_128_h1_v2_bfloat16_t_bfloat16_t_bfloat16_t_bfloat16_t_float_int32_tc_bfloat16_t_bfloat16_t|steel_attention_bfloat16_bq32_bk16_bd128_wm4_wn1_maskbfloat16_align_Q_t_align_K_t_has_mask_n_do_causal_t_has_sinks_n|Cf4IAsTypeADf4IBroadcastCBEf4IBroadcastBCFf4ILogAddExpDEGV2OAsTypeF_VC_V2_10408321403207385874_contiguous|g2_Multiplybfloat16|steel_gemm_fused_nt_bfloat16_bfloat16_bm64_bn64_bk16_wm2_wn2_has_batch_n_use_out_source_n_do_axpby_n_align_M_t_align_N_t_align_K_t|custom_kernel_laguna_residual_rms_bf16_2048_v1_bfloat16_t_bfloat16_t_bfloat16_t_bfloat16_t_bfloat16_t|steel_gemm_splitk_nt_bfloat16_float32_bm32_bn32_bk16_wm2_wn2_MN_taligned_K_taligned|steel_gemm_splitk_accum_bfloat16_float32|custom_kernel_laguna_prefill_router_tournament_ordinal_norm_v1_bfloat16_t_float_uint32_t_float|custom_kernel_mlx_lm_route_csort_scatter_fused_m8_u32_v4_uint32_t_uint32_t_uint32_t_uint32_t|gather_frontbfloat16_uint32_int_2|arangeuint32|nvfp4_gather_qmm_rhs_nt_bfloat16_t_gs_16_b_4_bm_16_bn_32_bk_32_wm_1_wn_2_align_M_t_align_N_t_align_K_t|nvfp4_qmm_t_splitk_fused_bfloat16_t_gs_16_b_4_alN_true|nvfp4_qmm_t_splitk_fused_bfloat16_t_gs_16_b_4_alN_true|g2_copybfloat16bfloat16|g2_copybfloat16bfloat16|CV2ISigmoidADV2IBroadcastACEV2IBroadcastCAFV2IMultiplyDEGV2IBroadcastFBHV2IBroadcastBFIV2OMultiplyGH_VV_V2V2_11160318154034397263_contiguous|arangeuint32|CV2ISigmoidADV2IBroadcastACEV2IBroadcastCAFV2IMultiplyDEGV2IBroadcastFBHV2IBroadcastBFIV2OMultiplyGH_VV_V2V2_11160318154034397263_contiguous|nvfp4_qmm_t_bfloat16_t_gs_16_b_4_alN_true_batch_0|nvfp4_gather_qmm_rhs_nt_bfloat16_t_gs_16_b_4_bm_16_bn_32_bk_32_wm_1_wn_2_align_M_t_align_N_t_align_K_t
GPUPROF 187994.326179500 187994.326256000 1 23101440 custom_kernel_laguna_prefill_sorted_moe_tail_bf16_v1_bfloat16_t_uint32_t_float_bfloat16_t_bfloat16_t_bfloat16_t
GPUPROF 187994.326256750 187994.340245750 30 636347908 rmsbfloat16|steel_gemm_splitk_nt_bfloat16_float32_bm32_bn32_bk16_wm2_wn2_MN_taligned_K_taligned|steel_gemm_splitk_accum_bfloat16_float32|steel_gemm_splitk_nt_bfloat16_float32_bm32_bn32_bk16_wm2_wn2_MN_taligned_K_taligned|steel_gemm_splitk_accum_bfloat16_float32|steel_gemm_fused_nt_bfloat16_bfloat16_bm64_bn64_bk16_wm2_wn2_has_batch_n_use_out_source_n_do_axpby_n_align_M_t_align_N_t_align_K_t|steel_gemm_splitk_nt_bfloat16_float32_bm32_bn32_bk16_wm2_wn2_MN_taligned_K_taligned|steel_gemm_splitk_accum_bfloat16_float32|custom_kernel_laguna_prefill_sliding_qk_norm_rope_bf16_128_h1_v2_bfloat16_t_bfloat16_t_bfloat16_t_bfloat16_t_float_int32_tc_bfloat16_t_bfloat16_t|steel_attention_bfloat16_bq32_bk16_bd128_wm4_wn1_maskbfloat16_align_Q_t_align_K_t_has_mask_n_do_causal_t_has_sinks_n|Cf4IAsTypeADf4IBroadcastCBEf4IBroadcastBCFf4ILogAddExpDEGV2OAsTypeF_VC_V2_10408321403207385874_contiguous|g2_Multiplybfloat16|steel_gemm_fused_nt_bfloat16_bfloat16_bm64_bn64_bk16_wm2_wn2_has_batch_n_use_out_source_n_do_axpby_n_align_M_t_align_N_t_align_K_t|custom_kernel_laguna_residual_rms_bf16_2048_v1_bfloat16_t_bfloat16_t_bfloat16_t_bfloat16_t_bfloat16_t|steel_gemm_splitk_nt_bfloat16_float32_bm32_bn32_bk16_wm2_wn2_MN_taligned_K_taligned|steel_gemm_splitk_accum_bfloat16_float32|custom_kernel_laguna_prefill_router_tournament_ordinal_norm_v1_bfloat16_t_float_uint32_t_float|custom_kernel_mlx_lm_route_csort_scatter_fused_m8_u32_v4_uint32_t_uint32_t_uint32_t_uint32_t|gather_frontbfloat16_uint32_int_2|arangeuint32|nvfp4_gather_qmm_rhs_nt_bfloat16_t_gs_16_b_4_bm_16_bn_32_bk_32_wm_1_wn_2_align_M_t_align_N_t_align_K_t|nvfp4_qmm_t_splitk_fused_bfloat16_t_gs_16_b_4_alN_true|nvfp4_qmm_t_splitk_fused_bfloat16_t_gs_16_b_4_alN_true|g2_copybfloat16bfloat16|g2_copybfloat16bfloat16|CV2ISigmoidADV2IBroadcastACEV2IBroadcastCAFV2IMultiplyDEGV2IBroadcastFBHV2IBroadcastBFIV2OMultiplyGH_VV_V2V2_11160318154034397263_contiguous|arangeuint32|CV2ISigmoidADV2IBroadcastACEV2IBroadcastCAFV2IMultiplyDEGV2IBroadcastFBHV2IBroadcastBFIV2OMultiplyGH_VV_V2V2_11160318154034397263_contiguous|nvfp4_qmm_t_bfloat16_t_gs_16_b_4_alN_true_batch_0|nvfp4_gather_qmm_rhs_nt_bfloat16_t_gs_16_b_4_bm_16_bn_32_bk_32_wm_1_wn_2_align_M_t_align_N_t_align_K_t
GPUPROF 187994.340246500 187994.340322500 1 23101440 custom_kernel_laguna_prefill_sorted_moe_tail_bf16_v1_bfloat16_t_uint32_t_float_bfloat16_t_bfloat16_t_bfloat16_t
GPUPROF 187994.340323375 187994.354364292 30 636347908 rmsbfloat16|steel_gemm_splitk_nt_bfloat16_float32_bm32_bn32_bk16_wm2_wn2_MN_taligned_K_taligned|steel_gemm_splitk_accum_bfloat16_float32|steel_gemm_splitk_nt_bfloat16_float32_bm32_bn32_bk16_wm2_wn2_MN_taligned_K_taligned|steel_gemm_splitk_accum_bfloat16_float32|steel_gemm_fused_nt_bfloat16_bfloat16_bm64_bn64_bk16_wm2_wn2_has_batch_n_use_out_source_n_do_axpby_n_align_M_t_align_N_t_align_K_t|steel_gemm_splitk_nt_bfloat16_float32_bm32_bn32_bk16_wm2_wn2_MN_taligned_K_taligned|steel_gemm_splitk_accum_bfloat16_float32|custom_kernel_laguna_prefill_sliding_qk_norm_rope_bf16_128_h1_v2_bfloat16_t_bfloat16_t_bfloat16_t_bfloat16_t_float_int32_tc_bfloat16_t_bfloat16_t|steel_attention_bfloat16_bq32_bk16_bd128_wm4_wn1_maskbfloat16_align_Q_t_align_K_t_has_mask_n_do_causal_t_has_sinks_n|Cf4IAsTypeADf4IBroadcastCBEf4IBroadcastBCFf4ILogAddExpDEGV2OAsTypeF_VC_V2_10408321403207385874_contiguous|g2_Multiplybfloat16|steel_gemm_fused_nt_bfloat16_bfloat16_bm64_bn64_bk16_wm2_wn2_has_batch_n_use_out_source_n_do_axpby_n_align_M_t_align_N_t_align_K_t|custom_kernel_laguna_residual_rms_bf16_2048_v1_bfloat16_t_bfloat16_t_bfloat16_t_bfloat16_t_bfloat16_t|steel_gemm_splitk_nt_bfloat16_float32_bm32_bn32_bk16_wm2_wn2_MN_taligned_K_taligned|steel_gemm_splitk_accum_bfloat16_float32|custom_kernel_laguna_prefill_router_tournament_ordinal_norm_v1_bfloat16_t_float_uint32_t_float|custom_kernel_mlx_lm_route_csort_scatter_fused_m8_u32_v4_uint32_t_uint32_t_uint32_t_uint32_t|gather_frontbfloat16_uint32_int_2|arangeuint32|nvfp4_gather_qmm_rhs_nt_bfloat16_t_gs_16_b_4_bm_16_bn_32_bk_32_wm_1_wn_2_align_M_t_align_N_t_align_K_t|nvfp4_qmm_t_splitk_fused_bfloat16_t_gs_16_b_4_alN_true|nvfp4_qmm_t_splitk_fused_bfloat16_t_gs_16_b_4_alN_true|g2_copybfloat16bfloat16|g2_copybfloat16bfloat16|CV2ISigmoidADV2IBroadcastACEV2IBroadcastCAFV2IMultiplyDEGV2IBroadcastFBHV2IBroadcastBFIV2OMultiplyGH_VV_V2V2_11160318154034397263_contiguous|arangeuint32|CV2ISigmoidADV2IBroadcastACEV2IBroadcastCAFV2IMultiplyDEGV2IBroadcastFBHV2IBroadcastBFIV2OMultiplyGH_VV_V2V2_11160318154034397263_contiguous|nvfp4_qmm_t_bfloat16_t_gs_16_b_4_alN_true_batch_0|nvfp4_gather_qmm_rhs_nt_bfloat16_t_gs_16_b_4_bm_16_bn_32_bk_32_wm_1_wn_2_align_M_t_align_N_t_align_K_t
GPUPROF 187994.354365125 187994.354442250 1 23101440 custom_kernel_laguna_prefill_sorted_moe_tail_bf16_v1_bfloat16_t_uint32_t_float_bfloat16_t_bfloat16_t_bfloat16_t
GPUPROF 187994.354443042 187994.367126625 30 612017668 rmsbfloat16|steel_gemm_splitk_nt_bfloat16_float32_bm32_bn32_bk16_wm2_wn2_MN_taligned_K_taligned|steel_gemm_splitk_accum_bfloat16_float32|steel_gemm_splitk_nt_bfloat16_float32_bm32_bn32_bk16_wm2_wn2_MN_taligned_K_taligned|steel_gemm_splitk_accum_bfloat16_float32|steel_gemm_fused_nt_bfloat16_bfloat16_bm64_bn64_bk16_wm2_wn2_has_batch_n_use_out_source_n_do_axpby_n_align_M_t_align_N_t_align_K_t|steel_gemm_splitk_nt_bfloat16_float32_bm32_bn32_bk16_wm2_wn2_MN_naligned_K_taligned|steel_gemm_splitk_accum_bfloat16_float32|custom_kernel_laguna_prefill_full_qk_norm_yarn_bf16_128_h1_v2_bfloat16_t_bfloat16_t_bfloat16_t_bfloat16_t_float_int32_tc_bfloat16_t_bfloat16_t|steel_attention_bfloat16_bq32_bk16_bd128_wm4_wn1_maskbfloat16_align_Q_t_align_K_t_has_mask_n_do_causal_t_has_sinks_n|Cf4IAsTypeADf4IBroadcastCBEf4IBroadcastBCFf4ILogAddExpDEGV2OAsTypeF_VC_V2_10408321403207385874_contiguous|g2_Multiplybfloat16|steel_gemm_fused_nt_bfloat16_bfloat16_bm64_bn64_bk16_wm2_wn2_has_batch_n_use_out_source_n_do_axpby_n_align_M_t_align_N_t_align_K_t|custom_kernel_laguna_residual_rms_bf16_2048_v1_bfloat16_t_bfloat16_t_bfloat16_t_bfloat16_t_bfloat16_t|steel_gemm_splitk_nt_bfloat16_float32_bm32_bn32_bk16_wm2_wn2_MN_taligned_K_taligned|steel_gemm_splitk_accum_bfloat16_float32|custom_kernel_laguna_prefill_router_tournament_ordinal_norm_v1_bfloat16_t_float_uint32_t_float|custom_kernel_mlx_lm_route_csort_scatter_fused_m8_u32_v4_uint32_t_uint32_t_uint32_t_uint32_t|gather_frontbfloat16_uint32_int_2|arangeuint32|nvfp4_gather_qmm_rhs_nt_bfloat16_t_gs_16_b_4_bm_16_bn_32_bk_32_wm_1_wn_2_align_M_t_align_N_t_align_K_t|nvfp4_qmm_t_splitk_fused_bfloat16_t_gs_16_b_4_alN_true|nvfp4_qmm_t_splitk_fused_bfloat16_t_gs_16_b_4_alN_true|g2_copybfloat16bfloat16|g2_copybfloat16bfloat16|CV2ISigmoidADV2IBroadcastACEV2IBroadcastCAFV2IMultiplyDEGV2IBroadcastFBHV2IBroadcastBFIV2OMultiplyGH_VV_V2V2_11160318154034397263_contiguous|arangeuint32|CV2ISigmoidADV2IBroadcastACEV2IBroadcastCAFV2IMultiplyDEGV2IBroadcastFBHV2IBroadcastBFIV2OMultiplyGH_VV_V2V2_11160318154034397263_contiguous|nvfp4_qmm_t_bfloat16_t_gs_16_b_4_alN_true_batch_0|nvfp4_gather_qmm_rhs_nt_bfloat16_t_gs_16_b_4_bm_16_bn_32_bk_32_wm_1_wn_2_align_M_t_align_N_t_align_K_t
GPUPROF 187994.367127375 187994.367203250 1 23101440 custom_kernel_laguna_prefill_sorted_moe_tail_bf16_v1_bfloat16_t_uint32_t_float_bfloat16_t_bfloat16_t_bfloat16_t
GPUPROF 187994.367204000 187994.381168292 30 636347908 rmsbfloat16|steel_gemm_splitk_nt_bfloat16_float32_bm32_bn32_bk16_wm2_wn2_MN_taligned_K_taligned|steel_gemm_splitk_accum_bfloat16_float32|steel_gemm_splitk_nt_bfloat16_float32_bm32_bn32_bk16_wm2_wn2_MN_taligned_K_taligned|steel_gemm_splitk_accum_bfloat16_float32|steel_gemm_fused_nt_bfloat16_bfloat16_bm64_bn64_bk16_wm2_wn2_has_batch_n_use_out_source_n_do_axpby_n_align_M_t_align_N_t_align_K_t|steel_gemm_splitk_nt_bfloat16_float32_bm32_bn32_bk16_wm2_wn2_MN_taligned_K_taligned|steel_gemm_splitk_accum_bfloat16_float32|custom_kernel_laguna_prefill_sliding_qk_norm_rope_bf16_128_h1_v2_bfloat16_t_bfloat16_t_bfloat16_t_bfloat16_t_float_int32_tc_bfloat16_t_bfloat16_t|steel_attention_bfloat16_bq32_bk16_bd128_wm4_wn1_maskbfloat16_align_Q_t_align_K_t_has_mask_n_do_causal_t_has_sinks_n|Cf4IAsTypeADf4IBroadcastCBEf4IBroadcastBCFf4ILogAddExpDEGV2OAsTypeF_VC_V2_10408321403207385874_contiguous|g2_Multiplybfloat16|steel_gemm_fused_nt_bfloat16_bfloat16_bm64_bn64_bk16_wm2_wn2_has_batch_n_use_out_source_n_do_axpby_n_align_M_t_align_N_t_align_K_t|custom_kernel_laguna_residual_rms_bf16_2048_v1_bfloat16_t_bfloat16_t_bfloat16_t_bfloat16_t_bfloat16_t|steel_gemm_splitk_nt_bfloat16_float32_bm32_bn32_bk16_wm2_wn2_MN_taligned_K_taligned|steel_gemm_splitk_accum_bfloat16_float32|custom_kernel_laguna_prefill_router_tournament_ordinal_norm_v1_bfloat16_t_float_uint32_t_float|custom_kernel_mlx_lm_route_csort_scatter_fused_m8_u32_v4_uint32_t_uint32_t_uint32_t_uint32_t|gather_frontbfloat16_uint32_int_2|arangeuint32|nvfp4_gather_qmm_rhs_nt_bfloat16_t_gs_16_b_4_bm_16_bn_32_bk_32_wm_1_wn_2_align_M_t_align_N_t_align_K_t|nvfp4_qmm_t_splitk_fused_bfloat16_t_gs_16_b_4_alN_true|nvfp4_qmm_t_splitk_fused_bfloat16_t_gs_16_b_4_alN_true|g2_copybfloat16bfloat16|g2_copybfloat16bfloat16|CV2ISigmoidADV2IBroadcastACEV2IBroadcastCAFV2IMultiplyDEGV2IBroadcastFBHV2IBroadcastBFIV2OMultiplyGH_VV_V2V2_11160318154034397263_contiguous|arangeuint32|CV2ISigmoidADV2IBroadcastACEV2IBroadcastCAFV2IMultiplyDEGV2IBroadcastFBHV2IBroadcastBFIV2OMultiplyGH_VV_V2V2_11160318154034397263_contiguous|nvfp4_qmm_t_bfloat16_t_gs_16_b_4_alN_true_batch_0|nvfp4_gather_qmm_rhs_nt_bfloat16_t_gs_16_b_4_bm_16_bn_32_bk_32_wm_1_wn_2_align_M_t_align_N_t_align_K_t
GPUPROF 187994.381169042 187994.381246000 1 23101440 custom_kernel_laguna_prefill_sorted_moe_tail_bf16_v1_bfloat16_t_uint32_t_float_bfloat16_t_bfloat16_t_bfloat16_t
GPUPROF 187994.381246750 187994.395386250 30 636347908 rmsbfloat16|steel_gemm_splitk_nt_bfloat16_float32_bm32_bn32_bk16_wm2_wn2_MN_taligned_K_taligned|steel_gemm_splitk_accum_bfloat16_float32|steel_gemm_splitk_nt_bfloat16_float32_bm32_bn32_bk16_wm2_wn2_MN_taligned_K_taligned|steel_gemm_splitk_accum_bfloat16_float32|steel_gemm_fused_nt_bfloat16_bfloat16_bm64_bn64_bk16_wm2_wn2_has_batch_n_use_out_source_n_do_axpby_n_align_M_t_align_N_t_align_K_t|steel_gemm_splitk_nt_bfloat16_float32_bm32_bn32_bk16_wm2_wn2_MN_taligned_K_taligned|steel_gemm_splitk_accum_bfloat16_float32|custom_kernel_laguna_prefill_sliding_qk_norm_rope_bf16_128_h1_v2_bfloat16_t_bfloat16_t_bfloat16_t_bfloat16_t_float_int32_tc_bfloat16_t_bfloat16_t|steel_attention_bfloat16_bq32_bk16_bd128_wm4_wn1_maskbfloat16_align_Q_t_align_K_t_has_mask_n_do_causal_t_has_sinks_n|Cf4IAsTypeADf4IBroadcastCBEf4IBroadcastBCFf4ILogAddExpDEGV2OAsTypeF_VC_V2_10408321403207385874_contiguous|g2_Multiplybfloat16|steel_gemm_fused_nt_bfloat16_bfloat16_bm64_bn64_bk16_wm2_wn2_has_batch_n_use_out_source_n_do_axpby_n_align_M_t_align_N_t_align_K_t|custom_kernel_laguna_residual_rms_bf16_2048_v1_bfloat16_t_bfloat16_t_bfloat16_t_bfloat16_t_bfloat16_t|steel_gemm_splitk_nt_bfloat16_float32_bm32_bn32_bk16_wm2_wn2_MN_taligned_K_taligned|steel_gemm_splitk_accum_bfloat16_float32|custom_kernel_laguna_prefill_router_tournament_ordinal_norm_v1_bfloat16_t_float_uint32_t_float|custom_kernel_mlx_lm_route_csort_scatter_fused_m8_u32_v4_uint32_t_uint32_t_uint32_t_uint32_t|gather_frontbfloat16_uint32_int_2|arangeuint32|nvfp4_gather_qmm_rhs_nt_bfloat16_t_gs_16_b_4_bm_16_bn_32_bk_32_wm_1_wn_2_align_M_t_align_N_t_align_K_t|nvfp4_qmm_t_splitk_fused_bfloat16_t_gs_16_b_4_alN_true|nvfp4_qmm_t_splitk_fused_bfloat16_t_gs_16_b_4_alN_true|g2_copybfloat16bfloat16|g2_copybfloat16bfloat16|CV2ISigmoidADV2IBroadcastACEV2IBroadcastCAFV2IMultiplyDEGV2IBroadcastFBHV2IBroadcastBFIV2OMultiplyGH_VV_V2V2_11160318154034397263_contiguous|arangeuint32|CV2ISigmoidADV2IBroadcastACEV2IBroadcastCAFV2IMultiplyDEGV2IBroadcastFBHV2IBroadcastBFIV2OMultiplyGH_VV_V2V2_11160318154034397263_contiguous|nvfp4_qmm_t_bfloat16_t_gs_16_b_4_alN_true_batch_0|nvfp4_gather_qmm_rhs_nt_bfloat16_t_gs_16_b_4_bm_16_bn_32_bk_32_wm_1_wn_2_align_M_t_align_N_t_align_K_t
GPUPROF 187994.395402000 187994.395478792 1 23101440 custom_kernel_laguna_prefill_sorted_moe_tail_bf16_v1_bfloat16_t_uint32_t_float_bfloat16_t_bfloat16_t_bfloat16_t
GPUPROF 187994.395479625 187994.409667375 30 636347908 rmsbfloat16|steel_gemm_splitk_nt_bfloat16_float32_bm32_bn32_bk16_wm2_wn2_MN_taligned_K_taligned|steel_gemm_splitk_accum_bfloat16_float32|steel_gemm_splitk_nt_bfloat16_float32_bm32_bn32_bk16_wm2_wn2_MN_taligned_K_taligned|steel_gemm_splitk_accum_bfloat16_float32|steel_gemm_fused_nt_bfloat16_bfloat16_bm64_bn64_bk16_wm2_wn2_has_batch_n_use_out_source_n_do_axpby_n_align_M_t_align_N_t_align_K_t|steel_gemm_splitk_nt_bfloat16_float32_bm32_bn32_bk16_wm2_wn2_MN_taligned_K_taligned|steel_gemm_splitk_accum_bfloat16_float32|custom_kernel_laguna_prefill_sliding_qk_norm_rope_bf16_128_h1_v2_bfloat16_t_bfloat16_t_bfloat16_t_bfloat16_t_float_int32_tc_bfloat16_t_bfloat16_t|steel_attention_bfloat16_bq32_bk16_bd128_wm4_wn1_maskbfloat16_align_Q_t_align_K_t_has_mask_n_do_causal_t_has_sinks_n|Cf4IAsTypeADf4IBroadcastCBEf4IBroadcastBCFf4ILogAddExpDEGV2OAsTypeF_VC_V2_10408321403207385874_contiguous|g2_Multiplybfloat16|steel_gemm_fused_nt_bfloat16_bfloat16_bm64_bn64_bk16_wm2_wn2_has_batch_n_use_out_source_n_do_axpby_n_align_M_t_align_N_t_align_K_t|custom_kernel_laguna_residual_rms_bf16_2048_v1_bfloat16_t_bfloat16_t_bfloat16_t_bfloat16_t_bfloat16_t|steel_gemm_splitk_nt_bfloat16_float32_bm32_bn32_bk16_wm2_wn2_MN_taligned_K_taligned|steel_gemm_splitk_accum_bfloat16_float32|custom_kernel_laguna_prefill_router_tournament_ordinal_norm_v1_bfloat16_t_float_uint32_t_float|custom_kernel_mlx_lm_route_csort_scatter_fused_m8_u32_v4_uint32_t_uint32_t_uint32_t_uint32_t|gather_frontbfloat16_uint32_int_2|arangeuint32|nvfp4_gather_qmm_rhs_nt_bfloat16_t_gs_16_b_4_bm_16_bn_32_bk_32_wm_1_wn_2_align_M_t_align_N_t_align_K_t|nvfp4_qmm_t_splitk_fused_bfloat16_t_gs_16_b_4_alN_true|nvfp4_qmm_t_splitk_fused_bfloat16_t_gs_16_b_4_alN_true|g2_copybfloat16bfloat16|g2_copybfloat16bfloat16|CV2ISigmoidADV2IBroadcastACEV2IBroadcastCAFV2IMultiplyDEGV2IBroadcastFBHV2IBroadcastBFIV2OMultiplyGH_VV_V2V2_11160318154034397263_contiguous|arangeuint32|CV2ISigmoidADV2IBroadcastACEV2IBroadcastCAFV2IMultiplyDEGV2IBroadcastFBHV2IBroadcastBFIV2OMultiplyGH_VV_V2V2_11160318154034397263_contiguous|nvfp4_qmm_t_bfloat16_t_gs_16_b_4_alN_true_batch_0|nvfp4_gather_qmm_rhs_nt_bfloat16_t_gs_16_b_4_bm_16_bn_32_bk_32_wm_1_wn_2_align_M_t_align_N_t_align_K_t
GPUPROF 187994.409668167 187994.409744000 1 23101440 custom_kernel_laguna_prefill_sorted_moe_tail_bf16_v1_bfloat16_t_uint32_t_float_bfloat16_t_bfloat16_t_bfloat16_t
GPUPROF 187994.409744750 187994.422385250 30 612017668 rmsbfloat16|steel_gemm_splitk_nt_bfloat16_float32_bm32_bn32_bk16_wm2_wn2_MN_taligned_K_taligned|steel_gemm_splitk_accum_bfloat16_float32|steel_gemm_splitk_nt_bfloat16_float32_bm32_bn32_bk16_wm2_wn2_MN_taligned_K_taligned|steel_gemm_splitk_accum_bfloat16_float32|steel_gemm_fused_nt_bfloat16_bfloat16_bm64_bn64_bk16_wm2_wn2_has_batch_n_use_out_source_n_do_axpby_n_align_M_t_align_N_t_align_K_t|steel_gemm_splitk_nt_bfloat16_float32_bm32_bn32_bk16_wm2_wn2_MN_naligned_K_taligned|steel_gemm_splitk_accum_bfloat16_float32|custom_kernel_laguna_prefill_full_qk_norm_yarn_bf16_128_h1_v2_bfloat16_t_bfloat16_t_bfloat16_t_bfloat16_t_float_int32_tc_bfloat16_t_bfloat16_t|steel_attention_bfloat16_bq32_bk16_bd128_wm4_wn1_maskbfloat16_align_Q_t_align_K_t_has_mask_n_do_causal_t_has_sinks_n|Cf4IAsTypeADf4IBroadcastCBEf4IBroadcastBCFf4ILogAddExpDEGV2OAsTypeF_VC_V2_10408321403207385874_contiguous|g2_Multiplybfloat16|steel_gemm_fused_nt_bfloat16_bfloat16_bm64_bn64_bk16_wm2_wn2_has_batch_n_use_out_source_n_do_axpby_n_align_M_t_align_N_t_align_K_t|custom_kernel_laguna_residual_rms_bf16_2048_v1_bfloat16_t_bfloat16_t_bfloat16_t_bfloat16_t_bfloat16_t|steel_gemm_splitk_nt_bfloat16_float32_bm32_bn32_bk16_wm2_wn2_MN_taligned_K_taligned|steel_gemm_splitk_accum_bfloat16_float32|custom_kernel_laguna_prefill_router_tournament_ordinal_norm_v1_bfloat16_t_float_uint32_t_float|custom_kernel_mlx_lm_route_csort_scatter_fused_m8_u32_v4_uint32_t_uint32_t_uint32_t_uint32_t|gather_frontbfloat16_uint32_int_2|arangeuint32|nvfp4_gather_qmm_rhs_nt_bfloat16_t_gs_16_b_4_bm_16_bn_32_bk_32_wm_1_wn_2_align_M_t_align_N_t_align_K_t|nvfp4_qmm_t_splitk_fused_bfloat16_t_gs_16_b_4_alN_true|nvfp4_qmm_t_splitk_fused_bfloat16_t_gs_16_b_4_alN_true|g2_copybfloat16bfloat16|g2_copybfloat16bfloat16|CV2ISigmoidADV2IBroadcastACEV2IBroadcastCAFV2IMultiplyDEGV2IBroadcastFBHV2IBroadcastBFIV2OMultiplyGH_VV_V2V2_11160318154034397263_contiguous|arangeuint32|CV2ISigmoidADV2IBroadcastACEV2IBroadcastCAFV2IMultiplyDEGV2IBroadcastFBHV2IBroadcastBFIV2OMultiplyGH_VV_V2V2_11160318154034397263_contiguous|nvfp4_qmm_t_bfloat16_t_gs_16_b_4_alN_true_batch_0|nvfp4_gather_qmm_rhs_nt_bfloat16_t_gs_16_b_4_bm_16_bn_32_bk_32_wm_1_wn_2_align_M_t_align_N_t_align_K_t
GPUPROF 187994.422401042 187994.422477375 1 23101440 custom_kernel_laguna_prefill_sorted_moe_tail_bf16_v1_bfloat16_t_uint32_t_float_bfloat16_t_bfloat16_t_bfloat16_t
GPUPROF 187994.422478125 187994.436533167 30 636347908 rmsbfloat16|steel_gemm_splitk_nt_bfloat16_float32_bm32_bn32_bk16_wm2_wn2_MN_taligned_K_taligned|steel_gemm_splitk_accum_bfloat16_float32|steel_gemm_splitk_nt_bfloat16_float32_bm32_bn32_bk16_wm2_wn2_MN_taligned_K_taligned|steel_gemm_splitk_accum_bfloat16_float32|steel_gemm_fused_nt_bfloat16_bfloat16_bm64_bn64_bk16_wm2_wn2_has_batch_n_use_out_source_n_do_axpby_n_align_M_t_align_N_t_align_K_t|steel_gemm_splitk_nt_bfloat16_float32_bm32_bn32_bk16_wm2_wn2_MN_taligned_K_taligned|steel_gemm_splitk_accum_bfloat16_float32|custom_kernel_laguna_prefill_sliding_qk_norm_rope_bf16_128_h1_v2_bfloat16_t_bfloat16_t_bfloat16_t_bfloat16_t_float_int32_tc_bfloat16_t_bfloat16_t|steel_attention_bfloat16_bq32_bk16_bd128_wm4_wn1_maskbfloat16_align_Q_t_align_K_t_has_mask_n_do_causal_t_has_sinks_n|Cf4IAsTypeADf4IBroadcastCBEf4IBroadcastBCFf4ILogAddExpDEGV2OAsTypeF_VC_V2_10408321403207385874_contiguous|g2_Multiplybfloat16|steel_gemm_fused_nt_bfloat16_bfloat16_bm64_bn64_bk16_wm2_wn2_has_batch_n_use_out_source_n_do_axpby_n_align_M_t_align_N_t_align_K_t|custom_kernel_laguna_residual_rms_bf16_2048_v1_bfloat16_t_bfloat16_t_bfloat16_t_bfloat16_t_bfloat16_t|steel_gemm_splitk_nt_bfloat16_float32_bm32_bn32_bk16_wm2_wn2_MN_taligned_K_taligned|steel_gemm_splitk_accum_bfloat16_float32|custom_kernel_laguna_prefill_router_tournament_ordinal_norm_v1_bfloat16_t_float_uint32_t_float|custom_kernel_mlx_lm_route_csort_scatter_fused_m8_u32_v4_uint32_t_uint32_t_uint32_t_uint32_t|gather_frontbfloat16_uint32_int_2|arangeuint32|nvfp4_gather_qmm_rhs_nt_bfloat16_t_gs_16_b_4_bm_16_bn_32_bk_32_wm_1_wn_2_align_M_t_align_N_t_align_K_t|nvfp4_qmm_t_splitk_fused_bfloat16_t_gs_16_b_4_alN_true|nvfp4_qmm_t_splitk_fused_bfloat16_t_gs_16_b_4_alN_true|g2_copybfloat16bfloat16|g2_copybfloat16bfloat16|CV2ISigmoidADV2IBroadcastACEV2IBroadcastCAFV2IMultiplyDEGV2IBroadcastFBHV2IBroadcastBFIV2OMultiplyGH_VV_V2V2_11160318154034397263_contiguous|arangeuint32|CV2ISigmoidADV2IBroadcastACEV2IBroadcastCAFV2IMultiplyDEGV2IBroadcastFBHV2IBroadcastBFIV2OMultiplyGH_VV_V2V2_11160318154034397263_contiguous|nvfp4_qmm_t_bfloat16_t_gs_16_b_4_alN_true_batch_0|nvfp4_gather_qmm_rhs_nt_bfloat16_t_gs_16_b_4_bm_16_bn_32_bk_32_wm_1_wn_2_align_M_t_align_N_t_align_K_t
GPUPROF 187994.436534000 187994.436610667 1 23101440 custom_kernel_laguna_prefill_sorted_moe_tail_bf16_v1_bfloat16_t_uint32_t_float_bfloat16_t_bfloat16_t_bfloat16_t
GPUPROF 187994.436611625 187994.450402167 30 636347908 rmsbfloat16|steel_gemm_splitk_nt_bfloat16_float32_bm32_bn32_bk16_wm2_wn2_MN_taligned_K_taligned|steel_gemm_splitk_accum_bfloat16_float32|steel_gemm_splitk_nt_bfloat16_float32_bm32_bn32_bk16_wm2_wn2_MN_taligned_K_taligned|steel_gemm_splitk_accum_bfloat16_float32|steel_gemm_fused_nt_bfloat16_bfloat16_bm64_bn64_bk16_wm2_wn2_has_batch_n_use_out_source_n_do_axpby_n_align_M_t_align_N_t_align_K_t|steel_gemm_splitk_nt_bfloat16_float32_bm32_bn32_bk16_wm2_wn2_MN_taligned_K_taligned|steel_gemm_splitk_accum_bfloat16_float32|custom_kernel_laguna_prefill_sliding_qk_norm_rope_bf16_128_h1_v2_bfloat16_t_bfloat16_t_bfloat16_t_bfloat16_t_float_int32_tc_bfloat16_t_bfloat16_t|steel_attention_bfloat16_bq32_bk16_bd128_wm4_wn1_maskbfloat16_align_Q_t_align_K_t_has_mask_n_do_causal_t_has_sinks_n|Cf4IAsTypeADf4IBroadcastCBEf4IBroadcastBCFf4ILogAddExpDEGV2OAsTypeF_VC_V2_10408321403207385874_contiguous|g2_Multiplybfloat16|steel_gemm_fused_nt_bfloat16_bfloat16_bm64_bn64_bk16_wm2_wn2_has_batch_n_use_out_source_n_do_axpby_n_align_M_t_align_N_t_align_K_t|custom_kernel_laguna_residual_rms_bf16_2048_v1_bfloat16_t_bfloat16_t_bfloat16_t_bfloat16_t_bfloat16_t|steel_gemm_splitk_nt_bfloat16_float32_bm32_bn32_bk16_wm2_wn2_MN_taligned_K_taligned|steel_gemm_splitk_accum_bfloat16_float32|custom_kernel_laguna_prefill_router_tournament_ordinal_norm_v1_bfloat16_t_float_uint32_t_float|custom_kernel_mlx_lm_route_csort_scatter_fused_m8_u32_v4_uint32_t_uint32_t_uint32_t_uint32_t|gather_frontbfloat16_uint32_int_2|arangeuint32|nvfp4_gather_qmm_rhs_nt_bfloat16_t_gs_16_b_4_bm_16_bn_32_bk_32_wm_1_wn_2_align_M_t_align_N_t_align_K_t|nvfp4_qmm_t_splitk_fused_bfloat16_t_gs_16_b_4_alN_true|nvfp4_qmm_t_splitk_fused_bfloat16_t_gs_16_b_4_alN_true|g2_copybfloat16bfloat16|g2_copybfloat16bfloat16|CV2ISigmoidADV2IBroadcastACEV2IBroadcastCAFV2IMultiplyDEGV2IBroadcastFBHV2IBroadcastBFIV2OMultiplyGH_VV_V2V2_11160318154034397263_contiguous|arangeuint32|CV2ISigmoidADV2IBroadcastACEV2IBroadcastCAFV2IMultiplyDEGV2IBroadcastFBHV2IBroadcastBFIV2OMultiplyGH_VV_V2V2_11160318154034397263_contiguous|nvfp4_qmm_t_bfloat16_t_gs_16_b_4_alN_true_batch_0|nvfp4_gather_qmm_rhs_nt_bfloat16_t_gs_16_b_4_bm_16_bn_32_bk_32_wm_1_wn_2_align_M_t_align_N_t_align_K_t
GPUPROF 187994.450416667 187994.450493042 1 23101440 custom_kernel_laguna_prefill_sorted_moe_tail_bf16_v1_bfloat16_t_uint32_t_float_bfloat16_t_bfloat16_t_bfloat16_t
GPUPROF 187994.450494125 187994.451998500 19 650351176 rmsbfloat16|steel_gemm_fused_nt_bfloat16_bfloat16_bm64_bn64_bk16_wm2_wn2_has_batch_n_use_out_source_n_do_axpby_n_align_M_t_align_N_t_align_K_t|gemv_al_bfloat16_bm8_bn1_sm1_sn32_tm4_tn4_nc0_axpby0|g2_copybfloat16bfloat16|rmsbfloat16|rmsbfloat16|rope_bfloat16_|rope_single_bfloat16_|Cf4IAsTypeADf4IBroadcastCBEf4IBroadcastBCFf4ILogAddExpDEGV2OAsTypeF_VC_V2_10408321403207385874_contiguous|sdpa_vector_bfloat16_t_128_128_nomask_qnt_nc_nosinks|g2_Multiplybfloat16|gemv_al_bfloat16_bm4_bn1_sm1_sn32_tm4_tn4_nc0_axpby0|custom_kernel_laguna_residual_rms_router_bf16_2048_rpg8_keys_v1_bfloat16_t_bfloat16_t_bfloat16_t_bfloat16_t_float_bfloat16_t_bfloat16_t_bfloat16_t_uint32_t|custom_kernel_laguna_shared_nvfp4_swiglu_qmv_rows1_bf16_v1_bfloat16_t_uint32_t_uint8_t_bfloat16_t|custom_kernel_laguna_decode_router_top8_ordinal_table_norm_v1_bfloat16_t_float_uint32_t_float|custom_kernel_laguna_routed_nvfp4_swiglu_qmv_packed_top8keys_r1_bf16_v2_bfloat16_t_uint32_t_uint8_t_uint32_t_bfloat16_t|custom_kernel_laguna_routed_shared_nvfp4_down_residual_bf16_r1_v5_bfloat16_t_uint32_t_uint8_t_uint32_t_float_bfloat16_t_uint32_t_uint8_t_bfloat16_t_bfloat16_t|rmsbfloat16|custom_kernel_laguna_lmhead_int5_inline_coarse_ratio_bound_delta_bf16_v6_bfloat16_t_uint8_t_uint8_t_uint8_t_float_bfloat16_t
GPUPROF 187994.451999292 187994.452082875 3 411849732 custom_kernel_laguna_lmhead_coarse_argmax_stage1_v5_float_float_uint32_t|custom_kernel_laguna_lmhead_exact_winner_bf16_midpoint_threshold_v1_float_uint32_t_bfloat16_t_bfloat16_t_float|custom_kernel_laguna_lmhead_exact_inline_mask_block_delta_bf16_lane0_mask_v1_float_bfloat16_t_floatc_bfloat16_t_bfloat16_t_bfloat16_t
GPUPROF 187994.452284542 187994.452296125 2 401416 gather_frontbfloat16_int32_int_2|argmax_bfloat16
GPUPROF 187994.457088667 187994.457457750 4 424679424 gather_frontbfloat16_int32_int_2|rmsbfloat16|steel_gemm_splitk_nt_bfloat16_float32_bm32_bn32_bk16_wm2_wn2_MN_taligned_K_taligned|steel_gemm_splitk_accum_bfloat16_float32
GPUPROF 187994.457842542 187994.469788375 16 212455940 steel_gemm_splitk_nt_bfloat16_float32_bm32_bn32_bk16_wm2_wn2_MN_taligned_K_taligned|steel_gemm_splitk_accum_bfloat16_float32|steel_gemm_fused_nt_bfloat16_bfloat16_bm64_bn64_bk16_wm2_wn2_has_batch_n_use_out_source_n_do_axpby_n_align_M_t_align_N_t_align_K_t|steel_gemm_splitk_nt_bfloat16_float32_bm32_bn32_bk16_wm2_wn2_MN_naligned_K_taligned|steel_gemm_splitk_accum_bfloat16_float32|custom_kernel_laguna_prefill_full_qk_norm_yarn_bf16_128_h1_v2_bfloat16_t_bfloat16_t_bfloat16_t_bfloat16_t_float_int32_tc_bfloat16_t_bfloat16_t|steel_attention_bfloat16_bq32_bk16_bd128_wm4_wn1_maskbfloat16_align_Q_t_align_K_t_has_mask_n_do_causal_t_has_sinks_n|Cf4IAsTypeADf4IBroadcastCBEf4IBroadcastBCFf4ILogAddExpDEGV2OAsTypeF_VC_V2_10408321403207385874_contiguous|g2_Multiplybfloat16|steel_gemm_fused_nt_bfloat16_bfloat16_bm64_bn64_bk16_wm2_wn2_has_batch_n_use_out_source_n_do_axpby_n_align_M_t_align_N_t_align_K_t|custom_kernel_laguna_residual_rms_bf16_2048_v1_bfloat16_t_bfloat16_t_bfloat16_t_bfloat16_t_bfloat16_t|steel_gemm_fused_nt_bfloat16_bfloat16_bm64_bn64_bk16_wm2_wn2_has_batch_n_use_out_source_n_do_axpby_n_align_M_t_align_N_t_align_K_t|steel_gemm_fused_nt_bfloat16_bfloat16_bm64_bn64_bk16_wm2_wn2_has_batch_n_use_out_source_n_do_axpby_n_align_M_t_align_N_t_align_K_t|CV2ISigmoidADV2IBroadcastACEV2IBroadcastCAFV2IMultiplyDEGV2IBroadcastFBHV2IBroadcastBFIV2OMultiplyGH_VV_V2V2_11160318154034397263_contiguous|steel_gemm_fused_nt_bfloat16_bfloat16_bm64_bn64_bk16_wm2_wn2_has_batch_n_use_out_source_n_do_axpby_n_align_M_t_align_N_t_align_K_t|vvn_Addbfloat16
GPUPROF 187994.469789417 187994.484516500 30 636347908 rmsbfloat16|steel_gemm_splitk_nt_bfloat16_float32_bm32_bn32_bk16_wm2_wn2_MN_taligned_K_taligned|steel_gemm_splitk_accum_bfloat16_float32|steel_gemm_splitk_nt_bfloat16_float32_bm32_bn32_bk16_wm2_wn2_MN_taligned_K_taligned|steel_gemm_splitk_accum_bfloat16_float32|steel_gemm_fused_nt_bfloat16_bfloat16_bm64_bn64_bk16_wm2_wn2_has_batch_n_use_out_source_n_do_axpby_n_align_M_t_align_N_t_align_K_t|steel_gemm_splitk_nt_bfloat16_float32_bm32_bn32_bk16_wm2_wn2_MN_taligned_K_taligned|steel_gemm_splitk_accum_bfloat16_float32|custom_kernel_laguna_prefill_sliding_qk_norm_rope_bf16_128_h1_v2_bfloat16_t_bfloat16_t_bfloat16_t_bfloat16_t_float_int32_tc_bfloat16_t_bfloat16_t|steel_attention_bfloat16_bq32_bk16_bd128_wm4_wn1_maskbfloat16_align_Q_t_align_K_t_has_mask_n_do_causal_t_has_sinks_n|Cf4IAsTypeADf4IBroadcastCBEf4IBroadcastBCFf4ILogAddExpDEGV2OAsTypeF_VC_V2_10408321403207385874_contiguous|g2_Multiplybfloat16|steel_gemm_fused_nt_bfloat16_bfloat16_bm64_bn64_bk16_wm2_wn2_has_batch_n_use_out_source_n_do_axpby_n_align_M_t_align_N_t_align_K_t|custom_kernel_laguna_residual_rms_bf16_2048_v1_bfloat16_t_bfloat16_t_bfloat16_t_bfloat16_t_bfloat16_t|steel_gemm_splitk_nt_bfloat16_float32_bm32_bn32_bk16_wm2_wn2_MN_taligned_K_taligned|steel_gemm_splitk_accum_bfloat16_float32|custom_kernel_laguna_prefill_router_tournament_ordinal_norm_v1_bfloat16_t_float_uint32_t_float|custom_kernel_mlx_lm_route_csort_scatter_fused_m8_u32_v4_uint32_t_uint32_t_uint32_t_uint32_t|gather_frontbfloat16_uint32_int_2|arangeuint32|nvfp4_gather_qmm_rhs_nt_bfloat16_t_gs_16_b_4_bm_16_bn_32_bk_32_wm_1_wn_2_align_M_t_align_N_t_align_K_t|nvfp4_qmm_t_splitk_fused_bfloat16_t_gs_16_b_4_alN_true|nvfp4_qmm_t_splitk_fused_bfloat16_t_gs_16_b_4_alN_true|g2_copybfloat16bfloat16|g2_copybfloat16bfloat16|CV2ISigmoidADV2IBroadcastACEV2IBroadcastCAFV2IMultiplyDEGV2IBroadcastFBHV2IBroadcastBFIV2OMultiplyGH_VV_V2V2_11160318154034397263_contiguous|arangeuint32|CV2ISigmoidADV2IBroadcastACEV2IBroadcastCAFV2IMultiplyDEGV2IBroadcastFBHV2IBroadcastBFIV2OMultiplyGH_VV_V2V2_11160318154034397263_contiguous|nvfp4_qmm_t_bfloat16_t_gs_16_b_4_alN_true_batch_0|nvfp4_gather_qmm_rhs_nt_bfloat16_t_gs_16_b_4_bm_16_bn_32_bk_32_wm_1_wn_2_align_M_t_align_N_t_align_K_t
GPUPROF 187994.484517250 187994.484592750 1 23101440 custom_kernel_laguna_prefill_sorted_moe_tail_bf16_v1_bfloat16_t_uint32_t_float_bfloat16_t_bfloat16_t_bfloat16_t
GPUPROF 187994.484593667 187994.499356375 30 636347908 rmsbfloat16|steel_gemm_splitk_nt_bfloat16_float32_bm32_bn32_bk16_wm2_wn2_MN_taligned_K_taligned|steel_gemm_splitk_accum_bfloat16_float32|steel_gemm_splitk_nt_bfloat16_float32_bm32_bn32_bk16_wm2_wn2_MN_taligned_K_taligned|steel_gemm_splitk_accum_bfloat16_float32|steel_gemm_fused_nt_bfloat16_bfloat16_bm64_bn64_bk16_wm2_wn2_has_batch_n_use_out_source_n_do_axpby_n_align_M_t_align_N_t_align_K_t|steel_gemm_splitk_nt_bfloat16_float32_bm32_bn32_bk16_wm2_wn2_MN_taligned_K_taligned|steel_gemm_splitk_accum_bfloat16_float32|custom_kernel_laguna_prefill_sliding_qk_norm_rope_bf16_128_h1_v2_bfloat16_t_bfloat16_t_bfloat16_t_bfloat16_t_float_int32_tc_bfloat16_t_bfloat16_t|steel_attention_bfloat16_bq32_bk16_bd128_wm4_wn1_maskbfloat16_align_Q_t_align_K_t_has_mask_n_do_causal_t_has_sinks_n|Cf4IAsTypeADf4IBroadcastCBEf4IBroadcastBCFf4ILogAddExpDEGV2OAsTypeF_VC_V2_10408321403207385874_contiguous|g2_Multiplybfloat16|steel_gemm_fused_nt_bfloat16_bfloat16_bm64_bn64_bk16_wm2_wn2_has_batch_n_use_out_source_n_do_axpby_n_align_M_t_align_N_t_align_K_t|custom_kernel_laguna_residual_rms_bf16_2048_v1_bfloat16_t_bfloat16_t_bfloat16_t_bfloat16_t_bfloat16_t|steel_gemm_splitk_nt_bfloat16_float32_bm32_bn32_bk16_wm2_wn2_MN_taligned_K_taligned|steel_gemm_splitk_accum_bfloat16_float32|custom_kernel_laguna_prefill_router_tournament_ordinal_norm_v1_bfloat16_t_float_uint32_t_float|custom_kernel_mlx_lm_route_csort_scatter_fused_m8_u32_v4_uint32_t_uint32_t_uint32_t_uint32_t|gather_frontbfloat16_uint32_int_2|arangeuint32|nvfp4_gather_qmm_rhs_nt_bfloat16_t_gs_16_b_4_bm_16_bn_32_bk_32_wm_1_wn_2_align_M_t_align_N_t_align_K_t|nvfp4_qmm_t_splitk_fused_bfloat16_t_gs_16_b_4_alN_true|nvfp4_qmm_t_splitk_fused_bfloat16_t_gs_16_b_4_alN_true|g2_copybfloat16bfloat16|g2_copybfloat16bfloat16|CV2ISigmoidADV2IBroadcastACEV2IBroadcastCAFV2IMultiplyDEGV2IBroadcastFBHV2IBroadcastBFIV2OMultiplyGH_VV_V2V2_11160318154034397263_contiguous|arangeuint32|CV2ISigmoidADV2IBroadcastACEV2IBroadcastCAFV2IMultiplyDEGV2IBroadcastFBHV2IBroadcastBFIV2OMultiplyGH_VV_V2V2_11160318154034397263_contiguous|nvfp4_qmm_t_bfloat16_t_gs_16_b_4_alN_true_batch_0|nvfp4_gather_qmm_rhs_nt_bfloat16_t_gs_16_b_4_bm_16_bn_32_bk_32_wm_1_wn_2_align_M_t_align_N_t_align_K_t
GPUPROF 187994.499357125 187994.499432500 1 23101440 custom_kernel_laguna_prefill_sorted_moe_tail_bf16_v1_bfloat16_t_uint32_t_float_bfloat16_t_bfloat16_t_bfloat16_t
GPUPROF 187994.499433250 187994.514030167 30 636347908 rmsbfloat16|steel_gemm_splitk_nt_bfloat16_float32_bm32_bn32_bk16_wm2_wn2_MN_taligned_K_taligned|steel_gemm_splitk_accum_bfloat16_float32|steel_gemm_splitk_nt_bfloat16_float32_bm32_bn32_bk16_wm2_wn2_MN_taligned_K_taligned|steel_gemm_splitk_accum_bfloat16_float32|steel_gemm_fused_nt_bfloat16_bfloat16_bm64_bn64_bk16_wm2_wn2_has_batch_n_use_out_source_n_do_axpby_n_align_M_t_align_N_t_align_K_t|steel_gemm_splitk_nt_bfloat16_float32_bm32_bn32_bk16_wm2_wn2_MN_taligned_K_taligned|steel_gemm_splitk_accum_bfloat16_float32|custom_kernel_laguna_prefill_sliding_qk_norm_rope_bf16_128_h1_v2_bfloat16_t_bfloat16_t_bfloat16_t_bfloat16_t_float_int32_tc_bfloat16_t_bfloat16_t|steel_attention_bfloat16_bq32_bk16_bd128_wm4_wn1_maskbfloat16_align_Q_t_align_K_t_has_mask_n_do_causal_t_has_sinks_n|Cf4IAsTypeADf4IBroadcastCBEf4IBroadcastBCFf4ILogAddExpDEGV2OAsTypeF_VC_V2_10408321403207385874_contiguous|g2_Multiplybfloat16|steel_gemm_fused_nt_bfloat16_bfloat16_bm64_bn64_bk16_wm2_wn2_has_batch_n_use_out_source_n_do_axpby_n_align_M_t_align_N_t_align_K_t|custom_kernel_laguna_residual_rms_bf16_2048_v1_bfloat16_t_bfloat16_t_bfloat16_t_bfloat16_t_bfloat16_t|steel_gemm_splitk_nt_bfloat16_float32_bm32_bn32_bk16_wm2_wn2_MN_taligned_K_taligned|steel_gemm_splitk_accum_bfloat16_float32|custom_kernel_laguna_prefill_router_tournament_ordinal_norm_v1_bfloat16_t_float_uint32_t_float|custom_kernel_mlx_lm_route_csort_scatter_fused_m8_u32_v4_uint32_t_uint32_t_uint32_t_uint32_t|gather_frontbfloat16_uint32_int_2|arangeuint32|nvfp4_gather_qmm_rhs_nt_bfloat16_t_gs_16_b_4_bm_16_bn_32_bk_32_wm_1_wn_2_align_M_t_align_N_t_align_K_t|nvfp4_qmm_t_splitk_fused_bfloat16_t_gs_16_b_4_alN_true|nvfp4_qmm_t_splitk_fused_bfloat16_t_gs_16_b_4_alN_true|g2_copybfloat16bfloat16|g2_copybfloat16bfloat16|CV2ISigmoidADV2IBroadcastACEV2IBroadcastCAFV2IMultiplyDEGV2IBroadcastFBHV2IBroadcastBFIV2OMultiplyGH_VV_V2V2_11160318154034397263_contiguous|arangeuint32|CV2ISigmoidADV2IBroadcastACEV2IBroadcastCAFV2IMultiplyDEGV2IBroadcastFBHV2IBroadcastBFIV2OMultiplyGH_VV_V2V2_11160318154034397263_contiguous|nvfp4_qmm_t_bfloat16_t_gs_16_b_4_alN_true_batch_0|nvfp4_gather_qmm_rhs_nt_bfloat16_t_gs_16_b_4_bm_16_bn_32_bk_32_wm_1_wn_2_align_M_t_align_N_t_align_K_t
GPUPROF 187994.514031125 187994.514107625 1 23101440 custom_kernel_laguna_prefill_sorted_moe_tail_bf16_v1_bfloat16_t_uint32_t_float_bfloat16_t_bfloat16_t_bfloat16_t
GPUPROF 187994.514108417 187994.527037042 30 612017668 rmsbfloat16|steel_gemm_splitk_nt_bfloat16_float32_bm32_bn32_bk16_wm2_wn2_MN_taligned_K_taligned|steel_gemm_splitk_accum_bfloat16_float32|steel_gemm_splitk_nt_bfloat16_float32_bm32_bn32_bk16_wm2_wn2_MN_taligned_K_taligned|steel_gemm_splitk_accum_bfloat16_float32|steel_gemm_fused_nt_bfloat16_bfloat16_bm64_bn64_bk16_wm2_wn2_has_batch_n_use_out_source_n_do_axpby_n_align_M_t_align_N_t_align_K_t|steel_gemm_splitk_nt_bfloat16_float32_bm32_bn32_bk16_wm2_wn2_MN_naligned_K_taligned|steel_gemm_splitk_accum_bfloat16_float32|custom_kernel_laguna_prefill_full_qk_norm_yarn_bf16_128_h1_v2_bfloat16_t_bfloat16_t_bfloat16_t_bfloat16_t_float_int32_tc_bfloat16_t_bfloat16_t|steel_attention_bfloat16_bq32_bk16_bd128_wm4_wn1_maskbfloat16_align_Q_t_align_K_t_has_mask_n_do_causal_t_has_sinks_n|Cf4IAsTypeADf4IBroadcastCBEf4IBroadcastBCFf4ILogAddExpDEGV2OAsTypeF_VC_V2_10408321403207385874_contiguous|g2_Multiplybfloat16|steel_gemm_fused_nt_bfloat16_bfloat16_bm64_bn64_bk16_wm2_wn2_has_batch_n_use_out_source_n_do_axpby_n_align_M_t_align_N_t_align_K_t|custom_kernel_laguna_residual_rms_bf16_2048_v1_bfloat16_t_bfloat16_t_bfloat16_t_bfloat16_t_bfloat16_t|steel_gemm_splitk_nt_bfloat16_float32_bm32_bn32_bk16_wm2_wn2_MN_taligned_K_taligned|steel_gemm_splitk_accum_bfloat16_float32|custom_kernel_laguna_prefill_router_tournament_ordinal_norm_v1_bfloat16_t_float_uint32_t_float|custom_kernel_mlx_lm_route_csort_scatter_fused_m8_u32_v4_uint32_t_uint32_t_uint32_t_uint32_t|gather_frontbfloat16_uint32_int_2|arangeuint32|nvfp4_gather_qmm_rhs_nt_bfloat16_t_gs_16_b_4_bm_16_bn_32_bk_32_wm_1_wn_2_align_M_t_align_N_t_align_K_t|nvfp4_qmm_t_splitk_fused_bfloat16_t_gs_16_b_4_alN_true|nvfp4_qmm_t_splitk_fused_bfloat16_t_gs_16_b_4_alN_true|g2_copybfloat16bfloat16|g2_copybfloat16bfloat16|CV2ISigmoidADV2IBroadcastACEV2IBroadcastCAFV2IMultiplyDEGV2IBroadcastFBHV2IBroadcastBFIV2OMultiplyGH_VV_V2V2_11160318154034397263_contiguous|arangeuint32|CV2ISigmoidADV2IBroadcastACEV2IBroadcastCAFV2IMultiplyDEGV2IBroadcastFBHV2IBroadcastBFIV2OMultiplyGH_VV_V2V2_11160318154034397263_contiguous|nvfp4_qmm_t_bfloat16_t_gs_16_b_4_alN_true_batch_0|nvfp4_gather_qmm_rhs_nt_bfloat16_t_gs_16_b_4_bm_16_bn_32_bk_32_wm_1_wn_2_align_M_t_align_N_t_align_K_t
GPUPROF 187994.527037792 187994.527113625 1 23101440 custom_kernel_laguna_prefill_sorted_moe_tail_bf16_v1_bfloat16_t_uint32_t_float_bfloat16_t_bfloat16_t_bfloat16_t
GPUPROF 187994.527114417 187994.541546917 30 636347908 rmsbfloat16|steel_gemm_splitk_nt_bfloat16_float32_bm32_bn32_bk16_wm2_wn2_MN_taligned_K_taligned|steel_gemm_splitk_accum_bfloat16_float32|steel_gemm_splitk_nt_bfloat16_float32_bm32_bn32_bk16_wm2_wn2_MN_taligned_K_taligned|steel_gemm_splitk_accum_bfloat16_float32|steel_gemm_fused_nt_bfloat16_bfloat16_bm64_bn64_bk16_wm2_wn2_has_batch_n_use_out_source_n_do_axpby_n_align_M_t_align_N_t_align_K_t|steel_gemm_splitk_nt_bfloat16_float32_bm32_bn32_bk16_wm2_wn2_MN_taligned_K_taligned|steel_gemm_splitk_accum_bfloat16_float32|custom_kernel_laguna_prefill_sliding_qk_norm_rope_bf16_128_h1_v2_bfloat16_t_bfloat16_t_bfloat16_t_bfloat16_t_float_int32_tc_bfloat16_t_bfloat16_t|steel_attention_bfloat16_bq32_bk16_bd128_wm4_wn1_maskbfloat16_align_Q_t_align_K_t_has_mask_n_do_causal_t_has_sinks_n|Cf4IAsTypeADf4IBroadcastCBEf4IBroadcastBCFf4ILogAddExpDEGV2OAsTypeF_VC_V2_10408321403207385874_contiguous|g2_Multiplybfloat16|steel_gemm_fused_nt_bfloat16_bfloat16_bm64_bn64_bk16_wm2_wn2_has_batch_n_use_out_source_n_do_axpby_n_align_M_t_align_N_t_align_K_t|custom_kernel_laguna_residual_rms_bf16_2048_v1_bfloat16_t_bfloat16_t_bfloat16_t_bfloat16_t_bfloat16_t|steel_gemm_splitk_nt_bfloat16_float32_bm32_bn32_bk16_wm2_wn2_MN_taligned_K_taligned|steel_gemm_splitk_accum_bfloat16_float32|custom_kernel_laguna_prefill_router_tournament_ordinal_norm_v1_bfloat16_t_float_uint32_t_float|custom_kernel_mlx_lm_route_csort_scatter_fused_m8_u32_v4_uint32_t_uint32_t_uint32_t_uint32_t|gather_frontbfloat16_uint32_int_2|arangeuint32|nvfp4_gather_qmm_rhs_nt_bfloat16_t_gs_16_b_4_bm_16_bn_32_bk_32_wm_1_wn_2_align_M_t_align_N_t_align_K_t|nvfp4_qmm_t_splitk_fused_bfloat16_t_gs_16_b_4_alN_true|nvfp4_qmm_t_splitk_fused_bfloat16_t_gs_16_b_4_alN_true|g2_copybfloat16bfloat16|g2_copybfloat16bfloat16|CV2ISigmoidADV2IBroadcastACEV2IBroadcastCAFV2IMultiplyDEGV2IBroadcastFBHV2IBroadcastBFIV2OMultiplyGH_VV_V2V2_11160318154034397263_contiguous|arangeuint32|CV2ISigmoidADV2IBroadcastACEV2IBroadcastCAFV2IMultiplyDEGV2IBroadcastFBHV2IBroadcastBFIV2OMultiplyGH_VV_V2V2_11160318154034397263_contiguous|nvfp4_qmm_t_bfloat16_t_gs_16_b_4_alN_true_batch_0|nvfp4_gather_qmm_rhs_nt_bfloat16_t_gs_16_b_4_bm_16_bn_32_bk_32_wm_1_wn_2_align_M_t_align_N_t_align_K_t
GPUPROF 187994.541547750 187994.541624417 1 23101440 custom_kernel_laguna_prefill_sorted_moe_tail_bf16_v1_bfloat16_t_uint32_t_float_bfloat16_t_bfloat16_t_bfloat16_t
GPUPROF 187994.541625167 187994.555996625 30 636347908 rmsbfloat16|steel_gemm_splitk_nt_bfloat16_float32_bm32_bn32_bk16_wm2_wn2_MN_taligned_K_taligned|steel_gemm_splitk_accum_bfloat16_float32|steel_gemm_splitk_nt_bfloat16_float32_bm32_bn32_bk16_wm2_wn2_MN_taligned_K_taligned|steel_gemm_splitk_accum_bfloat16_float32|steel_gemm_fused_nt_bfloat16_bfloat16_bm64_bn64_bk16_wm2_wn2_has_batch_n_use_out_source_n_do_axpby_n_align_M_t_align_N_t_align_K_t|steel_gemm_splitk_nt_bfloat16_float32_bm32_bn32_bk16_wm2_wn2_MN_taligned_K_taligned|steel_gemm_splitk_accum_bfloat16_float32|custom_kernel_laguna_prefill_sliding_qk_norm_rope_bf16_128_h1_v2_bfloat16_t_bfloat16_t_bfloat16_t_bfloat16_t_float_int32_tc_bfloat16_t_bfloat16_t|steel_attention_bfloat16_bq32_bk16_bd128_wm4_wn1_maskbfloat16_align_Q_t_align_K_t_has_mask_n_do_causal_t_has_sinks_n|Cf4IAsTypeADf4IBroadcastCBEf4IBroadcastBCFf4ILogAddExpDEGV2OAsTypeF_VC_V2_10408321403207385874_contiguous|g2_Multiplybfloat16|steel_gemm_fused_nt_bfloat16_bfloat16_bm64_bn64_bk16_wm2_wn2_has_batch_n_use_out_source_n_do_axpby_n_align_M_t_align_N_t_align_K_t|custom_kernel_laguna_residual_rms_bf16_2048_v1_bfloat16_t_bfloat16_t_bfloat16_t_bfloat16_t_bfloat16_t|steel_gemm_splitk_nt_bfloat16_float32_bm32_bn32_bk16_wm2_wn2_MN_taligned_K_taligned|steel_gemm_splitk_accum_bfloat16_float32|custom_kernel_laguna_prefill_router_tournament_ordinal_norm_v1_bfloat16_t_float_uint32_t_float|custom_kernel_mlx_lm_route_csort_scatter_fused_m8_u32_v4_uint32_t_uint32_t_uint32_t_uint32_t|gather_frontbfloat16_uint32_int_2|arangeuint32|nvfp4_gather_qmm_rhs_nt_bfloat16_t_gs_16_b_4_bm_16_bn_32_bk_32_wm_1_wn_2_align_M_t_align_N_t_align_K_t|nvfp4_qmm_t_splitk_fused_bfloat16_t_gs_16_b_4_alN_true|nvfp4_qmm_t_splitk_fused_bfloat16_t_gs_16_b_4_alN_true|g2_copybfloat16bfloat16|g2_copybfloat16bfloat16|CV2ISigmoidADV2IBroadcastACEV2IBroadcastCAFV2IMultiplyDEGV2IBroadcastFBHV2IBroadcastBFIV2OMultiplyGH_VV_V2V2_11160318154034397263_contiguous|arangeuint32|CV2ISigmoidADV2IBroadcastACEV2IBroadcastCAFV2IMultiplyDEGV2IBroadcastFBHV2IBroadcastBFIV2OMultiplyGH_VV_V2V2_11160318154034397263_contiguous|nvfp4_qmm_t_bfloat16_t_gs_16_b_4_alN_true_batch_0|nvfp4_gather_qmm_rhs_nt_bfloat16_t_gs_16_b_4_bm_16_bn_32_bk_32_wm_1_wn_2_align_M_t_align_N_t_align_K_t
GPUPROF 187994.555997375 187994.556073625 1 23101440 custom_kernel_laguna_prefill_sorted_moe_tail_bf16_v1_bfloat16_t_uint32_t_float_bfloat16_t_bfloat16_t_bfloat16_t
GPUPROF 187994.556074417 187994.570536917 30 636347908 rmsbfloat16|steel_gemm_splitk_nt_bfloat16_float32_bm32_bn32_bk16_wm2_wn2_MN_taligned_K_taligned|steel_gemm_splitk_accum_bfloat16_float32|steel_gemm_splitk_nt_bfloat16_float32_bm32_bn32_bk16_wm2_wn2_MN_taligned_K_taligned|steel_gemm_splitk_accum_bfloat16_float32|steel_gemm_fused_nt_bfloat16_bfloat16_bm64_bn64_bk16_wm2_wn2_has_batch_n_use_out_source_n_do_axpby_n_align_M_t_align_N_t_align_K_t|steel_gemm_splitk_nt_bfloat16_float32_bm32_bn32_bk16_wm2_wn2_MN_taligned_K_taligned|steel_gemm_splitk_accum_bfloat16_float32|custom_kernel_laguna_prefill_sliding_qk_norm_rope_bf16_128_h1_v2_bfloat16_t_bfloat16_t_bfloat16_t_bfloat16_t_float_int32_tc_bfloat16_t_bfloat16_t|steel_attention_bfloat16_bq32_bk16_bd128_wm4_wn1_maskbfloat16_align_Q_t_align_K_t_has_mask_n_do_causal_t_has_sinks_n|Cf4IAsTypeADf4IBroadcastCBEf4IBroadcastBCFf4ILogAddExpDEGV2OAsTypeF_VC_V2_10408321403207385874_contiguous|g2_Multiplybfloat16|steel_gemm_fused_nt_bfloat16_bfloat16_bm64_bn64_bk16_wm2_wn2_has_batch_n_use_out_source_n_do_axpby_n_align_M_t_align_N_t_align_K_t|custom_kernel_laguna_residual_rms_bf16_2048_v1_bfloat16_t_bfloat16_t_bfloat16_t_bfloat16_t_bfloat16_t|steel_gemm_splitk_nt_bfloat16_float32_bm32_bn32_bk16_wm2_wn2_MN_taligned_K_taligned|steel_gemm_splitk_accum_bfloat16_float32|custom_kernel_laguna_prefill_router_tournament_ordinal_norm_v1_bfloat16_t_float_uint32_t_float|custom_kernel_mlx_lm_route_csort_scatter_fused_m8_u32_v4_uint32_t_uint32_t_uint32_t_uint32_t|gather_frontbfloat16_uint32_int_2|arangeuint32|nvfp4_gather_qmm_rhs_nt_bfloat16_t_gs_16_b_4_bm_16_bn_32_bk_32_wm_1_wn_2_align_M_t_align_N_t_align_K_t|nvfp4_qmm_t_splitk_fused_bfloat16_t_gs_16_b_4_alN_true|nvfp4_qmm_t_splitk_fused_bfloat16_t_gs_16_b_4_alN_true|g2_copybfloat16bfloat16|g2_copybfloat16bfloat16|CV2ISigmoidADV2IBroadcastACEV2IBroadcastCAFV2IMultiplyDEGV2IBroadcastFBHV2IBroadcastBFIV2OMultiplyGH_VV_V2V2_11160318154034397263_contiguous|arangeuint32|CV2ISigmoidADV2IBroadcastACEV2IBroadcastCAFV2IMultiplyDEGV2IBroadcastFBHV2IBroadcastBFIV2OMultiplyGH_VV_V2V2_11160318154034397263_contiguous|nvfp4_qmm_t_bfloat16_t_gs_16_b_4_alN_true_batch_0|nvfp4_gather_qmm_rhs_nt_bfloat16_t_gs_16_b_4_bm_16_bn_32_bk_32_wm_1_wn_2_align_M_t_align_N_t_align_K_t
GPUPROF 187994.570553667 187994.570630375 1 23101440 custom_kernel_laguna_prefill_sorted_moe_tail_bf16_v1_bfloat16_t_uint32_t_float_bfloat16_t_bfloat16_t_bfloat16_t
GPUPROF 187994.570631167 187994.583696667 30 612017668 rmsbfloat16|steel_gemm_splitk_nt_bfloat16_float32_bm32_bn32_bk16_wm2_wn2_MN_taligned_K_taligned|steel_gemm_splitk_accum_bfloat16_float32|steel_gemm_splitk_nt_bfloat16_float32_bm32_bn32_bk16_wm2_wn2_MN_taligned_K_taligned|steel_gemm_splitk_accum_bfloat16_float32|steel_gemm_fused_nt_bfloat16_bfloat16_bm64_bn64_bk16_wm2_wn2_has_batch_n_use_out_source_n_do_axpby_n_align_M_t_align_N_t_align_K_t|steel_gemm_splitk_nt_bfloat16_float32_bm32_bn32_bk16_wm2_wn2_MN_naligned_K_taligned|steel_gemm_splitk_accum_bfloat16_float32|custom_kernel_laguna_prefill_full_qk_norm_yarn_bf16_128_h1_v2_bfloat16_t_bfloat16_t_bfloat16_t_bfloat16_t_float_int32_tc_bfloat16_t_bfloat16_t|steel_attention_bfloat16_bq32_bk16_bd128_wm4_wn1_maskbfloat16_align_Q_t_align_K_t_has_mask_n_do_causal_t_has_sinks_n|Cf4IAsTypeADf4IBroadcastCBEf4IBroadcastBCFf4ILogAddExpDEGV2OAsTypeF_VC_V2_10408321403207385874_contiguous|g2_Multiplybfloat16|steel_gemm_fused_nt_bfloat16_bfloat16_bm64_bn64_bk16_wm2_wn2_has_batch_n_use_out_source_n_do_axpby_n_align_M_t_align_N_t_align_K_t|custom_kernel_laguna_residual_rms_bf16_2048_v1_bfloat16_t_bfloat16_t_bfloat16_t_bfloat16_t_bfloat16_t|steel_gemm_splitk_nt_bfloat16_float32_bm32_bn32_bk16_wm2_wn2_MN_taligned_K_taligned|steel_gemm_splitk_accum_bfloat16_float32|custom_kernel_laguna_prefill_router_tournament_ordinal_norm_v1_bfloat16_t_float_uint32_t_float|custom_kernel_mlx_lm_route_csort_scatter_fused_m8_u32_v4_uint32_t_uint32_t_uint32_t_uint32_t|gather_frontbfloat16_uint32_int_2|arangeuint32|nvfp4_gather_qmm_rhs_nt_bfloat16_t_gs_16_b_4_bm_16_bn_32_bk_32_wm_1_wn_2_align_M_t_align_N_t_align_K_t|nvfp4_qmm_t_splitk_fused_bfloat16_t_gs_16_b_4_alN_true|nvfp4_qmm_t_splitk_fused_bfloat16_t_gs_16_b_4_alN_true|g2_copybfloat16bfloat16|g2_copybfloat16bfloat16|CV2ISigmoidADV2IBroadcastACEV2IBroadcastCAFV2IMultiplyDEGV2IBroadcastFBHV2IBroadcastBFIV2OMultiplyGH_VV_V2V2_11160318154034397263_contiguous|arangeuint32|CV2ISigmoidADV2IBroadcastACEV2IBroadcastCAFV2IMultiplyDEGV2IBroadcastFBHV2IBroadcastBFIV2OMultiplyGH_VV_V2V2_11160318154034397263_contiguous|nvfp4_qmm_t_bfloat16_t_gs_16_b_4_alN_true_batch_0|nvfp4_gather_qmm_rhs_nt_bfloat16_t_gs_16_b_4_bm_16_bn_32_bk_32_wm_1_wn_2_align_M_t_align_N_t_align_K_t
GPUPROF 187994.583697625 187994.583773542 1 23101440 custom_kernel_laguna_prefill_sorted_moe_tail_bf16_v1_bfloat16_t_uint32_t_float_bfloat16_t_bfloat16_t_bfloat16_t
GPUPROF 187994.583774542 187994.598166875 30 636347908 rmsbfloat16|steel_gemm_splitk_nt_bfloat16_float32_bm32_bn32_bk16_wm2_wn2_MN_taligned_K_taligned|steel_gemm_splitk_accum_bfloat16_float32|steel_gemm_splitk_nt_bfloat16_float32_bm32_bn32_bk16_wm2_wn2_MN_taligned_K_taligned|steel_gemm_splitk_accum_bfloat16_float32|steel_gemm_fused_nt_bfloat16_bfloat16_bm64_bn64_bk16_wm2_wn2_has_batch_n_use_out_source_n_do_axpby_n_align_M_t_align_N_t_align_K_t|steel_gemm_splitk_nt_bfloat16_float32_bm32_bn32_bk16_wm2_wn2_MN_taligned_K_taligned|steel_gemm_splitk_accum_bfloat16_float32|custom_kernel_laguna_prefill_sliding_qk_norm_rope_bf16_128_h1_v2_bfloat16_t_bfloat16_t_bfloat16_t_bfloat16_t_float_int32_tc_bfloat16_t_bfloat16_t|steel_attention_bfloat16_bq32_bk16_bd128_wm4_wn1_maskbfloat16_align_Q_t_align_K_t_has_mask_n_do_causal_t_has_sinks_n|Cf4IAsTypeADf4IBroadcastCBEf4IBroadcastBCFf4ILogAddExpDEGV2OAsTypeF_VC_V2_10408321403207385874_contiguous|g2_Multiplybfloat16|steel_gemm_fused_nt_bfloat16_bfloat16_bm64_bn64_bk16_wm2_wn2_has_batch_n_use_out_source_n_do_axpby_n_align_M_t_align_N_t_align_K_t|custom_kernel_laguna_residual_rms_bf16_2048_v1_bfloat16_t_bfloat16_t_bfloat16_t_bfloat16_t_bfloat16_t|steel_gemm_splitk_nt_bfloat16_float32_bm32_bn32_bk16_wm2_wn2_MN_taligned_K_taligned|steel_gemm_splitk_accum_bfloat16_float32|custom_kernel_laguna_prefill_router_tournament_ordinal_norm_v1_bfloat16_t_float_uint32_t_float|custom_kernel_mlx_lm_route_csort_scatter_fused_m8_u32_v4_uint32_t_uint32_t_uint32_t_uint32_t|gather_frontbfloat16_uint32_int_2|arangeuint32|nvfp4_gather_qmm_rhs_nt_bfloat16_t_gs_16_b_4_bm_16_bn_32_bk_32_wm_1_wn_2_align_M_t_align_N_t_align_K_t|nvfp4_qmm_t_splitk_fused_bfloat16_t_gs_16_b_4_alN_true|nvfp4_qmm_t_splitk_fused_bfloat16_t_gs_16_b_4_alN_true|g2_copybfloat16bfloat16|g2_copybfloat16bfloat16|CV2ISigmoidADV2IBroadcastACEV2IBroadcastCAFV2IMultiplyDEGV2IBroadcastFBHV2IBroadcastBFIV2OMultiplyGH_VV_V2V2_11160318154034397263_contiguous|arangeuint32|CV2ISigmoidADV2IBroadcastACEV2IBroadcastCAFV2IMultiplyDEGV2IBroadcastFBHV2IBroadcastBFIV2OMultiplyGH_VV_V2V2_11160318154034397263_contiguous|nvfp4_qmm_t_bfloat16_t_gs_16_b_4_alN_true_batch_0|nvfp4_gather_qmm_rhs_nt_bfloat16_t_gs_16_b_4_bm_16_bn_32_bk_32_wm_1_wn_2_align_M_t_align_N_t_align_K_t
GPUPROF 187994.598167625 187994.598246500 1 23101440 custom_kernel_laguna_prefill_sorted_moe_tail_bf16_v1_bfloat16_t_uint32_t_float_bfloat16_t_bfloat16_t_bfloat16_t
GPUPROF 187994.598247417 187994.612736125 30 636347908 rmsbfloat16|steel_gemm_splitk_nt_bfloat16_float32_bm32_bn32_bk16_wm2_wn2_MN_taligned_K_taligned|steel_gemm_splitk_accum_bfloat16_float32|steel_gemm_splitk_nt_bfloat16_float32_bm32_bn32_bk16_wm2_wn2_MN_taligned_K_taligned|steel_gemm_splitk_accum_bfloat16_float32|steel_gemm_fused_nt_bfloat16_bfloat16_bm64_bn64_bk16_wm2_wn2_has_batch_n_use_out_source_n_do_axpby_n_align_M_t_align_N_t_align_K_t|steel_gemm_splitk_nt_bfloat16_float32_bm32_bn32_bk16_wm2_wn2_MN_taligned_K_taligned|steel_gemm_splitk_accum_bfloat16_float32|custom_kernel_laguna_prefill_sliding_qk_norm_rope_bf16_128_h1_v2_bfloat16_t_bfloat16_t_bfloat16_t_bfloat16_t_float_int32_tc_bfloat16_t_bfloat16_t|steel_attention_bfloat16_bq32_bk16_bd128_wm4_wn1_maskbfloat16_align_Q_t_align_K_t_has_mask_n_do_causal_t_has_sinks_n|Cf4IAsTypeADf4IBroadcastCBEf4IBroadcastBCFf4ILogAddExpDEGV2OAsTypeF_VC_V2_10408321403207385874_contiguous|g2_Multiplybfloat16|steel_gemm_fused_nt_bfloat16_bfloat16_bm64_bn64_bk16_wm2_wn2_has_batch_n_use_out_source_n_do_axpby_n_align_M_t_align_N_t_align_K_t|custom_kernel_laguna_residual_rms_bf16_2048_v1_bfloat16_t_bfloat16_t_bfloat16_t_bfloat16_t_bfloat16_t|steel_gemm_splitk_nt_bfloat16_float32_bm32_bn32_bk16_wm2_wn2_MN_taligned_K_taligned|steel_gemm_splitk_accum_bfloat16_float32|custom_kernel_laguna_prefill_router_tournament_ordinal_norm_v1_bfloat16_t_float_uint32_t_float|custom_kernel_mlx_lm_route_csort_scatter_fused_m8_u32_v4_uint32_t_uint32_t_uint32_t_uint32_t|gather_frontbfloat16_uint32_int_2|arangeuint32|nvfp4_gather_qmm_rhs_nt_bfloat16_t_gs_16_b_4_bm_16_bn_32_bk_32_wm_1_wn_2_align_M_t_align_N_t_align_K_t|nvfp4_qmm_t_splitk_fused_bfloat16_t_gs_16_b_4_alN_true|nvfp4_qmm_t_splitk_fused_bfloat16_t_gs_16_b_4_alN_true|g2_copybfloat16bfloat16|g2_copybfloat16bfloat16|CV2ISigmoidADV2IBroadcastACEV2IBroadcastCAFV2IMultiplyDEGV2IBroadcastFBHV2IBroadcastBFIV2OMultiplyGH_VV_V2V2_11160318154034397263_contiguous|arangeuint32|CV2ISigmoidADV2IBroadcastACEV2IBroadcastCAFV2IMultiplyDEGV2IBroadcastFBHV2IBroadcastBFIV2OMultiplyGH_VV_V2V2_11160318154034397263_contiguous|nvfp4_qmm_t_bfloat16_t_gs_16_b_4_alN_true_batch_0|nvfp4_gather_qmm_rhs_nt_bfloat16_t_gs_16_b_4_bm_16_bn_32_bk_32_wm_1_wn_2_align_M_t_align_N_t_align_K_t
GPUPROF 187994.612751750 187994.612829500 1 23101440 custom_kernel_laguna_prefill_sorted_moe_tail_bf16_v1_bfloat16_t_uint32_t_float_bfloat16_t_bfloat16_t_bfloat16_t
GPUPROF 187994.612830250 187994.627202250 30 636347908 rmsbfloat16|steel_gemm_splitk_nt_bfloat16_float32_bm32_bn32_bk16_wm2_wn2_MN_taligned_K_taligned|steel_gemm_splitk_accum_bfloat16_float32|steel_gemm_splitk_nt_bfloat16_float32_bm32_bn32_bk16_wm2_wn2_MN_taligned_K_taligned|steel_gemm_splitk_accum_bfloat16_float32|steel_gemm_fused_nt_bfloat16_bfloat16_bm64_bn64_bk16_wm2_wn2_has_batch_n_use_out_source_n_do_axpby_n_align_M_t_align_N_t_align_K_t|steel_gemm_splitk_nt_bfloat16_float32_bm32_bn32_bk16_wm2_wn2_MN_taligned_K_taligned|steel_gemm_splitk_accum_bfloat16_float32|custom_kernel_laguna_prefill_sliding_qk_norm_rope_bf16_128_h1_v2_bfloat16_t_bfloat16_t_bfloat16_t_bfloat16_t_float_int32_tc_bfloat16_t_bfloat16_t|steel_attention_bfloat16_bq32_bk16_bd128_wm4_wn1_maskbfloat16_align_Q_t_align_K_t_has_mask_n_do_causal_t_has_sinks_n|Cf4IAsTypeADf4IBroadcastCBEf4IBroadcastBCFf4ILogAddExpDEGV2OAsTypeF_VC_V2_10408321403207385874_contiguous|g2_Multiplybfloat16|steel_gemm_fused_nt_bfloat16_bfloat16_bm64_bn64_bk16_wm2_wn2_has_batch_n_use_out_source_n_do_axpby_n_align_M_t_align_N_t_align_K_t|custom_kernel_laguna_residual_rms_bf16_2048_v1_bfloat16_t_bfloat16_t_bfloat16_t_bfloat16_t_bfloat16_t|steel_gemm_splitk_nt_bfloat16_float32_bm32_bn32_bk16_wm2_wn2_MN_taligned_K_taligned|steel_gemm_splitk_accum_bfloat16_float32|custom_kernel_laguna_prefill_router_tournament_ordinal_norm_v1_bfloat16_t_float_uint32_t_float|custom_kernel_mlx_lm_route_csort_scatter_fused_m8_u32_v4_uint32_t_uint32_t_uint32_t_uint32_t|gather_frontbfloat16_uint32_int_2|arangeuint32|nvfp4_gather_qmm_rhs_nt_bfloat16_t_gs_16_b_4_bm_16_bn_32_bk_32_wm_1_wn_2_align_M_t_align_N_t_align_K_t|nvfp4_qmm_t_splitk_fused_bfloat16_t_gs_16_b_4_alN_true|nvfp4_qmm_t_splitk_fused_bfloat16_t_gs_16_b_4_alN_true|g2_copybfloat16bfloat16|g2_copybfloat16bfloat16|CV2ISigmoidADV2IBroadcastACEV2IBroadcastCAFV2IMultiplyDEGV2IBroadcastFBHV2IBroadcastBFIV2OMultiplyGH_VV_V2V2_11160318154034397263_contiguous|arangeuint32|CV2ISigmoidADV2IBroadcastACEV2IBroadcastCAFV2IMultiplyDEGV2IBroadcastFBHV2IBroadcastBFIV2OMultiplyGH_VV_V2V2_11160318154034397263_contiguous|nvfp4_qmm_t_bfloat16_t_gs_16_b_4_alN_true_batch_0|nvfp4_gather_qmm_rhs_nt_bfloat16_t_gs_16_b_4_bm_16_bn_32_bk_32_wm_1_wn_2_align_M_t_align_N_t_align_K_t
GPUPROF 187994.627203000 187994.627279542 1 23101440 custom_kernel_laguna_prefill_sorted_moe_tail_bf16_v1_bfloat16_t_uint32_t_float_bfloat16_t_bfloat16_t_bfloat16_t
GPUPROF 187994.627280375 187994.640222125 30 612017668 rmsbfloat16|steel_gemm_splitk_nt_bfloat16_float32_bm32_bn32_bk16_wm2_wn2_MN_taligned_K_taligned|steel_gemm_splitk_accum_bfloat16_float32|steel_gemm_splitk_nt_bfloat16_float32_bm32_bn32_bk16_wm2_wn2_MN_taligned_K_taligned|steel_gemm_splitk_accum_bfloat16_float32|steel_gemm_fused_nt_bfloat16_bfloat16_bm64_bn64_bk16_wm2_wn2_has_batch_n_use_out_source_n_do_axpby_n_align_M_t_align_N_t_align_K_t|steel_gemm_splitk_nt_bfloat16_float32_bm32_bn32_bk16_wm2_wn2_MN_naligned_K_taligned|steel_gemm_splitk_accum_bfloat16_float32|custom_kernel_laguna_prefill_full_qk_norm_yarn_bf16_128_h1_v2_bfloat16_t_bfloat16_t_bfloat16_t_bfloat16_t_float_int32_tc_bfloat16_t_bfloat16_t|steel_attention_bfloat16_bq32_bk16_bd128_wm4_wn1_maskbfloat16_align_Q_t_align_K_t_has_mask_n_do_causal_t_has_sinks_n|Cf4IAsTypeADf4IBroadcastCBEf4IBroadcastBCFf4ILogAddExpDEGV2OAsTypeF_VC_V2_10408321403207385874_contiguous|g2_Multiplybfloat16|steel_gemm_fused_nt_bfloat16_bfloat16_bm64_bn64_bk16_wm2_wn2_has_batch_n_use_out_source_n_do_axpby_n_align_M_t_align_N_t_align_K_t|custom_kernel_laguna_residual_rms_bf16_2048_v1_bfloat16_t_bfloat16_t_bfloat16_t_bfloat16_t_bfloat16_t|steel_gemm_splitk_nt_bfloat16_float32_bm32_bn32_bk16_wm2_wn2_MN_taligned_K_taligned|steel_gemm_splitk_accum_bfloat16_float32|custom_kernel_laguna_prefill_router_tournament_ordinal_norm_v1_bfloat16_t_float_uint32_t_float|custom_kernel_mlx_lm_route_csort_scatter_fused_m8_u32_v4_uint32_t_uint32_t_uint32_t_uint32_t|gather_frontbfloat16_uint32_int_2|arangeuint32|nvfp4_gather_qmm_rhs_nt_bfloat16_t_gs_16_b_4_bm_16_bn_32_bk_32_wm_1_wn_2_align_M_t_align_N_t_align_K_t|nvfp4_qmm_t_splitk_fused_bfloat16_t_gs_16_b_4_alN_true|nvfp4_qmm_t_splitk_fused_bfloat16_t_gs_16_b_4_alN_true|g2_copybfloat16bfloat16|g2_copybfloat16bfloat16|CV2ISigmoidADV2IBroadcastACEV2IBroadcastCAFV2IMultiplyDEGV2IBroadcastFBHV2IBroadcastBFIV2OMultiplyGH_VV_V2V2_11160318154034397263_contiguous|arangeuint32|CV2ISigmoidADV2IBroadcastACEV2IBroadcastCAFV2IMultiplyDEGV2IBroadcastFBHV2IBroadcastBFIV2OMultiplyGH_VV_V2V2_11160318154034397263_contiguous|nvfp4_qmm_t_bfloat16_t_gs_16_b_4_alN_true_batch_0|nvfp4_gather_qmm_rhs_nt_bfloat16_t_gs_16_b_4_bm_16_bn_32_bk_32_wm_1_wn_2_align_M_t_align_N_t_align_K_t
GPUPROF 187994.640222875 187994.640297625 1 23101440 custom_kernel_laguna_prefill_sorted_moe_tail_bf16_v1_bfloat16_t_uint32_t_float_bfloat16_t_bfloat16_t_bfloat16_t
GPUPROF 187994.640298375 187994.654656792 30 636347908 rmsbfloat16|steel_gemm_splitk_nt_bfloat16_float32_bm32_bn32_bk16_wm2_wn2_MN_taligned_K_taligned|steel_gemm_splitk_accum_bfloat16_float32|steel_gemm_splitk_nt_bfloat16_float32_bm32_bn32_bk16_wm2_wn2_MN_taligned_K_taligned|steel_gemm_splitk_accum_bfloat16_float32|steel_gemm_fused_nt_bfloat16_bfloat16_bm64_bn64_bk16_wm2_wn2_has_batch_n_use_out_source_n_do_axpby_n_align_M_t_align_N_t_align_K_t|steel_gemm_splitk_nt_bfloat16_float32_bm32_bn32_bk16_wm2_wn2_MN_taligned_K_taligned|steel_gemm_splitk_accum_bfloat16_float32|custom_kernel_laguna_prefill_sliding_qk_norm_rope_bf16_128_h1_v2_bfloat16_t_bfloat16_t_bfloat16_t_bfloat16_t_float_int32_tc_bfloat16_t_bfloat16_t|steel_attention_bfloat16_bq32_bk16_bd128_wm4_wn1_maskbfloat16_align_Q_t_align_K_t_has_mask_n_do_causal_t_has_sinks_n|Cf4IAsTypeADf4IBroadcastCBEf4IBroadcastBCFf4ILogAddExpDEGV2OAsTypeF_VC_V2_10408321403207385874_contiguous|g2_Multiplybfloat16|steel_gemm_fused_nt_bfloat16_bfloat16_bm64_bn64_bk16_wm2_wn2_has_batch_n_use_out_source_n_do_axpby_n_align_M_t_align_N_t_align_K_t|custom_kernel_laguna_residual_rms_bf16_2048_v1_bfloat16_t_bfloat16_t_bfloat16_t_bfloat16_t_bfloat16_t|steel_gemm_splitk_nt_bfloat16_float32_bm32_bn32_bk16_wm2_wn2_MN_taligned_K_taligned|steel_gemm_splitk_accum_bfloat16_float32|custom_kernel_laguna_prefill_router_tournament_ordinal_norm_v1_bfloat16_t_float_uint32_t_float|custom_kernel_mlx_lm_route_csort_scatter_fused_m8_u32_v4_uint32_t_uint32_t_uint32_t_uint32_t|gather_frontbfloat16_uint32_int_2|arangeuint32|nvfp4_gather_qmm_rhs_nt_bfloat16_t_gs_16_b_4_bm_16_bn_32_bk_32_wm_1_wn_2_align_M_t_align_N_t_align_K_t|nvfp4_qmm_t_splitk_fused_bfloat16_t_gs_16_b_4_alN_true|nvfp4_qmm_t_splitk_fused_bfloat16_t_gs_16_b_4_alN_true|g2_copybfloat16bfloat16|g2_copybfloat16bfloat16|CV2ISigmoidADV2IBroadcastACEV2IBroadcastCAFV2IMultiplyDEGV2IBroadcastFBHV2IBroadcastBFIV2OMultiplyGH_VV_V2V2_11160318154034397263_contiguous|arangeuint32|CV2ISigmoidADV2IBroadcastACEV2IBroadcastCAFV2IMultiplyDEGV2IBroadcastFBHV2IBroadcastBFIV2OMultiplyGH_VV_V2V2_11160318154034397263_contiguous|nvfp4_qmm_t_bfloat16_t_gs_16_b_4_alN_true_batch_0|nvfp4_gather_qmm_rhs_nt_bfloat16_t_gs_16_b_4_bm_16_bn_32_bk_32_wm_1_wn_2_align_M_t_align_N_t_align_K_t
GPUPROF 187994.654672542 187994.654748500 1 23101440 custom_kernel_laguna_prefill_sorted_moe_tail_bf16_v1_bfloat16_t_uint32_t_float_bfloat16_t_bfloat16_t_bfloat16_t
GPUPROF 187994.654749250 187994.668967792 30 636347908 rmsbfloat16|steel_gemm_splitk_nt_bfloat16_float32_bm32_bn32_bk16_wm2_wn2_MN_taligned_K_taligned|steel_gemm_splitk_accum_bfloat16_float32|steel_gemm_splitk_nt_bfloat16_float32_bm32_bn32_bk16_wm2_wn2_MN_taligned_K_taligned|steel_gemm_splitk_accum_bfloat16_float32|steel_gemm_fused_nt_bfloat16_bfloat16_bm64_bn64_bk16_wm2_wn2_has_batch_n_use_out_source_n_do_axpby_n_align_M_t_align_N_t_align_K_t|steel_gemm_splitk_nt_bfloat16_float32_bm32_bn32_bk16_wm2_wn2_MN_taligned_K_taligned|steel_gemm_splitk_accum_bfloat16_float32|custom_kernel_laguna_prefill_sliding_qk_norm_rope_bf16_128_h1_v2_bfloat16_t_bfloat16_t_bfloat16_t_bfloat16_t_float_int32_tc_bfloat16_t_bfloat16_t|steel_attention_bfloat16_bq32_bk16_bd128_wm4_wn1_maskbfloat16_align_Q_t_align_K_t_has_mask_n_do_causal_t_has_sinks_n|Cf4IAsTypeADf4IBroadcastCBEf4IBroadcastBCFf4ILogAddExpDEGV2OAsTypeF_VC_V2_10408321403207385874_contiguous|g2_Multiplybfloat16|steel_gemm_fused_nt_bfloat16_bfloat16_bm64_bn64_bk16_wm2_wn2_has_batch_n_use_out_source_n_do_axpby_n_align_M_t_align_N_t_align_K_t|custom_kernel_laguna_residual_rms_bf16_2048_v1_bfloat16_t_bfloat16_t_bfloat16_t_bfloat16_t_bfloat16_t|steel_gemm_splitk_nt_bfloat16_float32_bm32_bn32_bk16_wm2_wn2_MN_taligned_K_taligned|steel_gemm_splitk_accum_bfloat16_float32|custom_kernel_laguna_prefill_router_tournament_ordinal_norm_v1_bfloat16_t_float_uint32_t_float|custom_kernel_mlx_lm_route_csort_scatter_fused_m8_u32_v4_uint32_t_uint32_t_uint32_t_uint32_t|gather_frontbfloat16_uint32_int_2|arangeuint32|nvfp4_gather_qmm_rhs_nt_bfloat16_t_gs_16_b_4_bm_16_bn_32_bk_32_wm_1_wn_2_align_M_t_align_N_t_align_K_t|nvfp4_qmm_t_splitk_fused_bfloat16_t_gs_16_b_4_alN_true|nvfp4_qmm_t_splitk_fused_bfloat16_t_gs_16_b_4_alN_true|g2_copybfloat16bfloat16|g2_copybfloat16bfloat16|CV2ISigmoidADV2IBroadcastACEV2IBroadcastCAFV2IMultiplyDEGV2IBroadcastFBHV2IBroadcastBFIV2OMultiplyGH_VV_V2V2_11160318154034397263_contiguous|arangeuint32|CV2ISigmoidADV2IBroadcastACEV2IBroadcastCAFV2IMultiplyDEGV2IBroadcastFBHV2IBroadcastBFIV2OMultiplyGH_VV_V2V2_11160318154034397263_contiguous|nvfp4_qmm_t_bfloat16_t_gs_16_b_4_alN_true_batch_0|nvfp4_gather_qmm_rhs_nt_bfloat16_t_gs_16_b_4_bm_16_bn_32_bk_32_wm_1_wn_2_align_M_t_align_N_t_align_K_t
GPUPROF 187994.668968542 187994.669043417 1 23101440 custom_kernel_laguna_prefill_sorted_moe_tail_bf16_v1_bfloat16_t_uint32_t_float_bfloat16_t_bfloat16_t_bfloat16_t
GPUPROF 187994.669044250 187994.683208125 30 636347908 rmsbfloat16|steel_gemm_splitk_nt_bfloat16_float32_bm32_bn32_bk16_wm2_wn2_MN_taligned_K_taligned|steel_gemm_splitk_accum_bfloat16_float32|steel_gemm_splitk_nt_bfloat16_float32_bm32_bn32_bk16_wm2_wn2_MN_taligned_K_taligned|steel_gemm_splitk_accum_bfloat16_float32|steel_gemm_fused_nt_bfloat16_bfloat16_bm64_bn64_bk16_wm2_wn2_has_batch_n_use_out_source_n_do_axpby_n_align_M_t_align_N_t_align_K_t|steel_gemm_splitk_nt_bfloat16_float32_bm32_bn32_bk16_wm2_wn2_MN_taligned_K_taligned|steel_gemm_splitk_accum_bfloat16_float32|custom_kernel_laguna_prefill_sliding_qk_norm_rope_bf16_128_h1_v2_bfloat16_t_bfloat16_t_bfloat16_t_bfloat16_t_float_int32_tc_bfloat16_t_bfloat16_t|steel_attention_bfloat16_bq32_bk16_bd128_wm4_wn1_maskbfloat16_align_Q_t_align_K_t_has_mask_n_do_causal_t_has_sinks_n|Cf4IAsTypeADf4IBroadcastCBEf4IBroadcastBCFf4ILogAddExpDEGV2OAsTypeF_VC_V2_10408321403207385874_contiguous|g2_Multiplybfloat16|steel_gemm_fused_nt_bfloat16_bfloat16_bm64_bn64_bk16_wm2_wn2_has_batch_n_use_out_source_n_do_axpby_n_align_M_t_align_N_t_align_K_t|custom_kernel_laguna_residual_rms_bf16_2048_v1_bfloat16_t_bfloat16_t_bfloat16_t_bfloat16_t_bfloat16_t|steel_gemm_splitk_nt_bfloat16_float32_bm32_bn32_bk16_wm2_wn2_MN_taligned_K_taligned|steel_gemm_splitk_accum_bfloat16_float32|custom_kernel_laguna_prefill_router_tournament_ordinal_norm_v1_bfloat16_t_float_uint32_t_float|custom_kernel_mlx_lm_route_csort_scatter_fused_m8_u32_v4_uint32_t_uint32_t_uint32_t_uint32_t|gather_frontbfloat16_uint32_int_2|arangeuint32|nvfp4_gather_qmm_rhs_nt_bfloat16_t_gs_16_b_4_bm_16_bn_32_bk_32_wm_1_wn_2_align_M_t_align_N_t_align_K_t|nvfp4_qmm_t_splitk_fused_bfloat16_t_gs_16_b_4_alN_true|nvfp4_qmm_t_splitk_fused_bfloat16_t_gs_16_b_4_alN_true|g2_copybfloat16bfloat16|g2_copybfloat16bfloat16|CV2ISigmoidADV2IBroadcastACEV2IBroadcastCAFV2IMultiplyDEGV2IBroadcastFBHV2IBroadcastBFIV2OMultiplyGH_VV_V2V2_11160318154034397263_contiguous|arangeuint32|CV2ISigmoidADV2IBroadcastACEV2IBroadcastCAFV2IMultiplyDEGV2IBroadcastFBHV2IBroadcastBFIV2OMultiplyGH_VV_V2V2_11160318154034397263_contiguous|nvfp4_qmm_t_bfloat16_t_gs_16_b_4_alN_true_batch_0|nvfp4_gather_qmm_rhs_nt_bfloat16_t_gs_16_b_4_bm_16_bn_32_bk_32_wm_1_wn_2_align_M_t_align_N_t_align_K_t
GPUPROF 187994.683208875 187994.683288000 1 23101440 custom_kernel_laguna_prefill_sorted_moe_tail_bf16_v1_bfloat16_t_uint32_t_float_bfloat16_t_bfloat16_t_bfloat16_t
GPUPROF 187994.683288750 187994.695936167 30 612017668 rmsbfloat16|steel_gemm_splitk_nt_bfloat16_float32_bm32_bn32_bk16_wm2_wn2_MN_taligned_K_taligned|steel_gemm_splitk_accum_bfloat16_float32|steel_gemm_splitk_nt_bfloat16_float32_bm32_bn32_bk16_wm2_wn2_MN_taligned_K_taligned|steel_gemm_splitk_accum_bfloat16_float32|steel_gemm_fused_nt_bfloat16_bfloat16_bm64_bn64_bk16_wm2_wn2_has_batch_n_use_out_source_n_do_axpby_n_align_M_t_align_N_t_align_K_t|steel_gemm_splitk_nt_bfloat16_float32_bm32_bn32_bk16_wm2_wn2_MN_naligned_K_taligned|steel_gemm_splitk_accum_bfloat16_float32|custom_kernel_laguna_prefill_full_qk_norm_yarn_bf16_128_h1_v2_bfloat16_t_bfloat16_t_bfloat16_t_bfloat16_t_float_int32_tc_bfloat16_t_bfloat16_t|steel_attention_bfloat16_bq32_bk16_bd128_wm4_wn1_maskbfloat16_align_Q_t_align_K_t_has_mask_n_do_causal_t_has_sinks_n|Cf4IAsTypeADf4IBroadcastCBEf4IBroadcastBCFf4ILogAddExpDEGV2OAsTypeF_VC_V2_10408321403207385874_contiguous|g2_Multiplybfloat16|steel_gemm_fused_nt_bfloat16_bfloat16_bm64_bn64_bk16_wm2_wn2_has_batch_n_use_out_source_n_do_axpby_n_align_M_t_align_N_t_align_K_t|custom_kernel_laguna_residual_rms_bf16_2048_v1_bfloat16_t_bfloat16_t_bfloat16_t_bfloat16_t_bfloat16_t|steel_gemm_splitk_nt_bfloat16_float32_bm32_bn32_bk16_wm2_wn2_MN_taligned_K_taligned|steel_gemm_splitk_accum_bfloat16_float32|custom_kernel_laguna_prefill_router_tournament_ordinal_norm_v1_bfloat16_t_float_uint32_t_float|custom_kernel_mlx_lm_route_csort_scatter_fused_m8_u32_v4_uint32_t_uint32_t_uint32_t_uint32_t|gather_frontbfloat16_uint32_int_2|arangeuint32|nvfp4_gather_qmm_rhs_nt_bfloat16_t_gs_16_b_4_bm_16_bn_32_bk_32_wm_1_wn_2_align_M_t_align_N_t_align_K_t|nvfp4_qmm_t_splitk_fused_bfloat16_t_gs_16_b_4_alN_true|nvfp4_qmm_t_splitk_fused_bfloat16_t_gs_16_b_4_alN_true|g2_copybfloat16bfloat16|g2_copybfloat16bfloat16|CV2ISigmoidADV2IBroadcastACEV2IBroadcastCAFV2IMultiplyDEGV2IBroadcastFBHV2IBroadcastBFIV2OMultiplyGH_VV_V2V2_11160318154034397263_contiguous|arangeuint32|CV2ISigmoidADV2IBroadcastACEV2IBroadcastCAFV2IMultiplyDEGV2IBroadcastFBHV2IBroadcastBFIV2OMultiplyGH_VV_V2V2_11160318154034397263_contiguous|nvfp4_qmm_t_bfloat16_t_gs_16_b_4_alN_true_batch_0|nvfp4_gather_qmm_rhs_nt_bfloat16_t_gs_16_b_4_bm_16_bn_32_bk_32_wm_1_wn_2_align_M_t_align_N_t_align_K_t
GPUPROF 187994.695936917 187994.696013875 1 23101440 custom_kernel_laguna_prefill_sorted_moe_tail_bf16_v1_bfloat16_t_uint32_t_float_bfloat16_t_bfloat16_t_bfloat16_t
GPUPROF 187994.696014625 187994.709942667 30 636347908 rmsbfloat16|steel_gemm_splitk_nt_bfloat16_float32_bm32_bn32_bk16_wm2_wn2_MN_taligned_K_taligned|steel_gemm_splitk_accum_bfloat16_float32|steel_gemm_splitk_nt_bfloat16_float32_bm32_bn32_bk16_wm2_wn2_MN_taligned_K_taligned|steel_gemm_splitk_accum_bfloat16_float32|steel_gemm_fused_nt_bfloat16_bfloat16_bm64_bn64_bk16_wm2_wn2_has_batch_n_use_out_source_n_do_axpby_n_align_M_t_align_N_t_align_K_t|steel_gemm_splitk_nt_bfloat16_float32_bm32_bn32_bk16_wm2_wn2_MN_taligned_K_taligned|steel_gemm_splitk_accum_bfloat16_float32|custom_kernel_laguna_prefill_sliding_qk_norm_rope_bf16_128_h1_v2_bfloat16_t_bfloat16_t_bfloat16_t_bfloat16_t_float_int32_tc_bfloat16_t_bfloat16_t|steel_attention_bfloat16_bq32_bk16_bd128_wm4_wn1_maskbfloat16_align_Q_t_align_K_t_has_mask_n_do_causal_t_has_sinks_n|Cf4IAsTypeADf4IBroadcastCBEf4IBroadcastBCFf4ILogAddExpDEGV2OAsTypeF_VC_V2_10408321403207385874_contiguous|g2_Multiplybfloat16|steel_gemm_fused_nt_bfloat16_bfloat16_bm64_bn64_bk16_wm2_wn2_has_batch_n_use_out_source_n_do_axpby_n_align_M_t_align_N_t_align_K_t|custom_kernel_laguna_residual_rms_bf16_2048_v1_bfloat16_t_bfloat16_t_bfloat16_t_bfloat16_t_bfloat16_t|steel_gemm_splitk_nt_bfloat16_float32_bm32_bn32_bk16_wm2_wn2_MN_taligned_K_taligned|steel_gemm_splitk_accum_bfloat16_float32|custom_kernel_laguna_prefill_router_tournament_ordinal_norm_v1_bfloat16_t_float_uint32_t_float|custom_kernel_mlx_lm_route_csort_scatter_fused_m8_u32_v4_uint32_t_uint32_t_uint32_t_uint32_t|gather_frontbfloat16_uint32_int_2|arangeuint32|nvfp4_gather_qmm_rhs_nt_bfloat16_t_gs_16_b_4_bm_16_bn_32_bk_32_wm_1_wn_2_align_M_t_align_N_t_align_K_t|nvfp4_qmm_t_splitk_fused_bfloat16_t_gs_16_b_4_alN_true|nvfp4_qmm_t_splitk_fused_bfloat16_t_gs_16_b_4_alN_true|g2_copybfloat16bfloat16|g2_copybfloat16bfloat16|CV2ISigmoidADV2IBroadcastACEV2IBroadcastCAFV2IMultiplyDEGV2IBroadcastFBHV2IBroadcastBFIV2OMultiplyGH_VV_V2V2_11160318154034397263_contiguous|arangeuint32|CV2ISigmoidADV2IBroadcastACEV2IBroadcastCAFV2IMultiplyDEGV2IBroadcastFBHV2IBroadcastBFIV2OMultiplyGH_VV_V2V2_11160318154034397263_contiguous|nvfp4_qmm_t_bfloat16_t_gs_16_b_4_alN_true_batch_0|nvfp4_gather_qmm_rhs_nt_bfloat16_t_gs_16_b_4_bm_16_bn_32_bk_32_wm_1_wn_2_align_M_t_align_N_t_align_K_t
GPUPROF 187994.709943375 187994.710018250 1 23101440 custom_kernel_laguna_prefill_sorted_moe_tail_bf16_v1_bfloat16_t_uint32_t_float_bfloat16_t_bfloat16_t_bfloat16_t
GPUPROF 187994.710019000 187994.724156000 30 636347908 rmsbfloat16|steel_gemm_splitk_nt_bfloat16_float32_bm32_bn32_bk16_wm2_wn2_MN_taligned_K_taligned|steel_gemm_splitk_accum_bfloat16_float32|steel_gemm_splitk_nt_bfloat16_float32_bm32_bn32_bk16_wm2_wn2_MN_taligned_K_taligned|steel_gemm_splitk_accum_bfloat16_float32|steel_gemm_fused_nt_bfloat16_bfloat16_bm64_bn64_bk16_wm2_wn2_has_batch_n_use_out_source_n_do_axpby_n_align_M_t_align_N_t_align_K_t|steel_gemm_splitk_nt_bfloat16_float32_bm32_bn32_bk16_wm2_wn2_MN_taligned_K_taligned|steel_gemm_splitk_accum_bfloat16_float32|custom_kernel_laguna_prefill_sliding_qk_norm_rope_bf16_128_h1_v2_bfloat16_t_bfloat16_t_bfloat16_t_bfloat16_t_float_int32_tc_bfloat16_t_bfloat16_t|steel_attention_bfloat16_bq32_bk16_bd128_wm4_wn1_maskbfloat16_align_Q_t_align_K_t_has_mask_n_do_causal_t_has_sinks_n|Cf4IAsTypeADf4IBroadcastCBEf4IBroadcastBCFf4ILogAddExpDEGV2OAsTypeF_VC_V2_10408321403207385874_contiguous|g2_Multiplybfloat16|steel_gemm_fused_nt_bfloat16_bfloat16_bm64_bn64_bk16_wm2_wn2_has_batch_n_use_out_source_n_do_axpby_n_align_M_t_align_N_t_align_K_t|custom_kernel_laguna_residual_rms_bf16_2048_v1_bfloat16_t_bfloat16_t_bfloat16_t_bfloat16_t_bfloat16_t|steel_gemm_splitk_nt_bfloat16_float32_bm32_bn32_bk16_wm2_wn2_MN_taligned_K_taligned|steel_gemm_splitk_accum_bfloat16_float32|custom_kernel_laguna_prefill_router_tournament_ordinal_norm_v1_bfloat16_t_float_uint32_t_float|custom_kernel_mlx_lm_route_csort_scatter_fused_m8_u32_v4_uint32_t_uint32_t_uint32_t_uint32_t|gather_frontbfloat16_uint32_int_2|arangeuint32|nvfp4_gather_qmm_rhs_nt_bfloat16_t_gs_16_b_4_bm_16_bn_32_bk_32_wm_1_wn_2_align_M_t_align_N_t_align_K_t|nvfp4_qmm_t_splitk_fused_bfloat16_t_gs_16_b_4_alN_true|nvfp4_qmm_t_splitk_fused_bfloat16_t_gs_16_b_4_alN_true|g2_copybfloat16bfloat16|g2_copybfloat16bfloat16|CV2ISigmoidADV2IBroadcastACEV2IBroadcastCAFV2IMultiplyDEGV2IBroadcastFBHV2IBroadcastBFIV2OMultiplyGH_VV_V2V2_11160318154034397263_contiguous|arangeuint32|CV2ISigmoidADV2IBroadcastACEV2IBroadcastCAFV2IMultiplyDEGV2IBroadcastFBHV2IBroadcastBFIV2OMultiplyGH_VV_V2V2_11160318154034397263_contiguous|nvfp4_qmm_t_bfloat16_t_gs_16_b_4_alN_true_batch_0|nvfp4_gather_qmm_rhs_nt_bfloat16_t_gs_16_b_4_bm_16_bn_32_bk_32_wm_1_wn_2_align_M_t_align_N_t_align_K_t
GPUPROF 187994.724156750 187994.724234625 1 23101440 custom_kernel_laguna_prefill_sorted_moe_tail_bf16_v1_bfloat16_t_uint32_t_float_bfloat16_t_bfloat16_t_bfloat16_t
GPUPROF 187994.724235375 187994.738215542 30 636347908 rmsbfloat16|steel_gemm_splitk_nt_bfloat16_float32_bm32_bn32_bk16_wm2_wn2_MN_taligned_K_taligned|steel_gemm_splitk_accum_bfloat16_float32|steel_gemm_splitk_nt_bfloat16_float32_bm32_bn32_bk16_wm2_wn2_MN_taligned_K_taligned|steel_gemm_splitk_accum_bfloat16_float32|steel_gemm_fused_nt_bfloat16_bfloat16_bm64_bn64_bk16_wm2_wn2_has_batch_n_use_out_source_n_do_axpby_n_align_M_t_align_N_t_align_K_t|steel_gemm_splitk_nt_bfloat16_float32_bm32_bn32_bk16_wm2_wn2_MN_taligned_K_taligned|steel_gemm_splitk_accum_bfloat16_float32|custom_kernel_laguna_prefill_sliding_qk_norm_rope_bf16_128_h1_v2_bfloat16_t_bfloat16_t_bfloat16_t_bfloat16_t_float_int32_tc_bfloat16_t_bfloat16_t|steel_attention_bfloat16_bq32_bk16_bd128_wm4_wn1_maskbfloat16_align_Q_t_align_K_t_has_mask_n_do_causal_t_has_sinks_n|Cf4IAsTypeADf4IBroadcastCBEf4IBroadcastBCFf4ILogAddExpDEGV2OAsTypeF_VC_V2_10408321403207385874_contiguous|g2_Multiplybfloat16|steel_gemm_fused_nt_bfloat16_bfloat16_bm64_bn64_bk16_wm2_wn2_has_batch_n_use_out_source_n_do_axpby_n_align_M_t_align_N_t_align_K_t|custom_kernel_laguna_residual_rms_bf16_2048_v1_bfloat16_t_bfloat16_t_bfloat16_t_bfloat16_t_bfloat16_t|steel_gemm_splitk_nt_bfloat16_float32_bm32_bn32_bk16_wm2_wn2_MN_taligned_K_taligned|steel_gemm_splitk_accum_bfloat16_float32|custom_kernel_laguna_prefill_router_tournament_ordinal_norm_v1_bfloat16_t_float_uint32_t_float|custom_kernel_mlx_lm_route_csort_scatter_fused_m8_u32_v4_uint32_t_uint32_t_uint32_t_uint32_t|gather_frontbfloat16_uint32_int_2|arangeuint32|nvfp4_gather_qmm_rhs_nt_bfloat16_t_gs_16_b_4_bm_16_bn_32_bk_32_wm_1_wn_2_align_M_t_align_N_t_align_K_t|nvfp4_qmm_t_splitk_fused_bfloat16_t_gs_16_b_4_alN_true|nvfp4_qmm_t_splitk_fused_bfloat16_t_gs_16_b_4_alN_true|g2_copybfloat16bfloat16|g2_copybfloat16bfloat16|CV2ISigmoidADV2IBroadcastACEV2IBroadcastCAFV2IMultiplyDEGV2IBroadcastFBHV2IBroadcastBFIV2OMultiplyGH_VV_V2V2_11160318154034397263_contiguous|arangeuint32|CV2ISigmoidADV2IBroadcastACEV2IBroadcastCAFV2IMultiplyDEGV2IBroadcastFBHV2IBroadcastBFIV2OMultiplyGH_VV_V2V2_11160318154034397263_contiguous|nvfp4_qmm_t_bfloat16_t_gs_16_b_4_alN_true_batch_0|nvfp4_gather_qmm_rhs_nt_bfloat16_t_gs_16_b_4_bm_16_bn_32_bk_32_wm_1_wn_2_align_M_t_align_N_t_align_K_t
GPUPROF 187994.738216375 187994.738292167 1 23101440 custom_kernel_laguna_prefill_sorted_moe_tail_bf16_v1_bfloat16_t_uint32_t_float_bfloat16_t_bfloat16_t_bfloat16_t
GPUPROF 187994.738292917 187994.750806500 30 612017668 rmsbfloat16|steel_gemm_splitk_nt_bfloat16_float32_bm32_bn32_bk16_wm2_wn2_MN_taligned_K_taligned|steel_gemm_splitk_accum_bfloat16_float32|steel_gemm_splitk_nt_bfloat16_float32_bm32_bn32_bk16_wm2_wn2_MN_taligned_K_taligned|steel_gemm_splitk_accum_bfloat16_float32|steel_gemm_fused_nt_bfloat16_bfloat16_bm64_bn64_bk16_wm2_wn2_has_batch_n_use_out_source_n_do_axpby_n_align_M_t_align_N_t_align_K_t|steel_gemm_splitk_nt_bfloat16_float32_bm32_bn32_bk16_wm2_wn2_MN_naligned_K_taligned|steel_gemm_splitk_accum_bfloat16_float32|custom_kernel_laguna_prefill_full_qk_norm_yarn_bf16_128_h1_v2_bfloat16_t_bfloat16_t_bfloat16_t_bfloat16_t_float_int32_tc_bfloat16_t_bfloat16_t|steel_attention_bfloat16_bq32_bk16_bd128_wm4_wn1_maskbfloat16_align_Q_t_align_K_t_has_mask_n_do_causal_t_has_sinks_n|Cf4IAsTypeADf4IBroadcastCBEf4IBroadcastBCFf4ILogAddExpDEGV2OAsTypeF_VC_V2_10408321403207385874_contiguous|g2_Multiplybfloat16|steel_gemm_fused_nt_bfloat16_bfloat16_bm64_bn64_bk16_wm2_wn2_has_batch_n_use_out_source_n_do_axpby_n_align_M_t_align_N_t_align_K_t|custom_kernel_laguna_residual_rms_bf16_2048_v1_bfloat16_t_bfloat16_t_bfloat16_t_bfloat16_t_bfloat16_t|steel_gemm_splitk_nt_bfloat16_float32_bm32_bn32_bk16_wm2_wn2_MN_taligned_K_taligned|steel_gemm_splitk_accum_bfloat16_float32|custom_kernel_laguna_prefill_router_tournament_ordinal_norm_v1_bfloat16_t_float_uint32_t_float|custom_kernel_mlx_lm_route_csort_scatter_fused_m8_u32_v4_uint32_t_uint32_t_uint32_t_uint32_t|gather_frontbfloat16_uint32_int_2|arangeuint32|nvfp4_gather_qmm_rhs_nt_bfloat16_t_gs_16_b_4_bm_16_bn_32_bk_32_wm_1_wn_2_align_M_t_align_N_t_align_K_t|nvfp4_qmm_t_splitk_fused_bfloat16_t_gs_16_b_4_alN_true|nvfp4_qmm_t_splitk_fused_bfloat16_t_gs_16_b_4_alN_true|g2_copybfloat16bfloat16|g2_copybfloat16bfloat16|CV2ISigmoidADV2IBroadcastACEV2IBroadcastCAFV2IMultiplyDEGV2IBroadcastFBHV2IBroadcastBFIV2OMultiplyGH_VV_V2V2_11160318154034397263_contiguous|arangeuint32|CV2ISigmoidADV2IBroadcastACEV2IBroadcastCAFV2IMultiplyDEGV2IBroadcastFBHV2IBroadcastBFIV2OMultiplyGH_VV_V2V2_11160318154034397263_contiguous|nvfp4_qmm_t_bfloat16_t_gs_16_b_4_alN_true_batch_0|nvfp4_gather_qmm_rhs_nt_bfloat16_t_gs_16_b_4_bm_16_bn_32_bk_32_wm_1_wn_2_align_M_t_align_N_t_align_K_t
GPUPROF 187994.750807167 187994.750882500 1 23101440 custom_kernel_laguna_prefill_sorted_moe_tail_bf16_v1_bfloat16_t_uint32_t_float_bfloat16_t_bfloat16_t_bfloat16_t
GPUPROF 187994.750883250 187994.764557375 30 636347908 rmsbfloat16|steel_gemm_splitk_nt_bfloat16_float32_bm32_bn32_bk16_wm2_wn2_MN_taligned_K_taligned|steel_gemm_splitk_accum_bfloat16_float32|steel_gemm_splitk_nt_bfloat16_float32_bm32_bn32_bk16_wm2_wn2_MN_taligned_K_taligned|steel_gemm_splitk_accum_bfloat16_float32|steel_gemm_fused_nt_bfloat16_bfloat16_bm64_bn64_bk16_wm2_wn2_has_batch_n_use_out_source_n_do_axpby_n_align_M_t_align_N_t_align_K_t|steel_gemm_splitk_nt_bfloat16_float32_bm32_bn32_bk16_wm2_wn2_MN_taligned_K_taligned|steel_gemm_splitk_accum_bfloat16_float32|custom_kernel_laguna_prefill_sliding_qk_norm_rope_bf16_128_h1_v2_bfloat16_t_bfloat16_t_bfloat16_t_bfloat16_t_float_int32_tc_bfloat16_t_bfloat16_t|steel_attention_bfloat16_bq32_bk16_bd128_wm4_wn1_maskbfloat16_align_Q_t_align_K_t_has_mask_n_do_causal_t_has_sinks_n|Cf4IAsTypeADf4IBroadcastCBEf4IBroadcastBCFf4ILogAddExpDEGV2OAsTypeF_VC_V2_10408321403207385874_contiguous|g2_Multiplybfloat16|steel_gemm_fused_nt_bfloat16_bfloat16_bm64_bn64_bk16_wm2_wn2_has_batch_n_use_out_source_n_do_axpby_n_align_M_t_align_N_t_align_K_t|custom_kernel_laguna_residual_rms_bf16_2048_v1_bfloat16_t_bfloat16_t_bfloat16_t_bfloat16_t_bfloat16_t|steel_gemm_splitk_nt_bfloat16_float32_bm32_bn32_bk16_wm2_wn2_MN_taligned_K_taligned|steel_gemm_splitk_accum_bfloat16_float32|custom_kernel_laguna_prefill_router_tournament_ordinal_norm_v1_bfloat16_t_float_uint32_t_float|custom_kernel_mlx_lm_route_csort_scatter_fused_m8_u32_v4_uint32_t_uint32_t_uint32_t_uint32_t|gather_frontbfloat16_uint32_int_2|arangeuint32|nvfp4_gather_qmm_rhs_nt_bfloat16_t_gs_16_b_4_bm_16_bn_32_bk_32_wm_1_wn_2_align_M_t_align_N_t_align_K_t|nvfp4_qmm_t_splitk_fused_bfloat16_t_gs_16_b_4_alN_true|nvfp4_qmm_t_splitk_fused_bfloat16_t_gs_16_b_4_alN_true|g2_copybfloat16bfloat16|g2_copybfloat16bfloat16|CV2ISigmoidADV2IBroadcastACEV2IBroadcastCAFV2IMultiplyDEGV2IBroadcastFBHV2IBroadcastBFIV2OMultiplyGH_VV_V2V2_11160318154034397263_contiguous|arangeuint32|CV2ISigmoidADV2IBroadcastACEV2IBroadcastCAFV2IMultiplyDEGV2IBroadcastFBHV2IBroadcastBFIV2OMultiplyGH_VV_V2V2_11160318154034397263_contiguous|nvfp4_qmm_t_bfloat16_t_gs_16_b_4_alN_true_batch_0|nvfp4_gather_qmm_rhs_nt_bfloat16_t_gs_16_b_4_bm_16_bn_32_bk_32_wm_1_wn_2_align_M_t_align_N_t_align_K_t
GPUPROF 187994.764558125 187994.764638500 1 23101440 custom_kernel_laguna_prefill_sorted_moe_tail_bf16_v1_bfloat16_t_uint32_t_float_bfloat16_t_bfloat16_t_bfloat16_t
GPUPROF 187994.764639250 187994.778256667 30 636347908 rmsbfloat16|steel_gemm_splitk_nt_bfloat16_float32_bm32_bn32_bk16_wm2_wn2_MN_taligned_K_taligned|steel_gemm_splitk_accum_bfloat16_float32|steel_gemm_splitk_nt_bfloat16_float32_bm32_bn32_bk16_wm2_wn2_MN_taligned_K_taligned|steel_gemm_splitk_accum_bfloat16_float32|steel_gemm_fused_nt_bfloat16_bfloat16_bm64_bn64_bk16_wm2_wn2_has_batch_n_use_out_source_n_do_axpby_n_align_M_t_align_N_t_align_K_t|steel_gemm_splitk_nt_bfloat16_float32_bm32_bn32_bk16_wm2_wn2_MN_taligned_K_taligned|steel_gemm_splitk_accum_bfloat16_float32|custom_kernel_laguna_prefill_sliding_qk_norm_rope_bf16_128_h1_v2_bfloat16_t_bfloat16_t_bfloat16_t_bfloat16_t_float_int32_tc_bfloat16_t_bfloat16_t|steel_attention_bfloat16_bq32_bk16_bd128_wm4_wn1_maskbfloat16_align_Q_t_align_K_t_has_mask_n_do_causal_t_has_sinks_n|Cf4IAsTypeADf4IBroadcastCBEf4IBroadcastBCFf4ILogAddExpDEGV2OAsTypeF_VC_V2_10408321403207385874_contiguous|g2_Multiplybfloat16|steel_gemm_fused_nt_bfloat16_bfloat16_bm64_bn64_bk16_wm2_wn2_has_batch_n_use_out_source_n_do_axpby_n_align_M_t_align_N_t_align_K_t|custom_kernel_laguna_residual_rms_bf16_2048_v1_bfloat16_t_bfloat16_t_bfloat16_t_bfloat16_t_bfloat16_t|steel_gemm_splitk_nt_bfloat16_float32_bm32_bn32_bk16_wm2_wn2_MN_taligned_K_taligned|steel_gemm_splitk_accum_bfloat16_float32|custom_kernel_laguna_prefill_router_tournament_ordinal_norm_v1_bfloat16_t_float_uint32_t_float|custom_kernel_mlx_lm_route_csort_scatter_fused_m8_u32_v4_uint32_t_uint32_t_uint32_t_uint32_t|gather_frontbfloat16_uint32_int_2|arangeuint32|nvfp4_gather_qmm_rhs_nt_bfloat16_t_gs_16_b_4_bm_16_bn_32_bk_32_wm_1_wn_2_align_M_t_align_N_t_align_K_t|nvfp4_qmm_t_splitk_fused_bfloat16_t_gs_16_b_4_alN_true|nvfp4_qmm_t_splitk_fused_bfloat16_t_gs_16_b_4_alN_true|g2_copybfloat16bfloat16|g2_copybfloat16bfloat16|CV2ISigmoidADV2IBroadcastACEV2IBroadcastCAFV2IMultiplyDEGV2IBroadcastFBHV2IBroadcastBFIV2OMultiplyGH_VV_V2V2_11160318154034397263_contiguous|arangeuint32|CV2ISigmoidADV2IBroadcastACEV2IBroadcastCAFV2IMultiplyDEGV2IBroadcastFBHV2IBroadcastBFIV2OMultiplyGH_VV_V2V2_11160318154034397263_contiguous|nvfp4_qmm_t_bfloat16_t_gs_16_b_4_alN_true_batch_0|nvfp4_gather_qmm_rhs_nt_bfloat16_t_gs_16_b_4_bm_16_bn_32_bk_32_wm_1_wn_2_align_M_t_align_N_t_align_K_t
GPUPROF 187994.778274875 187994.778351250 1 23101440 custom_kernel_laguna_prefill_sorted_moe_tail_bf16_v1_bfloat16_t_uint32_t_float_bfloat16_t_bfloat16_t_bfloat16_t
GPUPROF 187994.778352000 187994.791726750 30 636347908 rmsbfloat16|steel_gemm_splitk_nt_bfloat16_float32_bm32_bn32_bk16_wm2_wn2_MN_taligned_K_taligned|steel_gemm_splitk_accum_bfloat16_float32|steel_gemm_splitk_nt_bfloat16_float32_bm32_bn32_bk16_wm2_wn2_MN_taligned_K_taligned|steel_gemm_splitk_accum_bfloat16_float32|steel_gemm_fused_nt_bfloat16_bfloat16_bm64_bn64_bk16_wm2_wn2_has_batch_n_use_out_source_n_do_axpby_n_align_M_t_align_N_t_align_K_t|steel_gemm_splitk_nt_bfloat16_float32_bm32_bn32_bk16_wm2_wn2_MN_taligned_K_taligned|steel_gemm_splitk_accum_bfloat16_float32|custom_kernel_laguna_prefill_sliding_qk_norm_rope_bf16_128_h1_v2_bfloat16_t_bfloat16_t_bfloat16_t_bfloat16_t_float_int32_tc_bfloat16_t_bfloat16_t|steel_attention_bfloat16_bq32_bk16_bd128_wm4_wn1_maskbfloat16_align_Q_t_align_K_t_has_mask_n_do_causal_t_has_sinks_n|Cf4IAsTypeADf4IBroadcastCBEf4IBroadcastBCFf4ILogAddExpDEGV2OAsTypeF_VC_V2_10408321403207385874_contiguous|g2_Multiplybfloat16|steel_gemm_fused_nt_bfloat16_bfloat16_bm64_bn64_bk16_wm2_wn2_has_batch_n_use_out_source_n_do_axpby_n_align_M_t_align_N_t_align_K_t|custom_kernel_laguna_residual_rms_bf16_2048_v1_bfloat16_t_bfloat16_t_bfloat16_t_bfloat16_t_bfloat16_t|steel_gemm_splitk_nt_bfloat16_float32_bm32_bn32_bk16_wm2_wn2_MN_taligned_K_taligned|steel_gemm_splitk_accum_bfloat16_float32|custom_kernel_laguna_prefill_router_tournament_ordinal_norm_v1_bfloat16_t_float_uint32_t_float|custom_kernel_mlx_lm_route_csort_scatter_fused_m8_u32_v4_uint32_t_uint32_t_uint32_t_uint32_t|gather_frontbfloat16_uint32_int_2|arangeuint32|nvfp4_gather_qmm_rhs_nt_bfloat16_t_gs_16_b_4_bm_16_bn_32_bk_32_wm_1_wn_2_align_M_t_align_N_t_align_K_t|nvfp4_qmm_t_splitk_fused_bfloat16_t_gs_16_b_4_alN_true|nvfp4_qmm_t_splitk_fused_bfloat16_t_gs_16_b_4_alN_true|g2_copybfloat16bfloat16|g2_copybfloat16bfloat16|CV2ISigmoidADV2IBroadcastACEV2IBroadcastCAFV2IMultiplyDEGV2IBroadcastFBHV2IBroadcastBFIV2OMultiplyGH_VV_V2V2_11160318154034397263_contiguous|arangeuint32|CV2ISigmoidADV2IBroadcastACEV2IBroadcastCAFV2IMultiplyDEGV2IBroadcastFBHV2IBroadcastBFIV2OMultiplyGH_VV_V2V2_11160318154034397263_contiguous|nvfp4_qmm_t_bfloat16_t_gs_16_b_4_alN_true_batch_0|nvfp4_gather_qmm_rhs_nt_bfloat16_t_gs_16_b_4_bm_16_bn_32_bk_32_wm_1_wn_2_align_M_t_align_N_t_align_K_t
GPUPROF 187994.791727500 187994.791805000 1 23101440 custom_kernel_laguna_prefill_sorted_moe_tail_bf16_v1_bfloat16_t_uint32_t_float_bfloat16_t_bfloat16_t_bfloat16_t
GPUPROF 187994.791805792 187994.804126042 30 612017668 rmsbfloat16|steel_gemm_splitk_nt_bfloat16_float32_bm32_bn32_bk16_wm2_wn2_MN_taligned_K_taligned|steel_gemm_splitk_accum_bfloat16_float32|steel_gemm_splitk_nt_bfloat16_float32_bm32_bn32_bk16_wm2_wn2_MN_taligned_K_taligned|steel_gemm_splitk_accum_bfloat16_float32|steel_gemm_fused_nt_bfloat16_bfloat16_bm64_bn64_bk16_wm2_wn2_has_batch_n_use_out_source_n_do_axpby_n_align_M_t_align_N_t_align_K_t|steel_gemm_splitk_nt_bfloat16_float32_bm32_bn32_bk16_wm2_wn2_MN_naligned_K_taligned|steel_gemm_splitk_accum_bfloat16_float32|custom_kernel_laguna_prefill_full_qk_norm_yarn_bf16_128_h1_v2_bfloat16_t_bfloat16_t_bfloat16_t_bfloat16_t_float_int32_tc_bfloat16_t_bfloat16_t|steel_attention_bfloat16_bq32_bk16_bd128_wm4_wn1_maskbfloat16_align_Q_t_align_K_t_has_mask_n_do_causal_t_has_sinks_n|Cf4IAsTypeADf4IBroadcastCBEf4IBroadcastBCFf4ILogAddExpDEGV2OAsTypeF_VC_V2_10408321403207385874_contiguous|g2_Multiplybfloat16|steel_gemm_fused_nt_bfloat16_bfloat16_bm64_bn64_bk16_wm2_wn2_has_batch_n_use_out_source_n_do_axpby_n_align_M_t_align_N_t_align_K_t|custom_kernel_laguna_residual_rms_bf16_2048_v1_bfloat16_t_bfloat16_t_bfloat16_t_bfloat16_t_bfloat16_t|steel_gemm_splitk_nt_bfloat16_float32_bm32_bn32_bk16_wm2_wn2_MN_taligned_K_taligned|steel_gemm_splitk_accum_bfloat16_float32|custom_kernel_laguna_prefill_router_tournament_ordinal_norm_v1_bfloat16_t_float_uint32_t_float|custom_kernel_mlx_lm_route_csort_scatter_fused_m8_u32_v4_uint32_t_uint32_t_uint32_t_uint32_t|gather_frontbfloat16_uint32_int_2|arangeuint32|nvfp4_gather_qmm_rhs_nt_bfloat16_t_gs_16_b_4_bm_16_bn_32_bk_32_wm_1_wn_2_align_M_t_align_N_t_align_K_t|nvfp4_qmm_t_splitk_fused_bfloat16_t_gs_16_b_4_alN_true|nvfp4_qmm_t_splitk_fused_bfloat16_t_gs_16_b_4_alN_true|g2_copybfloat16bfloat16|g2_copybfloat16bfloat16|CV2ISigmoidADV2IBroadcastACEV2IBroadcastCAFV2IMultiplyDEGV2IBroadcastFBHV2IBroadcastBFIV2OMultiplyGH_VV_V2V2_11160318154034397263_contiguous|arangeuint32|CV2ISigmoidADV2IBroadcastACEV2IBroadcastCAFV2IMultiplyDEGV2IBroadcastFBHV2IBroadcastBFIV2OMultiplyGH_VV_V2V2_11160318154034397263_contiguous|nvfp4_qmm_t_bfloat16_t_gs_16_b_4_alN_true_batch_0|nvfp4_gather_qmm_rhs_nt_bfloat16_t_gs_16_b_4_bm_16_bn_32_bk_32_wm_1_wn_2_align_M_t_align_N_t_align_K_t
GPUPROF 187994.804144375 187994.804219250 1 23101440 custom_kernel_laguna_prefill_sorted_moe_tail_bf16_v1_bfloat16_t_uint32_t_float_bfloat16_t_bfloat16_t_bfloat16_t
GPUPROF 187994.804220125 187994.817753667 30 636347908 rmsbfloat16|steel_gemm_splitk_nt_bfloat16_float32_bm32_bn32_bk16_wm2_wn2_MN_taligned_K_taligned|steel_gemm_splitk_accum_bfloat16_float32|steel_gemm_splitk_nt_bfloat16_float32_bm32_bn32_bk16_wm2_wn2_MN_taligned_K_taligned|steel_gemm_splitk_accum_bfloat16_float32|steel_gemm_fused_nt_bfloat16_bfloat16_bm64_bn64_bk16_wm2_wn2_has_batch_n_use_out_source_n_do_axpby_n_align_M_t_align_N_t_align_K_t|steel_gemm_splitk_nt_bfloat16_float32_bm32_bn32_bk16_wm2_wn2_MN_taligned_K_taligned|steel_gemm_splitk_accum_bfloat16_float32|custom_kernel_laguna_prefill_sliding_qk_norm_rope_bf16_128_h1_v2_bfloat16_t_bfloat16_t_bfloat16_t_bfloat16_t_float_int32_tc_bfloat16_t_bfloat16_t|steel_attention_bfloat16_bq32_bk16_bd128_wm4_wn1_maskbfloat16_align_Q_t_align_K_t_has_mask_n_do_causal_t_has_sinks_n|Cf4IAsTypeADf4IBroadcastCBEf4IBroadcastBCFf4ILogAddExpDEGV2OAsTypeF_VC_V2_10408321403207385874_contiguous|g2_Multiplybfloat16|steel_gemm_fused_nt_bfloat16_bfloat16_bm64_bn64_bk16_wm2_wn2_has_batch_n_use_out_source_n_do_axpby_n_align_M_t_align_N_t_align_K_t|custom_kernel_laguna_residual_rms_bf16_2048_v1_bfloat16_t_bfloat16_t_bfloat16_t_bfloat16_t_bfloat16_t|steel_gemm_splitk_nt_bfloat16_float32_bm32_bn32_bk16_wm2_wn2_MN_taligned_K_taligned|steel_gemm_splitk_accum_bfloat16_float32|custom_kernel_laguna_prefill_router_tournament_ordinal_norm_v1_bfloat16_t_float_uint32_t_float|custom_kernel_mlx_lm_route_csort_scatter_fused_m8_u32_v4_uint32_t_uint32_t_uint32_t_uint32_t|gather_frontbfloat16_uint32_int_2|arangeuint32|nvfp4_gather_qmm_rhs_nt_bfloat16_t_gs_16_b_4_bm_16_bn_32_bk_32_wm_1_wn_2_align_M_t_align_N_t_align_K_t|nvfp4_qmm_t_splitk_fused_bfloat16_t_gs_16_b_4_alN_true|nvfp4_qmm_t_splitk_fused_bfloat16_t_gs_16_b_4_alN_true|g2_copybfloat16bfloat16|g2_copybfloat16bfloat16|CV2ISigmoidADV2IBroadcastACEV2IBroadcastCAFV2IMultiplyDEGV2IBroadcastFBHV2IBroadcastBFIV2OMultiplyGH_VV_V2V2_11160318154034397263_contiguous|arangeuint32|CV2ISigmoidADV2IBroadcastACEV2IBroadcastCAFV2IMultiplyDEGV2IBroadcastFBHV2IBroadcastBFIV2OMultiplyGH_VV_V2V2_11160318154034397263_contiguous|nvfp4_qmm_t_bfloat16_t_gs_16_b_4_alN_true_batch_0|nvfp4_gather_qmm_rhs_nt_bfloat16_t_gs_16_b_4_bm_16_bn_32_bk_32_wm_1_wn_2_align_M_t_align_N_t_align_K_t
GPUPROF 187994.817757292 187994.817834792 1 23101440 custom_kernel_laguna_prefill_sorted_moe_tail_bf16_v1_bfloat16_t_uint32_t_float_bfloat16_t_bfloat16_t_bfloat16_t
GPUPROF 187994.817835625 187994.831436792 30 636347908 rmsbfloat16|steel_gemm_splitk_nt_bfloat16_float32_bm32_bn32_bk16_wm2_wn2_MN_taligned_K_taligned|steel_gemm_splitk_accum_bfloat16_float32|steel_gemm_splitk_nt_bfloat16_float32_bm32_bn32_bk16_wm2_wn2_MN_taligned_K_taligned|steel_gemm_splitk_accum_bfloat16_float32|steel_gemm_fused_nt_bfloat16_bfloat16_bm64_bn64_bk16_wm2_wn2_has_batch_n_use_out_source_n_do_axpby_n_align_M_t_align_N_t_align_K_t|steel_gemm_splitk_nt_bfloat16_float32_bm32_bn32_bk16_wm2_wn2_MN_taligned_K_taligned|steel_gemm_splitk_accum_bfloat16_float32|custom_kernel_laguna_prefill_sliding_qk_norm_rope_bf16_128_h1_v2_bfloat16_t_bfloat16_t_bfloat16_t_bfloat16_t_float_int32_tc_bfloat16_t_bfloat16_t|steel_attention_bfloat16_bq32_bk16_bd128_wm4_wn1_maskbfloat16_align_Q_t_align_K_t_has_mask_n_do_causal_t_has_sinks_n|Cf4IAsTypeADf4IBroadcastCBEf4IBroadcastBCFf4ILogAddExpDEGV2OAsTypeF_VC_V2_10408321403207385874_contiguous|g2_Multiplybfloat16|steel_gemm_fused_nt_bfloat16_bfloat16_bm64_bn64_bk16_wm2_wn2_has_batch_n_use_out_source_n_do_axpby_n_align_M_t_align_N_t_align_K_t|custom_kernel_laguna_residual_rms_bf16_2048_v1_bfloat16_t_bfloat16_t_bfloat16_t_bfloat16_t_bfloat16_t|steel_gemm_splitk_nt_bfloat16_float32_bm32_bn32_bk16_wm2_wn2_MN_taligned_K_taligned|steel_gemm_splitk_accum_bfloat16_float32|custom_kernel_laguna_prefill_router_tournament_ordinal_norm_v1_bfloat16_t_float_uint32_t_float|custom_kernel_mlx_lm_route_csort_scatter_fused_m8_u32_v4_uint32_t_uint32_t_uint32_t_uint32_t|gather_frontbfloat16_uint32_int_2|arangeuint32|nvfp4_gather_qmm_rhs_nt_bfloat16_t_gs_16_b_4_bm_16_bn_32_bk_32_wm_1_wn_2_align_M_t_align_N_t_align_K_t|nvfp4_qmm_t_splitk_fused_bfloat16_t_gs_16_b_4_alN_true|nvfp4_qmm_t_splitk_fused_bfloat16_t_gs_16_b_4_alN_true|g2_copybfloat16bfloat16|g2_copybfloat16bfloat16|CV2ISigmoidADV2IBroadcastACEV2IBroadcastCAFV2IMultiplyDEGV2IBroadcastFBHV2IBroadcastBFIV2OMultiplyGH_VV_V2V2_11160318154034397263_contiguous|arangeuint32|CV2ISigmoidADV2IBroadcastACEV2IBroadcastCAFV2IMultiplyDEGV2IBroadcastFBHV2IBroadcastBFIV2OMultiplyGH_VV_V2V2_11160318154034397263_contiguous|nvfp4_qmm_t_bfloat16_t_gs_16_b_4_alN_true_batch_0|nvfp4_gather_qmm_rhs_nt_bfloat16_t_gs_16_b_4_bm_16_bn_32_bk_32_wm_1_wn_2_align_M_t_align_N_t_align_K_t
GPUPROF 187994.831437542 187994.831519500 1 23101440 custom_kernel_laguna_prefill_sorted_moe_tail_bf16_v1_bfloat16_t_uint32_t_float_bfloat16_t_bfloat16_t_bfloat16_t
GPUPROF 187994.831520250 187994.845167292 30 636347908 rmsbfloat16|steel_gemm_splitk_nt_bfloat16_float32_bm32_bn32_bk16_wm2_wn2_MN_taligned_K_taligned|steel_gemm_splitk_accum_bfloat16_float32|steel_gemm_splitk_nt_bfloat16_float32_bm32_bn32_bk16_wm2_wn2_MN_taligned_K_taligned|steel_gemm_splitk_accum_bfloat16_float32|steel_gemm_fused_nt_bfloat16_bfloat16_bm64_bn64_bk16_wm2_wn2_has_batch_n_use_out_source_n_do_axpby_n_align_M_t_align_N_t_align_K_t|steel_gemm_splitk_nt_bfloat16_float32_bm32_bn32_bk16_wm2_wn2_MN_taligned_K_taligned|steel_gemm_splitk_accum_bfloat16_float32|custom_kernel_laguna_prefill_sliding_qk_norm_rope_bf16_128_h1_v2_bfloat16_t_bfloat16_t_bfloat16_t_bfloat16_t_float_int32_tc_bfloat16_t_bfloat16_t|steel_attention_bfloat16_bq32_bk16_bd128_wm4_wn1_maskbfloat16_align_Q_t_align_K_t_has_mask_n_do_causal_t_has_sinks_n|Cf4IAsTypeADf4IBroadcastCBEf4IBroadcastBCFf4ILogAddExpDEGV2OAsTypeF_VC_V2_10408321403207385874_contiguous|g2_Multiplybfloat16|steel_gemm_fused_nt_bfloat16_bfloat16_bm64_bn64_bk16_wm2_wn2_has_batch_n_use_out_source_n_do_axpby_n_align_M_t_align_N_t_align_K_t|custom_kernel_laguna_residual_rms_bf16_2048_v1_bfloat16_t_bfloat16_t_bfloat16_t_bfloat16_t_bfloat16_t|steel_gemm_splitk_nt_bfloat16_float32_bm32_bn32_bk16_wm2_wn2_MN_taligned_K_taligned|steel_gemm_splitk_accum_bfloat16_float32|custom_kernel_laguna_prefill_router_tournament_ordinal_norm_v1_bfloat16_t_float_uint32_t_float|custom_kernel_mlx_lm_route_csort_scatter_fused_m8_u32_v4_uint32_t_uint32_t_uint32_t_uint32_t|gather_frontbfloat16_uint32_int_2|arangeuint32|nvfp4_gather_qmm_rhs_nt_bfloat16_t_gs_16_b_4_bm_16_bn_32_bk_32_wm_1_wn_2_align_M_t_align_N_t_align_K_t|nvfp4_qmm_t_splitk_fused_bfloat16_t_gs_16_b_4_alN_true|nvfp4_qmm_t_splitk_fused_bfloat16_t_gs_16_b_4_alN_true|g2_copybfloat16bfloat16|g2_copybfloat16bfloat16|CV2ISigmoidADV2IBroadcastACEV2IBroadcastCAFV2IMultiplyDEGV2IBroadcastFBHV2IBroadcastBFIV2OMultiplyGH_VV_V2V2_11160318154034397263_contiguous|arangeuint32|CV2ISigmoidADV2IBroadcastACEV2IBroadcastCAFV2IMultiplyDEGV2IBroadcastFBHV2IBroadcastBFIV2OMultiplyGH_VV_V2V2_11160318154034397263_contiguous|nvfp4_qmm_t_bfloat16_t_gs_16_b_4_alN_true_batch_0|nvfp4_gather_qmm_rhs_nt_bfloat16_t_gs_16_b_4_bm_16_bn_32_bk_32_wm_1_wn_2_align_M_t_align_N_t_align_K_t
GPUPROF 187994.845168250 187994.845246000 1 23101440 custom_kernel_laguna_prefill_sorted_moe_tail_bf16_v1_bfloat16_t_uint32_t_float_bfloat16_t_bfloat16_t_bfloat16_t
GPUPROF 187994.845246750 187994.857875792 30 612017668 rmsbfloat16|steel_gemm_splitk_nt_bfloat16_float32_bm32_bn32_bk16_wm2_wn2_MN_taligned_K_taligned|steel_gemm_splitk_accum_bfloat16_float32|steel_gemm_splitk_nt_bfloat16_float32_bm32_bn32_bk16_wm2_wn2_MN_taligned_K_taligned|steel_gemm_splitk_accum_bfloat16_float32|steel_gemm_fused_nt_bfloat16_bfloat16_bm64_bn64_bk16_wm2_wn2_has_batch_n_use_out_source_n_do_axpby_n_align_M_t_align_N_t_align_K_t|steel_gemm_splitk_nt_bfloat16_float32_bm32_bn32_bk16_wm2_wn2_MN_naligned_K_taligned|steel_gemm_splitk_accum_bfloat16_float32|custom_kernel_laguna_prefill_full_qk_norm_yarn_bf16_128_h1_v2_bfloat16_t_bfloat16_t_bfloat16_t_bfloat16_t_float_int32_tc_bfloat16_t_bfloat16_t|steel_attention_bfloat16_bq32_bk16_bd128_wm4_wn1_maskbfloat16_align_Q_t_align_K_t_has_mask_n_do_causal_t_has_sinks_n|Cf4IAsTypeADf4IBroadcastCBEf4IBroadcastBCFf4ILogAddExpDEGV2OAsTypeF_VC_V2_10408321403207385874_contiguous|g2_Multiplybfloat16|steel_gemm_fused_nt_bfloat16_bfloat16_bm64_bn64_bk16_wm2_wn2_has_batch_n_use_out_source_n_do_axpby_n_align_M_t_align_N_t_align_K_t|custom_kernel_laguna_residual_rms_bf16_2048_v1_bfloat16_t_bfloat16_t_bfloat16_t_bfloat16_t_bfloat16_t|steel_gemm_splitk_nt_bfloat16_float32_bm32_bn32_bk16_wm2_wn2_MN_taligned_K_taligned|steel_gemm_splitk_accum_bfloat16_float32|custom_kernel_laguna_prefill_router_tournament_ordinal_norm_v1_bfloat16_t_float_uint32_t_float|custom_kernel_mlx_lm_route_csort_scatter_fused_m8_u32_v4_uint32_t_uint32_t_uint32_t_uint32_t|gather_frontbfloat16_uint32_int_2|arangeuint32|nvfp4_gather_qmm_rhs_nt_bfloat16_t_gs_16_b_4_bm_16_bn_32_bk_32_wm_1_wn_2_align_M_t_align_N_t_align_K_t|nvfp4_qmm_t_splitk_fused_bfloat16_t_gs_16_b_4_alN_true|nvfp4_qmm_t_splitk_fused_bfloat16_t_gs_16_b_4_alN_true|g2_copybfloat16bfloat16|g2_copybfloat16bfloat16|CV2ISigmoidADV2IBroadcastACEV2IBroadcastCAFV2IMultiplyDEGV2IBroadcastFBHV2IBroadcastBFIV2OMultiplyGH_VV_V2V2_11160318154034397263_contiguous|arangeuint32|CV2ISigmoidADV2IBroadcastACEV2IBroadcastCAFV2IMultiplyDEGV2IBroadcastFBHV2IBroadcastBFIV2OMultiplyGH_VV_V2V2_11160318154034397263_contiguous|nvfp4_qmm_t_bfloat16_t_gs_16_b_4_alN_true_batch_0|nvfp4_gather_qmm_rhs_nt_bfloat16_t_gs_16_b_4_bm_16_bn_32_bk_32_wm_1_wn_2_align_M_t_align_N_t_align_K_t
GPUPROF 187994.857891292 187994.857968250 1 23101440 custom_kernel_laguna_prefill_sorted_moe_tail_bf16_v1_bfloat16_t_uint32_t_float_bfloat16_t_bfloat16_t_bfloat16_t
GPUPROF 187994.857969000 187994.872111417 30 636347908 rmsbfloat16|steel_gemm_splitk_nt_bfloat16_float32_bm32_bn32_bk16_wm2_wn2_MN_taligned_K_taligned|steel_gemm_splitk_accum_bfloat16_float32|steel_gemm_splitk_nt_bfloat16_float32_bm32_bn32_bk16_wm2_wn2_MN_taligned_K_taligned|steel_gemm_splitk_accum_bfloat16_float32|steel_gemm_fused_nt_bfloat16_bfloat16_bm64_bn64_bk16_wm2_wn2_has_batch_n_use_out_source_n_do_axpby_n_align_M_t_align_N_t_align_K_t|steel_gemm_splitk_nt_bfloat16_float32_bm32_bn32_bk16_wm2_wn2_MN_taligned_K_taligned|steel_gemm_splitk_accum_bfloat16_float32|custom_kernel_laguna_prefill_sliding_qk_norm_rope_bf16_128_h1_v2_bfloat16_t_bfloat16_t_bfloat16_t_bfloat16_t_float_int32_tc_bfloat16_t_bfloat16_t|steel_attention_bfloat16_bq32_bk16_bd128_wm4_wn1_maskbfloat16_align_Q_t_align_K_t_has_mask_n_do_causal_t_has_sinks_n|Cf4IAsTypeADf4IBroadcastCBEf4IBroadcastBCFf4ILogAddExpDEGV2OAsTypeF_VC_V2_10408321403207385874_contiguous|g2_Multiplybfloat16|steel_gemm_fused_nt_bfloat16_bfloat16_bm64_bn64_bk16_wm2_wn2_has_batch_n_use_out_source_n_do_axpby_n_align_M_t_align_N_t_align_K_t|custom_kernel_laguna_residual_rms_bf16_2048_v1_bfloat16_t_bfloat16_t_bfloat16_t_bfloat16_t_bfloat16_t|steel_gemm_splitk_nt_bfloat16_float32_bm32_bn32_bk16_wm2_wn2_MN_taligned_K_taligned|steel_gemm_splitk_accum_bfloat16_float32|custom_kernel_laguna_prefill_router_tournament_ordinal_norm_v1_bfloat16_t_float_uint32_t_float|custom_kernel_mlx_lm_route_csort_scatter_fused_m8_u32_v4_uint32_t_uint32_t_uint32_t_uint32_t|gather_frontbfloat16_uint32_int_2|arangeuint32|nvfp4_gather_qmm_rhs_nt_bfloat16_t_gs_16_b_4_bm_16_bn_32_bk_32_wm_1_wn_2_align_M_t_align_N_t_align_K_t|nvfp4_qmm_t_splitk_fused_bfloat16_t_gs_16_b_4_alN_true|nvfp4_qmm_t_splitk_fused_bfloat16_t_gs_16_b_4_alN_true|g2_copybfloat16bfloat16|g2_copybfloat16bfloat16|CV2ISigmoidADV2IBroadcastACEV2IBroadcastCAFV2IMultiplyDEGV2IBroadcastFBHV2IBroadcastBFIV2OMultiplyGH_VV_V2V2_11160318154034397263_contiguous|arangeuint32|CV2ISigmoidADV2IBroadcastACEV2IBroadcastCAFV2IMultiplyDEGV2IBroadcastFBHV2IBroadcastBFIV2OMultiplyGH_VV_V2V2_11160318154034397263_contiguous|nvfp4_qmm_t_bfloat16_t_gs_16_b_4_alN_true_batch_0|nvfp4_gather_qmm_rhs_nt_bfloat16_t_gs_16_b_4_bm_16_bn_32_bk_32_wm_1_wn_2_align_M_t_align_N_t_align_K_t
GPUPROF 187994.872112167 187994.872188792 1 23101440 custom_kernel_laguna_prefill_sorted_moe_tail_bf16_v1_bfloat16_t_uint32_t_float_bfloat16_t_bfloat16_t_bfloat16_t
GPUPROF 187994.872189792 187994.886190875 30 636347908 rmsbfloat16|steel_gemm_splitk_nt_bfloat16_float32_bm32_bn32_bk16_wm2_wn2_MN_taligned_K_taligned|steel_gemm_splitk_accum_bfloat16_float32|steel_gemm_splitk_nt_bfloat16_float32_bm32_bn32_bk16_wm2_wn2_MN_taligned_K_taligned|steel_gemm_splitk_accum_bfloat16_float32|steel_gemm_fused_nt_bfloat16_bfloat16_bm64_bn64_bk16_wm2_wn2_has_batch_n_use_out_source_n_do_axpby_n_align_M_t_align_N_t_align_K_t|steel_gemm_splitk_nt_bfloat16_float32_bm32_bn32_bk16_wm2_wn2_MN_taligned_K_taligned|steel_gemm_splitk_accum_bfloat16_float32|custom_kernel_laguna_prefill_sliding_qk_norm_rope_bf16_128_h1_v2_bfloat16_t_bfloat16_t_bfloat16_t_bfloat16_t_float_int32_tc_bfloat16_t_bfloat16_t|steel_attention_bfloat16_bq32_bk16_bd128_wm4_wn1_maskbfloat16_align_Q_t_align_K_t_has_mask_n_do_causal_t_has_sinks_n|Cf4IAsTypeADf4IBroadcastCBEf4IBroadcastBCFf4ILogAddExpDEGV2OAsTypeF_VC_V2_10408321403207385874_contiguous|g2_Multiplybfloat16|steel_gemm_fused_nt_bfloat16_bfloat16_bm64_bn64_bk16_wm2_wn2_has_batch_n_use_out_source_n_do_axpby_n_align_M_t_align_N_t_align_K_t|custom_kernel_laguna_residual_rms_bf16_2048_v1_bfloat16_t_bfloat16_t_bfloat16_t_bfloat16_t_bfloat16_t|steel_gemm_splitk_nt_bfloat16_float32_bm32_bn32_bk16_wm2_wn2_MN_taligned_K_taligned|steel_gemm_splitk_accum_bfloat16_float32|custom_kernel_laguna_prefill_router_tournament_ordinal_norm_v1_bfloat16_t_float_uint32_t_float|custom_kernel_mlx_lm_route_csort_scatter_fused_m8_u32_v4_uint32_t_uint32_t_uint32_t_uint32_t|gather_frontbfloat16_uint32_int_2|arangeuint32|nvfp4_gather_qmm_rhs_nt_bfloat16_t_gs_16_b_4_bm_16_bn_32_bk_32_wm_1_wn_2_align_M_t_align_N_t_align_K_t|nvfp4_qmm_t_splitk_fused_bfloat16_t_gs_16_b_4_alN_true|nvfp4_qmm_t_splitk_fused_bfloat16_t_gs_16_b_4_alN_true|g2_copybfloat16bfloat16|g2_copybfloat16bfloat16|CV2ISigmoidADV2IBroadcastACEV2IBroadcastCAFV2IMultiplyDEGV2IBroadcastFBHV2IBroadcastBFIV2OMultiplyGH_VV_V2V2_11160318154034397263_contiguous|arangeuint32|CV2ISigmoidADV2IBroadcastACEV2IBroadcastCAFV2IMultiplyDEGV2IBroadcastFBHV2IBroadcastBFIV2OMultiplyGH_VV_V2V2_11160318154034397263_contiguous|nvfp4_qmm_t_bfloat16_t_gs_16_b_4_alN_true_batch_0|nvfp4_gather_qmm_rhs_nt_bfloat16_t_gs_16_b_4_bm_16_bn_32_bk_32_wm_1_wn_2_align_M_t_align_N_t_align_K_t
GPUPROF 187994.886191625 187994.886267792 1 23101440 custom_kernel_laguna_prefill_sorted_moe_tail_bf16_v1_bfloat16_t_uint32_t_float_bfloat16_t_bfloat16_t_bfloat16_t
GPUPROF 187994.886268625 187994.900361250 30 636347908 rmsbfloat16|steel_gemm_splitk_nt_bfloat16_float32_bm32_bn32_bk16_wm2_wn2_MN_taligned_K_taligned|steel_gemm_splitk_accum_bfloat16_float32|steel_gemm_splitk_nt_bfloat16_float32_bm32_bn32_bk16_wm2_wn2_MN_taligned_K_taligned|steel_gemm_splitk_accum_bfloat16_float32|steel_gemm_fused_nt_bfloat16_bfloat16_bm64_bn64_bk16_wm2_wn2_has_batch_n_use_out_source_n_do_axpby_n_align_M_t_align_N_t_align_K_t|steel_gemm_splitk_nt_bfloat16_float32_bm32_bn32_bk16_wm2_wn2_MN_taligned_K_taligned|steel_gemm_splitk_accum_bfloat16_float32|custom_kernel_laguna_prefill_sliding_qk_norm_rope_bf16_128_h1_v2_bfloat16_t_bfloat16_t_bfloat16_t_bfloat16_t_float_int32_tc_bfloat16_t_bfloat16_t|steel_attention_bfloat16_bq32_bk16_bd128_wm4_wn1_maskbfloat16_align_Q_t_align_K_t_has_mask_n_do_causal_t_has_sinks_n|Cf4IAsTypeADf4IBroadcastCBEf4IBroadcastBCFf4ILogAddExpDEGV2OAsTypeF_VC_V2_10408321403207385874_contiguous|g2_Multiplybfloat16|steel_gemm_fused_nt_bfloat16_bfloat16_bm64_bn64_bk16_wm2_wn2_has_batch_n_use_out_source_n_do_axpby_n_align_M_t_align_N_t_align_K_t|custom_kernel_laguna_residual_rms_bf16_2048_v1_bfloat16_t_bfloat16_t_bfloat16_t_bfloat16_t_bfloat16_t|steel_gemm_splitk_nt_bfloat16_float32_bm32_bn32_bk16_wm2_wn2_MN_taligned_K_taligned|steel_gemm_splitk_accum_bfloat16_float32|custom_kernel_laguna_prefill_router_tournament_ordinal_norm_v1_bfloat16_t_float_uint32_t_float|custom_kernel_mlx_lm_route_csort_scatter_fused_m8_u32_v4_uint32_t_uint32_t_uint32_t_uint32_t|gather_frontbfloat16_uint32_int_2|arangeuint32|nvfp4_gather_qmm_rhs_nt_bfloat16_t_gs_16_b_4_bm_16_bn_32_bk_32_wm_1_wn_2_align_M_t_align_N_t_align_K_t|nvfp4_qmm_t_splitk_fused_bfloat16_t_gs_16_b_4_alN_true|nvfp4_qmm_t_splitk_fused_bfloat16_t_gs_16_b_4_alN_true|g2_copybfloat16bfloat16|g2_copybfloat16bfloat16|CV2ISigmoidADV2IBroadcastACEV2IBroadcastCAFV2IMultiplyDEGV2IBroadcastFBHV2IBroadcastBFIV2OMultiplyGH_VV_V2V2_11160318154034397263_contiguous|arangeuint32|CV2ISigmoidADV2IBroadcastACEV2IBroadcastCAFV2IMultiplyDEGV2IBroadcastFBHV2IBroadcastBFIV2OMultiplyGH_VV_V2V2_11160318154034397263_contiguous|nvfp4_qmm_t_bfloat16_t_gs_16_b_4_alN_true_batch_0|nvfp4_gather_qmm_rhs_nt_bfloat16_t_gs_16_b_4_bm_16_bn_32_bk_32_wm_1_wn_2_align_M_t_align_N_t_align_K_t
GPUPROF 187994.900362000 187994.900442500 1 23101440 custom_kernel_laguna_prefill_sorted_moe_tail_bf16_v1_bfloat16_t_uint32_t_float_bfloat16_t_bfloat16_t_bfloat16_t
GPUPROF 187994.900443250 187994.913141542 30 612017668 rmsbfloat16|steel_gemm_splitk_nt_bfloat16_float32_bm32_bn32_bk16_wm2_wn2_MN_taligned_K_taligned|steel_gemm_splitk_accum_bfloat16_float32|steel_gemm_splitk_nt_bfloat16_float32_bm32_bn32_bk16_wm2_wn2_MN_taligned_K_taligned|steel_gemm_splitk_accum_bfloat16_float32|steel_gemm_fused_nt_bfloat16_bfloat16_bm64_bn64_bk16_wm2_wn2_has_batch_n_use_out_source_n_do_axpby_n_align_M_t_align_N_t_align_K_t|steel_gemm_splitk_nt_bfloat16_float32_bm32_bn32_bk16_wm2_wn2_MN_naligned_K_taligned|steel_gemm_splitk_accum_bfloat16_float32|custom_kernel_laguna_prefill_full_qk_norm_yarn_bf16_128_h1_v2_bfloat16_t_bfloat16_t_bfloat16_t_bfloat16_t_float_int32_tc_bfloat16_t_bfloat16_t|steel_attention_bfloat16_bq32_bk16_bd128_wm4_wn1_maskbfloat16_align_Q_t_align_K_t_has_mask_n_do_causal_t_has_sinks_n|Cf4IAsTypeADf4IBroadcastCBEf4IBroadcastBCFf4ILogAddExpDEGV2OAsTypeF_VC_V2_10408321403207385874_contiguous|g2_Multiplybfloat16|steel_gemm_fused_nt_bfloat16_bfloat16_bm64_bn64_bk16_wm2_wn2_has_batch_n_use_out_source_n_do_axpby_n_align_M_t_align_N_t_align_K_t|custom_kernel_laguna_residual_rms_bf16_2048_v1_bfloat16_t_bfloat16_t_bfloat16_t_bfloat16_t_bfloat16_t|steel_gemm_splitk_nt_bfloat16_float32_bm32_bn32_bk16_wm2_wn2_MN_taligned_K_taligned|steel_gemm_splitk_accum_bfloat16_float32|custom_kernel_laguna_prefill_router_tournament_ordinal_norm_v1_bfloat16_t_float_uint32_t_float|custom_kernel_mlx_lm_route_csort_scatter_fused_m8_u32_v4_uint32_t_uint32_t_uint32_t_uint32_t|gather_frontbfloat16_uint32_int_2|arangeuint32|nvfp4_gather_qmm_rhs_nt_bfloat16_t_gs_16_b_4_bm_16_bn_32_bk_32_wm_1_wn_2_align_M_t_align_N_t_align_K_t|nvfp4_qmm_t_splitk_fused_bfloat16_t_gs_16_b_4_alN_true|nvfp4_qmm_t_splitk_fused_bfloat16_t_gs_16_b_4_alN_true|g2_copybfloat16bfloat16|g2_copybfloat16bfloat16|CV2ISigmoidADV2IBroadcastACEV2IBroadcastCAFV2IMultiplyDEGV2IBroadcastFBHV2IBroadcastBFIV2OMultiplyGH_VV_V2V2_11160318154034397263_contiguous|arangeuint32|CV2ISigmoidADV2IBroadcastACEV2IBroadcastCAFV2IMultiplyDEGV2IBroadcastFBHV2IBroadcastBFIV2OMultiplyGH_VV_V2V2_11160318154034397263_contiguous|nvfp4_qmm_t_bfloat16_t_gs_16_b_4_alN_true_batch_0|nvfp4_gather_qmm_rhs_nt_bfloat16_t_gs_16_b_4_bm_16_bn_32_bk_32_wm_1_wn_2_align_M_t_align_N_t_align_K_t
GPUPROF 187994.913142292 187994.913221875 1 23101440 custom_kernel_laguna_prefill_sorted_moe_tail_bf16_v1_bfloat16_t_uint32_t_float_bfloat16_t_bfloat16_t_bfloat16_t
GPUPROF 187994.913222625 187994.927228042 30 636347908 rmsbfloat16|steel_gemm_splitk_nt_bfloat16_float32_bm32_bn32_bk16_wm2_wn2_MN_taligned_K_taligned|steel_gemm_splitk_accum_bfloat16_float32|steel_gemm_splitk_nt_bfloat16_float32_bm32_bn32_bk16_wm2_wn2_MN_taligned_K_taligned|steel_gemm_splitk_accum_bfloat16_float32|steel_gemm_fused_nt_bfloat16_bfloat16_bm64_bn64_bk16_wm2_wn2_has_batch_n_use_out_source_n_do_axpby_n_align_M_t_align_N_t_align_K_t|steel_gemm_splitk_nt_bfloat16_float32_bm32_bn32_bk16_wm2_wn2_MN_taligned_K_taligned|steel_gemm_splitk_accum_bfloat16_float32|custom_kernel_laguna_prefill_sliding_qk_norm_rope_bf16_128_h1_v2_bfloat16_t_bfloat16_t_bfloat16_t_bfloat16_t_float_int32_tc_bfloat16_t_bfloat16_t|steel_attention_bfloat16_bq32_bk16_bd128_wm4_wn1_maskbfloat16_align_Q_t_align_K_t_has_mask_n_do_causal_t_has_sinks_n|Cf4IAsTypeADf4IBroadcastCBEf4IBroadcastBCFf4ILogAddExpDEGV2OAsTypeF_VC_V2_10408321403207385874_contiguous|g2_Multiplybfloat16|steel_gemm_fused_nt_bfloat16_bfloat16_bm64_bn64_bk16_wm2_wn2_has_batch_n_use_out_source_n_do_axpby_n_align_M_t_align_N_t_align_K_t|custom_kernel_laguna_residual_rms_bf16_2048_v1_bfloat16_t_bfloat16_t_bfloat16_t_bfloat16_t_bfloat16_t|steel_gemm_splitk_nt_bfloat16_float32_bm32_bn32_bk16_wm2_wn2_MN_taligned_K_taligned|steel_gemm_splitk_accum_bfloat16_float32|custom_kernel_laguna_prefill_router_tournament_ordinal_norm_v1_bfloat16_t_float_uint32_t_float|custom_kernel_mlx_lm_route_csort_scatter_fused_m8_u32_v4_uint32_t_uint32_t_uint32_t_uint32_t|gather_frontbfloat16_uint32_int_2|arangeuint32|nvfp4_gather_qmm_rhs_nt_bfloat16_t_gs_16_b_4_bm_16_bn_32_bk_32_wm_1_wn_2_align_M_t_align_N_t_align_K_t|nvfp4_qmm_t_splitk_fused_bfloat16_t_gs_16_b_4_alN_true|nvfp4_qmm_t_splitk_fused_bfloat16_t_gs_16_b_4_alN_true|g2_copybfloat16bfloat16|g2_copybfloat16bfloat16|CV2ISigmoidADV2IBroadcastACEV2IBroadcastCAFV2IMultiplyDEGV2IBroadcastFBHV2IBroadcastBFIV2OMultiplyGH_VV_V2V2_11160318154034397263_contiguous|arangeuint32|CV2ISigmoidADV2IBroadcastACEV2IBroadcastCAFV2IMultiplyDEGV2IBroadcastFBHV2IBroadcastBFIV2OMultiplyGH_VV_V2V2_11160318154034397263_contiguous|nvfp4_qmm_t_bfloat16_t_gs_16_b_4_alN_true_batch_0|nvfp4_gather_qmm_rhs_nt_bfloat16_t_gs_16_b_4_bm_16_bn_32_bk_32_wm_1_wn_2_align_M_t_align_N_t_align_K_t
GPUPROF 187994.927228750 187994.927307125 1 23101440 custom_kernel_laguna_prefill_sorted_moe_tail_bf16_v1_bfloat16_t_uint32_t_float_bfloat16_t_bfloat16_t_bfloat16_t
GPUPROF 187994.927307875 187994.941422125 30 636347908 rmsbfloat16|steel_gemm_splitk_nt_bfloat16_float32_bm32_bn32_bk16_wm2_wn2_MN_taligned_K_taligned|steel_gemm_splitk_accum_bfloat16_float32|steel_gemm_splitk_nt_bfloat16_float32_bm32_bn32_bk16_wm2_wn2_MN_taligned_K_taligned|steel_gemm_splitk_accum_bfloat16_float32|steel_gemm_fused_nt_bfloat16_bfloat16_bm64_bn64_bk16_wm2_wn2_has_batch_n_use_out_source_n_do_axpby_n_align_M_t_align_N_t_align_K_t|steel_gemm_splitk_nt_bfloat16_float32_bm32_bn32_bk16_wm2_wn2_MN_taligned_K_taligned|steel_gemm_splitk_accum_bfloat16_float32|custom_kernel_laguna_prefill_sliding_qk_norm_rope_bf16_128_h1_v2_bfloat16_t_bfloat16_t_bfloat16_t_bfloat16_t_float_int32_tc_bfloat16_t_bfloat16_t|steel_attention_bfloat16_bq32_bk16_bd128_wm4_wn1_maskbfloat16_align_Q_t_align_K_t_has_mask_n_do_causal_t_has_sinks_n|Cf4IAsTypeADf4IBroadcastCBEf4IBroadcastBCFf4ILogAddExpDEGV2OAsTypeF_VC_V2_10408321403207385874_contiguous|g2_Multiplybfloat16|steel_gemm_fused_nt_bfloat16_bfloat16_bm64_bn64_bk16_wm2_wn2_has_batch_n_use_out_source_n_do_axpby_n_align_M_t_align_N_t_align_K_t|custom_kernel_laguna_residual_rms_bf16_2048_v1_bfloat16_t_bfloat16_t_bfloat16_t_bfloat16_t_bfloat16_t|steel_gemm_splitk_nt_bfloat16_float32_bm32_bn32_bk16_wm2_wn2_MN_taligned_K_taligned|steel_gemm_splitk_accum_bfloat16_float32|custom_kernel_laguna_prefill_router_tournament_ordinal_norm_v1_bfloat16_t_float_uint32_t_float|custom_kernel_mlx_lm_route_csort_scatter_fused_m8_u32_v4_uint32_t_uint32_t_uint32_t_uint32_t|gather_frontbfloat16_uint32_int_2|arangeuint32|nvfp4_gather_qmm_rhs_nt_bfloat16_t_gs_16_b_4_bm_16_bn_32_bk_32_wm_1_wn_2_align_M_t_align_N_t_align_K_t|nvfp4_qmm_t_splitk_fused_bfloat16_t_gs_16_b_4_alN_true|nvfp4_qmm_t_splitk_fused_bfloat16_t_gs_16_b_4_alN_true|g2_copybfloat16bfloat16|g2_copybfloat16bfloat16|CV2ISigmoidADV2IBroadcastACEV2IBroadcastCAFV2IMultiplyDEGV2IBroadcastFBHV2IBroadcastBFIV2OMultiplyGH_VV_V2V2_11160318154034397263_contiguous|arangeuint32|CV2ISigmoidADV2IBroadcastACEV2IBroadcastCAFV2IMultiplyDEGV2IBroadcastFBHV2IBroadcastBFIV2OMultiplyGH_VV_V2V2_11160318154034397263_contiguous|nvfp4_qmm_t_bfloat16_t_gs_16_b_4_alN_true_batch_0|nvfp4_gather_qmm_rhs_nt_bfloat16_t_gs_16_b_4_bm_16_bn_32_bk_32_wm_1_wn_2_align_M_t_align_N_t_align_K_t
GPUPROF 187994.941425750 187994.941502042 1 23101440 custom_kernel_laguna_prefill_sorted_moe_tail_bf16_v1_bfloat16_t_uint32_t_float_bfloat16_t_bfloat16_t_bfloat16_t
GPUPROF 187994.941503000 187994.955756542 30 636347908 rmsbfloat16|steel_gemm_splitk_nt_bfloat16_float32_bm32_bn32_bk16_wm2_wn2_MN_taligned_K_taligned|steel_gemm_splitk_accum_bfloat16_float32|steel_gemm_splitk_nt_bfloat16_float32_bm32_bn32_bk16_wm2_wn2_MN_taligned_K_taligned|steel_gemm_splitk_accum_bfloat16_float32|steel_gemm_fused_nt_bfloat16_bfloat16_bm64_bn64_bk16_wm2_wn2_has_batch_n_use_out_source_n_do_axpby_n_align_M_t_align_N_t_align_K_t|steel_gemm_splitk_nt_bfloat16_float32_bm32_bn32_bk16_wm2_wn2_MN_taligned_K_taligned|steel_gemm_splitk_accum_bfloat16_float32|custom_kernel_laguna_prefill_sliding_qk_norm_rope_bf16_128_h1_v2_bfloat16_t_bfloat16_t_bfloat16_t_bfloat16_t_float_int32_tc_bfloat16_t_bfloat16_t|steel_attention_bfloat16_bq32_bk16_bd128_wm4_wn1_maskbfloat16_align_Q_t_align_K_t_has_mask_n_do_causal_t_has_sinks_n|Cf4IAsTypeADf4IBroadcastCBEf4IBroadcastBCFf4ILogAddExpDEGV2OAsTypeF_VC_V2_10408321403207385874_contiguous|g2_Multiplybfloat16|steel_gemm_fused_nt_bfloat16_bfloat16_bm64_bn64_bk16_wm2_wn2_has_batch_n_use_out_source_n_do_axpby_n_align_M_t_align_N_t_align_K_t|custom_kernel_laguna_residual_rms_bf16_2048_v1_bfloat16_t_bfloat16_t_bfloat16_t_bfloat16_t_bfloat16_t|steel_gemm_splitk_nt_bfloat16_float32_bm32_bn32_bk16_wm2_wn2_MN_taligned_K_taligned|steel_gemm_splitk_accum_bfloat16_float32|custom_kernel_laguna_prefill_router_tournament_ordinal_norm_v1_bfloat16_t_float_uint32_t_float|custom_kernel_mlx_lm_route_csort_scatter_fused_m8_u32_v4_uint32_t_uint32_t_uint32_t_uint32_t|gather_frontbfloat16_uint32_int_2|arangeuint32|nvfp4_gather_qmm_rhs_nt_bfloat16_t_gs_16_b_4_bm_16_bn_32_bk_32_wm_1_wn_2_align_M_t_align_N_t_align_K_t|nvfp4_qmm_t_splitk_fused_bfloat16_t_gs_16_b_4_alN_true|nvfp4_qmm_t_splitk_fused_bfloat16_t_gs_16_b_4_alN_true|g2_copybfloat16bfloat16|g2_copybfloat16bfloat16|CV2ISigmoidADV2IBroadcastACEV2IBroadcastCAFV2IMultiplyDEGV2IBroadcastFBHV2IBroadcastBFIV2OMultiplyGH_VV_V2V2_11160318154034397263_contiguous|arangeuint32|CV2ISigmoidADV2IBroadcastACEV2IBroadcastCAFV2IMultiplyDEGV2IBroadcastFBHV2IBroadcastBFIV2OMultiplyGH_VV_V2V2_11160318154034397263_contiguous|nvfp4_qmm_t_bfloat16_t_gs_16_b_4_alN_true_batch_0|nvfp4_gather_qmm_rhs_nt_bfloat16_t_gs_16_b_4_bm_16_bn_32_bk_32_wm_1_wn_2_align_M_t_align_N_t_align_K_t
GPUPROF 187994.955760292 187994.955835417 1 23101440 custom_kernel_laguna_prefill_sorted_moe_tail_bf16_v1_bfloat16_t_uint32_t_float_bfloat16_t_bfloat16_t_bfloat16_t
GPUPROF 187994.955836167 187994.968443292 30 612017668 rmsbfloat16|steel_gemm_splitk_nt_bfloat16_float32_bm32_bn32_bk16_wm2_wn2_MN_taligned_K_taligned|steel_gemm_splitk_accum_bfloat16_float32|steel_gemm_splitk_nt_bfloat16_float32_bm32_bn32_bk16_wm2_wn2_MN_taligned_K_taligned|steel_gemm_splitk_accum_bfloat16_float32|steel_gemm_fused_nt_bfloat16_bfloat16_bm64_bn64_bk16_wm2_wn2_has_batch_n_use_out_source_n_do_axpby_n_align_M_t_align_N_t_align_K_t|steel_gemm_splitk_nt_bfloat16_float32_bm32_bn32_bk16_wm2_wn2_MN_naligned_K_taligned|steel_gemm_splitk_accum_bfloat16_float32|custom_kernel_laguna_prefill_full_qk_norm_yarn_bf16_128_h1_v2_bfloat16_t_bfloat16_t_bfloat16_t_bfloat16_t_float_int32_tc_bfloat16_t_bfloat16_t|steel_attention_bfloat16_bq32_bk16_bd128_wm4_wn1_maskbfloat16_align_Q_t_align_K_t_has_mask_n_do_causal_t_has_sinks_n|Cf4IAsTypeADf4IBroadcastCBEf4IBroadcastBCFf4ILogAddExpDEGV2OAsTypeF_VC_V2_10408321403207385874_contiguous|g2_Multiplybfloat16|steel_gemm_fused_nt_bfloat16_bfloat16_bm64_bn64_bk16_wm2_wn2_has_batch_n_use_out_source_n_do_axpby_n_align_M_t_align_N_t_align_K_t|custom_kernel_laguna_residual_rms_bf16_2048_v1_bfloat16_t_bfloat16_t_bfloat16_t_bfloat16_t_bfloat16_t|steel_gemm_splitk_nt_bfloat16_float32_bm32_bn32_bk16_wm2_wn2_MN_taligned_K_taligned|steel_gemm_splitk_accum_bfloat16_float32|custom_kernel_laguna_prefill_router_tournament_ordinal_norm_v1_bfloat16_t_float_uint32_t_float|custom_kernel_mlx_lm_route_csort_scatter_fused_m8_u32_v4_uint32_t_uint32_t_uint32_t_uint32_t|gather_frontbfloat16_uint32_int_2|arangeuint32|nvfp4_gather_qmm_rhs_nt_bfloat16_t_gs_16_b_4_bm_16_bn_32_bk_32_wm_1_wn_2_align_M_t_align_N_t_align_K_t|nvfp4_qmm_t_splitk_fused_bfloat16_t_gs_16_b_4_alN_true|nvfp4_qmm_t_splitk_fused_bfloat16_t_gs_16_b_4_alN_true|g2_copybfloat16bfloat16|g2_copybfloat16bfloat16|CV2ISigmoidADV2IBroadcastACEV2IBroadcastCAFV2IMultiplyDEGV2IBroadcastFBHV2IBroadcastBFIV2OMultiplyGH_VV_V2V2_11160318154034397263_contiguous|arangeuint32|CV2ISigmoidADV2IBroadcastACEV2IBroadcastCAFV2IMultiplyDEGV2IBroadcastFBHV2IBroadcastBFIV2OMultiplyGH_VV_V2V2_11160318154034397263_contiguous|nvfp4_qmm_t_bfloat16_t_gs_16_b_4_alN_true_batch_0|nvfp4_gather_qmm_rhs_nt_bfloat16_t_gs_16_b_4_bm_16_bn_32_bk_32_wm_1_wn_2_align_M_t_align_N_t_align_K_t
GPUPROF 187994.968447000 187994.968522500 1 23101440 custom_kernel_laguna_prefill_sorted_moe_tail_bf16_v1_bfloat16_t_uint32_t_float_bfloat16_t_bfloat16_t_bfloat16_t
GPUPROF 187994.968523250 187994.982608000 30 636347908 rmsbfloat16|steel_gemm_splitk_nt_bfloat16_float32_bm32_bn32_bk16_wm2_wn2_MN_taligned_K_taligned|steel_gemm_splitk_accum_bfloat16_float32|steel_gemm_splitk_nt_bfloat16_float32_bm32_bn32_bk16_wm2_wn2_MN_taligned_K_taligned|steel_gemm_splitk_accum_bfloat16_float32|steel_gemm_fused_nt_bfloat16_bfloat16_bm64_bn64_bk16_wm2_wn2_has_batch_n_use_out_source_n_do_axpby_n_align_M_t_align_N_t_align_K_t|steel_gemm_splitk_nt_bfloat16_float32_bm32_bn32_bk16_wm2_wn2_MN_taligned_K_taligned|steel_gemm_splitk_accum_bfloat16_float32|custom_kernel_laguna_prefill_sliding_qk_norm_rope_bf16_128_h1_v2_bfloat16_t_bfloat16_t_bfloat16_t_bfloat16_t_float_int32_tc_bfloat16_t_bfloat16_t|steel_attention_bfloat16_bq32_bk16_bd128_wm4_wn1_maskbfloat16_align_Q_t_align_K_t_has_mask_n_do_causal_t_has_sinks_n|Cf4IAsTypeADf4IBroadcastCBEf4IBroadcastBCFf4ILogAddExpDEGV2OAsTypeF_VC_V2_10408321403207385874_contiguous|g2_Multiplybfloat16|steel_gemm_fused_nt_bfloat16_bfloat16_bm64_bn64_bk16_wm2_wn2_has_batch_n_use_out_source_n_do_axpby_n_align_M_t_align_N_t_align_K_t|custom_kernel_laguna_residual_rms_bf16_2048_v1_bfloat16_t_bfloat16_t_bfloat16_t_bfloat16_t_bfloat16_t|steel_gemm_splitk_nt_bfloat16_float32_bm32_bn32_bk16_wm2_wn2_MN_taligned_K_taligned|steel_gemm_splitk_accum_bfloat16_float32|custom_kernel_laguna_prefill_router_tournament_ordinal_norm_v1_bfloat16_t_float_uint32_t_float|custom_kernel_mlx_lm_route_csort_scatter_fused_m8_u32_v4_uint32_t_uint32_t_uint32_t_uint32_t|gather_frontbfloat16_uint32_int_2|arangeuint32|nvfp4_gather_qmm_rhs_nt_bfloat16_t_gs_16_b_4_bm_16_bn_32_bk_32_wm_1_wn_2_align_M_t_align_N_t_align_K_t|nvfp4_qmm_t_splitk_fused_bfloat16_t_gs_16_b_4_alN_true|nvfp4_qmm_t_splitk_fused_bfloat16_t_gs_16_b_4_alN_true|g2_copybfloat16bfloat16|g2_copybfloat16bfloat16|CV2ISigmoidADV2IBroadcastACEV2IBroadcastCAFV2IMultiplyDEGV2IBroadcastFBHV2IBroadcastBFIV2OMultiplyGH_VV_V2V2_11160318154034397263_contiguous|arangeuint32|CV2ISigmoidADV2IBroadcastACEV2IBroadcastCAFV2IMultiplyDEGV2IBroadcastFBHV2IBroadcastBFIV2OMultiplyGH_VV_V2V2_11160318154034397263_contiguous|nvfp4_qmm_t_bfloat16_t_gs_16_b_4_alN_true_batch_0|nvfp4_gather_qmm_rhs_nt_bfloat16_t_gs_16_b_4_bm_16_bn_32_bk_32_wm_1_wn_2_align_M_t_align_N_t_align_K_t
GPUPROF 187994.982611625 187994.982688875 1 23101440 custom_kernel_laguna_prefill_sorted_moe_tail_bf16_v1_bfloat16_t_uint32_t_float_bfloat16_t_bfloat16_t_bfloat16_t
GPUPROF 187994.982689667 187994.996461542 30 636347908 rmsbfloat16|steel_gemm_splitk_nt_bfloat16_float32_bm32_bn32_bk16_wm2_wn2_MN_taligned_K_taligned|steel_gemm_splitk_accum_bfloat16_float32|steel_gemm_splitk_nt_bfloat16_float32_bm32_bn32_bk16_wm2_wn2_MN_taligned_K_taligned|steel_gemm_splitk_accum_bfloat16_float32|steel_gemm_fused_nt_bfloat16_bfloat16_bm64_bn64_bk16_wm2_wn2_has_batch_n_use_out_source_n_do_axpby_n_align_M_t_align_N_t_align_K_t|steel_gemm_splitk_nt_bfloat16_float32_bm32_bn32_bk16_wm2_wn2_MN_taligned_K_taligned|steel_gemm_splitk_accum_bfloat16_float32|custom_kernel_laguna_prefill_sliding_qk_norm_rope_bf16_128_h1_v2_bfloat16_t_bfloat16_t_bfloat16_t_bfloat16_t_float_int32_tc_bfloat16_t_bfloat16_t|steel_attention_bfloat16_bq32_bk16_bd128_wm4_wn1_maskbfloat16_align_Q_t_align_K_t_has_mask_n_do_causal_t_has_sinks_n|Cf4IAsTypeADf4IBroadcastCBEf4IBroadcastBCFf4ILogAddExpDEGV2OAsTypeF_VC_V2_10408321403207385874_contiguous|g2_Multiplybfloat16|steel_gemm_fused_nt_bfloat16_bfloat16_bm64_bn64_bk16_wm2_wn2_has_batch_n_use_out_source_n_do_axpby_n_align_M_t_align_N_t_align_K_t|custom_kernel_laguna_residual_rms_bf16_2048_v1_bfloat16_t_bfloat16_t_bfloat16_t_bfloat16_t_bfloat16_t|steel_gemm_splitk_nt_bfloat16_float32_bm32_bn32_bk16_wm2_wn2_MN_taligned_K_taligned|steel_gemm_splitk_accum_bfloat16_float32|custom_kernel_laguna_prefill_router_tournament_ordinal_norm_v1_bfloat16_t_float_uint32_t_float|custom_kernel_mlx_lm_route_csort_scatter_fused_m8_u32_v4_uint32_t_uint32_t_uint32_t_uint32_t|gather_frontbfloat16_uint32_int_2|arangeuint32|nvfp4_gather_qmm_rhs_nt_bfloat16_t_gs_16_b_4_bm_16_bn_32_bk_32_wm_1_wn_2_align_M_t_align_N_t_align_K_t|nvfp4_qmm_t_splitk_fused_bfloat16_t_gs_16_b_4_alN_true|nvfp4_qmm_t_splitk_fused_bfloat16_t_gs_16_b_4_alN_true|g2_copybfloat16bfloat16|g2_copybfloat16bfloat16|CV2ISigmoidADV2IBroadcastACEV2IBroadcastCAFV2IMultiplyDEGV2IBroadcastFBHV2IBroadcastBFIV2OMultiplyGH_VV_V2V2_11160318154034397263_contiguous|arangeuint32|CV2ISigmoidADV2IBroadcastACEV2IBroadcastCAFV2IMultiplyDEGV2IBroadcastFBHV2IBroadcastBFIV2OMultiplyGH_VV_V2V2_11160318154034397263_contiguous|nvfp4_qmm_t_bfloat16_t_gs_16_b_4_alN_true_batch_0|nvfp4_gather_qmm_rhs_nt_bfloat16_t_gs_16_b_4_bm_16_bn_32_bk_32_wm_1_wn_2_align_M_t_align_N_t_align_K_t
GPUPROF 187994.996462292 187994.996541667 1 23101440 custom_kernel_laguna_prefill_sorted_moe_tail_bf16_v1_bfloat16_t_uint32_t_float_bfloat16_t_bfloat16_t_bfloat16_t
GPUPROF 187994.996542500 187994.998062625 19 650351176 rmsbfloat16|steel_gemm_fused_nt_bfloat16_bfloat16_bm64_bn64_bk16_wm2_wn2_has_batch_n_use_out_source_n_do_axpby_n_align_M_t_align_N_t_align_K_t|gemv_al_bfloat16_bm8_bn1_sm1_sn32_tm4_tn4_nc0_axpby0|g2_copybfloat16bfloat16|rmsbfloat16|rmsbfloat16|rope_bfloat16_|rope_single_bfloat16_|Cf4IAsTypeADf4IBroadcastCBEf4IBroadcastBCFf4ILogAddExpDEGV2OAsTypeF_VC_V2_10408321403207385874_contiguous|sdpa_vector_bfloat16_t_128_128_nomask_qnt_nc_nosinks|g2_Multiplybfloat16|gemv_al_bfloat16_bm4_bn1_sm1_sn32_tm4_tn4_nc0_axpby0|custom_kernel_laguna_residual_rms_router_bf16_2048_rpg8_keys_v1_bfloat16_t_bfloat16_t_bfloat16_t_bfloat16_t_float_bfloat16_t_bfloat16_t_bfloat16_t_uint32_t|custom_kernel_laguna_shared_nvfp4_swiglu_qmv_rows1_bf16_v1_bfloat16_t_uint32_t_uint8_t_bfloat16_t|custom_kernel_laguna_decode_router_top8_ordinal_table_norm_v1_bfloat16_t_float_uint32_t_float|custom_kernel_laguna_routed_nvfp4_swiglu_qmv_packed_top8keys_r1_bf16_v2_bfloat16_t_uint32_t_uint8_t_uint32_t_bfloat16_t|custom_kernel_laguna_routed_shared_nvfp4_down_residual_bf16_r1_v5_bfloat16_t_uint32_t_uint8_t_uint32_t_float_bfloat16_t_uint32_t_uint8_t_bfloat16_t_bfloat16_t|rmsbfloat16|custom_kernel_laguna_lmhead_int5_inline_coarse_ratio_bound_delta_bf16_v6_bfloat16_t_uint8_t_uint8_t_uint8_t_float_bfloat16_t
GPUPROF 187994.998066625 187994.998151375 3 411849732 custom_kernel_laguna_lmhead_coarse_argmax_stage1_v5_float_float_uint32_t|custom_kernel_laguna_lmhead_exact_winner_bf16_midpoint_threshold_v1_float_uint32_t_bfloat16_t_bfloat16_t_float|custom_kernel_laguna_lmhead_exact_inline_mask_block_delta_bf16_lane0_mask_v1_float_bfloat16_t_floatc_bfloat16_t_bfloat16_t_bfloat16_t
GPUPROF 187994.998352875 187994.998364125 2 401416 gather_frontbfloat16_int32_int_2|argmax_bfloat16
GPUPROF 187995.003014000 187995.003387625 4 424679424 gather_frontbfloat16_int32_int_2|rmsbfloat16|steel_gemm_splitk_nt_bfloat16_float32_bm32_bn32_bk16_wm2_wn2_MN_taligned_K_taligned|steel_gemm_splitk_accum_bfloat16_float32
GPUPROF 187995.003682875 187995.015622750 16 212455940 steel_gemm_splitk_nt_bfloat16_float32_bm32_bn32_bk16_wm2_wn2_MN_taligned_K_taligned|steel_gemm_splitk_accum_bfloat16_float32|steel_gemm_fused_nt_bfloat16_bfloat16_bm64_bn64_bk16_wm2_wn2_has_batch_n_use_out_source_n_do_axpby_n_align_M_t_align_N_t_align_K_t|steel_gemm_splitk_nt_bfloat16_float32_bm32_bn32_bk16_wm2_wn2_MN_naligned_K_taligned|steel_gemm_splitk_accum_bfloat16_float32|custom_kernel_laguna_prefill_full_qk_norm_yarn_bf16_128_h1_v2_bfloat16_t_bfloat16_t_bfloat16_t_bfloat16_t_float_int32_tc_bfloat16_t_bfloat16_t|steel_attention_bfloat16_bq32_bk16_bd128_wm4_wn1_maskbfloat16_align_Q_t_align_K_t_has_mask_n_do_causal_t_has_sinks_n|Cf4IAsTypeADf4IBroadcastCBEf4IBroadcastBCFf4ILogAddExpDEGV2OAsTypeF_VC_V2_10408321403207385874_contiguous|g2_Multiplybfloat16|steel_gemm_fused_nt_bfloat16_bfloat16_bm64_bn64_bk16_wm2_wn2_has_batch_n_use_out_source_n_do_axpby_n_align_M_t_align_N_t_align_K_t|custom_kernel_laguna_residual_rms_bf16_2048_v1_bfloat16_t_bfloat16_t_bfloat16_t_bfloat16_t_bfloat16_t|steel_gemm_fused_nt_bfloat16_bfloat16_bm64_bn64_bk16_wm2_wn2_has_batch_n_use_out_source_n_do_axpby_n_align_M_t_align_N_t_align_K_t|steel_gemm_fused_nt_bfloat16_bfloat16_bm64_bn64_bk16_wm2_wn2_has_batch_n_use_out_source_n_do_axpby_n_align_M_t_align_N_t_align_K_t|CV2ISigmoidADV2IBroadcastACEV2IBroadcastCAFV2IMultiplyDEGV2IBroadcastFBHV2IBroadcastBFIV2OMultiplyGH_VV_V2V2_11160318154034397263_contiguous|steel_gemm_fused_nt_bfloat16_bfloat16_bm64_bn64_bk16_wm2_wn2_has_batch_n_use_out_source_n_do_axpby_n_align_M_t_align_N_t_align_K_t|vvn_Addbfloat16
GPUPROF 187995.015623625 187995.030301625 30 636347908 rmsbfloat16|steel_gemm_splitk_nt_bfloat16_float32_bm32_bn32_bk16_wm2_wn2_MN_taligned_K_taligned|steel_gemm_splitk_accum_bfloat16_float32|steel_gemm_splitk_nt_bfloat16_float32_bm32_bn32_bk16_wm2_wn2_MN_taligned_K_taligned|steel_gemm_splitk_accum_bfloat16_float32|steel_gemm_fused_nt_bfloat16_bfloat16_bm64_bn64_bk16_wm2_wn2_has_batch_n_use_out_source_n_do_axpby_n_align_M_t_align_N_t_align_K_t|steel_gemm_splitk_nt_bfloat16_float32_bm32_bn32_bk16_wm2_wn2_MN_taligned_K_taligned|steel_gemm_splitk_accum_bfloat16_float32|custom_kernel_laguna_prefill_sliding_qk_norm_rope_bf16_128_h1_v2_bfloat16_t_bfloat16_t_bfloat16_t_bfloat16_t_float_int32_tc_bfloat16_t_bfloat16_t|steel_attention_bfloat16_bq32_bk16_bd128_wm4_wn1_maskbfloat16_align_Q_t_align_K_t_has_mask_n_do_causal_t_has_sinks_n|Cf4IAsTypeADf4IBroadcastCBEf4IBroadcastBCFf4ILogAddExpDEGV2OAsTypeF_VC_V2_10408321403207385874_contiguous|g2_Multiplybfloat16|steel_gemm_fused_nt_bfloat16_bfloat16_bm64_bn64_bk16_wm2_wn2_has_batch_n_use_out_source_n_do_axpby_n_align_M_t_align_N_t_align_K_t|custom_kernel_laguna_residual_rms_bf16_2048_v1_bfloat16_t_bfloat16_t_bfloat16_t_bfloat16_t_bfloat16_t|steel_gemm_splitk_nt_bfloat16_float32_bm32_bn32_bk16_wm2_wn2_MN_taligned_K_taligned|steel_gemm_splitk_accum_bfloat16_float32|custom_kernel_laguna_prefill_router_tournament_ordinal_norm_v1_bfloat16_t_float_uint32_t_float|custom_kernel_mlx_lm_route_csort_scatter_fused_m8_u32_v4_uint32_t_uint32_t_uint32_t_uint32_t|gather_frontbfloat16_uint32_int_2|arangeuint32|nvfp4_gather_qmm_rhs_nt_bfloat16_t_gs_16_b_4_bm_16_bn_32_bk_32_wm_1_wn_2_align_M_t_align_N_t_align_K_t|nvfp4_qmm_t_splitk_fused_bfloat16_t_gs_16_b_4_alN_true|nvfp4_qmm_t_splitk_fused_bfloat16_t_gs_16_b_4_alN_true|g2_copybfloat16bfloat16|g2_copybfloat16bfloat16|CV2ISigmoidADV2IBroadcastACEV2IBroadcastCAFV2IMultiplyDEGV2IBroadcastFBHV2IBroadcastBFIV2OMultiplyGH_VV_V2V2_11160318154034397263_contiguous|arangeuint32|CV2ISigmoidADV2IBroadcastACEV2IBroadcastCAFV2IMultiplyDEGV2IBroadcastFBHV2IBroadcastBFIV2OMultiplyGH_VV_V2V2_11160318154034397263_contiguous|nvfp4_qmm_t_bfloat16_t_gs_16_b_4_alN_true_batch_0|nvfp4_gather_qmm_rhs_nt_bfloat16_t_gs_16_b_4_bm_16_bn_32_bk_32_wm_1_wn_2_align_M_t_align_N_t_align_K_t
GPUPROF 187995.030305625 187995.030382792 1 23101440 custom_kernel_laguna_prefill_sorted_moe_tail_bf16_v1_bfloat16_t_uint32_t_float_bfloat16_t_bfloat16_t_bfloat16_t
GPUPROF 187995.030383750 187995.045154625 30 636347908 rmsbfloat16|steel_gemm_splitk_nt_bfloat16_float32_bm32_bn32_bk16_wm2_wn2_MN_taligned_K_taligned|steel_gemm_splitk_accum_bfloat16_float32|steel_gemm_splitk_nt_bfloat16_float32_bm32_bn32_bk16_wm2_wn2_MN_taligned_K_taligned|steel_gemm_splitk_accum_bfloat16_float32|steel_gemm_fused_nt_bfloat16_bfloat16_bm64_bn64_bk16_wm2_wn2_has_batch_n_use_out_source_n_do_axpby_n_align_M_t_align_N_t_align_K_t|steel_gemm_splitk_nt_bfloat16_float32_bm32_bn32_bk16_wm2_wn2_MN_taligned_K_taligned|steel_gemm_splitk_accum_bfloat16_float32|custom_kernel_laguna_prefill_sliding_qk_norm_rope_bf16_128_h1_v2_bfloat16_t_bfloat16_t_bfloat16_t_bfloat16_t_float_int32_tc_bfloat16_t_bfloat16_t|steel_attention_bfloat16_bq32_bk16_bd128_wm4_wn1_maskbfloat16_align_Q_t_align_K_t_has_mask_n_do_causal_t_has_sinks_n|Cf4IAsTypeADf4IBroadcastCBEf4IBroadcastBCFf4ILogAddExpDEGV2OAsTypeF_VC_V2_10408321403207385874_contiguous|g2_Multiplybfloat16|steel_gemm_fused_nt_bfloat16_bfloat16_bm64_bn64_bk16_wm2_wn2_has_batch_n_use_out_source_n_do_axpby_n_align_M_t_align_N_t_align_K_t|custom_kernel_laguna_residual_rms_bf16_2048_v1_bfloat16_t_bfloat16_t_bfloat16_t_bfloat16_t_bfloat16_t|steel_gemm_splitk_nt_bfloat16_float32_bm32_bn32_bk16_wm2_wn2_MN_taligned_K_taligned|steel_gemm_splitk_accum_bfloat16_float32|custom_kernel_laguna_prefill_router_tournament_ordinal_norm_v1_bfloat16_t_float_uint32_t_float|custom_kernel_mlx_lm_route_csort_scatter_fused_m8_u32_v4_uint32_t_uint32_t_uint32_t_uint32_t|gather_frontbfloat16_uint32_int_2|arangeuint32|nvfp4_gather_qmm_rhs_nt_bfloat16_t_gs_16_b_4_bm_16_bn_32_bk_32_wm_1_wn_2_align_M_t_align_N_t_align_K_t|nvfp4_qmm_t_splitk_fused_bfloat16_t_gs_16_b_4_alN_true|nvfp4_qmm_t_splitk_fused_bfloat16_t_gs_16_b_4_alN_true|g2_copybfloat16bfloat16|g2_copybfloat16bfloat16|CV2ISigmoidADV2IBroadcastACEV2IBroadcastCAFV2IMultiplyDEGV2IBroadcastFBHV2IBroadcastBFIV2OMultiplyGH_VV_V2V2_11160318154034397263_contiguous|arangeuint32|CV2ISigmoidADV2IBroadcastACEV2IBroadcastCAFV2IMultiplyDEGV2IBroadcastFBHV2IBroadcastBFIV2OMultiplyGH_VV_V2V2_11160318154034397263_contiguous|nvfp4_qmm_t_bfloat16_t_gs_16_b_4_alN_true_batch_0|nvfp4_gather_qmm_rhs_nt_bfloat16_t_gs_16_b_4_bm_16_bn_32_bk_32_wm_1_wn_2_align_M_t_align_N_t_align_K_t
GPUPROF 187995.045155542 187995.045231875 1 23101440 custom_kernel_laguna_prefill_sorted_moe_tail_bf16_v1_bfloat16_t_uint32_t_float_bfloat16_t_bfloat16_t_bfloat16_t
GPUPROF 187995.045232875 187995.059805000 30 636347908 rmsbfloat16|steel_gemm_splitk_nt_bfloat16_float32_bm32_bn32_bk16_wm2_wn2_MN_taligned_K_taligned|steel_gemm_splitk_accum_bfloat16_float32|steel_gemm_splitk_nt_bfloat16_float32_bm32_bn32_bk16_wm2_wn2_MN_taligned_K_taligned|steel_gemm_splitk_accum_bfloat16_float32|steel_gemm_fused_nt_bfloat16_bfloat16_bm64_bn64_bk16_wm2_wn2_has_batch_n_use_out_source_n_do_axpby_n_align_M_t_align_N_t_align_K_t|steel_gemm_splitk_nt_bfloat16_float32_bm32_bn32_bk16_wm2_wn2_MN_taligned_K_taligned|steel_gemm_splitk_accum_bfloat16_float32|custom_kernel_laguna_prefill_sliding_qk_norm_rope_bf16_128_h1_v2_bfloat16_t_bfloat16_t_bfloat16_t_bfloat16_t_float_int32_tc_bfloat16_t_bfloat16_t|steel_attention_bfloat16_bq32_bk16_bd128_wm4_wn1_maskbfloat16_align_Q_t_align_K_t_has_mask_n_do_causal_t_has_sinks_n|Cf4IAsTypeADf4IBroadcastCBEf4IBroadcastBCFf4ILogAddExpDEGV2OAsTypeF_VC_V2_10408321403207385874_contiguous|g2_Multiplybfloat16|steel_gemm_fused_nt_bfloat16_bfloat16_bm64_bn64_bk16_wm2_wn2_has_batch_n_use_out_source_n_do_axpby_n_align_M_t_align_N_t_align_K_t|custom_kernel_laguna_residual_rms_bf16_2048_v1_bfloat16_t_bfloat16_t_bfloat16_t_bfloat16_t_bfloat16_t|steel_gemm_splitk_nt_bfloat16_float32_bm32_bn32_bk16_wm2_wn2_MN_taligned_K_taligned|steel_gemm_splitk_accum_bfloat16_float32|custom_kernel_laguna_prefill_router_tournament_ordinal_norm_v1_bfloat16_t_float_uint32_t_float|custom_kernel_mlx_lm_route_csort_scatter_fused_m8_u32_v4_uint32_t_uint32_t_uint32_t_uint32_t|gather_frontbfloat16_uint32_int_2|arangeuint32|nvfp4_gather_qmm_rhs_nt_bfloat16_t_gs_16_b_4_bm_16_bn_32_bk_32_wm_1_wn_2_align_M_t_align_N_t_align_K_t|nvfp4_qmm_t_splitk_fused_bfloat16_t_gs_16_b_4_alN_true|nvfp4_qmm_t_splitk_fused_bfloat16_t_gs_16_b_4_alN_true|g2_copybfloat16bfloat16|g2_copybfloat16bfloat16|CV2ISigmoidADV2IBroadcastACEV2IBroadcastCAFV2IMultiplyDEGV2IBroadcastFBHV2IBroadcastBFIV2OMultiplyGH_VV_V2V2_11160318154034397263_contiguous|arangeuint32|CV2ISigmoidADV2IBroadcastACEV2IBroadcastCAFV2IMultiplyDEGV2IBroadcastFBHV2IBroadcastBFIV2OMultiplyGH_VV_V2V2_11160318154034397263_contiguous|nvfp4_qmm_t_bfloat16_t_gs_16_b_4_alN_true_batch_0|nvfp4_gather_qmm_rhs_nt_bfloat16_t_gs_16_b_4_bm_16_bn_32_bk_32_wm_1_wn_2_align_M_t_align_N_t_align_K_t
GPUPROF 187995.059808792 187995.059885000 1 23101440 custom_kernel_laguna_prefill_sorted_moe_tail_bf16_v1_bfloat16_t_uint32_t_float_bfloat16_t_bfloat16_t_bfloat16_t
GPUPROF 187995.059885750 187995.072818250 30 612017668 rmsbfloat16|steel_gemm_splitk_nt_bfloat16_float32_bm32_bn32_bk16_wm2_wn2_MN_taligned_K_taligned|steel_gemm_splitk_accum_bfloat16_float32|steel_gemm_splitk_nt_bfloat16_float32_bm32_bn32_bk16_wm2_wn2_MN_taligned_K_taligned|steel_gemm_splitk_accum_bfloat16_float32|steel_gemm_fused_nt_bfloat16_bfloat16_bm64_bn64_bk16_wm2_wn2_has_batch_n_use_out_source_n_do_axpby_n_align_M_t_align_N_t_align_K_t|steel_gemm_splitk_nt_bfloat16_float32_bm32_bn32_bk16_wm2_wn2_MN_naligned_K_taligned|steel_gemm_splitk_accum_bfloat16_float32|custom_kernel_laguna_prefill_full_qk_norm_yarn_bf16_128_h1_v2_bfloat16_t_bfloat16_t_bfloat16_t_bfloat16_t_float_int32_tc_bfloat16_t_bfloat16_t|steel_attention_bfloat16_bq32_bk16_bd128_wm4_wn1_maskbfloat16_align_Q_t_align_K_t_has_mask_n_do_causal_t_has_sinks_n|Cf4IAsTypeADf4IBroadcastCBEf4IBroadcastBCFf4ILogAddExpDEGV2OAsTypeF_VC_V2_10408321403207385874_contiguous|g2_Multiplybfloat16|steel_gemm_fused_nt_bfloat16_bfloat16_bm64_bn64_bk16_wm2_wn2_has_batch_n_use_out_source_n_do_axpby_n_align_M_t_align_N_t_align_K_t|custom_kernel_laguna_residual_rms_bf16_2048_v1_bfloat16_t_bfloat16_t_bfloat16_t_bfloat16_t_bfloat16_t|steel_gemm_splitk_nt_bfloat16_float32_bm32_bn32_bk16_wm2_wn2_MN_taligned_K_taligned|steel_gemm_splitk_accum_bfloat16_float32|custom_kernel_laguna_prefill_router_tournament_ordinal_norm_v1_bfloat16_t_float_uint32_t_float|custom_kernel_mlx_lm_route_csort_scatter_fused_m8_u32_v4_uint32_t_uint32_t_uint32_t_uint32_t|gather_frontbfloat16_uint32_int_2|arangeuint32|nvfp4_gather_qmm_rhs_nt_bfloat16_t_gs_16_b_4_bm_16_bn_32_bk_32_wm_1_wn_2_align_M_t_align_N_t_align_K_t|nvfp4_qmm_t_splitk_fused_bfloat16_t_gs_16_b_4_alN_true|nvfp4_qmm_t_splitk_fused_bfloat16_t_gs_16_b_4_alN_true|g2_copybfloat16bfloat16|g2_copybfloat16bfloat16|CV2ISigmoidADV2IBroadcastACEV2IBroadcastCAFV2IMultiplyDEGV2IBroadcastFBHV2IBroadcastBFIV2OMultiplyGH_VV_V2V2_11160318154034397263_contiguous|arangeuint32|CV2ISigmoidADV2IBroadcastACEV2IBroadcastCAFV2IMultiplyDEGV2IBroadcastFBHV2IBroadcastBFIV2OMultiplyGH_VV_V2V2_11160318154034397263_contiguous|nvfp4_qmm_t_bfloat16_t_gs_16_b_4_alN_true_batch_0|nvfp4_gather_qmm_rhs_nt_bfloat16_t_gs_16_b_4_bm_16_bn_32_bk_32_wm_1_wn_2_align_M_t_align_N_t_align_K_t
GPUPROF 187995.072819000 187995.072893375 1 23101440 custom_kernel_laguna_prefill_sorted_moe_tail_bf16_v1_bfloat16_t_uint32_t_float_bfloat16_t_bfloat16_t_bfloat16_t
GPUPROF 187995.072894125 187995.087336667 30 636347908 rmsbfloat16|steel_gemm_splitk_nt_bfloat16_float32_bm32_bn32_bk16_wm2_wn2_MN_taligned_K_taligned|steel_gemm_splitk_accum_bfloat16_float32|steel_gemm_splitk_nt_bfloat16_float32_bm32_bn32_bk16_wm2_wn2_MN_taligned_K_taligned|steel_gemm_splitk_accum_bfloat16_float32|steel_gemm_fused_nt_bfloat16_bfloat16_bm64_bn64_bk16_wm2_wn2_has_batch_n_use_out_source_n_do_axpby_n_align_M_t_align_N_t_align_K_t|steel_gemm_splitk_nt_bfloat16_float32_bm32_bn32_bk16_wm2_wn2_MN_taligned_K_taligned|steel_gemm_splitk_accum_bfloat16_float32|custom_kernel_laguna_prefill_sliding_qk_norm_rope_bf16_128_h1_v2_bfloat16_t_bfloat16_t_bfloat16_t_bfloat16_t_float_int32_tc_bfloat16_t_bfloat16_t|steel_attention_bfloat16_bq32_bk16_bd128_wm4_wn1_maskbfloat16_align_Q_t_align_K_t_has_mask_n_do_causal_t_has_sinks_n|Cf4IAsTypeADf4IBroadcastCBEf4IBroadcastBCFf4ILogAddExpDEGV2OAsTypeF_VC_V2_10408321403207385874_contiguous|g2_Multiplybfloat16|steel_gemm_fused_nt_bfloat16_bfloat16_bm64_bn64_bk16_wm2_wn2_has_batch_n_use_out_source_n_do_axpby_n_align_M_t_align_N_t_align_K_t|custom_kernel_laguna_residual_rms_bf16_2048_v1_bfloat16_t_bfloat16_t_bfloat16_t_bfloat16_t_bfloat16_t|steel_gemm_splitk_nt_bfloat16_float32_bm32_bn32_bk16_wm2_wn2_MN_taligned_K_taligned|steel_gemm_splitk_accum_bfloat16_float32|custom_kernel_laguna_prefill_router_tournament_ordinal_norm_v1_bfloat16_t_float_uint32_t_float|custom_kernel_mlx_lm_route_csort_scatter_fused_m8_u32_v4_uint32_t_uint32_t_uint32_t_uint32_t|gather_frontbfloat16_uint32_int_2|arangeuint32|nvfp4_gather_qmm_rhs_nt_bfloat16_t_gs_16_b_4_bm_16_bn_32_bk_32_wm_1_wn_2_align_M_t_align_N_t_align_K_t|nvfp4_qmm_t_splitk_fused_bfloat16_t_gs_16_b_4_alN_true|nvfp4_qmm_t_splitk_fused_bfloat16_t_gs_16_b_4_alN_true|g2_copybfloat16bfloat16|g2_copybfloat16bfloat16|CV2ISigmoidADV2IBroadcastACEV2IBroadcastCAFV2IMultiplyDEGV2IBroadcastFBHV2IBroadcastBFIV2OMultiplyGH_VV_V2V2_11160318154034397263_contiguous|arangeuint32|CV2ISigmoidADV2IBroadcastACEV2IBroadcastCAFV2IMultiplyDEGV2IBroadcastFBHV2IBroadcastBFIV2OMultiplyGH_VV_V2V2_11160318154034397263_contiguous|nvfp4_qmm_t_bfloat16_t_gs_16_b_4_alN_true_batch_0|nvfp4_gather_qmm_rhs_nt_bfloat16_t_gs_16_b_4_bm_16_bn_32_bk_32_wm_1_wn_2_align_M_t_align_N_t_align_K_t
GPUPROF 187995.087337417 187995.087416792 1 23101440 custom_kernel_laguna_prefill_sorted_moe_tail_bf16_v1_bfloat16_t_uint32_t_float_bfloat16_t_bfloat16_t_bfloat16_t
GPUPROF 187995.087417542 187995.101795667 30 636347908 rmsbfloat16|steel_gemm_splitk_nt_bfloat16_float32_bm32_bn32_bk16_wm2_wn2_MN_taligned_K_taligned|steel_gemm_splitk_accum_bfloat16_float32|steel_gemm_splitk_nt_bfloat16_float32_bm32_bn32_bk16_wm2_wn2_MN_taligned_K_taligned|steel_gemm_splitk_accum_bfloat16_float32|steel_gemm_fused_nt_bfloat16_bfloat16_bm64_bn64_bk16_wm2_wn2_has_batch_n_use_out_source_n_do_axpby_n_align_M_t_align_N_t_align_K_t|steel_gemm_splitk_nt_bfloat16_float32_bm32_bn32_bk16_wm2_wn2_MN_taligned_K_taligned|steel_gemm_splitk_accum_bfloat16_float32|custom_kernel_laguna_prefill_sliding_qk_norm_rope_bf16_128_h1_v2_bfloat16_t_bfloat16_t_bfloat16_t_bfloat16_t_float_int32_tc_bfloat16_t_bfloat16_t|steel_attention_bfloat16_bq32_bk16_bd128_wm4_wn1_maskbfloat16_align_Q_t_align_K_t_has_mask_n_do_causal_t_has_sinks_n|Cf4IAsTypeADf4IBroadcastCBEf4IBroadcastBCFf4ILogAddExpDEGV2OAsTypeF_VC_V2_10408321403207385874_contiguous|g2_Multiplybfloat16|steel_gemm_fused_nt_bfloat16_bfloat16_bm64_bn64_bk16_wm2_wn2_has_batch_n_use_out_source_n_do_axpby_n_align_M_t_align_N_t_align_K_t|custom_kernel_laguna_residual_rms_bf16_2048_v1_bfloat16_t_bfloat16_t_bfloat16_t_bfloat16_t_bfloat16_t|steel_gemm_splitk_nt_bfloat16_float32_bm32_bn32_bk16_wm2_wn2_MN_taligned_K_taligned|steel_gemm_splitk_accum_bfloat16_float32|custom_kernel_laguna_prefill_router_tournament_ordinal_norm_v1_bfloat16_t_float_uint32_t_float|custom_kernel_mlx_lm_route_csort_scatter_fused_m8_u32_v4_uint32_t_uint32_t_uint32_t_uint32_t|gather_frontbfloat16_uint32_int_2|arangeuint32|nvfp4_gather_qmm_rhs_nt_bfloat16_t_gs_16_b_4_bm_16_bn_32_bk_32_wm_1_wn_2_align_M_t_align_N_t_align_K_t|nvfp4_qmm_t_splitk_fused_bfloat16_t_gs_16_b_4_alN_true|nvfp4_qmm_t_splitk_fused_bfloat16_t_gs_16_b_4_alN_true|g2_copybfloat16bfloat16|g2_copybfloat16bfloat16|CV2ISigmoidADV2IBroadcastACEV2IBroadcastCAFV2IMultiplyDEGV2IBroadcastFBHV2IBroadcastBFIV2OMultiplyGH_VV_V2V2_11160318154034397263_contiguous|arangeuint32|CV2ISigmoidADV2IBroadcastACEV2IBroadcastCAFV2IMultiplyDEGV2IBroadcastFBHV2IBroadcastBFIV2OMultiplyGH_VV_V2V2_11160318154034397263_contiguous|nvfp4_qmm_t_bfloat16_t_gs_16_b_4_alN_true_batch_0|nvfp4_gather_qmm_rhs_nt_bfloat16_t_gs_16_b_4_bm_16_bn_32_bk_32_wm_1_wn_2_align_M_t_align_N_t_align_K_t
GPUPROF 187995.101796500 187995.101873167 1 23101440 custom_kernel_laguna_prefill_sorted_moe_tail_bf16_v1_bfloat16_t_uint32_t_float_bfloat16_t_bfloat16_t_bfloat16_t
GPUPROF 187995.101874042 187995.116250375 30 636347908 rmsbfloat16|steel_gemm_splitk_nt_bfloat16_float32_bm32_bn32_bk16_wm2_wn2_MN_taligned_K_taligned|steel_gemm_splitk_accum_bfloat16_float32|steel_gemm_splitk_nt_bfloat16_float32_bm32_bn32_bk16_wm2_wn2_MN_taligned_K_taligned|steel_gemm_splitk_accum_bfloat16_float32|steel_gemm_fused_nt_bfloat16_bfloat16_bm64_bn64_bk16_wm2_wn2_has_batch_n_use_out_source_n_do_axpby_n_align_M_t_align_N_t_align_K_t|steel_gemm_splitk_nt_bfloat16_float32_bm32_bn32_bk16_wm2_wn2_MN_taligned_K_taligned|steel_gemm_splitk_accum_bfloat16_float32|custom_kernel_laguna_prefill_sliding_qk_norm_rope_bf16_128_h1_v2_bfloat16_t_bfloat16_t_bfloat16_t_bfloat16_t_float_int32_tc_bfloat16_t_bfloat16_t|steel_attention_bfloat16_bq32_bk16_bd128_wm4_wn1_maskbfloat16_align_Q_t_align_K_t_has_mask_n_do_causal_t_has_sinks_n|Cf4IAsTypeADf4IBroadcastCBEf4IBroadcastBCFf4ILogAddExpDEGV2OAsTypeF_VC_V2_10408321403207385874_contiguous|g2_Multiplybfloat16|steel_gemm_fused_nt_bfloat16_bfloat16_bm64_bn64_bk16_wm2_wn2_has_batch_n_use_out_source_n_do_axpby_n_align_M_t_align_N_t_align_K_t|custom_kernel_laguna_residual_rms_bf16_2048_v1_bfloat16_t_bfloat16_t_bfloat16_t_bfloat16_t_bfloat16_t|steel_gemm_splitk_nt_bfloat16_float32_bm32_bn32_bk16_wm2_wn2_MN_taligned_K_taligned|steel_gemm_splitk_accum_bfloat16_float32|custom_kernel_laguna_prefill_router_tournament_ordinal_norm_v1_bfloat16_t_float_uint32_t_float|custom_kernel_mlx_lm_route_csort_scatter_fused_m8_u32_v4_uint32_t_uint32_t_uint32_t_uint32_t|gather_frontbfloat16_uint32_int_2|arangeuint32|nvfp4_gather_qmm_rhs_nt_bfloat16_t_gs_16_b_4_bm_16_bn_32_bk_32_wm_1_wn_2_align_M_t_align_N_t_align_K_t|nvfp4_qmm_t_splitk_fused_bfloat16_t_gs_16_b_4_alN_true|nvfp4_qmm_t_splitk_fused_bfloat16_t_gs_16_b_4_alN_true|g2_copybfloat16bfloat16|g2_copybfloat16bfloat16|CV2ISigmoidADV2IBroadcastACEV2IBroadcastCAFV2IMultiplyDEGV2IBroadcastFBHV2IBroadcastBFIV2OMultiplyGH_VV_V2V2_11160318154034397263_contiguous|arangeuint32|CV2ISigmoidADV2IBroadcastACEV2IBroadcastCAFV2IMultiplyDEGV2IBroadcastFBHV2IBroadcastBFIV2OMultiplyGH_VV_V2V2_11160318154034397263_contiguous|nvfp4_qmm_t_bfloat16_t_gs_16_b_4_alN_true_batch_0|nvfp4_gather_qmm_rhs_nt_bfloat16_t_gs_16_b_4_bm_16_bn_32_bk_32_wm_1_wn_2_align_M_t_align_N_t_align_K_t
GPUPROF 187995.116251125 187995.116328250 1 23101440 custom_kernel_laguna_prefill_sorted_moe_tail_bf16_v1_bfloat16_t_uint32_t_float_bfloat16_t_bfloat16_t_bfloat16_t
GPUPROF 187995.116329250 187995.129384917 30 612017668 rmsbfloat16|steel_gemm_splitk_nt_bfloat16_float32_bm32_bn32_bk16_wm2_wn2_MN_taligned_K_taligned|steel_gemm_splitk_accum_bfloat16_float32|steel_gemm_splitk_nt_bfloat16_float32_bm32_bn32_bk16_wm2_wn2_MN_taligned_K_taligned|steel_gemm_splitk_accum_bfloat16_float32|steel_gemm_fused_nt_bfloat16_bfloat16_bm64_bn64_bk16_wm2_wn2_has_batch_n_use_out_source_n_do_axpby_n_align_M_t_align_N_t_align_K_t|steel_gemm_splitk_nt_bfloat16_float32_bm32_bn32_bk16_wm2_wn2_MN_naligned_K_taligned|steel_gemm_splitk_accum_bfloat16_float32|custom_kernel_laguna_prefill_full_qk_norm_yarn_bf16_128_h1_v2_bfloat16_t_bfloat16_t_bfloat16_t_bfloat16_t_float_int32_tc_bfloat16_t_bfloat16_t|steel_attention_bfloat16_bq32_bk16_bd128_wm4_wn1_maskbfloat16_align_Q_t_align_K_t_has_mask_n_do_causal_t_has_sinks_n|Cf4IAsTypeADf4IBroadcastCBEf4IBroadcastBCFf4ILogAddExpDEGV2OAsTypeF_VC_V2_10408321403207385874_contiguous|g2_Multiplybfloat16|steel_gemm_fused_nt_bfloat16_bfloat16_bm64_bn64_bk16_wm2_wn2_has_batch_n_use_out_source_n_do_axpby_n_align_M_t_align_N_t_align_K_t|custom_kernel_laguna_residual_rms_bf16_2048_v1_bfloat16_t_bfloat16_t_bfloat16_t_bfloat16_t_bfloat16_t|steel_gemm_splitk_nt_bfloat16_float32_bm32_bn32_bk16_wm2_wn2_MN_taligned_K_taligned|steel_gemm_splitk_accum_bfloat16_float32|custom_kernel_laguna_prefill_router_tournament_ordinal_norm_v1_bfloat16_t_float_uint32_t_float|custom_kernel_mlx_lm_route_csort_scatter_fused_m8_u32_v4_uint32_t_uint32_t_uint32_t_uint32_t|gather_frontbfloat16_uint32_int_2|arangeuint32|nvfp4_gather_qmm_rhs_nt_bfloat16_t_gs_16_b_4_bm_16_bn_32_bk_32_wm_1_wn_2_align_M_t_align_N_t_align_K_t|nvfp4_qmm_t_splitk_fused_bfloat16_t_gs_16_b_4_alN_true|nvfp4_qmm_t_splitk_fused_bfloat16_t_gs_16_b_4_alN_true|g2_copybfloat16bfloat16|g2_copybfloat16bfloat16|CV2ISigmoidADV2IBroadcastACEV2IBroadcastCAFV2IMultiplyDEGV2IBroadcastFBHV2IBroadcastBFIV2OMultiplyGH_VV_V2V2_11160318154034397263_contiguous|arangeuint32|CV2ISigmoidADV2IBroadcastACEV2IBroadcastCAFV2IMultiplyDEGV2IBroadcastFBHV2IBroadcastBFIV2OMultiplyGH_VV_V2V2_11160318154034397263_contiguous|nvfp4_qmm_t_bfloat16_t_gs_16_b_4_alN_true_batch_0|nvfp4_gather_qmm_rhs_nt_bfloat16_t_gs_16_b_4_bm_16_bn_32_bk_32_wm_1_wn_2_align_M_t_align_N_t_align_K_t
GPUPROF 187995.129388667 187995.129466042 1 23101440 custom_kernel_laguna_prefill_sorted_moe_tail_bf16_v1_bfloat16_t_uint32_t_float_bfloat16_t_bfloat16_t_bfloat16_t
GPUPROF 187995.129466917 187995.143863875 30 636347908 rmsbfloat16|steel_gemm_splitk_nt_bfloat16_float32_bm32_bn32_bk16_wm2_wn2_MN_taligned_K_taligned|steel_gemm_splitk_accum_bfloat16_float32|steel_gemm_splitk_nt_bfloat16_float32_bm32_bn32_bk16_wm2_wn2_MN_taligned_K_taligned|steel_gemm_splitk_accum_bfloat16_float32|steel_gemm_fused_nt_bfloat16_bfloat16_bm64_bn64_bk16_wm2_wn2_has_batch_n_use_out_source_n_do_axpby_n_align_M_t_align_N_t_align_K_t|steel_gemm_splitk_nt_bfloat16_float32_bm32_bn32_bk16_wm2_wn2_MN_taligned_K_taligned|steel_gemm_splitk_accum_bfloat16_float32|custom_kernel_laguna_prefill_sliding_qk_norm_rope_bf16_128_h1_v2_bfloat16_t_bfloat16_t_bfloat16_t_bfloat16_t_float_int32_tc_bfloat16_t_bfloat16_t|steel_attention_bfloat16_bq32_bk16_bd128_wm4_wn1_maskbfloat16_align_Q_t_align_K_t_has_mask_n_do_causal_t_has_sinks_n|Cf4IAsTypeADf4IBroadcastCBEf4IBroadcastBCFf4ILogAddExpDEGV2OAsTypeF_VC_V2_10408321403207385874_contiguous|g2_Multiplybfloat16|steel_gemm_fused_nt_bfloat16_bfloat16_bm64_bn64_bk16_wm2_wn2_has_batch_n_use_out_source_n_do_axpby_n_align_M_t_align_N_t_align_K_t|custom_kernel_laguna_residual_rms_bf16_2048_v1_bfloat16_t_bfloat16_t_bfloat16_t_bfloat16_t_bfloat16_t|steel_gemm_splitk_nt_bfloat16_float32_bm32_bn32_bk16_wm2_wn2_MN_taligned_K_taligned|steel_gemm_splitk_accum_bfloat16_float32|custom_kernel_laguna_prefill_router_tournament_ordinal_norm_v1_bfloat16_t_float_uint32_t_float|custom_kernel_mlx_lm_route_csort_scatter_fused_m8_u32_v4_uint32_t_uint32_t_uint32_t_uint32_t|gather_frontbfloat16_uint32_int_2|arangeuint32|nvfp4_gather_qmm_rhs_nt_bfloat16_t_gs_16_b_4_bm_16_bn_32_bk_32_wm_1_wn_2_align_M_t_align_N_t_align_K_t|nvfp4_qmm_t_splitk_fused_bfloat16_t_gs_16_b_4_alN_true|nvfp4_qmm_t_splitk_fused_bfloat16_t_gs_16_b_4_alN_true|g2_copybfloat16bfloat16|g2_copybfloat16bfloat16|CV2ISigmoidADV2IBroadcastACEV2IBroadcastCAFV2IMultiplyDEGV2IBroadcastFBHV2IBroadcastBFIV2OMultiplyGH_VV_V2V2_11160318154034397263_contiguous|arangeuint32|CV2ISigmoidADV2IBroadcastACEV2IBroadcastCAFV2IMultiplyDEGV2IBroadcastFBHV2IBroadcastBFIV2OMultiplyGH_VV_V2V2_11160318154034397263_contiguous|nvfp4_qmm_t_bfloat16_t_gs_16_b_4_alN_true_batch_0|nvfp4_gather_qmm_rhs_nt_bfloat16_t_gs_16_b_4_bm_16_bn_32_bk_32_wm_1_wn_2_align_M_t_align_N_t_align_K_t
GPUPROF 187995.143864750 187995.143945542 1 23101440 custom_kernel_laguna_prefill_sorted_moe_tail_bf16_v1_bfloat16_t_uint32_t_float_bfloat16_t_bfloat16_t_bfloat16_t
GPUPROF 187995.143946375 187995.158320750 30 636347908 rmsbfloat16|steel_gemm_splitk_nt_bfloat16_float32_bm32_bn32_bk16_wm2_wn2_MN_taligned_K_taligned|steel_gemm_splitk_accum_bfloat16_float32|steel_gemm_splitk_nt_bfloat16_float32_bm32_bn32_bk16_wm2_wn2_MN_taligned_K_taligned|steel_gemm_splitk_accum_bfloat16_float32|steel_gemm_fused_nt_bfloat16_bfloat16_bm64_bn64_bk16_wm2_wn2_has_batch_n_use_out_source_n_do_axpby_n_align_M_t_align_N_t_align_K_t|steel_gemm_splitk_nt_bfloat16_float32_bm32_bn32_bk16_wm2_wn2_MN_taligned_K_taligned|steel_gemm_splitk_accum_bfloat16_float32|custom_kernel_laguna_prefill_sliding_qk_norm_rope_bf16_128_h1_v2_bfloat16_t_bfloat16_t_bfloat16_t_bfloat16_t_float_int32_tc_bfloat16_t_bfloat16_t|steel_attention_bfloat16_bq32_bk16_bd128_wm4_wn1_maskbfloat16_align_Q_t_align_K_t_has_mask_n_do_causal_t_has_sinks_n|Cf4IAsTypeADf4IBroadcastCBEf4IBroadcastBCFf4ILogAddExpDEGV2OAsTypeF_VC_V2_10408321403207385874_contiguous|g2_Multiplybfloat16|steel_gemm_fused_nt_bfloat16_bfloat16_bm64_bn64_bk16_wm2_wn2_has_batch_n_use_out_source_n_do_axpby_n_align_M_t_align_N_t_align_K_t|custom_kernel_laguna_residual_rms_bf16_2048_v1_bfloat16_t_bfloat16_t_bfloat16_t_bfloat16_t_bfloat16_t|steel_gemm_splitk_nt_bfloat16_float32_bm32_bn32_bk16_wm2_wn2_MN_taligned_K_taligned|steel_gemm_splitk_accum_bfloat16_float32|custom_kernel_laguna_prefill_router_tournament_ordinal_norm_v1_bfloat16_t_float_uint32_t_float|custom_kernel_mlx_lm_route_csort_scatter_fused_m8_u32_v4_uint32_t_uint32_t_uint32_t_uint32_t|gather_frontbfloat16_uint32_int_2|arangeuint32|nvfp4_gather_qmm_rhs_nt_bfloat16_t_gs_16_b_4_bm_16_bn_32_bk_32_wm_1_wn_2_align_M_t_align_N_t_align_K_t|nvfp4_qmm_t_splitk_fused_bfloat16_t_gs_16_b_4_alN_true|nvfp4_qmm_t_splitk_fused_bfloat16_t_gs_16_b_4_alN_true|g2_copybfloat16bfloat16|g2_copybfloat16bfloat16|CV2ISigmoidADV2IBroadcastACEV2IBroadcastCAFV2IMultiplyDEGV2IBroadcastFBHV2IBroadcastBFIV2OMultiplyGH_VV_V2V2_11160318154034397263_contiguous|arangeuint32|CV2ISigmoidADV2IBroadcastACEV2IBroadcastCAFV2IMultiplyDEGV2IBroadcastFBHV2IBroadcastBFIV2OMultiplyGH_VV_V2V2_11160318154034397263_contiguous|nvfp4_qmm_t_bfloat16_t_gs_16_b_4_alN_true_batch_0|nvfp4_gather_qmm_rhs_nt_bfloat16_t_gs_16_b_4_bm_16_bn_32_bk_32_wm_1_wn_2_align_M_t_align_N_t_align_K_t
GPUPROF 187995.158321500 187995.158398250 1 23101440 custom_kernel_laguna_prefill_sorted_moe_tail_bf16_v1_bfloat16_t_uint32_t_float_bfloat16_t_bfloat16_t_bfloat16_t
GPUPROF 187995.158399042 187995.172761292 30 636347908 rmsbfloat16|steel_gemm_splitk_nt_bfloat16_float32_bm32_bn32_bk16_wm2_wn2_MN_taligned_K_taligned|steel_gemm_splitk_accum_bfloat16_float32|steel_gemm_splitk_nt_bfloat16_float32_bm32_bn32_bk16_wm2_wn2_MN_taligned_K_taligned|steel_gemm_splitk_accum_bfloat16_float32|steel_gemm_fused_nt_bfloat16_bfloat16_bm64_bn64_bk16_wm2_wn2_has_batch_n_use_out_source_n_do_axpby_n_align_M_t_align_N_t_align_K_t|steel_gemm_splitk_nt_bfloat16_float32_bm32_bn32_bk16_wm2_wn2_MN_taligned_K_taligned|steel_gemm_splitk_accum_bfloat16_float32|custom_kernel_laguna_prefill_sliding_qk_norm_rope_bf16_128_h1_v2_bfloat16_t_bfloat16_t_bfloat16_t_bfloat16_t_float_int32_tc_bfloat16_t_bfloat16_t|steel_attention_bfloat16_bq32_bk16_bd128_wm4_wn1_maskbfloat16_align_Q_t_align_K_t_has_mask_n_do_causal_t_has_sinks_n|Cf4IAsTypeADf4IBroadcastCBEf4IBroadcastBCFf4ILogAddExpDEGV2OAsTypeF_VC_V2_10408321403207385874_contiguous|g2_Multiplybfloat16|steel_gemm_fused_nt_bfloat16_bfloat16_bm64_bn64_bk16_wm2_wn2_has_batch_n_use_out_source_n_do_axpby_n_align_M_t_align_N_t_align_K_t|custom_kernel_laguna_residual_rms_bf16_2048_v1_bfloat16_t_bfloat16_t_bfloat16_t_bfloat16_t_bfloat16_t|steel_gemm_splitk_nt_bfloat16_float32_bm32_bn32_bk16_wm2_wn2_MN_taligned_K_taligned|steel_gemm_splitk_accum_bfloat16_float32|custom_kernel_laguna_prefill_router_tournament_ordinal_norm_v1_bfloat16_t_float_uint32_t_float|custom_kernel_mlx_lm_route_csort_scatter_fused_m8_u32_v4_uint32_t_uint32_t_uint32_t_uint32_t|gather_frontbfloat16_uint32_int_2|arangeuint32|nvfp4_gather_qmm_rhs_nt_bfloat16_t_gs_16_b_4_bm_16_bn_32_bk_32_wm_1_wn_2_align_M_t_align_N_t_align_K_t|nvfp4_qmm_t_splitk_fused_bfloat16_t_gs_16_b_4_alN_true|nvfp4_qmm_t_splitk_fused_bfloat16_t_gs_16_b_4_alN_true|g2_copybfloat16bfloat16|g2_copybfloat16bfloat16|CV2ISigmoidADV2IBroadcastACEV2IBroadcastCAFV2IMultiplyDEGV2IBroadcastFBHV2IBroadcastBFIV2OMultiplyGH_VV_V2V2_11160318154034397263_contiguous|arangeuint32|CV2ISigmoidADV2IBroadcastACEV2IBroadcastCAFV2IMultiplyDEGV2IBroadcastFBHV2IBroadcastBFIV2OMultiplyGH_VV_V2V2_11160318154034397263_contiguous|nvfp4_qmm_t_bfloat16_t_gs_16_b_4_alN_true_batch_0|nvfp4_gather_qmm_rhs_nt_bfloat16_t_gs_16_b_4_bm_16_bn_32_bk_32_wm_1_wn_2_align_M_t_align_N_t_align_K_t
GPUPROF 187995.172762167 187995.172838417 1 23101440 custom_kernel_laguna_prefill_sorted_moe_tail_bf16_v1_bfloat16_t_uint32_t_float_bfloat16_t_bfloat16_t_bfloat16_t
GPUPROF 187995.172839250 187995.185801125 30 612017668 rmsbfloat16|steel_gemm_splitk_nt_bfloat16_float32_bm32_bn32_bk16_wm2_wn2_MN_taligned_K_taligned|steel_gemm_splitk_accum_bfloat16_float32|steel_gemm_splitk_nt_bfloat16_float32_bm32_bn32_bk16_wm2_wn2_MN_taligned_K_taligned|steel_gemm_splitk_accum_bfloat16_float32|steel_gemm_fused_nt_bfloat16_bfloat16_bm64_bn64_bk16_wm2_wn2_has_batch_n_use_out_source_n_do_axpby_n_align_M_t_align_N_t_align_K_t|steel_gemm_splitk_nt_bfloat16_float32_bm32_bn32_bk16_wm2_wn2_MN_naligned_K_taligned|steel_gemm_splitk_accum_bfloat16_float32|custom_kernel_laguna_prefill_full_qk_norm_yarn_bf16_128_h1_v2_bfloat16_t_bfloat16_t_bfloat16_t_bfloat16_t_float_int32_tc_bfloat16_t_bfloat16_t|steel_attention_bfloat16_bq32_bk16_bd128_wm4_wn1_maskbfloat16_align_Q_t_align_K_t_has_mask_n_do_causal_t_has_sinks_n|Cf4IAsTypeADf4IBroadcastCBEf4IBroadcastBCFf4ILogAddExpDEGV2OAsTypeF_VC_V2_10408321403207385874_contiguous|g2_Multiplybfloat16|steel_gemm_fused_nt_bfloat16_bfloat16_bm64_bn64_bk16_wm2_wn2_has_batch_n_use_out_source_n_do_axpby_n_align_M_t_align_N_t_align_K_t|custom_kernel_laguna_residual_rms_bf16_2048_v1_bfloat16_t_bfloat16_t_bfloat16_t_bfloat16_t_bfloat16_t|steel_gemm_splitk_nt_bfloat16_float32_bm32_bn32_bk16_wm2_wn2_MN_taligned_K_taligned|steel_gemm_splitk_accum_bfloat16_float32|custom_kernel_laguna_prefill_router_tournament_ordinal_norm_v1_bfloat16_t_float_uint32_t_float|custom_kernel_mlx_lm_route_csort_scatter_fused_m8_u32_v4_uint32_t_uint32_t_uint32_t_uint32_t|gather_frontbfloat16_uint32_int_2|arangeuint32|nvfp4_gather_qmm_rhs_nt_bfloat16_t_gs_16_b_4_bm_16_bn_32_bk_32_wm_1_wn_2_align_M_t_align_N_t_align_K_t|nvfp4_qmm_t_splitk_fused_bfloat16_t_gs_16_b_4_alN_true|nvfp4_qmm_t_splitk_fused_bfloat16_t_gs_16_b_4_alN_true|g2_copybfloat16bfloat16|g2_copybfloat16bfloat16|CV2ISigmoidADV2IBroadcastACEV2IBroadcastCAFV2IMultiplyDEGV2IBroadcastFBHV2IBroadcastBFIV2OMultiplyGH_VV_V2V2_11160318154034397263_contiguous|arangeuint32|CV2ISigmoidADV2IBroadcastACEV2IBroadcastCAFV2IMultiplyDEGV2IBroadcastFBHV2IBroadcastBFIV2OMultiplyGH_VV_V2V2_11160318154034397263_contiguous|nvfp4_qmm_t_bfloat16_t_gs_16_b_4_alN_true_batch_0|nvfp4_gather_qmm_rhs_nt_bfloat16_t_gs_16_b_4_bm_16_bn_32_bk_32_wm_1_wn_2_align_M_t_align_N_t_align_K_t
GPUPROF 187995.185801875 187995.185877417 1 23101440 custom_kernel_laguna_prefill_sorted_moe_tail_bf16_v1_bfloat16_t_uint32_t_float_bfloat16_t_bfloat16_t_bfloat16_t
GPUPROF 187995.185878250 187995.200170500 30 636347908 rmsbfloat16|steel_gemm_splitk_nt_bfloat16_float32_bm32_bn32_bk16_wm2_wn2_MN_taligned_K_taligned|steel_gemm_splitk_accum_bfloat16_float32|steel_gemm_splitk_nt_bfloat16_float32_bm32_bn32_bk16_wm2_wn2_MN_taligned_K_taligned|steel_gemm_splitk_accum_bfloat16_float32|steel_gemm_fused_nt_bfloat16_bfloat16_bm64_bn64_bk16_wm2_wn2_has_batch_n_use_out_source_n_do_axpby_n_align_M_t_align_N_t_align_K_t|steel_gemm_splitk_nt_bfloat16_float32_bm32_bn32_bk16_wm2_wn2_MN_taligned_K_taligned|steel_gemm_splitk_accum_bfloat16_float32|custom_kernel_laguna_prefill_sliding_qk_norm_rope_bf16_128_h1_v2_bfloat16_t_bfloat16_t_bfloat16_t_bfloat16_t_float_int32_tc_bfloat16_t_bfloat16_t|steel_attention_bfloat16_bq32_bk16_bd128_wm4_wn1_maskbfloat16_align_Q_t_align_K_t_has_mask_n_do_causal_t_has_sinks_n|Cf4IAsTypeADf4IBroadcastCBEf4IBroadcastBCFf4ILogAddExpDEGV2OAsTypeF_VC_V2_10408321403207385874_contiguous|g2_Multiplybfloat16|steel_gemm_fused_nt_bfloat16_bfloat16_bm64_bn64_bk16_wm2_wn2_has_batch_n_use_out_source_n_do_axpby_n_align_M_t_align_N_t_align_K_t|custom_kernel_laguna_residual_rms_bf16_2048_v1_bfloat16_t_bfloat16_t_bfloat16_t_bfloat16_t_bfloat16_t|steel_gemm_splitk_nt_bfloat16_float32_bm32_bn32_bk16_wm2_wn2_MN_taligned_K_taligned|steel_gemm_splitk_accum_bfloat16_float32|custom_kernel_laguna_prefill_router_tournament_ordinal_norm_v1_bfloat16_t_float_uint32_t_float|custom_kernel_mlx_lm_route_csort_scatter_fused_m8_u32_v4_uint32_t_uint32_t_uint32_t_uint32_t|gather_frontbfloat16_uint32_int_2|arangeuint32|nvfp4_gather_qmm_rhs_nt_bfloat16_t_gs_16_b_4_bm_16_bn_32_bk_32_wm_1_wn_2_align_M_t_align_N_t_align_K_t|nvfp4_qmm_t_splitk_fused_bfloat16_t_gs_16_b_4_alN_true|nvfp4_qmm_t_splitk_fused_bfloat16_t_gs_16_b_4_alN_true|g2_copybfloat16bfloat16|g2_copybfloat16bfloat16|CV2ISigmoidADV2IBroadcastACEV2IBroadcastCAFV2IMultiplyDEGV2IBroadcastFBHV2IBroadcastBFIV2OMultiplyGH_VV_V2V2_11160318154034397263_contiguous|arangeuint32|CV2ISigmoidADV2IBroadcastACEV2IBroadcastCAFV2IMultiplyDEGV2IBroadcastFBHV2IBroadcastBFIV2OMultiplyGH_VV_V2V2_11160318154034397263_contiguous|nvfp4_qmm_t_bfloat16_t_gs_16_b_4_alN_true_batch_0|nvfp4_gather_qmm_rhs_nt_bfloat16_t_gs_16_b_4_bm_16_bn_32_bk_32_wm_1_wn_2_align_M_t_align_N_t_align_K_t
GPUPROF 187995.200171292 187995.200247042 1 23101440 custom_kernel_laguna_prefill_sorted_moe_tail_bf16_v1_bfloat16_t_uint32_t_float_bfloat16_t_bfloat16_t_bfloat16_t
GPUPROF 187995.200247792 187995.214485792 30 636347908 rmsbfloat16|steel_gemm_splitk_nt_bfloat16_float32_bm32_bn32_bk16_wm2_wn2_MN_taligned_K_taligned|steel_gemm_splitk_accum_bfloat16_float32|steel_gemm_splitk_nt_bfloat16_float32_bm32_bn32_bk16_wm2_wn2_MN_taligned_K_taligned|steel_gemm_splitk_accum_bfloat16_float32|steel_gemm_fused_nt_bfloat16_bfloat16_bm64_bn64_bk16_wm2_wn2_has_batch_n_use_out_source_n_do_axpby_n_align_M_t_align_N_t_align_K_t|steel_gemm_splitk_nt_bfloat16_float32_bm32_bn32_bk16_wm2_wn2_MN_taligned_K_taligned|steel_gemm_splitk_accum_bfloat16_float32|custom_kernel_laguna_prefill_sliding_qk_norm_rope_bf16_128_h1_v2_bfloat16_t_bfloat16_t_bfloat16_t_bfloat16_t_float_int32_tc_bfloat16_t_bfloat16_t|steel_attention_bfloat16_bq32_bk16_bd128_wm4_wn1_maskbfloat16_align_Q_t_align_K_t_has_mask_n_do_causal_t_has_sinks_n|Cf4IAsTypeADf4IBroadcastCBEf4IBroadcastBCFf4ILogAddExpDEGV2OAsTypeF_VC_V2_10408321403207385874_contiguous|g2_Multiplybfloat16|steel_gemm_fused_nt_bfloat16_bfloat16_bm64_bn64_bk16_wm2_wn2_has_batch_n_use_out_source_n_do_axpby_n_align_M_t_align_N_t_align_K_t|custom_kernel_laguna_residual_rms_bf16_2048_v1_bfloat16_t_bfloat16_t_bfloat16_t_bfloat16_t_bfloat16_t|steel_gemm_splitk_nt_bfloat16_float32_bm32_bn32_bk16_wm2_wn2_MN_taligned_K_taligned|steel_gemm_splitk_accum_bfloat16_float32|custom_kernel_laguna_prefill_router_tournament_ordinal_norm_v1_bfloat16_t_float_uint32_t_float|custom_kernel_mlx_lm_route_csort_scatter_fused_m8_u32_v4_uint32_t_uint32_t_uint32_t_uint32_t|gather_frontbfloat16_uint32_int_2|arangeuint32|nvfp4_gather_qmm_rhs_nt_bfloat16_t_gs_16_b_4_bm_16_bn_32_bk_32_wm_1_wn_2_align_M_t_align_N_t_align_K_t|nvfp4_qmm_t_splitk_fused_bfloat16_t_gs_16_b_4_alN_true|nvfp4_qmm_t_splitk_fused_bfloat16_t_gs_16_b_4_alN_true|g2_copybfloat16bfloat16|g2_copybfloat16bfloat16|CV2ISigmoidADV2IBroadcastACEV2IBroadcastCAFV2IMultiplyDEGV2IBroadcastFBHV2IBroadcastBFIV2OMultiplyGH_VV_V2V2_11160318154034397263_contiguous|arangeuint32|CV2ISigmoidADV2IBroadcastACEV2IBroadcastCAFV2IMultiplyDEGV2IBroadcastFBHV2IBroadcastBFIV2OMultiplyGH_VV_V2V2_11160318154034397263_contiguous|nvfp4_qmm_t_bfloat16_t_gs_16_b_4_alN_true_batch_0|nvfp4_gather_qmm_rhs_nt_bfloat16_t_gs_16_b_4_bm_16_bn_32_bk_32_wm_1_wn_2_align_M_t_align_N_t_align_K_t
GPUPROF 187995.214486542 187995.214565750 1 23101440 custom_kernel_laguna_prefill_sorted_moe_tail_bf16_v1_bfloat16_t_uint32_t_float_bfloat16_t_bfloat16_t_bfloat16_t
GPUPROF 187995.214566500 187995.228739750 30 636347908 rmsbfloat16|steel_gemm_splitk_nt_bfloat16_float32_bm32_bn32_bk16_wm2_wn2_MN_taligned_K_taligned|steel_gemm_splitk_accum_bfloat16_float32|steel_gemm_splitk_nt_bfloat16_float32_bm32_bn32_bk16_wm2_wn2_MN_taligned_K_taligned|steel_gemm_splitk_accum_bfloat16_float32|steel_gemm_fused_nt_bfloat16_bfloat16_bm64_bn64_bk16_wm2_wn2_has_batch_n_use_out_source_n_do_axpby_n_align_M_t_align_N_t_align_K_t|steel_gemm_splitk_nt_bfloat16_float32_bm32_bn32_bk16_wm2_wn2_MN_taligned_K_taligned|steel_gemm_splitk_accum_bfloat16_float32|custom_kernel_laguna_prefill_sliding_qk_norm_rope_bf16_128_h1_v2_bfloat16_t_bfloat16_t_bfloat16_t_bfloat16_t_float_int32_tc_bfloat16_t_bfloat16_t|steel_attention_bfloat16_bq32_bk16_bd128_wm4_wn1_maskbfloat16_align_Q_t_align_K_t_has_mask_n_do_causal_t_has_sinks_n|Cf4IAsTypeADf4IBroadcastCBEf4IBroadcastBCFf4ILogAddExpDEGV2OAsTypeF_VC_V2_10408321403207385874_contiguous|g2_Multiplybfloat16|steel_gemm_fused_nt_bfloat16_bfloat16_bm64_bn64_bk16_wm2_wn2_has_batch_n_use_out_source_n_do_axpby_n_align_M_t_align_N_t_align_K_t|custom_kernel_laguna_residual_rms_bf16_2048_v1_bfloat16_t_bfloat16_t_bfloat16_t_bfloat16_t_bfloat16_t|steel_gemm_splitk_nt_bfloat16_float32_bm32_bn32_bk16_wm2_wn2_MN_taligned_K_taligned|steel_gemm_splitk_accum_bfloat16_float32|custom_kernel_laguna_prefill_router_tournament_ordinal_norm_v1_bfloat16_t_float_uint32_t_float|custom_kernel_mlx_lm_route_csort_scatter_fused_m8_u32_v4_uint32_t_uint32_t_uint32_t_uint32_t|gather_frontbfloat16_uint32_int_2|arangeuint32|nvfp4_gather_qmm_rhs_nt_bfloat16_t_gs_16_b_4_bm_16_bn_32_bk_32_wm_1_wn_2_align_M_t_align_N_t_align_K_t|nvfp4_qmm_t_splitk_fused_bfloat16_t_gs_16_b_4_alN_true|nvfp4_qmm_t_splitk_fused_bfloat16_t_gs_16_b_4_alN_true|g2_copybfloat16bfloat16|g2_copybfloat16bfloat16|CV2ISigmoidADV2IBroadcastACEV2IBroadcastCAFV2IMultiplyDEGV2IBroadcastFBHV2IBroadcastBFIV2OMultiplyGH_VV_V2V2_11160318154034397263_contiguous|arangeuint32|CV2ISigmoidADV2IBroadcastACEV2IBroadcastCAFV2IMultiplyDEGV2IBroadcastFBHV2IBroadcastBFIV2OMultiplyGH_VV_V2V2_11160318154034397263_contiguous|nvfp4_qmm_t_bfloat16_t_gs_16_b_4_alN_true_batch_0|nvfp4_gather_qmm_rhs_nt_bfloat16_t_gs_16_b_4_bm_16_bn_32_bk_32_wm_1_wn_2_align_M_t_align_N_t_align_K_t
GPUPROF 187995.228740500 187995.228816875 1 23101440 custom_kernel_laguna_prefill_sorted_moe_tail_bf16_v1_bfloat16_t_uint32_t_float_bfloat16_t_bfloat16_t_bfloat16_t
GPUPROF 187995.228817625 187995.241510875 30 612017668 rmsbfloat16|steel_gemm_splitk_nt_bfloat16_float32_bm32_bn32_bk16_wm2_wn2_MN_taligned_K_taligned|steel_gemm_splitk_accum_bfloat16_float32|steel_gemm_splitk_nt_bfloat16_float32_bm32_bn32_bk16_wm2_wn2_MN_taligned_K_taligned|steel_gemm_splitk_accum_bfloat16_float32|steel_gemm_fused_nt_bfloat16_bfloat16_bm64_bn64_bk16_wm2_wn2_has_batch_n_use_out_source_n_do_axpby_n_align_M_t_align_N_t_align_K_t|steel_gemm_splitk_nt_bfloat16_float32_bm32_bn32_bk16_wm2_wn2_MN_naligned_K_taligned|steel_gemm_splitk_accum_bfloat16_float32|custom_kernel_laguna_prefill_full_qk_norm_yarn_bf16_128_h1_v2_bfloat16_t_bfloat16_t_bfloat16_t_bfloat16_t_float_int32_tc_bfloat16_t_bfloat16_t|steel_attention_bfloat16_bq32_bk16_bd128_wm4_wn1_maskbfloat16_align_Q_t_align_K_t_has_mask_n_do_causal_t_has_sinks_n|Cf4IAsTypeADf4IBroadcastCBEf4IBroadcastBCFf4ILogAddExpDEGV2OAsTypeF_VC_V2_10408321403207385874_contiguous|g2_Multiplybfloat16|steel_gemm_fused_nt_bfloat16_bfloat16_bm64_bn64_bk16_wm2_wn2_has_batch_n_use_out_source_n_do_axpby_n_align_M_t_align_N_t_align_K_t|custom_kernel_laguna_residual_rms_bf16_2048_v1_bfloat16_t_bfloat16_t_bfloat16_t_bfloat16_t_bfloat16_t|steel_gemm_splitk_nt_bfloat16_float32_bm32_bn32_bk16_wm2_wn2_MN_taligned_K_taligned|steel_gemm_splitk_accum_bfloat16_float32|custom_kernel_laguna_prefill_router_tournament_ordinal_norm_v1_bfloat16_t_float_uint32_t_float|custom_kernel_mlx_lm_route_csort_scatter_fused_m8_u32_v4_uint32_t_uint32_t_uint32_t_uint32_t|gather_frontbfloat16_uint32_int_2|arangeuint32|nvfp4_gather_qmm_rhs_nt_bfloat16_t_gs_16_b_4_bm_16_bn_32_bk_32_wm_1_wn_2_align_M_t_align_N_t_align_K_t|nvfp4_qmm_t_splitk_fused_bfloat16_t_gs_16_b_4_alN_true|nvfp4_qmm_t_splitk_fused_bfloat16_t_gs_16_b_4_alN_true|g2_copybfloat16bfloat16|g2_copybfloat16bfloat16|CV2ISigmoidADV2IBroadcastACEV2IBroadcastCAFV2IMultiplyDEGV2IBroadcastFBHV2IBroadcastBFIV2OMultiplyGH_VV_V2V2_11160318154034397263_contiguous|arangeuint32|CV2ISigmoidADV2IBroadcastACEV2IBroadcastCAFV2IMultiplyDEGV2IBroadcastFBHV2IBroadcastBFIV2OMultiplyGH_VV_V2V2_11160318154034397263_contiguous|nvfp4_qmm_t_bfloat16_t_gs_16_b_4_alN_true_batch_0|nvfp4_gather_qmm_rhs_nt_bfloat16_t_gs_16_b_4_bm_16_bn_32_bk_32_wm_1_wn_2_align_M_t_align_N_t_align_K_t
GPUPROF 187995.241511625 187995.241591125 1 23101440 custom_kernel_laguna_prefill_sorted_moe_tail_bf16_v1_bfloat16_t_uint32_t_float_bfloat16_t_bfloat16_t_bfloat16_t
GPUPROF 187995.241591917 187995.255548500 30 636347908 rmsbfloat16|steel_gemm_splitk_nt_bfloat16_float32_bm32_bn32_bk16_wm2_wn2_MN_taligned_K_taligned|steel_gemm_splitk_accum_bfloat16_float32|steel_gemm_splitk_nt_bfloat16_float32_bm32_bn32_bk16_wm2_wn2_MN_taligned_K_taligned|steel_gemm_splitk_accum_bfloat16_float32|steel_gemm_fused_nt_bfloat16_bfloat16_bm64_bn64_bk16_wm2_wn2_has_batch_n_use_out_source_n_do_axpby_n_align_M_t_align_N_t_align_K_t|steel_gemm_splitk_nt_bfloat16_float32_bm32_bn32_bk16_wm2_wn2_MN_taligned_K_taligned|steel_gemm_splitk_accum_bfloat16_float32|custom_kernel_laguna_prefill_sliding_qk_norm_rope_bf16_128_h1_v2_bfloat16_t_bfloat16_t_bfloat16_t_bfloat16_t_float_int32_tc_bfloat16_t_bfloat16_t|steel_attention_bfloat16_bq32_bk16_bd128_wm4_wn1_maskbfloat16_align_Q_t_align_K_t_has_mask_n_do_causal_t_has_sinks_n|Cf4IAsTypeADf4IBroadcastCBEf4IBroadcastBCFf4ILogAddExpDEGV2OAsTypeF_VC_V2_10408321403207385874_contiguous|g2_Multiplybfloat16|steel_gemm_fused_nt_bfloat16_bfloat16_bm64_bn64_bk16_wm2_wn2_has_batch_n_use_out_source_n_do_axpby_n_align_M_t_align_N_t_align_K_t|custom_kernel_laguna_residual_rms_bf16_2048_v1_bfloat16_t_bfloat16_t_bfloat16_t_bfloat16_t_bfloat16_t|steel_gemm_splitk_nt_bfloat16_float32_bm32_bn32_bk16_wm2_wn2_MN_taligned_K_taligned|steel_gemm_splitk_accum_bfloat16_float32|custom_kernel_laguna_prefill_router_tournament_ordinal_norm_v1_bfloat16_t_float_uint32_t_float|custom_kernel_mlx_lm_route_csort_scatter_fused_m8_u32_v4_uint32_t_uint32_t_uint32_t_uint32_t|gather_frontbfloat16_uint32_int_2|arangeuint32|nvfp4_gather_qmm_rhs_nt_bfloat16_t_gs_16_b_4_bm_16_bn_32_bk_32_wm_1_wn_2_align_M_t_align_N_t_align_K_t|nvfp4_qmm_t_splitk_fused_bfloat16_t_gs_16_b_4_alN_true|nvfp4_qmm_t_splitk_fused_bfloat16_t_gs_16_b_4_alN_true|g2_copybfloat16bfloat16|g2_copybfloat16bfloat16|CV2ISigmoidADV2IBroadcastACEV2IBroadcastCAFV2IMultiplyDEGV2IBroadcastFBHV2IBroadcastBFIV2OMultiplyGH_VV_V2V2_11160318154034397263_contiguous|arangeuint32|CV2ISigmoidADV2IBroadcastACEV2IBroadcastCAFV2IMultiplyDEGV2IBroadcastFBHV2IBroadcastBFIV2OMultiplyGH_VV_V2V2_11160318154034397263_contiguous|nvfp4_qmm_t_bfloat16_t_gs_16_b_4_alN_true_batch_0|nvfp4_gather_qmm_rhs_nt_bfloat16_t_gs_16_b_4_bm_16_bn_32_bk_32_wm_1_wn_2_align_M_t_align_N_t_align_K_t
GPUPROF 187995.255552292 187995.255629750 1 23101440 custom_kernel_laguna_prefill_sorted_moe_tail_bf16_v1_bfloat16_t_uint32_t_float_bfloat16_t_bfloat16_t_bfloat16_t
GPUPROF 187995.255630542 187995.269781417 30 636347908 rmsbfloat16|steel_gemm_splitk_nt_bfloat16_float32_bm32_bn32_bk16_wm2_wn2_MN_taligned_K_taligned|steel_gemm_splitk_accum_bfloat16_float32|steel_gemm_splitk_nt_bfloat16_float32_bm32_bn32_bk16_wm2_wn2_MN_taligned_K_taligned|steel_gemm_splitk_accum_bfloat16_float32|steel_gemm_fused_nt_bfloat16_bfloat16_bm64_bn64_bk16_wm2_wn2_has_batch_n_use_out_source_n_do_axpby_n_align_M_t_align_N_t_align_K_t|steel_gemm_splitk_nt_bfloat16_float32_bm32_bn32_bk16_wm2_wn2_MN_taligned_K_taligned|steel_gemm_splitk_accum_bfloat16_float32|custom_kernel_laguna_prefill_sliding_qk_norm_rope_bf16_128_h1_v2_bfloat16_t_bfloat16_t_bfloat16_t_bfloat16_t_float_int32_tc_bfloat16_t_bfloat16_t|steel_attention_bfloat16_bq32_bk16_bd128_wm4_wn1_maskbfloat16_align_Q_t_align_K_t_has_mask_n_do_causal_t_has_sinks_n|Cf4IAsTypeADf4IBroadcastCBEf4IBroadcastBCFf4ILogAddExpDEGV2OAsTypeF_VC_V2_10408321403207385874_contiguous|g2_Multiplybfloat16|steel_gemm_fused_nt_bfloat16_bfloat16_bm64_bn64_bk16_wm2_wn2_has_batch_n_use_out_source_n_do_axpby_n_align_M_t_align_N_t_align_K_t|custom_kernel_laguna_residual_rms_bf16_2048_v1_bfloat16_t_bfloat16_t_bfloat16_t_bfloat16_t_bfloat16_t|steel_gemm_splitk_nt_bfloat16_float32_bm32_bn32_bk16_wm2_wn2_MN_taligned_K_taligned|steel_gemm_splitk_accum_bfloat16_float32|custom_kernel_laguna_prefill_router_tournament_ordinal_norm_v1_bfloat16_t_float_uint32_t_float|custom_kernel_mlx_lm_route_csort_scatter_fused_m8_u32_v4_uint32_t_uint32_t_uint32_t_uint32_t|gather_frontbfloat16_uint32_int_2|arangeuint32|nvfp4_gather_qmm_rhs_nt_bfloat16_t_gs_16_b_4_bm_16_bn_32_bk_32_wm_1_wn_2_align_M_t_align_N_t_align_K_t|nvfp4_qmm_t_splitk_fused_bfloat16_t_gs_16_b_4_alN_true|nvfp4_qmm_t_splitk_fused_bfloat16_t_gs_16_b_4_alN_true|g2_copybfloat16bfloat16|g2_copybfloat16bfloat16|CV2ISigmoidADV2IBroadcastACEV2IBroadcastCAFV2IMultiplyDEGV2IBroadcastFBHV2IBroadcastBFIV2OMultiplyGH_VV_V2V2_11160318154034397263_contiguous|arangeuint32|CV2ISigmoidADV2IBroadcastACEV2IBroadcastCAFV2IMultiplyDEGV2IBroadcastFBHV2IBroadcastBFIV2OMultiplyGH_VV_V2V2_11160318154034397263_contiguous|nvfp4_qmm_t_bfloat16_t_gs_16_b_4_alN_true_batch_0|nvfp4_gather_qmm_rhs_nt_bfloat16_t_gs_16_b_4_bm_16_bn_32_bk_32_wm_1_wn_2_align_M_t_align_N_t_align_K_t
GPUPROF 187995.269782250 187995.269860000 1 23101440 custom_kernel_laguna_prefill_sorted_moe_tail_bf16_v1_bfloat16_t_uint32_t_float_bfloat16_t_bfloat16_t_bfloat16_t
GPUPROF 187995.269861000 187995.283881250 30 636347908 rmsbfloat16|steel_gemm_splitk_nt_bfloat16_float32_bm32_bn32_bk16_wm2_wn2_MN_taligned_K_taligned|steel_gemm_splitk_accum_bfloat16_float32|steel_gemm_splitk_nt_bfloat16_float32_bm32_bn32_bk16_wm2_wn2_MN_taligned_K_taligned|steel_gemm_splitk_accum_bfloat16_float32|steel_gemm_fused_nt_bfloat16_bfloat16_bm64_bn64_bk16_wm2_wn2_has_batch_n_use_out_source_n_do_axpby_n_align_M_t_align_N_t_align_K_t|steel_gemm_splitk_nt_bfloat16_float32_bm32_bn32_bk16_wm2_wn2_MN_taligned_K_taligned|steel_gemm_splitk_accum_bfloat16_float32|custom_kernel_laguna_prefill_sliding_qk_norm_rope_bf16_128_h1_v2_bfloat16_t_bfloat16_t_bfloat16_t_bfloat16_t_float_int32_tc_bfloat16_t_bfloat16_t|steel_attention_bfloat16_bq32_bk16_bd128_wm4_wn1_maskbfloat16_align_Q_t_align_K_t_has_mask_n_do_causal_t_has_sinks_n|Cf4IAsTypeADf4IBroadcastCBEf4IBroadcastBCFf4ILogAddExpDEGV2OAsTypeF_VC_V2_10408321403207385874_contiguous|g2_Multiplybfloat16|steel_gemm_fused_nt_bfloat16_bfloat16_bm64_bn64_bk16_wm2_wn2_has_batch_n_use_out_source_n_do_axpby_n_align_M_t_align_N_t_align_K_t|custom_kernel_laguna_residual_rms_bf16_2048_v1_bfloat16_t_bfloat16_t_bfloat16_t_bfloat16_t_bfloat16_t|steel_gemm_splitk_nt_bfloat16_float32_bm32_bn32_bk16_wm2_wn2_MN_taligned_K_taligned|steel_gemm_splitk_accum_bfloat16_float32|custom_kernel_laguna_prefill_router_tournament_ordinal_norm_v1_bfloat16_t_float_uint32_t_float|custom_kernel_mlx_lm_route_csort_scatter_fused_m8_u32_v4_uint32_t_uint32_t_uint32_t_uint32_t|gather_frontbfloat16_uint32_int_2|arangeuint32|nvfp4_gather_qmm_rhs_nt_bfloat16_t_gs_16_b_4_bm_16_bn_32_bk_32_wm_1_wn_2_align_M_t_align_N_t_align_K_t|nvfp4_qmm_t_splitk_fused_bfloat16_t_gs_16_b_4_alN_true|nvfp4_qmm_t_splitk_fused_bfloat16_t_gs_16_b_4_alN_true|g2_copybfloat16bfloat16|g2_copybfloat16bfloat16|CV2ISigmoidADV2IBroadcastACEV2IBroadcastCAFV2IMultiplyDEGV2IBroadcastFBHV2IBroadcastBFIV2OMultiplyGH_VV_V2V2_11160318154034397263_contiguous|arangeuint32|CV2ISigmoidADV2IBroadcastACEV2IBroadcastCAFV2IMultiplyDEGV2IBroadcastFBHV2IBroadcastBFIV2OMultiplyGH_VV_V2V2_11160318154034397263_contiguous|nvfp4_qmm_t_bfloat16_t_gs_16_b_4_alN_true_batch_0|nvfp4_gather_qmm_rhs_nt_bfloat16_t_gs_16_b_4_bm_16_bn_32_bk_32_wm_1_wn_2_align_M_t_align_N_t_align_K_t
GPUPROF 187995.283882042 187995.283960250 1 23101440 custom_kernel_laguna_prefill_sorted_moe_tail_bf16_v1_bfloat16_t_uint32_t_float_bfloat16_t_bfloat16_t_bfloat16_t
GPUPROF 187995.283961000 187995.296487750 30 612017668 rmsbfloat16|steel_gemm_splitk_nt_bfloat16_float32_bm32_bn32_bk16_wm2_wn2_MN_taligned_K_taligned|steel_gemm_splitk_accum_bfloat16_float32|steel_gemm_splitk_nt_bfloat16_float32_bm32_bn32_bk16_wm2_wn2_MN_taligned_K_taligned|steel_gemm_splitk_accum_bfloat16_float32|steel_gemm_fused_nt_bfloat16_bfloat16_bm64_bn64_bk16_wm2_wn2_has_batch_n_use_out_source_n_do_axpby_n_align_M_t_align_N_t_align_K_t|steel_gemm_splitk_nt_bfloat16_float32_bm32_bn32_bk16_wm2_wn2_MN_naligned_K_taligned|steel_gemm_splitk_accum_bfloat16_float32|custom_kernel_laguna_prefill_full_qk_norm_yarn_bf16_128_h1_v2_bfloat16_t_bfloat16_t_bfloat16_t_bfloat16_t_float_int32_tc_bfloat16_t_bfloat16_t|steel_attention_bfloat16_bq32_bk16_bd128_wm4_wn1_maskbfloat16_align_Q_t_align_K_t_has_mask_n_do_causal_t_has_sinks_n|Cf4IAsTypeADf4IBroadcastCBEf4IBroadcastBCFf4ILogAddExpDEGV2OAsTypeF_VC_V2_10408321403207385874_contiguous|g2_Multiplybfloat16|steel_gemm_fused_nt_bfloat16_bfloat16_bm64_bn64_bk16_wm2_wn2_has_batch_n_use_out_source_n_do_axpby_n_align_M_t_align_N_t_align_K_t|custom_kernel_laguna_residual_rms_bf16_2048_v1_bfloat16_t_bfloat16_t_bfloat16_t_bfloat16_t_bfloat16_t|steel_gemm_splitk_nt_bfloat16_float32_bm32_bn32_bk16_wm2_wn2_MN_taligned_K_taligned|steel_gemm_splitk_accum_bfloat16_float32|custom_kernel_laguna_prefill_router_tournament_ordinal_norm_v1_bfloat16_t_float_uint32_t_float|custom_kernel_mlx_lm_route_csort_scatter_fused_m8_u32_v4_uint32_t_uint32_t_uint32_t_uint32_t|gather_frontbfloat16_uint32_int_2|arangeuint32|nvfp4_gather_qmm_rhs_nt_bfloat16_t_gs_16_b_4_bm_16_bn_32_bk_32_wm_1_wn_2_align_M_t_align_N_t_align_K_t|nvfp4_qmm_t_splitk_fused_bfloat16_t_gs_16_b_4_alN_true|nvfp4_qmm_t_splitk_fused_bfloat16_t_gs_16_b_4_alN_true|g2_copybfloat16bfloat16|g2_copybfloat16bfloat16|CV2ISigmoidADV2IBroadcastACEV2IBroadcastCAFV2IMultiplyDEGV2IBroadcastFBHV2IBroadcastBFIV2OMultiplyGH_VV_V2V2_11160318154034397263_contiguous|arangeuint32|CV2ISigmoidADV2IBroadcastACEV2IBroadcastCAFV2IMultiplyDEGV2IBroadcastFBHV2IBroadcastBFIV2OMultiplyGH_VV_V2V2_11160318154034397263_contiguous|nvfp4_qmm_t_bfloat16_t_gs_16_b_4_alN_true_batch_0|nvfp4_gather_qmm_rhs_nt_bfloat16_t_gs_16_b_4_bm_16_bn_32_bk_32_wm_1_wn_2_align_M_t_align_N_t_align_K_t
GPUPROF 187995.296488667 187995.296566250 1 23101440 custom_kernel_laguna_prefill_sorted_moe_tail_bf16_v1_bfloat16_t_uint32_t_float_bfloat16_t_bfloat16_t_bfloat16_t
GPUPROF 187995.296567000 187995.310251125 30 636347908 rmsbfloat16|steel_gemm_splitk_nt_bfloat16_float32_bm32_bn32_bk16_wm2_wn2_MN_taligned_K_taligned|steel_gemm_splitk_accum_bfloat16_float32|steel_gemm_splitk_nt_bfloat16_float32_bm32_bn32_bk16_wm2_wn2_MN_taligned_K_taligned|steel_gemm_splitk_accum_bfloat16_float32|steel_gemm_fused_nt_bfloat16_bfloat16_bm64_bn64_bk16_wm2_wn2_has_batch_n_use_out_source_n_do_axpby_n_align_M_t_align_N_t_align_K_t|steel_gemm_splitk_nt_bfloat16_float32_bm32_bn32_bk16_wm2_wn2_MN_taligned_K_taligned|steel_gemm_splitk_accum_bfloat16_float32|custom_kernel_laguna_prefill_sliding_qk_norm_rope_bf16_128_h1_v2_bfloat16_t_bfloat16_t_bfloat16_t_bfloat16_t_float_int32_tc_bfloat16_t_bfloat16_t|steel_attention_bfloat16_bq32_bk16_bd128_wm4_wn1_maskbfloat16_align_Q_t_align_K_t_has_mask_n_do_causal_t_has_sinks_n|Cf4IAsTypeADf4IBroadcastCBEf4IBroadcastBCFf4ILogAddExpDEGV2OAsTypeF_VC_V2_10408321403207385874_contiguous|g2_Multiplybfloat16|steel_gemm_fused_nt_bfloat16_bfloat16_bm64_bn64_bk16_wm2_wn2_has_batch_n_use_out_source_n_do_axpby_n_align_M_t_align_N_t_align_K_t|custom_kernel_laguna_residual_rms_bf16_2048_v1_bfloat16_t_bfloat16_t_bfloat16_t_bfloat16_t_bfloat16_t|steel_gemm_splitk_nt_bfloat16_float32_bm32_bn32_bk16_wm2_wn2_MN_taligned_K_taligned|steel_gemm_splitk_accum_bfloat16_float32|custom_kernel_laguna_prefill_router_tournament_ordinal_norm_v1_bfloat16_t_float_uint32_t_float|custom_kernel_mlx_lm_route_csort_scatter_fused_m8_u32_v4_uint32_t_uint32_t_uint32_t_uint32_t|gather_frontbfloat16_uint32_int_2|arangeuint32|nvfp4_gather_qmm_rhs_nt_bfloat16_t_gs_16_b_4_bm_16_bn_32_bk_32_wm_1_wn_2_align_M_t_align_N_t_align_K_t|nvfp4_qmm_t_splitk_fused_bfloat16_t_gs_16_b_4_alN_true|nvfp4_qmm_t_splitk_fused_bfloat16_t_gs_16_b_4_alN_true|g2_copybfloat16bfloat16|g2_copybfloat16bfloat16|CV2ISigmoidADV2IBroadcastACEV2IBroadcastCAFV2IMultiplyDEGV2IBroadcastFBHV2IBroadcastBFIV2OMultiplyGH_VV_V2V2_11160318154034397263_contiguous|arangeuint32|CV2ISigmoidADV2IBroadcastACEV2IBroadcastCAFV2IMultiplyDEGV2IBroadcastFBHV2IBroadcastBFIV2OMultiplyGH_VV_V2V2_11160318154034397263_contiguous|nvfp4_qmm_t_bfloat16_t_gs_16_b_4_alN_true_batch_0|nvfp4_gather_qmm_rhs_nt_bfloat16_t_gs_16_b_4_bm_16_bn_32_bk_32_wm_1_wn_2_align_M_t_align_N_t_align_K_t
GPUPROF 187995.310251875 187995.310330250 1 23101440 custom_kernel_laguna_prefill_sorted_moe_tail_bf16_v1_bfloat16_t_uint32_t_float_bfloat16_t_bfloat16_t_bfloat16_t
GPUPROF 187995.310331042 187995.323973375 30 636347908 rmsbfloat16|steel_gemm_splitk_nt_bfloat16_float32_bm32_bn32_bk16_wm2_wn2_MN_taligned_K_taligned|steel_gemm_splitk_accum_bfloat16_float32|steel_gemm_splitk_nt_bfloat16_float32_bm32_bn32_bk16_wm2_wn2_MN_taligned_K_taligned|steel_gemm_splitk_accum_bfloat16_float32|steel_gemm_fused_nt_bfloat16_bfloat16_bm64_bn64_bk16_wm2_wn2_has_batch_n_use_out_source_n_do_axpby_n_align_M_t_align_N_t_align_K_t|steel_gemm_splitk_nt_bfloat16_float32_bm32_bn32_bk16_wm2_wn2_MN_taligned_K_taligned|steel_gemm_splitk_accum_bfloat16_float32|custom_kernel_laguna_prefill_sliding_qk_norm_rope_bf16_128_h1_v2_bfloat16_t_bfloat16_t_bfloat16_t_bfloat16_t_float_int32_tc_bfloat16_t_bfloat16_t|steel_attention_bfloat16_bq32_bk16_bd128_wm4_wn1_maskbfloat16_align_Q_t_align_K_t_has_mask_n_do_causal_t_has_sinks_n|Cf4IAsTypeADf4IBroadcastCBEf4IBroadcastBCFf4ILogAddExpDEGV2OAsTypeF_VC_V2_10408321403207385874_contiguous|g2_Multiplybfloat16|steel_gemm_fused_nt_bfloat16_bfloat16_bm64_bn64_bk16_wm2_wn2_has_batch_n_use_out_source_n_do_axpby_n_align_M_t_align_N_t_align_K_t|custom_kernel_laguna_residual_rms_bf16_2048_v1_bfloat16_t_bfloat16_t_bfloat16_t_bfloat16_t_bfloat16_t|steel_gemm_splitk_nt_bfloat16_float32_bm32_bn32_bk16_wm2_wn2_MN_taligned_K_taligned|steel_gemm_splitk_accum_bfloat16_float32|custom_kernel_laguna_prefill_router_tournament_ordinal_norm_v1_bfloat16_t_float_uint32_t_float|custom_kernel_mlx_lm_route_csort_scatter_fused_m8_u32_v4_uint32_t_uint32_t_uint32_t_uint32_t|gather_frontbfloat16_uint32_int_2|arangeuint32|nvfp4_gather_qmm_rhs_nt_bfloat16_t_gs_16_b_4_bm_16_bn_32_bk_32_wm_1_wn_2_align_M_t_align_N_t_align_K_t|nvfp4_qmm_t_splitk_fused_bfloat16_t_gs_16_b_4_alN_true|nvfp4_qmm_t_splitk_fused_bfloat16_t_gs_16_b_4_alN_true|g2_copybfloat16bfloat16|g2_copybfloat16bfloat16|CV2ISigmoidADV2IBroadcastACEV2IBroadcastCAFV2IMultiplyDEGV2IBroadcastFBHV2IBroadcastBFIV2OMultiplyGH_VV_V2V2_11160318154034397263_contiguous|arangeuint32|CV2ISigmoidADV2IBroadcastACEV2IBroadcastCAFV2IMultiplyDEGV2IBroadcastFBHV2IBroadcastBFIV2OMultiplyGH_VV_V2V2_11160318154034397263_contiguous|nvfp4_qmm_t_bfloat16_t_gs_16_b_4_alN_true_batch_0|nvfp4_gather_qmm_rhs_nt_bfloat16_t_gs_16_b_4_bm_16_bn_32_bk_32_wm_1_wn_2_align_M_t_align_N_t_align_K_t
GPUPROF 187995.323991292 187995.324069250 1 23101440 custom_kernel_laguna_prefill_sorted_moe_tail_bf16_v1_bfloat16_t_uint32_t_float_bfloat16_t_bfloat16_t_bfloat16_t
GPUPROF 187995.324070000 187995.337447375 30 636347908 rmsbfloat16|steel_gemm_splitk_nt_bfloat16_float32_bm32_bn32_bk16_wm2_wn2_MN_taligned_K_taligned|steel_gemm_splitk_accum_bfloat16_float32|steel_gemm_splitk_nt_bfloat16_float32_bm32_bn32_bk16_wm2_wn2_MN_taligned_K_taligned|steel_gemm_splitk_accum_bfloat16_float32|steel_gemm_fused_nt_bfloat16_bfloat16_bm64_bn64_bk16_wm2_wn2_has_batch_n_use_out_source_n_do_axpby_n_align_M_t_align_N_t_align_K_t|steel_gemm_splitk_nt_bfloat16_float32_bm32_bn32_bk16_wm2_wn2_MN_taligned_K_taligned|steel_gemm_splitk_accum_bfloat16_float32|custom_kernel_laguna_prefill_sliding_qk_norm_rope_bf16_128_h1_v2_bfloat16_t_bfloat16_t_bfloat16_t_bfloat16_t_float_int32_tc_bfloat16_t_bfloat16_t|steel_attention_bfloat16_bq32_bk16_bd128_wm4_wn1_maskbfloat16_align_Q_t_align_K_t_has_mask_n_do_causal_t_has_sinks_n|Cf4IAsTypeADf4IBroadcastCBEf4IBroadcastBCFf4ILogAddExpDEGV2OAsTypeF_VC_V2_10408321403207385874_contiguous|g2_Multiplybfloat16|steel_gemm_fused_nt_bfloat16_bfloat16_bm64_bn64_bk16_wm2_wn2_has_batch_n_use_out_source_n_do_axpby_n_align_M_t_align_N_t_align_K_t|custom_kernel_laguna_residual_rms_bf16_2048_v1_bfloat16_t_bfloat16_t_bfloat16_t_bfloat16_t_bfloat16_t|steel_gemm_splitk_nt_bfloat16_float32_bm32_bn32_bk16_wm2_wn2_MN_taligned_K_taligned|steel_gemm_splitk_accum_bfloat16_float32|custom_kernel_laguna_prefill_router_tournament_ordinal_norm_v1_bfloat16_t_float_uint32_t_float|custom_kernel_mlx_lm_route_csort_scatter_fused_m8_u32_v4_uint32_t_uint32_t_uint32_t_uint32_t|gather_frontbfloat16_uint32_int_2|arangeuint32|nvfp4_gather_qmm_rhs_nt_bfloat16_t_gs_16_b_4_bm_16_bn_32_bk_32_wm_1_wn_2_align_M_t_align_N_t_align_K_t|nvfp4_qmm_t_splitk_fused_bfloat16_t_gs_16_b_4_alN_true|nvfp4_qmm_t_splitk_fused_bfloat16_t_gs_16_b_4_alN_true|g2_copybfloat16bfloat16|g2_copybfloat16bfloat16|CV2ISigmoidADV2IBroadcastACEV2IBroadcastCAFV2IMultiplyDEGV2IBroadcastFBHV2IBroadcastBFIV2OMultiplyGH_VV_V2V2_11160318154034397263_contiguous|arangeuint32|CV2ISigmoidADV2IBroadcastACEV2IBroadcastCAFV2IMultiplyDEGV2IBroadcastFBHV2IBroadcastBFIV2OMultiplyGH_VV_V2V2_11160318154034397263_contiguous|nvfp4_qmm_t_bfloat16_t_gs_16_b_4_alN_true_batch_0|nvfp4_gather_qmm_rhs_nt_bfloat16_t_gs_16_b_4_bm_16_bn_32_bk_32_wm_1_wn_2_align_M_t_align_N_t_align_K_t
GPUPROF 187995.337448125 187995.337526500 1 23101440 custom_kernel_laguna_prefill_sorted_moe_tail_bf16_v1_bfloat16_t_uint32_t_float_bfloat16_t_bfloat16_t_bfloat16_t
GPUPROF 187995.337527250 187995.349855250 30 612017668 rmsbfloat16|steel_gemm_splitk_nt_bfloat16_float32_bm32_bn32_bk16_wm2_wn2_MN_taligned_K_taligned|steel_gemm_splitk_accum_bfloat16_float32|steel_gemm_splitk_nt_bfloat16_float32_bm32_bn32_bk16_wm2_wn2_MN_taligned_K_taligned|steel_gemm_splitk_accum_bfloat16_float32|steel_gemm_fused_nt_bfloat16_bfloat16_bm64_bn64_bk16_wm2_wn2_has_batch_n_use_out_source_n_do_axpby_n_align_M_t_align_N_t_align_K_t|steel_gemm_splitk_nt_bfloat16_float32_bm32_bn32_bk16_wm2_wn2_MN_naligned_K_taligned|steel_gemm_splitk_accum_bfloat16_float32|custom_kernel_laguna_prefill_full_qk_norm_yarn_bf16_128_h1_v2_bfloat16_t_bfloat16_t_bfloat16_t_bfloat16_t_float_int32_tc_bfloat16_t_bfloat16_t|steel_attention_bfloat16_bq32_bk16_bd128_wm4_wn1_maskbfloat16_align_Q_t_align_K_t_has_mask_n_do_causal_t_has_sinks_n|Cf4IAsTypeADf4IBroadcastCBEf4IBroadcastBCFf4ILogAddExpDEGV2OAsTypeF_VC_V2_10408321403207385874_contiguous|g2_Multiplybfloat16|steel_gemm_fused_nt_bfloat16_bfloat16_bm64_bn64_bk16_wm2_wn2_has_batch_n_use_out_source_n_do_axpby_n_align_M_t_align_N_t_align_K_t|custom_kernel_laguna_residual_rms_bf16_2048_v1_bfloat16_t_bfloat16_t_bfloat16_t_bfloat16_t_bfloat16_t|steel_gemm_splitk_nt_bfloat16_float32_bm32_bn32_bk16_wm2_wn2_MN_taligned_K_taligned|steel_gemm_splitk_accum_bfloat16_float32|custom_kernel_laguna_prefill_router_tournament_ordinal_norm_v1_bfloat16_t_float_uint32_t_float|custom_kernel_mlx_lm_route_csort_scatter_fused_m8_u32_v4_uint32_t_uint32_t_uint32_t_uint32_t|gather_frontbfloat16_uint32_int_2|arangeuint32|nvfp4_gather_qmm_rhs_nt_bfloat16_t_gs_16_b_4_bm_16_bn_32_bk_32_wm_1_wn_2_align_M_t_align_N_t_align_K_t|nvfp4_qmm_t_splitk_fused_bfloat16_t_gs_16_b_4_alN_true|nvfp4_qmm_t_splitk_fused_bfloat16_t_gs_16_b_4_alN_true|g2_copybfloat16bfloat16|g2_copybfloat16bfloat16|CV2ISigmoidADV2IBroadcastACEV2IBroadcastCAFV2IMultiplyDEGV2IBroadcastFBHV2IBroadcastBFIV2OMultiplyGH_VV_V2V2_11160318154034397263_contiguous|arangeuint32|CV2ISigmoidADV2IBroadcastACEV2IBroadcastCAFV2IMultiplyDEGV2IBroadcastFBHV2IBroadcastBFIV2OMultiplyGH_VV_V2V2_11160318154034397263_contiguous|nvfp4_qmm_t_bfloat16_t_gs_16_b_4_alN_true_batch_0|nvfp4_gather_qmm_rhs_nt_bfloat16_t_gs_16_b_4_bm_16_bn_32_bk_32_wm_1_wn_2_align_M_t_align_N_t_align_K_t
GPUPROF 187995.349873250 187995.349950625 1 23101440 custom_kernel_laguna_prefill_sorted_moe_tail_bf16_v1_bfloat16_t_uint32_t_float_bfloat16_t_bfloat16_t_bfloat16_t
GPUPROF 187995.349951375 187995.363496417 30 636347908 rmsbfloat16|steel_gemm_splitk_nt_bfloat16_float32_bm32_bn32_bk16_wm2_wn2_MN_taligned_K_taligned|steel_gemm_splitk_accum_bfloat16_float32|steel_gemm_splitk_nt_bfloat16_float32_bm32_bn32_bk16_wm2_wn2_MN_taligned_K_taligned|steel_gemm_splitk_accum_bfloat16_float32|steel_gemm_fused_nt_bfloat16_bfloat16_bm64_bn64_bk16_wm2_wn2_has_batch_n_use_out_source_n_do_axpby_n_align_M_t_align_N_t_align_K_t|steel_gemm_splitk_nt_bfloat16_float32_bm32_bn32_bk16_wm2_wn2_MN_taligned_K_taligned|steel_gemm_splitk_accum_bfloat16_float32|custom_kernel_laguna_prefill_sliding_qk_norm_rope_bf16_128_h1_v2_bfloat16_t_bfloat16_t_bfloat16_t_bfloat16_t_float_int32_tc_bfloat16_t_bfloat16_t|steel_attention_bfloat16_bq32_bk16_bd128_wm4_wn1_maskbfloat16_align_Q_t_align_K_t_has_mask_n_do_causal_t_has_sinks_n|Cf4IAsTypeADf4IBroadcastCBEf4IBroadcastBCFf4ILogAddExpDEGV2OAsTypeF_VC_V2_10408321403207385874_contiguous|g2_Multiplybfloat16|steel_gemm_fused_nt_bfloat16_bfloat16_bm64_bn64_bk16_wm2_wn2_has_batch_n_use_out_source_n_do_axpby_n_align_M_t_align_N_t_align_K_t|custom_kernel_laguna_residual_rms_bf16_2048_v1_bfloat16_t_bfloat16_t_bfloat16_t_bfloat16_t_bfloat16_t|steel_gemm_splitk_nt_bfloat16_float32_bm32_bn32_bk16_wm2_wn2_MN_taligned_K_taligned|steel_gemm_splitk_accum_bfloat16_float32|custom_kernel_laguna_prefill_router_tournament_ordinal_norm_v1_bfloat16_t_float_uint32_t_float|custom_kernel_mlx_lm_route_csort_scatter_fused_m8_u32_v4_uint32_t_uint32_t_uint32_t_uint32_t|gather_frontbfloat16_uint32_int_2|arangeuint32|nvfp4_gather_qmm_rhs_nt_bfloat16_t_gs_16_b_4_bm_16_bn_32_bk_32_wm_1_wn_2_align_M_t_align_N_t_align_K_t|nvfp4_qmm_t_splitk_fused_bfloat16_t_gs_16_b_4_alN_true|nvfp4_qmm_t_splitk_fused_bfloat16_t_gs_16_b_4_alN_true|g2_copybfloat16bfloat16|g2_copybfloat16bfloat16|CV2ISigmoidADV2IBroadcastACEV2IBroadcastCAFV2IMultiplyDEGV2IBroadcastFBHV2IBroadcastBFIV2OMultiplyGH_VV_V2V2_11160318154034397263_contiguous|arangeuint32|CV2ISigmoidADV2IBroadcastACEV2IBroadcastCAFV2IMultiplyDEGV2IBroadcastFBHV2IBroadcastBFIV2OMultiplyGH_VV_V2V2_11160318154034397263_contiguous|nvfp4_qmm_t_bfloat16_t_gs_16_b_4_alN_true_batch_0|nvfp4_gather_qmm_rhs_nt_bfloat16_t_gs_16_b_4_bm_16_bn_32_bk_32_wm_1_wn_2_align_M_t_align_N_t_align_K_t
GPUPROF 187995.363497292 187995.363573417 1 23101440 custom_kernel_laguna_prefill_sorted_moe_tail_bf16_v1_bfloat16_t_uint32_t_float_bfloat16_t_bfloat16_t_bfloat16_t
GPUPROF 187995.363574167 187995.377244875 30 636347908 rmsbfloat16|steel_gemm_splitk_nt_bfloat16_float32_bm32_bn32_bk16_wm2_wn2_MN_taligned_K_taligned|steel_gemm_splitk_accum_bfloat16_float32|steel_gemm_splitk_nt_bfloat16_float32_bm32_bn32_bk16_wm2_wn2_MN_taligned_K_taligned|steel_gemm_splitk_accum_bfloat16_float32|steel_gemm_fused_nt_bfloat16_bfloat16_bm64_bn64_bk16_wm2_wn2_has_batch_n_use_out_source_n_do_axpby_n_align_M_t_align_N_t_align_K_t|steel_gemm_splitk_nt_bfloat16_float32_bm32_bn32_bk16_wm2_wn2_MN_taligned_K_taligned|steel_gemm_splitk_accum_bfloat16_float32|custom_kernel_laguna_prefill_sliding_qk_norm_rope_bf16_128_h1_v2_bfloat16_t_bfloat16_t_bfloat16_t_bfloat16_t_float_int32_tc_bfloat16_t_bfloat16_t|steel_attention_bfloat16_bq32_bk16_bd128_wm4_wn1_maskbfloat16_align_Q_t_align_K_t_has_mask_n_do_causal_t_has_sinks_n|Cf4IAsTypeADf4IBroadcastCBEf4IBroadcastBCFf4ILogAddExpDEGV2OAsTypeF_VC_V2_10408321403207385874_contiguous|g2_Multiplybfloat16|steel_gemm_fused_nt_bfloat16_bfloat16_bm64_bn64_bk16_wm2_wn2_has_batch_n_use_out_source_n_do_axpby_n_align_M_t_align_N_t_align_K_t|custom_kernel_laguna_residual_rms_bf16_2048_v1_bfloat16_t_bfloat16_t_bfloat16_t_bfloat16_t_bfloat16_t|steel_gemm_splitk_nt_bfloat16_float32_bm32_bn32_bk16_wm2_wn2_MN_taligned_K_taligned|steel_gemm_splitk_accum_bfloat16_float32|custom_kernel_laguna_prefill_router_tournament_ordinal_norm_v1_bfloat16_t_float_uint32_t_float|custom_kernel_mlx_lm_route_csort_scatter_fused_m8_u32_v4_uint32_t_uint32_t_uint32_t_uint32_t|gather_frontbfloat16_uint32_int_2|arangeuint32|nvfp4_gather_qmm_rhs_nt_bfloat16_t_gs_16_b_4_bm_16_bn_32_bk_32_wm_1_wn_2_align_M_t_align_N_t_align_K_t|nvfp4_qmm_t_splitk_fused_bfloat16_t_gs_16_b_4_alN_true|nvfp4_qmm_t_splitk_fused_bfloat16_t_gs_16_b_4_alN_true|g2_copybfloat16bfloat16|g2_copybfloat16bfloat16|CV2ISigmoidADV2IBroadcastACEV2IBroadcastCAFV2IMultiplyDEGV2IBroadcastFBHV2IBroadcastBFIV2OMultiplyGH_VV_V2V2_11160318154034397263_contiguous|arangeuint32|CV2ISigmoidADV2IBroadcastACEV2IBroadcastCAFV2IMultiplyDEGV2IBroadcastFBHV2IBroadcastBFIV2OMultiplyGH_VV_V2V2_11160318154034397263_contiguous|nvfp4_qmm_t_bfloat16_t_gs_16_b_4_alN_true_batch_0|nvfp4_gather_qmm_rhs_nt_bfloat16_t_gs_16_b_4_bm_16_bn_32_bk_32_wm_1_wn_2_align_M_t_align_N_t_align_K_t
GPUPROF 187995.377259875 187995.377337917 1 23101440 custom_kernel_laguna_prefill_sorted_moe_tail_bf16_v1_bfloat16_t_uint32_t_float_bfloat16_t_bfloat16_t_bfloat16_t
GPUPROF 187995.377338750 187995.391065125 30 636347908 rmsbfloat16|steel_gemm_splitk_nt_bfloat16_float32_bm32_bn32_bk16_wm2_wn2_MN_taligned_K_taligned|steel_gemm_splitk_accum_bfloat16_float32|steel_gemm_splitk_nt_bfloat16_float32_bm32_bn32_bk16_wm2_wn2_MN_taligned_K_taligned|steel_gemm_splitk_accum_bfloat16_float32|steel_gemm_fused_nt_bfloat16_bfloat16_bm64_bn64_bk16_wm2_wn2_has_batch_n_use_out_source_n_do_axpby_n_align_M_t_align_N_t_align_K_t|steel_gemm_splitk_nt_bfloat16_float32_bm32_bn32_bk16_wm2_wn2_MN_taligned_K_taligned|steel_gemm_splitk_accum_bfloat16_float32|custom_kernel_laguna_prefill_sliding_qk_norm_rope_bf16_128_h1_v2_bfloat16_t_bfloat16_t_bfloat16_t_bfloat16_t_float_int32_tc_bfloat16_t_bfloat16_t|steel_attention_bfloat16_bq32_bk16_bd128_wm4_wn1_maskbfloat16_align_Q_t_align_K_t_has_mask_n_do_causal_t_has_sinks_n|Cf4IAsTypeADf4IBroadcastCBEf4IBroadcastBCFf4ILogAddExpDEGV2OAsTypeF_VC_V2_10408321403207385874_contiguous|g2_Multiplybfloat16|steel_gemm_fused_nt_bfloat16_bfloat16_bm64_bn64_bk16_wm2_wn2_has_batch_n_use_out_source_n_do_axpby_n_align_M_t_align_N_t_align_K_t|custom_kernel_laguna_residual_rms_bf16_2048_v1_bfloat16_t_bfloat16_t_bfloat16_t_bfloat16_t_bfloat16_t|steel_gemm_splitk_nt_bfloat16_float32_bm32_bn32_bk16_wm2_wn2_MN_taligned_K_taligned|steel_gemm_splitk_accum_bfloat16_float32|custom_kernel_laguna_prefill_router_tournament_ordinal_norm_v1_bfloat16_t_float_uint32_t_float|custom_kernel_mlx_lm_route_csort_scatter_fused_m8_u32_v4_uint32_t_uint32_t_uint32_t_uint32_t|gather_frontbfloat16_uint32_int_2|arangeuint32|nvfp4_gather_qmm_rhs_nt_bfloat16_t_gs_16_b_4_bm_16_bn_32_bk_32_wm_1_wn_2_align_M_t_align_N_t_align_K_t|nvfp4_qmm_t_splitk_fused_bfloat16_t_gs_16_b_4_alN_true|nvfp4_qmm_t_splitk_fused_bfloat16_t_gs_16_b_4_alN_true|g2_copybfloat16bfloat16|g2_copybfloat16bfloat16|CV2ISigmoidADV2IBroadcastACEV2IBroadcastCAFV2IMultiplyDEGV2IBroadcastFBHV2IBroadcastBFIV2OMultiplyGH_VV_V2V2_11160318154034397263_contiguous|arangeuint32|CV2ISigmoidADV2IBroadcastACEV2IBroadcastCAFV2IMultiplyDEGV2IBroadcastFBHV2IBroadcastBFIV2OMultiplyGH_VV_V2V2_11160318154034397263_contiguous|nvfp4_qmm_t_bfloat16_t_gs_16_b_4_alN_true_batch_0|nvfp4_gather_qmm_rhs_nt_bfloat16_t_gs_16_b_4_bm_16_bn_32_bk_32_wm_1_wn_2_align_M_t_align_N_t_align_K_t
GPUPROF 187995.391083417 187995.391160875 1 23101440 custom_kernel_laguna_prefill_sorted_moe_tail_bf16_v1_bfloat16_t_uint32_t_float_bfloat16_t_bfloat16_t_bfloat16_t
GPUPROF 187995.391161792 187995.403799000 30 612017668 rmsbfloat16|steel_gemm_splitk_nt_bfloat16_float32_bm32_bn32_bk16_wm2_wn2_MN_taligned_K_taligned|steel_gemm_splitk_accum_bfloat16_float32|steel_gemm_splitk_nt_bfloat16_float32_bm32_bn32_bk16_wm2_wn2_MN_taligned_K_taligned|steel_gemm_splitk_accum_bfloat16_float32|steel_gemm_fused_nt_bfloat16_bfloat16_bm64_bn64_bk16_wm2_wn2_has_batch_n_use_out_source_n_do_axpby_n_align_M_t_align_N_t_align_K_t|steel_gemm_splitk_nt_bfloat16_float32_bm32_bn32_bk16_wm2_wn2_MN_naligned_K_taligned|steel_gemm_splitk_accum_bfloat16_float32|custom_kernel_laguna_prefill_full_qk_norm_yarn_bf16_128_h1_v2_bfloat16_t_bfloat16_t_bfloat16_t_bfloat16_t_float_int32_tc_bfloat16_t_bfloat16_t|steel_attention_bfloat16_bq32_bk16_bd128_wm4_wn1_maskbfloat16_align_Q_t_align_K_t_has_mask_n_do_causal_t_has_sinks_n|Cf4IAsTypeADf4IBroadcastCBEf4IBroadcastBCFf4ILogAddExpDEGV2OAsTypeF_VC_V2_10408321403207385874_contiguous|g2_Multiplybfloat16|steel_gemm_fused_nt_bfloat16_bfloat16_bm64_bn64_bk16_wm2_wn2_has_batch_n_use_out_source_n_do_axpby_n_align_M_t_align_N_t_align_K_t|custom_kernel_laguna_residual_rms_bf16_2048_v1_bfloat16_t_bfloat16_t_bfloat16_t_bfloat16_t_bfloat16_t|steel_gemm_splitk_nt_bfloat16_float32_bm32_bn32_bk16_wm2_wn2_MN_taligned_K_taligned|steel_gemm_splitk_accum_bfloat16_float32|custom_kernel_laguna_prefill_router_tournament_ordinal_norm_v1_bfloat16_t_float_uint32_t_float|custom_kernel_mlx_lm_route_csort_scatter_fused_m8_u32_v4_uint32_t_uint32_t_uint32_t_uint32_t|gather_frontbfloat16_uint32_int_2|arangeuint32|nvfp4_gather_qmm_rhs_nt_bfloat16_t_gs_16_b_4_bm_16_bn_32_bk_32_wm_1_wn_2_align_M_t_align_N_t_align_K_t|nvfp4_qmm_t_splitk_fused_bfloat16_t_gs_16_b_4_alN_true|nvfp4_qmm_t_splitk_fused_bfloat16_t_gs_16_b_4_alN_true|g2_copybfloat16bfloat16|g2_copybfloat16bfloat16|CV2ISigmoidADV2IBroadcastACEV2IBroadcastCAFV2IMultiplyDEGV2IBroadcastFBHV2IBroadcastBFIV2OMultiplyGH_VV_V2V2_11160318154034397263_contiguous|arangeuint32|CV2ISigmoidADV2IBroadcastACEV2IBroadcastCAFV2IMultiplyDEGV2IBroadcastFBHV2IBroadcastBFIV2OMultiplyGH_VV_V2V2_11160318154034397263_contiguous|nvfp4_qmm_t_bfloat16_t_gs_16_b_4_alN_true_batch_0|nvfp4_gather_qmm_rhs_nt_bfloat16_t_gs_16_b_4_bm_16_bn_32_bk_32_wm_1_wn_2_align_M_t_align_N_t_align_K_t
GPUPROF 187995.403816625 187995.403892750 1 23101440 custom_kernel_laguna_prefill_sorted_moe_tail_bf16_v1_bfloat16_t_uint32_t_float_bfloat16_t_bfloat16_t_bfloat16_t
GPUPROF 187995.403893542 187995.418036625 30 636347908 rmsbfloat16|steel_gemm_splitk_nt_bfloat16_float32_bm32_bn32_bk16_wm2_wn2_MN_taligned_K_taligned|steel_gemm_splitk_accum_bfloat16_float32|steel_gemm_splitk_nt_bfloat16_float32_bm32_bn32_bk16_wm2_wn2_MN_taligned_K_taligned|steel_gemm_splitk_accum_bfloat16_float32|steel_gemm_fused_nt_bfloat16_bfloat16_bm64_bn64_bk16_wm2_wn2_has_batch_n_use_out_source_n_do_axpby_n_align_M_t_align_N_t_align_K_t|steel_gemm_splitk_nt_bfloat16_float32_bm32_bn32_bk16_wm2_wn2_MN_taligned_K_taligned|steel_gemm_splitk_accum_bfloat16_float32|custom_kernel_laguna_prefill_sliding_qk_norm_rope_bf16_128_h1_v2_bfloat16_t_bfloat16_t_bfloat16_t_bfloat16_t_float_int32_tc_bfloat16_t_bfloat16_t|steel_attention_bfloat16_bq32_bk16_bd128_wm4_wn1_maskbfloat16_align_Q_t_align_K_t_has_mask_n_do_causal_t_has_sinks_n|Cf4IAsTypeADf4IBroadcastCBEf4IBroadcastBCFf4ILogAddExpDEGV2OAsTypeF_VC_V2_10408321403207385874_contiguous|g2_Multiplybfloat16|steel_gemm_fused_nt_bfloat16_bfloat16_bm64_bn64_bk16_wm2_wn2_has_batch_n_use_out_source_n_do_axpby_n_align_M_t_align_N_t_align_K_t|custom_kernel_laguna_residual_rms_bf16_2048_v1_bfloat16_t_bfloat16_t_bfloat16_t_bfloat16_t_bfloat16_t|steel_gemm_splitk_nt_bfloat16_float32_bm32_bn32_bk16_wm2_wn2_MN_taligned_K_taligned|steel_gemm_splitk_accum_bfloat16_float32|custom_kernel_laguna_prefill_router_tournament_ordinal_norm_v1_bfloat16_t_float_uint32_t_float|custom_kernel_mlx_lm_route_csort_scatter_fused_m8_u32_v4_uint32_t_uint32_t_uint32_t_uint32_t|gather_frontbfloat16_uint32_int_2|arangeuint32|nvfp4_gather_qmm_rhs_nt_bfloat16_t_gs_16_b_4_bm_16_bn_32_bk_32_wm_1_wn_2_align_M_t_align_N_t_align_K_t|nvfp4_qmm_t_splitk_fused_bfloat16_t_gs_16_b_4_alN_true|nvfp4_qmm_t_splitk_fused_bfloat16_t_gs_16_b_4_alN_true|g2_copybfloat16bfloat16|g2_copybfloat16bfloat16|CV2ISigmoidADV2IBroadcastACEV2IBroadcastCAFV2IMultiplyDEGV2IBroadcastFBHV2IBroadcastBFIV2OMultiplyGH_VV_V2V2_11160318154034397263_contiguous|arangeuint32|CV2ISigmoidADV2IBroadcastACEV2IBroadcastCAFV2IMultiplyDEGV2IBroadcastFBHV2IBroadcastBFIV2OMultiplyGH_VV_V2V2_11160318154034397263_contiguous|nvfp4_qmm_t_bfloat16_t_gs_16_b_4_alN_true_batch_0|nvfp4_gather_qmm_rhs_nt_bfloat16_t_gs_16_b_4_bm_16_bn_32_bk_32_wm_1_wn_2_align_M_t_align_N_t_align_K_t
GPUPROF 187995.418037417 187995.418115375 1 23101440 custom_kernel_laguna_prefill_sorted_moe_tail_bf16_v1_bfloat16_t_uint32_t_float_bfloat16_t_bfloat16_t_bfloat16_t
GPUPROF 187995.418116167 187995.432130875 30 636347908 rmsbfloat16|steel_gemm_splitk_nt_bfloat16_float32_bm32_bn32_bk16_wm2_wn2_MN_taligned_K_taligned|steel_gemm_splitk_accum_bfloat16_float32|steel_gemm_splitk_nt_bfloat16_float32_bm32_bn32_bk16_wm2_wn2_MN_taligned_K_taligned|steel_gemm_splitk_accum_bfloat16_float32|steel_gemm_fused_nt_bfloat16_bfloat16_bm64_bn64_bk16_wm2_wn2_has_batch_n_use_out_source_n_do_axpby_n_align_M_t_align_N_t_align_K_t|steel_gemm_splitk_nt_bfloat16_float32_bm32_bn32_bk16_wm2_wn2_MN_taligned_K_taligned|steel_gemm_splitk_accum_bfloat16_float32|custom_kernel_laguna_prefill_sliding_qk_norm_rope_bf16_128_h1_v2_bfloat16_t_bfloat16_t_bfloat16_t_bfloat16_t_float_int32_tc_bfloat16_t_bfloat16_t|steel_attention_bfloat16_bq32_bk16_bd128_wm4_wn1_maskbfloat16_align_Q_t_align_K_t_has_mask_n_do_causal_t_has_sinks_n|Cf4IAsTypeADf4IBroadcastCBEf4IBroadcastBCFf4ILogAddExpDEGV2OAsTypeF_VC_V2_10408321403207385874_contiguous|g2_Multiplybfloat16|steel_gemm_fused_nt_bfloat16_bfloat16_bm64_bn64_bk16_wm2_wn2_has_batch_n_use_out_source_n_do_axpby_n_align_M_t_align_N_t_align_K_t|custom_kernel_laguna_residual_rms_bf16_2048_v1_bfloat16_t_bfloat16_t_bfloat16_t_bfloat16_t_bfloat16_t|steel_gemm_splitk_nt_bfloat16_float32_bm32_bn32_bk16_wm2_wn2_MN_taligned_K_taligned|steel_gemm_splitk_accum_bfloat16_float32|custom_kernel_laguna_prefill_router_tournament_ordinal_norm_v1_bfloat16_t_float_uint32_t_float|custom_kernel_mlx_lm_route_csort_scatter_fused_m8_u32_v4_uint32_t_uint32_t_uint32_t_uint32_t|gather_frontbfloat16_uint32_int_2|arangeuint32|nvfp4_gather_qmm_rhs_nt_bfloat16_t_gs_16_b_4_bm_16_bn_32_bk_32_wm_1_wn_2_align_M_t_align_N_t_align_K_t|nvfp4_qmm_t_splitk_fused_bfloat16_t_gs_16_b_4_alN_true|nvfp4_qmm_t_splitk_fused_bfloat16_t_gs_16_b_4_alN_true|g2_copybfloat16bfloat16|g2_copybfloat16bfloat16|CV2ISigmoidADV2IBroadcastACEV2IBroadcastCAFV2IMultiplyDEGV2IBroadcastFBHV2IBroadcastBFIV2OMultiplyGH_VV_V2V2_11160318154034397263_contiguous|arangeuint32|CV2ISigmoidADV2IBroadcastACEV2IBroadcastCAFV2IMultiplyDEGV2IBroadcastFBHV2IBroadcastBFIV2OMultiplyGH_VV_V2V2_11160318154034397263_contiguous|nvfp4_qmm_t_bfloat16_t_gs_16_b_4_alN_true_batch_0|nvfp4_gather_qmm_rhs_nt_bfloat16_t_gs_16_b_4_bm_16_bn_32_bk_32_wm_1_wn_2_align_M_t_align_N_t_align_K_t
GPUPROF 187995.432131625 187995.432211875 1 23101440 custom_kernel_laguna_prefill_sorted_moe_tail_bf16_v1_bfloat16_t_uint32_t_float_bfloat16_t_bfloat16_t_bfloat16_t
GPUPROF 187995.432212667 187995.446286250 30 636347908 rmsbfloat16|steel_gemm_splitk_nt_bfloat16_float32_bm32_bn32_bk16_wm2_wn2_MN_taligned_K_taligned|steel_gemm_splitk_accum_bfloat16_float32|steel_gemm_splitk_nt_bfloat16_float32_bm32_bn32_bk16_wm2_wn2_MN_taligned_K_taligned|steel_gemm_splitk_accum_bfloat16_float32|steel_gemm_fused_nt_bfloat16_bfloat16_bm64_bn64_bk16_wm2_wn2_has_batch_n_use_out_source_n_do_axpby_n_align_M_t_align_N_t_align_K_t|steel_gemm_splitk_nt_bfloat16_float32_bm32_bn32_bk16_wm2_wn2_MN_taligned_K_taligned|steel_gemm_splitk_accum_bfloat16_float32|custom_kernel_laguna_prefill_sliding_qk_norm_rope_bf16_128_h1_v2_bfloat16_t_bfloat16_t_bfloat16_t_bfloat16_t_float_int32_tc_bfloat16_t_bfloat16_t|steel_attention_bfloat16_bq32_bk16_bd128_wm4_wn1_maskbfloat16_align_Q_t_align_K_t_has_mask_n_do_causal_t_has_sinks_n|Cf4IAsTypeADf4IBroadcastCBEf4IBroadcastBCFf4ILogAddExpDEGV2OAsTypeF_VC_V2_10408321403207385874_contiguous|g2_Multiplybfloat16|steel_gemm_fused_nt_bfloat16_bfloat16_bm64_bn64_bk16_wm2_wn2_has_batch_n_use_out_source_n_do_axpby_n_align_M_t_align_N_t_align_K_t|custom_kernel_laguna_residual_rms_bf16_2048_v1_bfloat16_t_bfloat16_t_bfloat16_t_bfloat16_t_bfloat16_t|steel_gemm_splitk_nt_bfloat16_float32_bm32_bn32_bk16_wm2_wn2_MN_taligned_K_taligned|steel_gemm_splitk_accum_bfloat16_float32|custom_kernel_laguna_prefill_router_tournament_ordinal_norm_v1_bfloat16_t_float_uint32_t_float|custom_kernel_mlx_lm_route_csort_scatter_fused_m8_u32_v4_uint32_t_uint32_t_uint32_t_uint32_t|gather_frontbfloat16_uint32_int_2|arangeuint32|nvfp4_gather_qmm_rhs_nt_bfloat16_t_gs_16_b_4_bm_16_bn_32_bk_32_wm_1_wn_2_align_M_t_align_N_t_align_K_t|nvfp4_qmm_t_splitk_fused_bfloat16_t_gs_16_b_4_alN_true|nvfp4_qmm_t_splitk_fused_bfloat16_t_gs_16_b_4_alN_true|g2_copybfloat16bfloat16|g2_copybfloat16bfloat16|CV2ISigmoidADV2IBroadcastACEV2IBroadcastCAFV2IMultiplyDEGV2IBroadcastFBHV2IBroadcastBFIV2OMultiplyGH_VV_V2V2_11160318154034397263_contiguous|arangeuint32|CV2ISigmoidADV2IBroadcastACEV2IBroadcastCAFV2IMultiplyDEGV2IBroadcastFBHV2IBroadcastBFIV2OMultiplyGH_VV_V2V2_11160318154034397263_contiguous|nvfp4_qmm_t_bfloat16_t_gs_16_b_4_alN_true_batch_0|nvfp4_gather_qmm_rhs_nt_bfloat16_t_gs_16_b_4_bm_16_bn_32_bk_32_wm_1_wn_2_align_M_t_align_N_t_align_K_t
GPUPROF 187995.446287000 187995.446365792 1 23101440 custom_kernel_laguna_prefill_sorted_moe_tail_bf16_v1_bfloat16_t_uint32_t_float_bfloat16_t_bfloat16_t_bfloat16_t
GPUPROF 187995.446366542 187995.459089167 30 612017668 rmsbfloat16|steel_gemm_splitk_nt_bfloat16_float32_bm32_bn32_bk16_wm2_wn2_MN_taligned_K_taligned|steel_gemm_splitk_accum_bfloat16_float32|steel_gemm_splitk_nt_bfloat16_float32_bm32_bn32_bk16_wm2_wn2_MN_taligned_K_taligned|steel_gemm_splitk_accum_bfloat16_float32|steel_gemm_fused_nt_bfloat16_bfloat16_bm64_bn64_bk16_wm2_wn2_has_batch_n_use_out_source_n_do_axpby_n_align_M_t_align_N_t_align_K_t|steel_gemm_splitk_nt_bfloat16_float32_bm32_bn32_bk16_wm2_wn2_MN_naligned_K_taligned|steel_gemm_splitk_accum_bfloat16_float32|custom_kernel_laguna_prefill_full_qk_norm_yarn_bf16_128_h1_v2_bfloat16_t_bfloat16_t_bfloat16_t_bfloat16_t_float_int32_tc_bfloat16_t_bfloat16_t|steel_attention_bfloat16_bq32_bk16_bd128_wm4_wn1_maskbfloat16_align_Q_t_align_K_t_has_mask_n_do_causal_t_has_sinks_n|Cf4IAsTypeADf4IBroadcastCBEf4IBroadcastBCFf4ILogAddExpDEGV2OAsTypeF_VC_V2_10408321403207385874_contiguous|g2_Multiplybfloat16|steel_gemm_fused_nt_bfloat16_bfloat16_bm64_bn64_bk16_wm2_wn2_has_batch_n_use_out_source_n_do_axpby_n_align_M_t_align_N_t_align_K_t|custom_kernel_laguna_residual_rms_bf16_2048_v1_bfloat16_t_bfloat16_t_bfloat16_t_bfloat16_t_bfloat16_t|steel_gemm_splitk_nt_bfloat16_float32_bm32_bn32_bk16_wm2_wn2_MN_taligned_K_taligned|steel_gemm_splitk_accum_bfloat16_float32|custom_kernel_laguna_prefill_router_tournament_ordinal_norm_v1_bfloat16_t_float_uint32_t_float|custom_kernel_mlx_lm_route_csort_scatter_fused_m8_u32_v4_uint32_t_uint32_t_uint32_t_uint32_t|gather_frontbfloat16_uint32_int_2|arangeuint32|nvfp4_gather_qmm_rhs_nt_bfloat16_t_gs_16_b_4_bm_16_bn_32_bk_32_wm_1_wn_2_align_M_t_align_N_t_align_K_t|nvfp4_qmm_t_splitk_fused_bfloat16_t_gs_16_b_4_alN_true|nvfp4_qmm_t_splitk_fused_bfloat16_t_gs_16_b_4_alN_true|g2_copybfloat16bfloat16|g2_copybfloat16bfloat16|CV2ISigmoidADV2IBroadcastACEV2IBroadcastCAFV2IMultiplyDEGV2IBroadcastFBHV2IBroadcastBFIV2OMultiplyGH_VV_V2V2_11160318154034397263_contiguous|arangeuint32|CV2ISigmoidADV2IBroadcastACEV2IBroadcastCAFV2IMultiplyDEGV2IBroadcastFBHV2IBroadcastBFIV2OMultiplyGH_VV_V2V2_11160318154034397263_contiguous|nvfp4_qmm_t_bfloat16_t_gs_16_b_4_alN_true_batch_0|nvfp4_gather_qmm_rhs_nt_bfloat16_t_gs_16_b_4_bm_16_bn_32_bk_32_wm_1_wn_2_align_M_t_align_N_t_align_K_t
GPUPROF 187995.459092875 187995.459168167 1 23101440 custom_kernel_laguna_prefill_sorted_moe_tail_bf16_v1_bfloat16_t_uint32_t_float_bfloat16_t_bfloat16_t_bfloat16_t
GPUPROF 187995.459169000 187995.473159000 30 636347908 rmsbfloat16|steel_gemm_splitk_nt_bfloat16_float32_bm32_bn32_bk16_wm2_wn2_MN_taligned_K_taligned|steel_gemm_splitk_accum_bfloat16_float32|steel_gemm_splitk_nt_bfloat16_float32_bm32_bn32_bk16_wm2_wn2_MN_taligned_K_taligned|steel_gemm_splitk_accum_bfloat16_float32|steel_gemm_fused_nt_bfloat16_bfloat16_bm64_bn64_bk16_wm2_wn2_has_batch_n_use_out_source_n_do_axpby_n_align_M_t_align_N_t_align_K_t|steel_gemm_splitk_nt_bfloat16_float32_bm32_bn32_bk16_wm2_wn2_MN_taligned_K_taligned|steel_gemm_splitk_accum_bfloat16_float32|custom_kernel_laguna_prefill_sliding_qk_norm_rope_bf16_128_h1_v2_bfloat16_t_bfloat16_t_bfloat16_t_bfloat16_t_float_int32_tc_bfloat16_t_bfloat16_t|steel_attention_bfloat16_bq32_bk16_bd128_wm4_wn1_maskbfloat16_align_Q_t_align_K_t_has_mask_n_do_causal_t_has_sinks_n|Cf4IAsTypeADf4IBroadcastCBEf4IBroadcastBCFf4ILogAddExpDEGV2OAsTypeF_VC_V2_10408321403207385874_contiguous|g2_Multiplybfloat16|steel_gemm_fused_nt_bfloat16_bfloat16_bm64_bn64_bk16_wm2_wn2_has_batch_n_use_out_source_n_do_axpby_n_align_M_t_align_N_t_align_K_t|custom_kernel_laguna_residual_rms_bf16_2048_v1_bfloat16_t_bfloat16_t_bfloat16_t_bfloat16_t_bfloat16_t|steel_gemm_splitk_nt_bfloat16_float32_bm32_bn32_bk16_wm2_wn2_MN_taligned_K_taligned|steel_gemm_splitk_accum_bfloat16_float32|custom_kernel_laguna_prefill_router_tournament_ordinal_norm_v1_bfloat16_t_float_uint32_t_float|custom_kernel_mlx_lm_route_csort_scatter_fused_m8_u32_v4_uint32_t_uint32_t_uint32_t_uint32_t|gather_frontbfloat16_uint32_int_2|arangeuint32|nvfp4_gather_qmm_rhs_nt_bfloat16_t_gs_16_b_4_bm_16_bn_32_bk_32_wm_1_wn_2_align_M_t_align_N_t_align_K_t|nvfp4_qmm_t_splitk_fused_bfloat16_t_gs_16_b_4_alN_true|nvfp4_qmm_t_splitk_fused_bfloat16_t_gs_16_b_4_alN_true|g2_copybfloat16bfloat16|g2_copybfloat16bfloat16|CV2ISigmoidADV2IBroadcastACEV2IBroadcastCAFV2IMultiplyDEGV2IBroadcastFBHV2IBroadcastBFIV2OMultiplyGH_VV_V2V2_11160318154034397263_contiguous|arangeuint32|CV2ISigmoidADV2IBroadcastACEV2IBroadcastCAFV2IMultiplyDEGV2IBroadcastFBHV2IBroadcastBFIV2OMultiplyGH_VV_V2V2_11160318154034397263_contiguous|nvfp4_qmm_t_bfloat16_t_gs_16_b_4_alN_true_batch_0|nvfp4_gather_qmm_rhs_nt_bfloat16_t_gs_16_b_4_bm_16_bn_32_bk_32_wm_1_wn_2_align_M_t_align_N_t_align_K_t
GPUPROF 187995.473162625 187995.473240875 1 23101440 custom_kernel_laguna_prefill_sorted_moe_tail_bf16_v1_bfloat16_t_uint32_t_float_bfloat16_t_bfloat16_t_bfloat16_t
GPUPROF 187995.473241625 187995.487336542 30 636347908 rmsbfloat16|steel_gemm_splitk_nt_bfloat16_float32_bm32_bn32_bk16_wm2_wn2_MN_taligned_K_taligned|steel_gemm_splitk_accum_bfloat16_float32|steel_gemm_splitk_nt_bfloat16_float32_bm32_bn32_bk16_wm2_wn2_MN_taligned_K_taligned|steel_gemm_splitk_accum_bfloat16_float32|steel_gemm_fused_nt_bfloat16_bfloat16_bm64_bn64_bk16_wm2_wn2_has_batch_n_use_out_source_n_do_axpby_n_align_M_t_align_N_t_align_K_t|steel_gemm_splitk_nt_bfloat16_float32_bm32_bn32_bk16_wm2_wn2_MN_taligned_K_taligned|steel_gemm_splitk_accum_bfloat16_float32|custom_kernel_laguna_prefill_sliding_qk_norm_rope_bf16_128_h1_v2_bfloat16_t_bfloat16_t_bfloat16_t_bfloat16_t_float_int32_tc_bfloat16_t_bfloat16_t|steel_attention_bfloat16_bq32_bk16_bd128_wm4_wn1_maskbfloat16_align_Q_t_align_K_t_has_mask_n_do_causal_t_has_sinks_n|Cf4IAsTypeADf4IBroadcastCBEf4IBroadcastBCFf4ILogAddExpDEGV2OAsTypeF_VC_V2_10408321403207385874_contiguous|g2_Multiplybfloat16|steel_gemm_fused_nt_bfloat16_bfloat16_bm64_bn64_bk16_wm2_wn2_has_batch_n_use_out_source_n_do_axpby_n_align_M_t_align_N_t_align_K_t|custom_kernel_laguna_residual_rms_bf16_2048_v1_bfloat16_t_bfloat16_t_bfloat16_t_bfloat16_t_bfloat16_t|steel_gemm_splitk_nt_bfloat16_float32_bm32_bn32_bk16_wm2_wn2_MN_taligned_K_taligned|steel_gemm_splitk_accum_bfloat16_float32|custom_kernel_laguna_prefill_router_tournament_ordinal_norm_v1_bfloat16_t_float_uint32_t_float|custom_kernel_mlx_lm_route_csort_scatter_fused_m8_u32_v4_uint32_t_uint32_t_uint32_t_uint32_t|gather_frontbfloat16_uint32_int_2|arangeuint32|nvfp4_gather_qmm_rhs_nt_bfloat16_t_gs_16_b_4_bm_16_bn_32_bk_32_wm_1_wn_2_align_M_t_align_N_t_align_K_t|nvfp4_qmm_t_splitk_fused_bfloat16_t_gs_16_b_4_alN_true|nvfp4_qmm_t_splitk_fused_bfloat16_t_gs_16_b_4_alN_true|g2_copybfloat16bfloat16|g2_copybfloat16bfloat16|CV2ISigmoidADV2IBroadcastACEV2IBroadcastCAFV2IMultiplyDEGV2IBroadcastFBHV2IBroadcastBFIV2OMultiplyGH_VV_V2V2_11160318154034397263_contiguous|arangeuint32|CV2ISigmoidADV2IBroadcastACEV2IBroadcastCAFV2IMultiplyDEGV2IBroadcastFBHV2IBroadcastBFIV2OMultiplyGH_VV_V2V2_11160318154034397263_contiguous|nvfp4_qmm_t_bfloat16_t_gs_16_b_4_alN_true_batch_0|nvfp4_gather_qmm_rhs_nt_bfloat16_t_gs_16_b_4_bm_16_bn_32_bk_32_wm_1_wn_2_align_M_t_align_N_t_align_K_t
GPUPROF 187995.487340250 187995.487417125 1 23101440 custom_kernel_laguna_prefill_sorted_moe_tail_bf16_v1_bfloat16_t_uint32_t_float_bfloat16_t_bfloat16_t_bfloat16_t
GPUPROF 187995.487417917 187995.501662292 30 636347908 rmsbfloat16|steel_gemm_splitk_nt_bfloat16_float32_bm32_bn32_bk16_wm2_wn2_MN_taligned_K_taligned|steel_gemm_splitk_accum_bfloat16_float32|steel_gemm_splitk_nt_bfloat16_float32_bm32_bn32_bk16_wm2_wn2_MN_taligned_K_taligned|steel_gemm_splitk_accum_bfloat16_float32|steel_gemm_fused_nt_bfloat16_bfloat16_bm64_bn64_bk16_wm2_wn2_has_batch_n_use_out_source_n_do_axpby_n_align_M_t_align_N_t_align_K_t|steel_gemm_splitk_nt_bfloat16_float32_bm32_bn32_bk16_wm2_wn2_MN_taligned_K_taligned|steel_gemm_splitk_accum_bfloat16_float32|custom_kernel_laguna_prefill_sliding_qk_norm_rope_bf16_128_h1_v2_bfloat16_t_bfloat16_t_bfloat16_t_bfloat16_t_float_int32_tc_bfloat16_t_bfloat16_t|steel_attention_bfloat16_bq32_bk16_bd128_wm4_wn1_maskbfloat16_align_Q_t_align_K_t_has_mask_n_do_causal_t_has_sinks_n|Cf4IAsTypeADf4IBroadcastCBEf4IBroadcastBCFf4ILogAddExpDEGV2OAsTypeF_VC_V2_10408321403207385874_contiguous|g2_Multiplybfloat16|steel_gemm_fused_nt_bfloat16_bfloat16_bm64_bn64_bk16_wm2_wn2_has_batch_n_use_out_source_n_do_axpby_n_align_M_t_align_N_t_align_K_t|custom_kernel_laguna_residual_rms_bf16_2048_v1_bfloat16_t_bfloat16_t_bfloat16_t_bfloat16_t_bfloat16_t|steel_gemm_splitk_nt_bfloat16_float32_bm32_bn32_bk16_wm2_wn2_MN_taligned_K_taligned|steel_gemm_splitk_accum_bfloat16_float32|custom_kernel_laguna_prefill_router_tournament_ordinal_norm_v1_bfloat16_t_float_uint32_t_float|custom_kernel_mlx_lm_route_csort_scatter_fused_m8_u32_v4_uint32_t_uint32_t_uint32_t_uint32_t|gather_frontbfloat16_uint32_int_2|arangeuint32|nvfp4_gather_qmm_rhs_nt_bfloat16_t_gs_16_b_4_bm_16_bn_32_bk_32_wm_1_wn_2_align_M_t_align_N_t_align_K_t|nvfp4_qmm_t_splitk_fused_bfloat16_t_gs_16_b_4_alN_true|nvfp4_qmm_t_splitk_fused_bfloat16_t_gs_16_b_4_alN_true|g2_copybfloat16bfloat16|g2_copybfloat16bfloat16|CV2ISigmoidADV2IBroadcastACEV2IBroadcastCAFV2IMultiplyDEGV2IBroadcastFBHV2IBroadcastBFIV2OMultiplyGH_VV_V2V2_11160318154034397263_contiguous|arangeuint32|CV2ISigmoidADV2IBroadcastACEV2IBroadcastCAFV2IMultiplyDEGV2IBroadcastFBHV2IBroadcastBFIV2OMultiplyGH_VV_V2V2_11160318154034397263_contiguous|nvfp4_qmm_t_bfloat16_t_gs_16_b_4_alN_true_batch_0|nvfp4_gather_qmm_rhs_nt_bfloat16_t_gs_16_b_4_bm_16_bn_32_bk_32_wm_1_wn_2_align_M_t_align_N_t_align_K_t
GPUPROF 187995.501666000 187995.501740625 1 23101440 custom_kernel_laguna_prefill_sorted_moe_tail_bf16_v1_bfloat16_t_uint32_t_float_bfloat16_t_bfloat16_t_bfloat16_t
GPUPROF 187995.501741375 187995.514359375 30 612017668 rmsbfloat16|steel_gemm_splitk_nt_bfloat16_float32_bm32_bn32_bk16_wm2_wn2_MN_taligned_K_taligned|steel_gemm_splitk_accum_bfloat16_float32|steel_gemm_splitk_nt_bfloat16_float32_bm32_bn32_bk16_wm2_wn2_MN_taligned_K_taligned|steel_gemm_splitk_accum_bfloat16_float32|steel_gemm_fused_nt_bfloat16_bfloat16_bm64_bn64_bk16_wm2_wn2_has_batch_n_use_out_source_n_do_axpby_n_align_M_t_align_N_t_align_K_t|steel_gemm_splitk_nt_bfloat16_float32_bm32_bn32_bk16_wm2_wn2_MN_naligned_K_taligned|steel_gemm_splitk_accum_bfloat16_float32|custom_kernel_laguna_prefill_full_qk_norm_yarn_bf16_128_h1_v2_bfloat16_t_bfloat16_t_bfloat16_t_bfloat16_t_float_int32_tc_bfloat16_t_bfloat16_t|steel_attention_bfloat16_bq32_bk16_bd128_wm4_wn1_maskbfloat16_align_Q_t_align_K_t_has_mask_n_do_causal_t_has_sinks_n|Cf4IAsTypeADf4IBroadcastCBEf4IBroadcastBCFf4ILogAddExpDEGV2OAsTypeF_VC_V2_10408321403207385874_contiguous|g2_Multiplybfloat16|steel_gemm_fused_nt_bfloat16_bfloat16_bm64_bn64_bk16_wm2_wn2_has_batch_n_use_out_source_n_do_axpby_n_align_M_t_align_N_t_align_K_t|custom_kernel_laguna_residual_rms_bf16_2048_v1_bfloat16_t_bfloat16_t_bfloat16_t_bfloat16_t_bfloat16_t|steel_gemm_splitk_nt_bfloat16_float32_bm32_bn32_bk16_wm2_wn2_MN_taligned_K_taligned|steel_gemm_splitk_accum_bfloat16_float32|custom_kernel_laguna_prefill_router_tournament_ordinal_norm_v1_bfloat16_t_float_uint32_t_float|custom_kernel_mlx_lm_route_csort_scatter_fused_m8_u32_v4_uint32_t_uint32_t_uint32_t_uint32_t|gather_frontbfloat16_uint32_int_2|arangeuint32|nvfp4_gather_qmm_rhs_nt_bfloat16_t_gs_16_b_4_bm_16_bn_32_bk_32_wm_1_wn_2_align_M_t_align_N_t_align_K_t|nvfp4_qmm_t_splitk_fused_bfloat16_t_gs_16_b_4_alN_true|nvfp4_qmm_t_splitk_fused_bfloat16_t_gs_16_b_4_alN_true|g2_copybfloat16bfloat16|g2_copybfloat16bfloat16|CV2ISigmoidADV2IBroadcastACEV2IBroadcastCAFV2IMultiplyDEGV2IBroadcastFBHV2IBroadcastBFIV2OMultiplyGH_VV_V2V2_11160318154034397263_contiguous|arangeuint32|CV2ISigmoidADV2IBroadcastACEV2IBroadcastCAFV2IMultiplyDEGV2IBroadcastFBHV2IBroadcastBFIV2OMultiplyGH_VV_V2V2_11160318154034397263_contiguous|nvfp4_qmm_t_bfloat16_t_gs_16_b_4_alN_true_batch_0|nvfp4_gather_qmm_rhs_nt_bfloat16_t_gs_16_b_4_bm_16_bn_32_bk_32_wm_1_wn_2_align_M_t_align_N_t_align_K_t
GPUPROF 187995.514360250 187995.514437875 1 23101440 custom_kernel_laguna_prefill_sorted_moe_tail_bf16_v1_bfloat16_t_uint32_t_float_bfloat16_t_bfloat16_t_bfloat16_t
GPUPROF 187995.514438625 187995.528635000 30 636347908 rmsbfloat16|steel_gemm_splitk_nt_bfloat16_float32_bm32_bn32_bk16_wm2_wn2_MN_taligned_K_taligned|steel_gemm_splitk_accum_bfloat16_float32|steel_gemm_splitk_nt_bfloat16_float32_bm32_bn32_bk16_wm2_wn2_MN_taligned_K_taligned|steel_gemm_splitk_accum_bfloat16_float32|steel_gemm_fused_nt_bfloat16_bfloat16_bm64_bn64_bk16_wm2_wn2_has_batch_n_use_out_source_n_do_axpby_n_align_M_t_align_N_t_align_K_t|steel_gemm_splitk_nt_bfloat16_float32_bm32_bn32_bk16_wm2_wn2_MN_taligned_K_taligned|steel_gemm_splitk_accum_bfloat16_float32|custom_kernel_laguna_prefill_sliding_qk_norm_rope_bf16_128_h1_v2_bfloat16_t_bfloat16_t_bfloat16_t_bfloat16_t_float_int32_tc_bfloat16_t_bfloat16_t|steel_attention_bfloat16_bq32_bk16_bd128_wm4_wn1_maskbfloat16_align_Q_t_align_K_t_has_mask_n_do_causal_t_has_sinks_n|Cf4IAsTypeADf4IBroadcastCBEf4IBroadcastBCFf4ILogAddExpDEGV2OAsTypeF_VC_V2_10408321403207385874_contiguous|g2_Multiplybfloat16|steel_gemm_fused_nt_bfloat16_bfloat16_bm64_bn64_bk16_wm2_wn2_has_batch_n_use_out_source_n_do_axpby_n_align_M_t_align_N_t_align_K_t|custom_kernel_laguna_residual_rms_bf16_2048_v1_bfloat16_t_bfloat16_t_bfloat16_t_bfloat16_t_bfloat16_t|steel_gemm_splitk_nt_bfloat16_float32_bm32_bn32_bk16_wm2_wn2_MN_taligned_K_taligned|steel_gemm_splitk_accum_bfloat16_float32|custom_kernel_laguna_prefill_router_tournament_ordinal_norm_v1_bfloat16_t_float_uint32_t_float|custom_kernel_mlx_lm_route_csort_scatter_fused_m8_u32_v4_uint32_t_uint32_t_uint32_t_uint32_t|gather_frontbfloat16_uint32_int_2|arangeuint32|nvfp4_gather_qmm_rhs_nt_bfloat16_t_gs_16_b_4_bm_16_bn_32_bk_32_wm_1_wn_2_align_M_t_align_N_t_align_K_t|nvfp4_qmm_t_splitk_fused_bfloat16_t_gs_16_b_4_alN_true|nvfp4_qmm_t_splitk_fused_bfloat16_t_gs_16_b_4_alN_true|g2_copybfloat16bfloat16|g2_copybfloat16bfloat16|CV2ISigmoidADV2IBroadcastACEV2IBroadcastCAFV2IMultiplyDEGV2IBroadcastFBHV2IBroadcastBFIV2OMultiplyGH_VV_V2V2_11160318154034397263_contiguous|arangeuint32|CV2ISigmoidADV2IBroadcastACEV2IBroadcastCAFV2IMultiplyDEGV2IBroadcastFBHV2IBroadcastBFIV2OMultiplyGH_VV_V2V2_11160318154034397263_contiguous|nvfp4_qmm_t_bfloat16_t_gs_16_b_4_alN_true_batch_0|nvfp4_gather_qmm_rhs_nt_bfloat16_t_gs_16_b_4_bm_16_bn_32_bk_32_wm_1_wn_2_align_M_t_align_N_t_align_K_t
GPUPROF 187995.528654167 187995.528730042 1 23101440 custom_kernel_laguna_prefill_sorted_moe_tail_bf16_v1_bfloat16_t_uint32_t_float_bfloat16_t_bfloat16_t_bfloat16_t
GPUPROF 187995.528730750 187995.542490000 30 636347908 rmsbfloat16|steel_gemm_splitk_nt_bfloat16_float32_bm32_bn32_bk16_wm2_wn2_MN_taligned_K_taligned|steel_gemm_splitk_accum_bfloat16_float32|steel_gemm_splitk_nt_bfloat16_float32_bm32_bn32_bk16_wm2_wn2_MN_taligned_K_taligned|steel_gemm_splitk_accum_bfloat16_float32|steel_gemm_fused_nt_bfloat16_bfloat16_bm64_bn64_bk16_wm2_wn2_has_batch_n_use_out_source_n_do_axpby_n_align_M_t_align_N_t_align_K_t|steel_gemm_splitk_nt_bfloat16_float32_bm32_bn32_bk16_wm2_wn2_MN_taligned_K_taligned|steel_gemm_splitk_accum_bfloat16_float32|custom_kernel_laguna_prefill_sliding_qk_norm_rope_bf16_128_h1_v2_bfloat16_t_bfloat16_t_bfloat16_t_bfloat16_t_float_int32_tc_bfloat16_t_bfloat16_t|steel_attention_bfloat16_bq32_bk16_bd128_wm4_wn1_maskbfloat16_align_Q_t_align_K_t_has_mask_n_do_causal_t_has_sinks_n|Cf4IAsTypeADf4IBroadcastCBEf4IBroadcastBCFf4ILogAddExpDEGV2OAsTypeF_VC_V2_10408321403207385874_contiguous|g2_Multiplybfloat16|steel_gemm_fused_nt_bfloat16_bfloat16_bm64_bn64_bk16_wm2_wn2_has_batch_n_use_out_source_n_do_axpby_n_align_M_t_align_N_t_align_K_t|custom_kernel_laguna_residual_rms_bf16_2048_v1_bfloat16_t_bfloat16_t_bfloat16_t_bfloat16_t_bfloat16_t|steel_gemm_splitk_nt_bfloat16_float32_bm32_bn32_bk16_wm2_wn2_MN_taligned_K_taligned|steel_gemm_splitk_accum_bfloat16_float32|custom_kernel_laguna_prefill_router_tournament_ordinal_norm_v1_bfloat16_t_float_uint32_t_float|custom_kernel_mlx_lm_route_csort_scatter_fused_m8_u32_v4_uint32_t_uint32_t_uint32_t_uint32_t|gather_frontbfloat16_uint32_int_2|arangeuint32|nvfp4_gather_qmm_rhs_nt_bfloat16_t_gs_16_b_4_bm_16_bn_32_bk_32_wm_1_wn_2_align_M_t_align_N_t_align_K_t|nvfp4_qmm_t_splitk_fused_bfloat16_t_gs_16_b_4_alN_true|nvfp4_qmm_t_splitk_fused_bfloat16_t_gs_16_b_4_alN_true|g2_copybfloat16bfloat16|g2_copybfloat16bfloat16|CV2ISigmoidADV2IBroadcastACEV2IBroadcastCAFV2IMultiplyDEGV2IBroadcastFBHV2IBroadcastBFIV2OMultiplyGH_VV_V2V2_11160318154034397263_contiguous|arangeuint32|CV2ISigmoidADV2IBroadcastACEV2IBroadcastCAFV2IMultiplyDEGV2IBroadcastFBHV2IBroadcastBFIV2OMultiplyGH_VV_V2V2_11160318154034397263_contiguous|nvfp4_qmm_t_bfloat16_t_gs_16_b_4_alN_true_batch_0|nvfp4_gather_qmm_rhs_nt_bfloat16_t_gs_16_b_4_bm_16_bn_32_bk_32_wm_1_wn_2_align_M_t_align_N_t_align_K_t
GPUPROF 187995.542493625 187995.542571750 1 23101440 custom_kernel_laguna_prefill_sorted_moe_tail_bf16_v1_bfloat16_t_uint32_t_float_bfloat16_t_bfloat16_t_bfloat16_t
GPUPROF 187995.542572500 187995.544098875 19 650351176 rmsbfloat16|steel_gemm_fused_nt_bfloat16_bfloat16_bm64_bn64_bk16_wm2_wn2_has_batch_n_use_out_source_n_do_axpby_n_align_M_t_align_N_t_align_K_t|gemv_al_bfloat16_bm8_bn1_sm1_sn32_tm4_tn4_nc0_axpby0|g2_copybfloat16bfloat16|rmsbfloat16|rmsbfloat16|rope_bfloat16_|rope_single_bfloat16_|Cf4IAsTypeADf4IBroadcastCBEf4IBroadcastBCFf4ILogAddExpDEGV2OAsTypeF_VC_V2_10408321403207385874_contiguous|sdpa_vector_bfloat16_t_128_128_nomask_qnt_nc_nosinks|g2_Multiplybfloat16|gemv_al_bfloat16_bm4_bn1_sm1_sn32_tm4_tn4_nc0_axpby0|custom_kernel_laguna_residual_rms_router_bf16_2048_rpg8_keys_v1_bfloat16_t_bfloat16_t_bfloat16_t_bfloat16_t_float_bfloat16_t_bfloat16_t_bfloat16_t_uint32_t|custom_kernel_laguna_shared_nvfp4_swiglu_qmv_rows1_bf16_v1_bfloat16_t_uint32_t_uint8_t_bfloat16_t|custom_kernel_laguna_decode_router_top8_ordinal_table_norm_v1_bfloat16_t_float_uint32_t_float|custom_kernel_laguna_routed_nvfp4_swiglu_qmv_packed_top8keys_r1_bf16_v2_bfloat16_t_uint32_t_uint8_t_uint32_t_bfloat16_t|custom_kernel_laguna_routed_shared_nvfp4_down_residual_bf16_r1_v5_bfloat16_t_uint32_t_uint8_t_uint32_t_float_bfloat16_t_uint32_t_uint8_t_bfloat16_t_bfloat16_t|rmsbfloat16|custom_kernel_laguna_lmhead_int5_inline_coarse_ratio_bound_delta_bf16_v6_bfloat16_t_uint8_t_uint8_t_uint8_t_float_bfloat16_t
GPUPROF 187995.544102625 187995.544186875 3 411849732 custom_kernel_laguna_lmhead_coarse_argmax_stage1_v5_float_float_uint32_t|custom_kernel_laguna_lmhead_exact_winner_bf16_midpoint_threshold_v1_float_uint32_t_bfloat16_t_bfloat16_t_float|custom_kernel_laguna_lmhead_exact_inline_mask_block_delta_bf16_lane0_mask_v1_float_bfloat16_t_floatc_bfloat16_t_bfloat16_t_bfloat16_t
GPUPROF 187995.544339625 187995.544351000 2 401416 gather_frontbfloat16_int32_int_2|argmax_bfloat16
GPUPROF 187995.548771292 187995.549206375 4 424679424 gather_frontbfloat16_int32_int_2|rmsbfloat16|steel_gemm_splitk_nt_bfloat16_float32_bm32_bn32_bk16_wm2_wn2_MN_taligned_K_taligned|steel_gemm_splitk_accum_bfloat16_float32
GPUPROF 187995.549541000 187995.561492625 16 212455940 steel_gemm_splitk_nt_bfloat16_float32_bm32_bn32_bk16_wm2_wn2_MN_taligned_K_taligned|steel_gemm_splitk_accum_bfloat16_float32|steel_gemm_fused_nt_bfloat16_bfloat16_bm64_bn64_bk16_wm2_wn2_has_batch_n_use_out_source_n_do_axpby_n_align_M_t_align_N_t_align_K_t|steel_gemm_splitk_nt_bfloat16_float32_bm32_bn32_bk16_wm2_wn2_MN_naligned_K_taligned|steel_gemm_splitk_accum_bfloat16_float32|custom_kernel_laguna_prefill_full_qk_norm_yarn_bf16_128_h1_v2_bfloat16_t_bfloat16_t_bfloat16_t_bfloat16_t_float_int32_tc_bfloat16_t_bfloat16_t|steel_attention_bfloat16_bq32_bk16_bd128_wm4_wn1_maskbfloat16_align_Q_t_align_K_t_has_mask_n_do_causal_t_has_sinks_n|Cf4IAsTypeADf4IBroadcastCBEf4IBroadcastBCFf4ILogAddExpDEGV2OAsTypeF_VC_V2_10408321403207385874_contiguous|g2_Multiplybfloat16|steel_gemm_fused_nt_bfloat16_bfloat16_bm64_bn64_bk16_wm2_wn2_has_batch_n_use_out_source_n_do_axpby_n_align_M_t_align_N_t_align_K_t|custom_kernel_laguna_residual_rms_bf16_2048_v1_bfloat16_t_bfloat16_t_bfloat16_t_bfloat16_t_bfloat16_t|steel_gemm_fused_nt_bfloat16_bfloat16_bm64_bn64_bk16_wm2_wn2_has_batch_n_use_out_source_n_do_axpby_n_align_M_t_align_N_t_align_K_t|steel_gemm_fused_nt_bfloat16_bfloat16_bm64_bn64_bk16_wm2_wn2_has_batch_n_use_out_source_n_do_axpby_n_align_M_t_align_N_t_align_K_t|CV2ISigmoidADV2IBroadcastACEV2IBroadcastCAFV2IMultiplyDEGV2IBroadcastFBHV2IBroadcastBFIV2OMultiplyGH_VV_V2V2_11160318154034397263_contiguous|steel_gemm_fused_nt_bfloat16_bfloat16_bm64_bn64_bk16_wm2_wn2_has_batch_n_use_out_source_n_do_axpby_n_align_M_t_align_N_t_align_K_t|vvn_Addbfloat16
GPUPROF 187995.561493375 187995.576185417 30 636347908 rmsbfloat16|steel_gemm_splitk_nt_bfloat16_float32_bm32_bn32_bk16_wm2_wn2_MN_taligned_K_taligned|steel_gemm_splitk_accum_bfloat16_float32|steel_gemm_splitk_nt_bfloat16_float32_bm32_bn32_bk16_wm2_wn2_MN_taligned_K_taligned|steel_gemm_splitk_accum_bfloat16_float32|steel_gemm_fused_nt_bfloat16_bfloat16_bm64_bn64_bk16_wm2_wn2_has_batch_n_use_out_source_n_do_axpby_n_align_M_t_align_N_t_align_K_t|steel_gemm_splitk_nt_bfloat16_float32_bm32_bn32_bk16_wm2_wn2_MN_taligned_K_taligned|steel_gemm_splitk_accum_bfloat16_float32|custom_kernel_laguna_prefill_sliding_qk_norm_rope_bf16_128_h1_v2_bfloat16_t_bfloat16_t_bfloat16_t_bfloat16_t_float_int32_tc_bfloat16_t_bfloat16_t|steel_attention_bfloat16_bq32_bk16_bd128_wm4_wn1_maskbfloat16_align_Q_t_align_K_t_has_mask_n_do_causal_t_has_sinks_n|Cf4IAsTypeADf4IBroadcastCBEf4IBroadcastBCFf4ILogAddExpDEGV2OAsTypeF_VC_V2_10408321403207385874_contiguous|g2_Multiplybfloat16|steel_gemm_fused_nt_bfloat16_bfloat16_bm64_bn64_bk16_wm2_wn2_has_batch_n_use_out_source_n_do_axpby_n_align_M_t_align_N_t_align_K_t|custom_kernel_laguna_residual_rms_bf16_2048_v1_bfloat16_t_bfloat16_t_bfloat16_t_bfloat16_t_bfloat16_t|steel_gemm_splitk_nt_bfloat16_float32_bm32_bn32_bk16_wm2_wn2_MN_taligned_K_taligned|steel_gemm_splitk_accum_bfloat16_float32|custom_kernel_laguna_prefill_router_tournament_ordinal_norm_v1_bfloat16_t_float_uint32_t_float|custom_kernel_mlx_lm_route_csort_scatter_fused_m8_u32_v4_uint32_t_uint32_t_uint32_t_uint32_t|gather_frontbfloat16_uint32_int_2|arangeuint32|nvfp4_gather_qmm_rhs_nt_bfloat16_t_gs_16_b_4_bm_16_bn_32_bk_32_wm_1_wn_2_align_M_t_align_N_t_align_K_t|nvfp4_qmm_t_splitk_fused_bfloat16_t_gs_16_b_4_alN_true|nvfp4_qmm_t_splitk_fused_bfloat16_t_gs_16_b_4_alN_true|g2_copybfloat16bfloat16|g2_copybfloat16bfloat16|CV2ISigmoidADV2IBroadcastACEV2IBroadcastCAFV2IMultiplyDEGV2IBroadcastFBHV2IBroadcastBFIV2OMultiplyGH_VV_V2V2_11160318154034397263_contiguous|arangeuint32|CV2ISigmoidADV2IBroadcastACEV2IBroadcastCAFV2IMultiplyDEGV2IBroadcastFBHV2IBroadcastBFIV2OMultiplyGH_VV_V2V2_11160318154034397263_contiguous|nvfp4_qmm_t_bfloat16_t_gs_16_b_4_alN_true_batch_0|nvfp4_gather_qmm_rhs_nt_bfloat16_t_gs_16_b_4_bm_16_bn_32_bk_32_wm_1_wn_2_align_M_t_align_N_t_align_K_t
GPUPROF 187995.576186250 187995.576264625 1 23101440 custom_kernel_laguna_prefill_sorted_moe_tail_bf16_v1_bfloat16_t_uint32_t_float_bfloat16_t_bfloat16_t_bfloat16_t
GPUPROF 187995.576265500 187995.591041750 30 636347908 rmsbfloat16|steel_gemm_splitk_nt_bfloat16_float32_bm32_bn32_bk16_wm2_wn2_MN_taligned_K_taligned|steel_gemm_splitk_accum_bfloat16_float32|steel_gemm_splitk_nt_bfloat16_float32_bm32_bn32_bk16_wm2_wn2_MN_taligned_K_taligned|steel_gemm_splitk_accum_bfloat16_float32|steel_gemm_fused_nt_bfloat16_bfloat16_bm64_bn64_bk16_wm2_wn2_has_batch_n_use_out_source_n_do_axpby_n_align_M_t_align_N_t_align_K_t|steel_gemm_splitk_nt_bfloat16_float32_bm32_bn32_bk16_wm2_wn2_MN_taligned_K_taligned|steel_gemm_splitk_accum_bfloat16_float32|custom_kernel_laguna_prefill_sliding_qk_norm_rope_bf16_128_h1_v2_bfloat16_t_bfloat16_t_bfloat16_t_bfloat16_t_float_int32_tc_bfloat16_t_bfloat16_t|steel_attention_bfloat16_bq32_bk16_bd128_wm4_wn1_maskbfloat16_align_Q_t_align_K_t_has_mask_n_do_causal_t_has_sinks_n|Cf4IAsTypeADf4IBroadcastCBEf4IBroadcastBCFf4ILogAddExpDEGV2OAsTypeF_VC_V2_10408321403207385874_contiguous|g2_Multiplybfloat16|steel_gemm_fused_nt_bfloat16_bfloat16_bm64_bn64_bk16_wm2_wn2_has_batch_n_use_out_source_n_do_axpby_n_align_M_t_align_N_t_align_K_t|custom_kernel_laguna_residual_rms_bf16_2048_v1_bfloat16_t_bfloat16_t_bfloat16_t_bfloat16_t_bfloat16_t|steel_gemm_splitk_nt_bfloat16_float32_bm32_bn32_bk16_wm2_wn2_MN_taligned_K_taligned|steel_gemm_splitk_accum_bfloat16_float32|custom_kernel_laguna_prefill_router_tournament_ordinal_norm_v1_bfloat16_t_float_uint32_t_float|custom_kernel_mlx_lm_route_csort_scatter_fused_m8_u32_v4_uint32_t_uint32_t_uint32_t_uint32_t|gather_frontbfloat16_uint32_int_2|arangeuint32|nvfp4_gather_qmm_rhs_nt_bfloat16_t_gs_16_b_4_bm_16_bn_32_bk_32_wm_1_wn_2_align_M_t_align_N_t_align_K_t|nvfp4_qmm_t_splitk_fused_bfloat16_t_gs_16_b_4_alN_true|nvfp4_qmm_t_splitk_fused_bfloat16_t_gs_16_b_4_alN_true|g2_copybfloat16bfloat16|g2_copybfloat16bfloat16|CV2ISigmoidADV2IBroadcastACEV2IBroadcastCAFV2IMultiplyDEGV2IBroadcastFBHV2IBroadcastBFIV2OMultiplyGH_VV_V2V2_11160318154034397263_contiguous|arangeuint32|CV2ISigmoidADV2IBroadcastACEV2IBroadcastCAFV2IMultiplyDEGV2IBroadcastFBHV2IBroadcastBFIV2OMultiplyGH_VV_V2V2_11160318154034397263_contiguous|nvfp4_qmm_t_bfloat16_t_gs_16_b_4_alN_true_batch_0|nvfp4_gather_qmm_rhs_nt_bfloat16_t_gs_16_b_4_bm_16_bn_32_bk_32_wm_1_wn_2_align_M_t_align_N_t_align_K_t
GPUPROF 187995.591042625 187995.591123500 1 23101440 custom_kernel_laguna_prefill_sorted_moe_tail_bf16_v1_bfloat16_t_uint32_t_float_bfloat16_t_bfloat16_t_bfloat16_t
GPUPROF 187995.591124167 187995.605711542 30 636347908 rmsbfloat16|steel_gemm_splitk_nt_bfloat16_float32_bm32_bn32_bk16_wm2_wn2_MN_taligned_K_taligned|steel_gemm_splitk_accum_bfloat16_float32|steel_gemm_splitk_nt_bfloat16_float32_bm32_bn32_bk16_wm2_wn2_MN_taligned_K_taligned|steel_gemm_splitk_accum_bfloat16_float32|steel_gemm_fused_nt_bfloat16_bfloat16_bm64_bn64_bk16_wm2_wn2_has_batch_n_use_out_source_n_do_axpby_n_align_M_t_align_N_t_align_K_t|steel_gemm_splitk_nt_bfloat16_float32_bm32_bn32_bk16_wm2_wn2_MN_taligned_K_taligned|steel_gemm_splitk_accum_bfloat16_float32|custom_kernel_laguna_prefill_sliding_qk_norm_rope_bf16_128_h1_v2_bfloat16_t_bfloat16_t_bfloat16_t_bfloat16_t_float_int32_tc_bfloat16_t_bfloat16_t|steel_attention_bfloat16_bq32_bk16_bd128_wm4_wn1_maskbfloat16_align_Q_t_align_K_t_has_mask_n_do_causal_t_has_sinks_n|Cf4IAsTypeADf4IBroadcastCBEf4IBroadcastBCFf4ILogAddExpDEGV2OAsTypeF_VC_V2_10408321403207385874_contiguous|g2_Multiplybfloat16|steel_gemm_fused_nt_bfloat16_bfloat16_bm64_bn64_bk16_wm2_wn2_has_batch_n_use_out_source_n_do_axpby_n_align_M_t_align_N_t_align_K_t|custom_kernel_laguna_residual_rms_bf16_2048_v1_bfloat16_t_bfloat16_t_bfloat16_t_bfloat16_t_bfloat16_t|steel_gemm_splitk_nt_bfloat16_float32_bm32_bn32_bk16_wm2_wn2_MN_taligned_K_taligned|steel_gemm_splitk_accum_bfloat16_float32|custom_kernel_laguna_prefill_router_tournament_ordinal_norm_v1_bfloat16_t_float_uint32_t_float|custom_kernel_mlx_lm_route_csort_scatter_fused_m8_u32_v4_uint32_t_uint32_t_uint32_t_uint32_t|gather_frontbfloat16_uint32_int_2|arangeuint32|nvfp4_gather_qmm_rhs_nt_bfloat16_t_gs_16_b_4_bm_16_bn_32_bk_32_wm_1_wn_2_align_M_t_align_N_t_align_K_t|nvfp4_qmm_t_splitk_fused_bfloat16_t_gs_16_b_4_alN_true|nvfp4_qmm_t_splitk_fused_bfloat16_t_gs_16_b_4_alN_true|g2_copybfloat16bfloat16|g2_copybfloat16bfloat16|CV2ISigmoidADV2IBroadcastACEV2IBroadcastCAFV2IMultiplyDEGV2IBroadcastFBHV2IBroadcastBFIV2OMultiplyGH_VV_V2V2_11160318154034397263_contiguous|arangeuint32|CV2ISigmoidADV2IBroadcastACEV2IBroadcastCAFV2IMultiplyDEGV2IBroadcastFBHV2IBroadcastBFIV2OMultiplyGH_VV_V2V2_11160318154034397263_contiguous|nvfp4_qmm_t_bfloat16_t_gs_16_b_4_alN_true_batch_0|nvfp4_gather_qmm_rhs_nt_bfloat16_t_gs_16_b_4_bm_16_bn_32_bk_32_wm_1_wn_2_align_M_t_align_N_t_align_K_t
GPUPROF 187995.605712500 187995.605790917 1 23101440 custom_kernel_laguna_prefill_sorted_moe_tail_bf16_v1_bfloat16_t_uint32_t_float_bfloat16_t_bfloat16_t_bfloat16_t
GPUPROF 187995.605791750 187995.618728000 30 612017668 rmsbfloat16|steel_gemm_splitk_nt_bfloat16_float32_bm32_bn32_bk16_wm2_wn2_MN_taligned_K_taligned|steel_gemm_splitk_accum_bfloat16_float32|steel_gemm_splitk_nt_bfloat16_float32_bm32_bn32_bk16_wm2_wn2_MN_taligned_K_taligned|steel_gemm_splitk_accum_bfloat16_float32|steel_gemm_fused_nt_bfloat16_bfloat16_bm64_bn64_bk16_wm2_wn2_has_batch_n_use_out_source_n_do_axpby_n_align_M_t_align_N_t_align_K_t|steel_gemm_splitk_nt_bfloat16_float32_bm32_bn32_bk16_wm2_wn2_MN_naligned_K_taligned|steel_gemm_splitk_accum_bfloat16_float32|custom_kernel_laguna_prefill_full_qk_norm_yarn_bf16_128_h1_v2_bfloat16_t_bfloat16_t_bfloat16_t_bfloat16_t_float_int32_tc_bfloat16_t_bfloat16_t|steel_attention_bfloat16_bq32_bk16_bd128_wm4_wn1_maskbfloat16_align_Q_t_align_K_t_has_mask_n_do_causal_t_has_sinks_n|Cf4IAsTypeADf4IBroadcastCBEf4IBroadcastBCFf4ILogAddExpDEGV2OAsTypeF_VC_V2_10408321403207385874_contiguous|g2_Multiplybfloat16|steel_gemm_fused_nt_bfloat16_bfloat16_bm64_bn64_bk16_wm2_wn2_has_batch_n_use_out_source_n_do_axpby_n_align_M_t_align_N_t_align_K_t|custom_kernel_laguna_residual_rms_bf16_2048_v1_bfloat16_t_bfloat16_t_bfloat16_t_bfloat16_t_bfloat16_t|steel_gemm_splitk_nt_bfloat16_float32_bm32_bn32_bk16_wm2_wn2_MN_taligned_K_taligned|steel_gemm_splitk_accum_bfloat16_float32|custom_kernel_laguna_prefill_router_tournament_ordinal_norm_v1_bfloat16_t_float_uint32_t_float|custom_kernel_mlx_lm_route_csort_scatter_fused_m8_u32_v4_uint32_t_uint32_t_uint32_t_uint32_t|gather_frontbfloat16_uint32_int_2|arangeuint32|nvfp4_gather_qmm_rhs_nt_bfloat16_t_gs_16_b_4_bm_16_bn_32_bk_32_wm_1_wn_2_align_M_t_align_N_t_align_K_t|nvfp4_qmm_t_splitk_fused_bfloat16_t_gs_16_b_4_alN_true|nvfp4_qmm_t_splitk_fused_bfloat16_t_gs_16_b_4_alN_true|g2_copybfloat16bfloat16|g2_copybfloat16bfloat16|CV2ISigmoidADV2IBroadcastACEV2IBroadcastCAFV2IMultiplyDEGV2IBroadcastFBHV2IBroadcastBFIV2OMultiplyGH_VV_V2V2_11160318154034397263_contiguous|arangeuint32|CV2ISigmoidADV2IBroadcastACEV2IBroadcastCAFV2IMultiplyDEGV2IBroadcastFBHV2IBroadcastBFIV2OMultiplyGH_VV_V2V2_11160318154034397263_contiguous|nvfp4_qmm_t_bfloat16_t_gs_16_b_4_alN_true_batch_0|nvfp4_gather_qmm_rhs_nt_bfloat16_t_gs_16_b_4_bm_16_bn_32_bk_32_wm_1_wn_2_align_M_t_align_N_t_align_K_t
GPUPROF 187995.618728750 187995.618804250 1 23101440 custom_kernel_laguna_prefill_sorted_moe_tail_bf16_v1_bfloat16_t_uint32_t_float_bfloat16_t_bfloat16_t_bfloat16_t
GPUPROF 187995.618805125 187995.633240667 30 636347908 rmsbfloat16|steel_gemm_splitk_nt_bfloat16_float32_bm32_bn32_bk16_wm2_wn2_MN_taligned_K_taligned|steel_gemm_splitk_accum_bfloat16_float32|steel_gemm_splitk_nt_bfloat16_float32_bm32_bn32_bk16_wm2_wn2_MN_taligned_K_taligned|steel_gemm_splitk_accum_bfloat16_float32|steel_gemm_fused_nt_bfloat16_bfloat16_bm64_bn64_bk16_wm2_wn2_has_batch_n_use_out_source_n_do_axpby_n_align_M_t_align_N_t_align_K_t|steel_gemm_splitk_nt_bfloat16_float32_bm32_bn32_bk16_wm2_wn2_MN_taligned_K_taligned|steel_gemm_splitk_accum_bfloat16_float32|custom_kernel_laguna_prefill_sliding_qk_norm_rope_bf16_128_h1_v2_bfloat16_t_bfloat16_t_bfloat16_t_bfloat16_t_float_int32_tc_bfloat16_t_bfloat16_t|steel_attention_bfloat16_bq32_bk16_bd128_wm4_wn1_maskbfloat16_align_Q_t_align_K_t_has_mask_n_do_causal_t_has_sinks_n|Cf4IAsTypeADf4IBroadcastCBEf4IBroadcastBCFf4ILogAddExpDEGV2OAsTypeF_VC_V2_10408321403207385874_contiguous|g2_Multiplybfloat16|steel_gemm_fused_nt_bfloat16_bfloat16_bm64_bn64_bk16_wm2_wn2_has_batch_n_use_out_source_n_do_axpby_n_align_M_t_align_N_t_align_K_t|custom_kernel_laguna_residual_rms_bf16_2048_v1_bfloat16_t_bfloat16_t_bfloat16_t_bfloat16_t_bfloat16_t|steel_gemm_splitk_nt_bfloat16_float32_bm32_bn32_bk16_wm2_wn2_MN_taligned_K_taligned|steel_gemm_splitk_accum_bfloat16_float32|custom_kernel_laguna_prefill_router_tournament_ordinal_norm_v1_bfloat16_t_float_uint32_t_float|custom_kernel_mlx_lm_route_csort_scatter_fused_m8_u32_v4_uint32_t_uint32_t_uint32_t_uint32_t|gather_frontbfloat16_uint32_int_2|arangeuint32|nvfp4_gather_qmm_rhs_nt_bfloat16_t_gs_16_b_4_bm_16_bn_32_bk_32_wm_1_wn_2_align_M_t_align_N_t_align_K_t|nvfp4_qmm_t_splitk_fused_bfloat16_t_gs_16_b_4_alN_true|nvfp4_qmm_t_splitk_fused_bfloat16_t_gs_16_b_4_alN_true|g2_copybfloat16bfloat16|g2_copybfloat16bfloat16|CV2ISigmoidADV2IBroadcastACEV2IBroadcastCAFV2IMultiplyDEGV2IBroadcastFBHV2IBroadcastBFIV2OMultiplyGH_VV_V2V2_11160318154034397263_contiguous|arangeuint32|CV2ISigmoidADV2IBroadcastACEV2IBroadcastCAFV2IMultiplyDEGV2IBroadcastFBHV2IBroadcastBFIV2OMultiplyGH_VV_V2V2_11160318154034397263_contiguous|nvfp4_qmm_t_bfloat16_t_gs_16_b_4_alN_true_batch_0|nvfp4_gather_qmm_rhs_nt_bfloat16_t_gs_16_b_4_bm_16_bn_32_bk_32_wm_1_wn_2_align_M_t_align_N_t_align_K_t
GPUPROF 187995.633244375 187995.633322000 1 23101440 custom_kernel_laguna_prefill_sorted_moe_tail_bf16_v1_bfloat16_t_uint32_t_float_bfloat16_t_bfloat16_t_bfloat16_t
GPUPROF 187995.633322792 187995.647707042 30 636347908 rmsbfloat16|steel_gemm_splitk_nt_bfloat16_float32_bm32_bn32_bk16_wm2_wn2_MN_taligned_K_taligned|steel_gemm_splitk_accum_bfloat16_float32|steel_gemm_splitk_nt_bfloat16_float32_bm32_bn32_bk16_wm2_wn2_MN_taligned_K_taligned|steel_gemm_splitk_accum_bfloat16_float32|steel_gemm_fused_nt_bfloat16_bfloat16_bm64_bn64_bk16_wm2_wn2_has_batch_n_use_out_source_n_do_axpby_n_align_M_t_align_N_t_align_K_t|steel_gemm_splitk_nt_bfloat16_float32_bm32_bn32_bk16_wm2_wn2_MN_taligned_K_taligned|steel_gemm_splitk_accum_bfloat16_float32|custom_kernel_laguna_prefill_sliding_qk_norm_rope_bf16_128_h1_v2_bfloat16_t_bfloat16_t_bfloat16_t_bfloat16_t_float_int32_tc_bfloat16_t_bfloat16_t|steel_attention_bfloat16_bq32_bk16_bd128_wm4_wn1_maskbfloat16_align_Q_t_align_K_t_has_mask_n_do_causal_t_has_sinks_n|Cf4IAsTypeADf4IBroadcastCBEf4IBroadcastBCFf4ILogAddExpDEGV2OAsTypeF_VC_V2_10408321403207385874_contiguous|g2_Multiplybfloat16|steel_gemm_fused_nt_bfloat16_bfloat16_bm64_bn64_bk16_wm2_wn2_has_batch_n_use_out_source_n_do_axpby_n_align_M_t_align_N_t_align_K_t|custom_kernel_laguna_residual_rms_bf16_2048_v1_bfloat16_t_bfloat16_t_bfloat16_t_bfloat16_t_bfloat16_t|steel_gemm_splitk_nt_bfloat16_float32_bm32_bn32_bk16_wm2_wn2_MN_taligned_K_taligned|steel_gemm_splitk_accum_bfloat16_float32|custom_kernel_laguna_prefill_router_tournament_ordinal_norm_v1_bfloat16_t_float_uint32_t_float|custom_kernel_mlx_lm_route_csort_scatter_fused_m8_u32_v4_uint32_t_uint32_t_uint32_t_uint32_t|gather_frontbfloat16_uint32_int_2|arangeuint32|nvfp4_gather_qmm_rhs_nt_bfloat16_t_gs_16_b_4_bm_16_bn_32_bk_32_wm_1_wn_2_align_M_t_align_N_t_align_K_t|nvfp4_qmm_t_splitk_fused_bfloat16_t_gs_16_b_4_alN_true|nvfp4_qmm_t_splitk_fused_bfloat16_t_gs_16_b_4_alN_true|g2_copybfloat16bfloat16|g2_copybfloat16bfloat16|CV2ISigmoidADV2IBroadcastACEV2IBroadcastCAFV2IMultiplyDEGV2IBroadcastFBHV2IBroadcastBFIV2OMultiplyGH_VV_V2V2_11160318154034397263_contiguous|arangeuint32|CV2ISigmoidADV2IBroadcastACEV2IBroadcastCAFV2IMultiplyDEGV2IBroadcastFBHV2IBroadcastBFIV2OMultiplyGH_VV_V2V2_11160318154034397263_contiguous|nvfp4_qmm_t_bfloat16_t_gs_16_b_4_alN_true_batch_0|nvfp4_gather_qmm_rhs_nt_bfloat16_t_gs_16_b_4_bm_16_bn_32_bk_32_wm_1_wn_2_align_M_t_align_N_t_align_K_t
GPUPROF 187995.647707875 187995.647787542 1 23101440 custom_kernel_laguna_prefill_sorted_moe_tail_bf16_v1_bfloat16_t_uint32_t_float_bfloat16_t_bfloat16_t_bfloat16_t
GPUPROF 187995.647788875 187995.662270375 30 636347908 rmsbfloat16|steel_gemm_splitk_nt_bfloat16_float32_bm32_bn32_bk16_wm2_wn2_MN_taligned_K_taligned|steel_gemm_splitk_accum_bfloat16_float32|steel_gemm_splitk_nt_bfloat16_float32_bm32_bn32_bk16_wm2_wn2_MN_taligned_K_taligned|steel_gemm_splitk_accum_bfloat16_float32|steel_gemm_fused_nt_bfloat16_bfloat16_bm64_bn64_bk16_wm2_wn2_has_batch_n_use_out_source_n_do_axpby_n_align_M_t_align_N_t_align_K_t|steel_gemm_splitk_nt_bfloat16_float32_bm32_bn32_bk16_wm2_wn2_MN_taligned_K_taligned|steel_gemm_splitk_accum_bfloat16_float32|custom_kernel_laguna_prefill_sliding_qk_norm_rope_bf16_128_h1_v2_bfloat16_t_bfloat16_t_bfloat16_t_bfloat16_t_float_int32_tc_bfloat16_t_bfloat16_t|steel_attention_bfloat16_bq32_bk16_bd128_wm4_wn1_maskbfloat16_align_Q_t_align_K_t_has_mask_n_do_causal_t_has_sinks_n|Cf4IAsTypeADf4IBroadcastCBEf4IBroadcastBCFf4ILogAddExpDEGV2OAsTypeF_VC_V2_10408321403207385874_contiguous|g2_Multiplybfloat16|steel_gemm_fused_nt_bfloat16_bfloat16_bm64_bn64_bk16_wm2_wn2_has_batch_n_use_out_source_n_do_axpby_n_align_M_t_align_N_t_align_K_t|custom_kernel_laguna_residual_rms_bf16_2048_v1_bfloat16_t_bfloat16_t_bfloat16_t_bfloat16_t_bfloat16_t|steel_gemm_splitk_nt_bfloat16_float32_bm32_bn32_bk16_wm2_wn2_MN_taligned_K_taligned|steel_gemm_splitk_accum_bfloat16_float32|custom_kernel_laguna_prefill_router_tournament_ordinal_norm_v1_bfloat16_t_float_uint32_t_float|custom_kernel_mlx_lm_route_csort_scatter_fused_m8_u32_v4_uint32_t_uint32_t_uint32_t_uint32_t|gather_frontbfloat16_uint32_int_2|arangeuint32|nvfp4_gather_qmm_rhs_nt_bfloat16_t_gs_16_b_4_bm_16_bn_32_bk_32_wm_1_wn_2_align_M_t_align_N_t_align_K_t|nvfp4_qmm_t_splitk_fused_bfloat16_t_gs_16_b_4_alN_true|nvfp4_qmm_t_splitk_fused_bfloat16_t_gs_16_b_4_alN_true|g2_copybfloat16bfloat16|g2_copybfloat16bfloat16|CV2ISigmoidADV2IBroadcastACEV2IBroadcastCAFV2IMultiplyDEGV2IBroadcastFBHV2IBroadcastBFIV2OMultiplyGH_VV_V2V2_11160318154034397263_contiguous|arangeuint32|CV2ISigmoidADV2IBroadcastACEV2IBroadcastCAFV2IMultiplyDEGV2IBroadcastFBHV2IBroadcastBFIV2OMultiplyGH_VV_V2V2_11160318154034397263_contiguous|nvfp4_qmm_t_bfloat16_t_gs_16_b_4_alN_true_batch_0|nvfp4_gather_qmm_rhs_nt_bfloat16_t_gs_16_b_4_bm_16_bn_32_bk_32_wm_1_wn_2_align_M_t_align_N_t_align_K_t
GPUPROF 187995.662289375 187995.662367500 1 23101440 custom_kernel_laguna_prefill_sorted_moe_tail_bf16_v1_bfloat16_t_uint32_t_float_bfloat16_t_bfloat16_t_bfloat16_t
GPUPROF 187995.662368125 187995.675435125 30 612017668 rmsbfloat16|steel_gemm_splitk_nt_bfloat16_float32_bm32_bn32_bk16_wm2_wn2_MN_taligned_K_taligned|steel_gemm_splitk_accum_bfloat16_float32|steel_gemm_splitk_nt_bfloat16_float32_bm32_bn32_bk16_wm2_wn2_MN_taligned_K_taligned|steel_gemm_splitk_accum_bfloat16_float32|steel_gemm_fused_nt_bfloat16_bfloat16_bm64_bn64_bk16_wm2_wn2_has_batch_n_use_out_source_n_do_axpby_n_align_M_t_align_N_t_align_K_t|steel_gemm_splitk_nt_bfloat16_float32_bm32_bn32_bk16_wm2_wn2_MN_naligned_K_taligned|steel_gemm_splitk_accum_bfloat16_float32|custom_kernel_laguna_prefill_full_qk_norm_yarn_bf16_128_h1_v2_bfloat16_t_bfloat16_t_bfloat16_t_bfloat16_t_float_int32_tc_bfloat16_t_bfloat16_t|steel_attention_bfloat16_bq32_bk16_bd128_wm4_wn1_maskbfloat16_align_Q_t_align_K_t_has_mask_n_do_causal_t_has_sinks_n|Cf4IAsTypeADf4IBroadcastCBEf4IBroadcastBCFf4ILogAddExpDEGV2OAsTypeF_VC_V2_10408321403207385874_contiguous|g2_Multiplybfloat16|steel_gemm_fused_nt_bfloat16_bfloat16_bm64_bn64_bk16_wm2_wn2_has_batch_n_use_out_source_n_do_axpby_n_align_M_t_align_N_t_align_K_t|custom_kernel_laguna_residual_rms_bf16_2048_v1_bfloat16_t_bfloat16_t_bfloat16_t_bfloat16_t_bfloat16_t|steel_gemm_splitk_nt_bfloat16_float32_bm32_bn32_bk16_wm2_wn2_MN_taligned_K_taligned|steel_gemm_splitk_accum_bfloat16_float32|custom_kernel_laguna_prefill_router_tournament_ordinal_norm_v1_bfloat16_t_float_uint32_t_float|custom_kernel_mlx_lm_route_csort_scatter_fused_m8_u32_v4_uint32_t_uint32_t_uint32_t_uint32_t|gather_frontbfloat16_uint32_int_2|arangeuint32|nvfp4_gather_qmm_rhs_nt_bfloat16_t_gs_16_b_4_bm_16_bn_32_bk_32_wm_1_wn_2_align_M_t_align_N_t_align_K_t|nvfp4_qmm_t_splitk_fused_bfloat16_t_gs_16_b_4_alN_true|nvfp4_qmm_t_splitk_fused_bfloat16_t_gs_16_b_4_alN_true|g2_copybfloat16bfloat16|g2_copybfloat16bfloat16|CV2ISigmoidADV2IBroadcastACEV2IBroadcastCAFV2IMultiplyDEGV2IBroadcastFBHV2IBroadcastBFIV2OMultiplyGH_VV_V2V2_11160318154034397263_contiguous|arangeuint32|CV2ISigmoidADV2IBroadcastACEV2IBroadcastCAFV2IMultiplyDEGV2IBroadcastFBHV2IBroadcastBFIV2OMultiplyGH_VV_V2V2_11160318154034397263_contiguous|nvfp4_qmm_t_bfloat16_t_gs_16_b_4_alN_true_batch_0|nvfp4_gather_qmm_rhs_nt_bfloat16_t_gs_16_b_4_bm_16_bn_32_bk_32_wm_1_wn_2_align_M_t_align_N_t_align_K_t
GPUPROF 187995.675435875 187995.675514875 1 23101440 custom_kernel_laguna_prefill_sorted_moe_tail_bf16_v1_bfloat16_t_uint32_t_float_bfloat16_t_bfloat16_t_bfloat16_t
GPUPROF 187995.675515667 187995.689922375 30 636347908 rmsbfloat16|steel_gemm_splitk_nt_bfloat16_float32_bm32_bn32_bk16_wm2_wn2_MN_taligned_K_taligned|steel_gemm_splitk_accum_bfloat16_float32|steel_gemm_splitk_nt_bfloat16_float32_bm32_bn32_bk16_wm2_wn2_MN_taligned_K_taligned|steel_gemm_splitk_accum_bfloat16_float32|steel_gemm_fused_nt_bfloat16_bfloat16_bm64_bn64_bk16_wm2_wn2_has_batch_n_use_out_source_n_do_axpby_n_align_M_t_align_N_t_align_K_t|steel_gemm_splitk_nt_bfloat16_float32_bm32_bn32_bk16_wm2_wn2_MN_taligned_K_taligned|steel_gemm_splitk_accum_bfloat16_float32|custom_kernel_laguna_prefill_sliding_qk_norm_rope_bf16_128_h1_v2_bfloat16_t_bfloat16_t_bfloat16_t_bfloat16_t_float_int32_tc_bfloat16_t_bfloat16_t|steel_attention_bfloat16_bq32_bk16_bd128_wm4_wn1_maskbfloat16_align_Q_t_align_K_t_has_mask_n_do_causal_t_has_sinks_n|Cf4IAsTypeADf4IBroadcastCBEf4IBroadcastBCFf4ILogAddExpDEGV2OAsTypeF_VC_V2_10408321403207385874_contiguous|g2_Multiplybfloat16|steel_gemm_fused_nt_bfloat16_bfloat16_bm64_bn64_bk16_wm2_wn2_has_batch_n_use_out_source_n_do_axpby_n_align_M_t_align_N_t_align_K_t|custom_kernel_laguna_residual_rms_bf16_2048_v1_bfloat16_t_bfloat16_t_bfloat16_t_bfloat16_t_bfloat16_t|steel_gemm_splitk_nt_bfloat16_float32_bm32_bn32_bk16_wm2_wn2_MN_taligned_K_taligned|steel_gemm_splitk_accum_bfloat16_float32|custom_kernel_laguna_prefill_router_tournament_ordinal_norm_v1_bfloat16_t_float_uint32_t_float|custom_kernel_mlx_lm_route_csort_scatter_fused_m8_u32_v4_uint32_t_uint32_t_uint32_t_uint32_t|gather_frontbfloat16_uint32_int_2|arangeuint32|nvfp4_gather_qmm_rhs_nt_bfloat16_t_gs_16_b_4_bm_16_bn_32_bk_32_wm_1_wn_2_align_M_t_align_N_t_align_K_t|nvfp4_qmm_t_splitk_fused_bfloat16_t_gs_16_b_4_alN_true|nvfp4_qmm_t_splitk_fused_bfloat16_t_gs_16_b_4_alN_true|g2_copybfloat16bfloat16|g2_copybfloat16bfloat16|CV2ISigmoidADV2IBroadcastACEV2IBroadcastCAFV2IMultiplyDEGV2IBroadcastFBHV2IBroadcastBFIV2OMultiplyGH_VV_V2V2_11160318154034397263_contiguous|arangeuint32|CV2ISigmoidADV2IBroadcastACEV2IBroadcastCAFV2IMultiplyDEGV2IBroadcastFBHV2IBroadcastBFIV2OMultiplyGH_VV_V2V2_11160318154034397263_contiguous|nvfp4_qmm_t_bfloat16_t_gs_16_b_4_alN_true_batch_0|nvfp4_gather_qmm_rhs_nt_bfloat16_t_gs_16_b_4_bm_16_bn_32_bk_32_wm_1_wn_2_align_M_t_align_N_t_align_K_t
GPUPROF 187995.689923250 187995.690001417 1 23101440 custom_kernel_laguna_prefill_sorted_moe_tail_bf16_v1_bfloat16_t_uint32_t_float_bfloat16_t_bfloat16_t_bfloat16_t
GPUPROF 187995.690002375 187995.704384167 30 636347908 rmsbfloat16|steel_gemm_splitk_nt_bfloat16_float32_bm32_bn32_bk16_wm2_wn2_MN_taligned_K_taligned|steel_gemm_splitk_accum_bfloat16_float32|steel_gemm_splitk_nt_bfloat16_float32_bm32_bn32_bk16_wm2_wn2_MN_taligned_K_taligned|steel_gemm_splitk_accum_bfloat16_float32|steel_gemm_fused_nt_bfloat16_bfloat16_bm64_bn64_bk16_wm2_wn2_has_batch_n_use_out_source_n_do_axpby_n_align_M_t_align_N_t_align_K_t|steel_gemm_splitk_nt_bfloat16_float32_bm32_bn32_bk16_wm2_wn2_MN_taligned_K_taligned|steel_gemm_splitk_accum_bfloat16_float32|custom_kernel_laguna_prefill_sliding_qk_norm_rope_bf16_128_h1_v2_bfloat16_t_bfloat16_t_bfloat16_t_bfloat16_t_float_int32_tc_bfloat16_t_bfloat16_t|steel_attention_bfloat16_bq32_bk16_bd128_wm4_wn1_maskbfloat16_align_Q_t_align_K_t_has_mask_n_do_causal_t_has_sinks_n|Cf4IAsTypeADf4IBroadcastCBEf4IBroadcastBCFf4ILogAddExpDEGV2OAsTypeF_VC_V2_10408321403207385874_contiguous|g2_Multiplybfloat16|steel_gemm_fused_nt_bfloat16_bfloat16_bm64_bn64_bk16_wm2_wn2_has_batch_n_use_out_source_n_do_axpby_n_align_M_t_align_N_t_align_K_t|custom_kernel_laguna_residual_rms_bf16_2048_v1_bfloat16_t_bfloat16_t_bfloat16_t_bfloat16_t_bfloat16_t|steel_gemm_splitk_nt_bfloat16_float32_bm32_bn32_bk16_wm2_wn2_MN_taligned_K_taligned|steel_gemm_splitk_accum_bfloat16_float32|custom_kernel_laguna_prefill_router_tournament_ordinal_norm_v1_bfloat16_t_float_uint32_t_float|custom_kernel_mlx_lm_route_csort_scatter_fused_m8_u32_v4_uint32_t_uint32_t_uint32_t_uint32_t|gather_frontbfloat16_uint32_int_2|arangeuint32|nvfp4_gather_qmm_rhs_nt_bfloat16_t_gs_16_b_4_bm_16_bn_32_bk_32_wm_1_wn_2_align_M_t_align_N_t_align_K_t|nvfp4_qmm_t_splitk_fused_bfloat16_t_gs_16_b_4_alN_true|nvfp4_qmm_t_splitk_fused_bfloat16_t_gs_16_b_4_alN_true|g2_copybfloat16bfloat16|g2_copybfloat16bfloat16|CV2ISigmoidADV2IBroadcastACEV2IBroadcastCAFV2IMultiplyDEGV2IBroadcastFBHV2IBroadcastBFIV2OMultiplyGH_VV_V2V2_11160318154034397263_contiguous|arangeuint32|CV2ISigmoidADV2IBroadcastACEV2IBroadcastCAFV2IMultiplyDEGV2IBroadcastFBHV2IBroadcastBFIV2OMultiplyGH_VV_V2V2_11160318154034397263_contiguous|nvfp4_qmm_t_bfloat16_t_gs_16_b_4_alN_true_batch_0|nvfp4_gather_qmm_rhs_nt_bfloat16_t_gs_16_b_4_bm_16_bn_32_bk_32_wm_1_wn_2_align_M_t_align_N_t_align_K_t
GPUPROF 187995.704385042 187995.704463875 1 23101440 custom_kernel_laguna_prefill_sorted_moe_tail_bf16_v1_bfloat16_t_uint32_t_float_bfloat16_t_bfloat16_t_bfloat16_t
GPUPROF 187995.704464625 187995.718916167 30 636347908 rmsbfloat16|steel_gemm_splitk_nt_bfloat16_float32_bm32_bn32_bk16_wm2_wn2_MN_taligned_K_taligned|steel_gemm_splitk_accum_bfloat16_float32|steel_gemm_splitk_nt_bfloat16_float32_bm32_bn32_bk16_wm2_wn2_MN_taligned_K_taligned|steel_gemm_splitk_accum_bfloat16_float32|steel_gemm_fused_nt_bfloat16_bfloat16_bm64_bn64_bk16_wm2_wn2_has_batch_n_use_out_source_n_do_axpby_n_align_M_t_align_N_t_align_K_t|steel_gemm_splitk_nt_bfloat16_float32_bm32_bn32_bk16_wm2_wn2_MN_taligned_K_taligned|steel_gemm_splitk_accum_bfloat16_float32|custom_kernel_laguna_prefill_sliding_qk_norm_rope_bf16_128_h1_v2_bfloat16_t_bfloat16_t_bfloat16_t_bfloat16_t_float_int32_tc_bfloat16_t_bfloat16_t|steel_attention_bfloat16_bq32_bk16_bd128_wm4_wn1_maskbfloat16_align_Q_t_align_K_t_has_mask_n_do_causal_t_has_sinks_n|Cf4IAsTypeADf4IBroadcastCBEf4IBroadcastBCFf4ILogAddExpDEGV2OAsTypeF_VC_V2_10408321403207385874_contiguous|g2_Multiplybfloat16|steel_gemm_fused_nt_bfloat16_bfloat16_bm64_bn64_bk16_wm2_wn2_has_batch_n_use_out_source_n_do_axpby_n_align_M_t_align_N_t_align_K_t|custom_kernel_laguna_residual_rms_bf16_2048_v1_bfloat16_t_bfloat16_t_bfloat16_t_bfloat16_t_bfloat16_t|steel_gemm_splitk_nt_bfloat16_float32_bm32_bn32_bk16_wm2_wn2_MN_taligned_K_taligned|steel_gemm_splitk_accum_bfloat16_float32|custom_kernel_laguna_prefill_router_tournament_ordinal_norm_v1_bfloat16_t_float_uint32_t_float|custom_kernel_mlx_lm_route_csort_scatter_fused_m8_u32_v4_uint32_t_uint32_t_uint32_t_uint32_t|gather_frontbfloat16_uint32_int_2|arangeuint32|nvfp4_gather_qmm_rhs_nt_bfloat16_t_gs_16_b_4_bm_16_bn_32_bk_32_wm_1_wn_2_align_M_t_align_N_t_align_K_t|nvfp4_qmm_t_splitk_fused_bfloat16_t_gs_16_b_4_alN_true|nvfp4_qmm_t_splitk_fused_bfloat16_t_gs_16_b_4_alN_true|g2_copybfloat16bfloat16|g2_copybfloat16bfloat16|CV2ISigmoidADV2IBroadcastACEV2IBroadcastCAFV2IMultiplyDEGV2IBroadcastFBHV2IBroadcastBFIV2OMultiplyGH_VV_V2V2_11160318154034397263_contiguous|arangeuint32|CV2ISigmoidADV2IBroadcastACEV2IBroadcastCAFV2IMultiplyDEGV2IBroadcastFBHV2IBroadcastBFIV2OMultiplyGH_VV_V2V2_11160318154034397263_contiguous|nvfp4_qmm_t_bfloat16_t_gs_16_b_4_alN_true_batch_0|nvfp4_gather_qmm_rhs_nt_bfloat16_t_gs_16_b_4_bm_16_bn_32_bk_32_wm_1_wn_2_align_M_t_align_N_t_align_K_t
GPUPROF 187995.718934125 187995.719009375 1 23101440 custom_kernel_laguna_prefill_sorted_moe_tail_bf16_v1_bfloat16_t_uint32_t_float_bfloat16_t_bfloat16_t_bfloat16_t
GPUPROF 187995.719010125 187995.731983875 30 612017668 rmsbfloat16|steel_gemm_splitk_nt_bfloat16_float32_bm32_bn32_bk16_wm2_wn2_MN_taligned_K_taligned|steel_gemm_splitk_accum_bfloat16_float32|steel_gemm_splitk_nt_bfloat16_float32_bm32_bn32_bk16_wm2_wn2_MN_taligned_K_taligned|steel_gemm_splitk_accum_bfloat16_float32|steel_gemm_fused_nt_bfloat16_bfloat16_bm64_bn64_bk16_wm2_wn2_has_batch_n_use_out_source_n_do_axpby_n_align_M_t_align_N_t_align_K_t|steel_gemm_splitk_nt_bfloat16_float32_bm32_bn32_bk16_wm2_wn2_MN_naligned_K_taligned|steel_gemm_splitk_accum_bfloat16_float32|custom_kernel_laguna_prefill_full_qk_norm_yarn_bf16_128_h1_v2_bfloat16_t_bfloat16_t_bfloat16_t_bfloat16_t_float_int32_tc_bfloat16_t_bfloat16_t|steel_attention_bfloat16_bq32_bk16_bd128_wm4_wn1_maskbfloat16_align_Q_t_align_K_t_has_mask_n_do_causal_t_has_sinks_n|Cf4IAsTypeADf4IBroadcastCBEf4IBroadcastBCFf4ILogAddExpDEGV2OAsTypeF_VC_V2_10408321403207385874_contiguous|g2_Multiplybfloat16|steel_gemm_fused_nt_bfloat16_bfloat16_bm64_bn64_bk16_wm2_wn2_has_batch_n_use_out_source_n_do_axpby_n_align_M_t_align_N_t_align_K_t|custom_kernel_laguna_residual_rms_bf16_2048_v1_bfloat16_t_bfloat16_t_bfloat16_t_bfloat16_t_bfloat16_t|steel_gemm_splitk_nt_bfloat16_float32_bm32_bn32_bk16_wm2_wn2_MN_taligned_K_taligned|steel_gemm_splitk_accum_bfloat16_float32|custom_kernel_laguna_prefill_router_tournament_ordinal_norm_v1_bfloat16_t_float_uint32_t_float|custom_kernel_mlx_lm_route_csort_scatter_fused_m8_u32_v4_uint32_t_uint32_t_uint32_t_uint32_t|gather_frontbfloat16_uint32_int_2|arangeuint32|nvfp4_gather_qmm_rhs_nt_bfloat16_t_gs_16_b_4_bm_16_bn_32_bk_32_wm_1_wn_2_align_M_t_align_N_t_align_K_t|nvfp4_qmm_t_splitk_fused_bfloat16_t_gs_16_b_4_alN_true|nvfp4_qmm_t_splitk_fused_bfloat16_t_gs_16_b_4_alN_true|g2_copybfloat16bfloat16|g2_copybfloat16bfloat16|CV2ISigmoidADV2IBroadcastACEV2IBroadcastCAFV2IMultiplyDEGV2IBroadcastFBHV2IBroadcastBFIV2OMultiplyGH_VV_V2V2_11160318154034397263_contiguous|arangeuint32|CV2ISigmoidADV2IBroadcastACEV2IBroadcastCAFV2IMultiplyDEGV2IBroadcastFBHV2IBroadcastBFIV2OMultiplyGH_VV_V2V2_11160318154034397263_contiguous|nvfp4_qmm_t_bfloat16_t_gs_16_b_4_alN_true_batch_0|nvfp4_gather_qmm_rhs_nt_bfloat16_t_gs_16_b_4_bm_16_bn_32_bk_32_wm_1_wn_2_align_M_t_align_N_t_align_K_t
GPUPROF 187995.731984625 187995.732063417 1 23101440 custom_kernel_laguna_prefill_sorted_moe_tail_bf16_v1_bfloat16_t_uint32_t_float_bfloat16_t_bfloat16_t_bfloat16_t
GPUPROF 187995.732064250 187995.746357125 30 636347908 rmsbfloat16|steel_gemm_splitk_nt_bfloat16_float32_bm32_bn32_bk16_wm2_wn2_MN_taligned_K_taligned|steel_gemm_splitk_accum_bfloat16_float32|steel_gemm_splitk_nt_bfloat16_float32_bm32_bn32_bk16_wm2_wn2_MN_taligned_K_taligned|steel_gemm_splitk_accum_bfloat16_float32|steel_gemm_fused_nt_bfloat16_bfloat16_bm64_bn64_bk16_wm2_wn2_has_batch_n_use_out_source_n_do_axpby_n_align_M_t_align_N_t_align_K_t|steel_gemm_splitk_nt_bfloat16_float32_bm32_bn32_bk16_wm2_wn2_MN_taligned_K_taligned|steel_gemm_splitk_accum_bfloat16_float32|custom_kernel_laguna_prefill_sliding_qk_norm_rope_bf16_128_h1_v2_bfloat16_t_bfloat16_t_bfloat16_t_bfloat16_t_float_int32_tc_bfloat16_t_bfloat16_t|steel_attention_bfloat16_bq32_bk16_bd128_wm4_wn1_maskbfloat16_align_Q_t_align_K_t_has_mask_n_do_causal_t_has_sinks_n|Cf4IAsTypeADf4IBroadcastCBEf4IBroadcastBCFf4ILogAddExpDEGV2OAsTypeF_VC_V2_10408321403207385874_contiguous|g2_Multiplybfloat16|steel_gemm_fused_nt_bfloat16_bfloat16_bm64_bn64_bk16_wm2_wn2_has_batch_n_use_out_source_n_do_axpby_n_align_M_t_align_N_t_align_K_t|custom_kernel_laguna_residual_rms_bf16_2048_v1_bfloat16_t_bfloat16_t_bfloat16_t_bfloat16_t_bfloat16_t|steel_gemm_splitk_nt_bfloat16_float32_bm32_bn32_bk16_wm2_wn2_MN_taligned_K_taligned|steel_gemm_splitk_accum_bfloat16_float32|custom_kernel_laguna_prefill_router_tournament_ordinal_norm_v1_bfloat16_t_float_uint32_t_float|custom_kernel_mlx_lm_route_csort_scatter_fused_m8_u32_v4_uint32_t_uint32_t_uint32_t_uint32_t|gather_frontbfloat16_uint32_int_2|arangeuint32|nvfp4_gather_qmm_rhs_nt_bfloat16_t_gs_16_b_4_bm_16_bn_32_bk_32_wm_1_wn_2_align_M_t_align_N_t_align_K_t|nvfp4_qmm_t_splitk_fused_bfloat16_t_gs_16_b_4_alN_true|nvfp4_qmm_t_splitk_fused_bfloat16_t_gs_16_b_4_alN_true|g2_copybfloat16bfloat16|g2_copybfloat16bfloat16|CV2ISigmoidADV2IBroadcastACEV2IBroadcastCAFV2IMultiplyDEGV2IBroadcastFBHV2IBroadcastBFIV2OMultiplyGH_VV_V2V2_11160318154034397263_contiguous|arangeuint32|CV2ISigmoidADV2IBroadcastACEV2IBroadcastCAFV2IMultiplyDEGV2IBroadcastFBHV2IBroadcastBFIV2OMultiplyGH_VV_V2V2_11160318154034397263_contiguous|nvfp4_qmm_t_bfloat16_t_gs_16_b_4_alN_true_batch_0|nvfp4_gather_qmm_rhs_nt_bfloat16_t_gs_16_b_4_bm_16_bn_32_bk_32_wm_1_wn_2_align_M_t_align_N_t_align_K_t
GPUPROF 187995.746357875 187995.746436875 1 23101440 custom_kernel_laguna_prefill_sorted_moe_tail_bf16_v1_bfloat16_t_uint32_t_float_bfloat16_t_bfloat16_t_bfloat16_t
GPUPROF 187995.746437625 187995.760780875 30 636347908 rmsbfloat16|steel_gemm_splitk_nt_bfloat16_float32_bm32_bn32_bk16_wm2_wn2_MN_taligned_K_taligned|steel_gemm_splitk_accum_bfloat16_float32|steel_gemm_splitk_nt_bfloat16_float32_bm32_bn32_bk16_wm2_wn2_MN_taligned_K_taligned|steel_gemm_splitk_accum_bfloat16_float32|steel_gemm_fused_nt_bfloat16_bfloat16_bm64_bn64_bk16_wm2_wn2_has_batch_n_use_out_source_n_do_axpby_n_align_M_t_align_N_t_align_K_t|steel_gemm_splitk_nt_bfloat16_float32_bm32_bn32_bk16_wm2_wn2_MN_taligned_K_taligned|steel_gemm_splitk_accum_bfloat16_float32|custom_kernel_laguna_prefill_sliding_qk_norm_rope_bf16_128_h1_v2_bfloat16_t_bfloat16_t_bfloat16_t_bfloat16_t_float_int32_tc_bfloat16_t_bfloat16_t|steel_attention_bfloat16_bq32_bk16_bd128_wm4_wn1_maskbfloat16_align_Q_t_align_K_t_has_mask_n_do_causal_t_has_sinks_n|Cf4IAsTypeADf4IBroadcastCBEf4IBroadcastBCFf4ILogAddExpDEGV2OAsTypeF_VC_V2_10408321403207385874_contiguous|g2_Multiplybfloat16|steel_gemm_fused_nt_bfloat16_bfloat16_bm64_bn64_bk16_wm2_wn2_has_batch_n_use_out_source_n_do_axpby_n_align_M_t_align_N_t_align_K_t|custom_kernel_laguna_residual_rms_bf16_2048_v1_bfloat16_t_bfloat16_t_bfloat16_t_bfloat16_t_bfloat16_t|steel_gemm_splitk_nt_bfloat16_float32_bm32_bn32_bk16_wm2_wn2_MN_taligned_K_taligned|steel_gemm_splitk_accum_bfloat16_float32|custom_kernel_laguna_prefill_router_tournament_ordinal_norm_v1_bfloat16_t_float_uint32_t_float|custom_kernel_mlx_lm_route_csort_scatter_fused_m8_u32_v4_uint32_t_uint32_t_uint32_t_uint32_t|gather_frontbfloat16_uint32_int_2|arangeuint32|nvfp4_gather_qmm_rhs_nt_bfloat16_t_gs_16_b_4_bm_16_bn_32_bk_32_wm_1_wn_2_align_M_t_align_N_t_align_K_t|nvfp4_qmm_t_splitk_fused_bfloat16_t_gs_16_b_4_alN_true|nvfp4_qmm_t_splitk_fused_bfloat16_t_gs_16_b_4_alN_true|g2_copybfloat16bfloat16|g2_copybfloat16bfloat16|CV2ISigmoidADV2IBroadcastACEV2IBroadcastCAFV2IMultiplyDEGV2IBroadcastFBHV2IBroadcastBFIV2OMultiplyGH_VV_V2V2_11160318154034397263_contiguous|arangeuint32|CV2ISigmoidADV2IBroadcastACEV2IBroadcastCAFV2IMultiplyDEGV2IBroadcastFBHV2IBroadcastBFIV2OMultiplyGH_VV_V2V2_11160318154034397263_contiguous|nvfp4_qmm_t_bfloat16_t_gs_16_b_4_alN_true_batch_0|nvfp4_gather_qmm_rhs_nt_bfloat16_t_gs_16_b_4_bm_16_bn_32_bk_32_wm_1_wn_2_align_M_t_align_N_t_align_K_t
GPUPROF 187995.760798875 187995.760875625 1 23101440 custom_kernel_laguna_prefill_sorted_moe_tail_bf16_v1_bfloat16_t_uint32_t_float_bfloat16_t_bfloat16_t_bfloat16_t
GPUPROF 187995.760876375 187995.775036875 30 636347908 rmsbfloat16|steel_gemm_splitk_nt_bfloat16_float32_bm32_bn32_bk16_wm2_wn2_MN_taligned_K_taligned|steel_gemm_splitk_accum_bfloat16_float32|steel_gemm_splitk_nt_bfloat16_float32_bm32_bn32_bk16_wm2_wn2_MN_taligned_K_taligned|steel_gemm_splitk_accum_bfloat16_float32|steel_gemm_fused_nt_bfloat16_bfloat16_bm64_bn64_bk16_wm2_wn2_has_batch_n_use_out_source_n_do_axpby_n_align_M_t_align_N_t_align_K_t|steel_gemm_splitk_nt_bfloat16_float32_bm32_bn32_bk16_wm2_wn2_MN_taligned_K_taligned|steel_gemm_splitk_accum_bfloat16_float32|custom_kernel_laguna_prefill_sliding_qk_norm_rope_bf16_128_h1_v2_bfloat16_t_bfloat16_t_bfloat16_t_bfloat16_t_float_int32_tc_bfloat16_t_bfloat16_t|steel_attention_bfloat16_bq32_bk16_bd128_wm4_wn1_maskbfloat16_align_Q_t_align_K_t_has_mask_n_do_causal_t_has_sinks_n|Cf4IAsTypeADf4IBroadcastCBEf4IBroadcastBCFf4ILogAddExpDEGV2OAsTypeF_VC_V2_10408321403207385874_contiguous|g2_Multiplybfloat16|steel_gemm_fused_nt_bfloat16_bfloat16_bm64_bn64_bk16_wm2_wn2_has_batch_n_use_out_source_n_do_axpby_n_align_M_t_align_N_t_align_K_t|custom_kernel_laguna_residual_rms_bf16_2048_v1_bfloat16_t_bfloat16_t_bfloat16_t_bfloat16_t_bfloat16_t|steel_gemm_splitk_nt_bfloat16_float32_bm32_bn32_bk16_wm2_wn2_MN_taligned_K_taligned|steel_gemm_splitk_accum_bfloat16_float32|custom_kernel_laguna_prefill_router_tournament_ordinal_norm_v1_bfloat16_t_float_uint32_t_float|custom_kernel_mlx_lm_route_csort_scatter_fused_m8_u32_v4_uint32_t_uint32_t_uint32_t_uint32_t|gather_frontbfloat16_uint32_int_2|arangeuint32|nvfp4_gather_qmm_rhs_nt_bfloat16_t_gs_16_b_4_bm_16_bn_32_bk_32_wm_1_wn_2_align_M_t_align_N_t_align_K_t|nvfp4_qmm_t_splitk_fused_bfloat16_t_gs_16_b_4_alN_true|nvfp4_qmm_t_splitk_fused_bfloat16_t_gs_16_b_4_alN_true|g2_copybfloat16bfloat16|g2_copybfloat16bfloat16|CV2ISigmoidADV2IBroadcastACEV2IBroadcastCAFV2IMultiplyDEGV2IBroadcastFBHV2IBroadcastBFIV2OMultiplyGH_VV_V2V2_11160318154034397263_contiguous|arangeuint32|CV2ISigmoidADV2IBroadcastACEV2IBroadcastCAFV2IMultiplyDEGV2IBroadcastFBHV2IBroadcastBFIV2OMultiplyGH_VV_V2V2_11160318154034397263_contiguous|nvfp4_qmm_t_bfloat16_t_gs_16_b_4_alN_true_batch_0|nvfp4_gather_qmm_rhs_nt_bfloat16_t_gs_16_b_4_bm_16_bn_32_bk_32_wm_1_wn_2_align_M_t_align_N_t_align_K_t
GPUPROF 187995.775037667 187995.775116542 1 23101440 custom_kernel_laguna_prefill_sorted_moe_tail_bf16_v1_bfloat16_t_uint32_t_float_bfloat16_t_bfloat16_t_bfloat16_t
GPUPROF 187995.775117292 187995.787804625 30 612017668 rmsbfloat16|steel_gemm_splitk_nt_bfloat16_float32_bm32_bn32_bk16_wm2_wn2_MN_taligned_K_taligned|steel_gemm_splitk_accum_bfloat16_float32|steel_gemm_splitk_nt_bfloat16_float32_bm32_bn32_bk16_wm2_wn2_MN_taligned_K_taligned|steel_gemm_splitk_accum_bfloat16_float32|steel_gemm_fused_nt_bfloat16_bfloat16_bm64_bn64_bk16_wm2_wn2_has_batch_n_use_out_source_n_do_axpby_n_align_M_t_align_N_t_align_K_t|steel_gemm_splitk_nt_bfloat16_float32_bm32_bn32_bk16_wm2_wn2_MN_naligned_K_taligned|steel_gemm_splitk_accum_bfloat16_float32|custom_kernel_laguna_prefill_full_qk_norm_yarn_bf16_128_h1_v2_bfloat16_t_bfloat16_t_bfloat16_t_bfloat16_t_float_int32_tc_bfloat16_t_bfloat16_t|steel_attention_bfloat16_bq32_bk16_bd128_wm4_wn1_maskbfloat16_align_Q_t_align_K_t_has_mask_n_do_causal_t_has_sinks_n|Cf4IAsTypeADf4IBroadcastCBEf4IBroadcastBCFf4ILogAddExpDEGV2OAsTypeF_VC_V2_10408321403207385874_contiguous|g2_Multiplybfloat16|steel_gemm_fused_nt_bfloat16_bfloat16_bm64_bn64_bk16_wm2_wn2_has_batch_n_use_out_source_n_do_axpby_n_align_M_t_align_N_t_align_K_t|custom_kernel_laguna_residual_rms_bf16_2048_v1_bfloat16_t_bfloat16_t_bfloat16_t_bfloat16_t_bfloat16_t|steel_gemm_splitk_nt_bfloat16_float32_bm32_bn32_bk16_wm2_wn2_MN_taligned_K_taligned|steel_gemm_splitk_accum_bfloat16_float32|custom_kernel_laguna_prefill_router_tournament_ordinal_norm_v1_bfloat16_t_float_uint32_t_float|custom_kernel_mlx_lm_route_csort_scatter_fused_m8_u32_v4_uint32_t_uint32_t_uint32_t_uint32_t|gather_frontbfloat16_uint32_int_2|arangeuint32|nvfp4_gather_qmm_rhs_nt_bfloat16_t_gs_16_b_4_bm_16_bn_32_bk_32_wm_1_wn_2_align_M_t_align_N_t_align_K_t|nvfp4_qmm_t_splitk_fused_bfloat16_t_gs_16_b_4_alN_true|nvfp4_qmm_t_splitk_fused_bfloat16_t_gs_16_b_4_alN_true|g2_copybfloat16bfloat16|g2_copybfloat16bfloat16|CV2ISigmoidADV2IBroadcastACEV2IBroadcastCAFV2IMultiplyDEGV2IBroadcastFBHV2IBroadcastBFIV2OMultiplyGH_VV_V2V2_11160318154034397263_contiguous|arangeuint32|CV2ISigmoidADV2IBroadcastACEV2IBroadcastCAFV2IMultiplyDEGV2IBroadcastFBHV2IBroadcastBFIV2OMultiplyGH_VV_V2V2_11160318154034397263_contiguous|nvfp4_qmm_t_bfloat16_t_gs_16_b_4_alN_true_batch_0|nvfp4_gather_qmm_rhs_nt_bfloat16_t_gs_16_b_4_bm_16_bn_32_bk_32_wm_1_wn_2_align_M_t_align_N_t_align_K_t
GPUPROF 187995.787805375 187995.787882917 1 23101440 custom_kernel_laguna_prefill_sorted_moe_tail_bf16_v1_bfloat16_t_uint32_t_float_bfloat16_t_bfloat16_t_bfloat16_t
GPUPROF 187995.787883750 187995.801847125 30 636347908 rmsbfloat16|steel_gemm_splitk_nt_bfloat16_float32_bm32_bn32_bk16_wm2_wn2_MN_taligned_K_taligned|steel_gemm_splitk_accum_bfloat16_float32|steel_gemm_splitk_nt_bfloat16_float32_bm32_bn32_bk16_wm2_wn2_MN_taligned_K_taligned|steel_gemm_splitk_accum_bfloat16_float32|steel_gemm_fused_nt_bfloat16_bfloat16_bm64_bn64_bk16_wm2_wn2_has_batch_n_use_out_source_n_do_axpby_n_align_M_t_align_N_t_align_K_t|steel_gemm_splitk_nt_bfloat16_float32_bm32_bn32_bk16_wm2_wn2_MN_taligned_K_taligned|steel_gemm_splitk_accum_bfloat16_float32|custom_kernel_laguna_prefill_sliding_qk_norm_rope_bf16_128_h1_v2_bfloat16_t_bfloat16_t_bfloat16_t_bfloat16_t_float_int32_tc_bfloat16_t_bfloat16_t|steel_attention_bfloat16_bq32_bk16_bd128_wm4_wn1_maskbfloat16_align_Q_t_align_K_t_has_mask_n_do_causal_t_has_sinks_n|Cf4IAsTypeADf4IBroadcastCBEf4IBroadcastBCFf4ILogAddExpDEGV2OAsTypeF_VC_V2_10408321403207385874_contiguous|g2_Multiplybfloat16|steel_gemm_fused_nt_bfloat16_bfloat16_bm64_bn64_bk16_wm2_wn2_has_batch_n_use_out_source_n_do_axpby_n_align_M_t_align_N_t_align_K_t|custom_kernel_laguna_residual_rms_bf16_2048_v1_bfloat16_t_bfloat16_t_bfloat16_t_bfloat16_t_bfloat16_t|steel_gemm_splitk_nt_bfloat16_float32_bm32_bn32_bk16_wm2_wn2_MN_taligned_K_taligned|steel_gemm_splitk_accum_bfloat16_float32|custom_kernel_laguna_prefill_router_tournament_ordinal_norm_v1_bfloat16_t_float_uint32_t_float|custom_kernel_mlx_lm_route_csort_scatter_fused_m8_u32_v4_uint32_t_uint32_t_uint32_t_uint32_t|gather_frontbfloat16_uint32_int_2|arangeuint32|nvfp4_gather_qmm_rhs_nt_bfloat16_t_gs_16_b_4_bm_16_bn_32_bk_32_wm_1_wn_2_align_M_t_align_N_t_align_K_t|nvfp4_qmm_t_splitk_fused_bfloat16_t_gs_16_b_4_alN_true|nvfp4_qmm_t_splitk_fused_bfloat16_t_gs_16_b_4_alN_true|g2_copybfloat16bfloat16|g2_copybfloat16bfloat16|CV2ISigmoidADV2IBroadcastACEV2IBroadcastCAFV2IMultiplyDEGV2IBroadcastFBHV2IBroadcastBFIV2OMultiplyGH_VV_V2V2_11160318154034397263_contiguous|arangeuint32|CV2ISigmoidADV2IBroadcastACEV2IBroadcastCAFV2IMultiplyDEGV2IBroadcastFBHV2IBroadcastBFIV2OMultiplyGH_VV_V2V2_11160318154034397263_contiguous|nvfp4_qmm_t_bfloat16_t_gs_16_b_4_alN_true_batch_0|nvfp4_gather_qmm_rhs_nt_bfloat16_t_gs_16_b_4_bm_16_bn_32_bk_32_wm_1_wn_2_align_M_t_align_N_t_align_K_t
GPUPROF 187995.801847875 187995.801925750 1 23101440 custom_kernel_laguna_prefill_sorted_moe_tail_bf16_v1_bfloat16_t_uint32_t_float_bfloat16_t_bfloat16_t_bfloat16_t
GPUPROF 187995.801926500 187995.816076625 30 636347908 rmsbfloat16|steel_gemm_splitk_nt_bfloat16_float32_bm32_bn32_bk16_wm2_wn2_MN_taligned_K_taligned|steel_gemm_splitk_accum_bfloat16_float32|steel_gemm_splitk_nt_bfloat16_float32_bm32_bn32_bk16_wm2_wn2_MN_taligned_K_taligned|steel_gemm_splitk_accum_bfloat16_float32|steel_gemm_fused_nt_bfloat16_bfloat16_bm64_bn64_bk16_wm2_wn2_has_batch_n_use_out_source_n_do_axpby_n_align_M_t_align_N_t_align_K_t|steel_gemm_splitk_nt_bfloat16_float32_bm32_bn32_bk16_wm2_wn2_MN_taligned_K_taligned|steel_gemm_splitk_accum_bfloat16_float32|custom_kernel_laguna_prefill_sliding_qk_norm_rope_bf16_128_h1_v2_bfloat16_t_bfloat16_t_bfloat16_t_bfloat16_t_float_int32_tc_bfloat16_t_bfloat16_t|steel_attention_bfloat16_bq32_bk16_bd128_wm4_wn1_maskbfloat16_align_Q_t_align_K_t_has_mask_n_do_causal_t_has_sinks_n|Cf4IAsTypeADf4IBroadcastCBEf4IBroadcastBCFf4ILogAddExpDEGV2OAsTypeF_VC_V2_10408321403207385874_contiguous|g2_Multiplybfloat16|steel_gemm_fused_nt_bfloat16_bfloat16_bm64_bn64_bk16_wm2_wn2_has_batch_n_use_out_source_n_do_axpby_n_align_M_t_align_N_t_align_K_t|custom_kernel_laguna_residual_rms_bf16_2048_v1_bfloat16_t_bfloat16_t_bfloat16_t_bfloat16_t_bfloat16_t|steel_gemm_splitk_nt_bfloat16_float32_bm32_bn32_bk16_wm2_wn2_MN_taligned_K_taligned|steel_gemm_splitk_accum_bfloat16_float32|custom_kernel_laguna_prefill_router_tournament_ordinal_norm_v1_bfloat16_t_float_uint32_t_float|custom_kernel_mlx_lm_route_csort_scatter_fused_m8_u32_v4_uint32_t_uint32_t_uint32_t_uint32_t|gather_frontbfloat16_uint32_int_2|arangeuint32|nvfp4_gather_qmm_rhs_nt_bfloat16_t_gs_16_b_4_bm_16_bn_32_bk_32_wm_1_wn_2_align_M_t_align_N_t_align_K_t|nvfp4_qmm_t_splitk_fused_bfloat16_t_gs_16_b_4_alN_true|nvfp4_qmm_t_splitk_fused_bfloat16_t_gs_16_b_4_alN_true|g2_copybfloat16bfloat16|g2_copybfloat16bfloat16|CV2ISigmoidADV2IBroadcastACEV2IBroadcastCAFV2IMultiplyDEGV2IBroadcastFBHV2IBroadcastBFIV2OMultiplyGH_VV_V2V2_11160318154034397263_contiguous|arangeuint32|CV2ISigmoidADV2IBroadcastACEV2IBroadcastCAFV2IMultiplyDEGV2IBroadcastFBHV2IBroadcastBFIV2OMultiplyGH_VV_V2V2_11160318154034397263_contiguous|nvfp4_qmm_t_bfloat16_t_gs_16_b_4_alN_true_batch_0|nvfp4_gather_qmm_rhs_nt_bfloat16_t_gs_16_b_4_bm_16_bn_32_bk_32_wm_1_wn_2_align_M_t_align_N_t_align_K_t
GPUPROF 187995.816080250 187995.816159250 1 23101440 custom_kernel_laguna_prefill_sorted_moe_tail_bf16_v1_bfloat16_t_uint32_t_float_bfloat16_t_bfloat16_t_bfloat16_t
GPUPROF 187995.816160000 187995.830167875 30 636347908 rmsbfloat16|steel_gemm_splitk_nt_bfloat16_float32_bm32_bn32_bk16_wm2_wn2_MN_taligned_K_taligned|steel_gemm_splitk_accum_bfloat16_float32|steel_gemm_splitk_nt_bfloat16_float32_bm32_bn32_bk16_wm2_wn2_MN_taligned_K_taligned|steel_gemm_splitk_accum_bfloat16_float32|steel_gemm_fused_nt_bfloat16_bfloat16_bm64_bn64_bk16_wm2_wn2_has_batch_n_use_out_source_n_do_axpby_n_align_M_t_align_N_t_align_K_t|steel_gemm_splitk_nt_bfloat16_float32_bm32_bn32_bk16_wm2_wn2_MN_taligned_K_taligned|steel_gemm_splitk_accum_bfloat16_float32|custom_kernel_laguna_prefill_sliding_qk_norm_rope_bf16_128_h1_v2_bfloat16_t_bfloat16_t_bfloat16_t_bfloat16_t_float_int32_tc_bfloat16_t_bfloat16_t|steel_attention_bfloat16_bq32_bk16_bd128_wm4_wn1_maskbfloat16_align_Q_t_align_K_t_has_mask_n_do_causal_t_has_sinks_n|Cf4IAsTypeADf4IBroadcastCBEf4IBroadcastBCFf4ILogAddExpDEGV2OAsTypeF_VC_V2_10408321403207385874_contiguous|g2_Multiplybfloat16|steel_gemm_fused_nt_bfloat16_bfloat16_bm64_bn64_bk16_wm2_wn2_has_batch_n_use_out_source_n_do_axpby_n_align_M_t_align_N_t_align_K_t|custom_kernel_laguna_residual_rms_bf16_2048_v1_bfloat16_t_bfloat16_t_bfloat16_t_bfloat16_t_bfloat16_t|steel_gemm_splitk_nt_bfloat16_float32_bm32_bn32_bk16_wm2_wn2_MN_taligned_K_taligned|steel_gemm_splitk_accum_bfloat16_float32|custom_kernel_laguna_prefill_router_tournament_ordinal_norm_v1_bfloat16_t_float_uint32_t_float|custom_kernel_mlx_lm_route_csort_scatter_fused_m8_u32_v4_uint32_t_uint32_t_uint32_t_uint32_t|gather_frontbfloat16_uint32_int_2|arangeuint32|nvfp4_gather_qmm_rhs_nt_bfloat16_t_gs_16_b_4_bm_16_bn_32_bk_32_wm_1_wn_2_align_M_t_align_N_t_align_K_t|nvfp4_qmm_t_splitk_fused_bfloat16_t_gs_16_b_4_alN_true|nvfp4_qmm_t_splitk_fused_bfloat16_t_gs_16_b_4_alN_true|g2_copybfloat16bfloat16|g2_copybfloat16bfloat16|CV2ISigmoidADV2IBroadcastACEV2IBroadcastCAFV2IMultiplyDEGV2IBroadcastFBHV2IBroadcastBFIV2OMultiplyGH_VV_V2V2_11160318154034397263_contiguous|arangeuint32|CV2ISigmoidADV2IBroadcastACEV2IBroadcastCAFV2IMultiplyDEGV2IBroadcastFBHV2IBroadcastBFIV2OMultiplyGH_VV_V2V2_11160318154034397263_contiguous|nvfp4_qmm_t_bfloat16_t_gs_16_b_4_alN_true_batch_0|nvfp4_gather_qmm_rhs_nt_bfloat16_t_gs_16_b_4_bm_16_bn_32_bk_32_wm_1_wn_2_align_M_t_align_N_t_align_K_t
GPUPROF 187995.830168667 187995.830245250 1 23101440 custom_kernel_laguna_prefill_sorted_moe_tail_bf16_v1_bfloat16_t_uint32_t_float_bfloat16_t_bfloat16_t_bfloat16_t
GPUPROF 187995.830246125 187995.842767667 30 612017668 rmsbfloat16|steel_gemm_splitk_nt_bfloat16_float32_bm32_bn32_bk16_wm2_wn2_MN_taligned_K_taligned|steel_gemm_splitk_accum_bfloat16_float32|steel_gemm_splitk_nt_bfloat16_float32_bm32_bn32_bk16_wm2_wn2_MN_taligned_K_taligned|steel_gemm_splitk_accum_bfloat16_float32|steel_gemm_fused_nt_bfloat16_bfloat16_bm64_bn64_bk16_wm2_wn2_has_batch_n_use_out_source_n_do_axpby_n_align_M_t_align_N_t_align_K_t|steel_gemm_splitk_nt_bfloat16_float32_bm32_bn32_bk16_wm2_wn2_MN_naligned_K_taligned|steel_gemm_splitk_accum_bfloat16_float32|custom_kernel_laguna_prefill_full_qk_norm_yarn_bf16_128_h1_v2_bfloat16_t_bfloat16_t_bfloat16_t_bfloat16_t_float_int32_tc_bfloat16_t_bfloat16_t|steel_attention_bfloat16_bq32_bk16_bd128_wm4_wn1_maskbfloat16_align_Q_t_align_K_t_has_mask_n_do_causal_t_has_sinks_n|Cf4IAsTypeADf4IBroadcastCBEf4IBroadcastBCFf4ILogAddExpDEGV2OAsTypeF_VC_V2_10408321403207385874_contiguous|g2_Multiplybfloat16|steel_gemm_fused_nt_bfloat16_bfloat16_bm64_bn64_bk16_wm2_wn2_has_batch_n_use_out_source_n_do_axpby_n_align_M_t_align_N_t_align_K_t|custom_kernel_laguna_residual_rms_bf16_2048_v1_bfloat16_t_bfloat16_t_bfloat16_t_bfloat16_t_bfloat16_t|steel_gemm_splitk_nt_bfloat16_float32_bm32_bn32_bk16_wm2_wn2_MN_taligned_K_taligned|steel_gemm_splitk_accum_bfloat16_float32|custom_kernel_laguna_prefill_router_tournament_ordinal_norm_v1_bfloat16_t_float_uint32_t_float|custom_kernel_mlx_lm_route_csort_scatter_fused_m8_u32_v4_uint32_t_uint32_t_uint32_t_uint32_t|gather_frontbfloat16_uint32_int_2|arangeuint32|nvfp4_gather_qmm_rhs_nt_bfloat16_t_gs_16_b_4_bm_16_bn_32_bk_32_wm_1_wn_2_align_M_t_align_N_t_align_K_t|nvfp4_qmm_t_splitk_fused_bfloat16_t_gs_16_b_4_alN_true|nvfp4_qmm_t_splitk_fused_bfloat16_t_gs_16_b_4_alN_true|g2_copybfloat16bfloat16|g2_copybfloat16bfloat16|CV2ISigmoidADV2IBroadcastACEV2IBroadcastCAFV2IMultiplyDEGV2IBroadcastFBHV2IBroadcastBFIV2OMultiplyGH_VV_V2V2_11160318154034397263_contiguous|arangeuint32|CV2ISigmoidADV2IBroadcastACEV2IBroadcastCAFV2IMultiplyDEGV2IBroadcastFBHV2IBroadcastBFIV2OMultiplyGH_VV_V2V2_11160318154034397263_contiguous|nvfp4_qmm_t_bfloat16_t_gs_16_b_4_alN_true_batch_0|nvfp4_gather_qmm_rhs_nt_bfloat16_t_gs_16_b_4_bm_16_bn_32_bk_32_wm_1_wn_2_align_M_t_align_N_t_align_K_t
GPUPROF 187995.842771250 187995.842846875 1 23101440 custom_kernel_laguna_prefill_sorted_moe_tail_bf16_v1_bfloat16_t_uint32_t_float_bfloat16_t_bfloat16_t_bfloat16_t
GPUPROF 187995.842847667 187995.856553125 30 636347908 rmsbfloat16|steel_gemm_splitk_nt_bfloat16_float32_bm32_bn32_bk16_wm2_wn2_MN_taligned_K_taligned|steel_gemm_splitk_accum_bfloat16_float32|steel_gemm_splitk_nt_bfloat16_float32_bm32_bn32_bk16_wm2_wn2_MN_taligned_K_taligned|steel_gemm_splitk_accum_bfloat16_float32|steel_gemm_fused_nt_bfloat16_bfloat16_bm64_bn64_bk16_wm2_wn2_has_batch_n_use_out_source_n_do_axpby_n_align_M_t_align_N_t_align_K_t|steel_gemm_splitk_nt_bfloat16_float32_bm32_bn32_bk16_wm2_wn2_MN_taligned_K_taligned|steel_gemm_splitk_accum_bfloat16_float32|custom_kernel_laguna_prefill_sliding_qk_norm_rope_bf16_128_h1_v2_bfloat16_t_bfloat16_t_bfloat16_t_bfloat16_t_float_int32_tc_bfloat16_t_bfloat16_t|steel_attention_bfloat16_bq32_bk16_bd128_wm4_wn1_maskbfloat16_align_Q_t_align_K_t_has_mask_n_do_causal_t_has_sinks_n|Cf4IAsTypeADf4IBroadcastCBEf4IBroadcastBCFf4ILogAddExpDEGV2OAsTypeF_VC_V2_10408321403207385874_contiguous|g2_Multiplybfloat16|steel_gemm_fused_nt_bfloat16_bfloat16_bm64_bn64_bk16_wm2_wn2_has_batch_n_use_out_source_n_do_axpby_n_align_M_t_align_N_t_align_K_t|custom_kernel_laguna_residual_rms_bf16_2048_v1_bfloat16_t_bfloat16_t_bfloat16_t_bfloat16_t_bfloat16_t|steel_gemm_splitk_nt_bfloat16_float32_bm32_bn32_bk16_wm2_wn2_MN_taligned_K_taligned|steel_gemm_splitk_accum_bfloat16_float32|custom_kernel_laguna_prefill_router_tournament_ordinal_norm_v1_bfloat16_t_float_uint32_t_float|custom_kernel_mlx_lm_route_csort_scatter_fused_m8_u32_v4_uint32_t_uint32_t_uint32_t_uint32_t|gather_frontbfloat16_uint32_int_2|arangeuint32|nvfp4_gather_qmm_rhs_nt_bfloat16_t_gs_16_b_4_bm_16_bn_32_bk_32_wm_1_wn_2_align_M_t_align_N_t_align_K_t|nvfp4_qmm_t_splitk_fused_bfloat16_t_gs_16_b_4_alN_true|nvfp4_qmm_t_splitk_fused_bfloat16_t_gs_16_b_4_alN_true|g2_copybfloat16bfloat16|g2_copybfloat16bfloat16|CV2ISigmoidADV2IBroadcastACEV2IBroadcastCAFV2IMultiplyDEGV2IBroadcastFBHV2IBroadcastBFIV2OMultiplyGH_VV_V2V2_11160318154034397263_contiguous|arangeuint32|CV2ISigmoidADV2IBroadcastACEV2IBroadcastCAFV2IMultiplyDEGV2IBroadcastFBHV2IBroadcastBFIV2OMultiplyGH_VV_V2V2_11160318154034397263_contiguous|nvfp4_qmm_t_bfloat16_t_gs_16_b_4_alN_true_batch_0|nvfp4_gather_qmm_rhs_nt_bfloat16_t_gs_16_b_4_bm_16_bn_32_bk_32_wm_1_wn_2_align_M_t_align_N_t_align_K_t
GPUPROF 187995.856553875 187995.856634500 1 23101440 custom_kernel_laguna_prefill_sorted_moe_tail_bf16_v1_bfloat16_t_uint32_t_float_bfloat16_t_bfloat16_t_bfloat16_t
GPUPROF 187995.856635292 187995.870254292 30 636347908 rmsbfloat16|steel_gemm_splitk_nt_bfloat16_float32_bm32_bn32_bk16_wm2_wn2_MN_taligned_K_taligned|steel_gemm_splitk_accum_bfloat16_float32|steel_gemm_splitk_nt_bfloat16_float32_bm32_bn32_bk16_wm2_wn2_MN_taligned_K_taligned|steel_gemm_splitk_accum_bfloat16_float32|steel_gemm_fused_nt_bfloat16_bfloat16_bm64_bn64_bk16_wm2_wn2_has_batch_n_use_out_source_n_do_axpby_n_align_M_t_align_N_t_align_K_t|steel_gemm_splitk_nt_bfloat16_float32_bm32_bn32_bk16_wm2_wn2_MN_taligned_K_taligned|steel_gemm_splitk_accum_bfloat16_float32|custom_kernel_laguna_prefill_sliding_qk_norm_rope_bf16_128_h1_v2_bfloat16_t_bfloat16_t_bfloat16_t_bfloat16_t_float_int32_tc_bfloat16_t_bfloat16_t|steel_attention_bfloat16_bq32_bk16_bd128_wm4_wn1_maskbfloat16_align_Q_t_align_K_t_has_mask_n_do_causal_t_has_sinks_n|Cf4IAsTypeADf4IBroadcastCBEf4IBroadcastBCFf4ILogAddExpDEGV2OAsTypeF_VC_V2_10408321403207385874_contiguous|g2_Multiplybfloat16|steel_gemm_fused_nt_bfloat16_bfloat16_bm64_bn64_bk16_wm2_wn2_has_batch_n_use_out_source_n_do_axpby_n_align_M_t_align_N_t_align_K_t|custom_kernel_laguna_residual_rms_bf16_2048_v1_bfloat16_t_bfloat16_t_bfloat16_t_bfloat16_t_bfloat16_t|steel_gemm_splitk_nt_bfloat16_float32_bm32_bn32_bk16_wm2_wn2_MN_taligned_K_taligned|steel_gemm_splitk_accum_bfloat16_float32|custom_kernel_laguna_prefill_router_tournament_ordinal_norm_v1_bfloat16_t_float_uint32_t_float|custom_kernel_mlx_lm_route_csort_scatter_fused_m8_u32_v4_uint32_t_uint32_t_uint32_t_uint32_t|gather_frontbfloat16_uint32_int_2|arangeuint32|nvfp4_gather_qmm_rhs_nt_bfloat16_t_gs_16_b_4_bm_16_bn_32_bk_32_wm_1_wn_2_align_M_t_align_N_t_align_K_t|nvfp4_qmm_t_splitk_fused_bfloat16_t_gs_16_b_4_alN_true|nvfp4_qmm_t_splitk_fused_bfloat16_t_gs_16_b_4_alN_true|g2_copybfloat16bfloat16|g2_copybfloat16bfloat16|CV2ISigmoidADV2IBroadcastACEV2IBroadcastCAFV2IMultiplyDEGV2IBroadcastFBHV2IBroadcastBFIV2OMultiplyGH_VV_V2V2_11160318154034397263_contiguous|arangeuint32|CV2ISigmoidADV2IBroadcastACEV2IBroadcastCAFV2IMultiplyDEGV2IBroadcastFBHV2IBroadcastBFIV2OMultiplyGH_VV_V2V2_11160318154034397263_contiguous|nvfp4_qmm_t_bfloat16_t_gs_16_b_4_alN_true_batch_0|nvfp4_gather_qmm_rhs_nt_bfloat16_t_gs_16_b_4_bm_16_bn_32_bk_32_wm_1_wn_2_align_M_t_align_N_t_align_K_t
GPUPROF 187995.870272542 187995.870352000 1 23101440 custom_kernel_laguna_prefill_sorted_moe_tail_bf16_v1_bfloat16_t_uint32_t_float_bfloat16_t_bfloat16_t_bfloat16_t
GPUPROF 187995.870352750 187995.883741542 30 636347908 rmsbfloat16|steel_gemm_splitk_nt_bfloat16_float32_bm32_bn32_bk16_wm2_wn2_MN_taligned_K_taligned|steel_gemm_splitk_accum_bfloat16_float32|steel_gemm_splitk_nt_bfloat16_float32_bm32_bn32_bk16_wm2_wn2_MN_taligned_K_taligned|steel_gemm_splitk_accum_bfloat16_float32|steel_gemm_fused_nt_bfloat16_bfloat16_bm64_bn64_bk16_wm2_wn2_has_batch_n_use_out_source_n_do_axpby_n_align_M_t_align_N_t_align_K_t|steel_gemm_splitk_nt_bfloat16_float32_bm32_bn32_bk16_wm2_wn2_MN_taligned_K_taligned|steel_gemm_splitk_accum_bfloat16_float32|custom_kernel_laguna_prefill_sliding_qk_norm_rope_bf16_128_h1_v2_bfloat16_t_bfloat16_t_bfloat16_t_bfloat16_t_float_int32_tc_bfloat16_t_bfloat16_t|steel_attention_bfloat16_bq32_bk16_bd128_wm4_wn1_maskbfloat16_align_Q_t_align_K_t_has_mask_n_do_causal_t_has_sinks_n|Cf4IAsTypeADf4IBroadcastCBEf4IBroadcastBCFf4ILogAddExpDEGV2OAsTypeF_VC_V2_10408321403207385874_contiguous|g2_Multiplybfloat16|steel_gemm_fused_nt_bfloat16_bfloat16_bm64_bn64_bk16_wm2_wn2_has_batch_n_use_out_source_n_do_axpby_n_align_M_t_align_N_t_align_K_t|custom_kernel_laguna_residual_rms_bf16_2048_v1_bfloat16_t_bfloat16_t_bfloat16_t_bfloat16_t_bfloat16_t|steel_gemm_splitk_nt_bfloat16_float32_bm32_bn32_bk16_wm2_wn2_MN_taligned_K_taligned|steel_gemm_splitk_accum_bfloat16_float32|custom_kernel_laguna_prefill_router_tournament_ordinal_norm_v1_bfloat16_t_float_uint32_t_float|custom_kernel_mlx_lm_route_csort_scatter_fused_m8_u32_v4_uint32_t_uint32_t_uint32_t_uint32_t|gather_frontbfloat16_uint32_int_2|arangeuint32|nvfp4_gather_qmm_rhs_nt_bfloat16_t_gs_16_b_4_bm_16_bn_32_bk_32_wm_1_wn_2_align_M_t_align_N_t_align_K_t|nvfp4_qmm_t_splitk_fused_bfloat16_t_gs_16_b_4_alN_true|nvfp4_qmm_t_splitk_fused_bfloat16_t_gs_16_b_4_alN_true|g2_copybfloat16bfloat16|g2_copybfloat16bfloat16|CV2ISigmoidADV2IBroadcastACEV2IBroadcastCAFV2IMultiplyDEGV2IBroadcastFBHV2IBroadcastBFIV2OMultiplyGH_VV_V2V2_11160318154034397263_contiguous|arangeuint32|CV2ISigmoidADV2IBroadcastACEV2IBroadcastCAFV2IMultiplyDEGV2IBroadcastFBHV2IBroadcastBFIV2OMultiplyGH_VV_V2V2_11160318154034397263_contiguous|nvfp4_qmm_t_bfloat16_t_gs_16_b_4_alN_true_batch_0|nvfp4_gather_qmm_rhs_nt_bfloat16_t_gs_16_b_4_bm_16_bn_32_bk_32_wm_1_wn_2_align_M_t_align_N_t_align_K_t
GPUPROF 187995.883745125 187995.883820000 1 23101440 custom_kernel_laguna_prefill_sorted_moe_tail_bf16_v1_bfloat16_t_uint32_t_float_bfloat16_t_bfloat16_t_bfloat16_t
GPUPROF 187995.883820792 187995.896049750 30 612017668 rmsbfloat16|steel_gemm_splitk_nt_bfloat16_float32_bm32_bn32_bk16_wm2_wn2_MN_taligned_K_taligned|steel_gemm_splitk_accum_bfloat16_float32|steel_gemm_splitk_nt_bfloat16_float32_bm32_bn32_bk16_wm2_wn2_MN_taligned_K_taligned|steel_gemm_splitk_accum_bfloat16_float32|steel_gemm_fused_nt_bfloat16_bfloat16_bm64_bn64_bk16_wm2_wn2_has_batch_n_use_out_source_n_do_axpby_n_align_M_t_align_N_t_align_K_t|steel_gemm_splitk_nt_bfloat16_float32_bm32_bn32_bk16_wm2_wn2_MN_naligned_K_taligned|steel_gemm_splitk_accum_bfloat16_float32|custom_kernel_laguna_prefill_full_qk_norm_yarn_bf16_128_h1_v2_bfloat16_t_bfloat16_t_bfloat16_t_bfloat16_t_float_int32_tc_bfloat16_t_bfloat16_t|steel_attention_bfloat16_bq32_bk16_bd128_wm4_wn1_maskbfloat16_align_Q_t_align_K_t_has_mask_n_do_causal_t_has_sinks_n|Cf4IAsTypeADf4IBroadcastCBEf4IBroadcastBCFf4ILogAddExpDEGV2OAsTypeF_VC_V2_10408321403207385874_contiguous|g2_Multiplybfloat16|steel_gemm_fused_nt_bfloat16_bfloat16_bm64_bn64_bk16_wm2_wn2_has_batch_n_use_out_source_n_do_axpby_n_align_M_t_align_N_t_align_K_t|custom_kernel_laguna_residual_rms_bf16_2048_v1_bfloat16_t_bfloat16_t_bfloat16_t_bfloat16_t_bfloat16_t|steel_gemm_splitk_nt_bfloat16_float32_bm32_bn32_bk16_wm2_wn2_MN_taligned_K_taligned|steel_gemm_splitk_accum_bfloat16_float32|custom_kernel_laguna_prefill_router_tournament_ordinal_norm_v1_bfloat16_t_float_uint32_t_float|custom_kernel_mlx_lm_route_csort_scatter_fused_m8_u32_v4_uint32_t_uint32_t_uint32_t_uint32_t|gather_frontbfloat16_uint32_int_2|arangeuint32|nvfp4_gather_qmm_rhs_nt_bfloat16_t_gs_16_b_4_bm_16_bn_32_bk_32_wm_1_wn_2_align_M_t_align_N_t_align_K_t|nvfp4_qmm_t_splitk_fused_bfloat16_t_gs_16_b_4_alN_true|nvfp4_qmm_t_splitk_fused_bfloat16_t_gs_16_b_4_alN_true|g2_copybfloat16bfloat16|g2_copybfloat16bfloat16|CV2ISigmoidADV2IBroadcastACEV2IBroadcastCAFV2IMultiplyDEGV2IBroadcastFBHV2IBroadcastBFIV2OMultiplyGH_VV_V2V2_11160318154034397263_contiguous|arangeuint32|CV2ISigmoidADV2IBroadcastACEV2IBroadcastCAFV2IMultiplyDEGV2IBroadcastFBHV2IBroadcastBFIV2OMultiplyGH_VV_V2V2_11160318154034397263_contiguous|nvfp4_qmm_t_bfloat16_t_gs_16_b_4_alN_true_batch_0|nvfp4_gather_qmm_rhs_nt_bfloat16_t_gs_16_b_4_bm_16_bn_32_bk_32_wm_1_wn_2_align_M_t_align_N_t_align_K_t
GPUPROF 187995.896053292 187995.896129667 1 23101440 custom_kernel_laguna_prefill_sorted_moe_tail_bf16_v1_bfloat16_t_uint32_t_float_bfloat16_t_bfloat16_t_bfloat16_t
GPUPROF 187995.896130417 187995.909667000 30 636347908 rmsbfloat16|steel_gemm_splitk_nt_bfloat16_float32_bm32_bn32_bk16_wm2_wn2_MN_taligned_K_taligned|steel_gemm_splitk_accum_bfloat16_float32|steel_gemm_splitk_nt_bfloat16_float32_bm32_bn32_bk16_wm2_wn2_MN_taligned_K_taligned|steel_gemm_splitk_accum_bfloat16_float32|steel_gemm_fused_nt_bfloat16_bfloat16_bm64_bn64_bk16_wm2_wn2_has_batch_n_use_out_source_n_do_axpby_n_align_M_t_align_N_t_align_K_t|steel_gemm_splitk_nt_bfloat16_float32_bm32_bn32_bk16_wm2_wn2_MN_taligned_K_taligned|steel_gemm_splitk_accum_bfloat16_float32|custom_kernel_laguna_prefill_sliding_qk_norm_rope_bf16_128_h1_v2_bfloat16_t_bfloat16_t_bfloat16_t_bfloat16_t_float_int32_tc_bfloat16_t_bfloat16_t|steel_attention_bfloat16_bq32_bk16_bd128_wm4_wn1_maskbfloat16_align_Q_t_align_K_t_has_mask_n_do_causal_t_has_sinks_n|Cf4IAsTypeADf4IBroadcastCBEf4IBroadcastBCFf4ILogAddExpDEGV2OAsTypeF_VC_V2_10408321403207385874_contiguous|g2_Multiplybfloat16|steel_gemm_fused_nt_bfloat16_bfloat16_bm64_bn64_bk16_wm2_wn2_has_batch_n_use_out_source_n_do_axpby_n_align_M_t_align_N_t_align_K_t|custom_kernel_laguna_residual_rms_bf16_2048_v1_bfloat16_t_bfloat16_t_bfloat16_t_bfloat16_t_bfloat16_t|steel_gemm_splitk_nt_bfloat16_float32_bm32_bn32_bk16_wm2_wn2_MN_taligned_K_taligned|steel_gemm_splitk_accum_bfloat16_float32|custom_kernel_laguna_prefill_router_tournament_ordinal_norm_v1_bfloat16_t_float_uint32_t_float|custom_kernel_mlx_lm_route_csort_scatter_fused_m8_u32_v4_uint32_t_uint32_t_uint32_t_uint32_t|gather_frontbfloat16_uint32_int_2|arangeuint32|nvfp4_gather_qmm_rhs_nt_bfloat16_t_gs_16_b_4_bm_16_bn_32_bk_32_wm_1_wn_2_align_M_t_align_N_t_align_K_t|nvfp4_qmm_t_splitk_fused_bfloat16_t_gs_16_b_4_alN_true|nvfp4_qmm_t_splitk_fused_bfloat16_t_gs_16_b_4_alN_true|g2_copybfloat16bfloat16|g2_copybfloat16bfloat16|CV2ISigmoidADV2IBroadcastACEV2IBroadcastCAFV2IMultiplyDEGV2IBroadcastFBHV2IBroadcastBFIV2OMultiplyGH_VV_V2V2_11160318154034397263_contiguous|arangeuint32|CV2ISigmoidADV2IBroadcastACEV2IBroadcastCAFV2IMultiplyDEGV2IBroadcastFBHV2IBroadcastBFIV2OMultiplyGH_VV_V2V2_11160318154034397263_contiguous|nvfp4_qmm_t_bfloat16_t_gs_16_b_4_alN_true_batch_0|nvfp4_gather_qmm_rhs_nt_bfloat16_t_gs_16_b_4_bm_16_bn_32_bk_32_wm_1_wn_2_align_M_t_align_N_t_align_K_t
GPUPROF 187995.909670625 187995.909747750 1 23101440 custom_kernel_laguna_prefill_sorted_moe_tail_bf16_v1_bfloat16_t_uint32_t_float_bfloat16_t_bfloat16_t_bfloat16_t
GPUPROF 187995.909748500 187995.923340375 30 636347908 rmsbfloat16|steel_gemm_splitk_nt_bfloat16_float32_bm32_bn32_bk16_wm2_wn2_MN_taligned_K_taligned|steel_gemm_splitk_accum_bfloat16_float32|steel_gemm_splitk_nt_bfloat16_float32_bm32_bn32_bk16_wm2_wn2_MN_taligned_K_taligned|steel_gemm_splitk_accum_bfloat16_float32|steel_gemm_fused_nt_bfloat16_bfloat16_bm64_bn64_bk16_wm2_wn2_has_batch_n_use_out_source_n_do_axpby_n_align_M_t_align_N_t_align_K_t|steel_gemm_splitk_nt_bfloat16_float32_bm32_bn32_bk16_wm2_wn2_MN_taligned_K_taligned|steel_gemm_splitk_accum_bfloat16_float32|custom_kernel_laguna_prefill_sliding_qk_norm_rope_bf16_128_h1_v2_bfloat16_t_bfloat16_t_bfloat16_t_bfloat16_t_float_int32_tc_bfloat16_t_bfloat16_t|steel_attention_bfloat16_bq32_bk16_bd128_wm4_wn1_maskbfloat16_align_Q_t_align_K_t_has_mask_n_do_causal_t_has_sinks_n|Cf4IAsTypeADf4IBroadcastCBEf4IBroadcastBCFf4ILogAddExpDEGV2OAsTypeF_VC_V2_10408321403207385874_contiguous|g2_Multiplybfloat16|steel_gemm_fused_nt_bfloat16_bfloat16_bm64_bn64_bk16_wm2_wn2_has_batch_n_use_out_source_n_do_axpby_n_align_M_t_align_N_t_align_K_t|custom_kernel_laguna_residual_rms_bf16_2048_v1_bfloat16_t_bfloat16_t_bfloat16_t_bfloat16_t_bfloat16_t|steel_gemm_splitk_nt_bfloat16_float32_bm32_bn32_bk16_wm2_wn2_MN_taligned_K_taligned|steel_gemm_splitk_accum_bfloat16_float32|custom_kernel_laguna_prefill_router_tournament_ordinal_norm_v1_bfloat16_t_float_uint32_t_float|custom_kernel_mlx_lm_route_csort_scatter_fused_m8_u32_v4_uint32_t_uint32_t_uint32_t_uint32_t|gather_frontbfloat16_uint32_int_2|arangeuint32|nvfp4_gather_qmm_rhs_nt_bfloat16_t_gs_16_b_4_bm_16_bn_32_bk_32_wm_1_wn_2_align_M_t_align_N_t_align_K_t|nvfp4_qmm_t_splitk_fused_bfloat16_t_gs_16_b_4_alN_true|nvfp4_qmm_t_splitk_fused_bfloat16_t_gs_16_b_4_alN_true|g2_copybfloat16bfloat16|g2_copybfloat16bfloat16|CV2ISigmoidADV2IBroadcastACEV2IBroadcastCAFV2IMultiplyDEGV2IBroadcastFBHV2IBroadcastBFIV2OMultiplyGH_VV_V2V2_11160318154034397263_contiguous|arangeuint32|CV2ISigmoidADV2IBroadcastACEV2IBroadcastCAFV2IMultiplyDEGV2IBroadcastFBHV2IBroadcastBFIV2OMultiplyGH_VV_V2V2_11160318154034397263_contiguous|nvfp4_qmm_t_bfloat16_t_gs_16_b_4_alN_true_batch_0|nvfp4_gather_qmm_rhs_nt_bfloat16_t_gs_16_b_4_bm_16_bn_32_bk_32_wm_1_wn_2_align_M_t_align_N_t_align_K_t
GPUPROF 187995.923341125 187995.923421125 1 23101440 custom_kernel_laguna_prefill_sorted_moe_tail_bf16_v1_bfloat16_t_uint32_t_float_bfloat16_t_bfloat16_t_bfloat16_t
GPUPROF 187995.923421875 187995.937077917 30 636347908 rmsbfloat16|steel_gemm_splitk_nt_bfloat16_float32_bm32_bn32_bk16_wm2_wn2_MN_taligned_K_taligned|steel_gemm_splitk_accum_bfloat16_float32|steel_gemm_splitk_nt_bfloat16_float32_bm32_bn32_bk16_wm2_wn2_MN_taligned_K_taligned|steel_gemm_splitk_accum_bfloat16_float32|steel_gemm_fused_nt_bfloat16_bfloat16_bm64_bn64_bk16_wm2_wn2_has_batch_n_use_out_source_n_do_axpby_n_align_M_t_align_N_t_align_K_t|steel_gemm_splitk_nt_bfloat16_float32_bm32_bn32_bk16_wm2_wn2_MN_taligned_K_taligned|steel_gemm_splitk_accum_bfloat16_float32|custom_kernel_laguna_prefill_sliding_qk_norm_rope_bf16_128_h1_v2_bfloat16_t_bfloat16_t_bfloat16_t_bfloat16_t_float_int32_tc_bfloat16_t_bfloat16_t|steel_attention_bfloat16_bq32_bk16_bd128_wm4_wn1_maskbfloat16_align_Q_t_align_K_t_has_mask_n_do_causal_t_has_sinks_n|Cf4IAsTypeADf4IBroadcastCBEf4IBroadcastBCFf4ILogAddExpDEGV2OAsTypeF_VC_V2_10408321403207385874_contiguous|g2_Multiplybfloat16|steel_gemm_fused_nt_bfloat16_bfloat16_bm64_bn64_bk16_wm2_wn2_has_batch_n_use_out_source_n_do_axpby_n_align_M_t_align_N_t_align_K_t|custom_kernel_laguna_residual_rms_bf16_2048_v1_bfloat16_t_bfloat16_t_bfloat16_t_bfloat16_t_bfloat16_t|steel_gemm_splitk_nt_bfloat16_float32_bm32_bn32_bk16_wm2_wn2_MN_taligned_K_taligned|steel_gemm_splitk_accum_bfloat16_float32|custom_kernel_laguna_prefill_router_tournament_ordinal_norm_v1_bfloat16_t_float_uint32_t_float|custom_kernel_mlx_lm_route_csort_scatter_fused_m8_u32_v4_uint32_t_uint32_t_uint32_t_uint32_t|gather_frontbfloat16_uint32_int_2|arangeuint32|nvfp4_gather_qmm_rhs_nt_bfloat16_t_gs_16_b_4_bm_16_bn_32_bk_32_wm_1_wn_2_align_M_t_align_N_t_align_K_t|nvfp4_qmm_t_splitk_fused_bfloat16_t_gs_16_b_4_alN_true|nvfp4_qmm_t_splitk_fused_bfloat16_t_gs_16_b_4_alN_true|g2_copybfloat16bfloat16|g2_copybfloat16bfloat16|CV2ISigmoidADV2IBroadcastACEV2IBroadcastCAFV2IMultiplyDEGV2IBroadcastFBHV2IBroadcastBFIV2OMultiplyGH_VV_V2V2_11160318154034397263_contiguous|arangeuint32|CV2ISigmoidADV2IBroadcastACEV2IBroadcastCAFV2IMultiplyDEGV2IBroadcastFBHV2IBroadcastBFIV2OMultiplyGH_VV_V2V2_11160318154034397263_contiguous|nvfp4_qmm_t_bfloat16_t_gs_16_b_4_alN_true_batch_0|nvfp4_gather_qmm_rhs_nt_bfloat16_t_gs_16_b_4_bm_16_bn_32_bk_32_wm_1_wn_2_align_M_t_align_N_t_align_K_t
GPUPROF 187995.937081500 187995.937157750 1 23101440 custom_kernel_laguna_prefill_sorted_moe_tail_bf16_v1_bfloat16_t_uint32_t_float_bfloat16_t_bfloat16_t_bfloat16_t
GPUPROF 187995.937158500 187995.949707000 30 612017668 rmsbfloat16|steel_gemm_splitk_nt_bfloat16_float32_bm32_bn32_bk16_wm2_wn2_MN_taligned_K_taligned|steel_gemm_splitk_accum_bfloat16_float32|steel_gemm_splitk_nt_bfloat16_float32_bm32_bn32_bk16_wm2_wn2_MN_taligned_K_taligned|steel_gemm_splitk_accum_bfloat16_float32|steel_gemm_fused_nt_bfloat16_bfloat16_bm64_bn64_bk16_wm2_wn2_has_batch_n_use_out_source_n_do_axpby_n_align_M_t_align_N_t_align_K_t|steel_gemm_splitk_nt_bfloat16_float32_bm32_bn32_bk16_wm2_wn2_MN_naligned_K_taligned|steel_gemm_splitk_accum_bfloat16_float32|custom_kernel_laguna_prefill_full_qk_norm_yarn_bf16_128_h1_v2_bfloat16_t_bfloat16_t_bfloat16_t_bfloat16_t_float_int32_tc_bfloat16_t_bfloat16_t|steel_attention_bfloat16_bq32_bk16_bd128_wm4_wn1_maskbfloat16_align_Q_t_align_K_t_has_mask_n_do_causal_t_has_sinks_n|Cf4IAsTypeADf4IBroadcastCBEf4IBroadcastBCFf4ILogAddExpDEGV2OAsTypeF_VC_V2_10408321403207385874_contiguous|g2_Multiplybfloat16|steel_gemm_fused_nt_bfloat16_bfloat16_bm64_bn64_bk16_wm2_wn2_has_batch_n_use_out_source_n_do_axpby_n_align_M_t_align_N_t_align_K_t|custom_kernel_laguna_residual_rms_bf16_2048_v1_bfloat16_t_bfloat16_t_bfloat16_t_bfloat16_t_bfloat16_t|steel_gemm_splitk_nt_bfloat16_float32_bm32_bn32_bk16_wm2_wn2_MN_taligned_K_taligned|steel_gemm_splitk_accum_bfloat16_float32|custom_kernel_laguna_prefill_router_tournament_ordinal_norm_v1_bfloat16_t_float_uint32_t_float|custom_kernel_mlx_lm_route_csort_scatter_fused_m8_u32_v4_uint32_t_uint32_t_uint32_t_uint32_t|gather_frontbfloat16_uint32_int_2|arangeuint32|nvfp4_gather_qmm_rhs_nt_bfloat16_t_gs_16_b_4_bm_16_bn_32_bk_32_wm_1_wn_2_align_M_t_align_N_t_align_K_t|nvfp4_qmm_t_splitk_fused_bfloat16_t_gs_16_b_4_alN_true|nvfp4_qmm_t_splitk_fused_bfloat16_t_gs_16_b_4_alN_true|g2_copybfloat16bfloat16|g2_copybfloat16bfloat16|CV2ISigmoidADV2IBroadcastACEV2IBroadcastCAFV2IMultiplyDEGV2IBroadcastFBHV2IBroadcastBFIV2OMultiplyGH_VV_V2V2_11160318154034397263_contiguous|arangeuint32|CV2ISigmoidADV2IBroadcastACEV2IBroadcastCAFV2IMultiplyDEGV2IBroadcastFBHV2IBroadcastBFIV2OMultiplyGH_VV_V2V2_11160318154034397263_contiguous|nvfp4_qmm_t_bfloat16_t_gs_16_b_4_alN_true_batch_0|nvfp4_gather_qmm_rhs_nt_bfloat16_t_gs_16_b_4_bm_16_bn_32_bk_32_wm_1_wn_2_align_M_t_align_N_t_align_K_t
GPUPROF 187995.949707750 187995.949785375 1 23101440 custom_kernel_laguna_prefill_sorted_moe_tail_bf16_v1_bfloat16_t_uint32_t_float_bfloat16_t_bfloat16_t_bfloat16_t
GPUPROF 187995.949786042 187995.963933792 30 636347908 rmsbfloat16|steel_gemm_splitk_nt_bfloat16_float32_bm32_bn32_bk16_wm2_wn2_MN_taligned_K_taligned|steel_gemm_splitk_accum_bfloat16_float32|steel_gemm_splitk_nt_bfloat16_float32_bm32_bn32_bk16_wm2_wn2_MN_taligned_K_taligned|steel_gemm_splitk_accum_bfloat16_float32|steel_gemm_fused_nt_bfloat16_bfloat16_bm64_bn64_bk16_wm2_wn2_has_batch_n_use_out_source_n_do_axpby_n_align_M_t_align_N_t_align_K_t|steel_gemm_splitk_nt_bfloat16_float32_bm32_bn32_bk16_wm2_wn2_MN_taligned_K_taligned|steel_gemm_splitk_accum_bfloat16_float32|custom_kernel_laguna_prefill_sliding_qk_norm_rope_bf16_128_h1_v2_bfloat16_t_bfloat16_t_bfloat16_t_bfloat16_t_float_int32_tc_bfloat16_t_bfloat16_t|steel_attention_bfloat16_bq32_bk16_bd128_wm4_wn1_maskbfloat16_align_Q_t_align_K_t_has_mask_n_do_causal_t_has_sinks_n|Cf4IAsTypeADf4IBroadcastCBEf4IBroadcastBCFf4ILogAddExpDEGV2OAsTypeF_VC_V2_10408321403207385874_contiguous|g2_Multiplybfloat16|steel_gemm_fused_nt_bfloat16_bfloat16_bm64_bn64_bk16_wm2_wn2_has_batch_n_use_out_source_n_do_axpby_n_align_M_t_align_N_t_align_K_t|custom_kernel_laguna_residual_rms_bf16_2048_v1_bfloat16_t_bfloat16_t_bfloat16_t_bfloat16_t_bfloat16_t|steel_gemm_splitk_nt_bfloat16_float32_bm32_bn32_bk16_wm2_wn2_MN_taligned_K_taligned|steel_gemm_splitk_accum_bfloat16_float32|custom_kernel_laguna_prefill_router_tournament_ordinal_norm_v1_bfloat16_t_float_uint32_t_float|custom_kernel_mlx_lm_route_csort_scatter_fused_m8_u32_v4_uint32_t_uint32_t_uint32_t_uint32_t|gather_frontbfloat16_uint32_int_2|arangeuint32|nvfp4_gather_qmm_rhs_nt_bfloat16_t_gs_16_b_4_bm_16_bn_32_bk_32_wm_1_wn_2_align_M_t_align_N_t_align_K_t|nvfp4_qmm_t_splitk_fused_bfloat16_t_gs_16_b_4_alN_true|nvfp4_qmm_t_splitk_fused_bfloat16_t_gs_16_b_4_alN_true|g2_copybfloat16bfloat16|g2_copybfloat16bfloat16|CV2ISigmoidADV2IBroadcastACEV2IBroadcastCAFV2IMultiplyDEGV2IBroadcastFBHV2IBroadcastBFIV2OMultiplyGH_VV_V2V2_11160318154034397263_contiguous|arangeuint32|CV2ISigmoidADV2IBroadcastACEV2IBroadcastCAFV2IMultiplyDEGV2IBroadcastFBHV2IBroadcastBFIV2OMultiplyGH_VV_V2V2_11160318154034397263_contiguous|nvfp4_qmm_t_bfloat16_t_gs_16_b_4_alN_true_batch_0|nvfp4_gather_qmm_rhs_nt_bfloat16_t_gs_16_b_4_bm_16_bn_32_bk_32_wm_1_wn_2_align_M_t_align_N_t_align_K_t
GPUPROF 187995.963934500 187995.964013542 1 23101440 custom_kernel_laguna_prefill_sorted_moe_tail_bf16_v1_bfloat16_t_uint32_t_float_bfloat16_t_bfloat16_t_bfloat16_t
GPUPROF 187995.964014375 187995.978047917 30 636347908 rmsbfloat16|steel_gemm_splitk_nt_bfloat16_float32_bm32_bn32_bk16_wm2_wn2_MN_taligned_K_taligned|steel_gemm_splitk_accum_bfloat16_float32|steel_gemm_splitk_nt_bfloat16_float32_bm32_bn32_bk16_wm2_wn2_MN_taligned_K_taligned|steel_gemm_splitk_accum_bfloat16_float32|steel_gemm_fused_nt_bfloat16_bfloat16_bm64_bn64_bk16_wm2_wn2_has_batch_n_use_out_source_n_do_axpby_n_align_M_t_align_N_t_align_K_t|steel_gemm_splitk_nt_bfloat16_float32_bm32_bn32_bk16_wm2_wn2_MN_taligned_K_taligned|steel_gemm_splitk_accum_bfloat16_float32|custom_kernel_laguna_prefill_sliding_qk_norm_rope_bf16_128_h1_v2_bfloat16_t_bfloat16_t_bfloat16_t_bfloat16_t_float_int32_tc_bfloat16_t_bfloat16_t|steel_attention_bfloat16_bq32_bk16_bd128_wm4_wn1_maskbfloat16_align_Q_t_align_K_t_has_mask_n_do_causal_t_has_sinks_n|Cf4IAsTypeADf4IBroadcastCBEf4IBroadcastBCFf4ILogAddExpDEGV2OAsTypeF_VC_V2_10408321403207385874_contiguous|g2_Multiplybfloat16|steel_gemm_fused_nt_bfloat16_bfloat16_bm64_bn64_bk16_wm2_wn2_has_batch_n_use_out_source_n_do_axpby_n_align_M_t_align_N_t_align_K_t|custom_kernel_laguna_residual_rms_bf16_2048_v1_bfloat16_t_bfloat16_t_bfloat16_t_bfloat16_t_bfloat16_t|steel_gemm_splitk_nt_bfloat16_float32_bm32_bn32_bk16_wm2_wn2_MN_taligned_K_taligned|steel_gemm_splitk_accum_bfloat16_float32|custom_kernel_laguna_prefill_router_tournament_ordinal_norm_v1_bfloat16_t_float_uint32_t_float|custom_kernel_mlx_lm_route_csort_scatter_fused_m8_u32_v4_uint32_t_uint32_t_uint32_t_uint32_t|gather_frontbfloat16_uint32_int_2|arangeuint32|nvfp4_gather_qmm_rhs_nt_bfloat16_t_gs_16_b_4_bm_16_bn_32_bk_32_wm_1_wn_2_align_M_t_align_N_t_align_K_t|nvfp4_qmm_t_splitk_fused_bfloat16_t_gs_16_b_4_alN_true|nvfp4_qmm_t_splitk_fused_bfloat16_t_gs_16_b_4_alN_true|g2_copybfloat16bfloat16|g2_copybfloat16bfloat16|CV2ISigmoidADV2IBroadcastACEV2IBroadcastCAFV2IMultiplyDEGV2IBroadcastFBHV2IBroadcastBFIV2OMultiplyGH_VV_V2V2_11160318154034397263_contiguous|arangeuint32|CV2ISigmoidADV2IBroadcastACEV2IBroadcastCAFV2IMultiplyDEGV2IBroadcastFBHV2IBroadcastBFIV2OMultiplyGH_VV_V2V2_11160318154034397263_contiguous|nvfp4_qmm_t_bfloat16_t_gs_16_b_4_alN_true_batch_0|nvfp4_gather_qmm_rhs_nt_bfloat16_t_gs_16_b_4_bm_16_bn_32_bk_32_wm_1_wn_2_align_M_t_align_N_t_align_K_t
GPUPROF 187995.978048667 187995.978127375 1 23101440 custom_kernel_laguna_prefill_sorted_moe_tail_bf16_v1_bfloat16_t_uint32_t_float_bfloat16_t_bfloat16_t_bfloat16_t
GPUPROF 187995.978128125 187995.992212250 30 636347908 rmsbfloat16|steel_gemm_splitk_nt_bfloat16_float32_bm32_bn32_bk16_wm2_wn2_MN_taligned_K_taligned|steel_gemm_splitk_accum_bfloat16_float32|steel_gemm_splitk_nt_bfloat16_float32_bm32_bn32_bk16_wm2_wn2_MN_taligned_K_taligned|steel_gemm_splitk_accum_bfloat16_float32|steel_gemm_fused_nt_bfloat16_bfloat16_bm64_bn64_bk16_wm2_wn2_has_batch_n_use_out_source_n_do_axpby_n_align_M_t_align_N_t_align_K_t|steel_gemm_splitk_nt_bfloat16_float32_bm32_bn32_bk16_wm2_wn2_MN_taligned_K_taligned|steel_gemm_splitk_accum_bfloat16_float32|custom_kernel_laguna_prefill_sliding_qk_norm_rope_bf16_128_h1_v2_bfloat16_t_bfloat16_t_bfloat16_t_bfloat16_t_float_int32_tc_bfloat16_t_bfloat16_t|steel_attention_bfloat16_bq32_bk16_bd128_wm4_wn1_maskbfloat16_align_Q_t_align_K_t_has_mask_n_do_causal_t_has_sinks_n|Cf4IAsTypeADf4IBroadcastCBEf4IBroadcastBCFf4ILogAddExpDEGV2OAsTypeF_VC_V2_10408321403207385874_contiguous|g2_Multiplybfloat16|steel_gemm_fused_nt_bfloat16_bfloat16_bm64_bn64_bk16_wm2_wn2_has_batch_n_use_out_source_n_do_axpby_n_align_M_t_align_N_t_align_K_t|custom_kernel_laguna_residual_rms_bf16_2048_v1_bfloat16_t_bfloat16_t_bfloat16_t_bfloat16_t_bfloat16_t|steel_gemm_splitk_nt_bfloat16_float32_bm32_bn32_bk16_wm2_wn2_MN_taligned_K_taligned|steel_gemm_splitk_accum_bfloat16_float32|custom_kernel_laguna_prefill_router_tournament_ordinal_norm_v1_bfloat16_t_float_uint32_t_float|custom_kernel_mlx_lm_route_csort_scatter_fused_m8_u32_v4_uint32_t_uint32_t_uint32_t_uint32_t|gather_frontbfloat16_uint32_int_2|arangeuint32|nvfp4_gather_qmm_rhs_nt_bfloat16_t_gs_16_b_4_bm_16_bn_32_bk_32_wm_1_wn_2_align_M_t_align_N_t_align_K_t|nvfp4_qmm_t_splitk_fused_bfloat16_t_gs_16_b_4_alN_true|nvfp4_qmm_t_splitk_fused_bfloat16_t_gs_16_b_4_alN_true|g2_copybfloat16bfloat16|g2_copybfloat16bfloat16|CV2ISigmoidADV2IBroadcastACEV2IBroadcastCAFV2IMultiplyDEGV2IBroadcastFBHV2IBroadcastBFIV2OMultiplyGH_VV_V2V2_11160318154034397263_contiguous|arangeuint32|CV2ISigmoidADV2IBroadcastACEV2IBroadcastCAFV2IMultiplyDEGV2IBroadcastFBHV2IBroadcastBFIV2OMultiplyGH_VV_V2V2_11160318154034397263_contiguous|nvfp4_qmm_t_bfloat16_t_gs_16_b_4_alN_true_batch_0|nvfp4_gather_qmm_rhs_nt_bfloat16_t_gs_16_b_4_bm_16_bn_32_bk_32_wm_1_wn_2_align_M_t_align_N_t_align_K_t
GPUPROF 187995.992213042 187995.992293125 1 23101440 custom_kernel_laguna_prefill_sorted_moe_tail_bf16_v1_bfloat16_t_uint32_t_float_bfloat16_t_bfloat16_t_bfloat16_t
GPUPROF 187995.992293875 187996.005010375 30 612017668 rmsbfloat16|steel_gemm_splitk_nt_bfloat16_float32_bm32_bn32_bk16_wm2_wn2_MN_taligned_K_taligned|steel_gemm_splitk_accum_bfloat16_float32|steel_gemm_splitk_nt_bfloat16_float32_bm32_bn32_bk16_wm2_wn2_MN_taligned_K_taligned|steel_gemm_splitk_accum_bfloat16_float32|steel_gemm_fused_nt_bfloat16_bfloat16_bm64_bn64_bk16_wm2_wn2_has_batch_n_use_out_source_n_do_axpby_n_align_M_t_align_N_t_align_K_t|steel_gemm_splitk_nt_bfloat16_float32_bm32_bn32_bk16_wm2_wn2_MN_naligned_K_taligned|steel_gemm_splitk_accum_bfloat16_float32|custom_kernel_laguna_prefill_full_qk_norm_yarn_bf16_128_h1_v2_bfloat16_t_bfloat16_t_bfloat16_t_bfloat16_t_float_int32_tc_bfloat16_t_bfloat16_t|steel_attention_bfloat16_bq32_bk16_bd128_wm4_wn1_maskbfloat16_align_Q_t_align_K_t_has_mask_n_do_causal_t_has_sinks_n|Cf4IAsTypeADf4IBroadcastCBEf4IBroadcastBCFf4ILogAddExpDEGV2OAsTypeF_VC_V2_10408321403207385874_contiguous|g2_Multiplybfloat16|steel_gemm_fused_nt_bfloat16_bfloat16_bm64_bn64_bk16_wm2_wn2_has_batch_n_use_out_source_n_do_axpby_n_align_M_t_align_N_t_align_K_t|custom_kernel_laguna_residual_rms_bf16_2048_v1_bfloat16_t_bfloat16_t_bfloat16_t_bfloat16_t_bfloat16_t|steel_gemm_splitk_nt_bfloat16_float32_bm32_bn32_bk16_wm2_wn2_MN_taligned_K_taligned|steel_gemm_splitk_accum_bfloat16_float32|custom_kernel_laguna_prefill_router_tournament_ordinal_norm_v1_bfloat16_t_float_uint32_t_float|custom_kernel_mlx_lm_route_csort_scatter_fused_m8_u32_v4_uint32_t_uint32_t_uint32_t_uint32_t|gather_frontbfloat16_uint32_int_2|arangeuint32|nvfp4_gather_qmm_rhs_nt_bfloat16_t_gs_16_b_4_bm_16_bn_32_bk_32_wm_1_wn_2_align_M_t_align_N_t_align_K_t|nvfp4_qmm_t_splitk_fused_bfloat16_t_gs_16_b_4_alN_true|nvfp4_qmm_t_splitk_fused_bfloat16_t_gs_16_b_4_alN_true|g2_copybfloat16bfloat16|g2_copybfloat16bfloat16|CV2ISigmoidADV2IBroadcastACEV2IBroadcastCAFV2IMultiplyDEGV2IBroadcastFBHV2IBroadcastBFIV2OMultiplyGH_VV_V2V2_11160318154034397263_contiguous|arangeuint32|CV2ISigmoidADV2IBroadcastACEV2IBroadcastCAFV2IMultiplyDEGV2IBroadcastFBHV2IBroadcastBFIV2OMultiplyGH_VV_V2V2_11160318154034397263_contiguous|nvfp4_qmm_t_bfloat16_t_gs_16_b_4_alN_true_batch_0|nvfp4_gather_qmm_rhs_nt_bfloat16_t_gs_16_b_4_bm_16_bn_32_bk_32_wm_1_wn_2_align_M_t_align_N_t_align_K_t
GPUPROF 187996.005014042 187996.005092167 1 23101440 custom_kernel_laguna_prefill_sorted_moe_tail_bf16_v1_bfloat16_t_uint32_t_float_bfloat16_t_bfloat16_t_bfloat16_t
GPUPROF 187996.005093000 187996.019087542 30 636347908 rmsbfloat16|steel_gemm_splitk_nt_bfloat16_float32_bm32_bn32_bk16_wm2_wn2_MN_taligned_K_taligned|steel_gemm_splitk_accum_bfloat16_float32|steel_gemm_splitk_nt_bfloat16_float32_bm32_bn32_bk16_wm2_wn2_MN_taligned_K_taligned|steel_gemm_splitk_accum_bfloat16_float32|steel_gemm_fused_nt_bfloat16_bfloat16_bm64_bn64_bk16_wm2_wn2_has_batch_n_use_out_source_n_do_axpby_n_align_M_t_align_N_t_align_K_t|steel_gemm_splitk_nt_bfloat16_float32_bm32_bn32_bk16_wm2_wn2_MN_taligned_K_taligned|steel_gemm_splitk_accum_bfloat16_float32|custom_kernel_laguna_prefill_sliding_qk_norm_rope_bf16_128_h1_v2_bfloat16_t_bfloat16_t_bfloat16_t_bfloat16_t_float_int32_tc_bfloat16_t_bfloat16_t|steel_attention_bfloat16_bq32_bk16_bd128_wm4_wn1_maskbfloat16_align_Q_t_align_K_t_has_mask_n_do_causal_t_has_sinks_n|Cf4IAsTypeADf4IBroadcastCBEf4IBroadcastBCFf4ILogAddExpDEGV2OAsTypeF_VC_V2_10408321403207385874_contiguous|g2_Multiplybfloat16|steel_gemm_fused_nt_bfloat16_bfloat16_bm64_bn64_bk16_wm2_wn2_has_batch_n_use_out_source_n_do_axpby_n_align_M_t_align_N_t_align_K_t|custom_kernel_laguna_residual_rms_bf16_2048_v1_bfloat16_t_bfloat16_t_bfloat16_t_bfloat16_t_bfloat16_t|steel_gemm_splitk_nt_bfloat16_float32_bm32_bn32_bk16_wm2_wn2_MN_taligned_K_taligned|steel_gemm_splitk_accum_bfloat16_float32|custom_kernel_laguna_prefill_router_tournament_ordinal_norm_v1_bfloat16_t_float_uint32_t_float|custom_kernel_mlx_lm_route_csort_scatter_fused_m8_u32_v4_uint32_t_uint32_t_uint32_t_uint32_t|gather_frontbfloat16_uint32_int_2|arangeuint32|nvfp4_gather_qmm_rhs_nt_bfloat16_t_gs_16_b_4_bm_16_bn_32_bk_32_wm_1_wn_2_align_M_t_align_N_t_align_K_t|nvfp4_qmm_t_splitk_fused_bfloat16_t_gs_16_b_4_alN_true|nvfp4_qmm_t_splitk_fused_bfloat16_t_gs_16_b_4_alN_true|g2_copybfloat16bfloat16|g2_copybfloat16bfloat16|CV2ISigmoidADV2IBroadcastACEV2IBroadcastCAFV2IMultiplyDEGV2IBroadcastFBHV2IBroadcastBFIV2OMultiplyGH_VV_V2V2_11160318154034397263_contiguous|arangeuint32|CV2ISigmoidADV2IBroadcastACEV2IBroadcastCAFV2IMultiplyDEGV2IBroadcastFBHV2IBroadcastBFIV2OMultiplyGH_VV_V2V2_11160318154034397263_contiguous|nvfp4_qmm_t_bfloat16_t_gs_16_b_4_alN_true_batch_0|nvfp4_gather_qmm_rhs_nt_bfloat16_t_gs_16_b_4_bm_16_bn_32_bk_32_wm_1_wn_2_align_M_t_align_N_t_align_K_t
GPUPROF 187996.019088292 187996.019168750 1 23101440 custom_kernel_laguna_prefill_sorted_moe_tail_bf16_v1_bfloat16_t_uint32_t_float_bfloat16_t_bfloat16_t_bfloat16_t
GPUPROF 187996.019169500 187996.033270042 30 636347908 rmsbfloat16|steel_gemm_splitk_nt_bfloat16_float32_bm32_bn32_bk16_wm2_wn2_MN_taligned_K_taligned|steel_gemm_splitk_accum_bfloat16_float32|steel_gemm_splitk_nt_bfloat16_float32_bm32_bn32_bk16_wm2_wn2_MN_taligned_K_taligned|steel_gemm_splitk_accum_bfloat16_float32|steel_gemm_fused_nt_bfloat16_bfloat16_bm64_bn64_bk16_wm2_wn2_has_batch_n_use_out_source_n_do_axpby_n_align_M_t_align_N_t_align_K_t|steel_gemm_splitk_nt_bfloat16_float32_bm32_bn32_bk16_wm2_wn2_MN_taligned_K_taligned|steel_gemm_splitk_accum_bfloat16_float32|custom_kernel_laguna_prefill_sliding_qk_norm_rope_bf16_128_h1_v2_bfloat16_t_bfloat16_t_bfloat16_t_bfloat16_t_float_int32_tc_bfloat16_t_bfloat16_t|steel_attention_bfloat16_bq32_bk16_bd128_wm4_wn1_maskbfloat16_align_Q_t_align_K_t_has_mask_n_do_causal_t_has_sinks_n|Cf4IAsTypeADf4IBroadcastCBEf4IBroadcastBCFf4ILogAddExpDEGV2OAsTypeF_VC_V2_10408321403207385874_contiguous|g2_Multiplybfloat16|steel_gemm_fused_nt_bfloat16_bfloat16_bm64_bn64_bk16_wm2_wn2_has_batch_n_use_out_source_n_do_axpby_n_align_M_t_align_N_t_align_K_t|custom_kernel_laguna_residual_rms_bf16_2048_v1_bfloat16_t_bfloat16_t_bfloat16_t_bfloat16_t_bfloat16_t|steel_gemm_splitk_nt_bfloat16_float32_bm32_bn32_bk16_wm2_wn2_MN_taligned_K_taligned|steel_gemm_splitk_accum_bfloat16_float32|custom_kernel_laguna_prefill_router_tournament_ordinal_norm_v1_bfloat16_t_float_uint32_t_float|custom_kernel_mlx_lm_route_csort_scatter_fused_m8_u32_v4_uint32_t_uint32_t_uint32_t_uint32_t|gather_frontbfloat16_uint32_int_2|arangeuint32|nvfp4_gather_qmm_rhs_nt_bfloat16_t_gs_16_b_4_bm_16_bn_32_bk_32_wm_1_wn_2_align_M_t_align_N_t_align_K_t|nvfp4_qmm_t_splitk_fused_bfloat16_t_gs_16_b_4_alN_true|nvfp4_qmm_t_splitk_fused_bfloat16_t_gs_16_b_4_alN_true|g2_copybfloat16bfloat16|g2_copybfloat16bfloat16|CV2ISigmoidADV2IBroadcastACEV2IBroadcastCAFV2IMultiplyDEGV2IBroadcastFBHV2IBroadcastBFIV2OMultiplyGH_VV_V2V2_11160318154034397263_contiguous|arangeuint32|CV2ISigmoidADV2IBroadcastACEV2IBroadcastCAFV2IMultiplyDEGV2IBroadcastFBHV2IBroadcastBFIV2OMultiplyGH_VV_V2V2_11160318154034397263_contiguous|nvfp4_qmm_t_bfloat16_t_gs_16_b_4_alN_true_batch_0|nvfp4_gather_qmm_rhs_nt_bfloat16_t_gs_16_b_4_bm_16_bn_32_bk_32_wm_1_wn_2_align_M_t_align_N_t_align_K_t
GPUPROF 187996.033270792 187996.033348750 1 23101440 custom_kernel_laguna_prefill_sorted_moe_tail_bf16_v1_bfloat16_t_uint32_t_float_bfloat16_t_bfloat16_t_bfloat16_t
GPUPROF 187996.033349500 187996.047570542 30 636347908 rmsbfloat16|steel_gemm_splitk_nt_bfloat16_float32_bm32_bn32_bk16_wm2_wn2_MN_taligned_K_taligned|steel_gemm_splitk_accum_bfloat16_float32|steel_gemm_splitk_nt_bfloat16_float32_bm32_bn32_bk16_wm2_wn2_MN_taligned_K_taligned|steel_gemm_splitk_accum_bfloat16_float32|steel_gemm_fused_nt_bfloat16_bfloat16_bm64_bn64_bk16_wm2_wn2_has_batch_n_use_out_source_n_do_axpby_n_align_M_t_align_N_t_align_K_t|steel_gemm_splitk_nt_bfloat16_float32_bm32_bn32_bk16_wm2_wn2_MN_taligned_K_taligned|steel_gemm_splitk_accum_bfloat16_float32|custom_kernel_laguna_prefill_sliding_qk_norm_rope_bf16_128_h1_v2_bfloat16_t_bfloat16_t_bfloat16_t_bfloat16_t_float_int32_tc_bfloat16_t_bfloat16_t|steel_attention_bfloat16_bq32_bk16_bd128_wm4_wn1_maskbfloat16_align_Q_t_align_K_t_has_mask_n_do_causal_t_has_sinks_n|Cf4IAsTypeADf4IBroadcastCBEf4IBroadcastBCFf4ILogAddExpDEGV2OAsTypeF_VC_V2_10408321403207385874_contiguous|g2_Multiplybfloat16|steel_gemm_fused_nt_bfloat16_bfloat16_bm64_bn64_bk16_wm2_wn2_has_batch_n_use_out_source_n_do_axpby_n_align_M_t_align_N_t_align_K_t|custom_kernel_laguna_residual_rms_bf16_2048_v1_bfloat16_t_bfloat16_t_bfloat16_t_bfloat16_t_bfloat16_t|steel_gemm_splitk_nt_bfloat16_float32_bm32_bn32_bk16_wm2_wn2_MN_taligned_K_taligned|steel_gemm_splitk_accum_bfloat16_float32|custom_kernel_laguna_prefill_router_tournament_ordinal_norm_v1_bfloat16_t_float_uint32_t_float|custom_kernel_mlx_lm_route_csort_scatter_fused_m8_u32_v4_uint32_t_uint32_t_uint32_t_uint32_t|gather_frontbfloat16_uint32_int_2|arangeuint32|nvfp4_gather_qmm_rhs_nt_bfloat16_t_gs_16_b_4_bm_16_bn_32_bk_32_wm_1_wn_2_align_M_t_align_N_t_align_K_t|nvfp4_qmm_t_splitk_fused_bfloat16_t_gs_16_b_4_alN_true|nvfp4_qmm_t_splitk_fused_bfloat16_t_gs_16_b_4_alN_true|g2_copybfloat16bfloat16|g2_copybfloat16bfloat16|CV2ISigmoidADV2IBroadcastACEV2IBroadcastCAFV2IMultiplyDEGV2IBroadcastFBHV2IBroadcastBFIV2OMultiplyGH_VV_V2V2_11160318154034397263_contiguous|arangeuint32|CV2ISigmoidADV2IBroadcastACEV2IBroadcastCAFV2IMultiplyDEGV2IBroadcastFBHV2IBroadcastBFIV2OMultiplyGH_VV_V2V2_11160318154034397263_contiguous|nvfp4_qmm_t_bfloat16_t_gs_16_b_4_alN_true_batch_0|nvfp4_gather_qmm_rhs_nt_bfloat16_t_gs_16_b_4_bm_16_bn_32_bk_32_wm_1_wn_2_align_M_t_align_N_t_align_K_t
GPUPROF 187996.047574292 187996.047653375 1 23101440 custom_kernel_laguna_prefill_sorted_moe_tail_bf16_v1_bfloat16_t_uint32_t_float_bfloat16_t_bfloat16_t_bfloat16_t
GPUPROF 187996.047654250 187996.060268875 30 612017668 rmsbfloat16|steel_gemm_splitk_nt_bfloat16_float32_bm32_bn32_bk16_wm2_wn2_MN_taligned_K_taligned|steel_gemm_splitk_accum_bfloat16_float32|steel_gemm_splitk_nt_bfloat16_float32_bm32_bn32_bk16_wm2_wn2_MN_taligned_K_taligned|steel_gemm_splitk_accum_bfloat16_float32|steel_gemm_fused_nt_bfloat16_bfloat16_bm64_bn64_bk16_wm2_wn2_has_batch_n_use_out_source_n_do_axpby_n_align_M_t_align_N_t_align_K_t|steel_gemm_splitk_nt_bfloat16_float32_bm32_bn32_bk16_wm2_wn2_MN_naligned_K_taligned|steel_gemm_splitk_accum_bfloat16_float32|custom_kernel_laguna_prefill_full_qk_norm_yarn_bf16_128_h1_v2_bfloat16_t_bfloat16_t_bfloat16_t_bfloat16_t_float_int32_tc_bfloat16_t_bfloat16_t|steel_attention_bfloat16_bq32_bk16_bd128_wm4_wn1_maskbfloat16_align_Q_t_align_K_t_has_mask_n_do_causal_t_has_sinks_n|Cf4IAsTypeADf4IBroadcastCBEf4IBroadcastBCFf4ILogAddExpDEGV2OAsTypeF_VC_V2_10408321403207385874_contiguous|g2_Multiplybfloat16|steel_gemm_fused_nt_bfloat16_bfloat16_bm64_bn64_bk16_wm2_wn2_has_batch_n_use_out_source_n_do_axpby_n_align_M_t_align_N_t_align_K_t|custom_kernel_laguna_residual_rms_bf16_2048_v1_bfloat16_t_bfloat16_t_bfloat16_t_bfloat16_t_bfloat16_t|steel_gemm_splitk_nt_bfloat16_float32_bm32_bn32_bk16_wm2_wn2_MN_taligned_K_taligned|steel_gemm_splitk_accum_bfloat16_float32|custom_kernel_laguna_prefill_router_tournament_ordinal_norm_v1_bfloat16_t_float_uint32_t_float|custom_kernel_mlx_lm_route_csort_scatter_fused_m8_u32_v4_uint32_t_uint32_t_uint32_t_uint32_t|gather_frontbfloat16_uint32_int_2|arangeuint32|nvfp4_gather_qmm_rhs_nt_bfloat16_t_gs_16_b_4_bm_16_bn_32_bk_32_wm_1_wn_2_align_M_t_align_N_t_align_K_t|nvfp4_qmm_t_splitk_fused_bfloat16_t_gs_16_b_4_alN_true|nvfp4_qmm_t_splitk_fused_bfloat16_t_gs_16_b_4_alN_true|g2_copybfloat16bfloat16|g2_copybfloat16bfloat16|CV2ISigmoidADV2IBroadcastACEV2IBroadcastCAFV2IMultiplyDEGV2IBroadcastFBHV2IBroadcastBFIV2OMultiplyGH_VV_V2V2_11160318154034397263_contiguous|arangeuint32|CV2ISigmoidADV2IBroadcastACEV2IBroadcastCAFV2IMultiplyDEGV2IBroadcastFBHV2IBroadcastBFIV2OMultiplyGH_VV_V2V2_11160318154034397263_contiguous|nvfp4_qmm_t_bfloat16_t_gs_16_b_4_alN_true_batch_0|nvfp4_gather_qmm_rhs_nt_bfloat16_t_gs_16_b_4_bm_16_bn_32_bk_32_wm_1_wn_2_align_M_t_align_N_t_align_K_t
GPUPROF 187996.060272750 187996.060350917 1 23101440 custom_kernel_laguna_prefill_sorted_moe_tail_bf16_v1_bfloat16_t_uint32_t_float_bfloat16_t_bfloat16_t_bfloat16_t
GPUPROF 187996.060351667 187996.074449000 30 636347908 rmsbfloat16|steel_gemm_splitk_nt_bfloat16_float32_bm32_bn32_bk16_wm2_wn2_MN_taligned_K_taligned|steel_gemm_splitk_accum_bfloat16_float32|steel_gemm_splitk_nt_bfloat16_float32_bm32_bn32_bk16_wm2_wn2_MN_taligned_K_taligned|steel_gemm_splitk_accum_bfloat16_float32|steel_gemm_fused_nt_bfloat16_bfloat16_bm64_bn64_bk16_wm2_wn2_has_batch_n_use_out_source_n_do_axpby_n_align_M_t_align_N_t_align_K_t|steel_gemm_splitk_nt_bfloat16_float32_bm32_bn32_bk16_wm2_wn2_MN_taligned_K_taligned|steel_gemm_splitk_accum_bfloat16_float32|custom_kernel_laguna_prefill_sliding_qk_norm_rope_bf16_128_h1_v2_bfloat16_t_bfloat16_t_bfloat16_t_bfloat16_t_float_int32_tc_bfloat16_t_bfloat16_t|steel_attention_bfloat16_bq32_bk16_bd128_wm4_wn1_maskbfloat16_align_Q_t_align_K_t_has_mask_n_do_causal_t_has_sinks_n|Cf4IAsTypeADf4IBroadcastCBEf4IBroadcastBCFf4ILogAddExpDEGV2OAsTypeF_VC_V2_10408321403207385874_contiguous|g2_Multiplybfloat16|steel_gemm_fused_nt_bfloat16_bfloat16_bm64_bn64_bk16_wm2_wn2_has_batch_n_use_out_source_n_do_axpby_n_align_M_t_align_N_t_align_K_t|custom_kernel_laguna_residual_rms_bf16_2048_v1_bfloat16_t_bfloat16_t_bfloat16_t_bfloat16_t_bfloat16_t|steel_gemm_splitk_nt_bfloat16_float32_bm32_bn32_bk16_wm2_wn2_MN_taligned_K_taligned|steel_gemm_splitk_accum_bfloat16_float32|custom_kernel_laguna_prefill_router_tournament_ordinal_norm_v1_bfloat16_t_float_uint32_t_float|custom_kernel_mlx_lm_route_csort_scatter_fused_m8_u32_v4_uint32_t_uint32_t_uint32_t_uint32_t|gather_frontbfloat16_uint32_int_2|arangeuint32|nvfp4_gather_qmm_rhs_nt_bfloat16_t_gs_16_b_4_bm_16_bn_32_bk_32_wm_1_wn_2_align_M_t_align_N_t_align_K_t|nvfp4_qmm_t_splitk_fused_bfloat16_t_gs_16_b_4_alN_true|nvfp4_qmm_t_splitk_fused_bfloat16_t_gs_16_b_4_alN_true|g2_copybfloat16bfloat16|g2_copybfloat16bfloat16|CV2ISigmoidADV2IBroadcastACEV2IBroadcastCAFV2IMultiplyDEGV2IBroadcastFBHV2IBroadcastBFIV2OMultiplyGH_VV_V2V2_11160318154034397263_contiguous|arangeuint32|CV2ISigmoidADV2IBroadcastACEV2IBroadcastCAFV2IMultiplyDEGV2IBroadcastFBHV2IBroadcastBFIV2OMultiplyGH_VV_V2V2_11160318154034397263_contiguous|nvfp4_qmm_t_bfloat16_t_gs_16_b_4_alN_true_batch_0|nvfp4_gather_qmm_rhs_nt_bfloat16_t_gs_16_b_4_bm_16_bn_32_bk_32_wm_1_wn_2_align_M_t_align_N_t_align_K_t
GPUPROF 187996.074449750 187996.074530917 1 23101440 custom_kernel_laguna_prefill_sorted_moe_tail_bf16_v1_bfloat16_t_uint32_t_float_bfloat16_t_bfloat16_t_bfloat16_t
GPUPROF 187996.074531667 187996.088304292 30 636347908 rmsbfloat16|steel_gemm_splitk_nt_bfloat16_float32_bm32_bn32_bk16_wm2_wn2_MN_taligned_K_taligned|steel_gemm_splitk_accum_bfloat16_float32|steel_gemm_splitk_nt_bfloat16_float32_bm32_bn32_bk16_wm2_wn2_MN_taligned_K_taligned|steel_gemm_splitk_accum_bfloat16_float32|steel_gemm_fused_nt_bfloat16_bfloat16_bm64_bn64_bk16_wm2_wn2_has_batch_n_use_out_source_n_do_axpby_n_align_M_t_align_N_t_align_K_t|steel_gemm_splitk_nt_bfloat16_float32_bm32_bn32_bk16_wm2_wn2_MN_taligned_K_taligned|steel_gemm_splitk_accum_bfloat16_float32|custom_kernel_laguna_prefill_sliding_qk_norm_rope_bf16_128_h1_v2_bfloat16_t_bfloat16_t_bfloat16_t_bfloat16_t_float_int32_tc_bfloat16_t_bfloat16_t|steel_attention_bfloat16_bq32_bk16_bd128_wm4_wn1_maskbfloat16_align_Q_t_align_K_t_has_mask_n_do_causal_t_has_sinks_n|Cf4IAsTypeADf4IBroadcastCBEf4IBroadcastBCFf4ILogAddExpDEGV2OAsTypeF_VC_V2_10408321403207385874_contiguous|g2_Multiplybfloat16|steel_gemm_fused_nt_bfloat16_bfloat16_bm64_bn64_bk16_wm2_wn2_has_batch_n_use_out_source_n_do_axpby_n_align_M_t_align_N_t_align_K_t|custom_kernel_laguna_residual_rms_bf16_2048_v1_bfloat16_t_bfloat16_t_bfloat16_t_bfloat16_t_bfloat16_t|steel_gemm_splitk_nt_bfloat16_float32_bm32_bn32_bk16_wm2_wn2_MN_taligned_K_taligned|steel_gemm_splitk_accum_bfloat16_float32|custom_kernel_laguna_prefill_router_tournament_ordinal_norm_v1_bfloat16_t_float_uint32_t_float|custom_kernel_mlx_lm_route_csort_scatter_fused_m8_u32_v4_uint32_t_uint32_t_uint32_t_uint32_t|gather_frontbfloat16_uint32_int_2|arangeuint32|nvfp4_gather_qmm_rhs_nt_bfloat16_t_gs_16_b_4_bm_16_bn_32_bk_32_wm_1_wn_2_align_M_t_align_N_t_align_K_t|nvfp4_qmm_t_splitk_fused_bfloat16_t_gs_16_b_4_alN_true|nvfp4_qmm_t_splitk_fused_bfloat16_t_gs_16_b_4_alN_true|g2_copybfloat16bfloat16|g2_copybfloat16bfloat16|CV2ISigmoidADV2IBroadcastACEV2IBroadcastCAFV2IMultiplyDEGV2IBroadcastFBHV2IBroadcastBFIV2OMultiplyGH_VV_V2V2_11160318154034397263_contiguous|arangeuint32|CV2ISigmoidADV2IBroadcastACEV2IBroadcastCAFV2IMultiplyDEGV2IBroadcastFBHV2IBroadcastBFIV2OMultiplyGH_VV_V2V2_11160318154034397263_contiguous|nvfp4_qmm_t_bfloat16_t_gs_16_b_4_alN_true_batch_0|nvfp4_gather_qmm_rhs_nt_bfloat16_t_gs_16_b_4_bm_16_bn_32_bk_32_wm_1_wn_2_align_M_t_align_N_t_align_K_t
GPUPROF 187996.088308000 187996.088386000 1 23101440 custom_kernel_laguna_prefill_sorted_moe_tail_bf16_v1_bfloat16_t_uint32_t_float_bfloat16_t_bfloat16_t_bfloat16_t
GPUPROF 187996.088386750 187996.089914167 19 650351176 rmsbfloat16|steel_gemm_fused_nt_bfloat16_bfloat16_bm64_bn64_bk16_wm2_wn2_has_batch_n_use_out_source_n_do_axpby_n_align_M_t_align_N_t_align_K_t|gemv_al_bfloat16_bm8_bn1_sm1_sn32_tm4_tn4_nc0_axpby0|g2_copybfloat16bfloat16|rmsbfloat16|rmsbfloat16|rope_bfloat16_|rope_single_bfloat16_|Cf4IAsTypeADf4IBroadcastCBEf4IBroadcastBCFf4ILogAddExpDEGV2OAsTypeF_VC_V2_10408321403207385874_contiguous|sdpa_vector_bfloat16_t_128_128_nomask_qnt_nc_nosinks|g2_Multiplybfloat16|gemv_al_bfloat16_bm4_bn1_sm1_sn32_tm4_tn4_nc0_axpby0|custom_kernel_laguna_residual_rms_router_bf16_2048_rpg8_keys_v1_bfloat16_t_bfloat16_t_bfloat16_t_bfloat16_t_float_bfloat16_t_bfloat16_t_bfloat16_t_uint32_t|custom_kernel_laguna_shared_nvfp4_swiglu_qmv_rows1_bf16_v1_bfloat16_t_uint32_t_uint8_t_bfloat16_t|custom_kernel_laguna_decode_router_top8_ordinal_table_norm_v1_bfloat16_t_float_uint32_t_float|custom_kernel_laguna_routed_nvfp4_swiglu_qmv_packed_top8keys_r1_bf16_v2_bfloat16_t_uint32_t_uint8_t_uint32_t_bfloat16_t|custom_kernel_laguna_routed_shared_nvfp4_down_residual_bf16_r1_v5_bfloat16_t_uint32_t_uint8_t_uint32_t_float_bfloat16_t_uint32_t_uint8_t_bfloat16_t_bfloat16_t|rmsbfloat16|custom_kernel_laguna_lmhead_int5_inline_coarse_ratio_bound_delta_bf16_v6_bfloat16_t_uint8_t_uint8_t_uint8_t_float_bfloat16_t
GPUPROF 187996.089918000 187996.090002042 3 411849732 custom_kernel_laguna_lmhead_coarse_argmax_stage1_v5_float_float_uint32_t|custom_kernel_laguna_lmhead_exact_winner_bf16_midpoint_threshold_v1_float_uint32_t_bfloat16_t_bfloat16_t_float|custom_kernel_laguna_lmhead_exact_inline_mask_block_delta_bf16_lane0_mask_v1_float_bfloat16_t_floatc_bfloat16_t_bfloat16_t_bfloat16_t
GPUPROF 187996.090147375 187996.090159375 2 401416 gather_frontbfloat16_int32_int_2|argmax_bfloat16
