layer_index,expert_id,rows,chunks_bm64
0,0,3,1
0,1,11,1
0,2,40,1
0,3,6,1
0,4,17,1
0,5,17,1
0,6,5,1
0,7,25,1
0,8,24,1
0,9,9,1
0,10,34,1
0,11,61,1
0,12,23,1
0,13,12,1
0,14,48,1
0,15,21,1
0,16,33,1
0,17,27,1
0,18,12,1
0,19,41,1
0,20,7,1
0,21,14,1
0,22,2,1
0,23,3,1
0,24,82,2
0,25,27,1
0,26,13,1
0,27,9,1
0,28,14,1
0,29,18,1
0,30,14,1
0,31,3,1
0,32,33,1
0,33,1,1
0,34,1,1
0,35,27,1
0,36,7,1
0,37,40,1
0,38,7,1
0,39,26,1
0,40,23,1
0,41,19,1
0,42,11,1
0,43,26,1
0,44,10,1
0,45,4,1
0,46,13,1
0,47,4,1
0,48,24,1
0,49,8,1
0,50,26,1
0,51,0,0
0,52,18,1
0,53,15,1
0,54,23,1
0,55,9,1
0,56,6,1
0,57,15,1
0,58,20,1
0,59,6,1
0,60,11,1
0,61,17,1
0,62,8,1
0,63,13,1
0,64,25,1
0,65,13,1
0,66,9,1
0,67,4,1
0,68,14,1
0,69,44,1
0,70,11,1
0,71,19,1
0,72,9,1
0,73,14,1
0,74,13,1
0,75,14,1
0,76,4,1
0,77,8,1
0,78,0,0
0,79,11,1
0,80,9,1
0,81,41,1
0,82,9,1
0,83,12,1
0,84,4,1
0,85,9,1
0,86,5,1
0,87,13,1
0,88,39,1
0,89,7,1
0,90,31,1
0,91,8,1
0,92,36,1
0,93,7,1
0,94,16,1
0,95,4,1
0,96,16,1
0,97,20,1
0,98,6,1
0,99,17,1
0,100,18,1
0,101,8,1
0,102,7,1
0,103,10,1
0,104,7,1
0,105,1,1
0,106,25,1
0,107,3,1
0,108,33,1
0,109,0,0
0,110,1,1
0,111,16,1
0,112,27,1
0,113,14,1
0,114,0,0
0,115,6,1
0,116,16,1
0,117,7,1
0,118,5,1
0,119,9,1
0,120,2,1
0,121,15,1
0,122,7,1
0,123,5,1
0,124,16,1
0,125,5,1
0,126,19,1
0,127,17,1
0,128,5,1
0,129,12,1
0,130,18,1
0,131,28,1
0,132,8,1
0,133,3,1
0,134,3,1
0,135,7,1
0,136,6,1
0,137,25,1
0,138,11,1
0,139,10,1
0,140,23,1
0,141,37,1
0,142,11,1
0,143,17,1
0,144,7,1
0,145,25,1
0,146,0,0
0,147,6,1
0,148,4,1
0,149,41,1
0,150,11,1
0,151,1,1
0,152,9,1
0,153,6,1
0,154,14,1
0,155,6,1
0,156,11,1
0,157,0,0
0,158,13,1
0,159,9,1
0,160,20,1
0,161,41,1
0,162,4,1
0,163,5,1
0,164,8,1
0,165,20,1
0,166,16,1
0,167,16,1
0,168,20,1
0,169,17,1
0,170,24,1
0,171,12,1
0,172,7,1
0,173,8,1
0,174,11,1
0,175,24,1
0,176,12,1
0,177,16,1
0,178,9,1
0,179,29,1
0,180,31,1
0,181,12,1
0,182,6,1
0,183,27,1
0,184,13,1
0,185,34,1
0,186,33,1
0,187,0,0
0,188,10,1
0,189,44,1
0,190,43,1
0,191,34,1
0,192,12,1
0,193,12,1
0,194,11,1
0,195,14,1
0,196,0,0
0,197,21,1
0,198,28,1
0,199,4,1
0,200,25,1
0,201,27,1
0,202,4,1
0,203,26,1
0,204,0,0
0,205,0,0
0,206,33,1
0,207,6,1
0,208,22,1
0,209,3,1
0,210,5,1
0,211,21,1
0,212,17,1
0,213,7,1
0,214,7,1
0,215,22,1
0,216,23,1
0,217,9,1
0,218,3,1
0,219,27,1
0,220,11,1
0,221,32,1
0,222,4,1
0,223,8,1
0,224,4,1
0,225,26,1
0,226,1,1
0,227,22,1
0,228,38,1
0,229,23,1
0,230,16,1
0,231,13,1
0,232,17,1
0,233,24,1
0,234,9,1
0,235,18,1
0,236,25,1
0,237,0,0
0,238,15,1
0,239,36,1
0,240,4,1
0,241,26,1
0,242,12,1
0,243,52,1
0,244,16,1
0,245,141,3
0,246,10,1
0,247,14,1
0,248,43,1
0,249,9,1
0,250,16,1
0,251,6,1
0,252,24,1
0,253,31,1
0,254,2,1
0,255,0,0
1,0,9,1
1,1,10,1
1,2,23,1
1,3,18,1
1,4,0,0
1,5,7,1
1,6,9,1
1,7,27,1
1,8,26,1
1,9,33,1
1,10,8,1
1,11,30,1
1,12,35,1
1,13,27,1
1,14,43,1
1,15,6,1
1,16,9,1
1,17,24,1
1,18,5,1
1,19,20,1
1,20,10,1
1,21,35,1
1,22,6,1
1,23,19,1
1,24,19,1
1,25,13,1
1,26,17,1
1,27,13,1
1,28,9,1
1,29,13,1
1,30,27,1
1,31,16,1
1,32,4,1
1,33,43,1
1,34,5,1
1,35,10,1
1,36,58,1
1,37,15,1
1,38,0,0
1,39,31,1
1,40,29,1
1,41,9,1
1,42,16,1
1,43,19,1
1,44,3,1
1,45,0,0
1,46,4,1
1,47,17,1
1,48,4,1
1,49,24,1
1,50,48,1
1,51,2,1
1,52,27,1
1,53,17,1
1,54,5,1
1,55,8,1
1,56,14,1
1,57,16,1
1,58,13,1
1,59,23,1
1,60,10,1
1,61,34,1
1,62,18,1
1,63,4,1
1,64,3,1
1,65,29,1
1,66,20,1
1,67,16,1
1,68,8,1
1,69,7,1
1,70,11,1
1,71,2,1
1,72,17,1
1,73,38,1
1,74,19,1
1,75,29,1
1,76,14,1
1,77,43,1
1,78,9,1
1,79,9,1
1,80,13,1
1,81,26,1
1,82,19,1
1,83,22,1
1,84,29,1
1,85,9,1
1,86,27,1
1,87,20,1
1,88,22,1
1,89,16,1
1,90,31,1
1,91,15,1
1,92,23,1
1,93,24,1
1,94,12,1
1,95,5,1
1,96,14,1
1,97,30,1
1,98,7,1
1,99,1,1
1,100,11,1
1,101,8,1
1,102,22,1
1,103,10,1
1,104,4,1
1,105,19,1
1,106,13,1
1,107,33,1
1,108,4,1
1,109,23,1
1,110,1,1
1,111,2,1
1,112,8,1
1,113,8,1
1,114,11,1
1,115,3,1
1,116,17,1
1,117,10,1
1,118,37,1
1,119,25,1
1,120,9,1
1,121,3,1
1,122,11,1
1,123,50,1
1,124,20,1
1,125,12,1
1,126,23,1
1,127,12,1
1,128,12,1
1,129,41,1
1,130,7,1
1,131,31,1
1,132,11,1
1,133,27,1
1,134,11,1
1,135,11,1
1,136,3,1
1,137,20,1
1,138,4,1
1,139,0,0
1,140,24,1
1,141,8,1
1,142,20,1
1,143,32,1
1,144,22,1
1,145,38,1
1,146,25,1
1,147,8,1
1,148,32,1
1,149,10,1
1,150,23,1
1,151,13,1
1,152,13,1
1,153,10,1
1,154,7,1
1,155,26,1
1,156,1,1
1,157,5,1
1,158,5,1
1,159,3,1
1,160,23,1
1,161,12,1
1,162,14,1
1,163,6,1
1,164,48,1
1,165,21,1
1,166,16,1
1,167,5,1
1,168,4,1
1,169,49,1
1,170,1,1
1,171,13,1
1,172,8,1
1,173,37,1
1,174,15,1
1,175,27,1
1,176,11,1
1,177,42,1
1,178,35,1
1,179,4,1
1,180,22,1
1,181,1,1
1,182,10,1
1,183,4,1
1,184,9,1
1,185,27,1
1,186,33,1
1,187,12,1
1,188,23,1
1,189,24,1
1,190,35,1
1,191,8,1
1,192,23,1
1,193,4,1
1,194,15,1
1,195,14,1
1,196,24,1
1,197,15,1
1,198,15,1
1,199,8,1
1,200,6,1
1,201,7,1
1,202,4,1
1,203,9,1
1,204,10,1
1,205,54,1
1,206,18,1
1,207,5,1
1,208,28,1
1,209,15,1
1,210,7,1
1,211,14,1
1,212,4,1
1,213,23,1
1,214,5,1
1,215,14,1
1,216,11,1
1,217,28,1
1,218,6,1
1,219,0,0
1,220,37,1
1,221,5,1
1,222,9,1
1,223,13,1
1,224,1,1
1,225,4,1
1,226,12,1
1,227,22,1
1,228,5,1
1,229,13,1
1,230,4,1
1,231,18,1
1,232,5,1
1,233,7,1
1,234,6,1
1,235,22,1
1,236,15,1
1,237,2,1
1,238,10,1
1,239,3,1
1,240,16,1
1,241,5,1
1,242,6,1
1,243,18,1
1,244,40,1
1,245,11,1
1,246,26,1
1,247,9,1
1,248,19,1
1,249,29,1
1,250,4,1
1,251,7,1
1,252,13,1
1,253,16,1
1,254,29,1
1,255,3,1
2,0,2,1
2,1,0,0
2,2,7,1
2,3,11,1
2,4,0,0
2,5,12,1
2,6,9,1
2,7,1,1
2,8,6,1
2,9,20,1
2,10,0,0
2,11,11,1
2,12,102,2
2,13,77,2
2,14,9,1
2,15,24,1
2,16,14,1
2,17,18,1
2,18,11,1
2,19,8,1
2,20,19,1
2,21,9,1
2,22,16,1
2,23,16,1
2,24,12,1
2,25,16,1
2,26,90,2
2,27,27,1
2,28,1,1
2,29,28,1
2,30,2,1
2,31,1,1
2,32,2,1
2,33,69,2
2,34,1,1
2,35,9,1
2,36,0,0
2,37,7,1
2,38,7,1
2,39,18,1
2,40,15,1
2,41,9,1
2,42,10,1
2,43,30,1
2,44,19,1
2,45,25,1
2,46,30,1
2,47,11,1
2,48,12,1
2,49,7,1
2,50,1,1
2,51,0,0
2,52,9,1
2,53,31,1
2,54,31,1
2,55,12,1
2,56,11,1
2,57,8,1
2,58,28,1
2,59,5,1
2,60,29,1
2,61,1,1
2,62,40,1
2,63,8,1
2,64,12,1
2,65,10,1
2,66,10,1
2,67,6,1
2,68,11,1
2,69,13,1
2,70,36,1
2,71,0,0
2,72,19,1
2,73,9,1
2,74,20,1
2,75,8,1
2,76,5,1
2,77,9,1
2,78,9,1
2,79,1,1
2,80,3,1
2,81,45,1
2,82,29,1
2,83,19,1
2,84,14,1
2,85,25,1
2,86,16,1
2,87,17,1
2,88,15,1
2,89,19,1
2,90,13,1
2,91,13,1
2,92,33,1
2,93,1,1
2,94,4,1
2,95,21,1
2,96,4,1
2,97,25,1
2,98,34,1
2,99,20,1
2,100,9,1
2,101,1,1
2,102,0,0
2,103,21,1
2,104,3,1
2,105,0,0
2,106,1,1
2,107,17,1
2,108,27,1
2,109,10,1
2,110,0,0
2,111,25,1
2,112,68,2
2,113,50,1
2,114,12,1
2,115,35,1
2,116,20,1
2,117,20,1
2,118,8,1
2,119,42,1
2,120,19,1
2,121,11,1
2,122,12,1
2,123,27,1
2,124,11,1
2,125,2,1
2,126,11,1
2,127,67,2
2,128,11,1
2,129,10,1
2,130,10,1
2,131,12,1
2,132,1,1
2,133,0,0
2,134,6,1
2,135,45,1
2,136,0,0
2,137,20,1
2,138,14,1
2,139,10,1
2,140,29,1
2,141,2,1
2,142,24,1
2,143,24,1
2,144,17,1
2,145,36,1
2,146,9,1
2,147,24,1
2,148,3,1
2,149,19,1
2,150,7,1
2,151,22,1
2,152,8,1
2,153,18,1
2,154,40,1
2,155,10,1
2,156,11,1
2,157,17,1
2,158,3,1
2,159,7,1
2,160,1,1
2,161,7,1
2,162,19,1
2,163,3,1
2,164,58,1
2,165,98,2
2,166,5,1
2,167,43,1
2,168,5,1
2,169,43,1
2,170,20,1
2,171,13,1
2,172,1,1
2,173,2,1
2,174,8,1
2,175,9,1
2,176,13,1
2,177,9,1
2,178,1,1
2,179,0,0
2,180,10,1
2,181,3,1
2,182,5,1
2,183,17,1
2,184,5,1
2,185,91,2
2,186,7,1
2,187,22,1
2,188,24,1
2,189,2,1
2,190,19,1
2,191,5,1
2,192,52,1
2,193,11,1
2,194,8,1
2,195,15,1
2,196,0,0
2,197,35,1
2,198,43,1
2,199,14,1
2,200,1,1
2,201,0,0
2,202,5,1
2,203,23,1
2,204,17,1
2,205,16,1
2,206,24,1
2,207,4,1
2,208,7,1
2,209,12,1
2,210,3,1
2,211,5,1
2,212,17,1
2,213,13,1
2,214,22,1
2,215,21,1
2,216,4,1
2,217,1,1
2,218,27,1
2,219,1,1
2,220,3,1
2,221,1,1
2,222,29,1
2,223,2,1
2,224,18,1
2,225,24,1
2,226,20,1
2,227,17,1
2,228,2,1
2,229,10,1
2,230,4,1
2,231,9,1
2,232,1,1
2,233,0,0
2,234,10,1
2,235,3,1
2,236,36,1
2,237,12,1
2,238,0,0
2,239,6,1
2,240,0,0
2,241,0,0
2,242,6,1
2,243,25,1
2,244,23,1
2,245,9,1
2,246,29,1
2,247,9,1
2,248,0,0
2,249,14,1
2,250,53,1
2,251,27,1
2,252,29,1
2,253,14,1
2,254,60,1
2,255,2,1
3,0,4,1
3,1,4,1
3,2,4,1
3,3,2,1
3,4,4,1
3,5,0,0
3,6,0,0
3,7,22,1
3,8,29,1
3,9,8,1
3,10,13,1
3,11,0,0
3,12,74,2
3,13,0,0
3,14,4,1
3,15,2,1
3,16,0,0
3,17,3,1
3,18,3,1
3,19,78,2
3,20,7,1
3,21,66,2
3,22,14,1
3,23,1,1
3,24,26,1
3,25,8,1
3,26,8,1
3,27,10,1
3,28,12,1
3,29,2,1
3,30,0,0
3,31,0,0
3,32,9,1
3,33,28,1
3,34,3,1
3,35,0,0
3,36,21,1
3,37,4,1
3,38,8,1
3,39,16,1
3,40,16,1
3,41,65,2
3,42,24,1
3,43,4,1
3,44,3,1
3,45,0,0
3,46,0,0
3,47,2,1
3,48,6,1
3,49,7,1
3,50,19,1
3,51,6,1
3,52,12,1
3,53,19,1
3,54,42,1
3,55,16,1
3,56,1,1
3,57,7,1
3,58,4,1
3,59,19,1
3,60,8,1
3,61,5,1
3,62,19,1
3,63,13,1
3,64,3,1
3,65,1,1
3,66,12,1
3,67,5,1
3,68,2,1
3,69,8,1
3,70,126,2
3,71,0,0
3,72,4,1
3,73,11,1
3,74,167,3
3,75,96,2
3,76,2,1
3,77,9,1
3,78,7,1
3,79,132,3
3,80,9,1
3,81,7,1
3,82,1,1
3,83,0,0
3,84,1,1
3,85,3,1
3,86,45,1
3,87,161,3
3,88,50,1
3,89,7,1
3,90,8,1
3,91,20,1
3,92,7,1
3,93,3,1
3,94,12,1
3,95,1,1
3,96,1,1
3,97,0,0
3,98,6,1
3,99,16,1
3,100,5,1
3,101,7,1
3,102,28,1
3,103,13,1
3,104,5,1
3,105,11,1
3,106,1,1
3,107,30,1
3,108,2,1
3,109,1,1
3,110,2,1
3,111,16,1
3,112,14,1
3,113,9,1
3,114,16,1
3,115,16,1
3,116,1,1
3,117,4,1
3,118,0,0
3,119,71,2
3,120,55,1
3,121,1,1
3,122,3,1
3,123,20,1
3,124,1,1
3,125,1,1
3,126,15,1
3,127,4,1
3,128,2,1
3,129,1,1
3,130,41,1
3,131,7,1
3,132,1,1
3,133,1,1
3,134,17,1
3,135,8,1
3,136,69,2
3,137,30,1
3,138,16,1
3,139,22,1
3,140,5,1
3,141,8,1
3,142,14,1
3,143,1,1
3,144,1,1
3,145,0,0
3,146,11,1
3,147,0,0
3,148,17,1
3,149,2,1
3,150,9,1
3,151,15,1
3,152,22,1
3,153,13,1
3,154,3,1
3,155,0,0
3,156,17,1
3,157,0,0
3,158,35,1
3,159,10,1
3,160,46,1
3,161,2,1
3,162,0,0
3,163,2,1
3,164,5,1
3,165,46,1
3,166,4,1
3,167,6,1
3,168,0,0
3,169,11,1
3,170,2,1
3,171,4,1
3,172,16,1
3,173,0,0
3,174,0,0
3,175,13,1
3,176,11,1
3,177,3,1
3,178,5,1
3,179,32,1
3,180,116,2
3,181,0,0
3,182,16,1
3,183,2,1
3,184,4,1
3,185,9,1
3,186,2,1
3,187,29,1
3,188,28,1
3,189,8,1
3,190,1,1
3,191,1,1
3,192,10,1
3,193,23,1
3,194,0,0
3,195,87,2
3,196,24,1
3,197,7,1
3,198,11,1
3,199,45,1
3,200,1,1
3,201,31,1
3,202,4,1
3,203,22,1
3,204,21,1
3,205,10,1
3,206,214,4
3,207,6,1
3,208,8,1
3,209,1,1
3,210,0,0
3,211,0,0
3,212,7,1
3,213,1,1
3,214,2,1
3,215,0,0
3,216,4,1
3,217,5,1
3,218,62,1
3,219,15,1
3,220,2,1
3,221,34,1
3,222,16,1
3,223,0,0
3,224,3,1
3,225,1,1
3,226,17,1
3,227,175,3
3,228,0,0
3,229,54,1
3,230,10,1
3,231,4,1
3,232,2,1
3,233,16,1
3,234,2,1
3,235,46,1
3,236,3,1
3,237,0,0
3,238,0,0
3,239,1,1
3,240,1,1
3,241,3,1
3,242,3,1
3,243,64,1
3,244,0,0
3,245,7,1
3,246,9,1
3,247,21,1
3,248,23,1
3,249,2,1
3,250,2,1
3,251,0,0
3,252,8,1
3,253,9,1
3,254,5,1
3,255,1,1
4,0,61,1
4,1,24,1
4,2,112,2
4,3,8,1
4,4,0,0
4,5,8,1
4,6,11,1
4,7,42,1
4,8,7,1
4,9,4,1
4,10,1,1
4,11,2,1
4,12,35,1
4,13,1,1
4,14,1,1
4,15,9,1
4,16,0,0
4,17,1,1
4,18,16,1
4,19,16,1
4,20,2,1
4,21,24,1
4,22,10,1
4,23,29,1
4,24,36,1
4,25,6,1
4,26,11,1
4,27,18,1
4,28,10,1
4,29,28,1
4,30,18,1
4,31,54,1
4,32,46,1
4,33,21,1
4,34,38,1
4,35,1,1
4,36,64,1
4,37,9,1
4,38,2,1
4,39,5,1
4,40,10,1
4,41,3,1
4,42,10,1
4,43,18,1
4,44,0,0
4,45,3,1
4,46,8,1
4,47,11,1
4,48,1,1
4,49,1,1
4,50,27,1
4,51,20,1
4,52,9,1
4,53,16,1
4,54,3,1
4,55,7,1
4,56,17,1
4,57,17,1
4,58,6,1
4,59,0,0
4,60,62,1
4,61,21,1
4,62,14,1
4,63,26,1
4,64,25,1
4,65,8,1
4,66,3,1
4,67,35,1
4,68,12,1
4,69,25,1
4,70,3,1
4,71,9,1
4,72,5,1
4,73,10,1
4,74,4,1
4,75,37,1
4,76,32,1
4,77,47,1
4,78,20,1
4,79,4,1
4,80,7,1
4,81,5,1
4,82,5,1
4,83,12,1
4,84,7,1
4,85,0,0
4,86,7,1
4,87,206,4
4,88,2,1
4,89,17,1
4,90,24,1
4,91,29,1
4,92,14,1
4,93,10,1
4,94,8,1
4,95,15,1
4,96,33,1
4,97,3,1
4,98,22,1
4,99,4,1
4,100,10,1
4,101,0,0
4,102,2,1
4,103,1,1
4,104,0,0
4,105,0,0
4,106,10,1
4,107,4,1
4,108,3,1
4,109,4,1
4,110,3,1
4,111,21,1
4,112,2,1
4,113,13,1
4,114,83,2
4,115,2,1
4,116,37,1
4,117,5,1
4,118,17,1
4,119,0,0
4,120,19,1
4,121,9,1
4,122,0,0
4,123,0,0
4,124,18,1
4,125,6,1
4,126,20,1
4,127,17,1
4,128,13,1
4,129,1,1
4,130,41,1
4,131,16,1
4,132,51,1
4,133,0,0
4,134,4,1
4,135,1,1
4,136,11,1
4,137,17,1
4,138,0,0
4,139,8,1
4,140,58,1
4,141,3,1
4,142,4,1
4,143,43,1
4,144,4,1
4,145,1,1
4,146,0,0
4,147,2,1
4,148,0,0
4,149,6,1
4,150,3,1
4,151,12,1
4,152,20,1
4,153,36,1
4,154,3,1
4,155,5,1
4,156,1,1
4,157,15,1
4,158,18,1
4,159,37,1
4,160,54,1
4,161,8,1
4,162,17,1
4,163,58,1
4,164,24,1
4,165,17,1
4,166,2,1
4,167,8,1
4,168,0,0
4,169,20,1
4,170,18,1
4,171,12,1
4,172,5,1
4,173,19,1
4,174,14,1
4,175,0,0
4,176,9,1
4,177,1,1
4,178,32,1
4,179,31,1
4,180,5,1
4,181,19,1
4,182,2,1
4,183,18,1
4,184,9,1
4,185,14,1
4,186,3,1
4,187,6,1
4,188,3,1
4,189,1,1
4,190,8,1
4,191,24,1
4,192,1,1
4,193,3,1
4,194,1,1
4,195,67,2
4,196,11,1
4,197,6,1
4,198,13,1
4,199,2,1
4,200,1,1
4,201,1,1
4,202,268,5
4,203,0,0
4,204,26,1
4,205,0,0
4,206,3,1
4,207,23,1
4,208,7,1
4,209,19,1
4,210,30,1
4,211,5,1
4,212,22,1
4,213,8,1
4,214,1,1
4,215,9,1
4,216,45,1
4,217,1,1
4,218,29,1
4,219,71,2
4,220,27,1
4,221,1,1
4,222,8,1
4,223,2,1
4,224,3,1
4,225,1,1
4,226,8,1
4,227,17,1
4,228,27,1
4,229,4,1
4,230,30,1
4,231,1,1
4,232,0,0
4,233,2,1
4,234,83,2
4,235,1,1
4,236,16,1
4,237,1,1
4,238,3,1
4,239,11,1
4,240,4,1
4,241,2,1
4,242,1,1
4,243,15,1
4,244,1,1
4,245,16,1
4,246,14,1
4,247,19,1
4,248,1,1
4,249,3,1
4,250,10,1
4,251,8,1
4,252,21,1
4,253,41,1
4,254,5,1
4,255,5,1
5,0,5,1
5,1,1,1
5,2,13,1
5,3,1,1
5,4,1,1
5,5,36,1
5,6,2,1
5,7,5,1
5,8,15,1
5,9,16,1
5,10,0,0
5,11,6,1
5,12,3,1
5,13,1,1
5,14,8,1
5,15,4,1
5,16,0,0
5,17,2,1
5,18,0,0
5,19,0,0
5,20,0,0
5,21,53,1
5,22,0,0
5,23,15,1
5,24,2,1
5,25,11,1
5,26,58,1
5,27,25,1
5,28,5,1
5,29,28,1
5,30,8,1
5,31,20,1
5,32,8,1
5,33,23,1
5,34,1,1
5,35,13,1
5,36,33,1
5,37,37,1
5,38,0,0
5,39,54,1
5,40,54,1
5,41,5,1
5,42,30,1
5,43,48,1
5,44,1,1
5,45,6,1
5,46,7,1
5,47,14,1
5,48,3,1
5,49,12,1
5,50,6,1
5,51,19,1
5,52,2,1
5,53,20,1
5,54,5,1
5,55,0,0
5,56,65,2
5,57,9,1
5,58,13,1
5,59,0,0
5,60,15,1
5,61,5,1
5,62,3,1
5,63,2,1
5,64,43,1
5,65,12,1
5,66,3,1
5,67,0,0
5,68,4,1
5,69,21,1
5,70,2,1
5,71,10,1
5,72,17,1
5,73,6,1
5,74,1,1
5,75,14,1
5,76,4,1
5,77,9,1
5,78,10,1
5,79,25,1
5,80,2,1
5,81,22,1
5,82,25,1
5,83,25,1
5,84,6,1
5,85,0,0
5,86,14,1
5,87,10,1
5,88,28,1
5,89,8,1
5,90,142,3
5,91,1,1
5,92,4,1
5,93,3,1
5,94,2,1
5,95,7,1
5,96,13,1
5,97,0,0
5,98,27,1
5,99,4,1
5,100,28,1
5,101,14,1
5,102,20,1
5,103,19,1
5,104,12,1
5,105,0,0
5,106,9,1
5,107,14,1
5,108,7,1
5,109,7,1
5,110,4,1
5,111,14,1
5,112,5,1
5,113,25,1
5,114,123,2
5,115,3,1
5,116,47,1
5,117,40,1
5,118,16,1
5,119,8,1
5,120,7,1
5,121,17,1
5,122,9,1
5,123,0,0
5,124,57,1
5,125,1,1
5,126,15,1
5,127,12,1
5,128,50,1
5,129,18,1
5,130,37,1
5,131,6,1
5,132,21,1
5,133,2,1
5,134,1,1
5,135,0,0
5,136,8,1
5,137,0,0
5,138,14,1
5,139,21,1
5,140,4,1
5,141,5,1
5,142,7,1
5,143,4,1
5,144,48,1
5,145,34,1
5,146,5,1
5,147,7,1
5,148,60,1
5,149,29,1
5,150,24,1
5,151,0,0
5,152,11,1
5,153,8,1
5,154,5,1
5,155,3,1
5,156,0,0
5,157,15,1
5,158,0,0
5,159,7,1
5,160,0,0
5,161,8,1
5,162,9,1
5,163,6,1
5,164,3,1
5,165,19,1
5,166,215,4
5,167,13,1
5,168,2,1
5,169,44,1
5,170,5,1
5,171,7,1
5,172,7,1
5,173,4,1
5,174,4,1
5,175,1,1
5,176,1,1
5,177,29,1
5,178,11,1
5,179,5,1
5,180,4,1
5,181,38,1
5,182,41,1
5,183,3,1
5,184,2,1
5,185,32,1
5,186,5,1
5,187,29,1
5,188,14,1
5,189,50,1
5,190,6,1
5,191,10,1
5,192,3,1
5,193,16,1
5,194,15,1
5,195,11,1
5,196,12,1
5,197,0,0
5,198,3,1
5,199,1,1
5,200,31,1
5,201,0,0
5,202,23,1
5,203,33,1
5,204,22,1
5,205,28,1
5,206,28,1
5,207,7,1
5,208,8,1
5,209,5,1
5,210,3,1
5,211,22,1
5,212,43,1
5,213,17,1
5,214,0,0
5,215,73,2
5,216,35,1
5,217,5,1
5,218,5,1
5,219,10,1
5,220,10,1
5,221,2,1
5,222,1,1
5,223,44,1
5,224,7,1
5,225,36,1
5,226,20,1
5,227,15,1
5,228,1,1
5,229,5,1
5,230,1,1
5,231,0,0
5,232,18,1
5,233,0,0
5,234,115,2
5,235,17,1
5,236,8,1
5,237,29,1
5,238,9,1
5,239,52,1
5,240,0,0
5,241,5,1
5,242,2,1
5,243,8,1
5,244,33,1
5,245,25,1
5,246,19,1
5,247,39,1
5,248,11,1
5,249,5,1
5,250,27,1
5,251,32,1
5,252,24,1
5,253,7,1
5,254,13,1
5,255,2,1
6,0,0,0
6,1,0,0
6,2,42,1
6,3,10,1
6,4,0,0
6,5,5,1
6,6,12,1
6,7,57,1
6,8,18,1
6,9,15,1
6,10,5,1
6,11,4,1
6,12,3,1
6,13,3,1
6,14,13,1
6,15,3,1
6,16,0,0
6,17,0,0
6,18,3,1
6,19,0,0
6,20,0,0
6,21,9,1
6,22,18,1
6,23,9,1
6,24,12,1
6,25,11,1
6,26,44,1
6,27,15,1
6,28,4,1
6,29,11,1
6,30,9,1
6,31,1,1
6,32,46,1
6,33,18,1
6,34,2,1
6,35,8,1
6,36,23,1
6,37,55,1
6,38,2,1
6,39,3,1
6,40,17,1
6,41,12,1
6,42,45,1
6,43,54,1
6,44,2,1
6,45,4,1
6,46,4,1
6,47,2,1
6,48,11,1
6,49,3,1
6,50,21,1
6,51,6,1
6,52,27,1
6,53,15,1
6,54,23,1
6,55,19,1
6,56,30,1
6,57,8,1
6,58,32,1
6,59,1,1
6,60,0,0
6,61,3,1
6,62,21,1
6,63,0,0
6,64,17,1
6,65,6,1
6,66,1,1
6,67,1,1
6,68,14,1
6,69,5,1
6,70,1,1
6,71,0,0
6,72,6,1
6,73,29,1
6,74,14,1
6,75,4,1
6,76,14,1
6,77,2,1
6,78,0,0
6,79,39,1
6,80,7,1
6,81,7,1
6,82,13,1
6,83,20,1
6,84,5,1
6,85,63,1
6,86,10,1
6,87,8,1
6,88,9,1
6,89,11,1
6,90,0,0
6,91,17,1
6,92,3,1
6,93,11,1
6,94,4,1
6,95,4,1
6,96,12,1
6,97,10,1
6,98,6,1
6,99,20,1
6,100,31,1
6,101,8,1
6,102,16,1
6,103,2,1
6,104,12,1
6,105,152,3
6,106,43,1
6,107,65,2
6,108,4,1
6,109,6,1
6,110,1,1
6,111,3,1
6,112,5,1
6,113,5,1
6,114,16,1
6,115,5,1
6,116,58,1
6,117,5,1
6,118,68,2
6,119,8,1
6,120,0,0
6,121,15,1
6,122,16,1
6,123,4,1
6,124,22,1
6,125,1,1
6,126,0,0
6,127,18,1
6,128,16,1
6,129,17,1
6,130,6,1
6,131,9,1
6,132,1,1
6,133,1,1
6,134,0,0
6,135,0,0
6,136,6,1
6,137,15,1
6,138,2,1
6,139,19,1
6,140,0,0
6,141,0,0
6,142,7,1
6,143,34,1
6,144,17,1
6,145,2,1
6,146,77,2
6,147,3,1
6,148,84,2
6,149,39,1
6,150,15,1
6,151,0,0
6,152,16,1
6,153,0,0
6,154,0,0
6,155,3,1
6,156,4,1
6,157,8,1
6,158,7,1
6,159,30,1
6,160,0,0
6,161,4,1
6,162,16,1
6,163,0,0
6,164,15,1
6,165,13,1
6,166,11,1
6,167,27,1
6,168,15,1
6,169,21,1
6,170,173,3
6,171,13,1
6,172,6,1
6,173,6,1
6,174,1,1
6,175,2,1
6,176,32,1
6,177,3,1
6,178,0,0
6,179,6,1
6,180,0,0
6,181,5,1
6,182,30,1
6,183,12,1
6,184,15,1
6,185,17,1
6,186,13,1
6,187,43,1
6,188,41,1
6,189,6,1
6,190,32,1
6,191,4,1
6,192,256,4
6,193,11,1
6,194,23,1
6,195,8,1
6,196,11,1
6,197,1,1
6,198,48,1
6,199,3,1
6,200,25,1
6,201,2,1
6,202,21,1
6,203,25,1
6,204,11,1
6,205,24,1
6,206,10,1
6,207,6,1
6,208,35,1
6,209,14,1
6,210,1,1
6,211,3,1
6,212,4,1
6,213,3,1
6,214,22,1
6,215,17,1
6,216,0,0
6,217,12,1
6,218,30,1
6,219,2,1
6,220,9,1
6,221,0,0
6,222,55,1
6,223,16,1
6,224,5,1
6,225,42,1
6,226,0,0
6,227,29,1
6,228,0,0
6,229,31,1
6,230,6,1
6,231,0,0
6,232,57,1
6,233,6,1
6,234,4,1
6,235,12,1
6,236,17,1
6,237,0,0
6,238,12,1
6,239,1,1
6,240,0,0
6,241,35,1
6,242,3,1
6,243,0,0
6,244,12,1
6,245,73,2
6,246,13,1
6,247,3,1
6,248,15,1
6,249,12,1
6,250,81,2
6,251,29,1
6,252,9,1
6,253,4,1
6,254,11,1
6,255,11,1
7,0,14,1
7,1,15,1
7,2,17,1
7,3,11,1
7,4,25,1
7,5,3,1
7,6,0,0
7,7,41,1
7,8,14,1
7,9,1,1
7,10,2,1
7,11,1,1
7,12,0,0
7,13,0,0
7,14,35,1
7,15,3,1
7,16,0,0
7,17,29,1
7,18,57,1
7,19,117,2
7,20,0,0
7,21,1,1
7,22,41,1
7,23,85,2
7,24,10,1
7,25,5,1
7,26,75,2
7,27,14,1
7,28,10,1
7,29,0,0
7,30,10,1
7,31,1,1
7,32,22,1
7,33,15,1
7,34,16,1
7,35,20,1
7,36,21,1
7,37,45,1
7,38,7,1
7,39,50,1
7,40,10,1
7,41,19,1
7,42,84,2
7,43,2,1
7,44,0,0
7,45,2,1
7,46,19,1
7,47,2,1
7,48,24,1
7,49,13,1
7,50,6,1
7,51,7,1
7,52,4,1
7,53,6,1
7,54,8,1
7,55,3,1
7,56,14,1
7,57,29,1
7,58,1,1
7,59,0,0
7,60,4,1
7,61,36,1
7,62,38,1
7,63,7,1
7,64,14,1
7,65,13,1
7,66,9,1
7,67,10,1
7,68,9,1
7,69,2,1
7,70,8,1
7,71,6,1
7,72,1,1
7,73,16,1
7,74,23,1
7,75,1,1
7,76,9,1
7,77,33,1
7,78,13,1
7,79,7,1
7,80,12,1
7,81,13,1
7,82,24,1
7,83,42,1
7,84,1,1
7,85,3,1
7,86,3,1
7,87,6,1
7,88,11,1
7,89,0,0
7,90,0,0
7,91,100,2
7,92,0,0
7,93,7,1
7,94,5,1
7,95,7,1
7,96,6,1
7,97,23,1
7,98,26,1
7,99,9,1
7,100,9,1
7,101,4,1
7,102,0,0
7,103,32,1
7,104,21,1
7,105,12,1
7,106,18,1
7,107,31,1
7,108,12,1
7,109,3,1
7,110,0,0
7,111,12,1
7,112,6,1
7,113,5,1
7,114,6,1
7,115,7,1
7,116,18,1
7,117,44,1
7,118,15,1
7,119,0,0
7,120,0,0
7,121,19,1
7,122,12,1
7,123,0,0
7,124,1,1
7,125,0,0
7,126,7,1
7,127,11,1
7,128,1,1
7,129,10,1
7,130,53,1
7,131,19,1
7,132,13,1
7,133,2,1
7,134,0,0
7,135,8,1
7,136,10,1
7,137,12,1
7,138,4,1
7,139,2,1
7,140,0,0
7,141,18,1
7,142,3,1
7,143,5,1
7,144,8,1
7,145,10,1
7,146,1,1
7,147,17,1
7,148,3,1
7,149,31,1
7,150,67,2
7,151,1,1
7,152,28,1
7,153,4,1
7,154,1,1
7,155,3,1
7,156,8,1
7,157,7,1
7,158,1,1
7,159,10,1
7,160,19,1
7,161,5,1
7,162,3,1
7,163,2,1
7,164,5,1
7,165,7,1
7,166,11,1
7,167,254,4
7,168,8,1
7,169,8,1
7,170,13,1
7,171,1,1
7,172,4,1
7,173,13,1
7,174,24,1
7,175,7,1
7,176,0,0
7,177,13,1
7,178,2,1
7,179,83,2
7,180,38,1
7,181,0,0
7,182,41,1
7,183,2,1
7,184,11,1
7,185,33,1
7,186,1,1
7,187,4,1
7,188,25,1
7,189,0,0
7,190,36,1
7,191,6,1
7,192,60,1
7,193,21,1
7,194,1,1
7,195,43,1
7,196,4,1
7,197,10,1
7,198,4,1
7,199,11,1
7,200,1,1
7,201,8,1
7,202,24,1
7,203,10,1
7,204,18,1
7,205,15,1
7,206,2,1
7,207,24,1
7,208,2,1
7,209,10,1
7,210,7,1
7,211,38,1
7,212,1,1
7,213,24,1
7,214,18,1
7,215,20,1
7,216,29,1
7,217,3,1
7,218,6,1
7,219,12,1
7,220,8,1
7,221,19,1
7,222,1,1
7,223,14,1
7,224,23,1
7,225,28,1
7,226,103,2
7,227,23,1
7,228,2,1
7,229,23,1
7,230,5,1
7,231,24,1
7,232,0,0
7,233,5,1
7,234,1,1
7,235,16,1
7,236,71,2
7,237,65,2
7,238,49,1
7,239,0,0
7,240,22,1
7,241,0,0
7,242,32,1
7,243,9,1
7,244,51,1
7,245,18,1
7,246,13,1
7,247,21,1
7,248,14,1
7,249,0,0
7,250,1,1
7,251,8,1
7,252,3,1
7,253,4,1
7,254,7,1
7,255,0,0
8,0,20,1
8,1,44,1
8,2,113,2
8,3,2,1
8,4,4,1
8,5,9,1
8,6,16,1
8,7,23,1
8,8,43,1
8,9,20,1
8,10,10,1
8,11,38,1
8,12,25,1
8,13,4,1
8,14,5,1
8,15,10,1
8,16,3,1
8,17,5,1
8,18,20,1
8,19,3,1
8,20,21,1
8,21,15,1
8,22,41,1
8,23,8,1
8,24,19,1
8,25,8,1
8,26,10,1
8,27,4,1
8,28,0,0
8,29,0,0
8,30,1,1
8,31,4,1
8,32,12,1
8,33,18,1
8,34,32,1
8,35,34,1
8,36,94,2
8,37,17,1
8,38,5,1
8,39,6,1
8,40,12,1
8,41,27,1
8,42,21,1
8,43,1,1
8,44,2,1
8,45,20,1
8,46,5,1
8,47,0,0
8,48,7,1
8,49,31,1
8,50,5,1
8,51,53,1
8,52,5,1
8,53,2,1
8,54,10,1
8,55,20,1
8,56,36,1
8,57,36,1
8,58,17,1
8,59,4,1
8,60,0,0
8,61,8,1
8,62,17,1
8,63,3,1
8,64,8,1
8,65,18,1
8,66,4,1
8,67,14,1
8,68,11,1
8,69,16,1
8,70,13,1
8,71,21,1
8,72,1,1
8,73,17,1
8,74,21,1
8,75,67,2
8,76,37,1
8,77,11,1
8,78,14,1
8,79,4,1
8,80,39,1
8,81,9,1
8,82,9,1
8,83,41,1
8,84,23,1
8,85,3,1
8,86,20,1
8,87,2,1
8,88,20,1
8,89,0,0
8,90,0,0
8,91,23,1
8,92,12,1
8,93,9,1
8,94,16,1
8,95,7,1
8,96,11,1
8,97,6,1
8,98,81,2
8,99,7,1
8,100,7,1
8,101,6,1
8,102,13,1
8,103,0,0
8,104,7,1
8,105,15,1
8,106,17,1
8,107,40,1
8,108,9,1
8,109,13,1
8,110,14,1
8,111,8,1
8,112,21,1
8,113,8,1
8,114,15,1
8,115,1,1
8,116,29,1
8,117,1,1
8,118,10,1
8,119,5,1
8,120,38,1
8,121,6,1
8,122,4,1
8,123,12,1
8,124,34,1
8,125,4,1
8,126,1,1
8,127,18,1
8,128,16,1
8,129,1,1
8,130,13,1
8,131,36,1
8,132,17,1
8,133,7,1
8,134,4,1
8,135,0,0
8,136,10,1
8,137,11,1
8,138,2,1
8,139,65,2
8,140,7,1
8,141,8,1
8,142,3,1
8,143,2,1
8,144,16,1
8,145,23,1
8,146,13,1
8,147,17,1
8,148,6,1
8,149,11,1
8,150,25,1
8,151,0,0
8,152,15,1
8,153,21,1
8,154,0,0
8,155,12,1
8,156,4,1
8,157,0,0
8,158,4,1
8,159,33,1
8,160,7,1
8,161,34,1
8,162,5,1
8,163,15,1
8,164,25,1
8,165,31,1
8,166,7,1
8,167,4,1
8,168,3,1
8,169,0,0
8,170,23,1
8,171,24,1
8,172,64,1
8,173,6,1
8,174,7,1
8,175,20,1
8,176,15,1
8,177,14,1
8,178,14,1
8,179,31,1
8,180,0,0
8,181,29,1
8,182,1,1
8,183,47,1
8,184,14,1
8,185,13,1
8,186,131,3
8,187,26,1
8,188,0,0
8,189,25,1
8,190,32,1
8,191,9,1
8,192,5,1
8,193,25,1
8,194,44,1
8,195,25,1
8,196,22,1
8,197,16,1
8,198,18,1
8,199,4,1
8,200,24,1
8,201,0,0
8,202,36,1
8,203,12,1
8,204,0,0
8,205,33,1
8,206,6,1
8,207,5,1
8,208,2,1
8,209,17,1
8,210,1,1
8,211,16,1
8,212,12,1
8,213,8,1
8,214,23,1
8,215,0,0
8,216,7,1
8,217,2,1
8,218,12,1
8,219,21,1
8,220,25,1
8,221,11,1
8,222,24,1
8,223,5,1
8,224,88,2
8,225,10,1
8,226,6,1
8,227,13,1
8,228,0,0
8,229,7,1
8,230,6,1
8,231,1,1
8,232,10,1
8,233,1,1
8,234,34,1
8,235,9,1
8,236,71,2
8,237,1,1
8,238,17,1
8,239,0,0
8,240,5,1
8,241,25,1
8,242,43,1
8,243,16,1
8,244,16,1
8,245,8,1
8,246,10,1
8,247,17,1
8,248,0,0
8,249,2,1
8,250,11,1
8,251,6,1
8,252,0,0
8,253,6,1
8,254,39,1
8,255,0,0
9,0,3,1
9,1,3,1
9,2,55,1
9,3,7,1
9,4,2,1
9,5,30,1
9,6,72,2
9,7,38,1
9,8,32,1
9,9,80,2
9,10,11,1
9,11,29,1
9,12,7,1
9,13,5,1
9,14,3,1
9,15,0,0
9,16,0,0
9,17,15,1
9,18,21,1
9,19,0,0
9,20,8,1
9,21,18,1
9,22,8,1
9,23,49,1
9,24,5,1
9,25,113,2
9,26,9,1
9,27,9,1
9,28,16,1
9,29,17,1
9,30,5,1
9,31,0,0
9,32,10,1
9,33,2,1
9,34,4,1
9,35,9,1
9,36,11,1
9,37,58,1
9,38,1,1
9,39,11,1
9,40,8,1
9,41,0,0
9,42,5,1
9,43,4,1
9,44,1,1
9,45,73,2
9,46,2,1
9,47,17,1
9,48,9,1
9,49,2,1
9,50,1,1
9,51,14,1
9,52,0,0
9,53,17,1
9,54,13,1
9,55,0,0
9,56,50,1
9,57,5,1
9,58,26,1
9,59,29,1
9,60,0,0
9,61,6,1
9,62,1,1
9,63,8,1
9,64,1,1
9,65,4,1
9,66,3,1
9,67,3,1
9,68,7,1
9,69,6,1
9,70,4,1
9,71,22,1
9,72,1,1
9,73,49,1
9,74,0,0
9,75,25,1
9,76,91,2
9,77,6,1
9,78,0,0
9,79,48,1
9,80,15,1
9,81,2,1
9,82,7,1
9,83,6,1
9,84,8,1
9,85,37,1
9,86,0,0
9,87,19,1
9,88,8,1
9,89,19,1
9,90,2,1
9,91,4,1
9,92,3,1
9,93,9,1
9,94,3,1
9,95,35,1
9,96,0,0
9,97,5,1
9,98,3,1
9,99,7,1
9,100,24,1
9,101,0,0
9,102,12,1
9,103,19,1
9,104,17,1
9,105,39,1
9,106,6,1
9,107,13,1
9,108,3,1
9,109,81,2
9,110,12,1
9,111,9,1
9,112,5,1
9,113,58,1
9,114,21,1
9,115,2,1
9,116,27,1
9,117,6,1
9,118,4,1
9,119,11,1
9,120,9,1
9,121,12,1
9,122,11,1
9,123,0,0
9,124,0,0
9,125,8,1
9,126,0,0
9,127,11,1
9,128,10,1
9,129,1,1
9,130,24,1
9,131,5,1
9,132,4,1
9,133,95,2
9,134,22,1
9,135,5,1
9,136,16,1
9,137,12,1
9,138,20,1
9,139,27,1
9,140,7,1
9,141,11,1
9,142,29,1
9,143,5,1
9,144,14,1
9,145,12,1
9,146,13,1
9,147,34,1
9,148,0,0
9,149,12,1
9,150,24,1
9,151,0,0
9,152,20,1
9,153,0,0
9,154,0,0
9,155,1,1
9,156,33,1
9,157,3,1
9,158,3,1
9,159,21,1
9,160,23,1
9,161,30,1
9,162,7,1
9,163,0,0
9,164,17,1
9,165,7,1
9,166,64,1
9,167,8,1
9,168,40,1
9,169,18,1
9,170,5,1
9,171,27,1
9,172,14,1
9,173,0,0
9,174,10,1
9,175,26,1
9,176,3,1
9,177,11,1
9,178,4,1
9,179,3,1
9,180,16,1
9,181,6,1
9,182,29,1
9,183,24,1
9,184,9,1
9,185,0,0
9,186,8,1
9,187,52,1
9,188,23,1
9,189,14,1
9,190,134,3
9,191,4,1
9,192,0,0
9,193,20,1
9,194,0,0
9,195,3,1
9,196,20,1
9,197,11,1
9,198,33,1
9,199,26,1
9,200,1,1
9,201,2,1
9,202,0,0
9,203,2,1
9,204,0,0
9,205,13,1
9,206,6,1
9,207,1,1
9,208,36,1
9,209,78,2
9,210,17,1
9,211,61,1
9,212,12,1
9,213,0,0
9,214,9,1
9,215,18,1
9,216,61,1
9,217,11,1
9,218,21,1
9,219,1,1
9,220,4,1
9,221,15,1
9,222,2,1
9,223,66,2
9,224,30,1
9,225,4,1
9,226,5,1
9,227,1,1
9,228,16,1
9,229,19,1
9,230,2,1
9,231,24,1
9,232,23,1
9,233,1,1
9,234,7,1
9,235,23,1
9,236,21,1
9,237,1,1
9,238,31,1
9,239,0,0
9,240,2,1
9,241,13,1
9,242,48,1
9,243,3,1
9,244,9,1
9,245,4,1
9,246,8,1
9,247,2,1
9,248,6,1
9,249,11,1
9,250,7,1
9,251,4,1
9,252,8,1
9,253,72,2
9,254,73,2
9,255,0,0
10,0,44,1
10,1,8,1
10,2,11,1
10,3,13,1
10,4,0,0
10,5,0,0
10,6,3,1
10,7,1,1
10,8,14,1
10,9,8,1
10,10,71,2
10,11,0,0
10,12,31,1
10,13,26,1
10,14,14,1
10,15,0,0
10,16,0,0
10,17,0,0
10,18,7,1
10,19,2,1
10,20,0,0
10,21,0,0
10,22,21,1
10,23,8,1
10,24,7,1
10,25,29,1
10,26,62,1
10,27,28,1
10,28,1,1
10,29,8,1
10,30,5,1
10,31,0,0
10,32,6,1
10,33,19,1
10,34,1,1
10,35,72,2
10,36,10,1
10,37,13,1
10,38,52,1
10,39,21,1
10,40,5,1
10,41,0,0
10,42,15,1
10,43,20,1
10,44,8,1
10,45,2,1
10,46,1,1
10,47,37,1
10,48,11,1
10,49,1,1
10,50,10,1
10,51,16,1
10,52,1,1
10,53,26,1
10,54,16,1
10,55,13,1
10,56,20,1
10,57,8,1
10,58,21,1
10,59,8,1
10,60,0,0
10,61,18,1
10,62,8,1
10,63,1,1
10,64,2,1
10,65,5,1
10,66,31,1
10,67,13,1
10,68,7,1
10,69,3,1
10,70,2,1
10,71,9,1
10,72,4,1
10,73,17,1
10,74,43,1
10,75,2,1
10,76,19,1
10,77,0,0
10,78,4,1
10,79,42,1
10,80,33,1
10,81,12,1
10,82,22,1
10,83,1,1
10,84,2,1
10,85,2,1
10,86,11,1
10,87,65,2
10,88,3,1
10,89,7,1
10,90,12,1
10,91,6,1
10,92,22,1
10,93,19,1
10,94,58,1
10,95,11,1
10,96,9,1
10,97,2,1
10,98,29,1
10,99,2,1
10,100,0,0
10,101,43,1
10,102,6,1
10,103,3,1
10,104,0,0
10,105,30,1
10,106,3,1
10,107,95,2
10,108,41,1
10,109,18,1
10,110,16,1
10,111,17,1
10,112,13,1
10,113,37,1
10,114,2,1
10,115,13,1
10,116,19,1
10,117,11,1
10,118,4,1
10,119,13,1
10,120,33,1
10,121,0,0
10,122,4,1
10,123,44,1
10,124,14,1
10,125,15,1
10,126,16,1
10,127,19,1
10,128,3,1
10,129,0,0
10,130,40,1
10,131,9,1
10,132,6,1
10,133,45,1
10,134,4,1
10,135,7,1
10,136,30,1
10,137,0,0
10,138,2,1
10,139,33,1
10,140,4,1
10,141,16,1
10,142,16,1
10,143,59,1
10,144,47,1
10,145,0,0
10,146,21,1
10,147,72,2
10,148,20,1
10,149,17,1
10,150,10,1
10,151,0,0
10,152,13,1
10,153,2,1
10,154,9,1
10,155,6,1
10,156,44,1
10,157,14,1
10,158,7,1
10,159,24,1
10,160,72,2
10,161,140,3
10,162,4,1
10,163,1,1
10,164,22,1
10,165,4,1
10,166,0,0
10,167,3,1
10,168,5,1
10,169,14,1
10,170,6,1
10,171,12,1
10,172,11,1
10,173,31,1
10,174,2,1
10,175,20,1
10,176,30,1
10,177,12,1
10,178,13,1
10,179,19,1
10,180,22,1
10,181,6,1
10,182,8,1
10,183,5,1
10,184,101,2
10,185,12,1
10,186,7,1
10,187,14,1
10,188,8,1
10,189,9,1
10,190,45,1
10,191,1,1
10,192,46,1
10,193,75,2
10,194,9,1
10,195,0,0
10,196,6,1
10,197,1,1
10,198,3,1
10,199,13,1
10,200,6,1
10,201,0,0
10,202,0,0
10,203,3,1
10,204,0,0
10,205,8,1
10,206,47,1
10,207,1,1
10,208,9,1
10,209,12,1
10,210,34,1
10,211,24,1
10,212,15,1
10,213,55,1
10,214,0,0
10,215,34,1
10,216,5,1
10,217,12,1
10,218,68,2
10,219,0,0
10,220,6,1
10,221,0,0
10,222,4,1
10,223,12,1
10,224,9,1
10,225,4,1
10,226,1,1
10,227,16,1
10,228,0,0
10,229,17,1
10,230,1,1
10,231,0,0
10,232,32,1
10,233,13,1
10,234,7,1
10,235,7,1
10,236,29,1
10,237,0,0
10,238,6,1
10,239,12,1
10,240,1,1
10,241,0,0
10,242,24,1
10,243,5,1
10,244,7,1
10,245,3,1
10,246,10,1
10,247,17,1
10,248,9,1
10,249,46,1
10,250,37,1
10,251,0,0
10,252,5,1
10,253,76,2
10,254,12,1
10,255,1,1
11,0,0,0
11,1,18,1
11,2,1,1
11,3,6,1
11,4,33,1
11,5,8,1
11,6,9,1
11,7,70,2
11,8,1,1
11,9,0,0
11,10,76,2
11,11,20,1
11,12,2,1
11,13,3,1
11,14,19,1
11,15,0,0
11,16,0,0
11,17,2,1
11,18,25,1
11,19,6,1
11,20,0,0
11,21,4,1
11,22,8,1
11,23,2,1
11,24,0,0
11,25,70,2
11,26,10,1
11,27,18,1
11,28,15,1
11,29,55,1
11,30,3,1
11,31,2,1
11,32,13,1
11,33,13,1
11,34,42,1
11,35,38,1
11,36,0,0
11,37,13,1
11,38,11,1
11,39,26,1
11,40,15,1
11,41,31,1
11,42,6,1
11,43,0,0
11,44,33,1
11,45,41,1
11,46,5,1
11,47,47,1
11,48,2,1
11,49,5,1
11,50,3,1
11,51,26,1
11,52,1,1
11,53,7,1
11,54,3,1
11,55,4,1
11,56,5,1
11,57,2,1
11,58,16,1
11,59,14,1
11,60,2,1
11,61,12,1
11,62,0,0
11,63,39,1
11,64,5,1
11,65,0,0
11,66,2,1
11,67,13,1
11,68,13,1
11,69,37,1
11,70,22,1
11,71,30,1
11,72,8,1
11,73,13,1
11,74,3,1
11,75,1,1
11,76,32,1
11,77,5,1
11,78,36,1
11,79,0,0
11,80,12,1
11,81,4,1
11,82,36,1
11,83,6,1
11,84,22,1
11,85,0,0
11,86,6,1
11,87,8,1
11,88,33,1
11,89,7,1
11,90,0,0
11,91,29,1
11,92,11,1
11,93,3,1
11,94,6,1
11,95,5,1
11,96,5,1
11,97,2,1
11,98,26,1
11,99,14,1
11,100,6,1
11,101,7,1
11,102,7,1
11,103,35,1
11,104,11,1
11,105,9,1
11,106,5,1
11,107,24,1
11,108,10,1
11,109,2,1
11,110,42,1
11,111,25,1
11,112,10,1
11,113,7,1
11,114,8,1
11,115,13,1
11,116,15,1
11,117,3,1
11,118,106,2
11,119,33,1
11,120,4,1
11,121,5,1
11,122,83,2
11,123,7,1
11,124,1,1
11,125,8,1
11,126,2,1
11,127,13,1
11,128,26,1
11,129,2,1
11,130,3,1
11,131,23,1
11,132,0,0
11,133,114,2
11,134,9,1
11,135,0,0
11,136,8,1
11,137,0,0
11,138,0,0
11,139,11,1
11,140,0,0
11,141,6,1
11,142,28,1
11,143,19,1
11,144,118,2
11,145,0,0
11,146,1,1
11,147,29,1
11,148,12,1
11,149,99,2
11,150,13,1
11,151,30,1
11,152,0,0
11,153,1,1
11,154,0,0
11,155,26,1
11,156,30,1
11,157,38,1
11,158,39,1
11,159,24,1
11,160,16,1
11,161,7,1
11,162,22,1
11,163,2,1
11,164,14,1
11,165,35,1
11,166,3,1
11,167,4,1
11,168,6,1
11,169,24,1
11,170,48,1
11,171,9,1
11,172,11,1
11,173,5,1
11,174,0,0
11,175,3,1
11,176,0,0
11,177,6,1
11,178,22,1
11,179,7,1
11,180,20,1
11,181,12,1
11,182,1,1
11,183,7,1
11,184,8,1
11,185,1,1
11,186,30,1
11,187,23,1
11,188,10,1
11,189,2,1
11,190,40,1
11,191,6,1
11,192,37,1
11,193,34,1
11,194,16,1
11,195,10,1
11,196,20,1
11,197,37,1
11,198,5,1
11,199,20,1
11,200,6,1
11,201,16,1
11,202,13,1
11,203,0,0
11,204,6,1
11,205,12,1
11,206,19,1
11,207,0,0
11,208,10,1
11,209,10,1
11,210,13,1
11,211,3,1
11,212,2,1
11,213,13,1
11,214,10,1
11,215,0,0
11,216,4,1
11,217,132,3
11,218,19,1
11,219,18,1
11,220,4,1
11,221,5,1
11,222,1,1
11,223,39,1
11,224,1,1
11,225,13,1
11,226,7,1
11,227,0,0
11,228,0,0
11,229,15,1
11,230,0,0
11,231,11,1
11,232,20,1
11,233,13,1
11,234,51,1
11,235,47,1
11,236,9,1
11,237,0,0
11,238,0,0
11,239,27,1
11,240,9,1
11,241,0,0
11,242,3,1
11,243,26,1
11,244,135,3
11,245,2,1
11,246,39,1
11,247,9,1
11,248,16,1
11,249,2,1
11,250,19,1
11,251,4,1
11,252,5,1
11,253,1,1
11,254,40,1
11,255,8,1
12,0,1,1
12,1,5,1
12,2,4,1
12,3,8,1
12,4,0,0
12,5,1,1
12,6,11,1
12,7,8,1
12,8,7,1
12,9,0,0
12,10,2,1
12,11,6,1
12,12,41,1
12,13,14,1
12,14,4,1
12,15,0,0
12,16,0,0
12,17,0,0
12,18,1,1
12,19,43,1
12,20,4,1
12,21,55,1
12,22,23,1
12,23,0,0
12,24,5,1
12,25,25,1
12,26,2,1
12,27,57,1
12,28,5,1
12,29,16,1
12,30,6,1
12,31,0,0
12,32,18,1
12,33,42,1
12,34,9,1
12,35,1,1
12,36,1,1
12,37,31,1
12,38,1,1
12,39,13,1
12,40,10,1
12,41,3,1
12,42,6,1
12,43,3,1
12,44,6,1
12,45,4,1
12,46,3,1
12,47,0,0
12,48,51,1
12,49,48,1
12,50,9,1
12,51,2,1
12,52,0,0
12,53,0,0
12,54,48,1
12,55,5,1
12,56,1,1
12,57,0,0
12,58,15,1
12,59,9,1
12,60,0,0
12,61,49,1
12,62,0,0
12,63,24,1
12,64,7,1
12,65,6,1
12,66,1,1
12,67,20,1
12,68,1,1
12,69,15,1
12,70,5,1
12,71,27,1
12,72,3,1
12,73,0,0
12,74,4,1
12,75,0,0
12,76,10,1
12,77,1,1
12,78,20,1
12,79,2,1
12,80,2,1
12,81,58,1
12,82,18,1
12,83,8,1
12,84,8,1
12,85,9,1
12,86,21,1
12,87,10,1
12,88,9,1
12,89,1,1
12,90,0,0
12,91,6,1
12,92,8,1
12,93,6,1
12,94,12,1
12,95,5,1
12,96,10,1
12,97,112,2
12,98,0,0
12,99,11,1
12,100,4,1
12,101,1,1
12,102,7,1
12,103,16,1
12,104,13,1
12,105,9,1
12,106,34,1
12,107,32,1
12,108,151,3
12,109,2,1
12,110,31,1
12,111,57,1
12,112,37,1
12,113,14,1
12,114,84,2
12,115,26,1
12,116,1,1
12,117,6,1
12,118,34,1
12,119,8,1
12,120,2,1
12,121,1,1
12,122,46,1
12,123,7,1
12,124,9,1
12,125,11,1
12,126,3,1
12,127,19,1
12,128,74,2
12,129,42,1
12,130,16,1
12,131,0,0
12,132,1,1
12,133,9,1
12,134,6,1
12,135,0,0
12,136,21,1
12,137,2,1
12,138,0,0
12,139,12,1
12,140,1,1
12,141,32,1
12,142,30,1
12,143,22,1
12,144,6,1
12,145,5,1
12,146,3,1
12,147,8,1
12,148,0,0
12,149,5,1
12,150,18,1
12,151,0,0
12,152,1,1
12,153,39,1
12,154,0,0
12,155,26,1
12,156,15,1
12,157,8,1
12,158,1,1
12,159,0,0
12,160,4,1
12,161,7,1
12,162,0,0
12,163,11,1
12,164,5,1
12,165,100,2
12,166,3,1
12,167,119,2
12,168,10,1
12,169,3,1
12,170,44,1
12,171,15,1
12,172,13,1
12,173,2,1
12,174,5,1
12,175,15,1
12,176,0,0
12,177,7,1
12,178,29,1
12,179,4,1
12,180,38,1
12,181,10,1
12,182,209,4
12,183,19,1
12,184,30,1
12,185,39,1
12,186,9,1
12,187,2,1
12,188,27,1
12,189,10,1
12,190,25,1
12,191,4,1
12,192,33,1
12,193,6,1
12,194,10,1
12,195,7,1
12,196,0,0
12,197,12,1
12,198,5,1
12,199,14,1
12,200,29,1
12,201,0,0
12,202,12,1
12,203,2,1
12,204,0,0
12,205,22,1
12,206,1,1
12,207,14,1
12,208,4,1
12,209,6,1
12,210,32,1
12,211,0,0
12,212,41,1
12,213,3,1
12,214,43,1
12,215,0,0
12,216,44,1
12,217,9,1
12,218,11,1
12,219,0,0
12,220,7,1
12,221,1,1
12,222,1,1
12,223,6,1
12,224,40,1
12,225,5,1
12,226,18,1
12,227,21,1
12,228,0,0
12,229,68,2
12,230,0,0
12,231,8,1
12,232,37,1
12,233,10,1
12,234,16,1
12,235,1,1
12,236,5,1
12,237,0,0
12,238,0,0
12,239,8,1
12,240,14,1
12,241,1,1
12,242,53,1
12,243,8,1
12,244,1,1
12,245,10,1
12,246,110,2
12,247,86,2
12,248,6,1
12,249,0,0
12,250,33,1
12,251,2,1
12,252,40,1
12,253,18,1
12,254,10,1
12,255,4,1
13,0,0,0
13,1,1,1
13,2,0,0
13,3,11,1
13,4,0,0
13,5,25,1
13,6,27,1
13,7,27,1
13,8,3,1
13,9,22,1
13,10,13,1
13,11,9,1
13,12,35,1
13,13,8,1
13,14,6,1
13,15,2,1
13,16,0,0
13,17,2,1
13,18,21,1
13,19,3,1
13,20,0,0
13,21,5,1
13,22,54,1
13,23,0,0
13,24,0,0
13,25,68,2
13,26,6,1
13,27,26,1
13,28,6,1
13,29,16,1
13,30,23,1
13,31,0,0
13,32,0,0
13,33,0,0
13,34,7,1
13,35,10,1
13,36,14,1
13,37,3,1
13,38,3,1
13,39,6,1
13,40,2,1
13,41,2,1
13,42,4,1
13,43,5,1
13,44,4,1
13,45,0,0
13,46,2,1
13,47,43,1
13,48,3,1
13,49,117,2
13,50,6,1
13,51,0,0
13,52,10,1
13,53,9,1
13,54,18,1
13,55,15,1
13,56,2,1
13,57,1,1
13,58,23,1
13,59,10,1
13,60,0,0
13,61,9,1
13,62,0,0
13,63,18,1
13,64,2,1
13,65,30,1
13,66,72,2
13,67,12,1
13,68,0,0
13,69,7,1
13,70,25,1
13,71,7,1
13,72,1,1
13,73,8,1
13,74,9,1
13,75,2,1
13,76,46,1
13,77,34,1
13,78,7,1
13,79,38,1
13,80,0,0
13,81,0,0
13,82,18,1
13,83,10,1
13,84,7,1
13,85,0,0
13,86,17,1
13,87,3,1
13,88,17,1
13,89,16,1
13,90,0,0
13,91,35,1
13,92,8,1
13,93,21,1
13,94,32,1
13,95,5,1
13,96,1,1
13,97,31,1
13,98,26,1
13,99,24,1
13,100,16,1
13,101,3,1
13,102,1,1
13,103,12,1
13,104,0,0
13,105,0,0
13,106,5,1
13,107,50,1
13,108,101,2
13,109,19,1
13,110,2,1
13,111,63,1
13,112,12,1
13,113,3,1
13,114,0,0
13,115,16,1
13,116,14,1
13,117,34,1
13,118,19,1
13,119,36,1
13,120,4,1
13,121,34,1
13,122,14,1
13,123,20,1
13,124,34,1
13,125,70,2
13,126,0,0
13,127,0,0
13,128,12,1
13,129,4,1
13,130,6,1
13,131,4,1
13,132,78,2
13,133,0,0
13,134,30,1
13,135,12,1
13,136,7,1
13,137,0,0
13,138,3,1
13,139,13,1
13,140,7,1
13,141,98,2
13,142,1,1
13,143,7,1
13,144,8,1
13,145,52,1
13,146,6,1
13,147,1,1
13,148,4,1
13,149,10,1
13,150,29,1
13,151,0,0
13,152,3,1
13,153,2,1
13,154,0,0
13,155,2,1
13,156,27,1
13,157,0,0
13,158,13,1
13,159,11,1
13,160,4,1
13,161,27,1
13,162,4,1
13,163,7,1
13,164,18,1
13,165,6,1
13,166,5,1
13,167,20,1
13,168,4,1
13,169,3,1
13,170,2,1
13,171,39,1
13,172,81,2
13,173,3,1
13,174,16,1
13,175,4,1
13,176,82,2
13,177,8,1
13,178,7,1
13,179,63,1
13,180,271,5
13,181,4,1
13,182,7,1
13,183,5,1
13,184,2,1
13,185,12,1
13,186,10,1
13,187,0,0
13,188,1,1
13,189,14,1
13,190,9,1
13,191,1,1
13,192,13,1
13,193,8,1
13,194,0,0
13,195,11,1
13,196,14,1
13,197,15,1
13,198,5,1
13,199,23,1
13,200,38,1
13,201,0,0
13,202,4,1
13,203,6,1
13,204,11,1
13,205,0,0
13,206,19,1
13,207,0,0
13,208,7,1
13,209,6,1
13,210,46,1
13,211,0,0
13,212,40,1
13,213,2,1
13,214,4,1
13,215,3,1
13,216,12,1
13,217,3,1
13,218,2,1
13,219,0,0
13,220,1,1
13,221,0,0
13,222,12,1
13,223,4,1
13,224,76,2
13,225,6,1
13,226,0,0
13,227,151,3
13,228,0,0
13,229,5,1
13,230,1,1
13,231,45,1
13,232,5,1
13,233,69,2
13,234,19,1
13,235,20,1
13,236,2,1
13,237,0,0
13,238,7,1
13,239,1,1
13,240,17,1
13,241,2,1
13,242,16,1
13,243,23,1
13,244,10,1
13,245,5,1
13,246,25,1
13,247,2,1
13,248,7,1
13,249,0,0
13,250,6,1
13,251,9,1
13,252,81,2
13,253,54,1
13,254,4,1
13,255,12,1
14,0,10,1
14,1,13,1
14,2,3,1
14,3,19,1
14,4,0,0
14,5,1,1
14,6,0,0
14,7,3,1
14,8,3,1
14,9,0,0
14,10,6,1
14,11,5,1
14,12,12,1
14,13,3,1
14,14,21,1
14,15,0,0
14,16,0,0
14,17,27,1
14,18,9,1
14,19,40,1
14,20,2,1
14,21,0,0
14,22,20,1
14,23,16,1
14,24,2,1
14,25,11,1
14,26,4,1
14,27,2,1
14,28,3,1
14,29,3,1
14,30,72,2
14,31,26,1
14,32,36,1
14,33,17,1
14,34,74,2
14,35,10,1
14,36,0,0
14,37,5,1
14,38,6,1
14,39,24,1
14,40,213,4
14,41,0,0
14,42,31,1
14,43,139,3
14,44,15,1
14,45,0,0
14,46,1,1
14,47,46,1
14,48,0,0
14,49,42,1
14,50,22,1
14,51,5,1
14,52,0,0
14,53,11,1
14,54,25,1
14,55,0,0
14,56,2,1
14,57,21,1
14,58,98,2
14,59,34,1
14,60,10,1
14,61,1,1
14,62,2,1
14,63,3,1
14,64,7,1
14,65,0,0
14,66,7,1
14,67,101,2
14,68,0,0
14,69,11,1
14,70,6,1
14,71,29,1
14,72,3,1
14,73,3,1
14,74,3,1
14,75,15,1
14,76,10,1
14,77,6,1
14,78,0,0
14,79,3,1
14,80,0,0
14,81,0,0
14,82,3,1
14,83,1,1
14,84,5,1
14,85,5,1
14,86,88,2
14,87,0,0
14,88,5,1
14,89,5,1
14,90,0,0
14,91,9,1
14,92,27,1
14,93,24,1
14,94,109,2
14,95,1,1
14,96,10,1
14,97,80,2
14,98,0,0
14,99,4,1
14,100,4,1
14,101,7,1
14,102,4,1
14,103,51,1
14,104,0,0
14,105,0,0
14,106,4,1
14,107,20,1
14,108,1,1
14,109,30,1
14,110,8,1
14,111,7,1
14,112,86,2
14,113,26,1
14,114,1,1
14,115,59,1
14,116,1,1
14,117,0,0
14,118,4,1
14,119,68,2
14,120,5,1
14,121,0,0
14,122,34,1
14,123,1,1
14,124,38,1
14,125,143,3
14,126,2,1
14,127,5,1
14,128,3,1
14,129,3,1
14,130,3,1
14,131,60,1
14,132,4,1
14,133,0,0
14,134,62,1
14,135,26,1
14,136,13,1
14,137,10,1
14,138,1,1
14,139,0,0
14,140,3,1
14,141,19,1
14,142,0,0
14,143,0,0
14,144,27,1
14,145,5,1
14,146,54,1
14,147,17,1
14,148,4,1
14,149,0,0
14,150,23,1
14,151,0,0
14,152,8,1
14,153,3,1
14,154,17,1
14,155,3,1
14,156,0,0
14,157,1,1
14,158,6,1
14,159,30,1
14,160,4,1
14,161,4,1
14,162,24,1
14,163,11,1
14,164,5,1
14,165,37,1
14,166,80,2
14,167,3,1
14,168,25,1
14,169,0,0
14,170,25,1
14,171,36,1
14,172,28,1
14,173,1,1
14,174,0,0
14,175,22,1
14,176,22,1
14,177,11,1
14,178,5,1
14,179,13,1
14,180,0,0
14,181,7,1
14,182,12,1
14,183,64,1
14,184,0,0
14,185,28,1
14,186,14,1
14,187,1,1
14,188,22,1
14,189,1,1
14,190,0,0
14,191,0,0
14,192,2,1
14,193,19,1
14,194,1,1
14,195,11,1
14,196,0,0
14,197,6,1
14,198,1,1
14,199,14,1
14,200,1,1
14,201,0,0
14,202,18,1
14,203,17,1
14,204,0,0
14,205,29,1
14,206,0,0
14,207,0,0
14,208,5,1
14,209,21,1
14,210,12,1
14,211,0,0
14,212,12,1
14,213,2,1
14,214,79,2
14,215,1,1
14,216,35,1
14,217,15,1
14,218,5,1
14,219,0,0
14,220,7,1
14,221,0,0
14,222,0,0
14,223,0,0
14,224,11,1
14,225,1,1
14,226,0,0
14,227,7,1
14,228,14,1
14,229,12,1
14,230,0,0
14,231,1,1
14,232,38,1
14,233,11,1
14,234,1,1
14,235,2,1
14,236,18,1
14,237,11,1
14,238,3,1
14,239,54,1
14,240,47,1
14,241,4,1
14,242,5,1
14,243,0,0
14,244,11,1
14,245,13,1
14,246,0,0
14,247,38,1
14,248,15,1
14,249,30,1
14,250,0,0
14,251,4,1
14,252,21,1
14,253,53,1
14,254,17,1
14,255,13,1
15,0,5,1
15,1,375,6
15,2,22,1
15,3,38,1
15,4,5,1
15,5,13,1
15,6,14,1
15,7,48,1
15,8,0,0
15,9,50,1
15,10,24,1
15,11,2,1
15,12,12,1
15,13,58,1
15,14,4,1
15,15,0,0
15,16,0,0
15,17,0,0
15,18,3,1
15,19,9,1
15,20,0,0
15,21,1,1
15,22,83,2
15,23,4,1
15,24,0,0
15,25,0,0
15,26,0,0
15,27,14,1
15,28,0,0
15,29,2,1
15,30,4,1
15,31,12,1
15,32,0,0
15,33,22,1
15,34,2,1
15,35,1,1
15,36,11,1
15,37,55,1
15,38,0,0
15,39,4,1
15,40,5,1
15,41,1,1
15,42,9,1
15,43,3,1
15,44,0,0
15,45,7,1
15,46,0,0
15,47,37,1
15,48,4,1
15,49,7,1
15,50,1,1
15,51,4,1
15,52,3,1
15,53,0,0
15,54,7,1
15,55,5,1
15,56,90,2
15,57,6,1
15,58,0,0
15,59,55,1
15,60,0,0
15,61,23,1
15,62,11,1
15,63,31,1
15,64,0,0
15,65,7,1
15,66,26,1
15,67,57,1
15,68,0,0
15,69,10,1
15,70,0,0
15,71,42,1
15,72,5,1
15,73,56,1
15,74,4,1
15,75,0,0
15,76,3,1
15,77,0,0
15,78,28,1
15,79,0,0
15,80,39,1
15,81,9,1
15,82,1,1
15,83,7,1
15,84,13,1
15,85,0,0
15,86,4,1
15,87,37,1
15,88,45,1
15,89,14,1
15,90,0,0
15,91,0,0
15,92,5,1
15,93,9,1
15,94,217,4
15,95,0,0
15,96,1,1
15,97,0,0
15,98,19,1
15,99,3,1
15,100,4,1
15,101,28,1
15,102,2,1
15,103,0,0
15,104,20,1
15,105,26,1
15,106,33,1
15,107,24,1
15,108,2,1
15,109,16,1
15,110,1,1
15,111,6,1
15,112,36,1
15,113,8,1
15,114,4,1
15,115,0,0
15,116,133,3
15,117,23,1
15,118,51,1
15,119,1,1
15,120,16,1
15,121,2,1
15,122,11,1
15,123,9,1
15,124,0,0
15,125,4,1
15,126,10,1
15,127,7,1
15,128,50,1
15,129,7,1
15,130,7,1
15,131,5,1
15,132,13,1
15,133,38,1
15,134,17,1
15,135,0,0
15,136,17,1
15,137,5,1
15,138,1,1
15,139,3,1
15,140,8,1
15,141,49,1
15,142,41,1
15,143,0,0
15,144,10,1
15,145,39,1
15,146,4,1
15,147,53,1
15,148,2,1
15,149,33,1
15,150,35,1
15,151,14,1
15,152,1,1
15,153,0,0
15,154,1,1
15,155,5,1
15,156,0,0
15,157,4,1
15,158,1,1
15,159,11,1
15,160,19,1
15,161,16,1
15,162,0,0
15,163,28,1
15,164,16,1
15,165,43,1
15,166,1,1
15,167,14,1
15,168,22,1
15,169,6,1
15,170,11,1
15,171,30,1
15,172,14,1
15,173,1,1
15,174,0,0
15,175,2,1
15,176,30,1
15,177,0,0
15,178,14,1
15,179,13,1
15,180,6,1
15,181,33,1
15,182,5,1
15,183,0,0
15,184,24,1
15,185,1,1
15,186,1,1
15,187,0,0
15,188,55,1
15,189,5,1
15,190,5,1
15,191,11,1
15,192,18,1
15,193,4,1
15,194,0,0
15,195,5,1
15,196,13,1
15,197,20,1
15,198,3,1
15,199,0,0
15,200,1,1
15,201,0,0
15,202,32,1
15,203,5,1
15,204,5,1
15,205,9,1
15,206,0,0
15,207,0,0
15,208,10,1
15,209,103,2
15,210,19,1
15,211,11,1
15,212,0,0
15,213,12,1
15,214,0,0
15,215,0,0
15,216,38,1
15,217,27,1
15,218,4,1
15,219,8,1
15,220,18,1
15,221,18,1
15,222,22,1
15,223,10,1
15,224,0,0
15,225,0,0
15,226,10,1
15,227,1,1
15,228,11,1
15,229,1,1
15,230,2,1
15,231,2,1
15,232,9,1
15,233,0,0
15,234,138,3
15,235,0,0
15,236,6,1
15,237,0,0
15,238,59,1
15,239,8,1
15,240,14,1
15,241,0,0
15,242,20,1
15,243,14,1
15,244,28,1
15,245,13,1
15,246,0,0
15,247,0,0
15,248,0,0
15,249,11,1
15,250,12,1
15,251,2,1
15,252,5,1
15,253,9,1
15,254,29,1
15,255,33,1
16,0,21,1
16,1,0,0
16,2,4,1
16,3,5,1
16,4,3,1
16,5,0,0
16,6,3,1
16,7,0,0
16,8,1,1
16,9,58,1
16,10,2,1
16,11,0,0
16,12,25,1
16,13,1,1
16,14,122,2
16,15,0,0
16,16,0,0
16,17,2,1
16,18,11,1
16,19,0,0
16,20,8,1
16,21,68,2
16,22,0,0
16,23,0,0
16,24,3,1
16,25,2,1
16,26,18,1
16,27,11,1
16,28,2,1
16,29,5,1
16,30,4,1
16,31,0,0
16,32,3,1
16,33,4,1
16,34,0,0
16,35,36,1
16,36,11,1
16,37,4,1
16,38,1,1
16,39,11,1
16,40,3,1
16,41,17,1
16,42,0,0
16,43,5,1
16,44,10,1
16,45,9,1
16,46,16,1
16,47,3,1
16,48,0,0
16,49,47,1
16,50,4,1
16,51,2,1
16,52,3,1
16,53,1,1
16,54,10,1
16,55,0,0
16,56,124,2
16,57,24,1
16,58,0,0
16,59,69,2
16,60,14,1
16,61,11,1
16,62,7,1
16,63,20,1
16,64,2,1
16,65,15,1
16,66,174,3
16,67,48,1
16,68,0,0
16,69,31,1
16,70,47,1
16,71,42,1
16,72,0,0
16,73,4,1
16,74,22,1
16,75,19,1
16,76,0,0
16,77,0,0
16,78,75,2
16,79,2,1
16,80,12,1
16,81,0,0
16,82,2,1
16,83,18,1
16,84,2,1
16,85,0,0
16,86,7,1
16,87,11,1
16,88,21,1
16,89,0,0
16,90,2,1
16,91,1,1
16,92,3,1
16,93,2,1
16,94,4,1
16,95,3,1
16,96,0,0
16,97,26,1
16,98,16,1
16,99,2,1
16,100,22,1
16,101,6,1
16,102,11,1
16,103,0,0
16,104,0,0
16,105,1,1
16,106,0,0
16,107,7,1
16,108,3,1
16,109,0,0
16,110,30,1
16,111,0,0
16,112,19,1
16,113,3,1
16,114,4,1
16,115,76,2
16,116,0,0
16,117,0,0
16,118,24,1
16,119,0,0
16,120,70,2
16,121,29,1
16,122,0,0
16,123,12,1
16,124,4,1
16,125,2,1
16,126,4,1
16,127,16,1
16,128,2,1
16,129,0,0
16,130,3,1
16,131,12,1
16,132,1,1
16,133,138,3
16,134,5,1
16,135,59,1
16,136,13,1
16,137,3,1
16,138,15,1
16,139,1,1
16,140,0,0
16,141,20,1
16,142,13,1
16,143,73,2
16,144,8,1
16,145,0,0
16,146,155,3
16,147,0,0
16,148,19,1
16,149,5,1
16,150,38,1
16,151,0,0
16,152,3,1
16,153,21,1
16,154,0,0
16,155,58,1
16,156,1,1
16,157,2,1
16,158,18,1
16,159,18,1
16,160,0,0
16,161,34,1
16,162,10,1
16,163,0,0
16,164,59,1
16,165,27,1
16,166,42,1
16,167,60,1
16,168,28,1
16,169,87,2
16,170,13,1
16,171,12,1
16,172,0,0
16,173,1,1
16,174,1,1
16,175,4,1
16,176,0,0
16,177,0,0
16,178,14,1
16,179,2,1
16,180,13,1
16,181,13,1
16,182,0,0
16,183,0,0
16,184,45,1
16,185,9,1
16,186,4,1
16,187,0,0
16,188,18,1
16,189,4,1
16,190,3,1
16,191,57,1
16,192,32,1
16,193,12,1
16,194,2,1
16,195,4,1
16,196,31,1
16,197,67,2
16,198,6,1
16,199,26,1
16,200,82,2
16,201,3,1
16,202,0,0
16,203,5,1
16,204,26,1
16,205,3,1
16,206,0,0
16,207,0,0
16,208,21,1
16,209,0,0
16,210,11,1
16,211,0,0
16,212,1,1
16,213,24,1
16,214,35,1
16,215,1,1
16,216,16,1
16,217,0,0
16,218,4,1
16,219,47,1
16,220,30,1
16,221,43,1
16,222,0,0
16,223,4,1
16,224,1,1
16,225,12,1
16,226,47,1
16,227,10,1
16,228,29,1
16,229,14,1
16,230,0,0
16,231,58,1
16,232,6,1
16,233,1,1
16,234,87,2
16,235,2,1
16,236,3,1
16,237,3,1
16,238,0,0
16,239,24,1
16,240,18,1
16,241,0,0
16,242,22,1
16,243,0,0
16,244,4,1
16,245,0,0
16,246,42,1
16,247,0,0
16,248,22,1
16,249,4,1
16,250,21,1
16,251,0,0
16,252,2,1
16,253,43,1
16,254,1,1
16,255,16,1
17,0,12,1
17,1,60,1
17,2,3,1
17,3,0,0
17,4,2,1
17,5,9,1
17,6,53,1
17,7,7,1
17,8,10,1
17,9,0,0
17,10,4,1
17,11,2,1
17,12,6,1
17,13,5,1
17,14,10,1
17,15,1,1
17,16,0,0
17,17,19,1
17,18,11,1
17,19,0,0
17,20,1,1
17,21,49,1
17,22,45,1
17,23,42,1
17,24,2,1
17,25,4,1
17,26,2,1
17,27,2,1
17,28,30,1
17,29,3,1
17,30,5,1
17,31,0,0
17,32,17,1
17,33,0,0
17,34,30,1
17,35,18,1
17,36,7,1
17,37,2,1
17,38,6,1
17,39,0,0
17,40,60,1
17,41,1,1
17,42,8,1
17,43,2,1
17,44,34,1
17,45,5,1
17,46,20,1
17,47,1,1
17,48,15,1
17,49,0,0
17,50,1,1
17,51,1,1
17,52,5,1
17,53,0,0
17,54,0,0
17,55,9,1
17,56,4,1
17,57,0,0
17,58,0,0
17,59,13,1
17,60,37,1
17,61,0,0
17,62,1,1
17,63,12,1
17,64,0,0
17,65,0,0
17,66,5,1
17,67,1,1
17,68,0,0
17,69,0,0
17,70,17,1
17,71,17,1
17,72,2,1
17,73,4,1
17,74,31,1
17,75,135,3
17,76,0,0
17,77,0,0
17,78,31,1
17,79,53,1
17,80,8,1
17,81,0,0
17,82,1,1
17,83,6,1
17,84,1,1
17,85,0,0
17,86,113,2
17,87,11,1
17,88,1,1
17,89,13,1
17,90,0,0
17,91,10,1
17,92,8,1
17,93,25,1
17,94,16,1
17,95,64,1
17,96,0,0
17,97,6,1
17,98,1,1
17,99,14,1
17,100,16,1
17,101,24,1
17,102,4,1
17,103,3,1
17,104,75,2
17,105,6,1
17,106,2,1
17,107,0,0
17,108,2,1
17,109,0,0
17,110,12,1
17,111,0,0
17,112,44,1
17,113,9,1
17,114,7,1
17,115,16,1
17,116,25,1
17,117,1,1
17,118,1,1
17,119,2,1
17,120,0,0
17,121,7,1
17,122,0,0
17,123,28,1
17,124,11,1
17,125,33,1
17,126,6,1
17,127,14,1
17,128,0,0
17,129,3,1
17,130,172,3
17,131,2,1
17,132,11,1
17,133,41,1
17,134,6,1
17,135,24,1
17,136,32,1
17,137,3,1
17,138,22,1
17,139,1,1
17,140,0,0
17,141,23,1
17,142,24,1
17,143,0,0
17,144,30,1
17,145,87,2
17,146,23,1
17,147,7,1
17,148,1,1
17,149,153,3
17,150,25,1
17,151,0,0
17,152,0,0
17,153,10,1
17,154,1,1
17,155,36,1
17,156,22,1
17,157,213,4
17,158,21,1
17,159,0,0
17,160,0,0
17,161,12,1
17,162,1,1
17,163,3,1
17,164,18,1
17,165,0,0
17,166,19,1
17,167,1,1
17,168,19,1
17,169,0,0
17,170,5,1
17,171,25,1
17,172,156,3
17,173,6,1
17,174,4,1
17,175,7,1
17,176,0,0
17,177,0,0
17,178,12,1
17,179,51,1
17,180,25,1
17,181,107,2
17,182,0,0
17,183,1,1
17,184,1,1
17,185,2,1
17,186,3,1
17,187,24,1
17,188,38,1
17,189,15,1
17,190,0,0
17,191,3,1
17,192,18,1
17,193,26,1
17,194,28,1
17,195,0,0
17,196,13,1
17,197,54,1
17,198,28,1
17,199,2,1
17,200,29,1
17,201,1,1
17,202,0,0
17,203,30,1
17,204,2,1
17,205,15,1
17,206,0,0
17,207,1,1
17,208,0,0
17,209,17,1
17,210,21,1
17,211,0,0
17,212,0,0
17,213,19,1
17,214,29,1
17,215,5,1
17,216,29,1
17,217,15,1
17,218,1,1
17,219,4,1
17,220,13,1
17,221,3,1
17,222,23,1
17,223,2,1
17,224,3,1
17,225,7,1
17,226,1,1
17,227,4,1
17,228,16,1
17,229,9,1
17,230,0,0
17,231,10,1
17,232,8,1
17,233,0,0
17,234,52,1
17,235,1,1
17,236,47,1
17,237,0,0
17,238,30,1
17,239,1,1
17,240,46,1
17,241,4,1
17,242,1,1
17,243,28,1
17,244,40,1
17,245,0,0
17,246,2,1
17,247,16,1
17,248,2,1
17,249,4,1
17,250,83,2
17,251,8,1
17,252,8,1
17,253,19,1
17,254,17,1
17,255,0,0
18,0,21,1
18,1,413,7
18,2,11,1
18,3,9,1
18,4,15,1
18,5,14,1
18,6,8,1
18,7,0,0
18,8,0,0
18,9,5,1
18,10,21,1
18,11,0,0
18,12,0,0
18,13,35,1
18,14,0,0
18,15,0,0
18,16,0,0
18,17,1,1
18,18,6,1
18,19,1,1
18,20,57,1
18,21,16,1
18,22,18,1
18,23,2,1
18,24,0,0
18,25,0,0
18,26,1,1
18,27,1,1
18,28,3,1
18,29,0,0
18,30,1,1
18,31,0,0
18,32,8,1
18,33,0,0
18,34,3,1
18,35,93,2
18,36,55,1
18,37,1,1
18,38,70,2
18,39,8,1
18,40,0,0
18,41,0,0
18,42,5,1
18,43,1,1
18,44,23,1
18,45,0,0
18,46,14,1
18,47,0,0
18,48,0,0
18,49,21,1
18,50,5,1
18,51,15,1
18,52,18,1
18,53,4,1
18,54,1,1
18,55,5,1
18,56,7,1
18,57,0,0
18,58,6,1
18,59,28,1
18,60,0,0
18,61,3,1
18,62,2,1
18,63,10,1
18,64,20,1
18,65,5,1
18,66,1,1
18,67,0,0
18,68,0,0
18,69,10,1
18,70,43,1
18,71,94,2
18,72,5,1
18,73,47,1
18,74,1,1
18,75,32,1
18,76,11,1
18,77,8,1
18,78,1,1
18,79,1,1
18,80,4,1
18,81,0,0
18,82,7,1
18,83,13,1
18,84,0,0
18,85,7,1
18,86,5,1
18,87,0,0
18,88,0,0
18,89,0,0
18,90,0,0
18,91,5,1
18,92,9,1
18,93,7,1
18,94,85,2
18,95,30,1
18,96,7,1
18,97,25,1
18,98,23,1
18,99,12,1
18,100,9,1
18,101,9,1
18,102,10,1
18,103,48,1
18,104,19,1
18,105,58,1
18,106,137,3
18,107,29,1
18,108,24,1
18,109,0,0
18,110,2,1
18,111,0,0
18,112,17,1
18,113,28,1
18,114,3,1
18,115,0,0
18,116,8,1
18,117,24,1
18,118,41,1
18,119,54,1
18,120,18,1
18,121,0,0
18,122,2,1
18,123,0,0
18,124,3,1
18,125,3,1
18,126,0,0
18,127,18,1
18,128,1,1
18,129,0,0
18,130,12,1
18,131,18,1
18,132,2,1
18,133,0,0
18,134,10,1
18,135,11,1
18,136,236,4
18,137,2,1
18,138,7,1
18,139,31,1
18,140,13,1
18,141,1,1
18,142,4,1
18,143,59,1
18,144,0,0
18,145,14,1
18,146,89,2
18,147,2,1
18,148,16,1
18,149,20,1
18,150,5,1
18,151,0,0
18,152,2,1
18,153,6,1
18,154,0,0
18,155,10,1
18,156,51,1
18,157,0,0
18,158,7,1
18,159,1,1
18,160,11,1
18,161,5,1
18,162,1,1
18,163,0,0
18,164,2,1
18,165,9,1
18,166,1,1
18,167,7,1
18,168,36,1
18,169,7,1
18,170,1,1
18,171,54,1
18,172,26,1
18,173,13,1
18,174,1,1
18,175,9,1
18,176,26,1
18,177,4,1
18,178,0,0
18,179,7,1
18,180,41,1
18,181,0,0
18,182,14,1
18,183,0,0
18,184,22,1
18,185,4,1
18,186,1,1
18,187,3,1
18,188,25,1
18,189,12,1
18,190,2,1
18,191,0,0
18,192,21,1
18,193,0,0
18,194,55,1
18,195,5,1
18,196,81,2
18,197,0,0
18,198,0,0
18,199,14,1
18,200,3,1
18,201,93,2
18,202,14,1
18,203,37,1
18,204,6,1
18,205,14,1
18,206,1,1
18,207,6,1
18,208,0,0
18,209,28,1
18,210,7,1
18,211,0,0
18,212,51,1
18,213,21,1
18,214,62,1
18,215,5,1
18,216,0,0
18,217,0,0
18,218,0,0
18,219,0,0
18,220,4,1
18,221,13,1
18,222,57,1
18,223,0,0
18,224,0,0
18,225,4,1
18,226,45,1
18,227,0,0
18,228,13,1
18,229,20,1
18,230,3,1
18,231,42,1
18,232,0,0
18,233,0,0
18,234,8,1
18,235,0,0
18,236,0,0
18,237,0,0
18,238,0,0
18,239,0,0
18,240,3,1
18,241,25,1
18,242,1,1
18,243,17,1
18,244,0,0
18,245,5,1
18,246,5,1
18,247,3,1
18,248,4,1
18,249,56,1
18,250,13,1
18,251,0,0
18,252,103,2
18,253,1,1
18,254,2,1
18,255,4,1
19,0,0,0
19,1,2,1
19,2,0,0
19,3,3,1
19,4,3,1
19,5,2,1
19,6,57,1
19,7,0,0
19,8,2,1
19,9,8,1
19,10,4,1
19,11,0,0
19,12,13,1
19,13,0,0
19,14,5,1
19,15,0,0
19,16,1,1
19,17,47,1
19,18,1,1
19,19,1,1
19,20,0,0
19,21,11,1
19,22,0,0
19,23,1,1
19,24,7,1
19,25,0,0
19,26,32,1
19,27,5,1
19,28,1,1
19,29,2,1
19,30,0,0
19,31,30,1
19,32,2,1
19,33,5,1
19,34,2,1
19,35,41,1
19,36,16,1
19,37,24,1
19,38,28,1
19,39,0,0
19,40,10,1
19,41,2,1
19,42,53,1
19,43,1,1
19,44,3,1
19,45,0,0
19,46,43,1
19,47,5,1
19,48,3,1
19,49,1,1
19,50,22,1
19,51,224,4
19,52,0,0
19,53,51,1
19,54,7,1
19,55,7,1
19,56,3,1
19,57,6,1
19,58,2,1
19,59,7,1
19,60,1,1
19,61,0,0
19,62,3,1
19,63,2,1
19,64,76,2
19,65,0,0
19,66,23,1
19,67,0,0
19,68,0,0
19,69,0,0
19,70,42,1
19,71,13,1
19,72,68,2
19,73,36,1
19,74,2,1
19,75,1,1
19,76,4,1
19,77,1,1
19,78,0,0
19,79,56,1
19,80,8,1
19,81,0,0
19,82,26,1
19,83,8,1
19,84,1,1
19,85,0,0
19,86,22,1
19,87,3,1
19,88,26,1
19,89,1,1
19,90,0,0
19,91,2,1
19,92,0,0
19,93,5,1
19,94,0,0
19,95,3,1
19,96,2,1
19,97,26,1
19,98,39,1
19,99,0,0
19,100,6,1
19,101,6,1
19,102,0,0
19,103,19,1
19,104,17,1
19,105,53,1
19,106,3,1
19,107,0,0
19,108,92,2
19,109,10,1
19,110,0,0
19,111,33,1
19,112,1,1
19,113,0,0
19,114,11,1
19,115,0,0
19,116,7,1
19,117,40,1
19,118,4,1
19,119,51,1
19,120,0,0
19,121,6,1
19,122,0,0
19,123,3,1
19,124,8,1
19,125,2,1
19,126,7,1
19,127,0,0
19,128,103,2
19,129,26,1
19,130,2,1
19,131,12,1
19,132,0,0
19,133,11,1
19,134,2,1
19,135,13,1
19,136,0,0
19,137,3,1
19,138,24,1
19,139,10,1
19,140,4,1
19,141,243,4
19,142,7,1
19,143,9,1
19,144,1,1
19,145,10,1
19,146,24,1
19,147,0,0
19,148,2,1
19,149,0,0
19,150,26,1
19,151,0,0
19,152,0,0
19,153,17,1
19,154,0,0
19,155,26,1
19,156,3,1
19,157,1,1
19,158,24,1
19,159,15,1
19,160,0,0
19,161,2,1
19,162,18,1
19,163,12,1
19,164,1,1
19,165,81,2
19,166,0,0
19,167,25,1
19,168,0,0
19,169,48,1
19,170,69,2
19,171,47,1
19,172,16,1
19,173,0,0
19,174,0,0
19,175,4,1
19,176,0,0
19,177,2,1
19,178,9,1
19,179,1,1
19,180,69,2
19,181,154,3
19,182,25,1
19,183,18,1
19,184,11,1
19,185,6,1
19,186,28,1
19,187,58,1
19,188,10,1
19,189,18,1
19,190,0,0
19,191,0,0
19,192,42,1
19,193,0,0
19,194,0,0
19,195,2,1
19,196,38,1
19,197,0,0
19,198,0,0
19,199,1,1
19,200,104,2
19,201,7,1
19,202,70,2
19,203,15,1
19,204,0,0
19,205,18,1
19,206,0,0
19,207,5,1
19,208,25,1
19,209,8,1
19,210,0,0
19,211,0,0
19,212,23,1
19,213,1,1
19,214,1,1
19,215,26,1
19,216,0,0
19,217,7,1
19,218,32,1
19,219,1,1
19,220,40,1
19,221,37,1
19,222,5,1
19,223,28,1
19,224,5,1
19,225,8,1
19,226,1,1
19,227,8,1
19,228,6,1
19,229,39,1
19,230,0,0
19,231,10,1
19,232,4,1
19,233,1,1
19,234,1,1
19,235,0,0
19,236,22,1
19,237,2,1
19,238,107,2
19,239,103,2
19,240,0,0
19,241,20,1
19,242,1,1
19,243,4,1
19,244,1,1
19,245,32,1
19,246,12,1
19,247,13,1
19,248,0,0
19,249,0,0
19,250,20,1
19,251,31,1
19,252,12,1
19,253,52,1
19,254,0,0
19,255,10,1
20,0,6,1
20,1,244,4
20,2,28,1
20,3,0,0
20,4,6,1
20,5,1,1
20,6,1,1
20,7,0,0
20,8,6,1
20,9,0,0
20,10,5,1
20,11,33,1
20,12,31,1
20,13,10,1
20,14,1,1
20,15,0,0
20,16,1,1
20,17,0,0
20,18,33,1
20,19,0,0
20,20,0,0
20,21,11,1
20,22,240,4
20,23,8,1
20,24,0,0
20,25,4,1
20,26,17,1
20,27,8,1
20,28,4,1
20,29,2,1
20,30,1,1
20,31,0,0
20,32,1,1
20,33,0,0
20,34,0,0
20,35,102,2
20,36,4,1
20,37,0,0
20,38,0,0
20,39,1,1
20,40,24,1
20,41,0,0
20,42,1,1
20,43,4,1
20,44,1,1
20,45,10,1
20,46,0,0
20,47,1,1
20,48,4,1
20,49,8,1
20,50,0,0
20,51,0,0
20,52,2,1
20,53,3,1
20,54,7,1
20,55,0,0
20,56,1,1
20,57,1,1
20,58,1,1
20,59,17,1
20,60,28,1
20,61,1,1
20,62,47,1
20,63,0,0
20,64,8,1
20,65,0,0
20,66,34,1
20,67,3,1
20,68,0,0
20,69,37,1
20,70,1,1
20,71,3,1
20,72,30,1
20,73,17,1
20,74,0,0
20,75,4,1
20,76,3,1
20,77,40,1
20,78,106,2
20,79,0,0
20,80,4,1
20,81,2,1
20,82,41,1
20,83,25,1
20,84,1,1
20,85,0,0
20,86,0,0
20,87,7,1
20,88,0,0
20,89,0,0
20,90,2,1
20,91,14,1
20,92,8,1
20,93,1,1
20,94,0,0
20,95,44,1
20,96,0,0
20,97,2,1
20,98,36,1
20,99,77,2
20,100,11,1
20,101,0,0
20,102,0,0
20,103,21,1
20,104,27,1
20,105,10,1
20,106,0,0
20,107,10,1
20,108,26,1
20,109,0,0
20,110,2,1
20,111,2,1
20,112,10,1
20,113,26,1
20,114,0,0
20,115,0,0
20,116,0,0
20,117,21,1
20,118,11,1
20,119,0,0
20,120,32,1
20,121,1,1
20,122,0,0
20,123,0,0
20,124,0,0
20,125,72,2
20,126,14,1
20,127,1,1
20,128,0,0
20,129,0,0
20,130,2,1
20,131,0,0
20,132,1,1
20,133,1,1
20,134,11,1
20,135,0,0
20,136,0,0
20,137,0,0
20,138,7,1
20,139,0,0
20,140,5,1
20,141,27,1
20,142,36,1
20,143,2,1
20,144,0,0
20,145,5,1
20,146,0,0
20,147,9,1
20,148,98,2
20,149,0,0
20,150,157,3
20,151,5,1
20,152,10,1
20,153,0,0
20,154,0,0
20,155,3,1
20,156,0,0
20,157,0,0
20,158,6,1
20,159,2,1
20,160,159,3
20,161,1,1
20,162,23,1
20,163,0,0
20,164,1,1
20,165,2,1
20,166,15,1
20,167,32,1
20,168,1,1
20,169,138,3
20,170,29,1
20,171,7,1
20,172,26,1
20,173,0,0
20,174,15,1
20,175,18,1
20,176,0,0
20,177,6,1
20,178,0,0
20,179,16,1
20,180,0,0
20,181,8,1
20,182,0,0
20,183,132,3
20,184,21,1
20,185,16,1
20,186,8,1
20,187,18,1
20,188,104,2
20,189,7,1
20,190,0,0
20,191,7,1
20,192,0,0
20,193,6,1
20,194,1,1
20,195,0,0
20,196,0,0
20,197,18,1
20,198,2,1
20,199,17,1
20,200,8,1
20,201,0,0
20,202,2,1
20,203,8,1
20,204,55,1
20,205,5,1
20,206,0,0
20,207,89,2
20,208,4,1
20,209,2,1
20,210,51,1
20,211,0,0
20,212,1,1
20,213,20,1
20,214,17,1
20,215,0,0
20,216,15,1
20,217,99,2
20,218,4,1
20,219,0,0
20,220,30,1
20,221,90,2
20,222,15,1
20,223,0,0
20,224,2,1
20,225,9,1
20,226,0,0
20,227,6,1
20,228,45,1
20,229,20,1
20,230,0,0
20,231,12,1
20,232,22,1
20,233,0,0
20,234,39,1
20,235,1,1
20,236,30,1
20,237,0,0
20,238,30,1
20,239,11,1
20,240,31,1
20,241,13,1
20,242,0,0
20,243,78,2
20,244,33,1
20,245,3,1
20,246,0,0
20,247,0,0
20,248,19,1
20,249,0,0
20,250,38,1
20,251,26,1
20,252,5,1
20,253,50,1
20,254,0,0
20,255,0,0
21,0,0,0
21,1,449,8
21,2,0,0
21,3,0,0
21,4,5,1
21,5,4,1
21,6,20,1
21,7,51,1
21,8,0,0
21,9,10,1
21,10,0,0
21,11,0,0
21,12,4,1
21,13,0,0
21,14,2,1
21,15,0,0
21,16,1,1
21,17,0,0
21,18,0,0
21,19,0,0
21,20,21,1
21,21,11,1
21,22,266,5
21,23,14,1
21,24,0,0
21,25,0,0
21,26,8,1
21,27,47,1
21,28,2,1
21,29,30,1
21,30,0,0
21,31,0,0
21,32,1,1
21,33,33,1
21,34,11,1
21,35,3,1
21,36,1,1
21,37,0,0
21,38,10,1
21,39,0,0
21,40,0,0
21,41,0,0
21,42,2,1
21,43,1,1
21,44,3,1
21,45,0,0
21,46,2,1
21,47,107,2
21,48,0,0
21,49,47,1
21,50,18,1
21,51,4,1
21,52,0,0
21,53,0,0
21,54,1,1
21,55,0,0
21,56,2,1
21,57,6,1
21,58,13,1
21,59,0,0
21,60,4,1
21,61,1,1
21,62,35,1
21,63,336,6
21,64,3,1
21,65,0,0
21,66,6,1
21,67,12,1
21,68,3,1
21,69,4,1
21,70,0,0
21,71,136,3
21,72,21,1
21,73,27,1
21,74,1,1
21,75,26,1
21,76,26,1
21,77,3,1
21,78,0,0
21,79,8,1
21,80,0,0
21,81,0,0
21,82,48,1
21,83,0,0
21,84,1,1
21,85,0,0
21,86,0,0
21,87,1,1
21,88,0,0
21,89,112,2
21,90,0,0
21,91,5,1
21,92,13,1
21,93,0,0
21,94,11,1
21,95,13,1
21,96,11,1
21,97,27,1
21,98,0,0
21,99,2,1
21,100,26,1
21,101,13,1
21,102,17,1
21,103,0,0
21,104,42,1
21,105,5,1
21,106,11,1
21,107,1,1
21,108,4,1
21,109,0,0
21,110,0,0
21,111,0,0
21,112,0,0
21,113,0,0
21,114,0,0
21,115,26,1
21,116,24,1
21,117,4,1
21,118,0,0
21,119,57,1
21,120,32,1
21,121,0,0
21,122,0,0
21,123,5,1
21,124,5,1
21,125,3,1
21,126,0,0
21,127,0,0
21,128,0,0
21,129,1,1
21,130,68,2
21,131,32,1
21,132,3,1
21,133,0,0
21,134,5,1
21,135,5,1
21,136,0,0
21,137,49,1
21,138,2,1
21,139,5,1
21,140,0,0
21,141,16,1
21,142,9,1
21,143,1,1
21,144,1,1
21,145,13,1
21,146,1,1
21,147,4,1
21,148,6,1
21,149,32,1
21,150,1,1
21,151,0,0
21,152,0,0
21,153,0,0
21,154,0,0
21,155,0,0
21,156,6,1
21,157,0,0
21,158,2,1
21,159,0,0
21,160,0,0
21,161,17,1
21,162,0,0
21,163,0,0
21,164,32,1
21,165,0,0
21,166,1,1
21,167,22,1
21,168,0,0
21,169,25,1
21,170,11,1
21,171,18,1
21,172,95,2
21,173,0,0
21,174,5,1
21,175,30,1
21,176,34,1
21,177,0,0
21,178,55,1
21,179,16,1
21,180,0,0
21,181,0,0
21,182,1,1
21,183,4,1
21,184,3,1
21,185,11,1
21,186,0,0
21,187,2,1
21,188,38,1
21,189,0,0
21,190,0,0
21,191,7,1
21,192,52,1
21,193,15,1
21,194,2,1
21,195,2,1
21,196,61,1
21,197,5,1
21,198,6,1
21,199,0,0
21,200,0,0
21,201,0,0
21,202,2,1
21,203,6,1
21,204,0,0
21,205,1,1
21,206,0,0
21,207,0,0
21,208,0,0
21,209,15,1
21,210,0,0
21,211,0,0
21,212,2,1
21,213,0,0
21,214,25,1
21,215,10,1
21,216,90,2
21,217,1,1
21,218,4,1
21,219,1,1
21,220,13,1
21,221,5,1
21,222,50,1
21,223,7,1
21,224,19,1
21,225,1,1
21,226,0,0
21,227,3,1
21,228,25,1
21,229,249,4
21,230,1,1
21,231,15,1
21,232,52,1
21,233,49,1
21,234,0,0
21,235,22,1
21,236,0,0
21,237,0,0
21,238,7,1
21,239,4,1
21,240,6,1
21,241,1,1
21,242,0,0
21,243,36,1
21,244,5,1
21,245,1,1
21,246,46,1
21,247,0,0
21,248,0,0
21,249,78,2
21,250,14,1
21,251,0,0
21,252,4,1
21,253,0,0
21,254,13,1
21,255,0,0
22,0,0,0
22,1,0,0
22,2,0,0
22,3,0,0
22,4,36,1
22,5,0,0
22,6,9,1
22,7,12,1
22,8,12,1
22,9,0,0
22,10,0,0
22,11,0,0
22,12,0,0
22,13,0,0
22,14,0,0
22,15,16,1
22,16,31,1
22,17,0,0
22,18,21,1
22,19,7,1
22,20,0,0
22,21,1,1
22,22,112,2
22,23,0,0
22,24,0,0
22,25,23,1
22,26,3,1
22,27,0,0
22,28,4,1
22,29,0,0
22,30,64,1
22,31,1,1
22,32,0,0
22,33,1,1
22,34,1,1
22,35,26,1
22,36,0,0
22,37,13,1
22,38,0,0
22,39,4,1
22,40,0,0
22,41,21,1
22,42,1,1
22,43,3,1
22,44,84,2
22,45,72,2
22,46,0,0
22,47,0,0
22,48,20,1
22,49,1,1
22,50,245,4
22,51,19,1
22,52,0,0
22,53,8,1
22,54,0,0
22,55,0,0
22,56,0,0
22,57,0,0
22,58,3,1
22,59,0,0
22,60,1,1
22,61,5,1
22,62,10,1
22,63,0,0
22,64,76,2
22,65,0,0
22,66,11,1
22,67,8,1
22,68,3,1
22,69,13,1
22,70,7,1
22,71,15,1
22,72,0,0
22,73,8,1
22,74,6,1
22,75,98,2
22,76,65,2
22,77,0,0
22,78,0,0
22,79,0,0
22,80,0,0
22,81,5,1
22,82,66,2
22,83,4,1
22,84,0,0
22,85,0,0
22,86,1,1
22,87,122,2
22,88,313,5
22,89,1,1
22,90,40,1
22,91,2,1
22,92,2,1
22,93,14,1
22,94,1,1
22,95,6,1
22,96,11,1
22,97,1,1
22,98,0,0
22,99,16,1
22,100,7,1
22,101,1,1
22,102,0,0
22,103,5,1
22,104,25,1
22,105,7,1
22,106,4,1
22,107,0,0
22,108,0,0
22,109,0,0
22,110,83,2
22,111,6,1
22,112,0,0
22,113,2,1
22,114,10,1
22,115,39,1
22,116,0,0
22,117,10,1
22,118,0,0
22,119,0,0
22,120,100,2
22,121,4,1
22,122,0,0
22,123,1,1
22,124,0,0
22,125,0,0
22,126,1,1
22,127,4,1
22,128,2,1
22,129,0,0
22,130,0,0
22,131,0,0
22,132,0,0
22,133,0,0
22,134,0,0
22,135,36,1
22,136,0,0
22,137,0,0
22,138,0,0
22,139,45,1
22,140,0,0
22,141,0,0
22,142,248,4
22,143,10,1
22,144,49,1
22,145,7,1
22,146,0,0
22,147,11,1
22,148,1,1
22,149,60,1
22,150,5,1
22,151,5,1
22,152,10,1
22,153,0,0
22,154,0,0
22,155,42,1
22,156,13,1
22,157,0,0
22,158,39,1
22,159,3,1
22,160,0,0
22,161,6,1
22,162,14,1
22,163,2,1
22,164,49,1
22,165,1,1
22,166,46,1
22,167,7,1
22,168,2,1
22,169,6,1
22,170,3,1
22,171,0,0
22,172,0,0
22,173,0,0
22,174,6,1
22,175,26,1
22,176,7,1
22,177,28,1
22,178,0,0
22,179,10,1
22,180,0,0
22,181,3,1
22,182,0,0
22,183,0,0
22,184,7,1
22,185,0,0
22,186,1,1
22,187,64,1
22,188,1,1
22,189,3,1
22,190,1,1
22,191,0,0
22,192,4,1
22,193,50,1
22,194,4,1
22,195,2,1
22,196,0,0
22,197,9,1
22,198,0,0
22,199,2,1
22,200,23,1
22,201,2,1
22,202,1,1
22,203,18,1
22,204,60,1
22,205,0,0
22,206,0,0
22,207,0,0
22,208,6,1
22,209,6,1
22,210,0,0
22,211,3,1
22,212,0,0
22,213,0,0
22,214,0,0
22,215,19,1
22,216,57,1
22,217,0,0
22,218,44,1
22,219,0,0
22,220,27,1
22,221,212,4
22,222,1,1
22,223,0,0
22,224,16,1
22,225,0,0
22,226,4,1
22,227,0,0
22,228,7,1
22,229,43,1
22,230,0,0
22,231,0,0
22,232,0,0
22,233,27,1
22,234,0,0
22,235,220,4
22,236,75,2
22,237,0,0
22,238,0,0
22,239,0,0
22,240,53,1
22,241,2,1
22,242,0,0
22,243,0,0
22,244,0,0
22,245,0,0
22,246,6,1
22,247,9,1
22,248,3,1
22,249,35,1
22,250,35,1
22,251,0,0
22,252,1,1
22,253,9,1
22,254,8,1
22,255,0,0
23,0,36,1
23,1,100,2
23,2,1,1
23,3,1,1
23,4,2,1
23,5,15,1
23,6,9,1
23,7,0,0
23,8,0,0
23,9,19,1
23,10,0,0
23,11,0,0
23,12,24,1
23,13,0,0
23,14,28,1
23,15,0,0
23,16,12,1
23,17,1,1
23,18,20,1
23,19,0,0
23,20,0,0
23,21,0,0
23,22,2,1
23,23,108,2
23,24,5,1
23,25,0,0
23,26,13,1
23,27,5,1
23,28,12,1
23,29,0,0
23,30,397,7
23,31,0,0
23,32,39,1
23,33,4,1
23,34,3,1
23,35,49,1
23,36,29,1
23,37,0,0
23,38,5,1
23,39,1,1
23,40,0,0
23,41,4,1
23,42,17,1
23,43,45,1
23,44,9,1
23,45,37,1
23,46,1,1
23,47,14,1
23,48,7,1
23,49,9,1
23,50,0,0
23,51,9,1
23,52,0,0
23,53,5,1
23,54,6,1
23,55,261,5
23,56,0,0
23,57,0,0
23,58,7,1
23,59,8,1
23,60,2,1
23,61,19,1
23,62,2,1
23,63,13,1
23,64,3,1
23,65,20,1
23,66,0,0
23,67,0,0
23,68,0,0
23,69,1,1
23,70,4,1
23,71,18,1
23,72,27,1
23,73,20,1
23,74,19,1
23,75,1,1
23,76,11,1
23,77,0,0
23,78,167,3
23,79,2,1
23,80,2,1
23,81,11,1
23,82,0,0
23,83,27,1
23,84,0,0
23,85,0,0
23,86,1,1
23,87,0,0
23,88,4,1
23,89,0,0
23,90,9,1
23,91,0,0
23,92,0,0
23,93,2,1
23,94,1,1
23,95,102,2
23,96,27,1
23,97,11,1
23,98,0,0
23,99,24,1
23,100,4,1
23,101,7,1
23,102,12,1
23,103,0,0
23,104,0,0
23,105,0,0
23,106,7,1
23,107,0,0
23,108,0,0
23,109,4,1
23,110,3,1
23,111,88,2
23,112,30,1
23,113,72,2
23,114,1,1
23,115,0,0
23,116,1,1
23,117,13,1
23,118,0,0
23,119,17,1
23,120,14,1
23,121,3,1
23,122,0,0
23,123,7,1
23,124,7,1
23,125,25,1
23,126,40,1
23,127,15,1
23,128,1,1
23,129,4,1
23,130,0,0
23,131,0,0
23,132,26,1
23,133,7,1
23,134,5,1
23,135,9,1
23,136,33,1
23,137,2,1
23,138,13,1
23,139,0,0
23,140,88,2
23,141,1,1
23,142,0,0
23,143,3,1
23,144,74,2
23,145,48,1
23,146,0,0
23,147,0,0
23,148,0,0
23,149,0,0
23,150,22,1
23,151,1,1
23,152,2,1
23,153,0,0
23,154,0,0
23,155,0,0
23,156,12,1
23,157,0,0
23,158,60,1
23,159,12,1
23,160,0,0
23,161,9,1
23,162,23,1
23,163,0,0
23,164,53,1
23,165,23,1
23,166,0,0
23,167,32,1
23,168,10,1
23,169,1,1
23,170,0,0
23,171,20,1
23,172,0,0
23,173,0,0
23,174,0,0
23,175,1,1
23,176,0,0
23,177,2,1
23,178,8,1
23,179,1,1
23,180,3,1
23,181,0,0
23,182,0,0
23,183,0,0
23,184,4,1
23,185,5,1
23,186,5,1
23,187,0,0
23,188,32,1
23,189,2,1
23,190,5,1
23,191,0,0
23,192,4,1
23,193,4,1
23,194,11,1
23,195,24,1
23,196,1,1
23,197,23,1
23,198,0,0
23,199,5,1
23,200,2,1
23,201,3,1
23,202,0,0
23,203,1,1
23,204,1,1
23,205,43,1
23,206,0,0
23,207,16,1
23,208,75,2
23,209,4,1
23,210,0,0
23,211,37,1
23,212,0,0
23,213,0,0
23,214,0,0
23,215,0,0
23,216,35,1
23,217,3,1
23,218,7,1
23,219,29,1
23,220,11,1
23,221,0,0
23,222,0,0
23,223,0,0
23,224,0,0
23,225,0,0
23,226,0,0
23,227,8,1
23,228,0,0
23,229,16,1
23,230,96,2
23,231,208,4
23,232,67,2
23,233,44,1
23,234,0,0
23,235,0,0
23,236,183,3
23,237,0,0
23,238,37,1
23,239,6,1
23,240,59,1
23,241,0,0
23,242,2,1
23,243,0,0
23,244,0,0
23,245,1,1
23,246,0,0
23,247,4,1
23,248,0,0
23,249,0,0
23,250,0,0
23,251,1,1
23,252,14,1
23,253,10,1
23,254,38,1
23,255,2,1
24,0,0,0
24,1,0,0
24,2,4,1
24,3,0,0
24,4,0,0
24,5,39,1
24,6,0,0
24,7,30,1
24,8,0,0
24,9,143,3
24,10,1,1
24,11,0,0
24,12,5,1
24,13,0,0
24,14,17,1
24,15,32,1
24,16,12,1
24,17,0,0
24,18,0,0
24,19,1,1
24,20,0,0
24,21,12,1
24,22,0,0
24,23,0,0
24,24,0,0
24,25,0,0
24,26,0,0
24,27,91,2
24,28,3,1
24,29,0,0
24,30,27,1
24,31,2,1
24,32,0,0
24,33,31,1
24,34,7,1
24,35,2,1
24,36,10,1
24,37,0,0
24,38,16,1
24,39,1,1
24,40,0,0
24,41,7,1
24,42,35,1
24,43,0,0
24,44,16,1
24,45,15,1
24,46,5,1
24,47,25,1
24,48,9,1
24,49,0,0
24,50,23,1
24,51,2,1
24,52,0,0
24,53,139,3
24,54,2,1
24,55,2,1
24,56,0,0
24,57,3,1
24,58,22,1
24,59,25,1
24,60,2,1
24,61,8,1
24,62,0,0
24,63,3,1
24,64,0,0
24,65,5,1
24,66,4,1
24,67,297,5
24,68,1,1
24,69,0,0
24,70,0,0
24,71,15,1
24,72,3,1
24,73,24,1
24,74,7,1
24,75,167,3
24,76,3,1
24,77,0,0
24,78,0,0
24,79,6,1
24,80,0,0
24,81,0,0
24,82,4,1
24,83,98,2
24,84,3,1
24,85,1,1
24,86,0,0
24,87,0,0
24,88,37,1
24,89,0,0
24,90,24,1
24,91,13,1
24,92,0,0
24,93,20,1
24,94,46,1
24,95,2,1
24,96,44,1
24,97,17,1
24,98,0,0
24,99,2,1
24,100,8,1
24,101,11,1
24,102,0,0
24,103,0,0
24,104,2,1
24,105,6,1
24,106,2,1
24,107,20,1
24,108,0,0
24,109,0,0
24,110,4,1
24,111,0,0
24,112,0,0
24,113,5,1
24,114,21,1
24,115,7,1
24,116,0,0
24,117,0,0
24,118,53,1
24,119,0,0
24,120,0,0
24,121,1,1
24,122,0,0
24,123,24,1
24,124,0,0
24,125,98,2
24,126,5,1
24,127,0,0
24,128,71,2
24,129,0,0
24,130,1,1
24,131,0,0
24,132,55,1
24,133,0,0
24,134,9,1
24,135,2,1
24,136,0,0
24,137,0,0
24,138,25,1
24,139,0,0
24,140,28,1
24,141,24,1
24,142,0,0
24,143,8,1
24,144,19,1
24,145,34,1
24,146,5,1
24,147,4,1
24,148,8,1
24,149,58,1
24,150,16,1
24,151,1,1
24,152,1,1
24,153,38,1
24,154,0,0
24,155,8,1
24,156,0,0
24,157,27,1
24,158,455,8
24,159,1,1
24,160,226,4
24,161,0,0
24,162,1,1
24,163,1,1
24,164,1,1
24,165,0,0
24,166,1,1
24,167,9,1
24,168,0,0
24,169,0,0
24,170,0,0
24,171,0,0
24,172,1,1
24,173,22,1
24,174,1,1
24,175,6,1
24,176,1,1
24,177,0,0
24,178,2,1
24,179,0,0
24,180,5,1
24,181,10,1
24,182,0,0
24,183,1,1
24,184,20,1
24,185,18,1
24,186,0,0
24,187,1,1
24,188,17,1
24,189,0,0
24,190,28,1
24,191,11,1
24,192,24,1
24,193,43,1
24,194,33,1
24,195,0,0
24,196,0,0
24,197,16,1
24,198,82,2
24,199,6,1
24,200,3,1
24,201,7,1
24,202,1,1
24,203,0,0
24,204,0,0
24,205,26,1
24,206,1,1
24,207,2,1
24,208,1,1
24,209,1,1
24,210,0,0
24,211,8,1
24,212,0,0
24,213,3,1
24,214,4,1
24,215,0,0
24,216,30,1
24,217,18,1
24,218,0,0
24,219,0,0
24,220,0,0
24,221,21,1
24,222,0,0
24,223,0,0
24,224,0,0
24,225,14,1
24,226,0,0
24,227,1,1
24,228,0,0
24,229,30,1
24,230,0,0
24,231,6,1
24,232,1,1
24,233,0,0
24,234,29,1
24,235,0,0
24,236,29,1
24,237,0,0
24,238,0,0
24,239,7,1
24,240,23,1
24,241,0,0
24,242,13,1
24,243,0,0
24,244,11,1
24,245,38,1
24,246,2,1
24,247,11,1
24,248,198,4
24,249,22,1
24,250,14,1
24,251,31,1
24,252,45,1
24,253,7,1
24,254,0,0
24,255,14,1
25,0,0,0
25,1,6,1
25,2,22,1
25,3,0,0
25,4,0,0
25,5,17,1
25,6,1,1
25,7,3,1
25,8,0,0
25,9,12,1
25,10,4,1
25,11,5,1
25,12,21,1
25,13,0,0
25,14,17,1
25,15,4,1
25,16,20,1
25,17,26,1
25,18,0,0
25,19,13,1
25,20,147,3
25,21,26,1
25,22,16,1
25,23,0,0
25,24,1,1
25,25,0,0
25,26,1,1
25,27,16,1
25,28,2,1
25,29,13,1
25,30,21,1
25,31,0,0
25,32,20,1
25,33,54,1
25,34,153,3
25,35,1,1
25,36,0,0
25,37,1,1
25,38,44,1
25,39,7,1
25,40,0,0
25,41,0,0
25,42,1,1
25,43,0,0
25,44,1,1
25,45,0,0
25,46,3,1
25,47,2,1
25,48,0,0
25,49,4,1
25,50,0,0
25,51,0,0
25,52,0,0
25,53,4,1
25,54,5,1
25,55,0,0
25,56,0,0
25,57,11,1
25,58,232,4
25,59,0,0
25,60,0,0
25,61,2,1
25,62,17,1
25,63,1,1
25,64,0,0
25,65,15,1
25,66,1,1
25,67,121,2
25,68,0,0
25,69,0,0
25,70,4,1
25,71,0,0
25,72,5,1
25,73,7,1
25,74,0,0
25,75,12,1
25,76,15,1
25,77,0,0
25,78,5,1
25,79,33,1
25,80,36,1
25,81,33,1
25,82,3,1
25,83,2,1
25,84,17,1
25,85,0,0
25,86,10,1
25,87,10,1
25,88,170,3
25,89,31,1
25,90,16,1
25,91,14,1
25,92,39,1
25,93,0,0
25,94,44,1
25,95,15,1
25,96,3,1
25,97,1,1
25,98,18,1
25,99,0,0
25,100,66,2
25,101,0,0
25,102,0,0
25,103,0,0
25,104,1,1
25,105,1,1
25,106,0,0
25,107,0,0
25,108,13,1
25,109,0,0
25,110,6,1
25,111,1,1
25,112,9,1
25,113,18,1
25,114,0,0
25,115,4,1
25,116,4,1
25,117,15,1
25,118,0,0
25,119,58,1
25,120,0,0
25,121,33,1
25,122,15,1
25,123,3,1
25,124,2,1
25,125,0,0
25,126,38,1
25,127,9,1
25,128,1,1
25,129,4,1
25,130,5,1
25,131,206,4
25,132,1,1
25,133,3,1
25,134,5,1
25,135,159,3
25,136,64,1
25,137,0,0
25,138,7,1
25,139,26,1
25,140,0,0
25,141,15,1
25,142,6,1
25,143,0,0
25,144,6,1
25,145,38,1
25,146,13,1
25,147,31,1
25,148,33,1
25,149,33,1
25,150,57,1
25,151,14,1
25,152,0,0
25,153,1,1
25,154,0,0
25,155,11,1
25,156,24,1
25,157,0,0
25,158,9,1
25,159,20,1
25,160,0,0
25,161,4,1
25,162,0,0
25,163,1,1
25,164,14,1
25,165,175,3
25,166,12,1
25,167,4,1
25,168,0,0
25,169,0,0
25,170,0,0
25,171,63,1
25,172,7,1
25,173,49,1
25,174,43,1
25,175,15,1
25,176,3,1
25,177,3,1
25,178,0,0
25,179,1,1
25,180,19,1
25,181,10,1
25,182,41,1
25,183,12,1
25,184,0,0
25,185,0,0
25,186,0,0
25,187,20,1
25,188,10,1
25,189,1,1
25,190,46,1
25,191,1,1
25,192,53,1
25,193,3,1
25,194,0,0
25,195,0,0
25,196,1,1
25,197,1,1
25,198,25,1
25,199,26,1
25,200,5,1
25,201,8,1
25,202,21,1
25,203,0,0
25,204,11,1
25,205,0,0
25,206,0,0
25,207,3,1
25,208,1,1
25,209,114,2
25,210,0,0
25,211,11,1
25,212,0,0
25,213,0,0
25,214,99,2
25,215,0,0
25,216,0,0
25,217,0,0
25,218,0,0
25,219,4,1
25,220,1,1
25,221,36,1
25,222,0,0
25,223,0,0
25,224,0,0
25,225,0,0
25,226,1,1
25,227,0,0
25,228,2,1
25,229,0,0
25,230,0,0
25,231,1,1
25,232,105,2
25,233,12,1
25,234,10,1
25,235,20,1
25,236,17,1
25,237,6,1
25,238,0,0
25,239,0,0
25,240,1,1
25,241,15,1
25,242,93,2
25,243,0,0
25,244,0,0
25,245,26,1
25,246,0,0
25,247,0,0
25,248,0,0
25,249,36,1
25,250,0,0
25,251,0,0
25,252,0,0
25,253,24,1
25,254,1,1
25,255,4,1
26,0,1,1
26,1,111,2
26,2,0,0
26,3,0,0
26,4,0,0
26,5,5,1
26,6,72,2
26,7,1,1
26,8,0,0
26,9,0,0
26,10,5,1
26,11,0,0
26,12,0,0
26,13,40,1
26,14,23,1
26,15,0,0
26,16,3,1
26,17,9,1
26,18,1,1
26,19,4,1
26,20,0,0
26,21,27,1
26,22,0,0
26,23,0,0
26,24,0,0
26,25,3,1
26,26,0,0
26,27,1,1
26,28,3,1
26,29,5,1
26,30,7,1
26,31,0,0
26,32,0,0
26,33,3,1
26,34,0,0
26,35,0,0
26,36,62,1
26,37,11,1
26,38,0,0
26,39,1,1
26,40,2,1
26,41,0,0
26,42,0,0
26,43,0,0
26,44,1,1
26,45,40,1
26,46,244,4
26,47,2,1
26,48,11,1
26,49,0,0
26,50,13,1
26,51,1,1
26,52,8,1
26,53,0,0
26,54,0,0
26,55,12,1
26,56,0,0
26,57,0,0
26,58,9,1
26,59,0,0
26,60,0,0
26,61,4,1
26,62,14,1
26,63,0,0
26,64,0,0
26,65,57,1
26,66,0,0
26,67,4,1
26,68,0,0
26,69,46,1
26,70,169,3
26,71,5,1
26,72,4,1
26,73,21,1
26,74,20,1
26,75,1,1
26,76,2,1
26,77,1,1
26,78,0,0
26,79,7,1
26,80,30,1
26,81,13,1
26,82,2,1
26,83,37,1
26,84,138,3
26,85,0,0
26,86,2,1
26,87,9,1
26,88,22,1
26,89,13,1
26,90,8,1
26,91,4,1
26,92,6,1
26,93,14,1
26,94,6,1
26,95,13,1
26,96,3,1
26,97,0,0
26,98,27,1
26,99,0,0
26,100,11,1
26,101,16,1
26,102,11,1
26,103,46,1
26,104,0,0
26,105,32,1
26,106,0,0
26,107,0,0
26,108,4,1
26,109,52,1
26,110,1,1
26,111,9,1
26,112,2,1
26,113,0,0
26,114,17,1
26,115,6,1
26,116,0,0
26,117,0,0
26,118,7,1
26,119,0,0
26,120,7,1
26,121,18,1
26,122,28,1
26,123,0,0
26,124,17,1
26,125,3,1
26,126,12,1
26,127,0,0
26,128,1,1
26,129,34,1
26,130,13,1
26,131,0,0
26,132,505,8
26,133,2,1
26,134,1,1
26,135,1,1
26,136,0,0
26,137,4,1
26,138,18,1
26,139,57,1
26,140,0,0
26,141,16,1
26,142,0,0
26,143,0,0
26,144,32,1
26,145,0,0
26,146,20,1
26,147,0,0
26,148,0,0
26,149,0,0
26,150,0,0
26,151,17,1
26,152,10,1
26,153,7,1
26,154,15,1
26,155,4,1
26,156,10,1
26,157,7,1
26,158,0,0
26,159,10,1
26,160,6,1
26,161,1,1
26,162,0,0
26,163,0,0
26,164,6,1
26,165,4,1
26,166,0,0
26,167,0,0
26,168,33,1
26,169,8,1
26,170,5,1
26,171,32,1
26,172,206,4
26,173,93,2
26,174,48,1
26,175,6,1
26,176,7,1
26,177,1,1
26,178,36,1
26,179,0,0
26,180,18,1
26,181,11,1
26,182,14,1
26,183,0,0
26,184,0,0
26,185,5,1
26,186,14,1
26,187,1,1
26,188,0,0
26,189,0,0
26,190,0,0
26,191,38,1
26,192,17,1
26,193,10,1
26,194,54,1
26,195,13,1
26,196,0,0
26,197,0,0
26,198,3,1
26,199,1,1
26,200,1,1
26,201,1,1
26,202,10,1
26,203,5,1
26,204,36,1
26,205,0,0
26,206,56,1
26,207,0,0
26,208,7,1
26,209,15,1
26,210,0,0
26,211,1,1
26,212,0,0
26,213,2,1
26,214,35,1
26,215,0,0
26,216,15,1
26,217,3,1
26,218,23,1
26,219,1,1
26,220,41,1
26,221,10,1
26,222,1,1
26,223,45,1
26,224,0,0
26,225,12,1
26,226,144,3
26,227,1,1
26,228,0,0
26,229,2,1
26,230,0,0
26,231,0,0
26,232,18,1
26,233,20,1
26,234,15,1
26,235,36,1
26,236,18,1
26,237,0,0
26,238,24,1
26,239,10,1
26,240,66,2
26,241,30,1
26,242,5,1
26,243,21,1
26,244,0,0
26,245,6,1
26,246,0,0
26,247,19,1
26,248,16,1
26,249,19,1
26,250,5,1
26,251,0,0
26,252,47,1
26,253,9,1
26,254,6,1
26,255,22,1
27,0,9,1
27,1,12,1
27,2,0,0
27,3,13,1
27,4,0,0
27,5,1,1
27,6,18,1
27,7,2,1
27,8,14,1
27,9,32,1
27,10,12,1
27,11,0,0
27,12,28,1
27,13,22,1
27,14,24,1
27,15,25,1
27,16,5,1
27,17,0,0
27,18,2,1
27,19,0,0
27,20,0,0
27,21,0,0
27,22,2,1
27,23,1,1
27,24,6,1
27,25,18,1
27,26,52,1
27,27,23,1
27,28,13,1
27,29,7,1
27,30,0,0
27,31,0,0
27,32,21,1
27,33,9,1
27,34,16,1
27,35,10,1
27,36,18,1
27,37,116,2
27,38,0,0
27,39,1,1
27,40,0,0
27,41,1,1
27,42,33,1
27,43,22,1
27,44,7,1
27,45,7,1
27,46,0,0
27,47,33,1
27,48,9,1
27,49,12,1
27,50,39,1
27,51,5,1
27,52,0,0
27,53,17,1
27,54,0,0
27,55,272,5
27,56,26,1
27,57,15,1
27,58,21,1
27,59,5,1
27,60,10,1
27,61,10,1
27,62,0,0
27,63,4,1
27,64,8,1
27,65,35,1
27,66,1,1
27,67,36,1
27,68,0,0
27,69,1,1
27,70,74,2
27,71,5,1
27,72,53,1
27,73,0,0
27,74,2,1
27,75,5,1
27,76,9,1
27,77,1,1
27,78,11,1
27,79,2,1
27,80,20,1
27,81,1,1
27,82,4,1
27,83,85,2
27,84,34,1
27,85,0,0
27,86,25,1
27,87,3,1
27,88,2,1
27,89,17,1
27,90,0,0
27,91,31,1
27,92,17,1
27,93,13,1
27,94,7,1
27,95,10,1
27,96,3,1
27,97,2,1
27,98,0,0
27,99,10,1
27,100,29,1
27,101,32,1
27,102,37,1
27,103,0,0
27,104,0,0
27,105,12,1
27,106,1,1
27,107,0,0
27,108,34,1
27,109,2,1
27,110,0,0
27,111,3,1
27,112,60,1
27,113,24,1
27,114,47,1
27,115,0,0
27,116,25,1
27,117,18,1
27,118,9,1
27,119,0,0
27,120,24,1
27,121,17,1
27,122,0,0
27,123,4,1
27,124,3,1
27,125,7,1
27,126,17,1
27,127,4,1
27,128,6,1
27,129,56,1
27,130,16,1
27,131,0,0
27,132,0,0
27,133,6,1
27,134,3,1
27,135,0,0
27,136,1,1
27,137,13,1
27,138,2,1
27,139,23,1
27,140,2,1
27,141,14,1
27,142,1,1
27,143,21,1
27,144,25,1
27,145,0,0
27,146,2,1
27,147,11,1
27,148,0,0
27,149,18,1
27,150,77,2
27,151,0,0
27,152,0,0
27,153,14,1
27,154,18,1
27,155,0,0
27,156,16,1
27,157,14,1
27,158,46,1
27,159,27,1
27,160,0,0
27,161,23,1
27,162,10,1
27,163,19,1
27,164,285,5
27,165,5,1
27,166,0,0
27,167,0,0
27,168,18,1
27,169,14,1
27,170,0,0
27,171,25,1
27,172,0,0
27,173,4,1
27,174,0,0
27,175,11,1
27,176,2,1
27,177,21,1
27,178,2,1
27,179,38,1
27,180,86,2
27,181,44,1
27,182,0,0
27,183,0,0
27,184,0,0
27,185,0,0
27,186,5,1
27,187,3,1
27,188,13,1
27,189,11,1
27,190,32,1
27,191,0,0
27,192,11,1
27,193,0,0
27,194,1,1
27,195,7,1
27,196,7,1
27,197,30,1
27,198,17,1
27,199,8,1
27,200,5,1
27,201,16,1
27,202,40,1
27,203,0,0
27,204,38,1
27,205,0,0
27,206,0,0
27,207,11,1
27,208,9,1
27,209,0,0
27,210,0,0
27,211,35,1
27,212,0,0
27,213,0,0
27,214,21,1
27,215,0,0
27,216,25,1
27,217,8,1
27,218,0,0
27,219,15,1
27,220,11,1
27,221,34,1
27,222,6,1
27,223,24,1
27,224,0,0
27,225,0,0
27,226,1,1
27,227,8,1
27,228,145,3
27,229,15,1
27,230,0,0
27,231,57,1
27,232,10,1
27,233,1,1
27,234,0,0
27,235,43,1
27,236,31,1
27,237,0,0
27,238,44,1
27,239,25,1
27,240,4,1
27,241,18,1
27,242,10,1
27,243,2,1
27,244,26,1
27,245,23,1
27,246,17,1
27,247,0,0
27,248,0,0
27,249,7,1
27,250,16,1
27,251,38,1
27,252,0,0
27,253,27,1
27,254,22,1
27,255,8,1
28,0,66,2
28,1,26,1
28,2,90,2
28,3,0,0
28,4,1,1
28,5,31,1
28,6,7,1
28,7,1,1
28,8,0,0
28,9,14,1
28,10,7,1
28,11,26,1
28,12,3,1
28,13,8,1
28,14,35,1
28,15,65,2
28,16,66,2
28,17,15,1
28,18,31,1
28,19,29,1
28,20,101,2
28,21,0,0
28,22,4,1
28,23,11,1
28,24,4,1
28,25,8,1
28,26,3,1
28,27,0,0
28,28,5,1
28,29,12,1
28,30,16,1
28,31,36,1
28,32,21,1
28,33,9,1
28,34,0,0
28,35,1,1
28,36,3,1
28,37,3,1
28,38,9,1
28,39,0,0
28,40,1,1
28,41,21,1
28,42,9,1
28,43,36,1
28,44,14,1
28,45,4,1
28,46,0,0
28,47,2,1
28,48,24,1
28,49,0,0
28,50,36,1
28,51,32,1
28,52,0,0
28,53,5,1
28,54,0,0
28,55,0,0
28,56,15,1
28,57,4,1
28,58,0,0
28,59,2,1
28,60,0,0
28,61,17,1
28,62,11,1
28,63,0,0
28,64,1,1
28,65,0,0
28,66,66,2
28,67,0,0
28,68,3,1
28,69,42,1
28,70,14,1
28,71,34,1
28,72,0,0
28,73,43,1
28,74,10,1
28,75,6,1
28,76,6,1
28,77,4,1
28,78,8,1
28,79,4,1
28,80,0,0
28,81,27,1
28,82,7,1
28,83,0,0
28,84,0,0
28,85,0,0
28,86,0,0
28,87,1,1
28,88,6,1
28,89,20,1
28,90,16,1
28,91,3,1
28,92,42,1
28,93,39,1
28,94,0,0
28,95,0,0
28,96,27,1
28,97,25,1
28,98,8,1
28,99,17,1
28,100,5,1
28,101,0,0
28,102,44,1
28,103,13,1
28,104,1,1
28,105,4,1
28,106,2,1
28,107,0,0
28,108,18,1
28,109,11,1
28,110,0,0
28,111,12,1
28,112,17,1
28,113,2,1
28,114,0,0
28,115,0,0
28,116,0,0
28,117,0,0
28,118,46,1
28,119,6,1
28,120,3,1
28,121,3,1
28,122,14,1
28,123,7,1
28,124,36,1
28,125,8,1
28,126,8,1
28,127,41,1
28,128,9,1
28,129,1,1
28,130,0,0
28,131,72,2
28,132,0,0
28,133,16,1
28,134,5,1
28,135,46,1
28,136,102,2
28,137,8,1
28,138,3,1
28,139,34,1
28,140,11,1
28,141,82,2
28,142,0,0
28,143,1,1
28,144,17,1
28,145,0,0
28,146,0,0
28,147,3,1
28,148,0,0
28,149,16,1
28,150,12,1
28,151,20,1
28,152,7,1
28,153,1,1
28,154,1,1
28,155,3,1
28,156,1,1
28,157,16,1
28,158,12,1
28,159,12,1
28,160,0,0
28,161,8,1
28,162,15,1
28,163,4,1
28,164,2,1
28,165,1,1
28,166,15,1
28,167,6,1
28,168,18,1
28,169,6,1
28,170,45,1
28,171,19,1
28,172,11,1
28,173,109,2
28,174,17,1
28,175,12,1
28,176,60,1
28,177,2,1
28,178,0,0
28,179,11,1
28,180,9,1
28,181,11,1
28,182,41,1
28,183,13,1
28,184,8,1
28,185,0,0
28,186,5,1
28,187,2,1
28,188,19,1
28,189,0,0
28,190,38,1
28,191,6,1
28,192,49,1
28,193,0,0
28,194,6,1
28,195,0,0
28,196,0,0
28,197,0,0
28,198,33,1
28,199,17,1
28,200,43,1
28,201,4,1
28,202,39,1
28,203,1,1
28,204,17,1
28,205,0,0
28,206,1,1
28,207,135,3
28,208,32,1
28,209,69,2
28,210,40,1
28,211,21,1
28,212,6,1
28,213,10,1
28,214,18,1
28,215,0,0
28,216,24,1
28,217,41,1
28,218,12,1
28,219,0,0
28,220,12,1
28,221,19,1
28,222,1,1
28,223,39,1
28,224,1,1
28,225,9,1
28,226,15,1
28,227,63,1
28,228,172,3
28,229,3,1
28,230,0,0
28,231,13,1
28,232,3,1
28,233,3,1
28,234,3,1
28,235,10,1
28,236,0,0
28,237,0,0
28,238,54,1
28,239,3,1
28,240,28,1
28,241,49,1
28,242,0,0
28,243,3,1
28,244,21,1
28,245,11,1
28,246,11,1
28,247,5,1
28,248,10,1
28,249,36,1
28,250,12,1
28,251,13,1
28,252,4,1
28,253,13,1
28,254,23,1
28,255,12,1
29,0,16,1
29,1,0,0
29,2,18,1
29,3,0,0
29,4,0,0
29,5,19,1
29,6,7,1
29,7,0,0
29,8,12,1
29,9,0,0
29,10,4,1
29,11,0,0
29,12,96,2
29,13,14,1
29,14,49,1
29,15,13,1
29,16,4,1
29,17,28,1
29,18,35,1
29,19,9,1
29,20,86,2
29,21,26,1
29,22,8,1
29,23,2,1
29,24,2,1
29,25,0,0
29,26,13,1
29,27,14,1
29,28,6,1
29,29,1,1
29,30,26,1
29,31,28,1
29,32,23,1
29,33,13,1
29,34,2,1
29,35,109,2
29,36,26,1
29,37,12,1
29,38,1,1
29,39,0,0
29,40,0,0
29,41,0,0
29,42,11,1
29,43,0,0
29,44,3,1
29,45,0,0
29,46,0,0
29,47,9,1
29,48,13,1
29,49,1,1
29,50,20,1
29,51,14,1
29,52,3,1
29,53,48,1
29,54,2,1
29,55,0,0
29,56,44,1
29,57,14,1
29,58,1,1
29,59,0,0
29,60,0,0
29,61,0,0
29,62,7,1
29,63,14,1
29,64,0,0
29,65,21,1
29,66,3,1
29,67,3,1
29,68,0,0
29,69,43,1
29,70,0,0
29,71,70,2
29,72,0,0
29,73,78,2
29,74,0,0
29,75,4,1
29,76,56,1
29,77,3,1
29,78,0,0
29,79,0,0
29,80,6,1
29,81,4,1
29,82,7,1
29,83,75,2
29,84,3,1
29,85,1,1
29,86,0,0
29,87,1,1
29,88,18,1
29,89,0,0
29,90,34,1
29,91,3,1
29,92,9,1
29,93,16,1
29,94,0,0
29,95,6,1
29,96,3,1
29,97,19,1
29,98,11,1
29,99,19,1
29,100,7,1
29,101,21,1
29,102,3,1
29,103,27,1
29,104,1,1
29,105,2,1
29,106,1,1
29,107,5,1
29,108,1,1
29,109,24,1
29,110,0,0
29,111,9,1
29,112,8,1
29,113,0,0
29,114,9,1
29,115,0,0
29,116,10,1
29,117,0,0
29,118,24,1
29,119,0,0
29,120,36,1
29,121,0,0
29,122,23,1
29,123,14,1
29,124,30,1
29,125,29,1
29,126,10,1
29,127,14,1
29,128,2,1
29,129,15,1
29,130,36,1
29,131,3,1
29,132,0,0
29,133,6,1
29,134,31,1
29,135,31,1
29,136,24,1
29,137,0,0
29,138,5,1
29,139,0,0
29,140,3,1
29,141,4,1
29,142,0,0
29,143,67,2
29,144,3,1
29,145,44,1
29,146,1,1
29,147,0,0
29,148,20,1
29,149,11,1
29,150,0,0
29,151,34,1
29,152,25,1
29,153,19,1
29,154,0,0
29,155,1,1
29,156,24,1
29,157,0,0
29,158,2,1
29,159,5,1
29,160,18,1
29,161,3,1
29,162,17,1
29,163,0,0
29,164,16,1
29,165,55,1
29,166,34,1
29,167,55,1
29,168,7,1
29,169,4,1
29,170,26,1
29,171,0,0
29,172,19,1
29,173,0,0
29,174,0,0
29,175,4,1
29,176,5,1
29,177,3,1
29,178,7,1
29,179,23,1
29,180,4,1
29,181,0,0
29,182,16,1
29,183,2,1
29,184,26,1
29,185,0,0
29,186,17,1
29,187,0,0
29,188,0,0
29,189,11,1
29,190,9,1
29,191,3,1
29,192,7,1
29,193,0,0
29,194,13,1
29,195,0,0
29,196,8,1
29,197,0,0
29,198,7,1
29,199,8,1
29,200,30,1
29,201,168,3
29,202,61,1
29,203,10,1
29,204,27,1
29,205,0,0
29,206,0,0
29,207,11,1
29,208,24,1
29,209,281,5
29,210,0,0
29,211,36,1
29,212,4,1
29,213,9,1
29,214,4,1
29,215,0,0
29,216,34,1
29,217,23,1
29,218,24,1
29,219,2,1
29,220,3,1
29,221,3,1
29,222,33,1
29,223,47,1
29,224,2,1
29,225,7,1
29,226,88,2
29,227,2,1
29,228,1,1
29,229,13,1
29,230,0,0
29,231,5,1
29,232,28,1
29,233,1,1
29,234,0,0
29,235,57,1
29,236,1,1
29,237,10,1
29,238,11,1
29,239,0,0
29,240,16,1
29,241,26,1
29,242,34,1
29,243,60,1
29,244,20,1
29,245,10,1
29,246,5,1
29,247,52,1
29,248,7,1
29,249,5,1
29,250,4,1
29,251,106,2
29,252,49,1
29,253,33,1
29,254,1,1
29,255,15,1
30,0,40,1
30,1,31,1
30,2,22,1
30,3,21,1
30,4,0,0
30,5,11,1
30,6,2,1
30,7,0,0
30,8,36,1
30,9,13,1
30,10,6,1
30,11,5,1
30,12,30,1
30,13,14,1
30,14,12,1
30,15,48,1
30,16,0,0
30,17,0,0
30,18,3,1
30,19,0,0
30,20,6,1
30,21,21,1
30,22,16,1
30,23,4,1
30,24,20,1
30,25,34,1
30,26,21,1
30,27,0,0
30,28,5,1
30,29,30,1
30,30,0,0
30,31,14,1
30,32,9,1
30,33,11,1
30,34,10,1
30,35,18,1
30,36,1,1
30,37,122,2
30,38,5,1
30,39,7,1
30,40,23,1
30,41,0,0
30,42,20,1
30,43,0,0
30,44,14,1
30,45,56,1
30,46,1,1
30,47,43,1
30,48,4,1
30,49,24,1
30,50,0,0
30,51,18,1
30,52,15,1
30,53,0,0
30,54,0,0
30,55,3,1
30,56,29,1
30,57,0,0
30,58,3,1
30,59,0,0
30,60,1,1
30,61,33,1
30,62,21,1
30,63,46,1
30,64,24,1
30,65,0,0
30,66,35,1
30,67,20,1
30,68,9,1
30,69,99,2
30,70,41,1
30,71,0,0
30,72,2,1
30,73,30,1
30,74,36,1
30,75,0,0
30,76,56,1
30,77,24,1
30,78,27,1
30,79,0,0
30,80,0,0
30,81,7,1
30,82,8,1
30,83,7,1
30,84,5,1
30,85,15,1
30,86,0,0
30,87,0,0
30,88,28,1
30,89,8,1
30,90,28,1
30,91,0,0
30,92,1,1
30,93,4,1
30,94,0,0
30,95,10,1
30,96,39,1
30,97,103,2
30,98,3,1
30,99,35,1
30,100,1,1
30,101,2,1
30,102,5,1
30,103,0,0
30,104,34,1
30,105,54,1
30,106,5,1
30,107,0,0
30,108,28,1
30,109,16,1
30,110,37,1
30,111,7,1
30,112,13,1
30,113,0,0
30,114,5,1
30,115,5,1
30,116,2,1
30,117,24,1
30,118,45,1
30,119,15,1
30,120,1,1
30,121,0,0
30,122,4,1
30,123,10,1
30,124,13,1
30,125,13,1
30,126,23,1
30,127,15,1
30,128,0,0
30,129,14,1
30,130,16,1
30,131,13,1
30,132,8,1
30,133,0,0
30,134,13,1
30,135,26,1
30,136,10,1
30,137,25,1
30,138,45,1
30,139,5,1
30,140,4,1
30,141,10,1
30,142,1,1
30,143,9,1
30,144,0,0
30,145,18,1
30,146,12,1
30,147,14,1
30,148,11,1
30,149,0,0
30,150,3,1
30,151,1,1
30,152,1,1
30,153,1,1
30,154,0,0
30,155,10,1
30,156,1,1
30,157,3,1
30,158,9,1
30,159,3,1
30,160,0,0
30,161,30,1
30,162,0,0
30,163,28,1
30,164,8,1
30,165,1,1
30,166,46,1
30,167,4,1
30,168,6,1
30,169,11,1
30,170,0,0
30,171,13,1
30,172,0,0
30,173,19,1
30,174,0,0
30,175,1,1
30,176,0,0
30,177,0,0
30,178,0,0
30,179,44,1
30,180,6,1
30,181,20,1
30,182,112,2
30,183,6,1
30,184,15,1
30,185,8,1
30,186,26,1
30,187,60,1
30,188,3,1
30,189,0,0
30,190,0,0
30,191,61,1
30,192,5,1
30,193,14,1
30,194,7,1
30,195,15,1
30,196,72,2
30,197,0,0
30,198,22,1
30,199,12,1
30,200,22,1
30,201,13,1
30,202,23,1
30,203,3,1
30,204,17,1
30,205,0,0
30,206,0,0
30,207,2,1
30,208,2,1
30,209,107,2
30,210,1,1
30,211,18,1
30,212,0,0
30,213,0,0
30,214,0,0
30,215,3,1
30,216,18,1
30,217,8,1
30,218,0,0
30,219,0,0
30,220,28,1
30,221,32,1
30,222,23,1
30,223,24,1
30,224,0,0
30,225,3,1
30,226,15,1
30,227,38,1
30,228,5,1
30,229,0,0
30,230,6,1
30,231,0,0
30,232,6,1
30,233,2,1
30,234,1,1
30,235,18,1
30,236,0,0
30,237,3,1
30,238,6,1
30,239,30,1
30,240,0,0
30,241,3,1
30,242,0,0
30,243,10,1
30,244,0,0
30,245,28,1
30,246,129,3
30,247,282,5
30,248,14,1
30,249,2,1
30,250,16,1
30,251,4,1
30,252,62,1
30,253,19,1
30,254,6,1
30,255,0,0
31,0,7,1
31,1,0,0
31,2,1,1
31,3,0,0
31,4,23,1
31,5,4,1
31,6,18,1
31,7,0,0
31,8,0,0
31,9,8,1
31,10,0,0
31,11,44,1
31,12,11,1
31,13,0,0
31,14,31,1
31,15,61,1
31,16,33,1
31,17,2,1
31,18,13,1
31,19,16,1
31,20,5,1
31,21,3,1
31,22,58,1
31,23,112,2
31,24,1,1
31,25,17,1
31,26,25,1
31,27,1,1
31,28,6,1
31,29,10,1
31,30,1,1
31,31,17,1
31,32,1,1
31,33,0,0
31,34,2,1
31,35,5,1
31,36,1,1
31,37,26,1
31,38,18,1
31,39,3,1
31,40,0,0
31,41,25,1
31,42,8,1
31,43,24,1
31,44,35,1
31,45,1,1
31,46,6,1
31,47,0,0
31,48,0,0
31,49,6,1
31,50,0,0
31,51,9,1
31,52,27,1
31,53,2,1
31,54,1,1
31,55,16,1
31,56,7,1
31,57,11,1
31,58,1,1
31,59,18,1
31,60,8,1
31,61,52,1
31,62,0,0
31,63,0,0
31,64,6,1
31,65,9,1
31,66,34,1
31,67,51,1
31,68,4,1
31,69,42,1
31,70,2,1
31,71,27,1
31,72,104,2
31,73,6,1
31,74,27,1
31,75,2,1
31,76,0,0
31,77,14,1
31,78,1,1
31,79,20,1
31,80,9,1
31,81,58,1
31,82,11,1
31,83,8,1
31,84,3,1
31,85,6,1
31,86,6,1
31,87,0,0
31,88,1,1
31,89,1,1
31,90,0,0
31,91,2,1
31,92,0,0
31,93,45,1
31,94,5,1
31,95,6,1
31,96,5,1
31,97,0,0
31,98,4,1
31,99,17,1
31,100,2,1
31,101,69,2
31,102,31,1
31,103,16,1
31,104,0,0
31,105,0,0
31,106,0,0
31,107,0,0
31,108,4,1
31,109,4,1
31,110,0,0
31,111,8,1
31,112,0,0
31,113,32,1
31,114,8,1
31,115,3,1
31,116,1,1
31,117,0,0
31,118,17,1
31,119,0,0
31,120,16,1
31,121,67,2
31,122,7,1
31,123,20,1
31,124,5,1
31,125,3,1
31,126,25,1
31,127,48,1
31,128,1,1
31,129,31,1
31,130,55,1
31,131,5,1
31,132,5,1
31,133,0,0
31,134,3,1
31,135,5,1
31,136,27,1
31,137,5,1
31,138,1,1
31,139,29,1
31,140,4,1
31,141,2,1
31,142,4,1
31,143,24,1
31,144,7,1
31,145,0,0
31,146,39,1
31,147,7,1
31,148,0,0
31,149,2,1
31,150,2,1
31,151,31,1
31,152,31,1
31,153,3,1
31,154,3,1
31,155,0,0
31,156,6,1
31,157,23,1
31,158,28,1
31,159,17,1
31,160,2,1
31,161,12,1
31,162,1,1
31,163,32,1
31,164,169,3
31,165,13,1
31,166,1,1
31,167,57,1
31,168,5,1
31,169,41,1
31,170,15,1
31,171,10,1
31,172,37,1
31,173,0,0
31,174,9,1
31,175,0,0
31,176,3,1
31,177,12,1
31,178,2,1
31,179,38,1
31,180,72,2
31,181,0,0
31,182,196,4
31,183,145,3
31,184,29,1
31,185,43,1
31,186,0,0
31,187,1,1
31,188,21,1
31,189,12,1
31,190,37,1
31,191,6,1
31,192,16,1
31,193,0,0
31,194,0,0
31,195,2,1
31,196,22,1
31,197,11,1
31,198,23,1
31,199,35,1
31,200,0,0
31,201,24,1
31,202,2,1
31,203,0,0
31,204,0,0
31,205,0,0
31,206,0,0
31,207,4,1
31,208,19,1
31,209,3,1
31,210,2,1
31,211,15,1
31,212,0,0
31,213,0,0
31,214,0,0
31,215,10,1
31,216,41,1
31,217,31,1
31,218,2,1
31,219,19,1
31,220,20,1
31,221,29,1
31,222,4,1
31,223,3,1
31,224,0,0
31,225,4,1
31,226,8,1
31,227,3,1
31,228,127,2
31,229,0,0
31,230,0,0
31,231,0,0
31,232,3,1
31,233,22,1
31,234,0,0
31,235,7,1
31,236,54,1
31,237,0,0
31,238,12,1
31,239,47,1
31,240,14,1
31,241,18,1
31,242,115,2
31,243,0,0
31,244,22,1
31,245,14,1
31,246,2,1
31,247,10,1
31,248,7,1
31,249,2,1
31,250,68,2
31,251,5,1
31,252,0,0
31,253,6,1
31,254,2,1
31,255,3,1
32,0,14,1
32,1,16,1
32,2,95,2
32,3,0,0
32,4,0,0
32,5,5,1
32,6,17,1
32,7,2,1
32,8,0,0
32,9,37,1
32,10,37,1
32,11,21,1
32,12,0,0
32,13,0,0
32,14,3,1
32,15,4,1
32,16,12,1
32,17,28,1
32,18,10,1
32,19,4,1
32,20,0,0
32,21,0,0
32,22,42,1
32,23,0,0
32,24,19,1
32,25,20,1
32,26,4,1
32,27,0,0
32,28,40,1
32,29,0,0
32,30,34,1
32,31,0,0
32,32,5,1
32,33,20,1
32,34,0,0
32,35,20,1
32,36,0,0
32,37,0,0
32,38,0,0
32,39,2,1
32,40,10,1
32,41,1,1
32,42,20,1
32,43,0,0
32,44,18,1
32,45,14,1
32,46,11,1
32,47,9,1
32,48,3,1
32,49,0,0
32,50,36,1
32,51,26,1
32,52,0,0
32,53,0,0
32,54,4,1
32,55,15,1
32,56,1,1
32,57,0,0
32,58,0,0
32,59,6,1
32,60,26,1
32,61,16,1
32,62,0,0
32,63,12,1
32,64,0,0
32,65,68,2
32,66,2,1
32,67,22,1
32,68,13,1
32,69,33,1
32,70,43,1
32,71,2,1
32,72,1,1
32,73,36,1
32,74,22,1
32,75,0,0
32,76,30,1
32,77,21,1
32,78,2,1
32,79,0,0
32,80,0,0
32,81,35,1
32,82,4,1
32,83,159,3
32,84,9,1
32,85,9,1
32,86,8,1
32,87,6,1
32,88,5,1
32,89,7,1
32,90,46,1
32,91,1,1
32,92,0,0
32,93,1,1
32,94,9,1
32,95,4,1
32,96,11,1
32,97,30,1
32,98,4,1
32,99,7,1
32,100,17,1
32,101,24,1
32,102,0,0
32,103,17,1
32,104,3,1
32,105,14,1
32,106,1,1
32,107,12,1
32,108,73,2
32,109,13,1
32,110,11,1
32,111,0,0
32,112,7,1
32,113,0,0
32,114,6,1
32,115,22,1
32,116,9,1
32,117,2,1
32,118,25,1
32,119,0,0
32,120,9,1
32,121,19,1
32,122,6,1
32,123,10,1
32,124,2,1
32,125,4,1
32,126,1,1
32,127,6,1
32,128,0,0
32,129,0,0
32,130,9,1
32,131,15,1
32,132,0,0
32,133,0,0
32,134,6,1
32,135,24,1
32,136,0,0
32,137,1,1
32,138,15,1
32,139,0,0
32,140,14,1
32,141,20,1
32,142,8,1
32,143,56,1
32,144,15,1
32,145,10,1
32,146,0,0
32,147,4,1
32,148,67,2
32,149,35,1
32,150,0,0
32,151,9,1
32,152,1,1
32,153,10,1
32,154,0,0
32,155,218,4
32,156,0,0
32,157,11,1
32,158,47,1
32,159,37,1
32,160,10,1
32,161,24,1
32,162,30,1
32,163,4,1
32,164,0,0
32,165,10,1
32,166,41,1
32,167,23,1
32,168,34,1
32,169,0,0
32,170,12,1
32,171,1,1
32,172,39,1
32,173,68,2
32,174,8,1
32,175,1,1
32,176,13,1
32,177,0,0
32,178,43,1
32,179,15,1
32,180,25,1
32,181,14,1
32,182,19,1
32,183,4,1
32,184,48,1
32,185,17,1
32,186,0,0
32,187,165,3
32,188,15,1
32,189,0,0
32,190,2,1
32,191,0,0
32,192,4,1
32,193,4,1
32,194,0,0
32,195,34,1
32,196,17,1
32,197,22,1
32,198,5,1
32,199,51,1
32,200,36,1
32,201,24,1
32,202,0,0
32,203,37,1
32,204,2,1
32,205,0,0
32,206,19,1
32,207,8,1
32,208,3,1
32,209,22,1
32,210,7,1
32,211,64,1
32,212,0,0
32,213,30,1
32,214,7,1
32,215,2,1
32,216,2,1
32,217,8,1
32,218,36,1
32,219,5,1
32,220,1,1
32,221,19,1
32,222,14,1
32,223,20,1
32,224,0,0
32,225,0,0
32,226,68,2
32,227,14,1
32,228,3,1
32,229,0,0
32,230,0,0
32,231,35,1
32,232,0,0
32,233,2,1
32,234,0,0
32,235,48,1
32,236,105,2
32,237,3,1
32,238,8,1
32,239,11,1
32,240,1,1
32,241,0,0
32,242,74,2
32,243,1,1
32,244,59,1
32,245,16,1
32,246,0,0
32,247,5,1
32,248,7,1
32,249,71,2
32,250,0,0
32,251,9,1
32,252,0,0
32,253,14,1
32,254,18,1
32,255,2,1
33,0,10,1
33,1,16,1
33,2,32,1
33,3,169,3
33,4,52,1
33,5,21,1
33,6,5,1
33,7,14,1
33,8,37,1
33,9,1,1
33,10,0,0
33,11,22,1
33,12,69,2
33,13,13,1
33,14,12,1
33,15,4,1
33,16,2,1
33,17,0,0
33,18,6,1
33,19,8,1
33,20,10,1
33,21,0,0
33,22,5,1
33,23,2,1
33,24,16,1
33,25,37,1
33,26,0,0
33,27,4,1
33,28,24,1
33,29,24,1
33,30,14,1
33,31,0,0
33,32,22,1
33,33,23,1
33,34,8,1
33,35,3,1
33,36,6,1
33,37,0,0
33,38,2,1
33,39,2,1
33,40,1,1
33,41,0,0
33,42,22,1
33,43,5,1
33,44,15,1
33,45,5,1
33,46,19,1
33,47,1,1
33,48,1,1
33,49,3,1
33,50,19,1
33,51,26,1
33,52,9,1
33,53,0,0
33,54,1,1
33,55,0,0
33,56,2,1
33,57,12,1
33,58,1,1
33,59,4,1
33,60,11,1
33,61,0,0
33,62,14,1
33,63,76,2
33,64,0,0
33,65,4,1
33,66,0,0
33,67,39,1
33,68,0,0
33,69,235,4
33,70,17,1
33,71,4,1
33,72,7,1
33,73,1,1
33,74,22,1
33,75,0,0
33,76,1,1
33,77,0,0
33,78,0,0
33,79,27,1
33,80,0,0
33,81,30,1
33,82,4,1
33,83,0,0
33,84,26,1
33,85,10,1
33,86,0,0
33,87,9,1
33,88,146,3
33,89,5,1
33,90,1,1
33,91,0,0
33,92,6,1
33,93,10,1
33,94,3,1
33,95,2,1
33,96,1,1
33,97,31,1
33,98,0,0
33,99,19,1
33,100,8,1
33,101,61,1
33,102,44,1
33,103,3,1
33,104,7,1
33,105,136,3
33,106,0,0
33,107,9,1
33,108,4,1
33,109,9,1
33,110,50,1
33,111,8,1
33,112,0,0
33,113,0,0
33,114,96,2
33,115,37,1
33,116,14,1
33,117,17,1
33,118,9,1
33,119,18,1
33,120,5,1
33,121,7,1
33,122,0,0
33,123,37,1
33,124,86,2
33,125,16,1
33,126,0,0
33,127,13,1
33,128,3,1
33,129,0,0
33,130,5,1
33,131,23,1
33,132,27,1
33,133,1,1
33,134,10,1
33,135,4,1
33,136,41,1
33,137,1,1
33,138,9,1
33,139,19,1
33,140,2,1
33,141,0,0
33,142,73,2
33,143,20,1
33,144,6,1
33,145,1,1
33,146,1,1
33,147,4,1
33,148,26,1
33,149,23,1
33,150,19,1
33,151,7,1
33,152,15,1
33,153,45,1
33,154,0,0
33,155,0,0
33,156,0,0
33,157,5,1
33,158,99,2
33,159,20,1
33,160,36,1
33,161,5,1
33,162,0,0
33,163,1,1
33,164,26,1
33,165,9,1
33,166,14,1
33,167,10,1
33,168,109,2
33,169,1,1
33,170,25,1
33,171,0,0
33,172,59,1
33,173,0,0
33,174,12,1
33,175,27,1
33,176,25,1
33,177,27,1
33,178,82,2
33,179,7,1
33,180,3,1
33,181,6,1
33,182,34,1
33,183,2,1
33,184,0,0
33,185,7,1
33,186,0,0
33,187,0,0
33,188,4,1
33,189,6,1
33,190,0,0
33,191,7,1
33,192,2,1
33,193,38,1
33,194,0,0
33,195,2,1
33,196,0,0
33,197,3,1
33,198,2,1
33,199,14,1
33,200,3,1
33,201,4,1
33,202,1,1
33,203,21,1
33,204,16,1
33,205,31,1
33,206,0,0
33,207,2,1
33,208,3,1
33,209,6,1
33,210,0,0
33,211,7,1
33,212,3,1
33,213,1,1
33,214,0,0
33,215,21,1
33,216,0,0
33,217,2,1
33,218,38,1
33,219,7,1
33,220,7,1
33,221,4,1
33,222,2,1
33,223,0,0
33,224,97,2
33,225,9,1
33,226,14,1
33,227,35,1
33,228,0,0
33,229,0,0
33,230,10,1
33,231,2,1
33,232,6,1
33,233,10,1
33,234,25,1
33,235,24,1
33,236,49,1
33,237,0,0
33,238,0,0
33,239,3,1
33,240,8,1
33,241,0,0
33,242,0,0
33,243,0,0
33,244,36,1
33,245,65,2
33,246,4,1
33,247,12,1
33,248,6,1
33,249,43,1
33,250,0,0
33,251,13,1
33,252,23,1
33,253,5,1
33,254,8,1
33,255,0,0
34,0,235,4
34,1,6,1
34,2,1,1
34,3,25,1
34,4,12,1
34,5,5,1
34,6,5,1
34,7,80,2
34,8,0,0
34,9,0,0
34,10,0,0
34,11,30,1
34,12,18,1
34,13,45,1
34,14,0,0
34,15,11,1
34,16,10,1
34,17,1,1
34,18,16,1
34,19,22,1
34,20,34,1
34,21,0,0
34,22,12,1
34,23,4,1
34,24,11,1
34,25,19,1
34,26,2,1
34,27,0,0
34,28,54,1
34,29,0,0
34,30,4,1
34,31,15,1
34,32,2,1
34,33,0,0
34,34,15,1
34,35,26,1
34,36,16,1
34,37,9,1
34,38,14,1
34,39,22,1
34,40,37,1
34,41,0,0
34,42,30,1
34,43,6,1
34,44,9,1
34,45,0,0
34,46,13,1
34,47,3,1
34,48,2,1
34,49,0,0
34,50,32,1
34,51,3,1
34,52,1,1
34,53,0,0
34,54,1,1
34,55,2,1
34,56,7,1
34,57,3,1
34,58,0,0
34,59,1,1
34,60,0,0
34,61,6,1
34,62,0,0
34,63,8,1
34,64,14,1
34,65,11,1
34,66,152,3
34,67,4,1
34,68,3,1
34,69,5,1
34,70,3,1
34,71,0,0
34,72,19,1
34,73,8,1
34,74,3,1
34,75,7,1
34,76,1,1
34,77,0,0
34,78,0,0
34,79,0,0
34,80,8,1
34,81,151,3
34,82,48,1
34,83,1,1
34,84,14,1
34,85,38,1
34,86,11,1
34,87,0,0
34,88,16,1
34,89,3,1
34,90,15,1
34,91,0,0
34,92,5,1
34,93,6,1
34,94,0,0
34,95,7,1
34,96,0,0
34,97,2,1
34,98,16,1
34,99,17,1
34,100,0,0
34,101,2,1
34,102,7,1
34,103,1,1
34,104,218,4
34,105,4,1
34,106,13,1
34,107,1,1
34,108,52,1
34,109,4,1
34,110,8,1
34,111,0,0
34,112,1,1
34,113,0,0
34,114,8,1
34,115,39,1
34,116,13,1
34,117,0,0
34,118,16,1
34,119,9,1
34,120,0,0
34,121,6,1
34,122,36,1
34,123,21,1
34,124,39,1
34,125,30,1
34,126,1,1
34,127,19,1
34,128,1,1
34,129,1,1
34,130,0,0
34,131,1,1
34,132,24,1
34,133,0,0
34,134,17,1
34,135,22,1
34,136,26,1
34,137,11,1
34,138,5,1
34,139,43,1
34,140,12,1
34,141,6,1
34,142,85,2
34,143,4,1
34,144,9,1
34,145,15,1
34,146,1,1
34,147,9,1
34,148,59,1
34,149,29,1
34,150,9,1
34,151,32,1
34,152,1,1
34,153,48,1
34,154,3,1
34,155,11,1
34,156,13,1
34,157,14,1
34,158,0,0
34,159,1,1
34,160,6,1
34,161,0,0
34,162,0,0
34,163,16,1
34,164,73,2
34,165,4,1
34,166,35,1
34,167,7,1
34,168,10,1
34,169,17,1
34,170,16,1
34,171,50,1
34,172,8,1
34,173,10,1
34,174,0,0
34,175,9,1
34,176,31,1
34,177,43,1
34,178,20,1
34,179,44,1
34,180,33,1
34,181,16,1
34,182,96,2
34,183,17,1
34,184,6,1
34,185,4,1
34,186,33,1
34,187,0,0
34,188,14,1
34,189,11,1
34,190,0,0
34,191,30,1
34,192,0,0
34,193,2,1
34,194,2,1
34,195,116,2
34,196,14,1
34,197,8,1
34,198,8,1
34,199,1,1
34,200,39,1
34,201,0,0
34,202,17,1
34,203,8,1
34,204,1,1
34,205,21,1
34,206,94,2
34,207,24,1
34,208,2,1
34,209,4,1
34,210,2,1
34,211,3,1
34,212,37,1
34,213,1,1
34,214,1,1
34,215,0,0
34,216,6,1
34,217,3,1
34,218,0,0
34,219,3,1
34,220,0,0
34,221,1,1
34,222,2,1
34,223,17,1
34,224,5,1
34,225,1,1
34,226,2,1
34,227,1,1
34,228,4,1
34,229,15,1
34,230,21,1
34,231,1,1
34,232,8,1
34,233,4,1
34,234,0,0
34,235,12,1
34,236,13,1
34,237,2,1
34,238,0,0
34,239,9,1
34,240,2,1
34,241,1,1
34,242,23,1
34,243,17,1
34,244,2,1
34,245,19,1
34,246,7,1
34,247,3,1
34,248,0,0
34,249,6,1
34,250,59,1
34,251,10,1
34,252,14,1
34,253,4,1
34,254,101,2
34,255,41,1
35,0,0,0
35,1,1,1
35,2,0,0
35,3,0,0
35,4,0,0
35,5,1,1
35,6,7,1
35,7,0,0
35,8,12,1
35,9,83,2
35,10,0,0
35,11,7,1
35,12,54,1
35,13,0,0
35,14,41,1
35,15,0,0
35,16,15,1
35,17,7,1
35,18,8,1
35,19,0,0
35,20,11,1
35,21,0,0
35,22,35,1
35,23,50,1
35,24,18,1
35,25,14,1
35,26,0,0
35,27,0,0
35,28,5,1
35,29,13,1
35,30,25,1
35,31,4,1
35,32,0,0
35,33,2,1
35,34,0,0
35,35,2,1
35,36,2,1
35,37,3,1
35,38,15,1
35,39,3,1
35,40,32,1
35,41,36,1
35,42,0,0
35,43,32,1
35,44,18,1
35,45,32,1
35,46,36,1
35,47,2,1
35,48,0,0
35,49,1,1
35,50,3,1
35,51,5,1
35,52,0,0
35,53,1,1
35,54,0,0
35,55,1,1
35,56,4,1
35,57,7,1
35,58,22,1
35,59,0,0
35,60,2,1
35,61,2,1
35,62,0,0
35,63,79,2
35,64,1,1
35,65,1,1
35,66,3,1
35,67,0,0
35,68,0,0
35,69,0,0
35,70,0,0
35,71,0,0
35,72,1,1
35,73,2,1
35,74,19,1
35,75,0,0
35,76,31,1
35,77,3,1
35,78,0,0
35,79,10,1
35,80,0,0
35,81,5,1
35,82,2,1
35,83,0,0
35,84,3,1
35,85,0,0
35,86,0,0
35,87,0,0
35,88,47,1
35,89,0,0
35,90,2,1
35,91,2,1
35,92,0,0
35,93,2,1
35,94,1,1
35,95,0,0
35,96,1,1
35,97,16,1
35,98,4,1
35,99,4,1
35,100,7,1
35,101,12,1
35,102,161,3
35,103,7,1
35,104,10,1
35,105,2,1
35,106,13,1
35,107,1,1
35,108,4,1
35,109,5,1
35,110,2,1
35,111,13,1
35,112,217,4
35,113,4,1
35,114,8,1
35,115,1,1
35,116,25,1
35,117,66,2
35,118,113,2
35,119,4,1
35,120,15,1
35,121,1,1
35,122,3,1
35,123,43,1
35,124,1,1
35,125,3,1
35,126,60,1
35,127,16,1
35,128,11,1
35,129,9,1
35,130,1,1
35,131,0,0
35,132,0,0
35,133,32,1
35,134,7,1
35,135,12,1
35,136,12,1
35,137,5,1
35,138,0,0
35,139,6,1
35,140,120,2
35,141,13,1
35,142,69,2
35,143,6,1
35,144,44,1
35,145,6,1
35,146,0,0
35,147,73,2
35,148,0,0
35,149,3,1
35,150,0,0
35,151,15,1
35,152,2,1
35,153,35,1
35,154,2,1
35,155,3,1
35,156,15,1
35,157,2,1
35,158,5,1
35,159,8,1
35,160,1,1
35,161,6,1
35,162,14,1
35,163,15,1
35,164,7,1
35,165,5,1
35,166,0,0
35,167,3,1
35,168,8,1
35,169,2,1
35,170,0,0
35,171,32,1
35,172,12,1
35,173,14,1
35,174,0,0
35,175,0,0
35,176,0,0
35,177,2,1
35,178,68,2
35,179,43,1
35,180,93,2
35,181,5,1
35,182,7,1
35,183,40,1
35,184,33,1
35,185,4,1
35,186,0,0
35,187,2,1
35,188,9,1
35,189,53,1
35,190,34,1
35,191,16,1
35,192,8,1
35,193,16,1
35,194,13,1
35,195,19,1
35,196,0,0
35,197,0,0
35,198,18,1
35,199,125,2
35,200,0,0
35,201,2,1
35,202,1,1
35,203,23,1
35,204,43,1
35,205,15,1
35,206,18,1
35,207,2,1
35,208,2,1
35,209,33,1
35,210,26,1
35,211,21,1
35,212,22,1
35,213,3,1
35,214,39,1
35,215,0,0
35,216,170,3
35,217,34,1
35,218,3,1
35,219,0,0
35,220,25,1
35,221,2,1
35,222,15,1
35,223,26,1
35,224,2,1
35,225,0,0
35,226,11,1
35,227,15,1
35,228,43,1
35,229,30,1
35,230,6,1
35,231,95,2
35,232,2,1
35,233,22,1
35,234,0,0
35,235,6,1
35,236,8,1
35,237,0,0
35,238,52,1
35,239,13,1
35,240,24,1
35,241,0,0
35,242,1,1
35,243,0,0
35,244,13,1
35,245,0,0
35,246,11,1
35,247,12,1
35,248,0,0
35,249,2,1
35,250,15,1
35,251,183,3
35,252,5,1
35,253,26,1
35,254,1,1
35,255,0,0
36,0,66,2
36,1,10,1
36,2,63,1
36,3,70,2
36,4,17,1
36,5,40,1
36,6,11,1
36,7,0,0
36,8,0,0
36,9,4,1
36,10,0,0
36,11,30,1
36,12,25,1
36,13,4,1
36,14,3,1
36,15,5,1
36,16,7,1
36,17,0,0
36,18,27,1
36,19,0,0
36,20,6,1
36,21,28,1
36,22,5,1
36,23,0,0
36,24,1,1
36,25,0,0
36,26,70,2
36,27,2,1
36,28,77,2
36,29,0,0
36,30,18,1
36,31,1,1
36,32,1,1
36,33,32,1
36,34,6,1
36,35,9,1
36,36,2,1
36,37,4,1
36,38,36,1
36,39,0,0
36,40,30,1
36,41,1,1
36,42,0,0
36,43,36,1
36,44,12,1
36,45,8,1
36,46,66,2
36,47,8,1
36,48,9,1
36,49,0,0
36,50,10,1
36,51,4,1
36,52,0,0
36,53,1,1
36,54,0,0
36,55,1,1
36,56,3,1
36,57,0,0
36,58,12,1
36,59,0,0
36,60,0,0
36,61,4,1
36,62,22,1
36,63,0,0
36,64,11,1
36,65,5,1
36,66,6,1
36,67,13,1
36,68,6,1
36,69,1,1
36,70,3,1
36,71,43,1
36,72,39,1
36,73,2,1
36,74,12,1
36,75,3,1
36,76,0,0
36,77,11,1
36,78,10,1
36,79,8,1
36,80,0,0
36,81,2,1
36,82,23,1
36,83,0,0
36,84,0,0
36,85,11,1
36,86,3,1
36,87,1,1
36,88,5,1
36,89,0,0
36,90,0,0
36,91,0,0
36,92,26,1
36,93,0,0
36,94,0,0
36,95,1,1
36,96,2,1
36,97,6,1
36,98,28,1
36,99,4,1
36,100,0,0
36,101,8,1
36,102,11,1
36,103,6,1
36,104,3,1
36,105,17,1
36,106,12,1
36,107,24,1
36,108,0,0
36,109,10,1
36,110,23,1
36,111,112,2
36,112,79,2
36,113,0,0
36,114,25,1
36,115,9,1
36,116,49,1
36,117,30,1
36,118,8,1
36,119,16,1
36,120,35,1
36,121,0,0
36,122,1,1
36,123,0,0
36,124,10,1
36,125,16,1
36,126,8,1
36,127,14,1
36,128,1,1
36,129,5,1
36,130,20,1
36,131,26,1
36,132,0,0
36,133,168,3
36,134,19,1
36,135,16,1
36,136,1,1
36,137,13,1
36,138,0,0
36,139,10,1
36,140,0,0
36,141,2,1
36,142,17,1
36,143,10,1
36,144,16,1
36,145,57,1
36,146,9,1
36,147,8,1
36,148,1,1
36,149,2,1
36,150,74,2
36,151,2,1
36,152,1,1
36,153,18,1
36,154,33,1
36,155,77,2
36,156,4,1
36,157,0,0
36,158,8,1
36,159,42,1
36,160,2,1
36,161,0,0
36,162,47,1
36,163,0,0
36,164,185,3
36,165,33,1
36,166,15,1
36,167,11,1
36,168,35,1
36,169,4,1
36,170,4,1
36,171,49,1
36,172,1,1
36,173,15,1
36,174,0,0
36,175,0,0
36,176,0,0
36,177,3,1
36,178,19,1
36,179,1,1
36,180,3,1
36,181,5,1
36,182,12,1
36,183,94,2
36,184,0,0
36,185,9,1
36,186,23,1
36,187,2,1
36,188,11,1
36,189,6,1
36,190,2,1
36,191,18,1
36,192,0,0
36,193,20,1
36,194,0,0
36,195,8,1
36,196,31,1
36,197,0,0
36,198,2,1
36,199,0,0
36,200,0,0
36,201,0,0
36,202,29,1
36,203,1,1
36,204,37,1
36,205,25,1
36,206,13,1
36,207,1,1
36,208,4,1
36,209,5,1
36,210,5,1
36,211,39,1
36,212,33,1
36,213,0,0
36,214,1,1
36,215,22,1
36,216,6,1
36,217,2,1
36,218,4,1
36,219,16,1
36,220,47,1
36,221,2,1
36,222,38,1
36,223,4,1
36,224,5,1
36,225,3,1
36,226,32,1
36,227,44,1
36,228,10,1
36,229,16,1
36,230,1,1
36,231,18,1
36,232,12,1
36,233,1,1
36,234,2,1
36,235,2,1
36,236,80,2
36,237,10,1
36,238,146,3
36,239,4,1
36,240,39,1
36,241,22,1
36,242,7,1
36,243,28,1
36,244,1,1
36,245,65,2
36,246,8,1
36,247,0,0
36,248,1,1
36,249,20,1
36,250,0,0
36,251,45,1
36,252,28,1
36,253,5,1
36,254,4,1
36,255,55,1
37,0,44,1
37,1,22,1
37,2,0,0
37,3,2,1
37,4,0,0
37,5,0,0
37,6,20,1
37,7,0,0
37,8,15,1
37,9,87,2
37,10,2,1
37,11,37,1
37,12,7,1
37,13,0,0
37,14,12,1
37,15,0,0
37,16,103,2
37,17,1,1
37,18,5,1
37,19,0,0
37,20,16,1
37,21,1,1
37,22,17,1
37,23,0,0
37,24,11,1
37,25,3,1
37,26,85,2
37,27,2,1
37,28,2,1
37,29,0,0
37,30,20,1
37,31,7,1
37,32,1,1
37,33,1,1
37,34,4,1
37,35,70,2
37,36,0,0
37,37,9,1
37,38,20,1
37,39,5,1
37,40,3,1
37,41,11,1
37,42,36,1
37,43,11,1
37,44,1,1
37,45,18,1
37,46,0,0
37,47,129,3
37,48,9,1
37,49,0,0
37,50,0,0
37,51,44,1
37,52,32,1
37,53,13,1
37,54,0,0
37,55,0,0
37,56,8,1
37,57,0,0
37,58,6,1
37,59,0,0
37,60,0,0
37,61,1,1
37,62,8,1
37,63,0,0
37,64,11,1
37,65,44,1
37,66,19,1
37,67,2,1
37,68,0,0
37,69,0,0
37,70,0,0
37,71,45,1
37,72,97,2
37,73,11,1
37,74,54,1
37,75,2,1
37,76,0,0
37,77,3,1
37,78,9,1
37,79,33,1
37,80,10,1
37,81,20,1
37,82,0,0
37,83,0,0
37,84,16,1
37,85,0,0
37,86,0,0
37,87,0,0
37,88,30,1
37,89,0,0
37,90,0,0
37,91,2,1
37,92,5,1
37,93,0,0
37,94,57,1
37,95,11,1
37,96,0,0
37,97,127,2
37,98,1,1
37,99,61,1
37,100,29,1
37,101,0,0
37,102,8,1
37,103,3,1
37,104,9,1
37,105,0,0
37,106,24,1
37,107,14,1
37,108,1,1
37,109,1,1
37,110,36,1
37,111,0,0
37,112,0,0
37,113,8,1
37,114,12,1
37,115,17,1
37,116,2,1
37,117,0,0
37,118,49,1
37,119,0,0
37,120,3,1
37,121,0,0
37,122,6,1
37,123,57,1
37,124,11,1
37,125,6,1
37,126,0,0
37,127,2,1
37,128,2,1
37,129,0,0
37,130,0,0
37,131,0,0
37,132,7,1
37,133,1,1
37,134,14,1
37,135,0,0
37,136,16,1
37,137,1,1
37,138,3,1
37,139,2,1
37,140,5,1
37,141,0,0
37,142,0,0
37,143,3,1
37,144,0,0
37,145,16,1
37,146,54,1
37,147,47,1
37,148,2,1
37,149,0,0
37,150,8,1
37,151,22,1
37,152,15,1
37,153,1,1
37,154,14,1
37,155,46,1
37,156,20,1
37,157,2,1
37,158,0,0
37,159,0,0
37,160,0,0
37,161,47,1
37,162,0,0
37,163,93,2
37,164,144,3
37,165,2,1
37,166,0,0
37,167,90,2
37,168,19,1
37,169,4,1
37,170,178,3
37,171,2,1
37,172,48,1
37,173,50,1
37,174,0,0
37,175,0,0
37,176,8,1
37,177,0,0
37,178,22,1
37,179,31,1
37,180,0,0
37,181,22,1
37,182,81,2
37,183,33,1
37,184,9,1
37,185,7,1
37,186,1,1
37,187,16,1
37,188,16,1
37,189,3,1
37,190,2,1
37,191,0,0
37,192,21,1
37,193,3,1
37,194,0,0
37,195,158,3
37,196,20,1
37,197,2,1
37,198,0,0
37,199,151,3
37,200,14,1
37,201,32,1
37,202,1,1
37,203,0,0
37,204,30,1
37,205,0,0
37,206,3,1
37,207,0,0
37,208,2,1
37,209,1,1
37,210,2,1
37,211,4,1
37,212,26,1
37,213,4,1
37,214,8,1
37,215,2,1
37,216,0,0
37,217,0,0
37,218,1,1
37,219,0,0
37,220,7,1
37,221,0,0
37,222,25,1
37,223,0,0
37,224,0,0
37,225,7,1
37,226,0,0
37,227,16,1
37,228,0,0
37,229,5,1
37,230,1,1
37,231,0,0
37,232,69,2
37,233,15,1
37,234,0,0
37,235,65,2
37,236,15,1
37,237,12,1
37,238,29,1
37,239,35,1
37,240,1,1
37,241,0,0
37,242,0,0
37,243,20,1
37,244,16,1
37,245,0,0
37,246,1,1
37,247,63,1
37,248,6,1
37,249,0,0
37,250,0,0
37,251,4,1
37,252,4,1
37,253,0,0
37,254,36,1
37,255,1,1
