run_idx,arm,block,step_idx,step_ms,used
1,ctl,0,0,9.415167,0
1,ctl,0,1,8.335666,0
1,ctl,0,2,8.302625,0
1,ctl,0,3,8.254625,0
1,ctl,0,4,8.254458,0
1,ctl,0,5,8.203625,0
1,ctl,0,6,8.268292,0
1,ctl,0,7,8.225375,0
1,ctl,0,8,8.258916,1
1,ctl,0,9,8.215875,1
1,ctl,0,10,8.231541,1
1,ctl,0,11,8.239791,1
1,ctl,0,12,8.268792,1
1,ctl,0,13,8.201875,1
1,ctl,0,14,8.240250,1
1,ctl,0,15,8.226834,1
1,ctl,0,16,8.248583,1
1,ctl,0,17,8.223833,1
1,ctl,0,18,8.267625,1
1,ctl,0,19,8.205625,1
1,ctl,0,20,8.247084,1
1,ctl,0,21,8.232042,1
1,ctl,0,22,8.281542,1
1,ctl,0,23,8.227875,1
1,ctl,0,24,8.291250,1
1,ctl,0,25,8.222834,1
1,ctl,0,26,8.264625,1
1,ctl,0,27,8.213708,1
1,ctl,0,28,8.370750,1
1,ctl,0,29,8.214334,1
1,ctl,0,30,8.365709,1
1,ctl,0,31,8.286708,1
1,ctl,0,32,8.351125,1
1,ctl,0,33,8.242250,1
1,ctl,0,34,8.242750,1
1,ctl,0,35,8.233292,1
1,ctl,0,36,8.331667,1
1,ctl,0,37,8.211042,1
1,ctl,0,38,8.263458,1
1,ctl,0,39,8.223000,1
1,ctl,0,40,8.239500,1
1,ctl,0,41,8.223958,1
1,ctl,0,42,8.300208,1
1,ctl,0,43,8.238292,1
1,ctl,0,44,8.274250,1
1,ctl,0,45,8.240083,1
1,ctl,0,46,8.277291,1
1,ctl,0,47,8.246584,1
1,ctl,0,48,8.281459,1
1,ctl,0,49,8.210917,1
1,ctl,0,50,8.260792,1
1,ctl,0,51,8.216375,1
1,ctl,0,52,8.263541,1
1,ctl,0,53,8.227834,1
1,ctl,0,54,8.262250,1
1,ctl,0,55,8.227333,1
1,ctl,0,56,8.272958,1
1,ctl,0,57,8.234459,1
1,ctl,0,58,8.270834,1
1,ctl,0,59,8.232875,1
1,ctl,0,60,8.255625,1
1,ctl,0,61,8.229000,1
1,ctl,0,62,8.271834,1
1,ctl,0,63,8.234709,1
1,ctl,0,64,8.289916,1
1,ctl,0,65,8.233458,1
1,ctl,0,66,8.229458,1
1,ctl,0,67,8.231250,1
1,ctl,0,68,8.236417,1
1,ctl,0,69,8.238167,1
1,ctl,0,70,8.206167,1
1,ctl,0,71,8.317666,1
1,ctl,0,72,8.277250,1
1,ctl,0,73,8.249834,1
1,ctl,0,74,8.252125,1
1,ctl,0,75,8.228834,1
1,ctl,0,76,8.287041,1
1,ctl,0,77,8.237250,1
1,ctl,0,78,8.233500,1
1,ctl,0,79,8.239667,1
1,ctl,0,80,8.239583,1
1,ctl,0,81,8.217625,1
1,ctl,0,82,8.251041,1
1,ctl,0,83,8.255875,1
1,ctl,0,84,8.234125,1
1,ctl,0,85,8.239708,1
1,ctl,0,86,8.253417,1
1,ctl,0,87,8.218834,1
1,ctl,0,88,8.247708,1
1,ctl,0,89,8.231250,1
1,ctl,0,90,8.238125,1
1,ctl,0,91,8.237500,1
1,ctl,0,92,8.241167,1
1,ctl,0,93,8.258375,1
1,ctl,0,94,8.246917,1
1,ctl,0,95,8.262250,1
1,ctl,0,96,8.224042,1
1,ctl,0,97,8.248375,1
1,ctl,0,98,8.224958,1
1,ctl,0,99,8.254167,1
1,ctl,0,100,8.244083,1
1,ctl,0,101,8.288375,1
1,ctl,0,102,8.348333,1
1,ctl,0,103,8.381750,1
1,ctl,0,104,8.266000,1
1,ctl,0,105,8.248375,1
1,ctl,0,106,8.247875,1
1,ctl,0,107,8.269250,1
1,ctl,0,108,8.254167,1
1,ctl,0,109,8.293708,1
1,ctl,0,110,8.237542,1
1,ctl,0,111,8.282292,1
1,ctl,0,112,8.257875,1
1,ctl,0,113,8.279333,1
1,ctl,0,114,8.246792,1
1,ctl,0,115,8.248500,1
1,ctl,0,116,8.236042,1
1,ctl,0,117,8.250041,1
1,ctl,0,118,8.275000,1
1,ctl,0,119,8.255167,1
1,ctl,0,120,8.271416,1
1,ctl,0,121,8.279709,1
1,ctl,0,122,8.291459,1
1,ctl,0,123,8.256375,1
1,ctl,0,124,8.240583,1
1,ctl,0,125,8.275875,1
1,ctl,0,126,8.244250,1
1,ctl,0,127,8.306458,1
1,ctl,0,128,8.244209,1
1,ctl,0,129,8.277750,1
1,ctl,0,130,8.263667,1
1,ctl,0,131,8.277541,1
1,ctl,0,132,8.312167,1
1,ctl,0,133,8.394542,1
1,ctl,0,134,8.357625,1
1,ctl,0,135,8.321542,1
1,ctl,0,136,8.257292,1
1,ctl,0,137,8.283041,1
1,ctl,0,138,8.248167,1
1,ctl,0,139,8.304958,1
1,ctl,0,140,8.228792,1
1,ctl,0,141,8.300750,1
1,ctl,0,142,8.268250,1
1,ctl,0,143,8.299500,1
1,ctl,0,144,8.246209,1
1,ctl,0,145,8.320166,1
1,ctl,0,146,8.247500,1
1,ctl,0,147,8.364916,1
1,ctl,0,148,8.275791,1
1,ctl,0,149,8.307708,1
1,ctl,0,150,8.237083,1
1,ctl,0,151,8.311833,1
1,ctl,0,152,8.343917,1
1,ctl,0,153,8.296625,1
1,ctl,0,154,8.239125,1
1,ctl,0,155,8.289750,1
1,ctl,0,156,8.246584,1
1,ctl,0,157,8.312291,1
1,ctl,0,158,8.281458,1
1,ctl,0,159,8.352458,1
2,d1,0,0,9.403167,0
2,d1,0,1,8.219833,0
2,d1,0,2,8.235875,0
2,d1,0,3,8.086750,0
2,d1,0,4,8.149042,0
2,d1,0,5,8.221333,0
2,d1,0,6,8.151417,0
2,d1,0,7,8.092834,0
2,d1,0,8,8.161584,1
2,d1,0,9,8.135250,1
2,d1,0,10,8.148417,1
2,d1,0,11,8.177417,1
2,d1,0,12,8.160417,1
2,d1,0,13,8.137125,1
2,d1,0,14,8.188084,1
2,d1,0,15,8.092416,1
2,d1,0,16,8.144375,1
2,d1,0,17,8.365291,1
2,d1,0,18,8.147125,1
2,d1,0,19,8.121625,1
2,d1,0,20,8.341750,1
2,d1,0,21,8.129917,1
2,d1,0,22,8.135209,1
2,d1,0,23,8.535959,1
2,d1,0,24,8.145000,1
2,d1,0,25,8.091917,1
2,d1,0,26,8.305250,1
2,d1,0,27,8.111958,1
2,d1,0,28,8.224125,1
2,d1,0,29,8.531542,1
2,d1,0,30,8.149666,1
2,d1,0,31,8.156208,1
2,d1,0,32,8.263166,1
2,d1,0,33,8.100417,1
2,d1,0,34,8.155959,1
2,d1,0,35,8.524042,1
2,d1,0,36,8.159083,1
2,d1,0,37,8.148500,1
2,d1,0,38,8.349916,1
2,d1,0,39,8.120333,1
2,d1,0,40,8.135250,1
2,d1,0,41,8.381458,1
2,d1,0,42,8.126167,1
2,d1,0,43,8.170709,1
2,d1,0,44,8.414209,1
2,d1,0,45,8.123083,1
2,d1,0,46,8.159458,1
2,d1,0,47,8.312000,1
2,d1,0,48,8.145791,1
2,d1,0,49,8.240084,1
2,d1,0,50,8.218125,1
2,d1,0,51,8.147375,1
2,d1,0,52,8.112167,1
2,d1,0,53,8.478667,1
2,d1,0,54,8.146500,1
2,d1,0,55,8.282375,1
2,d1,0,56,8.335875,1
2,d1,0,57,8.149417,1
2,d1,0,58,8.150292,1
2,d1,0,59,8.523709,1
2,d1,0,60,8.144250,1
2,d1,0,61,8.163958,1
2,d1,0,62,8.449708,1
2,d1,0,63,8.174875,1
2,d1,0,64,8.152458,1
2,d1,0,65,8.522167,1
2,d1,0,66,8.225541,1
2,d1,0,67,8.252166,1
2,d1,0,68,8.504083,1
2,d1,0,69,8.155875,1
2,d1,0,70,8.156584,1
2,d1,0,71,8.556209,1
2,d1,0,72,8.154334,1
2,d1,0,73,8.328666,1
2,d1,0,74,8.568334,1
2,d1,0,75,8.125125,1
2,d1,0,76,8.134500,1
2,d1,0,77,8.453209,1
2,d1,0,78,8.115250,1
2,d1,0,79,8.184292,1
2,d1,0,80,8.464459,1
2,d1,0,81,8.176959,1
2,d1,0,82,8.258375,1
2,d1,0,83,8.383250,1
2,d1,0,84,8.107334,1
2,d1,0,85,8.263666,1
2,d1,0,86,8.436458,1
2,d1,0,87,8.108292,1
2,d1,0,88,8.296333,1
2,d1,0,89,8.561584,1
2,d1,0,90,8.132208,1
2,d1,0,91,8.275333,1
2,d1,0,92,8.440333,1
2,d1,0,93,8.143542,1
2,d1,0,94,8.123417,1
2,d1,0,95,8.443500,1
2,d1,0,96,8.120708,1
2,d1,0,97,8.391750,1
2,d1,0,98,8.460166,1
2,d1,0,99,8.189542,1
2,d1,0,100,8.189291,1
2,d1,0,101,8.408375,1
2,d1,0,102,8.214375,1
2,d1,0,103,8.179709,1
2,d1,0,104,8.509125,1
2,d1,0,105,8.212292,1
2,d1,0,106,8.218916,1
2,d1,0,107,8.642792,1
2,d1,0,108,8.259708,1
2,d1,0,109,8.188041,1
2,d1,0,110,8.472083,1
2,d1,0,111,8.229167,1
2,d1,0,112,8.432000,1
2,d1,0,113,8.660500,1
2,d1,0,114,8.158041,1
2,d1,0,115,8.174958,1
2,d1,0,116,8.444583,1
2,d1,0,117,8.233208,1
2,d1,0,118,8.324500,1
2,d1,0,119,8.529333,1
2,d1,0,120,8.139500,1
2,d1,0,121,8.203209,1
2,d1,0,122,8.460291,1
2,d1,0,123,8.181875,1
2,d1,0,124,8.270750,1
2,d1,0,125,8.588625,1
2,d1,0,126,8.126583,1
2,d1,0,127,8.247667,1
2,d1,0,128,8.457417,1
2,d1,0,129,8.179584,1
2,d1,0,130,8.215792,1
2,d1,0,131,8.520875,1
2,d1,0,132,8.127541,1
2,d1,0,133,8.356333,1
2,d1,0,134,8.491334,1
2,d1,0,135,8.259375,1
2,d1,0,136,8.321208,1
2,d1,0,137,8.461250,1
2,d1,0,138,8.114708,1
2,d1,0,139,8.314541,1
2,d1,0,140,8.456000,1
2,d1,0,141,8.181125,1
2,d1,0,142,8.411500,1
2,d1,0,143,8.488750,1
2,d1,0,144,8.129792,1
2,d1,0,145,8.183458,1
2,d1,0,146,8.459208,1
2,d1,0,147,8.170000,1
2,d1,0,148,8.274625,1
2,d1,0,149,8.401250,1
2,d1,0,150,8.135083,1
2,d1,0,151,8.335792,1
2,d1,0,152,8.424500,1
2,d1,0,153,8.167750,1
2,d1,0,154,8.316750,1
2,d1,0,155,8.521791,1
2,d1,0,156,8.147792,1
2,d1,0,157,8.317250,1
2,d1,0,158,8.363459,1
2,d1,0,159,8.188875,1
3,ship,0,0,9.527583,0
3,ship,0,1,8.355500,0
3,ship,0,2,8.311000,0
3,ship,0,3,8.235833,0
3,ship,0,4,8.248125,0
3,ship,0,5,8.213959,0
3,ship,0,6,8.265750,0
3,ship,0,7,8.222167,0
3,ship,0,8,8.327292,1
3,ship,0,9,8.212291,1
3,ship,0,10,8.351458,1
3,ship,0,11,8.232208,1
3,ship,0,12,8.378792,1
3,ship,0,13,8.251917,1
3,ship,0,14,8.298209,1
3,ship,0,15,8.263792,1
3,ship,0,16,8.258542,1
3,ship,0,17,8.217042,1
3,ship,0,18,8.325250,1
3,ship,0,19,8.213916,1
3,ship,0,20,8.261667,1
3,ship,0,21,8.220583,1
3,ship,0,22,8.246917,1
3,ship,0,23,8.215125,1
3,ship,0,24,8.274166,1
3,ship,0,25,8.211541,1
3,ship,0,26,8.252583,1
3,ship,0,27,8.193917,1
3,ship,0,28,8.268625,1
3,ship,0,29,8.212167,1
3,ship,0,30,8.267792,1
3,ship,0,31,8.229625,1
3,ship,0,32,8.253958,1
3,ship,0,33,8.243917,1
3,ship,0,34,8.259250,1
3,ship,0,35,8.236667,1
3,ship,0,36,8.247166,1
3,ship,0,37,8.220500,1
3,ship,0,38,8.264167,1
3,ship,0,39,8.254292,1
3,ship,0,40,8.244500,1
3,ship,0,41,8.238458,1
3,ship,0,42,8.223458,1
3,ship,0,43,8.235833,1
3,ship,0,44,8.277167,1
3,ship,0,45,8.250709,1
3,ship,0,46,8.242541,1
3,ship,0,47,8.251375,1
3,ship,0,48,8.234208,1
3,ship,0,49,8.239083,1
3,ship,0,50,8.327083,1
3,ship,0,51,8.261375,1
3,ship,0,52,8.329458,1
3,ship,0,53,8.256959,1
3,ship,0,54,8.254709,1
3,ship,0,55,8.229625,1
3,ship,0,56,8.247417,1
3,ship,0,57,8.249792,1
3,ship,0,58,8.248917,1
3,ship,0,59,8.218083,1
3,ship,0,60,8.252792,1
3,ship,0,61,8.244583,1
3,ship,0,62,8.246250,1
3,ship,0,63,8.259083,1
3,ship,0,64,8.262334,1
3,ship,0,65,8.248250,1
3,ship,0,66,8.270084,1
3,ship,0,67,8.248875,1
3,ship,0,68,8.264833,1
3,ship,0,69,8.243667,1
3,ship,0,70,8.254042,1
3,ship,0,71,8.246500,1
3,ship,0,72,8.247083,1
3,ship,0,73,8.293167,1
3,ship,0,74,8.305250,1
3,ship,0,75,8.287042,1
3,ship,0,76,8.266708,1
3,ship,0,77,8.237625,1
3,ship,0,78,8.241417,1
3,ship,0,79,8.256041,1
3,ship,0,80,8.245125,1
3,ship,0,81,8.260917,1
3,ship,0,82,8.232709,1
3,ship,0,83,8.236917,1
3,ship,0,84,8.231625,1
3,ship,0,85,8.225000,1
3,ship,0,86,8.251166,1
3,ship,0,87,8.267167,1
3,ship,0,88,8.247250,1
3,ship,0,89,8.222584,1
3,ship,0,90,8.265125,1
3,ship,0,91,8.224875,1
3,ship,0,92,8.258083,1
3,ship,0,93,8.296917,1
3,ship,0,94,8.234917,1
3,ship,0,95,8.236250,1
3,ship,0,96,8.241958,1
3,ship,0,97,8.241500,1
3,ship,0,98,8.262458,1
3,ship,0,99,8.236042,1
3,ship,0,100,8.249542,1
3,ship,0,101,8.251917,1
3,ship,0,102,8.266708,1
3,ship,0,103,8.332042,1
3,ship,0,104,8.332458,1
3,ship,0,105,8.401458,1
3,ship,0,106,8.267583,1
3,ship,0,107,8.311958,1
3,ship,0,108,8.255167,1
3,ship,0,109,8.321166,1
3,ship,0,110,8.273125,1
3,ship,0,111,8.327291,1
3,ship,0,112,8.228500,1
3,ship,0,113,8.294875,1
3,ship,0,114,8.239959,1
3,ship,0,115,8.284292,1
3,ship,0,116,8.253708,1
3,ship,0,117,8.287417,1
3,ship,0,118,8.226333,1
3,ship,0,119,8.316417,1
3,ship,0,120,8.234916,1
3,ship,0,121,8.300458,1
3,ship,0,122,8.229667,1
3,ship,0,123,8.297709,1
3,ship,0,124,8.248375,1
3,ship,0,125,8.393583,1
3,ship,0,126,8.258584,1
3,ship,0,127,8.287166,1
3,ship,0,128,8.246208,1
3,ship,0,129,8.281750,1
3,ship,0,130,8.255875,1
3,ship,0,131,8.289750,1
3,ship,0,132,8.257500,1
3,ship,0,133,8.387208,1
3,ship,0,134,8.503458,1
3,ship,0,135,8.378542,1
3,ship,0,136,8.328708,1
3,ship,0,137,8.313250,1
3,ship,0,138,8.311709,1
3,ship,0,139,8.298458,1
3,ship,0,140,8.262084,1
3,ship,0,141,8.280250,1
3,ship,0,142,8.247375,1
3,ship,0,143,8.308083,1
3,ship,0,144,8.245459,1
3,ship,0,145,8.289375,1
3,ship,0,146,8.251750,1
3,ship,0,147,8.285125,1
3,ship,0,148,8.261083,1
3,ship,0,149,8.323417,1
3,ship,0,150,8.286500,1
3,ship,0,151,8.313750,1
3,ship,0,152,8.257291,1
3,ship,0,153,8.298250,1
3,ship,0,154,8.269041,1
3,ship,0,155,8.302459,1
3,ship,0,156,8.280208,1
3,ship,0,157,8.352792,1
3,ship,0,158,8.266708,1
3,ship,0,159,8.320500,1
4,d2,0,0,13.850375,0
4,d2,0,1,8.289958,0
4,d2,0,2,8.224500,0
4,d2,0,3,8.185667,0
4,d2,0,4,8.185833,0
4,d2,0,5,8.172208,0
4,d2,0,6,8.166666,0
4,d2,0,7,8.135042,0
4,d2,0,8,8.177708,1
4,d2,0,9,8.161666,1
4,d2,0,10,8.157958,1
4,d2,0,11,8.139875,1
4,d2,0,12,8.153542,1
4,d2,0,13,8.144875,1
4,d2,0,14,8.167292,1
4,d2,0,15,8.144709,1
4,d2,0,16,8.184333,1
4,d2,0,17,8.132084,1
4,d2,0,18,8.165834,1
4,d2,0,19,8.148750,1
4,d2,0,20,8.220458,1
4,d2,0,21,8.151000,1
4,d2,0,22,8.169958,1
4,d2,0,23,8.167917,1
4,d2,0,24,8.176667,1
4,d2,0,25,8.178000,1
4,d2,0,26,8.194375,1
4,d2,0,27,8.149125,1
4,d2,0,28,8.157500,1
4,d2,0,29,8.174084,1
4,d2,0,30,8.162166,1
4,d2,0,31,8.141292,1
4,d2,0,32,8.194833,1
4,d2,0,33,8.167959,1
4,d2,0,34,8.186292,1
4,d2,0,35,8.185625,1
4,d2,0,36,8.207000,1
4,d2,0,37,8.171792,1
4,d2,0,38,8.219541,1
4,d2,0,39,8.165125,1
4,d2,0,40,8.206708,1
4,d2,0,41,8.183792,1
4,d2,0,42,8.199625,1
4,d2,0,43,8.148250,1
4,d2,0,44,8.212209,1
4,d2,0,45,8.178666,1
4,d2,0,46,8.202250,1
4,d2,0,47,8.184791,1
4,d2,0,48,8.192375,1
4,d2,0,49,8.178708,1
4,d2,0,50,8.175875,1
4,d2,0,51,8.173666,1
4,d2,0,52,8.194708,1
4,d2,0,53,8.196750,1
4,d2,0,54,8.178875,1
4,d2,0,55,8.151875,1
4,d2,0,56,8.164125,1
4,d2,0,57,8.179500,1
4,d2,0,58,8.176041,1
4,d2,0,59,8.202250,1
4,d2,0,60,8.201042,1
4,d2,0,61,8.206417,1
4,d2,0,62,8.178458,1
4,d2,0,63,8.186458,1
4,d2,0,64,8.158000,1
4,d2,0,65,8.202250,1
4,d2,0,66,8.170584,1
4,d2,0,67,8.185375,1
4,d2,0,68,8.197667,1
4,d2,0,69,8.216584,1
4,d2,0,70,8.167208,1
4,d2,0,71,8.193916,1
4,d2,0,72,8.170708,1
4,d2,0,73,8.206750,1
4,d2,0,74,8.181791,1
4,d2,0,75,8.232000,1
4,d2,0,76,8.169209,1
4,d2,0,77,8.207541,1
4,d2,0,78,8.188291,1
4,d2,0,79,8.238417,1
4,d2,0,80,8.161375,1
4,d2,0,81,8.306167,1
4,d2,0,82,8.179125,1
4,d2,0,83,8.226541,1
4,d2,0,84,8.168167,1
4,d2,0,85,8.226500,1
4,d2,0,86,8.209416,1
4,d2,0,87,8.228000,1
4,d2,0,88,8.178084,1
4,d2,0,89,8.215917,1
4,d2,0,90,8.232667,1
4,d2,0,91,8.271959,1
4,d2,0,92,8.373125,1
4,d2,0,93,8.252709,1
4,d2,0,94,8.182750,1
4,d2,0,95,8.241334,1
4,d2,0,96,8.173583,1
4,d2,0,97,8.187750,1
4,d2,0,98,8.191416,1
4,d2,0,99,8.218375,1
4,d2,0,100,8.201500,1
4,d2,0,101,8.221041,1
4,d2,0,102,8.179792,1
4,d2,0,103,8.200667,1
4,d2,0,104,8.188583,1
4,d2,0,105,8.215083,1
4,d2,0,106,8.195792,1
4,d2,0,107,8.238250,1
4,d2,0,108,8.220042,1
4,d2,0,109,8.194000,1
4,d2,0,110,8.202042,1
4,d2,0,111,8.208959,1
4,d2,0,112,8.201541,1
4,d2,0,113,8.212750,1
4,d2,0,114,8.205000,1
4,d2,0,115,8.201959,1
4,d2,0,116,8.219791,1
4,d2,0,117,8.208125,1
4,d2,0,118,8.192334,1
4,d2,0,119,8.211625,1
4,d2,0,120,8.197875,1
4,d2,0,121,8.239167,1
4,d2,0,122,8.266708,1
4,d2,0,123,8.420417,1
4,d2,0,124,8.299417,1
4,d2,0,125,8.209458,1
4,d2,0,126,8.252042,1
4,d2,0,127,8.208708,1
4,d2,0,128,8.191625,1
4,d2,0,129,8.193083,1
4,d2,0,130,8.214542,1
4,d2,0,131,8.193500,1
4,d2,0,132,8.223458,1
4,d2,0,133,8.185084,1
4,d2,0,134,8.217625,1
4,d2,0,135,8.199708,1
4,d2,0,136,8.208667,1
4,d2,0,137,8.204375,1
4,d2,0,138,8.189792,1
4,d2,0,139,8.179083,1
4,d2,0,140,8.206583,1
4,d2,0,141,8.216209,1
4,d2,0,142,8.190209,1
4,d2,0,143,8.208958,1
4,d2,0,144,8.194125,1
4,d2,0,145,8.181583,1
4,d2,0,146,8.225875,1
4,d2,0,147,8.208375,1
4,d2,0,148,8.198583,1
4,d2,0,149,8.211500,1
4,d2,0,150,8.235042,1
4,d2,0,151,8.173541,1
4,d2,0,152,8.279125,1
4,d2,0,153,8.216708,1
4,d2,0,154,8.254041,1
4,d2,0,155,8.203916,1
4,d2,0,156,8.244042,1
4,d2,0,157,8.212042,1
4,d2,0,158,8.256541,1
4,d2,0,159,8.200000,1
5,d2,1,0,9.469166,0
5,d2,1,1,8.347291,0
5,d2,1,2,8.176834,0
5,d2,1,3,8.198250,0
5,d2,1,4,8.153542,0
5,d2,1,5,8.206000,0
5,d2,1,6,8.160584,0
5,d2,1,7,8.216209,0
5,d2,1,8,8.160708,1
5,d2,1,9,8.210875,1
5,d2,1,10,8.225833,1
5,d2,1,11,8.187166,1
5,d2,1,12,8.140750,1
5,d2,1,13,8.162834,1
5,d2,1,14,8.161500,1
5,d2,1,15,8.156708,1
5,d2,1,16,8.144625,1
5,d2,1,17,8.171333,1
5,d2,1,18,8.144250,1
5,d2,1,19,8.134917,1
5,d2,1,20,8.145125,1
5,d2,1,21,8.158167,1
5,d2,1,22,8.140125,1
5,d2,1,23,8.161125,1
5,d2,1,24,8.129500,1
5,d2,1,25,8.144791,1
5,d2,1,26,8.156375,1
5,d2,1,27,8.147333,1
5,d2,1,28,8.146875,1
5,d2,1,29,8.166709,1
5,d2,1,30,8.209250,1
5,d2,1,31,8.186083,1
5,d2,1,32,8.164750,1
5,d2,1,33,8.160875,1
5,d2,1,34,8.189583,1
5,d2,1,35,8.132667,1
5,d2,1,36,8.157792,1
5,d2,1,37,8.178167,1
5,d2,1,38,8.185084,1
5,d2,1,39,8.147125,1
5,d2,1,40,8.159167,1
5,d2,1,41,8.188250,1
5,d2,1,42,8.150541,1
5,d2,1,43,8.141667,1
5,d2,1,44,8.182208,1
5,d2,1,45,8.159875,1
5,d2,1,46,8.198208,1
5,d2,1,47,8.179875,1
5,d2,1,48,8.226667,1
5,d2,1,49,8.168292,1
5,d2,1,50,8.220417,1
5,d2,1,51,8.157833,1
5,d2,1,52,8.225375,1
5,d2,1,53,8.172250,1
5,d2,1,54,8.206500,1
5,d2,1,55,8.180750,1
5,d2,1,56,8.222083,1
5,d2,1,57,8.166042,1
5,d2,1,58,8.184584,1
5,d2,1,59,8.181209,1
5,d2,1,60,8.228167,1
5,d2,1,61,8.178083,1
5,d2,1,62,8.206000,1
5,d2,1,63,8.172209,1
5,d2,1,64,8.191709,1
5,d2,1,65,8.190041,1
5,d2,1,66,8.225375,1
5,d2,1,67,8.209459,1
5,d2,1,68,8.216500,1
5,d2,1,69,8.155834,1
5,d2,1,70,8.173583,1
5,d2,1,71,8.280792,1
5,d2,1,72,8.257250,1
5,d2,1,73,8.182000,1
5,d2,1,74,8.236209,1
5,d2,1,75,8.194250,1
5,d2,1,76,8.192542,1
5,d2,1,77,8.186625,1
5,d2,1,78,8.191750,1
5,d2,1,79,8.197500,1
5,d2,1,80,8.205333,1
5,d2,1,81,8.204875,1
5,d2,1,82,8.189875,1
5,d2,1,83,8.211834,1
5,d2,1,84,8.206166,1
5,d2,1,85,8.158209,1
5,d2,1,86,8.187625,1
5,d2,1,87,8.192250,1
5,d2,1,88,8.212500,1
5,d2,1,89,8.231209,1
5,d2,1,90,8.189208,1
5,d2,1,91,8.182417,1
5,d2,1,92,8.228375,1
5,d2,1,93,8.223625,1
5,d2,1,94,8.182833,1
5,d2,1,95,8.205334,1
5,d2,1,96,8.186625,1
5,d2,1,97,8.210542,1
5,d2,1,98,8.196916,1
5,d2,1,99,8.234250,1
5,d2,1,100,8.199084,1
5,d2,1,101,8.210709,1
5,d2,1,102,8.258667,1
5,d2,1,103,8.371625,1
5,d2,1,104,8.265833,1
5,d2,1,105,8.244417,1
5,d2,1,106,8.202375,1
5,d2,1,107,8.222459,1
5,d2,1,108,8.202584,1
5,d2,1,109,8.246958,1
5,d2,1,110,8.183125,1
5,d2,1,111,8.233709,1
5,d2,1,112,8.194084,1
5,d2,1,113,8.267209,1
5,d2,1,114,8.195000,1
5,d2,1,115,8.240000,1
5,d2,1,116,8.215833,1
5,d2,1,117,8.249250,1
5,d2,1,118,8.202041,1
5,d2,1,119,8.259333,1
5,d2,1,120,8.188083,1
5,d2,1,121,8.282375,1
5,d2,1,122,8.185375,1
5,d2,1,123,8.251917,1
5,d2,1,124,8.169542,1
5,d2,1,125,8.257250,1
5,d2,1,126,8.208209,1
5,d2,1,127,8.253875,1
5,d2,1,128,8.207875,1
5,d2,1,129,8.241167,1
5,d2,1,130,8.172958,1
5,d2,1,131,8.235709,1
5,d2,1,132,8.257166,1
5,d2,1,133,8.300167,1
5,d2,1,134,8.363458,1
5,d2,1,135,8.258291,1
5,d2,1,136,8.250750,1
5,d2,1,137,8.227375,1
5,d2,1,138,8.221416,1
5,d2,1,139,8.233250,1
5,d2,1,140,8.208959,1
5,d2,1,141,8.213000,1
5,d2,1,142,8.198417,1
5,d2,1,143,8.212583,1
5,d2,1,144,8.217458,1
5,d2,1,145,8.189042,1
5,d2,1,146,8.186000,1
5,d2,1,147,8.222959,1
5,d2,1,148,8.208542,1
5,d2,1,149,8.169334,1
5,d2,1,150,8.241958,1
5,d2,1,151,8.268833,1
5,d2,1,152,8.210375,1
5,d2,1,153,8.221958,1
5,d2,1,154,8.264458,1
5,d2,1,155,8.214583,1
5,d2,1,156,8.242375,1
5,d2,1,157,8.235458,1
5,d2,1,158,8.222917,1
5,d2,1,159,8.245959,1
6,ship,1,0,9.437250,0
6,ship,1,1,8.373209,0
6,ship,1,2,8.244000,0
6,ship,1,3,8.348709,0
6,ship,1,4,8.291791,0
6,ship,1,5,8.349459,0
6,ship,1,6,8.339250,0
6,ship,1,7,8.241542,0
6,ship,1,8,8.231042,1
6,ship,1,9,8.229666,1
6,ship,1,10,8.224375,1
6,ship,1,11,8.236333,1
6,ship,1,12,8.324083,1
6,ship,1,13,8.285208,1
6,ship,1,14,8.283500,1
6,ship,1,15,8.259125,1
6,ship,1,16,8.283792,1
6,ship,1,17,8.244125,1
6,ship,1,18,8.263000,1
6,ship,1,19,8.423291,1
6,ship,1,20,8.366500,1
6,ship,1,21,8.408125,1
6,ship,1,22,8.363459,1
6,ship,1,23,8.304333,1
6,ship,1,24,8.318209,1
6,ship,1,25,8.250458,1
6,ship,1,26,8.263084,1
6,ship,1,27,8.412625,1
6,ship,1,28,8.278333,1
6,ship,1,29,8.309541,1
6,ship,1,30,8.309417,1
6,ship,1,31,8.270042,1
6,ship,1,32,8.143542,1
6,ship,1,33,8.192791,1
6,ship,1,34,8.153791,1
6,ship,1,35,8.184000,1
6,ship,1,36,8.136000,1
6,ship,1,37,8.182750,1
6,ship,1,38,8.152792,1
6,ship,1,39,8.141291,1
6,ship,1,40,8.122250,1
6,ship,1,41,8.200750,1
6,ship,1,42,8.151000,1
6,ship,1,43,8.178625,1
6,ship,1,44,8.112042,1
6,ship,1,45,8.191667,1
6,ship,1,46,8.164375,1
6,ship,1,47,8.234583,1
6,ship,1,48,8.172417,1
6,ship,1,49,8.216416,1
6,ship,1,50,8.176000,1
6,ship,1,51,8.238625,1
6,ship,1,52,8.145584,1
6,ship,1,53,8.152208,1
6,ship,1,54,8.152292,1
6,ship,1,55,8.052917,1
6,ship,1,56,8.194041,1
6,ship,1,57,8.234958,1
6,ship,1,58,8.292458,1
6,ship,1,59,8.220625,1
6,ship,1,60,8.254250,1
6,ship,1,61,8.234083,1
6,ship,1,62,8.291792,1
6,ship,1,63,8.214042,1
6,ship,1,64,8.265959,1
6,ship,1,65,8.250833,1
6,ship,1,66,8.267791,1
6,ship,1,67,8.220167,1
6,ship,1,68,8.255000,1
6,ship,1,69,8.208500,1
6,ship,1,70,8.248542,1
6,ship,1,71,8.226000,1
6,ship,1,72,8.252417,1
6,ship,1,73,8.220250,1
6,ship,1,74,8.284084,1
6,ship,1,75,8.222917,1
6,ship,1,76,8.304209,1
6,ship,1,77,8.236875,1
6,ship,1,78,8.288250,1
6,ship,1,79,8.245375,1
6,ship,1,80,8.300542,1
6,ship,1,81,8.223333,1
6,ship,1,82,8.333708,1
6,ship,1,83,8.372875,1
6,ship,1,84,8.333750,1
6,ship,1,85,8.242500,1
6,ship,1,86,8.243709,1
6,ship,1,87,8.249250,1
6,ship,1,88,8.319500,1
6,ship,1,89,8.218625,1
6,ship,1,90,8.281209,1
6,ship,1,91,8.234500,1
6,ship,1,92,8.270916,1
6,ship,1,93,8.238750,1
6,ship,1,94,8.290334,1
6,ship,1,95,8.265250,1
6,ship,1,96,8.271875,1
6,ship,1,97,8.236375,1
6,ship,1,98,8.259958,1
6,ship,1,99,8.229750,1
6,ship,1,100,8.274791,1
6,ship,1,101,8.235584,1
6,ship,1,102,8.269458,1
6,ship,1,103,8.227417,1
6,ship,1,104,8.263250,1
6,ship,1,105,8.249708,1
6,ship,1,106,8.270625,1
6,ship,1,107,8.256875,1
6,ship,1,108,8.329333,1
6,ship,1,109,8.264292,1
6,ship,1,110,8.261583,1
6,ship,1,111,8.235417,1
6,ship,1,112,8.265791,1
6,ship,1,113,8.333792,1
6,ship,1,114,8.450542,1
6,ship,1,115,8.286875,1
6,ship,1,116,8.311875,1
6,ship,1,117,8.244500,1
6,ship,1,118,8.260375,1
6,ship,1,119,8.249334,1
6,ship,1,120,8.264333,1
6,ship,1,121,8.236292,1
6,ship,1,122,8.271083,1
6,ship,1,123,8.246334,1
6,ship,1,124,8.270375,1
6,ship,1,125,8.261000,1
6,ship,1,126,8.242083,1
6,ship,1,127,8.239417,1
6,ship,1,128,8.245584,1
6,ship,1,129,8.229625,1
6,ship,1,130,8.238709,1
6,ship,1,131,8.230958,1
6,ship,1,132,8.252458,1
6,ship,1,133,8.280250,1
6,ship,1,134,8.230250,1
6,ship,1,135,8.250583,1
6,ship,1,136,8.264250,1
6,ship,1,137,8.235708,1
6,ship,1,138,8.246916,1
6,ship,1,139,8.252084,1
6,ship,1,140,8.238250,1
6,ship,1,141,8.233667,1
6,ship,1,142,8.254000,1
6,ship,1,143,8.270875,1
6,ship,1,144,8.397667,1
6,ship,1,145,8.277250,1
6,ship,1,146,8.250625,1
6,ship,1,147,8.258000,1
6,ship,1,148,8.220708,1
6,ship,1,149,8.267334,1
6,ship,1,150,8.262000,1
6,ship,1,151,8.303875,1
6,ship,1,152,8.236916,1
6,ship,1,153,8.256750,1
6,ship,1,154,8.255833,1
6,ship,1,155,8.286166,1
6,ship,1,156,8.244667,1
6,ship,1,157,8.263875,1
6,ship,1,158,8.262667,1
6,ship,1,159,8.251041,1
7,ctl,1,0,9.369417,0
7,ctl,1,1,8.362083,0
7,ctl,1,2,8.295750,0
7,ctl,1,3,8.220333,0
7,ctl,1,4,8.263875,0
7,ctl,1,5,8.264542,0
7,ctl,1,6,8.261000,0
7,ctl,1,7,8.228667,0
7,ctl,1,8,8.289542,1
7,ctl,1,9,8.229625,1
7,ctl,1,10,8.354917,1
7,ctl,1,11,8.207833,1
7,ctl,1,12,8.231916,1
7,ctl,1,13,8.226042,1
7,ctl,1,14,8.326041,1
7,ctl,1,15,8.209958,1
7,ctl,1,16,8.267583,1
7,ctl,1,17,8.223125,1
7,ctl,1,18,8.276792,1
7,ctl,1,19,8.220083,1
7,ctl,1,20,8.290916,1
7,ctl,1,21,8.218542,1
7,ctl,1,22,8.233417,1
7,ctl,1,23,8.221875,1
7,ctl,1,24,8.254833,1
7,ctl,1,25,8.223000,1
7,ctl,1,26,8.260416,1
7,ctl,1,27,8.216833,1
7,ctl,1,28,8.294167,1
7,ctl,1,29,8.262250,1
7,ctl,1,30,8.267042,1
7,ctl,1,31,8.256417,1
7,ctl,1,32,8.253500,1
7,ctl,1,33,8.221667,1
7,ctl,1,34,8.244875,1
7,ctl,1,35,8.233666,1
7,ctl,1,36,8.270625,1
7,ctl,1,37,8.239000,1
7,ctl,1,38,8.261958,1
7,ctl,1,39,8.255875,1
7,ctl,1,40,8.242583,1
7,ctl,1,41,8.224375,1
7,ctl,1,42,8.241250,1
7,ctl,1,43,8.240166,1
7,ctl,1,44,8.255375,1
7,ctl,1,45,8.235875,1
7,ctl,1,46,8.265833,1
7,ctl,1,47,8.237875,1
7,ctl,1,48,8.249916,1
7,ctl,1,49,8.226042,1
7,ctl,1,50,8.231458,1
7,ctl,1,51,8.234083,1
7,ctl,1,52,8.245459,1
7,ctl,1,53,8.253750,1
7,ctl,1,54,8.285667,1
7,ctl,1,55,8.261375,1
7,ctl,1,56,8.267125,1
7,ctl,1,57,8.242916,1
7,ctl,1,58,8.229750,1
7,ctl,1,59,8.225667,1
7,ctl,1,60,8.233667,1
7,ctl,1,61,8.237708,1
7,ctl,1,62,8.214833,1
7,ctl,1,63,8.224750,1
7,ctl,1,64,8.234792,1
7,ctl,1,65,8.240667,1
7,ctl,1,66,8.231375,1
7,ctl,1,67,8.231250,1
7,ctl,1,68,8.285208,1
7,ctl,1,69,8.242000,1
7,ctl,1,70,8.217916,1
7,ctl,1,71,8.230667,1
7,ctl,1,72,8.240125,1
7,ctl,1,73,8.231167,1
7,ctl,1,74,8.230916,1
7,ctl,1,75,8.225667,1
7,ctl,1,76,8.227875,1
7,ctl,1,77,8.239875,1
7,ctl,1,78,8.228500,1
7,ctl,1,79,8.276667,1
7,ctl,1,80,8.370750,1
7,ctl,1,81,8.248959,1
7,ctl,1,82,8.227000,1
7,ctl,1,83,8.256542,1
7,ctl,1,84,8.223416,1
7,ctl,1,85,8.271708,1
7,ctl,1,86,8.251917,1
7,ctl,1,87,8.239833,1
7,ctl,1,88,8.211791,1
7,ctl,1,89,8.249959,1
7,ctl,1,90,8.220000,1
7,ctl,1,91,8.250625,1
7,ctl,1,92,8.269333,1
7,ctl,1,93,8.246042,1
7,ctl,1,94,8.273500,1
7,ctl,1,95,8.315583,1
7,ctl,1,96,8.242125,1
7,ctl,1,97,8.263500,1
7,ctl,1,98,8.249041,1
7,ctl,1,99,8.294333,1
7,ctl,1,100,8.208084,1
7,ctl,1,101,8.272875,1
7,ctl,1,102,8.252458,1
7,ctl,1,103,8.286292,1
7,ctl,1,104,8.256292,1
7,ctl,1,105,8.289833,1
7,ctl,1,106,8.252250,1
7,ctl,1,107,8.339584,1
7,ctl,1,108,8.237125,1
7,ctl,1,109,8.302583,1
7,ctl,1,110,8.311292,1
7,ctl,1,111,8.391084,1
7,ctl,1,112,8.283291,1
7,ctl,1,113,8.284250,1
7,ctl,1,114,8.224625,1
7,ctl,1,115,8.294875,1
7,ctl,1,116,8.296125,1
7,ctl,1,117,8.314542,1
7,ctl,1,118,8.337708,1
7,ctl,1,119,8.284000,1
7,ctl,1,120,8.239708,1
7,ctl,1,121,8.297166,1
7,ctl,1,122,8.221667,1
7,ctl,1,123,8.284000,1
7,ctl,1,124,8.266334,1
7,ctl,1,125,8.293542,1
7,ctl,1,126,8.265291,1
7,ctl,1,127,8.286084,1
7,ctl,1,128,8.264666,1
7,ctl,1,129,8.269208,1
7,ctl,1,130,8.246500,1
7,ctl,1,131,8.276875,1
7,ctl,1,132,8.260959,1
7,ctl,1,133,8.293875,1
7,ctl,1,134,8.250542,1
7,ctl,1,135,8.316542,1
7,ctl,1,136,8.236500,1
7,ctl,1,137,8.293042,1
7,ctl,1,138,8.248541,1
7,ctl,1,139,8.315083,1
7,ctl,1,140,8.286375,1
7,ctl,1,141,8.396417,1
7,ctl,1,142,8.289084,1
7,ctl,1,143,8.266292,1
7,ctl,1,144,8.218750,1
7,ctl,1,145,8.273625,1
7,ctl,1,146,8.258375,1
7,ctl,1,147,8.276625,1
7,ctl,1,148,8.239792,1
7,ctl,1,149,8.313917,1
7,ctl,1,150,8.243834,1
7,ctl,1,151,8.310209,1
7,ctl,1,152,8.268000,1
7,ctl,1,153,8.299625,1
7,ctl,1,154,8.252708,1
7,ctl,1,155,8.255167,1
7,ctl,1,156,8.254291,1
7,ctl,1,157,8.292083,1
7,ctl,1,158,8.283875,1
7,ctl,1,159,8.277250,1
8,d1,1,0,20.323792,0
8,d1,1,1,8.305541,0
8,d1,1,2,8.221375,0
8,d1,1,3,8.126458,0
8,d1,1,4,8.074375,0
8,d1,1,5,8.247583,0
8,d1,1,6,8.157500,0
8,d1,1,7,8.116458,0
8,d1,1,8,8.144667,1
8,d1,1,9,8.126083,1
8,d1,1,10,8.128584,1
8,d1,1,11,8.210875,1
8,d1,1,12,8.090042,1
8,d1,1,13,8.143625,1
8,d1,1,14,8.156750,1
8,d1,1,15,8.116416,1
8,d1,1,16,8.137917,1
8,d1,1,17,8.387084,1
8,d1,1,18,8.089708,1
8,d1,1,19,8.138209,1
8,d1,1,20,8.281125,1
8,d1,1,21,8.103708,1
8,d1,1,22,8.110250,1
8,d1,1,23,8.535750,1
8,d1,1,24,8.117000,1
8,d1,1,25,8.110959,1
8,d1,1,26,8.291333,1
8,d1,1,27,8.096333,1
8,d1,1,28,8.213666,1
8,d1,1,29,8.490208,1
8,d1,1,30,8.119667,1
8,d1,1,31,8.137000,1
8,d1,1,32,8.228542,1
8,d1,1,33,8.125209,1
8,d1,1,34,8.158291,1
8,d1,1,35,8.551041,1
8,d1,1,36,8.127208,1
8,d1,1,37,8.101250,1
8,d1,1,38,8.339750,1
8,d1,1,39,8.121000,1
8,d1,1,40,8.090750,1
8,d1,1,41,8.385375,1
8,d1,1,42,8.137416,1
8,d1,1,43,8.181583,1
8,d1,1,44,8.423834,1
8,d1,1,45,8.157375,1
8,d1,1,46,8.177417,1
8,d1,1,47,8.328500,1
8,d1,1,48,8.103208,1
8,d1,1,49,8.263083,1
8,d1,1,50,8.251875,1
8,d1,1,51,8.192916,1
8,d1,1,52,8.198750,1
8,d1,1,53,8.528500,1
8,d1,1,54,8.161625,1
8,d1,1,55,8.309167,1
8,d1,1,56,8.360250,1
8,d1,1,57,8.144250,1
8,d1,1,58,8.113625,1
8,d1,1,59,8.610333,1
8,d1,1,60,8.209667,1
8,d1,1,61,8.218333,1
8,d1,1,62,8.465833,1
8,d1,1,63,8.164458,1
8,d1,1,64,8.138417,1
8,d1,1,65,8.512917,1
8,d1,1,66,8.218250,1
8,d1,1,67,8.222917,1
8,d1,1,68,8.534042,1
8,d1,1,69,8.160708,1
8,d1,1,70,8.136458,1
8,d1,1,71,8.556292,1
8,d1,1,72,8.134000,1
8,d1,1,73,8.335958,1
8,d1,1,74,8.546250,1
8,d1,1,75,8.146250,1
8,d1,1,76,8.134625,1
8,d1,1,77,8.486292,1
8,d1,1,78,8.128333,1
8,d1,1,79,8.141458,1
8,d1,1,80,8.484042,1
8,d1,1,81,8.143792,1
8,d1,1,82,8.120750,1
8,d1,1,83,8.362375,1
8,d1,1,84,8.109667,1
8,d1,1,85,8.275334,1
8,d1,1,86,8.427125,1
8,d1,1,87,8.128459,1
8,d1,1,88,8.298834,1
8,d1,1,89,8.472084,1
8,d1,1,90,8.118417,1
8,d1,1,91,8.336584,1
8,d1,1,92,8.636417,1
8,d1,1,93,8.201125,1
8,d1,1,94,8.138042,1
8,d1,1,95,8.458542,1
8,d1,1,96,8.114042,1
8,d1,1,97,8.386250,1
8,d1,1,98,8.491000,1
8,d1,1,99,8.215208,1
8,d1,1,100,8.185750,1
8,d1,1,101,8.454042,1
8,d1,1,102,8.144875,1
8,d1,1,103,8.203292,1
8,d1,1,104,8.457917,1
8,d1,1,105,8.166083,1
8,d1,1,106,8.236958,1
8,d1,1,107,8.588500,1
8,d1,1,108,8.198708,1
8,d1,1,109,8.133209,1
8,d1,1,110,8.467458,1
8,d1,1,111,8.148000,1
8,d1,1,112,8.322792,1
8,d1,1,113,8.473208,1
8,d1,1,114,8.117792,1
8,d1,1,115,8.150833,1
8,d1,1,116,8.464584,1
8,d1,1,117,8.199375,1
8,d1,1,118,8.312208,1
8,d1,1,119,8.482791,1
8,d1,1,120,8.130708,1
8,d1,1,121,8.208583,1
8,d1,1,122,8.505875,1
8,d1,1,123,8.364458,1
8,d1,1,124,8.333250,1
8,d1,1,125,8.535750,1
8,d1,1,126,8.172750,1
8,d1,1,127,8.239666,1
8,d1,1,128,8.475708,1
8,d1,1,129,8.159875,1
8,d1,1,130,8.209792,1
8,d1,1,131,8.489375,1
8,d1,1,132,8.163250,1
8,d1,1,133,8.306167,1
8,d1,1,134,8.515041,1
8,d1,1,135,8.162416,1
8,d1,1,136,8.338708,1
8,d1,1,137,8.398250,1
8,d1,1,138,8.120958,1
8,d1,1,139,8.274917,1
8,d1,1,140,8.460666,1
8,d1,1,141,8.136250,1
8,d1,1,142,8.312417,1
8,d1,1,143,8.431041,1
8,d1,1,144,8.130667,1
8,d1,1,145,8.158750,1
8,d1,1,146,8.461250,1
8,d1,1,147,8.124458,1
8,d1,1,148,8.285542,1
8,d1,1,149,8.361959,1
8,d1,1,150,8.132625,1
8,d1,1,151,8.309833,1
8,d1,1,152,8.438375,1
8,d1,1,153,8.147916,1
8,d1,1,154,8.318000,1
8,d1,1,155,8.446166,1
8,d1,1,156,8.150291,1
8,d1,1,157,8.270958,1
8,d1,1,158,8.368500,1
8,d1,1,159,8.128625,1
9,ship,2,0,9.400333,0
9,ship,2,1,8.364542,0
9,ship,2,2,8.246708,0
9,ship,2,3,8.260416,0
9,ship,2,4,8.353709,0
9,ship,2,5,8.279625,0
9,ship,2,6,8.241291,0
9,ship,2,7,8.272084,0
9,ship,2,8,8.219125,1
9,ship,2,9,8.242750,1
9,ship,2,10,8.212042,1
9,ship,2,11,8.235083,1
9,ship,2,12,8.219209,1
9,ship,2,13,8.219750,1
9,ship,2,14,8.190833,1
9,ship,2,15,8.220000,1
9,ship,2,16,8.214542,1
9,ship,2,17,8.204916,1
9,ship,2,18,8.199875,1
9,ship,2,19,8.222250,1
9,ship,2,20,8.219583,1
9,ship,2,21,8.226791,1
9,ship,2,22,8.225542,1
9,ship,2,23,8.248333,1
9,ship,2,24,8.204709,1
9,ship,2,25,8.238166,1
9,ship,2,26,8.220208,1
9,ship,2,27,8.243541,1
9,ship,2,28,8.217583,1
9,ship,2,29,8.240459,1
9,ship,2,30,8.229375,1
9,ship,2,31,8.233167,1
9,ship,2,32,8.238458,1
9,ship,2,33,8.259917,1
9,ship,2,34,8.207167,1
9,ship,2,35,8.232875,1
9,ship,2,36,8.205291,1
9,ship,2,37,8.241833,1
9,ship,2,38,8.230875,1
9,ship,2,39,8.255250,1
9,ship,2,40,8.230750,1
9,ship,2,41,8.240291,1
9,ship,2,42,8.237833,1
9,ship,2,43,8.245167,1
9,ship,2,44,8.221459,1
9,ship,2,45,8.233292,1
9,ship,2,46,8.229125,1
9,ship,2,47,8.201958,1
9,ship,2,48,8.248583,1
9,ship,2,49,8.226208,1
9,ship,2,50,8.242292,1
9,ship,2,51,8.288125,1
9,ship,2,52,8.240375,1
9,ship,2,53,8.199000,1
9,ship,2,54,8.256500,1
9,ship,2,55,8.220000,1
9,ship,2,56,8.251709,1
9,ship,2,57,8.223083,1
9,ship,2,58,8.246208,1
9,ship,2,59,8.217583,1
9,ship,2,60,8.231750,1
9,ship,2,61,8.222875,1
9,ship,2,62,8.252750,1
9,ship,2,63,8.217375,1
9,ship,2,64,8.301459,1
9,ship,2,65,8.257709,1
9,ship,2,66,8.247875,1
9,ship,2,67,8.234250,1
9,ship,2,68,8.234916,1
9,ship,2,69,8.254667,1
9,ship,2,70,8.246541,1
9,ship,2,71,8.264708,1
9,ship,2,72,8.267417,1
9,ship,2,73,8.216500,1
9,ship,2,74,8.243792,1
9,ship,2,75,8.234833,1
9,ship,2,76,8.281625,1
9,ship,2,77,8.211959,1
9,ship,2,78,8.254792,1
9,ship,2,79,8.247792,1
9,ship,2,80,8.296750,1
9,ship,2,81,8.209250,1
9,ship,2,82,8.280917,1
9,ship,2,83,8.249166,1
9,ship,2,84,8.287750,1
9,ship,2,85,8.247500,1
9,ship,2,86,8.284875,1
9,ship,2,87,8.264042,1
9,ship,2,88,8.275166,1
9,ship,2,89,8.253167,1
9,ship,2,90,8.276542,1
9,ship,2,91,8.223166,1
9,ship,2,92,8.298125,1
9,ship,2,93,8.224792,1
9,ship,2,94,8.275042,1
9,ship,2,95,8.295750,1
9,ship,2,96,8.438125,1
9,ship,2,97,8.235833,1
9,ship,2,98,8.294083,1
9,ship,2,99,8.230542,1
9,ship,2,100,8.283208,1
9,ship,2,101,8.232125,1
9,ship,2,102,8.267125,1
9,ship,2,103,8.231417,1
9,ship,2,104,8.302209,1
9,ship,2,105,8.258500,1
9,ship,2,106,8.264417,1
9,ship,2,107,8.252417,1
9,ship,2,108,8.274625,1
9,ship,2,109,8.238125,1
9,ship,2,110,8.263708,1
9,ship,2,111,8.238750,1
9,ship,2,112,8.241292,1
9,ship,2,113,8.260041,1
9,ship,2,114,8.275083,1
9,ship,2,115,8.246750,1
9,ship,2,116,8.254875,1
9,ship,2,117,8.245667,1
9,ship,2,118,8.223792,1
9,ship,2,119,8.222083,1
9,ship,2,120,8.289083,1
9,ship,2,121,8.266125,1
9,ship,2,122,8.216500,1
9,ship,2,123,8.233208,1
9,ship,2,124,8.242292,1
9,ship,2,125,8.281875,1
9,ship,2,126,8.333500,1
9,ship,2,127,8.392750,1
9,ship,2,128,8.360875,1
9,ship,2,129,8.263583,1
9,ship,2,130,8.231375,1
9,ship,2,131,8.247500,1
9,ship,2,132,8.265041,1
9,ship,2,133,8.230916,1
9,ship,2,134,8.234125,1
9,ship,2,135,8.244292,1
9,ship,2,136,8.236959,1
9,ship,2,137,8.231875,1
9,ship,2,138,8.256375,1
9,ship,2,139,8.247208,1
9,ship,2,140,8.255500,1
9,ship,2,141,8.249542,1
9,ship,2,142,8.261500,1
9,ship,2,143,8.253083,1
9,ship,2,144,8.275958,1
9,ship,2,145,8.257500,1
9,ship,2,146,8.251209,1
9,ship,2,147,8.284667,1
9,ship,2,148,8.260666,1
9,ship,2,149,8.245042,1
9,ship,2,150,8.288000,1
9,ship,2,151,8.300834,1
9,ship,2,152,8.259750,1
9,ship,2,153,8.282375,1
9,ship,2,154,8.267042,1
9,ship,2,155,8.270500,1
9,ship,2,156,8.261792,1
9,ship,2,157,8.269417,1
9,ship,2,158,8.272125,1
9,ship,2,159,8.288834,1
10,d2,2,0,9.359542,0
10,d2,2,1,8.297458,0
10,d2,2,2,8.189167,0
10,d2,2,3,8.186375,0
10,d2,2,4,8.215083,0
10,d2,2,5,8.206042,0
10,d2,2,6,8.173333,0
10,d2,2,7,8.159333,0
10,d2,2,8,8.160916,1
10,d2,2,9,8.220791,1
10,d2,2,10,8.241875,1
10,d2,2,11,8.172167,1
10,d2,2,12,8.279875,1
10,d2,2,13,8.177083,1
10,d2,2,14,8.225792,1
10,d2,2,15,8.165542,1
10,d2,2,16,8.209834,1
10,d2,2,17,8.202292,1
10,d2,2,18,8.209625,1
10,d2,2,19,8.144541,1
10,d2,2,20,8.188250,1
10,d2,2,21,8.144416,1
10,d2,2,22,8.196375,1
10,d2,2,23,8.162167,1
10,d2,2,24,8.217167,1
10,d2,2,25,8.186000,1
10,d2,2,26,8.201041,1
10,d2,2,27,8.170792,1
10,d2,2,28,8.143625,1
10,d2,2,29,8.182750,1
10,d2,2,30,8.184292,1
10,d2,2,31,8.140375,1
10,d2,2,32,8.185250,1
10,d2,2,33,8.196209,1
10,d2,2,34,8.204250,1
10,d2,2,35,8.188584,1
10,d2,2,36,8.193042,1
10,d2,2,37,8.197000,1
10,d2,2,38,8.190834,1
10,d2,2,39,8.165667,1
10,d2,2,40,8.207709,1
10,d2,2,41,8.170875,1
10,d2,2,42,8.169959,1
10,d2,2,43,8.206416,1
10,d2,2,44,8.192583,1
10,d2,2,45,8.202542,1
10,d2,2,46,8.179500,1
10,d2,2,47,8.197375,1
10,d2,2,48,8.184084,1
10,d2,2,49,8.211000,1
10,d2,2,50,8.175416,1
10,d2,2,51,8.208458,1
10,d2,2,52,8.188875,1
10,d2,2,53,8.219125,1
10,d2,2,54,8.205292,1
10,d2,2,55,8.207834,1
10,d2,2,56,8.226125,1
10,d2,2,57,8.216416,1
10,d2,2,58,8.178583,1
10,d2,2,59,8.213750,1
10,d2,2,60,8.166500,1
10,d2,2,61,8.223709,1
10,d2,2,62,8.185958,1
10,d2,2,63,8.228708,1
10,d2,2,64,8.172041,1
10,d2,2,65,8.234875,1
10,d2,2,66,8.155000,1
10,d2,2,67,8.247041,1
10,d2,2,68,8.188083,1
10,d2,2,69,8.307542,1
10,d2,2,70,8.190042,1
10,d2,2,71,8.236125,1
10,d2,2,72,8.181500,1
10,d2,2,73,8.272167,1
10,d2,2,74,8.192417,1
10,d2,2,75,8.235833,1
10,d2,2,76,8.181750,1
10,d2,2,77,8.214250,1
10,d2,2,78,8.187208,1
10,d2,2,79,8.209750,1
10,d2,2,80,8.276916,1
10,d2,2,81,8.225125,1
10,d2,2,82,8.169042,1
10,d2,2,83,8.215625,1
10,d2,2,84,8.198917,1
10,d2,2,85,8.235542,1
10,d2,2,86,8.161333,1
10,d2,2,87,8.207083,1
10,d2,2,88,8.175334,1
10,d2,2,89,8.209500,1
10,d2,2,90,8.211583,1
10,d2,2,91,8.217833,1
10,d2,2,92,8.197417,1
10,d2,2,93,8.209958,1
10,d2,2,94,8.184500,1
10,d2,2,95,8.212375,1
10,d2,2,96,8.194416,1
10,d2,2,97,8.212458,1
10,d2,2,98,8.194750,1
10,d2,2,99,8.199958,1
10,d2,2,100,8.193417,1
10,d2,2,101,8.226208,1
10,d2,2,102,8.223875,1
10,d2,2,103,8.225708,1
10,d2,2,104,8.215167,1
10,d2,2,105,8.199834,1
10,d2,2,106,8.187917,1
10,d2,2,107,8.134958,1
10,d2,2,108,8.247042,1
10,d2,2,109,8.261833,1
10,d2,2,110,8.261417,1
10,d2,2,111,8.253958,1
10,d2,2,112,8.275792,1
10,d2,2,113,8.155125,1
10,d2,2,114,8.107542,1
10,d2,2,115,8.098167,1
10,d2,2,116,8.112375,1
10,d2,2,117,8.195875,1
10,d2,2,118,8.169459,1
10,d2,2,119,8.253500,1
10,d2,2,120,8.150583,1
10,d2,2,121,8.242750,1
10,d2,2,122,8.222167,1
10,d2,2,123,8.287041,1
10,d2,2,124,8.296958,1
10,d2,2,125,8.287000,1
10,d2,2,126,8.296875,1
10,d2,2,127,8.452292,1
10,d2,2,128,8.351000,1
10,d2,2,129,8.218875,1
10,d2,2,130,8.206667,1
10,d2,2,131,8.188417,1
10,d2,2,132,8.255916,1
10,d2,2,133,8.202917,1
10,d2,2,134,8.272750,1
10,d2,2,135,8.238000,1
10,d2,2,136,8.287250,1
10,d2,2,137,8.239416,1
10,d2,2,138,8.246167,1
10,d2,2,139,8.202458,1
10,d2,2,140,8.254083,1
10,d2,2,141,8.260167,1
10,d2,2,142,8.364167,1
10,d2,2,143,8.189042,1
10,d2,2,144,8.282667,1
10,d2,2,145,8.200000,1
10,d2,2,146,8.252417,1
10,d2,2,147,8.253542,1
10,d2,2,148,8.250791,1
10,d2,2,149,8.200917,1
10,d2,2,150,8.272750,1
10,d2,2,151,8.186750,1
10,d2,2,152,8.232792,1
10,d2,2,153,8.195042,1
10,d2,2,154,8.253541,1
10,d2,2,155,8.227083,1
10,d2,2,156,8.264000,1
10,d2,2,157,8.186125,1
10,d2,2,158,8.302667,1
10,d2,2,159,8.212792,1
11,ctl,2,0,9.412833,0
11,ctl,2,1,8.340084,0
11,ctl,2,2,8.293375,0
11,ctl,2,3,8.238709,0
11,ctl,2,4,8.260292,0
11,ctl,2,5,8.213000,0
11,ctl,2,6,8.266041,0
11,ctl,2,7,8.209500,0
11,ctl,2,8,8.236083,1
11,ctl,2,9,8.218750,1
11,ctl,2,10,8.242833,1
11,ctl,2,11,8.210917,1
11,ctl,2,12,8.226458,1
11,ctl,2,13,8.223417,1
11,ctl,2,14,8.265917,1
11,ctl,2,15,8.195416,1
11,ctl,2,16,8.276292,1
11,ctl,2,17,8.191458,1
11,ctl,2,18,8.274500,1
11,ctl,2,19,8.218583,1
11,ctl,2,20,8.256333,1
11,ctl,2,21,8.234416,1
11,ctl,2,22,8.299958,1
11,ctl,2,23,8.196333,1
11,ctl,2,24,8.266000,1
11,ctl,2,25,8.190708,1
11,ctl,2,26,8.270334,1
11,ctl,2,27,8.225875,1
11,ctl,2,28,8.261625,1
11,ctl,2,29,8.187542,1
11,ctl,2,30,8.231292,1
11,ctl,2,31,8.193792,1
11,ctl,2,32,8.263209,1
11,ctl,2,33,8.224875,1
11,ctl,2,34,8.262250,1
11,ctl,2,35,8.202541,1
11,ctl,2,36,8.227833,1
11,ctl,2,37,8.214959,1
11,ctl,2,38,8.267709,1
11,ctl,2,39,8.224000,1
11,ctl,2,40,8.276708,1
11,ctl,2,41,8.216333,1
11,ctl,2,42,8.210375,1
11,ctl,2,43,8.228333,1
11,ctl,2,44,8.238334,1
11,ctl,2,45,8.224000,1
11,ctl,2,46,8.240334,1
11,ctl,2,47,8.199459,1
11,ctl,2,48,8.228667,1
11,ctl,2,49,8.206166,1
11,ctl,2,50,8.232209,1
11,ctl,2,51,8.233583,1
11,ctl,2,52,8.201000,1
11,ctl,2,53,8.215291,1
11,ctl,2,54,8.192791,1
11,ctl,2,55,8.188167,1
11,ctl,2,56,8.224666,1
11,ctl,2,57,8.230333,1
11,ctl,2,58,8.239000,1
11,ctl,2,59,8.206875,1
11,ctl,2,60,8.232583,1
11,ctl,2,61,8.231458,1
11,ctl,2,62,8.204750,1
11,ctl,2,63,8.222333,1
11,ctl,2,64,8.231375,1
11,ctl,2,65,8.248500,1
11,ctl,2,66,8.205666,1
11,ctl,2,67,8.211834,1
11,ctl,2,68,8.208125,1
11,ctl,2,69,8.235750,1
11,ctl,2,70,8.231541,1
11,ctl,2,71,8.233667,1
11,ctl,2,72,8.220666,1
11,ctl,2,73,8.210000,1
11,ctl,2,74,8.323791,1
11,ctl,2,75,8.253417,1
11,ctl,2,76,8.227916,1
11,ctl,2,77,8.255167,1
11,ctl,2,78,8.245458,1
11,ctl,2,79,8.249375,1
11,ctl,2,80,8.259875,1
11,ctl,2,81,8.259125,1
11,ctl,2,82,8.212250,1
11,ctl,2,83,8.253125,1
11,ctl,2,84,8.230750,1
11,ctl,2,85,8.254542,1
11,ctl,2,86,8.217708,1
11,ctl,2,87,8.240459,1
11,ctl,2,88,8.251416,1
11,ctl,2,89,8.249209,1
11,ctl,2,90,8.206542,1
11,ctl,2,91,8.258959,1
11,ctl,2,92,8.241042,1
11,ctl,2,93,8.247167,1
11,ctl,2,94,8.244708,1
11,ctl,2,95,8.262708,1
11,ctl,2,96,8.240500,1
11,ctl,2,97,8.284750,1
11,ctl,2,98,8.218875,1
11,ctl,2,99,8.242667,1
11,ctl,2,100,8.242834,1
11,ctl,2,101,8.291167,1
11,ctl,2,102,8.231125,1
11,ctl,2,103,8.344250,1
11,ctl,2,104,8.253041,1
11,ctl,2,105,8.352167,1
11,ctl,2,106,8.328292,1
11,ctl,2,107,8.316042,1
11,ctl,2,108,8.246125,1
11,ctl,2,109,8.305250,1
11,ctl,2,110,8.245208,1
11,ctl,2,111,8.292417,1
11,ctl,2,112,8.248167,1
11,ctl,2,113,8.273625,1
11,ctl,2,114,8.266958,1
11,ctl,2,115,8.275667,1
11,ctl,2,116,8.252208,1
11,ctl,2,117,8.266875,1
11,ctl,2,118,8.245250,1
11,ctl,2,119,8.285583,1
11,ctl,2,120,8.243834,1
11,ctl,2,121,8.258166,1
11,ctl,2,122,8.240917,1
11,ctl,2,123,8.290625,1
11,ctl,2,124,8.235875,1
11,ctl,2,125,8.249833,1
11,ctl,2,126,8.243834,1
11,ctl,2,127,8.282125,1
11,ctl,2,128,8.235208,1
11,ctl,2,129,8.290875,1
11,ctl,2,130,8.239542,1
11,ctl,2,131,8.276333,1
11,ctl,2,132,8.218834,1
11,ctl,2,133,8.265958,1
11,ctl,2,134,8.223542,1
11,ctl,2,135,8.335208,1
11,ctl,2,136,8.353500,1
11,ctl,2,137,8.326458,1
11,ctl,2,138,8.269958,1
11,ctl,2,139,8.268875,1
11,ctl,2,140,8.234042,1
11,ctl,2,141,8.270042,1
11,ctl,2,142,8.252000,1
11,ctl,2,143,8.283292,1
11,ctl,2,144,8.233333,1
11,ctl,2,145,8.252875,1
11,ctl,2,146,8.237083,1
11,ctl,2,147,8.254500,1
11,ctl,2,148,8.245708,1
11,ctl,2,149,8.282292,1
11,ctl,2,150,8.254542,1
11,ctl,2,151,8.278750,1
11,ctl,2,152,8.260291,1
11,ctl,2,153,8.307250,1
11,ctl,2,154,8.234792,1
11,ctl,2,155,8.388792,1
11,ctl,2,156,8.267333,1
11,ctl,2,157,8.352667,1
11,ctl,2,158,8.256209,1
11,ctl,2,159,8.351792,1
12,d1,2,0,9.288167,0
12,d1,2,1,8.224500,0
12,d1,2,2,8.177166,0
12,d1,2,3,8.109375,0
12,d1,2,4,8.121250,0
12,d1,2,5,8.289958,0
12,d1,2,6,8.135875,0
12,d1,2,7,8.160541,0
12,d1,2,8,8.138292,1
12,d1,2,9,8.153166,1
12,d1,2,10,8.125167,1
12,d1,2,11,8.196875,1
12,d1,2,12,8.085625,1
12,d1,2,13,8.191375,1
12,d1,2,14,8.134667,1
12,d1,2,15,8.148333,1
12,d1,2,16,8.124083,1
12,d1,2,17,8.393500,1
12,d1,2,18,8.105125,1
12,d1,2,19,8.177875,1
12,d1,2,20,8.301958,1
12,d1,2,21,8.167542,1
12,d1,2,22,8.126000,1
12,d1,2,23,8.560500,1
12,d1,2,24,8.089125,1
12,d1,2,25,8.125083,1
12,d1,2,26,8.290208,1
12,d1,2,27,8.113625,1
12,d1,2,28,8.210500,1
12,d1,2,29,8.538541,1
12,d1,2,30,8.091041,1
12,d1,2,31,8.137083,1
12,d1,2,32,8.233375,1
12,d1,2,33,8.132291,1
12,d1,2,34,8.125916,1
12,d1,2,35,8.534167,1
12,d1,2,36,8.150458,1
12,d1,2,37,8.124833,1
12,d1,2,38,8.327250,1
12,d1,2,39,8.137500,1
12,d1,2,40,8.109958,1
12,d1,2,41,8.348875,1
12,d1,2,42,8.158000,1
12,d1,2,43,8.166917,1
12,d1,2,44,8.437416,1
12,d1,2,45,8.157834,1
12,d1,2,46,8.117584,1
12,d1,2,47,8.292125,1
12,d1,2,48,8.114792,1
12,d1,2,49,8.160208,1
12,d1,2,50,8.223125,1
12,d1,2,51,8.143125,1
12,d1,2,52,8.204583,1
12,d1,2,53,8.440166,1
12,d1,2,54,8.172583,1
12,d1,2,55,8.277458,1
12,d1,2,56,8.351333,1
12,d1,2,57,8.120584,1
12,d1,2,58,8.121625,1
12,d1,2,59,8.512750,1
12,d1,2,60,8.171584,1
12,d1,2,61,8.148542,1
12,d1,2,62,8.480375,1
12,d1,2,63,8.125208,1
12,d1,2,64,8.146084,1
12,d1,2,65,8.479500,1
12,d1,2,66,8.249500,1
12,d1,2,67,8.227334,1
12,d1,2,68,8.580833,1
12,d1,2,69,8.128709,1
12,d1,2,70,8.187459,1
12,d1,2,71,8.513542,1
12,d1,2,72,8.149917,1
12,d1,2,73,8.269708,1
12,d1,2,74,8.545542,1
12,d1,2,75,8.101125,1
12,d1,2,76,8.153500,1
12,d1,2,77,8.414458,1
12,d1,2,78,8.144209,1
12,d1,2,79,8.115125,1
12,d1,2,80,8.519584,1
12,d1,2,81,8.106917,1
12,d1,2,82,8.162958,1
12,d1,2,83,8.476750,1
12,d1,2,84,8.201917,1
12,d1,2,85,8.272458,1
12,d1,2,86,8.470167,1
12,d1,2,87,8.115625,1
12,d1,2,88,8.296666,1
12,d1,2,89,8.493708,1
12,d1,2,90,8.171292,1
12,d1,2,91,8.247459,1
12,d1,2,92,8.486834,1
12,d1,2,93,8.134959,1
12,d1,2,94,8.187459,1
12,d1,2,95,8.437625,1
12,d1,2,96,8.137209,1
12,d1,2,97,8.374709,1
12,d1,2,98,8.570291,1
12,d1,2,99,8.205875,1
12,d1,2,100,8.162375,1
12,d1,2,101,8.399584,1
12,d1,2,102,8.164833,1
12,d1,2,103,8.184750,1
12,d1,2,104,8.496500,1
12,d1,2,105,8.153958,1
12,d1,2,106,8.226625,1
12,d1,2,107,8.562083,1
12,d1,2,108,8.216958,1
12,d1,2,109,8.143042,1
12,d1,2,110,8.502875,1
12,d1,2,111,8.142583,1
12,d1,2,112,8.360958,1
12,d1,2,113,8.567834,1
12,d1,2,114,8.284791,1
12,d1,2,115,8.187708,1
12,d1,2,116,8.479959,1
12,d1,2,117,8.150667,1
12,d1,2,118,8.272750,1
12,d1,2,119,8.481833,1
12,d1,2,120,8.140083,1
12,d1,2,121,8.168375,1
12,d1,2,122,8.470041,1
12,d1,2,123,8.112458,1
12,d1,2,124,8.298833,1
12,d1,2,125,8.466792,1
12,d1,2,126,8.166709,1
12,d1,2,127,8.207334,1
12,d1,2,128,8.495417,1
12,d1,2,129,8.171792,1
12,d1,2,130,8.252791,1
12,d1,2,131,8.463000,1
12,d1,2,132,8.173667,1
12,d1,2,133,8.328500,1
12,d1,2,134,8.548541,1
12,d1,2,135,8.120916,1
12,d1,2,136,8.328917,1
12,d1,2,137,8.413333,1
12,d1,2,138,8.197084,1
12,d1,2,139,8.265917,1
12,d1,2,140,8.492750,1
12,d1,2,141,8.107833,1
12,d1,2,142,8.334917,1
12,d1,2,143,8.599042,1
12,d1,2,144,8.265583,1
12,d1,2,145,8.146958,1
12,d1,2,146,8.482458,1
12,d1,2,147,8.139083,1
12,d1,2,148,8.282708,1
12,d1,2,149,8.353792,1
12,d1,2,150,8.164333,1
12,d1,2,151,8.366334,1
12,d1,2,152,8.432375,1
12,d1,2,153,8.238083,1
12,d1,2,154,8.324833,1
12,d1,2,155,8.430084,1
12,d1,2,156,8.172708,1
12,d1,2,157,8.260750,1
12,d1,2,158,8.372042,1
12,d1,2,159,8.113042,1
13,ctl,3,0,12.730792,0
13,ctl,3,1,8.392084,0
13,ctl,3,2,8.230416,0
13,ctl,3,3,8.250833,0
13,ctl,3,4,8.245917,0
13,ctl,3,5,8.222917,0
13,ctl,3,6,8.200750,0
13,ctl,3,7,8.260208,0
13,ctl,3,8,8.196959,1
13,ctl,3,9,8.241458,1
13,ctl,3,10,8.267000,1
13,ctl,3,11,8.240083,1
13,ctl,3,12,8.203209,1
13,ctl,3,13,8.241875,1
13,ctl,3,14,8.205500,1
13,ctl,3,15,8.224958,1
13,ctl,3,16,8.220125,1
13,ctl,3,17,8.218041,1
13,ctl,3,18,8.192833,1
13,ctl,3,19,8.244750,1
13,ctl,3,20,8.208625,1
13,ctl,3,21,8.220291,1
13,ctl,3,22,8.208458,1
13,ctl,3,23,8.235375,1
13,ctl,3,24,8.210375,1
13,ctl,3,25,8.243584,1
13,ctl,3,26,8.221292,1
13,ctl,3,27,8.240792,1
13,ctl,3,28,8.241958,1
13,ctl,3,29,8.262875,1
13,ctl,3,30,8.213125,1
13,ctl,3,31,8.251125,1
13,ctl,3,32,8.244708,1
13,ctl,3,33,8.270375,1
13,ctl,3,34,8.234292,1
13,ctl,3,35,8.213792,1
13,ctl,3,36,8.250541,1
13,ctl,3,37,8.246084,1
13,ctl,3,38,8.234833,1
13,ctl,3,39,8.257333,1
13,ctl,3,40,8.246709,1
13,ctl,3,41,8.233583,1
13,ctl,3,42,8.249541,1
13,ctl,3,43,8.256083,1
13,ctl,3,44,8.239958,1
13,ctl,3,45,8.311917,1
13,ctl,3,46,8.243833,1
13,ctl,3,47,8.237917,1
13,ctl,3,48,8.234000,1
13,ctl,3,49,8.237916,1
13,ctl,3,50,8.218542,1
13,ctl,3,51,8.222334,1
13,ctl,3,52,8.240833,1
13,ctl,3,53,8.222583,1
13,ctl,3,54,8.247334,1
13,ctl,3,55,8.239416,1
13,ctl,3,56,8.264291,1
13,ctl,3,57,8.235666,1
13,ctl,3,58,8.224625,1
13,ctl,3,59,8.248083,1
13,ctl,3,60,8.260875,1
13,ctl,3,61,8.212416,1
13,ctl,3,62,8.248667,1
13,ctl,3,63,8.266375,1
13,ctl,3,64,8.238000,1
13,ctl,3,65,8.221334,1
13,ctl,3,66,8.215209,1
13,ctl,3,67,8.221750,1
13,ctl,3,68,8.239542,1
13,ctl,3,69,8.242875,1
13,ctl,3,70,8.266208,1
13,ctl,3,71,8.258208,1
13,ctl,3,72,8.256500,1
13,ctl,3,73,8.283583,1
13,ctl,3,74,8.257875,1
13,ctl,3,75,8.229625,1
13,ctl,3,76,8.249833,1
13,ctl,3,77,8.241583,1
13,ctl,3,78,8.282417,1
13,ctl,3,79,8.235250,1
13,ctl,3,80,8.290125,1
13,ctl,3,81,8.215042,1
13,ctl,3,82,8.259875,1
13,ctl,3,83,8.258292,1
13,ctl,3,84,8.285666,1
13,ctl,3,85,8.243959,1
13,ctl,3,86,8.279750,1
13,ctl,3,87,8.249291,1
13,ctl,3,88,8.287333,1
13,ctl,3,89,8.241125,1
13,ctl,3,90,8.315542,1
13,ctl,3,91,8.377292,1
13,ctl,3,92,8.340166,1
13,ctl,3,93,8.242125,1
13,ctl,3,94,8.318042,1
13,ctl,3,95,8.217250,1
13,ctl,3,96,8.295167,1
13,ctl,3,97,8.281000,1
13,ctl,3,98,8.267250,1
13,ctl,3,99,8.243625,1
13,ctl,3,100,8.341000,1
13,ctl,3,101,8.229625,1
13,ctl,3,102,8.285333,1
13,ctl,3,103,8.263000,1
13,ctl,3,104,8.294916,1
13,ctl,3,105,8.258375,1
13,ctl,3,106,8.284625,1
13,ctl,3,107,8.257375,1
13,ctl,3,108,8.268042,1
13,ctl,3,109,8.248750,1
13,ctl,3,110,8.290875,1
13,ctl,3,111,8.248750,1
13,ctl,3,112,8.322750,1
13,ctl,3,113,8.232709,1
13,ctl,3,114,8.279166,1
13,ctl,3,115,8.254458,1
13,ctl,3,116,8.285042,1
13,ctl,3,117,8.233000,1
13,ctl,3,118,8.272625,1
13,ctl,3,119,8.248125,1
13,ctl,3,120,8.259375,1
13,ctl,3,121,8.308709,1
13,ctl,3,122,8.311333,1
13,ctl,3,123,8.417166,1
13,ctl,3,124,8.295875,1
13,ctl,3,125,8.251500,1
13,ctl,3,126,8.313125,1
13,ctl,3,127,8.259792,1
13,ctl,3,128,8.248792,1
13,ctl,3,129,8.247375,1
13,ctl,3,130,8.271208,1
13,ctl,3,131,8.308250,1
13,ctl,3,132,8.255833,1
13,ctl,3,133,8.248375,1
13,ctl,3,134,8.276167,1
13,ctl,3,135,8.236209,1
13,ctl,3,136,8.258583,1
13,ctl,3,137,8.272042,1
13,ctl,3,138,8.263500,1
13,ctl,3,139,8.257333,1
13,ctl,3,140,8.249333,1
13,ctl,3,141,8.261917,1
13,ctl,3,142,8.245208,1
13,ctl,3,143,8.250792,1
13,ctl,3,144,8.251041,1
13,ctl,3,145,8.237875,1
13,ctl,3,146,8.255958,1
13,ctl,3,147,8.252833,1
13,ctl,3,148,8.266792,1
13,ctl,3,149,8.251791,1
13,ctl,3,150,8.270250,1
13,ctl,3,151,8.288166,1
13,ctl,3,152,8.293875,1
13,ctl,3,153,8.297041,1
13,ctl,3,154,8.357250,1
13,ctl,3,155,8.291292,1
13,ctl,3,156,8.295375,1
13,ctl,3,157,8.292250,1
13,ctl,3,158,8.292375,1
13,ctl,3,159,8.263292,1
14,d2,3,0,9.298041,0
14,d2,3,1,8.288250,0
14,d2,3,2,8.216250,0
14,d2,3,3,8.167750,0
14,d2,3,4,8.198417,0
14,d2,3,5,8.195375,0
14,d2,3,6,8.274792,0
14,d2,3,7,8.245041,0
14,d2,3,8,8.211875,1
14,d2,3,9,8.158166,1
14,d2,3,10,8.217500,1
14,d2,3,11,8.199375,1
14,d2,3,12,8.213792,1
14,d2,3,13,8.202250,1
14,d2,3,14,8.220417,1
14,d2,3,15,8.150458,1
14,d2,3,16,8.216333,1
14,d2,3,17,8.185834,1
14,d2,3,18,8.196834,1
14,d2,3,19,8.165958,1
14,d2,3,20,8.244250,1
14,d2,3,21,8.167917,1
14,d2,3,22,8.206208,1
14,d2,3,23,8.172167,1
14,d2,3,24,8.205167,1
14,d2,3,25,8.165958,1
14,d2,3,26,8.223375,1
14,d2,3,27,8.180916,1
14,d2,3,28,8.165541,1
14,d2,3,29,8.164625,1
14,d2,3,30,8.197583,1
14,d2,3,31,8.157750,1
14,d2,3,32,8.199500,1
14,d2,3,33,8.181333,1
14,d2,3,34,8.220417,1
14,d2,3,35,8.154334,1
14,d2,3,36,8.175458,1
14,d2,3,37,8.166000,1
14,d2,3,38,8.236458,1
14,d2,3,39,8.176417,1
14,d2,3,40,8.548083,1
14,d2,3,41,8.755417,1
14,d2,3,42,8.235000,1
14,d2,3,43,8.742708,1
14,d2,3,44,8.278625,1
14,d2,3,45,8.220000,1
14,d2,3,46,8.267584,1
14,d2,3,47,8.231833,1
14,d2,3,48,8.248917,1
14,d2,3,49,8.229541,1
14,d2,3,50,8.267583,1
14,d2,3,51,8.218208,1
14,d2,3,52,8.277667,1
14,d2,3,53,8.207917,1
14,d2,3,54,8.230417,1
14,d2,3,55,8.247417,1
14,d2,3,56,8.280958,1
14,d2,3,57,8.239333,1
14,d2,3,58,8.273917,1
14,d2,3,59,8.256250,1
14,d2,3,60,8.253250,1
14,d2,3,61,8.204583,1
14,d2,3,62,8.261667,1
14,d2,3,63,8.245458,1
14,d2,3,64,8.266208,1
14,d2,3,65,8.263083,1
14,d2,3,66,8.342333,1
14,d2,3,67,8.259125,1
14,d2,3,68,8.284833,1
14,d2,3,69,8.255583,1
14,d2,3,70,8.278042,1
14,d2,3,71,8.242417,1
14,d2,3,72,8.267709,1
14,d2,3,73,8.270125,1
14,d2,3,74,8.324417,1
14,d2,3,75,8.255042,1
14,d2,3,76,8.269417,1
14,d2,3,77,8.262167,1
14,d2,3,78,8.308292,1
14,d2,3,79,8.264584,1
14,d2,3,80,8.354750,1
14,d2,3,81,8.280166,1
14,d2,3,82,8.359834,1
14,d2,3,83,8.301917,1
14,d2,3,84,8.388291,1
14,d2,3,85,8.234084,1
14,d2,3,86,8.432125,1
14,d2,3,87,8.263500,1
14,d2,3,88,8.309750,1
14,d2,3,89,8.297750,1
14,d2,3,90,8.275333,1
14,d2,3,91,8.266750,1
14,d2,3,92,8.302625,1
14,d2,3,93,8.261375,1
14,d2,3,94,8.280791,1
14,d2,3,95,8.269666,1
14,d2,3,96,8.394791,1
14,d2,3,97,8.342042,1
14,d2,3,98,8.539709,1
14,d2,3,99,8.311667,1
14,d2,3,100,8.405166,1
14,d2,3,101,8.229167,1
14,d2,3,102,8.329000,1
14,d2,3,103,8.300375,1
14,d2,3,104,8.479583,1
14,d2,3,105,8.283792,1
14,d2,3,106,8.331291,1
14,d2,3,107,8.222333,1
14,d2,3,108,8.347209,1
14,d2,3,109,8.371375,1
14,d2,3,110,8.404250,1
14,d2,3,111,8.255041,1
14,d2,3,112,8.341667,1
14,d2,3,113,8.199000,1
14,d2,3,114,8.314875,1
14,d2,3,115,8.211792,1
14,d2,3,116,8.292792,1
14,d2,3,117,8.191834,1
14,d2,3,118,8.230042,1
14,d2,3,119,8.224750,1
14,d2,3,120,8.288000,1
14,d2,3,121,8.381583,1
14,d2,3,122,8.303875,1
14,d2,3,123,8.391042,1
14,d2,3,124,8.372250,1
14,d2,3,125,8.443375,1
14,d2,3,126,8.426542,1
14,d2,3,127,8.418792,1
14,d2,3,128,8.481292,1
14,d2,3,129,8.530958,1
14,d2,3,130,8.513917,1
14,d2,3,131,8.402750,1
14,d2,3,132,8.490667,1
14,d2,3,133,8.343125,1
14,d2,3,134,8.564542,1
14,d2,3,135,8.361958,1
14,d2,3,136,8.463750,1
14,d2,3,137,8.520750,1
14,d2,3,138,8.734291,1
14,d2,3,139,8.611625,1
14,d2,3,140,8.791625,1
14,d2,3,141,8.593833,1
14,d2,3,142,8.483083,1
14,d2,3,143,8.310167,1
14,d2,3,144,8.560958,1
14,d2,3,145,8.687084,1
14,d2,3,146,8.520792,1
14,d2,3,147,8.225000,1
14,d2,3,148,8.235167,1
14,d2,3,149,8.151792,1
14,d2,3,150,8.270125,1
14,d2,3,151,8.180042,1
14,d2,3,152,8.229084,1
14,d2,3,153,8.175083,1
14,d2,3,154,8.237333,1
14,d2,3,155,8.211041,1
14,d2,3,156,8.226333,1
14,d2,3,157,8.133792,1
14,d2,3,158,8.233834,1
14,d2,3,159,8.172584,1
15,ship,3,0,9.442167,0
15,ship,3,1,8.293292,0
15,ship,3,2,8.190125,0
15,ship,3,3,8.153583,0
15,ship,3,4,8.125083,0
15,ship,3,5,8.156042,0
15,ship,3,6,8.170125,0
15,ship,3,7,8.142625,0
15,ship,3,8,8.199042,1
15,ship,3,9,8.155083,1
15,ship,3,10,8.131375,1
15,ship,3,11,8.092917,1
15,ship,3,12,8.194542,1
15,ship,3,13,8.149417,1
15,ship,3,14,8.113750,1
15,ship,3,15,8.134375,1
15,ship,3,16,8.082792,1
15,ship,3,17,8.135875,1
15,ship,3,18,8.246583,1
15,ship,3,19,8.219250,1
15,ship,3,20,8.252834,1
15,ship,3,21,8.219875,1
15,ship,3,22,8.212917,1
15,ship,3,23,8.240750,1
15,ship,3,24,8.222625,1
15,ship,3,25,8.253000,1
15,ship,3,26,8.221833,1
15,ship,3,27,8.267250,1
15,ship,3,28,8.202875,1
15,ship,3,29,8.295791,1
15,ship,3,30,8.225209,1
15,ship,3,31,8.277167,1
15,ship,3,32,8.238125,1
15,ship,3,33,8.291459,1
15,ship,3,34,8.236500,1
15,ship,3,35,8.224042,1
15,ship,3,36,8.243625,1
15,ship,3,37,8.264917,1
15,ship,3,38,8.222375,1
15,ship,3,39,8.247250,1
15,ship,3,40,8.234250,1
15,ship,3,41,8.235917,1
15,ship,3,42,8.209083,1
15,ship,3,43,8.236541,1
15,ship,3,44,8.236125,1
15,ship,3,45,8.236541,1
15,ship,3,46,8.208958,1
15,ship,3,47,8.246208,1
15,ship,3,48,8.237625,1
15,ship,3,49,8.238833,1
15,ship,3,50,8.224792,1
15,ship,3,51,8.233834,1
15,ship,3,52,8.226750,1
15,ship,3,53,8.242916,1
15,ship,3,54,8.230792,1
15,ship,3,55,8.238000,1
15,ship,3,56,8.204625,1
15,ship,3,57,8.240125,1
15,ship,3,58,8.243792,1
15,ship,3,59,8.238459,1
15,ship,3,60,8.228459,1
15,ship,3,61,8.237584,1
15,ship,3,62,8.238583,1
15,ship,3,63,8.240875,1
15,ship,3,64,8.233292,1
15,ship,3,65,8.261625,1
15,ship,3,66,8.243791,1
15,ship,3,67,8.258875,1
15,ship,3,68,8.262333,1
15,ship,3,69,8.290958,1
15,ship,3,70,8.253000,1
15,ship,3,71,8.264666,1
15,ship,3,72,8.256625,1
15,ship,3,73,8.248333,1
15,ship,3,74,8.230375,1
15,ship,3,75,8.236417,1
15,ship,3,76,8.236334,1
15,ship,3,77,8.222458,1
15,ship,3,78,8.247667,1
15,ship,3,79,8.237333,1
15,ship,3,80,8.235166,1
15,ship,3,81,8.241333,1
15,ship,3,82,8.246375,1
15,ship,3,83,8.233917,1
15,ship,3,84,8.247791,1
15,ship,3,85,8.241792,1
15,ship,3,86,8.244708,1
15,ship,3,87,8.226917,1
15,ship,3,88,8.240125,1
15,ship,3,89,8.281375,1
15,ship,3,90,8.378625,1
15,ship,3,91,8.329584,1
15,ship,3,92,8.263416,1
15,ship,3,93,8.226042,1
15,ship,3,94,8.295000,1
15,ship,3,95,8.230625,1
15,ship,3,96,8.264833,1
15,ship,3,97,8.237292,1
15,ship,3,98,8.270042,1
15,ship,3,99,8.232458,1
15,ship,3,100,8.262459,1
15,ship,3,101,8.230500,1
15,ship,3,102,8.256750,1
15,ship,3,103,8.237584,1
15,ship,3,104,8.261083,1
15,ship,3,105,8.253917,1
15,ship,3,106,8.295333,1
15,ship,3,107,8.279917,1
15,ship,3,108,8.321083,1
15,ship,3,109,8.251000,1
15,ship,3,110,8.242584,1
15,ship,3,111,8.243625,1
15,ship,3,112,8.262792,1
15,ship,3,113,8.257208,1
15,ship,3,114,8.267416,1
15,ship,3,115,8.237083,1
15,ship,3,116,8.281291,1
15,ship,3,117,8.252250,1
15,ship,3,118,8.260583,1
15,ship,3,119,8.241542,1
15,ship,3,120,8.345667,1
15,ship,3,121,8.424917,1
15,ship,3,122,8.398000,1
15,ship,3,123,8.287791,1
15,ship,3,124,8.276417,1
15,ship,3,125,8.261583,1
15,ship,3,126,8.316709,1
15,ship,3,127,8.236917,1
15,ship,3,128,8.280834,1
15,ship,3,129,8.239917,1
15,ship,3,130,8.309834,1
15,ship,3,131,8.240917,1
15,ship,3,132,8.291041,1
15,ship,3,133,8.238792,1
15,ship,3,134,8.271750,1
15,ship,3,135,8.253792,1
15,ship,3,136,8.280875,1
15,ship,3,137,8.244291,1
15,ship,3,138,8.311292,1
15,ship,3,139,8.313583,1
15,ship,3,140,8.284125,1
15,ship,3,141,8.246125,1
15,ship,3,142,8.348958,1
15,ship,3,143,8.226500,1
15,ship,3,144,8.312291,1
15,ship,3,145,8.244042,1
15,ship,3,146,8.296083,1
15,ship,3,147,8.318000,1
15,ship,3,148,8.338708,1
15,ship,3,149,8.278250,1
15,ship,3,150,8.338958,1
15,ship,3,151,8.336459,1
15,ship,3,152,8.306333,1
15,ship,3,153,8.342750,1
15,ship,3,154,8.321750,1
15,ship,3,155,8.345333,1
15,ship,3,156,8.301792,1
15,ship,3,157,8.351500,1
15,ship,3,158,8.295208,1
15,ship,3,159,8.254458,1
16,d1,3,0,9.227667,0
16,d1,3,1,8.225834,0
16,d1,3,2,8.189625,0
16,d1,3,3,8.168625,0
16,d1,3,4,8.119250,0
16,d1,3,5,8.310041,0
16,d1,3,6,8.204250,0
16,d1,3,7,8.136917,0
16,d1,3,8,8.126041,1
16,d1,3,9,8.132958,1
16,d1,3,10,8.120042,1
16,d1,3,11,8.254750,1
16,d1,3,12,8.115500,1
16,d1,3,13,8.183500,1
16,d1,3,14,8.193084,1
16,d1,3,15,8.138125,1
16,d1,3,16,8.124208,1
16,d1,3,17,8.478875,1
16,d1,3,18,8.098208,1
16,d1,3,19,8.147625,1
16,d1,3,20,8.288083,1
16,d1,3,21,8.149792,1
16,d1,3,22,8.111417,1
16,d1,3,23,8.595916,1
16,d1,3,24,8.179292,1
16,d1,3,25,8.166417,1
16,d1,3,26,8.334875,1
16,d1,3,27,8.136416,1
16,d1,3,28,8.215834,1
16,d1,3,29,8.537750,1
16,d1,3,30,8.128458,1
16,d1,3,31,8.154000,1
16,d1,3,32,8.245834,1
16,d1,3,33,8.139125,1
16,d1,3,34,8.168583,1
16,d1,3,35,8.509709,1
16,d1,3,36,8.149042,1
16,d1,3,37,8.128084,1
16,d1,3,38,8.335208,1
16,d1,3,39,8.144791,1
16,d1,3,40,8.113041,1
16,d1,3,41,8.381792,1
16,d1,3,42,8.133916,1
16,d1,3,43,8.191750,1
16,d1,3,44,8.452292,1
16,d1,3,45,8.146416,1
16,d1,3,46,8.163334,1
16,d1,3,47,8.316750,1
16,d1,3,48,8.137500,1
16,d1,3,49,8.226958,1
16,d1,3,50,8.257875,1
16,d1,3,51,8.140292,1
16,d1,3,52,8.174583,1
16,d1,3,53,8.566916,1
16,d1,3,54,8.180292,1
16,d1,3,55,8.320834,1
16,d1,3,56,8.340667,1
16,d1,3,57,8.187334,1
16,d1,3,58,8.144291,1
16,d1,3,59,8.538083,1
16,d1,3,60,8.197125,1
16,d1,3,61,8.169167,1
16,d1,3,62,8.455167,1
16,d1,3,63,8.156250,1
16,d1,3,64,8.125833,1
16,d1,3,65,8.519042,1
16,d1,3,66,8.322417,1
16,d1,3,67,8.320541,1
16,d1,3,68,8.535417,1
16,d1,3,69,8.154042,1
16,d1,3,70,8.174708,1
16,d1,3,71,8.549458,1
16,d1,3,72,8.158958,1
16,d1,3,73,8.309875,1
16,d1,3,74,8.557500,1
16,d1,3,75,8.125667,1
16,d1,3,76,8.148167,1
16,d1,3,77,8.452250,1
16,d1,3,78,8.122292,1
16,d1,3,79,8.146000,1
16,d1,3,80,8.486792,1
16,d1,3,81,8.137708,1
16,d1,3,82,8.167084,1
16,d1,3,83,8.367125,1
16,d1,3,84,8.150750,1
16,d1,3,85,8.245458,1
16,d1,3,86,8.475625,1
16,d1,3,87,8.112750,1
16,d1,3,88,8.311833,1
16,d1,3,89,8.448459,1
16,d1,3,90,8.157375,1
16,d1,3,91,8.218042,1
16,d1,3,92,8.457250,1
16,d1,3,93,8.124542,1
16,d1,3,94,8.153833,1
16,d1,3,95,8.429417,1
16,d1,3,96,8.152875,1
16,d1,3,97,8.452708,1
16,d1,3,98,8.623500,1
16,d1,3,99,8.223000,1
16,d1,3,100,8.199375,1
16,d1,3,101,8.412458,1
16,d1,3,102,8.182792,1
16,d1,3,103,8.202459,1
16,d1,3,104,8.473917,1
16,d1,3,105,8.118125,1
16,d1,3,106,8.246167,1
16,d1,3,107,8.530959,1
16,d1,3,108,8.186292,1
16,d1,3,109,8.104250,1
16,d1,3,110,8.516125,1
16,d1,3,111,8.106875,1
16,d1,3,112,8.324875,1
16,d1,3,113,8.448500,1
16,d1,3,114,8.144791,1
16,d1,3,115,8.108500,1
16,d1,3,116,8.466625,1
16,d1,3,117,8.169417,1
16,d1,3,118,8.290500,1
16,d1,3,119,8.499459,1
16,d1,3,120,8.169958,1
16,d1,3,121,8.203166,1
16,d1,3,122,8.447542,1
16,d1,3,123,8.129792,1
16,d1,3,124,8.302292,1
16,d1,3,125,8.470917,1
16,d1,3,126,8.131000,1
16,d1,3,127,8.330916,1
16,d1,3,128,8.585375,1
16,d1,3,129,8.272125,1
16,d1,3,130,8.251750,1
16,d1,3,131,8.484500,1
16,d1,3,132,8.198458,1
16,d1,3,133,8.325500,1
16,d1,3,134,8.527584,1
16,d1,3,135,8.115750,1
16,d1,3,136,8.343958,1
16,d1,3,137,8.398750,1
16,d1,3,138,8.116375,1
16,d1,3,139,8.277500,1
16,d1,3,140,8.467542,1
16,d1,3,141,8.125416,1
16,d1,3,142,8.278000,1
16,d1,3,143,8.440083,1
16,d1,3,144,8.162708,1
16,d1,3,145,8.129083,1
16,d1,3,146,8.469958,1
16,d1,3,147,8.139125,1
16,d1,3,148,8.279042,1
16,d1,3,149,8.337916,1
16,d1,3,150,8.144458,1
16,d1,3,151,8.324375,1
16,d1,3,152,8.449000,1
16,d1,3,153,8.144666,1
16,d1,3,154,8.320458,1
16,d1,3,155,8.456916,1
16,d1,3,156,8.178292,1
16,d1,3,157,8.282667,1
16,d1,3,158,8.351375,1
16,d1,3,159,8.140042,1
17,ctl,4,0,9.505583,0
17,ctl,4,1,8.501042,0
17,ctl,4,2,8.428834,0
17,ctl,4,3,8.441625,0
17,ctl,4,4,8.471958,0
17,ctl,4,5,8.454125,0
17,ctl,4,6,8.450167,0
17,ctl,4,7,8.407917,0
17,ctl,4,8,8.413666,1
17,ctl,4,9,8.409458,1
17,ctl,4,10,8.399125,1
17,ctl,4,11,8.259958,1
17,ctl,4,12,8.219375,1
17,ctl,4,13,8.245875,1
17,ctl,4,14,8.199333,1
17,ctl,4,15,8.208583,1
17,ctl,4,16,8.217833,1
17,ctl,4,17,8.233500,1
17,ctl,4,18,8.206459,1
17,ctl,4,19,8.199125,1
17,ctl,4,20,8.234333,1
17,ctl,4,21,8.239250,1
17,ctl,4,22,8.256042,1
17,ctl,4,23,8.204667,1
17,ctl,4,24,8.240166,1
17,ctl,4,25,8.216667,1
17,ctl,4,26,8.279209,1
17,ctl,4,27,8.214208,1
17,ctl,4,28,8.259042,1
17,ctl,4,29,8.218250,1
17,ctl,4,30,8.304250,1
17,ctl,4,31,8.218834,1
17,ctl,4,32,8.289792,1
17,ctl,4,33,8.206708,1
17,ctl,4,34,8.345916,1
17,ctl,4,35,8.213125,1
17,ctl,4,36,8.262584,1
17,ctl,4,37,8.196292,1
17,ctl,4,38,8.273458,1
17,ctl,4,39,8.198625,1
17,ctl,4,40,8.304750,1
17,ctl,4,41,8.216917,1
17,ctl,4,42,8.254209,1
17,ctl,4,43,8.150416,1
17,ctl,4,44,8.238625,1
17,ctl,4,45,8.213542,1
17,ctl,4,46,8.265500,1
17,ctl,4,47,8.214833,1
17,ctl,4,48,8.257833,1
17,ctl,4,49,8.229125,1
17,ctl,4,50,8.264625,1
17,ctl,4,51,8.233708,1
17,ctl,4,52,8.266833,1
17,ctl,4,53,8.218791,1
17,ctl,4,54,8.256500,1
17,ctl,4,55,8.219000,1
17,ctl,4,56,8.275958,1
17,ctl,4,57,8.214125,1
17,ctl,4,58,8.230833,1
17,ctl,4,59,8.231708,1
17,ctl,4,60,8.262875,1
17,ctl,4,61,8.224208,1
17,ctl,4,62,8.269375,1
17,ctl,4,63,8.242084,1
17,ctl,4,64,8.256166,1
17,ctl,4,65,8.244750,1
17,ctl,4,66,8.221458,1
17,ctl,4,67,8.207125,1
17,ctl,4,68,8.196625,1
17,ctl,4,69,8.269000,1
17,ctl,4,70,8.238667,1
17,ctl,4,71,8.254667,1
17,ctl,4,72,8.336500,1
17,ctl,4,73,8.223708,1
17,ctl,4,74,8.269833,1
17,ctl,4,75,8.245125,1
17,ctl,4,76,8.258375,1
17,ctl,4,77,8.233667,1
17,ctl,4,78,8.251667,1
17,ctl,4,79,8.251250,1
17,ctl,4,80,8.258750,1
17,ctl,4,81,8.246167,1
17,ctl,4,82,8.253583,1
17,ctl,4,83,8.246292,1
17,ctl,4,84,8.206042,1
17,ctl,4,85,8.255958,1
17,ctl,4,86,8.257958,1
17,ctl,4,87,8.246750,1
17,ctl,4,88,8.250167,1
17,ctl,4,89,8.266250,1
17,ctl,4,90,8.248125,1
17,ctl,4,91,8.254958,1
17,ctl,4,92,8.234666,1
17,ctl,4,93,8.253167,1
17,ctl,4,94,8.250584,1
17,ctl,4,95,8.246417,1
17,ctl,4,96,8.211917,1
17,ctl,4,97,8.299916,1
17,ctl,4,98,8.220958,1
17,ctl,4,99,8.261125,1
17,ctl,4,100,8.249542,1
17,ctl,4,101,8.281333,1
17,ctl,4,102,8.337375,1
17,ctl,4,103,8.390417,1
17,ctl,4,104,8.255458,1
17,ctl,4,105,8.251875,1
17,ctl,4,106,8.224292,1
17,ctl,4,107,8.251958,1
17,ctl,4,108,8.214584,1
17,ctl,4,109,8.239125,1
17,ctl,4,110,8.226375,1
17,ctl,4,111,8.255834,1
17,ctl,4,112,8.224333,1
17,ctl,4,113,8.259708,1
17,ctl,4,114,8.258500,1
17,ctl,4,115,8.248959,1
17,ctl,4,116,8.211750,1
17,ctl,4,117,8.252042,1
17,ctl,4,118,8.225458,1
17,ctl,4,119,8.230416,1
17,ctl,4,120,8.236292,1
17,ctl,4,121,8.228750,1
17,ctl,4,122,8.209791,1
17,ctl,4,123,8.283292,1
17,ctl,4,124,8.247333,1
17,ctl,4,125,8.225833,1
17,ctl,4,126,8.226084,1
17,ctl,4,127,8.230958,1
17,ctl,4,128,8.245459,1
17,ctl,4,129,8.249041,1
17,ctl,4,130,8.245542,1
17,ctl,4,131,8.251333,1
17,ctl,4,132,8.273417,1
17,ctl,4,133,8.337209,1
17,ctl,4,134,8.398208,1
17,ctl,4,135,8.305083,1
17,ctl,4,136,8.246167,1
17,ctl,4,137,8.254167,1
17,ctl,4,138,8.296333,1
17,ctl,4,139,8.255875,1
17,ctl,4,140,8.240958,1
17,ctl,4,141,8.294792,1
17,ctl,4,142,8.234959,1
17,ctl,4,143,8.262709,1
17,ctl,4,144,8.233333,1
17,ctl,4,145,8.315750,1
17,ctl,4,146,8.222083,1
17,ctl,4,147,8.291333,1
17,ctl,4,148,8.246458,1
17,ctl,4,149,8.287458,1
17,ctl,4,150,8.256292,1
17,ctl,4,151,8.311125,1
17,ctl,4,152,8.241000,1
17,ctl,4,153,8.276208,1
17,ctl,4,154,8.228584,1
17,ctl,4,155,8.259958,1
17,ctl,4,156,8.260666,1
17,ctl,4,157,8.265208,1
17,ctl,4,158,8.261791,1
17,ctl,4,159,8.306667,1
18,d1,4,0,9.228000,0
18,d1,4,1,8.252917,0
18,d1,4,2,8.191500,0
18,d1,4,3,8.128500,0
18,d1,4,4,8.113917,0
18,d1,4,5,8.248167,0
18,d1,4,6,8.148500,0
18,d1,4,7,8.140709,0
18,d1,4,8,8.148667,1
18,d1,4,9,8.131625,1
18,d1,4,10,8.115000,1
18,d1,4,11,8.178291,1
18,d1,4,12,8.139083,1
18,d1,4,13,8.156500,1
18,d1,4,14,8.160167,1
18,d1,4,15,8.101584,1
18,d1,4,16,8.153750,1
18,d1,4,17,8.364042,1
18,d1,4,18,8.135833,1
18,d1,4,19,8.115625,1
18,d1,4,20,8.328500,1
18,d1,4,21,8.108000,1
18,d1,4,22,8.128959,1
18,d1,4,23,8.521625,1
18,d1,4,24,8.132291,1
18,d1,4,25,8.102292,1
18,d1,4,26,8.335125,1
18,d1,4,27,8.128250,1
18,d1,4,28,8.253500,1
18,d1,4,29,8.536750,1
18,d1,4,30,8.165833,1
18,d1,4,31,8.129417,1
18,d1,4,32,8.283417,1
18,d1,4,33,8.125084,1
18,d1,4,34,8.190500,1
18,d1,4,35,8.517416,1
18,d1,4,36,8.157250,1
18,d1,4,37,8.098875,1
18,d1,4,38,8.390791,1
18,d1,4,39,8.113583,1
18,d1,4,40,8.144250,1
18,d1,4,41,8.385250,1
18,d1,4,42,8.179833,1
18,d1,4,43,8.161750,1
18,d1,4,44,8.483291,1
18,d1,4,45,8.101959,1
18,d1,4,46,8.221417,1
18,d1,4,47,8.270083,1
18,d1,4,48,8.158541,1
18,d1,4,49,8.179334,1
18,d1,4,50,8.390959,1
18,d1,4,51,8.130958,1
18,d1,4,52,8.234166,1
18,d1,4,53,8.455042,1
18,d1,4,54,8.192916,1
18,d1,4,55,8.292750,1
18,d1,4,56,8.409625,1
18,d1,4,57,8.127583,1
18,d1,4,58,8.196209,1
18,d1,4,59,8.503667,1
18,d1,4,60,8.205959,1
18,d1,4,61,8.130334,1
18,d1,4,62,8.500625,1
18,d1,4,63,8.142042,1
18,d1,4,64,8.205209,1
18,d1,4,65,8.512125,1
18,d1,4,66,8.269209,1
18,d1,4,67,8.232125,1
18,d1,4,68,8.590292,1
18,d1,4,69,8.135333,1
18,d1,4,70,8.153417,1
18,d1,4,71,8.523542,1
18,d1,4,72,8.166583,1
18,d1,4,73,8.274333,1
18,d1,4,74,8.556583,1
18,d1,4,75,8.136708,1
18,d1,4,76,8.111708,1
18,d1,4,77,8.450458,1
18,d1,4,78,8.133708,1
18,d1,4,79,8.144333,1
18,d1,4,80,8.494042,1
18,d1,4,81,8.190625,1
18,d1,4,82,8.191167,1
18,d1,4,83,8.357958,1
18,d1,4,84,8.144708,1
18,d1,4,85,8.243250,1
18,d1,4,86,8.479750,1
18,d1,4,87,8.112625,1
18,d1,4,88,8.307958,1
18,d1,4,89,8.463125,1
18,d1,4,90,8.145167,1
18,d1,4,91,8.231584,1
18,d1,4,92,8.468791,1
18,d1,4,93,8.102375,1
18,d1,4,94,8.139750,1
18,d1,4,95,8.431833,1
18,d1,4,96,8.149958,1
18,d1,4,97,8.366709,1
18,d1,4,98,8.534708,1
18,d1,4,99,8.191000,1
18,d1,4,100,8.211750,1
18,d1,4,101,8.418084,1
18,d1,4,102,8.167167,1
18,d1,4,103,8.195292,1
18,d1,4,104,8.480417,1
18,d1,4,105,8.131042,1
18,d1,4,106,8.253916,1
18,d1,4,107,8.513875,1
18,d1,4,108,8.219500,1
18,d1,4,109,8.173208,1
18,d1,4,110,8.485208,1
18,d1,4,111,8.208375,1
18,d1,4,112,8.426875,1
18,d1,4,113,8.577208,1
18,d1,4,114,8.157625,1
18,d1,4,115,8.129583,1
18,d1,4,116,8.466584,1
18,d1,4,117,8.207667,1
18,d1,4,118,8.275875,1
18,d1,4,119,8.480500,1
18,d1,4,120,8.156958,1
18,d1,4,121,8.187000,1
18,d1,4,122,8.418792,1
18,d1,4,123,8.122250,1
18,d1,4,124,8.317916,1
18,d1,4,125,8.477375,1
18,d1,4,126,8.175167,1
18,d1,4,127,8.186041,1
18,d1,4,128,8.493417,1
18,d1,4,129,8.141375,1
18,d1,4,130,8.220875,1
18,d1,4,131,8.477500,1
18,d1,4,132,8.175166,1
18,d1,4,133,8.355250,1
18,d1,4,134,8.526708,1
18,d1,4,135,8.148291,1
18,d1,4,136,8.337250,1
18,d1,4,137,8.440708,1
18,d1,4,138,8.159458,1
18,d1,4,139,8.298416,1
18,d1,4,140,8.467375,1
18,d1,4,141,8.208583,1
18,d1,4,142,8.467542,1
18,d1,4,143,8.463667,1
18,d1,4,144,8.171500,1
18,d1,4,145,8.151084,1
18,d1,4,146,8.471458,1
18,d1,4,147,8.145125,1
18,d1,4,148,8.300417,1
18,d1,4,149,8.371375,1
18,d1,4,150,8.178209,1
18,d1,4,151,8.316209,1
18,d1,4,152,8.427833,1
18,d1,4,153,8.150167,1
18,d1,4,154,8.312042,1
18,d1,4,155,8.460958,1
18,d1,4,156,8.179250,1
18,d1,4,157,8.337917,1
18,d1,4,158,8.394500,1
18,d1,4,159,8.169041,1
19,d2,4,0,9.316250,0
19,d2,4,1,8.291750,0
19,d2,4,2,8.204416,0
19,d2,4,3,8.196958,0
19,d2,4,4,8.204708,0
19,d2,4,5,8.199375,0
19,d2,4,6,8.150334,0
19,d2,4,7,8.155333,0
19,d2,4,8,8.226459,1
19,d2,4,9,8.169416,1
19,d2,4,10,8.179416,1
19,d2,4,11,8.156542,1
19,d2,4,12,8.221417,1
19,d2,4,13,8.210959,1
19,d2,4,14,8.192958,1
19,d2,4,15,8.194208,1
19,d2,4,16,8.195375,1
19,d2,4,17,8.182500,1
19,d2,4,18,8.168417,1
19,d2,4,19,8.142167,1
19,d2,4,20,8.178667,1
19,d2,4,21,8.171208,1
19,d2,4,22,8.188375,1
19,d2,4,23,8.165625,1
19,d2,4,24,8.190125,1
19,d2,4,25,8.163792,1
19,d2,4,26,8.177667,1
19,d2,4,27,8.187792,1
19,d2,4,28,8.205292,1
19,d2,4,29,8.180417,1
19,d2,4,30,8.200750,1
19,d2,4,31,8.146417,1
19,d2,4,32,8.188834,1
19,d2,4,33,8.173292,1
19,d2,4,34,8.214708,1
19,d2,4,35,8.163375,1
19,d2,4,36,8.213083,1
19,d2,4,37,8.160750,1
19,d2,4,38,8.248375,1
19,d2,4,39,8.185708,1
19,d2,4,40,8.245917,1
19,d2,4,41,8.170084,1
19,d2,4,42,8.307417,1
19,d2,4,43,8.164583,1
19,d2,4,44,8.227792,1
19,d2,4,45,8.149667,1
19,d2,4,46,8.221208,1
19,d2,4,47,8.185667,1
19,d2,4,48,8.196333,1
19,d2,4,49,8.210000,1
19,d2,4,50,8.230833,1
19,d2,4,51,8.130375,1
19,d2,4,52,8.186791,1
19,d2,4,53,8.193375,1
19,d2,4,54,8.206500,1
19,d2,4,55,8.174750,1
19,d2,4,56,8.186916,1
19,d2,4,57,8.182333,1
19,d2,4,58,8.197541,1
19,d2,4,59,8.177875,1
19,d2,4,60,8.190458,1
19,d2,4,61,8.191791,1
19,d2,4,62,8.256417,1
19,d2,4,63,8.180625,1
19,d2,4,64,8.180792,1
19,d2,4,65,8.188334,1
19,d2,4,66,8.178792,1
19,d2,4,67,8.171166,1
19,d2,4,68,8.184625,1
19,d2,4,69,8.178792,1
19,d2,4,70,8.172958,1
19,d2,4,71,8.186125,1
19,d2,4,72,8.188791,1
19,d2,4,73,8.172459,1
19,d2,4,74,8.175542,1
19,d2,4,75,8.171334,1
19,d2,4,76,8.185834,1
19,d2,4,77,8.229500,1
19,d2,4,78,8.181958,1
19,d2,4,79,8.236666,1
19,d2,4,80,8.217209,1
19,d2,4,81,8.185667,1
19,d2,4,82,8.175959,1
19,d2,4,83,8.234584,1
19,d2,4,84,8.198834,1
19,d2,4,85,8.210583,1
19,d2,4,86,8.215292,1
19,d2,4,87,8.249916,1
19,d2,4,88,8.329209,1
19,d2,4,89,8.259084,1
19,d2,4,90,8.209583,1
19,d2,4,91,8.218958,1
19,d2,4,92,8.197708,1
19,d2,4,93,8.231333,1
19,d2,4,94,8.187791,1
19,d2,4,95,8.247625,1
19,d2,4,96,8.186583,1
19,d2,4,97,8.230125,1
19,d2,4,98,8.194041,1
19,d2,4,99,8.227959,1
19,d2,4,100,8.194042,1
19,d2,4,101,8.273791,1
19,d2,4,102,8.185250,1
19,d2,4,103,8.227625,1
19,d2,4,104,8.215667,1
19,d2,4,105,8.223792,1
19,d2,4,106,8.178625,1
19,d2,4,107,8.264917,1
19,d2,4,108,8.247792,1
19,d2,4,109,8.238083,1
19,d2,4,110,8.199708,1
19,d2,4,111,8.256917,1
19,d2,4,112,8.180291,1
19,d2,4,113,8.250333,1
19,d2,4,114,8.218750,1
19,d2,4,115,8.256667,1
19,d2,4,116,8.198333,1
19,d2,4,117,8.248959,1
19,d2,4,118,8.253875,1
19,d2,4,119,8.325250,1
19,d2,4,120,8.357209,1
19,d2,4,121,8.246541,1
19,d2,4,122,8.287167,1
19,d2,4,123,8.276458,1
19,d2,4,124,8.196333,1
19,d2,4,125,8.232875,1
19,d2,4,126,8.200167,1
19,d2,4,127,8.238166,1
19,d2,4,128,8.222125,1
19,d2,4,129,8.244042,1
19,d2,4,130,8.189041,1
19,d2,4,131,8.227708,1
19,d2,4,132,8.216709,1
19,d2,4,133,8.235292,1
19,d2,4,134,8.207542,1
19,d2,4,135,8.239917,1
19,d2,4,136,8.205000,1
19,d2,4,137,8.216792,1
19,d2,4,138,8.211375,1
19,d2,4,139,8.241291,1
19,d2,4,140,8.215125,1
19,d2,4,141,8.247125,1
19,d2,4,142,8.246375,1
19,d2,4,143,8.218500,1
19,d2,4,144,8.165083,1
19,d2,4,145,8.230083,1
19,d2,4,146,8.230250,1
19,d2,4,147,8.230125,1
19,d2,4,148,8.258208,1
19,d2,4,149,8.259166,1
19,d2,4,150,8.210250,1
19,d2,4,151,8.208333,1
19,d2,4,152,8.213417,1
19,d2,4,153,8.207667,1
19,d2,4,154,8.200292,1
19,d2,4,155,8.227125,1
19,d2,4,156,8.243792,1
19,d2,4,157,8.199750,1
19,d2,4,158,8.261959,1
19,d2,4,159,8.199125,1
20,ship,4,0,9.411250,0
20,ship,4,1,8.344916,0
20,ship,4,2,8.291875,0
20,ship,4,3,8.236292,0
20,ship,4,4,8.229583,0
20,ship,4,5,8.246334,0
20,ship,4,6,8.207458,0
20,ship,4,7,8.303000,0
20,ship,4,8,8.199583,1
20,ship,4,9,8.284750,1
20,ship,4,10,8.212917,1
20,ship,4,11,8.255916,1
20,ship,4,12,8.220459,1
20,ship,4,13,8.267000,1
20,ship,4,14,8.199291,1
20,ship,4,15,8.272291,1
20,ship,4,16,8.195458,1
20,ship,4,17,8.276375,1
20,ship,4,18,8.220083,1
20,ship,4,19,8.269041,1
20,ship,4,20,8.190292,1
20,ship,4,21,8.272958,1
20,ship,4,22,8.253375,1
20,ship,4,23,8.256583,1
20,ship,4,24,8.209209,1
20,ship,4,25,8.273125,1
20,ship,4,26,8.214625,1
20,ship,4,27,8.245250,1
20,ship,4,28,8.227458,1
20,ship,4,29,8.239292,1
20,ship,4,30,8.148583,1
20,ship,4,31,8.299709,1
20,ship,4,32,8.340292,1
20,ship,4,33,8.241375,1
20,ship,4,34,8.131333,1
20,ship,4,35,8.168041,1
20,ship,4,36,8.183459,1
20,ship,4,37,8.165583,1
20,ship,4,38,8.123500,1
20,ship,4,39,8.136375,1
20,ship,4,40,8.131166,1
20,ship,4,41,8.223750,1
20,ship,4,42,8.292834,1
20,ship,4,43,8.197833,1
20,ship,4,44,8.247792,1
20,ship,4,45,8.281708,1
20,ship,4,46,8.306458,1
20,ship,4,47,8.272292,1
20,ship,4,48,8.276041,1
20,ship,4,49,8.292541,1
20,ship,4,50,8.407500,1
20,ship,4,51,8.428250,1
20,ship,4,52,8.269875,1
20,ship,4,53,8.256958,1
20,ship,4,54,8.237625,1
20,ship,4,55,8.233417,1
20,ship,4,56,8.230000,1
20,ship,4,57,8.238083,1
20,ship,4,58,8.254709,1
20,ship,4,59,8.239625,1
20,ship,4,60,8.246000,1
20,ship,4,61,8.233042,1
20,ship,4,62,8.252500,1
20,ship,4,63,8.237834,1
20,ship,4,64,8.232083,1
20,ship,4,65,8.225250,1
20,ship,4,66,8.250250,1
20,ship,4,67,8.240500,1
20,ship,4,68,8.251125,1
20,ship,4,69,8.262542,1
20,ship,4,70,8.236167,1
20,ship,4,71,8.294542,1
20,ship,4,72,8.246167,1
20,ship,4,73,8.242500,1
20,ship,4,74,8.264875,1
20,ship,4,75,8.258833,1
20,ship,4,76,8.222959,1
20,ship,4,77,8.223250,1
20,ship,4,78,8.267959,1
20,ship,4,79,8.215334,1
20,ship,4,80,8.189667,1
20,ship,4,81,8.228625,1
20,ship,4,82,8.247250,1
20,ship,4,83,8.256875,1
20,ship,4,84,8.220041,1
20,ship,4,85,8.318125,1
20,ship,4,86,8.260625,1
20,ship,4,87,8.213833,1
20,ship,4,88,8.261625,1
20,ship,4,89,8.248500,1
20,ship,4,90,8.290208,1
20,ship,4,91,8.245375,1
20,ship,4,92,8.258417,1
20,ship,4,93,8.236334,1
20,ship,4,94,8.237250,1
20,ship,4,95,8.252125,1
20,ship,4,96,8.269083,1
20,ship,4,97,8.222584,1
20,ship,4,98,8.261333,1
20,ship,4,99,8.223917,1
20,ship,4,100,8.282375,1
20,ship,4,101,8.277584,1
20,ship,4,102,8.408041,1
20,ship,4,103,8.276583,1
20,ship,4,104,8.261292,1
20,ship,4,105,8.246542,1
20,ship,4,106,8.267416,1
20,ship,4,107,8.225833,1
20,ship,4,108,8.306500,1
20,ship,4,109,8.229292,1
20,ship,4,110,8.286666,1
20,ship,4,111,8.241709,1
20,ship,4,112,8.287416,1
20,ship,4,113,8.158667,1
20,ship,4,114,8.301875,1
20,ship,4,115,8.296458,1
20,ship,4,116,8.379833,1
20,ship,4,117,8.299917,1
20,ship,4,118,8.354875,1
20,ship,4,119,8.278042,1
20,ship,4,120,8.294959,1
20,ship,4,121,8.306792,1
20,ship,4,122,8.309666,1
20,ship,4,123,8.233792,1
20,ship,4,124,8.292375,1
20,ship,4,125,8.230542,1
20,ship,4,126,8.287500,1
20,ship,4,127,8.253541,1
20,ship,4,128,8.303042,1
20,ship,4,129,8.238209,1
20,ship,4,130,8.200500,1
20,ship,4,131,8.334750,1
20,ship,4,132,8.428708,1
20,ship,4,133,8.481917,1
20,ship,4,134,8.279875,1
20,ship,4,135,8.213500,1
20,ship,4,136,8.187834,1
20,ship,4,137,8.114334,1
20,ship,4,138,8.311667,1
20,ship,4,139,8.280584,1
20,ship,4,140,8.335292,1
20,ship,4,141,8.257333,1
20,ship,4,142,8.287500,1
20,ship,4,143,8.262917,1
20,ship,4,144,8.262916,1
20,ship,4,145,8.236291,1
20,ship,4,146,8.284500,1
20,ship,4,147,8.243083,1
20,ship,4,148,8.267875,1
20,ship,4,149,8.258292,1
20,ship,4,150,8.289041,1
20,ship,4,151,8.252500,1
20,ship,4,152,8.276459,1
20,ship,4,153,8.249959,1
20,ship,4,154,8.252333,1
20,ship,4,155,8.258458,1
20,ship,4,156,8.273791,1
20,ship,4,157,8.245000,1
20,ship,4,158,8.262291,1
20,ship,4,159,8.261291,1
21,ship,5,0,9.355875,0
21,ship,5,1,8.383000,0
21,ship,5,2,8.250000,0
21,ship,5,3,8.248166,0
21,ship,5,4,8.217917,0
21,ship,5,5,8.265625,0
21,ship,5,6,8.229500,0
21,ship,5,7,8.260667,0
21,ship,5,8,8.218042,1
21,ship,5,9,8.256333,1
21,ship,5,10,8.207042,1
21,ship,5,11,8.257250,1
21,ship,5,12,8.220667,1
21,ship,5,13,8.288625,1
21,ship,5,14,8.212875,1
21,ship,5,15,8.273042,1
21,ship,5,16,8.244500,1
21,ship,5,17,8.230750,1
21,ship,5,18,8.244458,1
21,ship,5,19,8.264875,1
21,ship,5,20,8.231667,1
21,ship,5,21,8.255917,1
21,ship,5,22,8.258916,1
21,ship,5,23,8.269750,1
21,ship,5,24,8.250542,1
21,ship,5,25,8.230417,1
21,ship,5,26,8.256250,1
21,ship,5,27,8.232875,1
21,ship,5,28,8.230666,1
21,ship,5,29,8.258250,1
21,ship,5,30,8.246833,1
21,ship,5,31,8.232208,1
21,ship,5,32,8.224750,1
21,ship,5,33,8.252292,1
21,ship,5,34,8.220500,1
21,ship,5,35,8.227250,1
21,ship,5,36,8.240750,1
21,ship,5,37,8.262375,1
21,ship,5,38,8.211542,1
21,ship,5,39,8.237708,1
21,ship,5,40,8.251292,1
21,ship,5,41,8.224041,1
21,ship,5,42,8.231083,1
21,ship,5,43,8.234375,1
21,ship,5,44,8.239292,1
21,ship,5,45,8.232542,1
21,ship,5,46,8.246125,1
21,ship,5,47,8.235750,1
21,ship,5,48,8.270333,1
21,ship,5,49,8.263541,1
21,ship,5,50,8.238333,1
21,ship,5,51,8.264833,1
21,ship,5,52,8.263542,1
21,ship,5,53,8.237500,1
21,ship,5,54,8.277000,1
21,ship,5,55,8.224500,1
21,ship,5,56,8.252541,1
21,ship,5,57,8.233459,1
21,ship,5,58,8.262208,1
21,ship,5,59,8.222959,1
21,ship,5,60,8.263291,1
21,ship,5,61,8.240375,1
21,ship,5,62,8.263125,1
21,ship,5,63,8.264834,1
21,ship,5,64,8.245583,1
21,ship,5,65,8.269041,1
21,ship,5,66,8.243875,1
21,ship,5,67,8.251375,1
21,ship,5,68,8.258500,1
21,ship,5,69,8.292458,1
21,ship,5,70,8.334875,1
21,ship,5,71,8.263291,1
21,ship,5,72,8.267584,1
21,ship,5,73,8.263166,1
21,ship,5,74,8.275084,1
21,ship,5,75,8.270459,1
21,ship,5,76,8.333875,1
21,ship,5,77,8.245333,1
21,ship,5,78,8.303416,1
21,ship,5,79,8.254791,1
21,ship,5,80,8.267750,1
21,ship,5,81,8.238958,1
21,ship,5,82,8.282125,1
21,ship,5,83,8.241125,1
21,ship,5,84,8.291209,1
21,ship,5,85,8.255375,1
21,ship,5,86,8.311959,1
21,ship,5,87,8.264750,1
21,ship,5,88,8.289459,1
21,ship,5,89,8.249833,1
21,ship,5,90,8.301875,1
21,ship,5,91,8.250292,1
21,ship,5,92,8.279250,1
21,ship,5,93,8.322750,1
21,ship,5,94,8.281292,1
21,ship,5,95,8.222917,1
21,ship,5,96,8.331416,1
21,ship,5,97,8.229958,1
21,ship,5,98,8.279625,1
21,ship,5,99,8.252000,1
21,ship,5,100,8.258542,1
21,ship,5,101,8.250875,1
21,ship,5,102,8.248667,1
21,ship,5,103,8.231541,1
21,ship,5,104,8.272375,1
21,ship,5,105,8.249000,1
21,ship,5,106,8.326708,1
21,ship,5,107,8.351958,1
21,ship,5,108,8.341625,1
21,ship,5,109,8.244334,1
21,ship,5,110,8.304375,1
21,ship,5,111,8.231042,1
21,ship,5,112,8.294125,1
21,ship,5,113,8.237541,1
21,ship,5,114,8.256625,1
21,ship,5,115,8.245917,1
21,ship,5,116,8.247542,1
21,ship,5,117,8.236333,1
21,ship,5,118,8.235875,1
21,ship,5,119,8.249917,1
21,ship,5,120,8.253958,1
21,ship,5,121,8.304417,1
21,ship,5,122,8.244291,1
21,ship,5,123,8.233583,1
21,ship,5,124,8.279041,1
21,ship,5,125,8.215750,1
21,ship,5,126,8.277959,1
21,ship,5,127,8.260292,1
21,ship,5,128,8.264334,1
21,ship,5,129,8.240833,1
21,ship,5,130,8.286291,1
21,ship,5,131,8.263917,1
21,ship,5,132,8.296708,1
21,ship,5,133,8.239959,1
21,ship,5,134,8.300125,1
21,ship,5,135,8.225167,1
21,ship,5,136,8.284417,1
21,ship,5,137,8.247333,1
21,ship,5,138,8.392833,1
21,ship,5,139,8.308166,1
21,ship,5,140,8.292000,1
21,ship,5,141,8.282667,1
21,ship,5,142,8.305375,1
21,ship,5,143,8.257250,1
21,ship,5,144,8.280958,1
21,ship,5,145,8.263458,1
21,ship,5,146,8.245375,1
21,ship,5,147,8.248167,1
21,ship,5,148,8.276458,1
21,ship,5,149,8.219709,1
21,ship,5,150,8.272125,1
21,ship,5,151,8.263917,1
21,ship,5,152,8.292500,1
21,ship,5,153,8.262834,1
21,ship,5,154,8.266417,1
21,ship,5,155,8.305625,1
21,ship,5,156,8.269458,1
21,ship,5,157,8.262167,1
21,ship,5,158,8.258250,1
21,ship,5,159,8.286584,1
22,d2,5,0,9.392792,0
22,d2,5,1,8.293708,0
22,d2,5,2,8.188125,0
22,d2,5,3,8.162209,0
22,d2,5,4,8.178250,0
22,d2,5,5,8.175792,0
22,d2,5,6,8.192583,0
22,d2,5,7,8.156166,0
22,d2,5,8,8.161666,1
22,d2,5,9,8.176375,1
22,d2,5,10,8.163917,1
22,d2,5,11,8.184417,1
22,d2,5,12,8.183291,1
22,d2,5,13,8.138125,1
22,d2,5,14,8.200375,1
22,d2,5,15,8.160125,1
22,d2,5,16,8.181375,1
22,d2,5,17,8.162208,1
22,d2,5,18,8.147375,1
22,d2,5,19,8.171083,1
22,d2,5,20,8.210125,1
22,d2,5,21,8.153209,1
22,d2,5,22,8.194542,1
22,d2,5,23,8.176250,1
22,d2,5,24,8.154958,1
22,d2,5,25,8.188667,1
22,d2,5,26,8.169292,1
22,d2,5,27,8.165625,1
22,d2,5,28,8.170125,1
22,d2,5,29,8.209209,1
22,d2,5,30,8.150625,1
22,d2,5,31,8.181958,1
22,d2,5,32,8.182667,1
22,d2,5,33,8.174500,1
22,d2,5,34,8.157375,1
22,d2,5,35,8.149083,1
22,d2,5,36,8.167125,1
22,d2,5,37,8.203250,1
22,d2,5,38,8.179792,1
22,d2,5,39,8.211875,1
22,d2,5,40,8.177916,1
22,d2,5,41,8.194416,1
22,d2,5,42,8.182375,1
22,d2,5,43,8.209791,1
22,d2,5,44,8.159750,1
22,d2,5,45,8.218333,1
22,d2,5,46,8.169583,1
22,d2,5,47,8.239750,1
22,d2,5,48,8.234208,1
22,d2,5,49,8.287000,1
22,d2,5,50,8.176250,1
22,d2,5,51,8.253833,1
22,d2,5,52,8.171834,1
22,d2,5,53,8.224125,1
22,d2,5,54,8.188083,1
22,d2,5,55,8.213917,1
22,d2,5,56,8.171542,1
22,d2,5,57,8.189125,1
22,d2,5,58,8.169417,1
22,d2,5,59,8.205458,1
22,d2,5,60,8.187875,1
22,d2,5,61,8.215583,1
22,d2,5,62,8.246125,1
22,d2,5,63,8.181125,1
22,d2,5,64,8.186791,1
22,d2,5,65,8.200917,1
22,d2,5,66,8.180209,1
22,d2,5,67,8.183250,1
22,d2,5,68,8.188500,1
22,d2,5,69,8.216584,1
22,d2,5,70,8.178084,1
22,d2,5,71,8.190125,1
22,d2,5,72,8.193666,1
22,d2,5,73,8.204916,1
22,d2,5,74,8.171042,1
22,d2,5,75,8.180792,1
22,d2,5,76,8.187500,1
22,d2,5,77,8.204084,1
22,d2,5,78,8.189333,1
22,d2,5,79,8.190875,1
22,d2,5,80,8.183958,1
22,d2,5,81,8.272250,1
22,d2,5,82,8.318708,1
22,d2,5,83,8.289875,1
22,d2,5,84,8.196958,1
22,d2,5,85,8.204708,1
22,d2,5,86,8.216750,1
22,d2,5,87,8.201250,1
22,d2,5,88,8.180125,1
22,d2,5,89,8.184042,1
22,d2,5,90,8.214041,1
22,d2,5,91,8.183750,1
22,d2,5,92,8.239417,1
22,d2,5,93,8.196209,1
22,d2,5,94,8.180583,1
22,d2,5,95,8.180166,1
22,d2,5,96,8.236250,1
22,d2,5,97,8.169792,1
22,d2,5,98,8.187833,1
22,d2,5,99,8.187916,1
22,d2,5,100,8.204292,1
22,d2,5,101,8.208417,1
22,d2,5,102,8.219791,1
22,d2,5,103,8.233417,1
22,d2,5,104,8.223916,1
22,d2,5,105,8.211625,1
22,d2,5,106,8.294333,1
22,d2,5,107,8.174417,1
22,d2,5,108,8.210167,1
22,d2,5,109,8.182875,1
22,d2,5,110,8.201667,1
22,d2,5,111,8.183917,1
22,d2,5,112,8.277250,1
22,d2,5,113,8.309333,1
22,d2,5,114,8.249083,1
22,d2,5,115,8.200583,1
22,d2,5,116,8.219500,1
22,d2,5,117,8.182500,1
22,d2,5,118,8.245209,1
22,d2,5,119,8.205042,1
22,d2,5,120,8.141791,1
22,d2,5,121,8.205250,1
22,d2,5,122,8.204042,1
22,d2,5,123,8.217416,1
22,d2,5,124,8.230958,1
22,d2,5,125,8.233875,1
22,d2,5,126,8.264125,1
22,d2,5,127,8.229791,1
22,d2,5,128,8.206709,1
22,d2,5,129,8.178250,1
22,d2,5,130,8.195584,1
22,d2,5,131,8.219250,1
22,d2,5,132,8.223250,1
22,d2,5,133,8.176709,1
22,d2,5,134,8.245208,1
22,d2,5,135,8.206833,1
22,d2,5,136,8.225333,1
22,d2,5,137,8.190042,1
22,d2,5,138,8.216875,1
22,d2,5,139,8.204542,1
22,d2,5,140,8.225042,1
22,d2,5,141,8.230042,1
22,d2,5,142,8.235666,1
22,d2,5,143,8.316875,1
22,d2,5,144,8.258709,1
22,d2,5,145,8.216583,1
22,d2,5,146,8.200750,1
22,d2,5,147,8.206833,1
22,d2,5,148,8.211209,1
22,d2,5,149,8.232167,1
22,d2,5,150,8.207292,1
22,d2,5,151,8.179834,1
22,d2,5,152,8.191000,1
22,d2,5,153,8.208625,1
22,d2,5,154,8.182209,1
22,d2,5,155,8.226666,1
22,d2,5,156,8.246042,1
22,d2,5,157,8.185708,1
22,d2,5,158,8.296625,1
22,d2,5,159,8.237458,1
23,ctl,5,0,9.358625,0
23,ctl,5,1,8.356708,0
23,ctl,5,2,8.275959,0
23,ctl,5,3,8.304833,0
23,ctl,5,4,8.294042,0
23,ctl,5,5,8.260792,0
23,ctl,5,6,8.226250,0
23,ctl,5,7,8.221375,0
23,ctl,5,8,8.242208,1
23,ctl,5,9,8.219625,1
23,ctl,5,10,8.199750,1
23,ctl,5,11,8.209833,1
23,ctl,5,12,8.215625,1
23,ctl,5,13,8.225625,1
23,ctl,5,14,8.241500,1
23,ctl,5,15,8.232542,1
23,ctl,5,16,8.249667,1
23,ctl,5,17,8.184834,1
23,ctl,5,18,8.207500,1
23,ctl,5,19,8.190833,1
23,ctl,5,20,8.222625,1
23,ctl,5,21,8.191416,1
23,ctl,5,22,8.221709,1
23,ctl,5,23,8.235500,1
23,ctl,5,24,8.223375,1
23,ctl,5,25,8.226959,1
23,ctl,5,26,8.208041,1
23,ctl,5,27,8.203000,1
23,ctl,5,28,8.205833,1
23,ctl,5,29,8.319291,1
23,ctl,5,30,8.255000,1
23,ctl,5,31,8.253292,1
23,ctl,5,32,8.233625,1
23,ctl,5,33,8.270125,1
23,ctl,5,34,8.280875,1
23,ctl,5,35,8.259042,1
23,ctl,5,36,8.271875,1
23,ctl,5,37,8.284750,1
23,ctl,5,38,8.268208,1
23,ctl,5,39,8.293833,1
23,ctl,5,40,8.243125,1
23,ctl,5,41,8.231458,1
23,ctl,5,42,8.313166,1
23,ctl,5,43,8.257333,1
23,ctl,5,44,8.267333,1
23,ctl,5,45,8.282916,1
23,ctl,5,46,8.254125,1
23,ctl,5,47,8.299666,1
23,ctl,5,48,8.322042,1
23,ctl,5,49,8.254416,1
23,ctl,5,50,8.193042,1
23,ctl,5,51,8.145417,1
23,ctl,5,52,8.206542,1
23,ctl,5,53,8.132917,1
23,ctl,5,54,8.233125,1
23,ctl,5,55,8.138375,1
23,ctl,5,56,8.198083,1
23,ctl,5,57,8.151834,1
23,ctl,5,58,8.164000,1
23,ctl,5,59,8.123209,1
23,ctl,5,60,8.171500,1
23,ctl,5,61,8.103708,1
23,ctl,5,62,8.188083,1
23,ctl,5,63,8.188542,1
23,ctl,5,64,8.202834,1
23,ctl,5,65,8.169083,1
23,ctl,5,66,8.200375,1
23,ctl,5,67,8.189042,1
23,ctl,5,68,8.218542,1
23,ctl,5,69,8.156416,1
23,ctl,5,70,8.183083,1
23,ctl,5,71,8.115458,1
23,ctl,5,72,8.059292,1
23,ctl,5,73,8.158000,1
23,ctl,5,74,8.268708,1
23,ctl,5,75,8.251334,1
23,ctl,5,76,8.262291,1
23,ctl,5,77,8.249125,1
23,ctl,5,78,8.263291,1
23,ctl,5,79,8.246750,1
23,ctl,5,80,8.260208,1
23,ctl,5,81,8.245833,1
23,ctl,5,82,8.246417,1
23,ctl,5,83,8.257541,1
23,ctl,5,84,8.261084,1
23,ctl,5,85,8.256166,1
23,ctl,5,86,8.237167,1
23,ctl,5,87,8.258083,1
23,ctl,5,88,8.253375,1
23,ctl,5,89,8.258542,1
23,ctl,5,90,8.262250,1
23,ctl,5,91,8.244583,1
23,ctl,5,92,8.261500,1
23,ctl,5,93,8.262417,1
23,ctl,5,94,8.317958,1
23,ctl,5,95,8.377875,1
23,ctl,5,96,8.256542,1
23,ctl,5,97,8.248584,1
23,ctl,5,98,8.218459,1
23,ctl,5,99,8.251625,1
23,ctl,5,100,8.252125,1
23,ctl,5,101,8.256041,1
23,ctl,5,102,8.235917,1
23,ctl,5,103,8.241125,1
23,ctl,5,104,8.201291,1
23,ctl,5,105,8.236584,1
23,ctl,5,106,8.224959,1
23,ctl,5,107,8.262250,1
23,ctl,5,108,8.242084,1
23,ctl,5,109,8.213542,1
23,ctl,5,110,8.253250,1
23,ctl,5,111,8.218167,1
23,ctl,5,112,8.241500,1
23,ctl,5,113,8.245375,1
23,ctl,5,114,8.255666,1
23,ctl,5,115,8.226875,1
23,ctl,5,116,8.250916,1
23,ctl,5,117,8.238208,1
23,ctl,5,118,8.224625,1
23,ctl,5,119,8.253334,1
23,ctl,5,120,8.240667,1
23,ctl,5,121,8.287625,1
23,ctl,5,122,8.228125,1
23,ctl,5,123,8.291417,1
23,ctl,5,124,8.314875,1
23,ctl,5,125,8.358000,1
23,ctl,5,126,8.361709,1
23,ctl,5,127,8.346291,1
23,ctl,5,128,8.297583,1
23,ctl,5,129,8.316083,1
23,ctl,5,130,8.249458,1
23,ctl,5,131,8.300333,1
23,ctl,5,132,8.237792,1
23,ctl,5,133,8.347416,1
23,ctl,5,134,8.235583,1
23,ctl,5,135,8.274583,1
23,ctl,5,136,8.253792,1
23,ctl,5,137,8.309041,1
23,ctl,5,138,8.250166,1
23,ctl,5,139,8.286416,1
23,ctl,5,140,8.258792,1
23,ctl,5,141,8.274459,1
23,ctl,5,142,8.289667,1
23,ctl,5,143,8.276958,1
23,ctl,5,144,8.233666,1
23,ctl,5,145,8.326250,1
23,ctl,5,146,8.241792,1
23,ctl,5,147,8.292167,1
23,ctl,5,148,8.258583,1
23,ctl,5,149,8.289042,1
23,ctl,5,150,8.218041,1
23,ctl,5,151,8.274542,1
23,ctl,5,152,8.233417,1
23,ctl,5,153,8.267792,1
23,ctl,5,154,8.256125,1
23,ctl,5,155,8.273417,1
23,ctl,5,156,8.259875,1
23,ctl,5,157,8.295333,1
23,ctl,5,158,8.265667,1
23,ctl,5,159,8.274125,1
24,d1,5,0,13.602000,0
24,d1,5,1,8.229708,0
24,d1,5,2,8.166584,0
24,d1,5,3,8.162958,0
24,d1,5,4,8.128833,0
24,d1,5,5,8.256875,0
24,d1,5,6,8.163917,0
24,d1,5,7,8.089542,0
24,d1,5,8,8.105208,1
24,d1,5,9,8.135125,1
24,d1,5,10,8.129875,1
24,d1,5,11,8.195833,1
24,d1,5,12,8.088958,1
24,d1,5,13,8.151334,1
24,d1,5,14,8.183125,1
24,d1,5,15,8.115333,1
24,d1,5,16,8.122833,1
24,d1,5,17,8.371250,1
24,d1,5,18,8.132208,1
24,d1,5,19,8.122416,1
24,d1,5,20,8.307583,1
24,d1,5,21,8.114542,1
24,d1,5,22,8.131958,1
24,d1,5,23,8.521167,1
24,d1,5,24,8.135084,1
24,d1,5,25,8.104750,1
24,d1,5,26,8.330292,1
24,d1,5,27,8.107750,1
24,d1,5,28,8.228458,1
24,d1,5,29,8.528917,1
24,d1,5,30,8.145291,1
24,d1,5,31,8.120708,1
24,d1,5,32,8.281750,1
24,d1,5,33,8.115166,1
24,d1,5,34,8.163917,1
24,d1,5,35,8.552084,1
24,d1,5,36,8.189584,1
24,d1,5,37,8.151209,1
24,d1,5,38,8.359583,1
24,d1,5,39,8.141375,1
24,d1,5,40,8.167250,1
24,d1,5,41,8.407125,1
24,d1,5,42,8.218084,1
24,d1,5,43,8.163708,1
24,d1,5,44,8.444833,1
24,d1,5,45,8.130333,1
24,d1,5,46,8.196375,1
24,d1,5,47,8.287834,1
24,d1,5,48,8.157167,1
24,d1,5,49,8.195917,1
24,d1,5,50,8.313334,1
24,d1,5,51,8.126167,1
24,d1,5,52,8.234833,1
24,d1,5,53,8.486375,1
24,d1,5,54,8.239417,1
24,d1,5,55,8.271792,1
24,d1,5,56,8.399916,1
24,d1,5,57,8.125458,1
24,d1,5,58,8.188084,1
24,d1,5,59,8.549000,1
24,d1,5,60,8.221500,1
24,d1,5,61,8.124542,1
24,d1,5,62,8.560083,1
24,d1,5,63,8.121958,1
24,d1,5,64,8.185708,1
24,d1,5,65,8.475666,1
24,d1,5,66,8.250292,1
24,d1,5,67,8.234959,1
24,d1,5,68,8.531000,1
24,d1,5,69,8.131500,1
24,d1,5,70,8.177375,1
24,d1,5,71,8.523167,1
24,d1,5,72,8.130167,1
24,d1,5,73,8.312209,1
24,d1,5,74,8.614542,1
24,d1,5,75,8.102375,1
24,d1,5,76,8.157292,1
24,d1,5,77,8.446875,1
24,d1,5,78,8.132250,1
24,d1,5,79,8.134375,1
24,d1,5,80,8.477375,1
24,d1,5,81,8.117458,1
24,d1,5,82,8.133000,1
24,d1,5,83,8.340708,1
24,d1,5,84,8.148625,1
24,d1,5,85,8.225375,1
24,d1,5,86,8.485166,1
24,d1,5,87,8.139625,1
24,d1,5,88,8.265917,1
24,d1,5,89,8.457292,1
24,d1,5,90,8.227125,1
24,d1,5,91,8.388667,1
24,d1,5,92,8.530833,1
24,d1,5,93,8.131792,1
24,d1,5,94,8.172167,1
24,d1,5,95,8.455292,1
24,d1,5,96,8.167625,1
24,d1,5,97,8.407250,1
24,d1,5,98,8.517500,1
24,d1,5,99,8.192000,1
24,d1,5,100,8.210542,1
24,d1,5,101,8.427750,1
24,d1,5,102,8.183375,1
24,d1,5,103,8.174625,1
24,d1,5,104,8.537000,1
24,d1,5,105,8.151583,1
24,d1,5,106,8.251500,1
24,d1,5,107,8.510416,1
24,d1,5,108,8.202792,1
24,d1,5,109,8.119917,1
24,d1,5,110,8.478000,1
24,d1,5,111,8.097458,1
24,d1,5,112,8.368959,1
24,d1,5,113,8.462958,1
24,d1,5,114,8.158042,1
24,d1,5,115,8.136250,1
24,d1,5,116,8.457667,1
24,d1,5,117,8.182458,1
24,d1,5,118,8.262042,1
24,d1,5,119,8.495000,1
24,d1,5,120,8.182250,1
24,d1,5,121,8.225750,1
24,d1,5,122,8.519500,1
24,d1,5,123,8.226083,1
24,d1,5,124,8.310625,1
24,d1,5,125,8.479917,1
24,d1,5,126,8.147417,1
24,d1,5,127,8.208958,1
24,d1,5,128,8.481500,1
24,d1,5,129,8.176625,1
24,d1,5,130,8.244583,1
24,d1,5,131,8.486750,1
24,d1,5,132,8.163459,1
24,d1,5,133,8.350208,1
24,d1,5,134,8.538833,1
24,d1,5,135,8.145917,1
24,d1,5,136,8.358458,1
24,d1,5,137,8.450500,1
24,d1,5,138,8.167083,1
24,d1,5,139,8.317084,1
24,d1,5,140,8.493291,1
24,d1,5,141,8.146625,1
24,d1,5,142,8.329209,1
24,d1,5,143,8.465375,1
24,d1,5,144,8.180834,1
24,d1,5,145,8.164000,1
24,d1,5,146,8.498833,1
24,d1,5,147,8.116750,1
24,d1,5,148,8.310875,1
24,d1,5,149,8.380166,1
24,d1,5,150,8.163833,1
24,d1,5,151,8.330333,1
24,d1,5,152,8.463917,1
24,d1,5,153,8.156834,1
24,d1,5,154,8.383292,1
24,d1,5,155,8.526417,1
24,d1,5,156,8.192708,1
24,d1,5,157,8.321500,1
24,d1,5,158,8.410625,1
24,d1,5,159,8.134125,1
25,d1,6,0,9.253167,0
25,d1,6,1,8.247166,0
25,d1,6,2,8.185542,0
25,d1,6,3,8.150292,0
25,d1,6,4,8.099750,0
25,d1,6,5,8.287917,0
25,d1,6,6,8.132833,0
25,d1,6,7,8.139833,0
25,d1,6,8,8.142334,1
25,d1,6,9,8.124792,1
25,d1,6,10,8.115125,1
25,d1,6,11,8.208750,1
25,d1,6,12,8.104166,1
25,d1,6,13,8.175416,1
25,d1,6,14,8.184334,1
25,d1,6,15,8.145041,1
25,d1,6,16,8.120875,1
25,d1,6,17,8.421416,1
25,d1,6,18,8.104500,1
25,d1,6,19,8.150750,1
25,d1,6,20,8.327208,1
25,d1,6,21,8.171917,1
25,d1,6,22,8.083334,1
25,d1,6,23,8.543291,1
25,d1,6,24,8.133042,1
25,d1,6,25,8.144708,1
25,d1,6,26,8.314250,1
25,d1,6,27,8.105292,1
25,d1,6,28,8.224458,1
25,d1,6,29,8.543917,1
25,d1,6,30,8.120459,1
25,d1,6,31,8.124709,1
25,d1,6,32,8.248167,1
25,d1,6,33,8.116792,1
25,d1,6,34,8.156625,1
25,d1,6,35,8.523833,1
25,d1,6,36,8.148000,1
25,d1,6,37,8.114375,1
25,d1,6,38,8.315125,1
25,d1,6,39,8.114958,1
25,d1,6,40,8.136750,1
25,d1,6,41,8.374041,1
25,d1,6,42,8.133000,1
25,d1,6,43,8.163959,1
25,d1,6,44,8.443958,1
25,d1,6,45,8.083708,1
25,d1,6,46,8.153041,1
25,d1,6,47,8.289791,1
25,d1,6,48,8.111250,1
25,d1,6,49,8.190291,1
25,d1,6,50,8.265208,1
25,d1,6,51,8.110875,1
25,d1,6,52,8.148625,1
25,d1,6,53,8.482834,1
25,d1,6,54,8.221375,1
25,d1,6,55,8.277750,1
25,d1,6,56,8.361708,1
25,d1,6,57,8.124875,1
25,d1,6,58,8.166958,1
25,d1,6,59,8.502041,1
25,d1,6,60,8.190250,1
25,d1,6,61,8.144625,1
25,d1,6,62,8.515959,1
25,d1,6,63,8.108667,1
25,d1,6,64,8.200542,1
25,d1,6,65,8.485541,1
25,d1,6,66,8.271667,1
25,d1,6,67,8.249542,1
25,d1,6,68,8.586291,1
25,d1,6,69,8.118708,1
25,d1,6,70,8.183708,1
25,d1,6,71,8.522041,1
25,d1,6,72,8.220541,1
25,d1,6,73,8.323459,1
25,d1,6,74,8.605583,1
25,d1,6,75,8.098291,1
25,d1,6,76,8.162792,1
25,d1,6,77,8.408625,1
25,d1,6,78,8.177375,1
25,d1,6,79,8.163916,1
25,d1,6,80,8.617542,1
25,d1,6,81,8.099875,1
25,d1,6,82,8.258000,1
25,d1,6,83,8.411667,1
25,d1,6,84,8.285333,1
25,d1,6,85,8.268209,1
25,d1,6,86,8.499375,1
25,d1,6,87,8.124875,1
25,d1,6,88,8.319791,1
25,d1,6,89,8.441458,1
25,d1,6,90,8.156250,1
25,d1,6,91,8.272333,1
25,d1,6,92,8.490167,1
25,d1,6,93,8.124625,1
25,d1,6,94,8.211084,1
25,d1,6,95,8.432417,1
25,d1,6,96,8.266583,1
25,d1,6,97,8.393042,1
25,d1,6,98,8.613042,1
25,d1,6,99,8.261541,1
25,d1,6,100,8.205042,1
25,d1,6,101,8.442917,1
25,d1,6,102,8.207792,1
25,d1,6,103,8.177334,1
25,d1,6,104,8.505625,1
25,d1,6,105,8.129666,1
25,d1,6,106,8.239167,1
25,d1,6,107,8.526041,1
25,d1,6,108,8.307083,1
25,d1,6,109,8.151250,1
25,d1,6,110,8.510875,1
25,d1,6,111,8.139000,1
25,d1,6,112,8.355416,1
25,d1,6,113,8.516417,1
25,d1,6,114,8.325209,1
25,d1,6,115,8.306792,1
25,d1,6,116,8.533292,1
25,d1,6,117,8.175166,1
25,d1,6,118,8.390250,1
25,d1,6,119,8.494083,1
25,d1,6,120,8.171375,1
25,d1,6,121,8.130625,1
25,d1,6,122,8.439042,1
25,d1,6,123,8.136292,1
25,d1,6,124,8.321667,1
25,d1,6,125,8.478041,1
25,d1,6,126,8.169459,1
25,d1,6,127,8.203000,1
25,d1,6,128,8.504250,1
25,d1,6,129,8.117083,1
25,d1,6,130,8.244916,1
25,d1,6,131,8.454375,1
25,d1,6,132,8.193291,1
25,d1,6,133,8.315375,1
25,d1,6,134,8.525917,1
25,d1,6,135,8.128292,1
25,d1,6,136,8.361250,1
25,d1,6,137,8.417750,1
25,d1,6,138,8.193292,1
25,d1,6,139,8.289292,1
25,d1,6,140,8.508417,1
25,d1,6,141,8.114084,1
25,d1,6,142,8.338375,1
25,d1,6,143,8.428416,1
25,d1,6,144,8.288833,1
25,d1,6,145,8.190167,1
25,d1,6,146,8.503875,1
25,d1,6,147,8.133375,1
25,d1,6,148,8.279708,1
25,d1,6,149,8.370084,1
25,d1,6,150,8.147125,1
25,d1,6,151,8.293209,1
25,d1,6,152,8.423667,1
25,d1,6,153,8.144041,1
25,d1,6,154,8.295542,1
25,d1,6,155,8.441000,1
25,d1,6,156,8.165167,1
25,d1,6,157,8.303292,1
25,d1,6,158,8.382792,1
25,d1,6,159,8.143416,1
26,ctl,6,0,9.347084,0
26,ctl,6,1,8.335208,0
26,ctl,6,2,8.259958,0
26,ctl,6,3,8.246125,0
26,ctl,6,4,8.237375,0
26,ctl,6,5,8.427125,0
26,ctl,6,6,8.428416,0
26,ctl,6,7,8.411084,0
26,ctl,6,8,8.440166,1
26,ctl,6,9,8.408709,1
26,ctl,6,10,8.449375,1
26,ctl,6,11,8.383916,1
26,ctl,6,12,8.452708,1
26,ctl,6,13,8.448041,1
26,ctl,6,14,8.426500,1
26,ctl,6,15,8.426125,1
26,ctl,6,16,8.401500,1
26,ctl,6,17,8.427042,1
26,ctl,6,18,8.397792,1
26,ctl,6,19,8.367167,1
26,ctl,6,20,8.269292,1
26,ctl,6,21,8.233958,1
26,ctl,6,22,8.213042,1
26,ctl,6,23,8.225250,1
26,ctl,6,24,8.190166,1
26,ctl,6,25,8.210542,1
26,ctl,6,26,8.225875,1
26,ctl,6,27,8.238375,1
26,ctl,6,28,8.241958,1
26,ctl,6,29,8.244458,1
26,ctl,6,30,8.229500,1
26,ctl,6,31,8.258458,1
26,ctl,6,32,8.226084,1
26,ctl,6,33,8.268042,1
26,ctl,6,34,8.228584,1
26,ctl,6,35,8.353709,1
26,ctl,6,36,8.240708,1
26,ctl,6,37,8.401125,1
26,ctl,6,38,8.234417,1
26,ctl,6,39,8.261459,1
26,ctl,6,40,8.207666,1
26,ctl,6,41,8.273667,1
26,ctl,6,42,8.216375,1
26,ctl,6,43,8.276709,1
26,ctl,6,44,8.248083,1
26,ctl,6,45,8.260042,1
26,ctl,6,46,8.231041,1
26,ctl,6,47,8.251458,1
26,ctl,6,48,8.215250,1
26,ctl,6,49,8.246791,1
26,ctl,6,50,8.236166,1
26,ctl,6,51,8.234125,1
26,ctl,6,52,8.203250,1
26,ctl,6,53,8.234833,1
26,ctl,6,54,8.242792,1
26,ctl,6,55,8.246375,1
26,ctl,6,56,8.232292,1
26,ctl,6,57,8.263166,1
26,ctl,6,58,8.254958,1
26,ctl,6,59,8.262709,1
26,ctl,6,60,8.215667,1
26,ctl,6,61,8.260042,1
26,ctl,6,62,8.233250,1
26,ctl,6,63,8.254167,1
26,ctl,6,64,8.213042,1
26,ctl,6,65,8.267542,1
26,ctl,6,66,8.221875,1
26,ctl,6,67,8.238834,1
26,ctl,6,68,8.258875,1
26,ctl,6,69,8.255042,1
26,ctl,6,70,8.236125,1
26,ctl,6,71,8.274041,1
26,ctl,6,72,8.243166,1
26,ctl,6,73,8.239708,1
26,ctl,6,74,8.256334,1
26,ctl,6,75,8.239708,1
26,ctl,6,76,8.253167,1
26,ctl,6,77,8.298875,1
26,ctl,6,78,8.246375,1
26,ctl,6,79,8.278000,1
26,ctl,6,80,8.230208,1
26,ctl,6,81,8.238625,1
26,ctl,6,82,8.240125,1
26,ctl,6,83,8.247667,1
26,ctl,6,84,8.256459,1
26,ctl,6,85,8.228333,1
26,ctl,6,86,8.256459,1
26,ctl,6,87,8.399166,1
26,ctl,6,88,8.231042,1
26,ctl,6,89,8.260667,1
26,ctl,6,90,8.358000,1
26,ctl,6,91,8.377125,1
26,ctl,6,92,8.201792,1
26,ctl,6,93,8.200667,1
26,ctl,6,94,8.200667,1
26,ctl,6,95,8.187375,1
26,ctl,6,96,8.200791,1
26,ctl,6,97,8.220833,1
26,ctl,6,98,8.155584,1
26,ctl,6,99,8.246834,1
26,ctl,6,100,8.281458,1
26,ctl,6,101,8.240333,1
26,ctl,6,102,8.296750,1
26,ctl,6,103,8.343541,1
26,ctl,6,104,8.287209,1
26,ctl,6,105,8.315542,1
26,ctl,6,106,8.319000,1
26,ctl,6,107,8.380458,1
26,ctl,6,108,8.310583,1
26,ctl,6,109,8.338958,1
26,ctl,6,110,8.186125,1
26,ctl,6,111,8.256292,1
26,ctl,6,112,8.288917,1
26,ctl,6,113,8.427542,1
26,ctl,6,114,8.196000,1
26,ctl,6,115,8.183500,1
26,ctl,6,116,8.222125,1
26,ctl,6,117,8.271708,1
26,ctl,6,118,8.358625,1
26,ctl,6,119,8.378833,1
26,ctl,6,120,8.412292,1
26,ctl,6,121,8.346208,1
26,ctl,6,122,8.181375,1
26,ctl,6,123,8.239250,1
26,ctl,6,124,8.308834,1
26,ctl,6,125,8.301250,1
26,ctl,6,126,8.251083,1
26,ctl,6,127,8.303500,1
26,ctl,6,128,8.266667,1
26,ctl,6,129,8.238792,1
26,ctl,6,130,8.272708,1
26,ctl,6,131,8.263667,1
26,ctl,6,132,8.243125,1
26,ctl,6,133,8.272125,1
26,ctl,6,134,8.248666,1
26,ctl,6,135,8.216625,1
26,ctl,6,136,8.257791,1
26,ctl,6,137,8.264125,1
26,ctl,6,138,8.247917,1
26,ctl,6,139,8.242417,1
26,ctl,6,140,8.255958,1
26,ctl,6,141,8.279833,1
26,ctl,6,142,8.287333,1
26,ctl,6,143,8.255333,1
26,ctl,6,144,8.238375,1
26,ctl,6,145,8.240458,1
26,ctl,6,146,8.254042,1
26,ctl,6,147,8.335834,1
26,ctl,6,148,8.301084,1
26,ctl,6,149,8.260500,1
26,ctl,6,150,8.294500,1
26,ctl,6,151,8.254250,1
26,ctl,6,152,8.319916,1
26,ctl,6,153,8.252500,1
26,ctl,6,154,8.309792,1
26,ctl,6,155,8.246208,1
26,ctl,6,156,8.315500,1
26,ctl,6,157,8.266708,1
26,ctl,6,158,8.305292,1
26,ctl,6,159,8.261333,1
27,ship,6,0,9.392125,0
27,ship,6,1,8.338292,0
27,ship,6,2,8.277166,0
27,ship,6,3,8.260791,0
27,ship,6,4,8.307709,0
27,ship,6,5,8.325334,0
27,ship,6,6,8.259833,0
27,ship,6,7,8.250708,0
27,ship,6,8,8.252291,1
27,ship,6,9,8.191375,1
27,ship,6,10,8.262041,1
27,ship,6,11,8.262083,1
27,ship,6,12,8.257583,1
27,ship,6,13,8.207167,1
27,ship,6,14,8.233334,1
27,ship,6,15,8.230166,1
27,ship,6,16,8.218875,1
27,ship,6,17,8.231875,1
27,ship,6,18,8.249042,1
27,ship,6,19,8.233625,1
27,ship,6,20,8.254583,1
27,ship,6,21,8.242917,1
27,ship,6,22,8.254709,1
27,ship,6,23,8.218458,1
27,ship,6,24,8.273750,1
27,ship,6,25,8.230708,1
27,ship,6,26,8.215333,1
27,ship,6,27,8.217500,1
27,ship,6,28,8.232250,1
27,ship,6,29,8.236000,1
27,ship,6,30,8.227125,1
27,ship,6,31,8.233917,1
27,ship,6,32,8.229417,1
27,ship,6,33,8.227291,1
27,ship,6,34,8.241583,1
27,ship,6,35,8.242041,1
27,ship,6,36,8.226500,1
27,ship,6,37,8.217125,1
27,ship,6,38,8.229250,1
27,ship,6,39,8.247833,1
27,ship,6,40,8.236375,1
27,ship,6,41,8.247625,1
27,ship,6,42,8.262375,1
27,ship,6,43,8.256125,1
27,ship,6,44,8.215375,1
27,ship,6,45,8.251541,1
27,ship,6,46,8.220000,1
27,ship,6,47,8.222416,1
27,ship,6,48,8.247666,1
27,ship,6,49,8.293542,1
27,ship,6,50,8.213584,1
27,ship,6,51,8.250084,1
27,ship,6,52,8.260875,1
27,ship,6,53,8.264167,1
27,ship,6,54,8.230458,1
27,ship,6,55,8.244167,1
27,ship,6,56,8.260708,1
27,ship,6,57,8.268417,1
27,ship,6,58,8.227834,1
27,ship,6,59,8.283708,1
27,ship,6,60,8.232750,1
27,ship,6,61,8.246167,1
27,ship,6,62,8.230833,1
27,ship,6,63,8.254000,1
27,ship,6,64,8.321041,1
27,ship,6,65,8.283584,1
27,ship,6,66,8.244250,1
27,ship,6,67,8.287375,1
27,ship,6,68,8.213083,1
27,ship,6,69,8.321375,1
27,ship,6,70,8.244250,1
27,ship,6,71,8.298916,1
27,ship,6,72,8.221292,1
27,ship,6,73,8.276750,1
27,ship,6,74,8.231083,1
27,ship,6,75,8.381500,1
27,ship,6,76,8.248167,1
27,ship,6,77,8.286667,1
27,ship,6,78,8.321000,1
27,ship,6,79,8.300542,1
27,ship,6,80,8.230041,1
27,ship,6,81,8.256667,1
27,ship,6,82,8.229709,1
27,ship,6,83,8.311250,1
27,ship,6,84,8.235084,1
27,ship,6,85,8.273417,1
27,ship,6,86,8.216833,1
27,ship,6,87,8.268666,1
27,ship,6,88,8.256583,1
27,ship,6,89,8.280250,1
27,ship,6,90,8.251208,1
27,ship,6,91,8.243334,1
27,ship,6,92,8.257583,1
27,ship,6,93,8.289291,1
27,ship,6,94,8.253375,1
27,ship,6,95,8.333167,1
27,ship,6,96,8.375709,1
27,ship,6,97,8.290833,1
27,ship,6,98,8.260458,1
27,ship,6,99,8.293000,1
27,ship,6,100,8.231084,1
27,ship,6,101,8.266125,1
27,ship,6,102,8.260667,1
27,ship,6,103,8.260459,1
27,ship,6,104,8.223500,1
27,ship,6,105,8.272000,1
27,ship,6,106,8.226125,1
27,ship,6,107,8.278417,1
27,ship,6,108,8.247083,1
27,ship,6,109,8.246833,1
27,ship,6,110,8.222917,1
27,ship,6,111,8.266084,1
27,ship,6,112,8.239167,1
27,ship,6,113,8.256041,1
27,ship,6,114,8.230833,1
27,ship,6,115,8.255250,1
27,ship,6,116,8.262000,1
27,ship,6,117,8.248583,1
27,ship,6,118,8.218084,1
27,ship,6,119,8.260125,1
27,ship,6,120,8.262583,1
27,ship,6,121,8.247125,1
27,ship,6,122,8.233125,1
27,ship,6,123,8.246208,1
27,ship,6,124,8.247083,1
27,ship,6,125,8.299041,1
27,ship,6,126,8.285958,1
27,ship,6,127,8.403125,1
27,ship,6,128,8.294125,1
27,ship,6,129,8.261708,1
27,ship,6,130,8.236209,1
27,ship,6,131,8.270334,1
27,ship,6,132,8.252625,1
27,ship,6,133,8.265666,1
27,ship,6,134,8.296958,1
27,ship,6,135,8.265375,1
27,ship,6,136,8.255708,1
27,ship,6,137,8.260916,1
27,ship,6,138,8.261500,1
27,ship,6,139,8.290834,1
27,ship,6,140,8.290375,1
27,ship,6,141,8.272000,1
27,ship,6,142,8.240291,1
27,ship,6,143,8.251875,1
27,ship,6,144,8.249667,1
27,ship,6,145,8.274167,1
27,ship,6,146,8.280792,1
27,ship,6,147,8.249167,1
27,ship,6,148,8.307583,1
27,ship,6,149,8.263875,1
27,ship,6,150,8.253125,1
27,ship,6,151,8.251042,1
27,ship,6,152,8.274500,1
27,ship,6,153,8.243500,1
27,ship,6,154,8.250209,1
27,ship,6,155,8.266459,1
27,ship,6,156,8.292542,1
27,ship,6,157,8.244542,1
27,ship,6,158,8.267708,1
27,ship,6,159,8.246000,1
28,d2,6,0,25.034458,0
28,d2,6,1,8.299500,0
28,d2,6,2,8.216417,0
28,d2,6,3,8.183833,0
28,d2,6,4,8.181708,0
28,d2,6,5,8.183667,0
28,d2,6,6,8.179458,0
28,d2,6,7,8.170792,0
28,d2,6,8,8.195166,1
28,d2,6,9,8.205375,1
28,d2,6,10,8.198750,1
28,d2,6,11,8.192166,1
28,d2,6,12,8.192541,1
28,d2,6,13,8.183500,1
28,d2,6,14,8.188167,1
28,d2,6,15,8.158333,1
28,d2,6,16,8.193959,1
28,d2,6,17,8.197208,1
28,d2,6,18,8.230333,1
28,d2,6,19,8.181125,1
28,d2,6,20,8.213875,1
28,d2,6,21,8.160125,1
28,d2,6,22,8.217083,1
28,d2,6,23,8.187292,1
28,d2,6,24,8.181208,1
28,d2,6,25,8.172250,1
28,d2,6,26,8.246417,1
28,d2,6,27,8.140500,1
28,d2,6,28,8.206917,1
28,d2,6,29,8.239916,1
28,d2,6,30,8.259000,1
28,d2,6,31,8.179959,1
28,d2,6,32,8.263416,1
28,d2,6,33,8.210083,1
28,d2,6,34,8.234583,1
28,d2,6,35,8.169167,1
28,d2,6,36,8.203208,1
28,d2,6,37,8.171875,1
28,d2,6,38,8.227709,1
28,d2,6,39,8.177000,1
28,d2,6,40,8.218125,1
28,d2,6,41,8.195667,1
28,d2,6,42,8.218042,1
28,d2,6,43,8.180584,1
28,d2,6,44,8.208541,1
28,d2,6,45,8.183000,1
28,d2,6,46,8.171584,1
28,d2,6,47,8.182000,1
28,d2,6,48,8.192458,1
28,d2,6,49,8.170625,1
28,d2,6,50,8.203833,1
28,d2,6,51,8.186125,1
28,d2,6,52,8.221666,1
28,d2,6,53,8.197000,1
28,d2,6,54,8.217375,1
28,d2,6,55,8.179291,1
28,d2,6,56,8.166708,1
28,d2,6,57,8.190208,1
28,d2,6,58,8.160292,1
28,d2,6,59,8.207125,1
28,d2,6,60,8.188709,1
28,d2,6,61,8.175167,1
28,d2,6,62,8.210333,1
28,d2,6,63,8.181000,1
28,d2,6,64,8.176875,1
28,d2,6,65,8.200333,1
28,d2,6,66,8.184375,1
28,d2,6,67,8.212416,1
28,d2,6,68,8.202500,1
28,d2,6,69,8.202625,1
28,d2,6,70,8.185708,1
28,d2,6,71,8.193167,1
28,d2,6,72,8.195917,1
28,d2,6,73,8.169875,1
28,d2,6,74,8.166834,1
28,d2,6,75,8.185083,1
28,d2,6,76,8.154458,1
28,d2,6,77,8.217167,1
28,d2,6,78,8.191000,1
28,d2,6,79,8.187375,1
28,d2,6,80,8.171750,1
28,d2,6,81,8.185958,1
28,d2,6,82,8.197500,1
28,d2,6,83,8.206500,1
28,d2,6,84,8.188791,1
28,d2,6,85,8.169459,1
28,d2,6,86,8.224625,1
28,d2,6,87,8.174583,1
28,d2,6,88,8.178667,1
28,d2,6,89,8.195917,1
28,d2,6,90,8.343625,1
28,d2,6,91,8.376250,1
28,d2,6,92,8.241917,1
28,d2,6,93,8.208542,1
28,d2,6,94,8.198750,1
28,d2,6,95,8.280750,1
28,d2,6,96,8.179750,1
28,d2,6,97,8.186333,1
28,d2,6,98,8.181750,1
28,d2,6,99,8.248542,1
28,d2,6,100,8.183666,1
28,d2,6,101,8.200959,1
28,d2,6,102,8.201375,1
28,d2,6,103,8.243042,1
28,d2,6,104,8.199875,1
28,d2,6,105,8.231625,1
28,d2,6,106,8.198875,1
28,d2,6,107,8.250041,1
28,d2,6,108,8.190208,1
28,d2,6,109,8.232584,1
28,d2,6,110,8.214875,1
28,d2,6,111,8.214167,1
28,d2,6,112,8.188250,1
28,d2,6,113,8.217125,1
28,d2,6,114,8.204625,1
28,d2,6,115,8.224375,1
28,d2,6,116,8.194167,1
28,d2,6,117,8.232041,1
28,d2,6,118,8.192166,1
28,d2,6,119,8.211000,1
28,d2,6,120,8.186584,1
28,d2,6,121,8.255833,1
28,d2,6,122,8.246542,1
28,d2,6,123,8.444375,1
28,d2,6,124,8.284458,1
28,d2,6,125,8.226375,1
28,d2,6,126,8.253542,1
28,d2,6,127,8.192750,1
28,d2,6,128,8.205834,1
28,d2,6,129,8.333916,1
28,d2,6,130,8.219167,1
28,d2,6,131,8.228375,1
28,d2,6,132,8.219541,1
28,d2,6,133,8.210917,1
28,d2,6,134,8.212667,1
28,d2,6,135,8.194458,1
28,d2,6,136,8.190667,1
28,d2,6,137,8.190959,1
28,d2,6,138,8.266583,1
28,d2,6,139,8.210834,1
28,d2,6,140,8.206083,1
28,d2,6,141,8.202000,1
28,d2,6,142,8.223209,1
28,d2,6,143,8.214791,1
28,d2,6,144,8.218167,1
28,d2,6,145,8.195792,1
28,d2,6,146,8.237375,1
28,d2,6,147,8.226000,1
28,d2,6,148,8.241792,1
28,d2,6,149,8.180584,1
28,d2,6,150,8.218000,1
28,d2,6,151,8.210958,1
28,d2,6,152,8.281042,1
28,d2,6,153,8.197291,1
28,d2,6,154,8.217000,1
28,d2,6,155,8.246291,1
28,d2,6,156,8.288750,1
28,d2,6,157,8.223208,1
28,d2,6,158,8.236750,1
28,d2,6,159,8.213125,1
29,ctl,7,0,9.426792,0
29,ctl,7,1,8.380333,0
29,ctl,7,2,8.307500,0
29,ctl,7,3,8.256500,0
29,ctl,7,4,8.281000,0
29,ctl,7,5,8.212209,0
29,ctl,7,6,8.256917,0
29,ctl,7,7,8.234375,0
29,ctl,7,8,8.241875,1
29,ctl,7,9,8.198375,1
29,ctl,7,10,8.264416,1
29,ctl,7,11,8.222125,1
29,ctl,7,12,8.280000,1
29,ctl,7,13,8.227292,1
29,ctl,7,14,8.314667,1
29,ctl,7,15,8.170375,1
29,ctl,7,16,8.329125,1
29,ctl,7,17,8.283083,1
29,ctl,7,18,8.244375,1
29,ctl,7,19,8.226000,1
29,ctl,7,20,8.360083,1
29,ctl,7,21,8.217375,1
29,ctl,7,22,8.261625,1
29,ctl,7,23,8.221291,1
29,ctl,7,24,8.282083,1
29,ctl,7,25,8.227209,1
29,ctl,7,26,8.243208,1
29,ctl,7,27,8.210833,1
29,ctl,7,28,8.280875,1
29,ctl,7,29,8.212750,1
29,ctl,7,30,8.344459,1
29,ctl,7,31,8.222500,1
29,ctl,7,32,8.240458,1
29,ctl,7,33,8.223750,1
29,ctl,7,34,8.287792,1
29,ctl,7,35,8.218208,1
29,ctl,7,36,8.242541,1
29,ctl,7,37,8.213167,1
29,ctl,7,38,8.251208,1
29,ctl,7,39,8.240542,1
29,ctl,7,40,8.280917,1
29,ctl,7,41,8.236167,1
29,ctl,7,42,8.344333,1
29,ctl,7,43,8.243959,1
29,ctl,7,44,8.271750,1
29,ctl,7,45,8.236500,1
29,ctl,7,46,8.246125,1
29,ctl,7,47,8.239500,1
29,ctl,7,48,8.258417,1
29,ctl,7,49,8.225041,1
29,ctl,7,50,8.251166,1
29,ctl,7,51,8.228167,1
29,ctl,7,52,8.232208,1
29,ctl,7,53,8.233625,1
29,ctl,7,54,8.255792,1
29,ctl,7,55,8.232333,1
29,ctl,7,56,8.262917,1
29,ctl,7,57,8.242708,1
29,ctl,7,58,8.216958,1
29,ctl,7,59,8.216459,1
29,ctl,7,60,8.256958,1
29,ctl,7,61,8.222417,1
29,ctl,7,62,8.244083,1
29,ctl,7,63,8.213958,1
29,ctl,7,64,8.240500,1
29,ctl,7,65,8.219666,1
29,ctl,7,66,8.237875,1
29,ctl,7,67,8.251583,1
29,ctl,7,68,8.262291,1
29,ctl,7,69,8.231958,1
29,ctl,7,70,8.247500,1
29,ctl,7,71,8.238000,1
29,ctl,7,72,8.241917,1
29,ctl,7,73,8.221083,1
29,ctl,7,74,8.347750,1
29,ctl,7,75,8.261750,1
29,ctl,7,76,8.257958,1
29,ctl,7,77,8.251834,1
29,ctl,7,78,8.233833,1
29,ctl,7,79,8.251000,1
29,ctl,7,80,8.245250,1
29,ctl,7,81,8.237875,1
29,ctl,7,82,8.254666,1
29,ctl,7,83,8.248416,1
29,ctl,7,84,8.221542,1
29,ctl,7,85,8.252250,1
29,ctl,7,86,8.209875,1
29,ctl,7,87,8.240834,1
29,ctl,7,88,8.222541,1
29,ctl,7,89,8.251792,1
29,ctl,7,90,8.238875,1
29,ctl,7,91,8.264542,1
29,ctl,7,92,8.230750,1
29,ctl,7,93,8.244750,1
29,ctl,7,94,8.255750,1
29,ctl,7,95,8.262250,1
29,ctl,7,96,8.242833,1
29,ctl,7,97,8.235458,1
29,ctl,7,98,8.234125,1
29,ctl,7,99,8.266541,1
29,ctl,7,100,8.238125,1
29,ctl,7,101,8.242167,1
29,ctl,7,102,8.241250,1
29,ctl,7,103,8.235375,1
29,ctl,7,104,8.280916,1
29,ctl,7,105,8.331167,1
29,ctl,7,106,8.336166,1
29,ctl,7,107,8.258917,1
29,ctl,7,108,8.222083,1
29,ctl,7,109,8.244250,1
29,ctl,7,110,8.269625,1
29,ctl,7,111,8.259791,1
29,ctl,7,112,8.252209,1
29,ctl,7,113,8.241000,1
29,ctl,7,114,8.231500,1
29,ctl,7,115,8.356375,1
29,ctl,7,116,8.252875,1
29,ctl,7,117,8.280583,1
29,ctl,7,118,8.243292,1
29,ctl,7,119,8.279500,1
29,ctl,7,120,8.346292,1
29,ctl,7,121,8.247333,1
29,ctl,7,122,8.244125,1
29,ctl,7,123,8.363417,1
29,ctl,7,124,8.238667,1
29,ctl,7,125,8.302708,1
29,ctl,7,126,8.236500,1
29,ctl,7,127,8.319875,1
29,ctl,7,128,8.240167,1
29,ctl,7,129,8.283667,1
29,ctl,7,130,8.244375,1
29,ctl,7,131,8.292250,1
29,ctl,7,132,8.253792,1
29,ctl,7,133,8.283584,1
29,ctl,7,134,8.264625,1
29,ctl,7,135,8.439750,1
29,ctl,7,136,8.338834,1
29,ctl,7,137,8.345584,1
29,ctl,7,138,8.256375,1
29,ctl,7,139,8.293583,1
29,ctl,7,140,8.237334,1
29,ctl,7,141,8.283208,1
29,ctl,7,142,8.237833,1
29,ctl,7,143,8.289875,1
29,ctl,7,144,8.250084,1
29,ctl,7,145,8.293542,1
29,ctl,7,146,8.234458,1
29,ctl,7,147,8.294959,1
29,ctl,7,148,8.251291,1
29,ctl,7,149,8.285709,1
29,ctl,7,150,8.252416,1
29,ctl,7,151,8.305708,1
29,ctl,7,152,8.261334,1
29,ctl,7,153,8.311500,1
29,ctl,7,154,8.255292,1
29,ctl,7,155,8.324542,1
29,ctl,7,156,8.239583,1
29,ctl,7,157,8.273875,1
29,ctl,7,158,8.288042,1
29,ctl,7,159,8.299542,1
30,d1,7,0,9.263958,0
30,d1,7,1,8.231791,0
30,d1,7,2,8.159417,0
30,d1,7,3,8.161542,0
30,d1,7,4,8.073250,0
30,d1,7,5,8.249792,0
30,d1,7,6,8.123375,0
30,d1,7,7,8.125375,0
30,d1,7,8,8.118000,1
30,d1,7,9,8.133875,1
30,d1,7,10,8.113833,1
30,d1,7,11,8.209041,1
30,d1,7,12,8.127042,1
30,d1,7,13,8.149375,1
30,d1,7,14,8.175084,1
30,d1,7,15,8.138625,1
30,d1,7,16,8.111125,1
30,d1,7,17,8.378666,1
30,d1,7,18,8.109083,1
30,d1,7,19,8.149375,1
30,d1,7,20,8.320792,1
30,d1,7,21,8.164083,1
30,d1,7,22,8.118250,1
30,d1,7,23,8.505459,1
30,d1,7,24,8.104333,1
30,d1,7,25,8.127000,1
30,d1,7,26,8.324166,1
30,d1,7,27,8.104542,1
30,d1,7,28,8.224917,1
30,d1,7,29,8.546833,1
30,d1,7,30,8.149167,1
30,d1,7,31,8.121209,1
30,d1,7,32,8.239917,1
30,d1,7,33,8.108042,1
30,d1,7,34,8.170167,1
30,d1,7,35,8.516000,1
30,d1,7,36,8.159708,1
30,d1,7,37,8.122417,1
30,d1,7,38,8.381459,1
30,d1,7,39,8.125250,1
30,d1,7,40,8.149083,1
30,d1,7,41,8.338459,1
30,d1,7,42,8.173500,1
30,d1,7,43,8.150083,1
30,d1,7,44,8.463375,1
30,d1,7,45,8.119792,1
30,d1,7,46,8.167125,1
30,d1,7,47,8.259084,1
30,d1,7,48,8.143500,1
30,d1,7,49,8.208625,1
30,d1,7,50,8.286459,1
30,d1,7,51,8.098208,1
30,d1,7,52,8.202625,1
30,d1,7,53,8.467292,1
30,d1,7,54,8.212000,1
30,d1,7,55,8.293167,1
30,d1,7,56,8.415708,1
30,d1,7,57,8.113333,1
30,d1,7,58,8.166333,1
30,d1,7,59,8.502958,1
30,d1,7,60,8.232375,1
30,d1,7,61,8.143667,1
30,d1,7,62,8.511125,1
30,d1,7,63,8.126208,1
30,d1,7,64,8.191708,1
30,d1,7,65,8.505292,1
30,d1,7,66,8.266375,1
30,d1,7,67,8.221417,1
30,d1,7,68,8.547542,1
30,d1,7,69,8.126708,1
30,d1,7,70,8.188250,1
30,d1,7,71,8.527500,1
30,d1,7,72,8.145292,1
30,d1,7,73,8.368000,1
30,d1,7,74,8.559500,1
30,d1,7,75,8.124833,1
30,d1,7,76,8.145125,1
30,d1,7,77,8.485000,1
30,d1,7,78,8.148292,1
30,d1,7,79,8.118042,1
30,d1,7,80,8.488958,1
30,d1,7,81,8.106500,1
30,d1,7,82,8.109042,1
30,d1,7,83,8.353000,1
30,d1,7,84,8.134708,1
30,d1,7,85,8.260000,1
30,d1,7,86,8.539542,1
30,d1,7,87,8.294959,1
30,d1,7,88,8.300750,1
30,d1,7,89,8.466291,1
30,d1,7,90,8.118167,1
30,d1,7,91,8.231208,1
30,d1,7,92,8.436750,1
30,d1,7,93,8.111250,1
30,d1,7,94,8.147834,1
30,d1,7,95,8.442000,1
30,d1,7,96,8.142708,1
30,d1,7,97,8.385375,1
30,d1,7,98,8.495708,1
30,d1,7,99,8.152167,1
30,d1,7,100,8.204959,1
30,d1,7,101,8.430708,1
30,d1,7,102,8.183375,1
30,d1,7,103,8.169458,1
30,d1,7,104,8.462625,1
30,d1,7,105,8.143125,1
30,d1,7,106,8.261417,1
30,d1,7,107,8.511000,1
30,d1,7,108,8.214666,1
30,d1,7,109,8.134958,1
30,d1,7,110,8.574375,1
30,d1,7,111,8.170167,1
30,d1,7,112,8.359959,1
30,d1,7,113,8.452334,1
30,d1,7,114,8.159250,1
30,d1,7,115,8.135250,1
30,d1,7,116,8.544583,1
30,d1,7,117,8.271625,1
30,d1,7,118,8.438667,1
30,d1,7,119,8.441708,1
30,d1,7,120,8.151833,1
30,d1,7,121,8.143500,1
30,d1,7,122,8.425917,1
30,d1,7,123,8.133708,1
30,d1,7,124,8.322250,1
30,d1,7,125,8.472209,1
30,d1,7,126,8.161208,1
30,d1,7,127,8.210750,1
30,d1,7,128,8.465584,1
30,d1,7,129,8.129125,1
30,d1,7,130,8.225167,1
30,d1,7,131,8.462292,1
30,d1,7,132,8.168083,1
30,d1,7,133,8.314083,1
30,d1,7,134,8.535042,1
30,d1,7,135,8.146417,1
30,d1,7,136,8.332000,1
30,d1,7,137,8.415875,1
30,d1,7,138,8.165500,1
30,d1,7,139,8.273583,1
30,d1,7,140,8.487792,1
30,d1,7,141,8.117667,1
30,d1,7,142,8.321917,1
30,d1,7,143,8.433250,1
30,d1,7,144,8.155500,1
30,d1,7,145,8.154416,1
30,d1,7,146,8.518583,1
30,d1,7,147,8.195208,1
30,d1,7,148,8.333375,1
30,d1,7,149,8.367542,1
30,d1,7,150,8.182750,1
30,d1,7,151,8.292667,1
30,d1,7,152,8.567666,1
30,d1,7,153,8.181208,1
30,d1,7,154,8.308750,1
30,d1,7,155,8.443667,1
30,d1,7,156,8.148375,1
30,d1,7,157,8.284208,1
30,d1,7,158,8.403459,1
30,d1,7,159,8.133708,1
31,ship,7,0,23.194167,0
31,ship,7,1,8.416958,0
31,ship,7,2,8.249375,0
31,ship,7,3,8.235666,0
31,ship,7,4,8.230709,0
31,ship,7,5,8.257792,0
31,ship,7,6,8.223708,0
31,ship,7,7,8.232625,0
31,ship,7,8,8.196459,1
31,ship,7,9,8.212875,1
31,ship,7,10,8.201791,1
31,ship,7,11,8.234792,1
31,ship,7,12,8.191542,1
31,ship,7,13,8.224958,1
31,ship,7,14,8.197541,1
31,ship,7,15,8.246375,1
31,ship,7,16,8.196125,1
31,ship,7,17,8.231333,1
31,ship,7,18,8.256875,1
31,ship,7,19,8.245166,1
31,ship,7,20,8.223042,1
31,ship,7,21,8.283959,1
31,ship,7,22,8.215166,1
31,ship,7,23,8.268000,1
31,ship,7,24,8.201375,1
31,ship,7,25,8.256583,1
31,ship,7,26,8.202250,1
31,ship,7,27,8.246292,1
31,ship,7,28,8.199166,1
31,ship,7,29,8.265458,1
31,ship,7,30,8.216500,1
31,ship,7,31,8.270666,1
31,ship,7,32,8.207792,1
31,ship,7,33,8.245042,1
31,ship,7,34,8.313042,1
31,ship,7,35,8.268167,1
31,ship,7,36,8.204333,1
31,ship,7,37,8.329750,1
31,ship,7,38,8.206416,1
31,ship,7,39,8.257875,1
31,ship,7,40,8.215167,1
31,ship,7,41,8.252291,1
31,ship,7,42,8.226875,1
31,ship,7,43,8.261667,1
31,ship,7,44,8.210709,1
31,ship,7,45,8.262792,1
31,ship,7,46,8.207667,1
31,ship,7,47,8.289125,1
31,ship,7,48,8.226500,1
31,ship,7,49,8.218500,1
31,ship,7,50,8.230083,1
31,ship,7,51,8.244833,1
31,ship,7,52,8.194708,1
31,ship,7,53,8.242875,1
31,ship,7,54,8.208209,1
31,ship,7,55,8.230375,1
31,ship,7,56,8.205458,1
31,ship,7,57,8.217458,1
31,ship,7,58,8.214750,1
31,ship,7,59,8.225417,1
31,ship,7,60,8.266834,1
31,ship,7,61,8.238000,1
31,ship,7,62,8.220167,1
31,ship,7,63,8.203375,1
31,ship,7,64,8.222667,1
31,ship,7,65,8.227875,1
31,ship,7,66,8.247708,1
31,ship,7,67,8.198625,1
31,ship,7,68,8.216125,1
31,ship,7,69,8.239250,1
31,ship,7,70,8.223958,1
31,ship,7,71,8.213958,1
31,ship,7,72,8.233125,1
31,ship,7,73,8.222083,1
31,ship,7,74,8.209125,1
31,ship,7,75,8.213500,1
31,ship,7,76,8.219084,1
31,ship,7,77,8.238708,1
31,ship,7,78,8.232500,1
31,ship,7,79,8.242208,1
31,ship,7,80,8.240167,1
31,ship,7,81,8.244584,1
31,ship,7,82,8.232416,1
31,ship,7,83,8.222959,1
31,ship,7,84,8.246208,1
31,ship,7,85,8.225333,1
31,ship,7,86,8.229041,1
31,ship,7,87,8.226375,1
31,ship,7,88,8.238000,1
31,ship,7,89,8.231750,1
31,ship,7,90,8.281875,1
31,ship,7,91,8.376959,1
31,ship,7,92,8.335125,1
31,ship,7,93,8.237250,1
31,ship,7,94,8.262541,1
31,ship,7,95,8.225875,1
31,ship,7,96,8.260084,1
31,ship,7,97,8.188125,1
31,ship,7,98,8.224125,1
31,ship,7,99,8.261375,1
31,ship,7,100,8.230916,1
31,ship,7,101,8.227250,1
31,ship,7,102,8.271250,1
31,ship,7,103,8.240750,1
31,ship,7,104,8.264417,1
31,ship,7,105,8.254167,1
31,ship,7,106,8.267250,1
31,ship,7,107,8.251375,1
31,ship,7,108,8.301167,1
31,ship,7,109,8.263500,1
31,ship,7,110,8.265000,1
31,ship,7,111,8.254208,1
31,ship,7,112,8.267083,1
31,ship,7,113,8.208834,1
31,ship,7,114,8.250500,1
31,ship,7,115,8.230458,1
31,ship,7,116,8.255625,1
31,ship,7,117,8.236125,1
31,ship,7,118,8.292208,1
31,ship,7,119,8.201042,1
31,ship,7,120,8.279958,1
31,ship,7,121,8.293375,1
31,ship,7,122,8.356791,1
31,ship,7,123,8.437708,1
31,ship,7,124,8.372500,1
31,ship,7,125,8.228209,1
31,ship,7,126,8.288375,1
31,ship,7,127,8.255667,1
31,ship,7,128,8.306708,1
31,ship,7,129,8.232958,1
31,ship,7,130,8.289542,1
31,ship,7,131,8.194292,1
31,ship,7,132,8.294042,1
31,ship,7,133,8.335500,1
31,ship,7,134,8.270333,1
31,ship,7,135,8.238584,1
31,ship,7,136,8.336292,1
31,ship,7,137,8.241833,1
31,ship,7,138,8.306250,1
31,ship,7,139,8.320459,1
31,ship,7,140,8.291250,1
31,ship,7,141,8.249958,1
31,ship,7,142,8.304292,1
31,ship,7,143,8.275209,1
31,ship,7,144,8.296500,1
31,ship,7,145,8.276541,1
31,ship,7,146,8.321500,1
31,ship,7,147,8.291292,1
31,ship,7,148,8.268917,1
31,ship,7,149,8.199292,1
31,ship,7,150,8.282250,1
31,ship,7,151,8.220375,1
31,ship,7,152,8.256625,1
31,ship,7,153,8.286458,1
31,ship,7,154,8.279333,1
31,ship,7,155,8.312667,1
31,ship,7,156,8.297792,1
31,ship,7,157,8.216000,1
31,ship,7,158,8.160708,1
31,ship,7,159,8.142000,1
32,d2,7,0,9.381750,0
32,d2,7,1,8.316167,0
32,d2,7,2,8.229834,0
32,d2,7,3,8.175750,0
32,d2,7,4,8.203417,0
32,d2,7,5,8.161209,0
32,d2,7,6,8.179375,0
32,d2,7,7,8.168792,0
32,d2,7,8,8.209917,1
32,d2,7,9,8.144750,1
32,d2,7,10,8.210834,1
32,d2,7,11,8.260667,1
32,d2,7,12,8.222750,1
32,d2,7,13,8.211583,1
32,d2,7,14,8.208709,1
32,d2,7,15,8.240292,1
32,d2,7,16,8.249833,1
32,d2,7,17,8.230375,1
32,d2,7,18,8.266417,1
32,d2,7,19,8.198542,1
32,d2,7,20,8.194333,1
32,d2,7,21,8.113875,1
32,d2,7,22,8.206708,1
32,d2,7,23,8.200667,1
32,d2,7,24,8.180750,1
32,d2,7,25,8.213042,1
32,d2,7,26,8.259291,1
32,d2,7,27,8.235917,1
32,d2,7,28,8.204000,1
32,d2,7,29,8.253542,1
32,d2,7,30,8.217625,1
32,d2,7,31,8.089750,1
32,d2,7,32,8.100417,1
32,d2,7,33,8.069750,1
32,d2,7,34,8.174291,1
32,d2,7,35,8.067792,1
32,d2,7,36,8.101250,1
32,d2,7,37,8.079875,1
32,d2,7,38,8.126958,1
32,d2,7,39,8.078125,1
32,d2,7,40,8.105083,1
32,d2,7,41,8.080792,1
32,d2,7,42,8.116959,1
32,d2,7,43,8.107292,1
32,d2,7,44,8.109875,1
32,d2,7,45,8.109334,1
32,d2,7,46,8.111916,1
32,d2,7,47,8.106958,1
32,d2,7,48,8.202042,1
32,d2,7,49,8.196791,1
32,d2,7,50,8.200584,1
32,d2,7,51,8.153042,1
32,d2,7,52,8.109209,1
32,d2,7,53,8.130084,1
32,d2,7,54,7.989625,1
32,d2,7,55,7.960542,1
32,d2,7,56,8.178541,1
32,d2,7,57,8.192459,1
32,d2,7,58,8.192500,1
32,d2,7,59,8.195458,1
32,d2,7,60,8.184167,1
32,d2,7,61,8.198125,1
32,d2,7,62,8.201833,1
32,d2,7,63,8.229750,1
32,d2,7,64,8.191875,1
32,d2,7,65,8.222625,1
32,d2,7,66,8.162667,1
32,d2,7,67,8.221291,1
32,d2,7,68,8.196833,1
32,d2,7,69,8.240291,1
32,d2,7,70,8.190083,1
32,d2,7,71,8.198834,1
32,d2,7,72,8.231833,1
32,d2,7,73,8.230417,1
32,d2,7,74,8.208041,1
32,d2,7,75,8.379875,1
32,d2,7,76,8.216958,1
32,d2,7,77,8.248584,1
32,d2,7,78,8.202250,1
32,d2,7,79,8.221333,1
32,d2,7,80,8.200959,1
32,d2,7,81,8.226625,1
32,d2,7,82,8.171833,1
32,d2,7,83,8.237417,1
32,d2,7,84,8.177208,1
32,d2,7,85,8.169875,1
32,d2,7,86,8.176875,1
32,d2,7,87,8.221959,1
32,d2,7,88,8.173250,1
32,d2,7,89,8.213792,1
32,d2,7,90,8.230917,1
32,d2,7,91,8.206875,1
32,d2,7,92,8.191208,1
32,d2,7,93,8.239958,1
32,d2,7,94,8.263000,1
32,d2,7,95,8.235042,1
32,d2,7,96,8.216084,1
32,d2,7,97,8.218708,1
32,d2,7,98,8.215958,1
32,d2,7,99,8.220209,1
32,d2,7,100,8.227709,1
32,d2,7,101,8.222125,1
32,d2,7,102,8.212000,1
32,d2,7,103,8.257750,1
32,d2,7,104,8.243250,1
32,d2,7,105,8.291125,1
32,d2,7,106,8.353084,1
32,d2,7,107,8.268708,1
32,d2,7,108,8.225875,1
32,d2,7,109,8.224125,1
32,d2,7,110,8.198334,1
32,d2,7,111,8.205333,1
32,d2,7,112,8.191333,1
32,d2,7,113,8.193542,1
32,d2,7,114,8.192208,1
32,d2,7,115,8.179583,1
32,d2,7,116,8.222708,1
32,d2,7,117,8.213083,1
32,d2,7,118,8.212958,1
32,d2,7,119,8.206041,1
32,d2,7,120,8.205500,1
32,d2,7,121,8.188667,1
32,d2,7,122,8.223041,1
32,d2,7,123,8.214666,1
32,d2,7,124,8.181417,1
32,d2,7,125,9.018875,1
32,d2,7,126,8.270458,1
32,d2,7,127,8.160708,1
32,d2,7,128,8.723417,1
32,d2,7,129,8.437083,1
32,d2,7,130,8.285875,1
32,d2,7,131,8.378333,1
32,d2,7,132,8.278208,1
32,d2,7,133,8.301375,1
32,d2,7,134,8.313750,1
32,d2,7,135,8.415791,1
32,d2,7,136,8.278792,1
32,d2,7,137,8.452542,1
32,d2,7,138,8.395959,1
32,d2,7,139,8.300667,1
32,d2,7,140,8.342667,1
32,d2,7,141,8.295500,1
32,d2,7,142,8.377250,1
32,d2,7,143,8.300208,1
32,d2,7,144,8.334166,1
32,d2,7,145,8.276250,1
32,d2,7,146,8.361917,1
32,d2,7,147,8.346084,1
32,d2,7,148,8.361542,1
32,d2,7,149,8.310291,1
32,d2,7,150,8.339917,1
32,d2,7,151,8.225125,1
32,d2,7,152,8.338708,1
32,d2,7,153,8.326167,1
32,d2,7,154,8.311375,1
32,d2,7,155,8.268166,1
32,d2,7,156,8.320459,1
32,d2,7,157,8.303292,1
32,d2,7,158,8.322792,1
32,d2,7,159,8.231959,1
33,ship,8,0,10.934583,0
33,ship,8,1,8.605833,0
33,ship,8,2,8.529709,0
33,ship,8,3,8.273875,0
33,ship,8,4,8.290750,0
33,ship,8,5,8.224417,0
33,ship,8,6,8.221000,0
33,ship,8,7,8.196625,0
33,ship,8,8,8.221709,1
33,ship,8,9,8.196375,1
33,ship,8,10,8.215291,1
33,ship,8,11,8.204792,1
33,ship,8,12,8.223333,1
33,ship,8,13,8.182167,1
33,ship,8,14,8.189375,1
33,ship,8,15,8.184875,1
33,ship,8,16,8.216166,1
33,ship,8,17,8.207209,1
33,ship,8,18,8.188667,1
33,ship,8,19,8.186041,1
33,ship,8,20,8.195083,1
33,ship,8,21,8.202084,1
33,ship,8,22,8.174209,1
33,ship,8,23,8.183708,1
33,ship,8,24,8.200791,1
33,ship,8,25,8.184375,1
33,ship,8,26,8.187750,1
33,ship,8,27,8.175292,1
33,ship,8,28,8.211125,1
33,ship,8,29,8.184042,1
33,ship,8,30,8.210709,1
33,ship,8,31,8.205833,1
33,ship,8,32,8.180000,1
33,ship,8,33,8.203625,1
33,ship,8,34,8.204084,1
33,ship,8,35,8.223208,1
33,ship,8,36,8.199417,1
33,ship,8,37,8.227875,1
33,ship,8,38,8.285334,1
33,ship,8,39,8.223458,1
33,ship,8,40,8.211625,1
33,ship,8,41,8.208416,1
33,ship,8,42,8.309875,1
33,ship,8,43,8.310625,1
33,ship,8,44,8.361041,1
33,ship,8,45,8.342833,1
33,ship,8,46,8.295500,1
33,ship,8,47,8.299167,1
33,ship,8,48,8.259416,1
33,ship,8,49,8.292500,1
33,ship,8,50,8.239833,1
33,ship,8,51,8.279250,1
33,ship,8,52,8.241625,1
33,ship,8,53,8.246917,1
33,ship,8,54,8.247292,1
33,ship,8,55,8.284375,1
33,ship,8,56,8.224750,1
33,ship,8,57,8.281125,1
33,ship,8,58,8.176500,1
33,ship,8,59,8.274375,1
33,ship,8,60,8.309417,1
33,ship,8,61,8.330625,1
33,ship,8,62,8.226000,1
33,ship,8,63,8.208583,1
33,ship,8,64,8.135292,1
33,ship,8,65,8.170792,1
33,ship,8,66,8.332958,1
33,ship,8,67,8.281042,1
33,ship,8,68,8.253000,1
33,ship,8,69,8.301291,1
33,ship,8,70,8.238625,1
33,ship,8,71,8.377583,1
33,ship,8,72,8.238750,1
33,ship,8,73,8.298959,1
33,ship,8,74,8.235167,1
33,ship,8,75,8.287208,1
33,ship,8,76,8.253583,1
33,ship,8,77,8.295708,1
33,ship,8,78,8.233792,1
33,ship,8,79,8.277417,1
33,ship,8,80,8.311167,1
33,ship,8,81,8.404792,1
33,ship,8,82,8.253167,1
33,ship,8,83,8.317250,1
33,ship,8,84,8.236333,1
33,ship,8,85,8.279125,1
33,ship,8,86,8.269667,1
33,ship,8,87,8.297000,1
33,ship,8,88,8.225667,1
33,ship,8,89,8.299333,1
33,ship,8,90,8.227292,1
33,ship,8,91,8.267375,1
33,ship,8,92,8.259750,1
33,ship,8,93,8.233500,1
33,ship,8,94,8.224625,1
33,ship,8,95,8.270500,1
33,ship,8,96,8.255000,1
33,ship,8,97,8.308583,1
33,ship,8,98,8.239333,1
33,ship,8,99,8.286709,1
33,ship,8,100,8.265167,1
33,ship,8,101,8.261167,1
33,ship,8,102,8.249708,1
33,ship,8,103,8.276292,1
33,ship,8,104,8.243542,1
33,ship,8,105,8.323875,1
33,ship,8,106,8.266000,1
33,ship,8,107,8.285916,1
33,ship,8,108,8.270500,1
33,ship,8,109,8.277125,1
33,ship,8,110,8.259417,1
33,ship,8,111,8.347875,1
33,ship,8,112,8.433375,1
33,ship,8,113,8.283166,1
33,ship,8,114,8.254583,1
33,ship,8,115,8.254250,1
33,ship,8,116,8.251042,1
33,ship,8,117,8.271958,1
33,ship,8,118,8.260167,1
33,ship,8,119,8.286917,1
33,ship,8,120,8.267167,1
33,ship,8,121,8.304667,1
33,ship,8,122,8.239250,1
33,ship,8,123,8.268541,1
33,ship,8,124,8.266875,1
33,ship,8,125,8.245708,1
33,ship,8,126,8.234375,1
33,ship,8,127,8.286833,1
33,ship,8,128,8.286833,1
33,ship,8,129,8.242750,1
33,ship,8,130,8.238083,1
33,ship,8,131,8.267542,1
33,ship,8,132,8.243125,1
33,ship,8,133,8.248459,1
33,ship,8,134,8.235125,1
33,ship,8,135,8.270500,1
33,ship,8,136,8.255542,1
33,ship,8,137,8.260125,1
33,ship,8,138,8.242709,1
33,ship,8,139,8.268167,1
33,ship,8,140,8.246541,1
33,ship,8,141,8.365000,1
33,ship,8,142,8.359291,1
33,ship,8,143,8.252833,1
33,ship,8,144,8.260125,1
33,ship,8,145,8.267083,1
33,ship,8,146,8.201875,1
33,ship,8,147,8.305334,1
33,ship,8,148,8.226250,1
33,ship,8,149,8.237250,1
33,ship,8,150,8.252500,1
33,ship,8,151,8.272500,1
33,ship,8,152,8.264042,1
33,ship,8,153,8.229125,1
33,ship,8,154,8.252333,1
33,ship,8,155,8.238500,1
33,ship,8,156,8.247083,1
33,ship,8,157,8.234750,1
33,ship,8,158,8.292834,1
33,ship,8,159,8.265500,1
34,ctl,8,0,9.369708,0
34,ctl,8,1,8.328292,0
34,ctl,8,2,8.254459,0
34,ctl,8,3,8.220042,0
34,ctl,8,4,8.230333,0
34,ctl,8,5,8.230333,0
34,ctl,8,6,8.257041,0
34,ctl,8,7,8.222208,0
34,ctl,8,8,8.227208,1
34,ctl,8,9,8.211542,1
34,ctl,8,10,8.243708,1
34,ctl,8,11,8.211375,1
34,ctl,8,12,8.243875,1
34,ctl,8,13,8.198334,1
34,ctl,8,14,8.189667,1
34,ctl,8,15,8.211375,1
34,ctl,8,16,8.237791,1
34,ctl,8,17,8.226500,1
34,ctl,8,18,8.243917,1
34,ctl,8,19,8.227167,1
34,ctl,8,20,8.226208,1
34,ctl,8,21,8.215416,1
34,ctl,8,22,8.237583,1
34,ctl,8,23,8.236042,1
34,ctl,8,24,8.232625,1
34,ctl,8,25,8.227250,1
34,ctl,8,26,8.255959,1
34,ctl,8,27,8.227542,1
34,ctl,8,28,8.249792,1
34,ctl,8,29,8.215791,1
34,ctl,8,30,8.222666,1
34,ctl,8,31,8.221375,1
34,ctl,8,32,8.259959,1
34,ctl,8,33,8.235833,1
34,ctl,8,34,8.259041,1
34,ctl,8,35,8.242375,1
34,ctl,8,36,8.268542,1
34,ctl,8,37,8.218584,1
34,ctl,8,38,8.222458,1
34,ctl,8,39,8.178250,1
34,ctl,8,40,8.215833,1
34,ctl,8,41,8.231542,1
34,ctl,8,42,8.233792,1
34,ctl,8,43,8.244584,1
34,ctl,8,44,8.228500,1
34,ctl,8,45,8.241583,1
34,ctl,8,46,8.243750,1
34,ctl,8,47,8.262000,1
34,ctl,8,48,8.205750,1
34,ctl,8,49,8.217167,1
34,ctl,8,50,8.241458,1
34,ctl,8,51,8.238416,1
34,ctl,8,52,8.223542,1
34,ctl,8,53,8.234333,1
34,ctl,8,54,8.222292,1
34,ctl,8,55,8.242084,1
34,ctl,8,56,8.205833,1
34,ctl,8,57,8.248459,1
34,ctl,8,58,8.320041,1
34,ctl,8,59,8.249375,1
34,ctl,8,60,8.225917,1
34,ctl,8,61,8.246208,1
34,ctl,8,62,8.222375,1
34,ctl,8,63,8.227750,1
34,ctl,8,64,8.229625,1
34,ctl,8,65,8.281292,1
34,ctl,8,66,8.225666,1
34,ctl,8,67,8.272250,1
34,ctl,8,68,8.277292,1
34,ctl,8,69,8.245041,1
34,ctl,8,70,8.254875,1
34,ctl,8,71,8.238792,1
34,ctl,8,72,8.219625,1
34,ctl,8,73,8.276833,1
34,ctl,8,74,8.213542,1
34,ctl,8,75,8.265208,1
34,ctl,8,76,8.253083,1
34,ctl,8,77,8.269416,1
34,ctl,8,78,8.266167,1
34,ctl,8,79,8.285417,1
34,ctl,8,80,8.227458,1
34,ctl,8,81,8.273834,1
34,ctl,8,82,8.214625,1
34,ctl,8,83,8.280542,1
34,ctl,8,84,8.255250,1
34,ctl,8,85,8.362750,1
34,ctl,8,86,8.289916,1
34,ctl,8,87,8.297125,1
34,ctl,8,88,8.297500,1
34,ctl,8,89,8.237916,1
34,ctl,8,90,8.231875,1
34,ctl,8,91,8.344667,1
34,ctl,8,92,8.232458,1
34,ctl,8,93,8.302750,1
34,ctl,8,94,8.226167,1
34,ctl,8,95,8.286958,1
34,ctl,8,96,8.225209,1
34,ctl,8,97,8.293875,1
34,ctl,8,98,8.252292,1
34,ctl,8,99,8.292666,1
34,ctl,8,100,8.241417,1
34,ctl,8,101,8.250917,1
34,ctl,8,102,8.240833,1
34,ctl,8,103,8.284375,1
34,ctl,8,104,8.242667,1
34,ctl,8,105,8.259250,1
34,ctl,8,106,8.240542,1
34,ctl,8,107,8.315792,1
34,ctl,8,108,8.252958,1
34,ctl,8,109,8.270833,1
34,ctl,8,110,8.225458,1
34,ctl,8,111,8.248750,1
34,ctl,8,112,8.226125,1
34,ctl,8,113,8.235667,1
34,ctl,8,114,8.215250,1
34,ctl,8,115,8.297084,1
34,ctl,8,116,8.364583,1
34,ctl,8,117,8.321292,1
34,ctl,8,118,8.249500,1
34,ctl,8,119,8.240417,1
34,ctl,8,120,8.229334,1
34,ctl,8,121,8.239917,1
34,ctl,8,122,8.207834,1
34,ctl,8,123,8.239333,1
34,ctl,8,124,8.256125,1
34,ctl,8,125,8.238125,1
34,ctl,8,126,8.238625,1
34,ctl,8,127,8.255500,1
34,ctl,8,128,8.230458,1
34,ctl,8,129,8.256708,1
34,ctl,8,130,8.249667,1
34,ctl,8,131,8.286041,1
34,ctl,8,132,8.251875,1
34,ctl,8,133,8.210667,1
34,ctl,8,134,8.244167,1
34,ctl,8,135,8.261750,1
34,ctl,8,136,8.245000,1
34,ctl,8,137,8.273083,1
34,ctl,8,138,8.267833,1
34,ctl,8,139,8.255333,1
34,ctl,8,140,8.291333,1
34,ctl,8,141,8.327750,1
34,ctl,8,142,8.251042,1
34,ctl,8,143,8.244875,1
34,ctl,8,144,8.265791,1
34,ctl,8,145,8.290583,1
34,ctl,8,146,8.341750,1
34,ctl,8,147,8.273458,1
34,ctl,8,148,8.262750,1
34,ctl,8,149,8.262542,1
34,ctl,8,150,8.261291,1
34,ctl,8,151,8.293750,1
34,ctl,8,152,8.283167,1
34,ctl,8,153,8.289584,1
34,ctl,8,154,8.253375,1
34,ctl,8,155,8.282000,1
34,ctl,8,156,8.259041,1
34,ctl,8,157,8.248917,1
34,ctl,8,158,8.258125,1
34,ctl,8,159,8.249167,1
