row_type,ordinal,family,pipeline,kind,grid_threads,threads_per_tg,threadgroups,simdgroups_per_tg,tg_launches,tg_per_core_C20,tg_per_core_C40,waves_dispatch_C20,waves_dispatch_C40,waves_resident_C40_R96simd,waves_resident_C40_Rcap24,residency_tg_per_core_simd_model,residency_tg_per_core_cap24_model,occupancy_class_C40,pr196_us_C40,calls_per_step,rule65_add_us_per_step,ordinal_list
family,,nvfp4_qkv_h64_r1_v1_lm1_pw1_se1_sd1_bfloat16_t_uint32_t_uint8_t_uint8_t_uint8_t_bfloat16_t,custom_kernel_laguna_decode_nvfp4_qkv_h64_r1_v1_lm1_pw1_se1_sd1_bfloat16_t_uint32_t_uint8_t_uint8_t_uint8_t_bfloat16_t,threads,327680,64,5120,2,153600,256.0,128.0,256,128,3,6,48,24,SATURATING,28496.55,30,70.209,"10,20,30,...,380,390"
family,,routed_nvfp4_swiglu_qmv_packed_top8keys_r1_bf16_v2_bfloat16_t_uint32_t_uint8_t_uint32_t_bfloat16_t,custom_kernel_laguna_routed_nvfp4_swiglu_qmv_packed_top8keys_r1_bf16_v2_bfloat16_t_uint32_t_uint8_t_uint32_t_bfloat16_t,threads,131072,64,2048,2,79872,102.4,51.2,103,52,2,3,48,24,SATURATING,15088.203,39,91.2717,"17,27,37,...,387,397"
family,,nvfp4_qkv_h48_r1_v1_lm1_pw1_se1_sd1_bfloat16_t_uint32_t_uint8_t_uint8_t_uint8_t_bfloat16_t,custom_kernel_laguna_decode_nvfp4_qkv_h48_r1_v1_lm1_pw1_se1_sd1_bfloat16_t_uint32_t_uint8_t_uint8_t_uint8_t_bfloat16_t,threads,262144,64,4096,2,40960,204.8,102.4,205,103,3,5,48,24,SATURATING,7646.85,10,23.403,"3,40,80,...,320,360"
family,,routed_shared_nvfp4_down_residual_bf16_sh_stage4_v6_bfloat16_t_uint32_t_uint8_t_uint32_t_float_bfloat16_t_uint32_t_uint8_t_bfloat16_t_bfloat16_t,custom_kernel_laguna_routed_shared_nvfp4_down_residual_bf16_sh_stage4_v6_bfloat16_t_uint32_t_uint8_t_uint32_t_float_bfloat16_t_uint32_t_uint8_t_bfloat16_t_bfloat16_t,threads,147456,288,512,9,19968,25.6,12.8,26,13,2,2,10,10,SATURATING,3820.635,39,91.2717,"18,28,38,...,388,398"
family,,shared_nvfp4_swiglu_qmv_rows1_halved_bf16_v1_bfloat16_t_uint32_t_uint8_t_bfloat16_t,custom_kernel_laguna_shared_nvfp4_swiglu_qmv_rows1_halved_bf16_v1_bfloat16_t_uint32_t_uint8_t_bfloat16_t,threads,16384,64,256,2,9984,12.8,6.4,13,7,1,1,48,24,SATURATING,2087.163,39,91.2717,"15,25,35,...,385,395"
family,,oproj_act_h64_v1_lm1_pw1_sc1_se1_bfloat16_t_bfloat16_t_uint32_t_uint8_t_uint8_t_uint8_t_bfloat16_t,custom_kernel_laguna_oproj_act_h64_v1_lm1_pw1_sc1_se1_bfloat16_t_bfloat16_t_uint32_t_uint8_t_uint8_t_uint8_t_bfloat16_t,threads,16384,64,256,2,7680,12.8,6.4,13,7,1,1,48,24,SATURATING,1605.51,30,70.209,"13,23,33,...,383,393"
family,,lmhead_int5_base_coarse_delta_bf16_v1_bfloat16_t_uint8_t_uint8_t_float_bfloat16_t,custom_kernel_laguna_lmhead_int5_base_coarse_delta_bf16_v1_bfloat16_t_uint8_t_uint8_t_float_bfloat16_t,threads,3211264,512,6272,16,6272,313.6,156.8,314,157,27,27,6,6,SATURATING,1164.717,1,2.3403,400
family,,lmhead_exact_fused_int5_sparse_refine_v1_float_bfloat16_t_floatc_bfloat16_t_bfloat16_t_uint8_t_uint8_t_bfloat16_t,custom_kernel_laguna_lmhead_exact_fused_int5_sparse_refine_v1_float_bfloat16_t_floatc_bfloat16_t_bfloat16_t_uint8_t_uint8_t_bfloat16_t,threads,802816,256,3136,8,3136,156.8,78.4,157,79,7,7,12,12,SATURATING,586.893,1,2.3403,403
family,,oproj_act_h48_v1_lm1_pw1_sc1_se1_bfloat16_t_bfloat16_t_uint32_t_uint8_t_uint8_t_uint8_t_bfloat16_t,custom_kernel_laguna_oproj_act_h48_v1_lm1_pw1_sc1_se1_bfloat16_t_bfloat16_t_uint32_t_uint8_t_uint8_t_uint8_t_bfloat16_t,threads,16384,64,256,2,2560,12.8,6.4,13,7,1,1,48,24,SATURATING,535.17,10,23.403,"5,43,83,...,323,363"
family,,residual_rms_router_bf16_2048_rpg8_keys_v1_pf1_bfloat16_t_bfloat16_t_bfloat16_t_bfloat16_t_float_bfloat16_t_bfloat16_t_bfloat16_t_uint32_t,custom_kernel_laguna_residual_rms_router_bf16_2048_rpg8_keys_v1_pf1_bfloat16_t_bfloat16_t_bfloat16_t_bfloat16_t_float_bfloat16_t_bfloat16_t_bfloat16_t_uint32_t,threads,16384,512,32,16,1248,1.6,0.8,2,1,1,1,6,6,SUB_C_UNDERFILL,353.691,39,91.2717,"14,24,34,...,384,394"
family,,sliding_fused_attn_ring_v1_bfloat16_t_bfloat16_t_bfloat16_t_bfloat16_t_bfloat16_t_float_bfloat16_t_bfloat16_t_uint32_tc_floatc_bfloat16_t,custom_kernel_laguna_sliding_fused_attn_ring_v1_bfloat16_t_bfloat16_t_bfloat16_t_bfloat16_t_bfloat16_t_float_bfloat16_t_bfloat16_t_uint32_tc_floatc_bfloat16_t,threads,32768,1024,32,32,960,1.6,0.8,2,1,1,1,3,3,SUB_C_UNDERFILL,272.07,30,70.209,"11,21,31,...,381,391"
family,,full_fused_attn_grow_v1_bfloat16_t_bfloat16_t_bfloat16_t_bfloat16_t_bfloat16_t_float_bfloat16_t_bfloat16_t_uint32_tc_floatc_bfloat16_t,custom_kernel_laguna_full_fused_attn_grow_v1_bfloat16_t_bfloat16_t_bfloat16_t_bfloat16_t_bfloat16_t_float_bfloat16_t_bfloat16_t_uint32_tc_floatc_bfloat16_t,threads,24576,1024,24,32,240,1.2,0.6,2,1,1,1,3,3,SUB_C_UNDERFILL,90.69,10,23.403,"4,41,81,...,321,361"
family,,gate_sp_h64_v1_bfloat16_t_uint32_t_bfloat16_t_bfloat16_t_bfloat16_t,custom_kernel_laguna_gate_sp_h64_v1_bfloat16_t_uint32_t_bfloat16_t_bfloat16_t_bfloat16_t,threads,512,64,8,2,240,0.4,0.2,1,1,1,1,48,24,SUB_C_UNDERFILL,272.07,30,70.209,"12,22,32,...,382,392"
family,,dense_gate_up_swiglu_bf16_v1_bfloat16_t_bfloat16_t_bfloat16_t,custom_kernel_laguna_dense_gate_up_swiglu_bf16_v1_bfloat16_t_bfloat16_t_bfloat16_t,threads,65536,512,128,16,128,6.4,3.2,7,4,1,1,6,6,NEAR_C,31.293,1,2.3403,7
family,,dense_down_residual_bf16_v1_bfloat16_t_bfloat16_t_bfloat16_t_bfloat16_t,custom_kernel_laguna_dense_down_residual_bf16_v1_bfloat16_t_bfloat16_t_bfloat16_t_bfloat16_t,threads,16384,128,128,4,128,6.4,3.2,7,4,1,1,24,24,NEAR_C,31.293,1,2.3403,8
family,,lmhead_coarse_argmax_stage1_v5_float_float_uint32_t,custom_kernel_laguna_lmhead_coarse_argmax_stage1_v5_float_float_uint32_t,threads,28672,224,128,7,128,6.4,3.2,7,4,1,1,13,13,NEAR_C,31.293,1,2.3403,401
family,,gather_frontbfloat16_int32_int_2,gather_frontbfloat16_int32_int_2,threads,50176,1024,49,32,98,2.45,1.225,3,2,1,1,3,3,NEAR_C,32.954,2,4.6806,"404,406"
family,,gate_sp_h48_v1_bfloat16_t_uint32_t_bfloat16_t_bfloat16_t_bfloat16_t,custom_kernel_laguna_gate_sp_h48_v1_bfloat16_t_uint32_t_bfloat16_t_bfloat16_t_bfloat16_t,threads,384,64,6,2,60,0.3,0.15,1,1,1,1,48,24,SUB_C_UNDERFILL,90.69,10,23.403,"2,42,82,...,322,362"
family,,vn_copybfloat16float32,vn_copybfloat16float32,threads,50176,1024,49,32,49,2.45,1.225,3,2,1,1,3,3,NEAR_C,16.477,1,2.3403,407
family,,rmsbfloat16,rmsbfloat16,threads,512,512,1,16,41,0.05,0.025,1,1,1,1,6,6,SINGLE_TG,371.829,41,95.9523,"1,9,19,...,389,399"
family,,prefill_router_tournament_ordinal_norm_active64_v2_bfloat16_t_float_uint32_t_float,custom_kernel_laguna_prefill_router_tournament_ordinal_norm_active64_v2_bfloat16_t_float_uint32_t_float,threads,256,256,1,8,39,0.05,0.025,1,1,1,1,12,12,SINGLE_TG,353.691,39,91.2717,"16,26,36,...,386,396"
family,,embedding_rope_atlas_bf16_2048_v2_int32_tc_bfloat16_t_float_float_int32_ts_bfloat16_t_float_float,custom_kernel_laguna_decode_embedding_rope_atlas_bf16_2048_v2_int32_tc_bfloat16_t_float_float_int32_ts_bfloat16_t_float_float,threads,512,512,1,16,1,0.05,0.025,1,1,1,1,6,6,SINGLE_TG,9.069,1,2.3403,0
family,,residual_rms_bf16_2048_v1_bfloat16_t_bfloat16_t_bfloat16_t_bfloat16_t_bfloat16_t,custom_kernel_laguna_residual_rms_bf16_2048_v1_bfloat16_t_bfloat16_t_bfloat16_t_bfloat16_t_bfloat16_t,threads,512,512,1,16,1,0.05,0.025,1,1,1,1,6,6,SINGLE_TG,9.069,1,2.3403,6
family,,lmhead_exact_winner_bf16_midpoint_threshold_v1_float_uint32_t_bfloat16_t_bfloat16_t_float,custom_kernel_laguna_lmhead_exact_winner_bf16_midpoint_threshold_v1_float_uint32_t_bfloat16_t_bfloat16_t_float,threads,32,32,1,1,1,0.05,0.025,1,1,1,1,96,24,SINGLE_TG,9.069,1,2.3403,402
family,,argmax_bfloat16,argmax_bfloat16,threads,1024,1024,1,32,1,0.05,0.025,1,1,1,1,3,3,SINGLE_TG,9.069,1,2.3403,405
ordinal,0,embedding_rope_atlas_bf16_2048_v2_int32_tc_bfloat16_t_float_float_int32_ts_bfloat16_t_float_float,custom_kernel_laguna_decode_embedding_rope_atlas_bf16_2048_v2_int32_tc_bfloat16_t_float_float_int32_ts_bfloat16_t_float_float,threads,512,512,1,16,1,0.05,0.025,1,1,1,1,6,6,SINGLE_TG,9.069,,,
ordinal,1,rmsbfloat16,rmsbfloat16,threads,512,512,1,16,1,0.05,0.025,1,1,1,1,6,6,SINGLE_TG,9.069,,,
ordinal,2,gate_sp_h48_v1_bfloat16_t_uint32_t_bfloat16_t_bfloat16_t_bfloat16_t,custom_kernel_laguna_gate_sp_h48_v1_bfloat16_t_uint32_t_bfloat16_t_bfloat16_t_bfloat16_t,threads,384,64,6,2,6,0.3,0.15,1,1,1,1,48,24,SUB_C_UNDERFILL,9.069,,,
ordinal,3,nvfp4_qkv_h48_r1_v1_lm1_pw1_se1_sd1_bfloat16_t_uint32_t_uint8_t_uint8_t_uint8_t_bfloat16_t,custom_kernel_laguna_decode_nvfp4_qkv_h48_r1_v1_lm1_pw1_se1_sd1_bfloat16_t_uint32_t_uint8_t_uint8_t_uint8_t_bfloat16_t,threads,262144,64,4096,2,4096,204.8,102.4,205,103,3,5,48,24,SATURATING,764.685,,,
ordinal,4,full_fused_attn_grow_v1_bfloat16_t_bfloat16_t_bfloat16_t_bfloat16_t_bfloat16_t_float_bfloat16_t_bfloat16_t_uint32_tc_floatc_bfloat16_t,custom_kernel_laguna_full_fused_attn_grow_v1_bfloat16_t_bfloat16_t_bfloat16_t_bfloat16_t_bfloat16_t_float_bfloat16_t_bfloat16_t_uint32_tc_floatc_bfloat16_t,threads,24576,1024,24,32,24,1.2,0.6,2,1,1,1,3,3,SUB_C_UNDERFILL,9.069,,,
ordinal,5,oproj_act_h48_v1_lm1_pw1_sc1_se1_bfloat16_t_bfloat16_t_uint32_t_uint8_t_uint8_t_uint8_t_bfloat16_t,custom_kernel_laguna_oproj_act_h48_v1_lm1_pw1_sc1_se1_bfloat16_t_bfloat16_t_uint32_t_uint8_t_uint8_t_uint8_t_bfloat16_t,threads,16384,64,256,2,256,12.8,6.4,13,7,1,1,48,24,SATURATING,53.517,,,
ordinal,6,residual_rms_bf16_2048_v1_bfloat16_t_bfloat16_t_bfloat16_t_bfloat16_t_bfloat16_t,custom_kernel_laguna_residual_rms_bf16_2048_v1_bfloat16_t_bfloat16_t_bfloat16_t_bfloat16_t_bfloat16_t,threads,512,512,1,16,1,0.05,0.025,1,1,1,1,6,6,SINGLE_TG,9.069,,,
ordinal,7,dense_gate_up_swiglu_bf16_v1_bfloat16_t_bfloat16_t_bfloat16_t,custom_kernel_laguna_dense_gate_up_swiglu_bf16_v1_bfloat16_t_bfloat16_t_bfloat16_t,threads,65536,512,128,16,128,6.4,3.2,7,4,1,1,6,6,NEAR_C,31.293,,,
ordinal,8,dense_down_residual_bf16_v1_bfloat16_t_bfloat16_t_bfloat16_t_bfloat16_t,custom_kernel_laguna_dense_down_residual_bf16_v1_bfloat16_t_bfloat16_t_bfloat16_t_bfloat16_t,threads,16384,128,128,4,128,6.4,3.2,7,4,1,1,24,24,NEAR_C,31.293,,,
ordinal,9,rmsbfloat16,rmsbfloat16,threads,512,512,1,16,1,0.05,0.025,1,1,1,1,6,6,SINGLE_TG,9.069,,,
ordinal,10,nvfp4_qkv_h64_r1_v1_lm1_pw1_se1_sd1_bfloat16_t_uint32_t_uint8_t_uint8_t_uint8_t_bfloat16_t,custom_kernel_laguna_decode_nvfp4_qkv_h64_r1_v1_lm1_pw1_se1_sd1_bfloat16_t_uint32_t_uint8_t_uint8_t_uint8_t_bfloat16_t,threads,327680,64,5120,2,5120,256.0,128.0,256,128,3,6,48,24,SATURATING,949.885,,,
ordinal,11,sliding_fused_attn_ring_v1_bfloat16_t_bfloat16_t_bfloat16_t_bfloat16_t_bfloat16_t_float_bfloat16_t_bfloat16_t_uint32_tc_floatc_bfloat16_t,custom_kernel_laguna_sliding_fused_attn_ring_v1_bfloat16_t_bfloat16_t_bfloat16_t_bfloat16_t_bfloat16_t_float_bfloat16_t_bfloat16_t_uint32_tc_floatc_bfloat16_t,threads,32768,1024,32,32,32,1.6,0.8,2,1,1,1,3,3,SUB_C_UNDERFILL,9.069,,,
ordinal,12,gate_sp_h64_v1_bfloat16_t_uint32_t_bfloat16_t_bfloat16_t_bfloat16_t,custom_kernel_laguna_gate_sp_h64_v1_bfloat16_t_uint32_t_bfloat16_t_bfloat16_t_bfloat16_t,threads,512,64,8,2,8,0.4,0.2,1,1,1,1,48,24,SUB_C_UNDERFILL,9.069,,,
ordinal,13,oproj_act_h64_v1_lm1_pw1_sc1_se1_bfloat16_t_bfloat16_t_uint32_t_uint8_t_uint8_t_uint8_t_bfloat16_t,custom_kernel_laguna_oproj_act_h64_v1_lm1_pw1_sc1_se1_bfloat16_t_bfloat16_t_uint32_t_uint8_t_uint8_t_uint8_t_bfloat16_t,threads,16384,64,256,2,256,12.8,6.4,13,7,1,1,48,24,SATURATING,53.517,,,
ordinal,14,residual_rms_router_bf16_2048_rpg8_keys_v1_pf1_bfloat16_t_bfloat16_t_bfloat16_t_bfloat16_t_float_bfloat16_t_bfloat16_t_bfloat16_t_uint32_t,custom_kernel_laguna_residual_rms_router_bf16_2048_rpg8_keys_v1_pf1_bfloat16_t_bfloat16_t_bfloat16_t_bfloat16_t_float_bfloat16_t_bfloat16_t_bfloat16_t_uint32_t,threads,16384,512,32,16,32,1.6,0.8,2,1,1,1,6,6,SUB_C_UNDERFILL,9.069,,,
ordinal,15,shared_nvfp4_swiglu_qmv_rows1_halved_bf16_v1_bfloat16_t_uint32_t_uint8_t_bfloat16_t,custom_kernel_laguna_shared_nvfp4_swiglu_qmv_rows1_halved_bf16_v1_bfloat16_t_uint32_t_uint8_t_bfloat16_t,threads,16384,64,256,2,256,12.8,6.4,13,7,1,1,48,24,SATURATING,53.517,,,
ordinal,16,prefill_router_tournament_ordinal_norm_active64_v2_bfloat16_t_float_uint32_t_float,custom_kernel_laguna_prefill_router_tournament_ordinal_norm_active64_v2_bfloat16_t_float_uint32_t_float,threads,256,256,1,8,1,0.05,0.025,1,1,1,1,12,12,SINGLE_TG,9.069,,,
ordinal,17,routed_nvfp4_swiglu_qmv_packed_top8keys_r1_bf16_v2_bfloat16_t_uint32_t_uint8_t_uint32_t_bfloat16_t,custom_kernel_laguna_routed_nvfp4_swiglu_qmv_packed_top8keys_r1_bf16_v2_bfloat16_t_uint32_t_uint8_t_uint32_t_bfloat16_t,threads,131072,64,2048,2,2048,102.4,51.2,103,52,2,3,48,24,SATURATING,386.877,,,
ordinal,18,routed_shared_nvfp4_down_residual_bf16_sh_stage4_v6_bfloat16_t_uint32_t_uint8_t_uint32_t_float_bfloat16_t_uint32_t_uint8_t_bfloat16_t_bfloat16_t,custom_kernel_laguna_routed_shared_nvfp4_down_residual_bf16_sh_stage4_v6_bfloat16_t_uint32_t_uint8_t_uint32_t_float_bfloat16_t_uint32_t_uint8_t_bfloat16_t_bfloat16_t,threads,147456,288,512,9,512,25.6,12.8,26,13,2,2,10,10,SATURATING,97.965,,,
ordinal,19,rmsbfloat16,rmsbfloat16,threads,512,512,1,16,1,0.05,0.025,1,1,1,1,6,6,SINGLE_TG,9.069,,,
ordinal,20,nvfp4_qkv_h64_r1_v1_lm1_pw1_se1_sd1_bfloat16_t_uint32_t_uint8_t_uint8_t_uint8_t_bfloat16_t,custom_kernel_laguna_decode_nvfp4_qkv_h64_r1_v1_lm1_pw1_se1_sd1_bfloat16_t_uint32_t_uint8_t_uint8_t_uint8_t_bfloat16_t,threads,327680,64,5120,2,5120,256.0,128.0,256,128,3,6,48,24,SATURATING,949.885,,,
ordinal,21,sliding_fused_attn_ring_v1_bfloat16_t_bfloat16_t_bfloat16_t_bfloat16_t_bfloat16_t_float_bfloat16_t_bfloat16_t_uint32_tc_floatc_bfloat16_t,custom_kernel_laguna_sliding_fused_attn_ring_v1_bfloat16_t_bfloat16_t_bfloat16_t_bfloat16_t_bfloat16_t_float_bfloat16_t_bfloat16_t_uint32_tc_floatc_bfloat16_t,threads,32768,1024,32,32,32,1.6,0.8,2,1,1,1,3,3,SUB_C_UNDERFILL,9.069,,,
ordinal,22,gate_sp_h64_v1_bfloat16_t_uint32_t_bfloat16_t_bfloat16_t_bfloat16_t,custom_kernel_laguna_gate_sp_h64_v1_bfloat16_t_uint32_t_bfloat16_t_bfloat16_t_bfloat16_t,threads,512,64,8,2,8,0.4,0.2,1,1,1,1,48,24,SUB_C_UNDERFILL,9.069,,,
ordinal,23,oproj_act_h64_v1_lm1_pw1_sc1_se1_bfloat16_t_bfloat16_t_uint32_t_uint8_t_uint8_t_uint8_t_bfloat16_t,custom_kernel_laguna_oproj_act_h64_v1_lm1_pw1_sc1_se1_bfloat16_t_bfloat16_t_uint32_t_uint8_t_uint8_t_uint8_t_bfloat16_t,threads,16384,64,256,2,256,12.8,6.4,13,7,1,1,48,24,SATURATING,53.517,,,
ordinal,24,residual_rms_router_bf16_2048_rpg8_keys_v1_pf1_bfloat16_t_bfloat16_t_bfloat16_t_bfloat16_t_float_bfloat16_t_bfloat16_t_bfloat16_t_uint32_t,custom_kernel_laguna_residual_rms_router_bf16_2048_rpg8_keys_v1_pf1_bfloat16_t_bfloat16_t_bfloat16_t_bfloat16_t_float_bfloat16_t_bfloat16_t_bfloat16_t_uint32_t,threads,16384,512,32,16,32,1.6,0.8,2,1,1,1,6,6,SUB_C_UNDERFILL,9.069,,,
ordinal,25,shared_nvfp4_swiglu_qmv_rows1_halved_bf16_v1_bfloat16_t_uint32_t_uint8_t_bfloat16_t,custom_kernel_laguna_shared_nvfp4_swiglu_qmv_rows1_halved_bf16_v1_bfloat16_t_uint32_t_uint8_t_bfloat16_t,threads,16384,64,256,2,256,12.8,6.4,13,7,1,1,48,24,SATURATING,53.517,,,
ordinal,26,prefill_router_tournament_ordinal_norm_active64_v2_bfloat16_t_float_uint32_t_float,custom_kernel_laguna_prefill_router_tournament_ordinal_norm_active64_v2_bfloat16_t_float_uint32_t_float,threads,256,256,1,8,1,0.05,0.025,1,1,1,1,12,12,SINGLE_TG,9.069,,,
ordinal,27,routed_nvfp4_swiglu_qmv_packed_top8keys_r1_bf16_v2_bfloat16_t_uint32_t_uint8_t_uint32_t_bfloat16_t,custom_kernel_laguna_routed_nvfp4_swiglu_qmv_packed_top8keys_r1_bf16_v2_bfloat16_t_uint32_t_uint8_t_uint32_t_bfloat16_t,threads,131072,64,2048,2,2048,102.4,51.2,103,52,2,3,48,24,SATURATING,386.877,,,
ordinal,28,routed_shared_nvfp4_down_residual_bf16_sh_stage4_v6_bfloat16_t_uint32_t_uint8_t_uint32_t_float_bfloat16_t_uint32_t_uint8_t_bfloat16_t_bfloat16_t,custom_kernel_laguna_routed_shared_nvfp4_down_residual_bf16_sh_stage4_v6_bfloat16_t_uint32_t_uint8_t_uint32_t_float_bfloat16_t_uint32_t_uint8_t_bfloat16_t_bfloat16_t,threads,147456,288,512,9,512,25.6,12.8,26,13,2,2,10,10,SATURATING,97.965,,,
ordinal,29,rmsbfloat16,rmsbfloat16,threads,512,512,1,16,1,0.05,0.025,1,1,1,1,6,6,SINGLE_TG,9.069,,,
ordinal,30,nvfp4_qkv_h64_r1_v1_lm1_pw1_se1_sd1_bfloat16_t_uint32_t_uint8_t_uint8_t_uint8_t_bfloat16_t,custom_kernel_laguna_decode_nvfp4_qkv_h64_r1_v1_lm1_pw1_se1_sd1_bfloat16_t_uint32_t_uint8_t_uint8_t_uint8_t_bfloat16_t,threads,327680,64,5120,2,5120,256.0,128.0,256,128,3,6,48,24,SATURATING,949.885,,,
ordinal,31,sliding_fused_attn_ring_v1_bfloat16_t_bfloat16_t_bfloat16_t_bfloat16_t_bfloat16_t_float_bfloat16_t_bfloat16_t_uint32_tc_floatc_bfloat16_t,custom_kernel_laguna_sliding_fused_attn_ring_v1_bfloat16_t_bfloat16_t_bfloat16_t_bfloat16_t_bfloat16_t_float_bfloat16_t_bfloat16_t_uint32_tc_floatc_bfloat16_t,threads,32768,1024,32,32,32,1.6,0.8,2,1,1,1,3,3,SUB_C_UNDERFILL,9.069,,,
ordinal,32,gate_sp_h64_v1_bfloat16_t_uint32_t_bfloat16_t_bfloat16_t_bfloat16_t,custom_kernel_laguna_gate_sp_h64_v1_bfloat16_t_uint32_t_bfloat16_t_bfloat16_t_bfloat16_t,threads,512,64,8,2,8,0.4,0.2,1,1,1,1,48,24,SUB_C_UNDERFILL,9.069,,,
ordinal,33,oproj_act_h64_v1_lm1_pw1_sc1_se1_bfloat16_t_bfloat16_t_uint32_t_uint8_t_uint8_t_uint8_t_bfloat16_t,custom_kernel_laguna_oproj_act_h64_v1_lm1_pw1_sc1_se1_bfloat16_t_bfloat16_t_uint32_t_uint8_t_uint8_t_uint8_t_bfloat16_t,threads,16384,64,256,2,256,12.8,6.4,13,7,1,1,48,24,SATURATING,53.517,,,
ordinal,34,residual_rms_router_bf16_2048_rpg8_keys_v1_pf1_bfloat16_t_bfloat16_t_bfloat16_t_bfloat16_t_float_bfloat16_t_bfloat16_t_bfloat16_t_uint32_t,custom_kernel_laguna_residual_rms_router_bf16_2048_rpg8_keys_v1_pf1_bfloat16_t_bfloat16_t_bfloat16_t_bfloat16_t_float_bfloat16_t_bfloat16_t_bfloat16_t_uint32_t,threads,16384,512,32,16,32,1.6,0.8,2,1,1,1,6,6,SUB_C_UNDERFILL,9.069,,,
ordinal,35,shared_nvfp4_swiglu_qmv_rows1_halved_bf16_v1_bfloat16_t_uint32_t_uint8_t_bfloat16_t,custom_kernel_laguna_shared_nvfp4_swiglu_qmv_rows1_halved_bf16_v1_bfloat16_t_uint32_t_uint8_t_bfloat16_t,threads,16384,64,256,2,256,12.8,6.4,13,7,1,1,48,24,SATURATING,53.517,,,
ordinal,36,prefill_router_tournament_ordinal_norm_active64_v2_bfloat16_t_float_uint32_t_float,custom_kernel_laguna_prefill_router_tournament_ordinal_norm_active64_v2_bfloat16_t_float_uint32_t_float,threads,256,256,1,8,1,0.05,0.025,1,1,1,1,12,12,SINGLE_TG,9.069,,,
ordinal,37,routed_nvfp4_swiglu_qmv_packed_top8keys_r1_bf16_v2_bfloat16_t_uint32_t_uint8_t_uint32_t_bfloat16_t,custom_kernel_laguna_routed_nvfp4_swiglu_qmv_packed_top8keys_r1_bf16_v2_bfloat16_t_uint32_t_uint8_t_uint32_t_bfloat16_t,threads,131072,64,2048,2,2048,102.4,51.2,103,52,2,3,48,24,SATURATING,386.877,,,
ordinal,38,routed_shared_nvfp4_down_residual_bf16_sh_stage4_v6_bfloat16_t_uint32_t_uint8_t_uint32_t_float_bfloat16_t_uint32_t_uint8_t_bfloat16_t_bfloat16_t,custom_kernel_laguna_routed_shared_nvfp4_down_residual_bf16_sh_stage4_v6_bfloat16_t_uint32_t_uint8_t_uint32_t_float_bfloat16_t_uint32_t_uint8_t_bfloat16_t_bfloat16_t,threads,147456,288,512,9,512,25.6,12.8,26,13,2,2,10,10,SATURATING,97.965,,,
ordinal,39,rmsbfloat16,rmsbfloat16,threads,512,512,1,16,1,0.05,0.025,1,1,1,1,6,6,SINGLE_TG,9.069,,,
ordinal,40,nvfp4_qkv_h48_r1_v1_lm1_pw1_se1_sd1_bfloat16_t_uint32_t_uint8_t_uint8_t_uint8_t_bfloat16_t,custom_kernel_laguna_decode_nvfp4_qkv_h48_r1_v1_lm1_pw1_se1_sd1_bfloat16_t_uint32_t_uint8_t_uint8_t_uint8_t_bfloat16_t,threads,262144,64,4096,2,4096,204.8,102.4,205,103,3,5,48,24,SATURATING,764.685,,,
ordinal,41,full_fused_attn_grow_v1_bfloat16_t_bfloat16_t_bfloat16_t_bfloat16_t_bfloat16_t_float_bfloat16_t_bfloat16_t_uint32_tc_floatc_bfloat16_t,custom_kernel_laguna_full_fused_attn_grow_v1_bfloat16_t_bfloat16_t_bfloat16_t_bfloat16_t_bfloat16_t_float_bfloat16_t_bfloat16_t_uint32_tc_floatc_bfloat16_t,threads,24576,1024,24,32,24,1.2,0.6,2,1,1,1,3,3,SUB_C_UNDERFILL,9.069,,,
ordinal,42,gate_sp_h48_v1_bfloat16_t_uint32_t_bfloat16_t_bfloat16_t_bfloat16_t,custom_kernel_laguna_gate_sp_h48_v1_bfloat16_t_uint32_t_bfloat16_t_bfloat16_t_bfloat16_t,threads,384,64,6,2,6,0.3,0.15,1,1,1,1,48,24,SUB_C_UNDERFILL,9.069,,,
ordinal,43,oproj_act_h48_v1_lm1_pw1_sc1_se1_bfloat16_t_bfloat16_t_uint32_t_uint8_t_uint8_t_uint8_t_bfloat16_t,custom_kernel_laguna_oproj_act_h48_v1_lm1_pw1_sc1_se1_bfloat16_t_bfloat16_t_uint32_t_uint8_t_uint8_t_uint8_t_bfloat16_t,threads,16384,64,256,2,256,12.8,6.4,13,7,1,1,48,24,SATURATING,53.517,,,
ordinal,44,residual_rms_router_bf16_2048_rpg8_keys_v1_pf1_bfloat16_t_bfloat16_t_bfloat16_t_bfloat16_t_float_bfloat16_t_bfloat16_t_bfloat16_t_uint32_t,custom_kernel_laguna_residual_rms_router_bf16_2048_rpg8_keys_v1_pf1_bfloat16_t_bfloat16_t_bfloat16_t_bfloat16_t_float_bfloat16_t_bfloat16_t_bfloat16_t_uint32_t,threads,16384,512,32,16,32,1.6,0.8,2,1,1,1,6,6,SUB_C_UNDERFILL,9.069,,,
ordinal,45,shared_nvfp4_swiglu_qmv_rows1_halved_bf16_v1_bfloat16_t_uint32_t_uint8_t_bfloat16_t,custom_kernel_laguna_shared_nvfp4_swiglu_qmv_rows1_halved_bf16_v1_bfloat16_t_uint32_t_uint8_t_bfloat16_t,threads,16384,64,256,2,256,12.8,6.4,13,7,1,1,48,24,SATURATING,53.517,,,
ordinal,46,prefill_router_tournament_ordinal_norm_active64_v2_bfloat16_t_float_uint32_t_float,custom_kernel_laguna_prefill_router_tournament_ordinal_norm_active64_v2_bfloat16_t_float_uint32_t_float,threads,256,256,1,8,1,0.05,0.025,1,1,1,1,12,12,SINGLE_TG,9.069,,,
ordinal,47,routed_nvfp4_swiglu_qmv_packed_top8keys_r1_bf16_v2_bfloat16_t_uint32_t_uint8_t_uint32_t_bfloat16_t,custom_kernel_laguna_routed_nvfp4_swiglu_qmv_packed_top8keys_r1_bf16_v2_bfloat16_t_uint32_t_uint8_t_uint32_t_bfloat16_t,threads,131072,64,2048,2,2048,102.4,51.2,103,52,2,3,48,24,SATURATING,386.877,,,
ordinal,48,routed_shared_nvfp4_down_residual_bf16_sh_stage4_v6_bfloat16_t_uint32_t_uint8_t_uint32_t_float_bfloat16_t_uint32_t_uint8_t_bfloat16_t_bfloat16_t,custom_kernel_laguna_routed_shared_nvfp4_down_residual_bf16_sh_stage4_v6_bfloat16_t_uint32_t_uint8_t_uint32_t_float_bfloat16_t_uint32_t_uint8_t_bfloat16_t_bfloat16_t,threads,147456,288,512,9,512,25.6,12.8,26,13,2,2,10,10,SATURATING,97.965,,,
ordinal,49,rmsbfloat16,rmsbfloat16,threads,512,512,1,16,1,0.05,0.025,1,1,1,1,6,6,SINGLE_TG,9.069,,,
ordinal,50,nvfp4_qkv_h64_r1_v1_lm1_pw1_se1_sd1_bfloat16_t_uint32_t_uint8_t_uint8_t_uint8_t_bfloat16_t,custom_kernel_laguna_decode_nvfp4_qkv_h64_r1_v1_lm1_pw1_se1_sd1_bfloat16_t_uint32_t_uint8_t_uint8_t_uint8_t_bfloat16_t,threads,327680,64,5120,2,5120,256.0,128.0,256,128,3,6,48,24,SATURATING,949.885,,,
ordinal,51,sliding_fused_attn_ring_v1_bfloat16_t_bfloat16_t_bfloat16_t_bfloat16_t_bfloat16_t_float_bfloat16_t_bfloat16_t_uint32_tc_floatc_bfloat16_t,custom_kernel_laguna_sliding_fused_attn_ring_v1_bfloat16_t_bfloat16_t_bfloat16_t_bfloat16_t_bfloat16_t_float_bfloat16_t_bfloat16_t_uint32_tc_floatc_bfloat16_t,threads,32768,1024,32,32,32,1.6,0.8,2,1,1,1,3,3,SUB_C_UNDERFILL,9.069,,,
ordinal,52,gate_sp_h64_v1_bfloat16_t_uint32_t_bfloat16_t_bfloat16_t_bfloat16_t,custom_kernel_laguna_gate_sp_h64_v1_bfloat16_t_uint32_t_bfloat16_t_bfloat16_t_bfloat16_t,threads,512,64,8,2,8,0.4,0.2,1,1,1,1,48,24,SUB_C_UNDERFILL,9.069,,,
ordinal,53,oproj_act_h64_v1_lm1_pw1_sc1_se1_bfloat16_t_bfloat16_t_uint32_t_uint8_t_uint8_t_uint8_t_bfloat16_t,custom_kernel_laguna_oproj_act_h64_v1_lm1_pw1_sc1_se1_bfloat16_t_bfloat16_t_uint32_t_uint8_t_uint8_t_uint8_t_bfloat16_t,threads,16384,64,256,2,256,12.8,6.4,13,7,1,1,48,24,SATURATING,53.517,,,
ordinal,54,residual_rms_router_bf16_2048_rpg8_keys_v1_pf1_bfloat16_t_bfloat16_t_bfloat16_t_bfloat16_t_float_bfloat16_t_bfloat16_t_bfloat16_t_uint32_t,custom_kernel_laguna_residual_rms_router_bf16_2048_rpg8_keys_v1_pf1_bfloat16_t_bfloat16_t_bfloat16_t_bfloat16_t_float_bfloat16_t_bfloat16_t_bfloat16_t_uint32_t,threads,16384,512,32,16,32,1.6,0.8,2,1,1,1,6,6,SUB_C_UNDERFILL,9.069,,,
ordinal,55,shared_nvfp4_swiglu_qmv_rows1_halved_bf16_v1_bfloat16_t_uint32_t_uint8_t_bfloat16_t,custom_kernel_laguna_shared_nvfp4_swiglu_qmv_rows1_halved_bf16_v1_bfloat16_t_uint32_t_uint8_t_bfloat16_t,threads,16384,64,256,2,256,12.8,6.4,13,7,1,1,48,24,SATURATING,53.517,,,
ordinal,56,prefill_router_tournament_ordinal_norm_active64_v2_bfloat16_t_float_uint32_t_float,custom_kernel_laguna_prefill_router_tournament_ordinal_norm_active64_v2_bfloat16_t_float_uint32_t_float,threads,256,256,1,8,1,0.05,0.025,1,1,1,1,12,12,SINGLE_TG,9.069,,,
ordinal,57,routed_nvfp4_swiglu_qmv_packed_top8keys_r1_bf16_v2_bfloat16_t_uint32_t_uint8_t_uint32_t_bfloat16_t,custom_kernel_laguna_routed_nvfp4_swiglu_qmv_packed_top8keys_r1_bf16_v2_bfloat16_t_uint32_t_uint8_t_uint32_t_bfloat16_t,threads,131072,64,2048,2,2048,102.4,51.2,103,52,2,3,48,24,SATURATING,386.877,,,
ordinal,58,routed_shared_nvfp4_down_residual_bf16_sh_stage4_v6_bfloat16_t_uint32_t_uint8_t_uint32_t_float_bfloat16_t_uint32_t_uint8_t_bfloat16_t_bfloat16_t,custom_kernel_laguna_routed_shared_nvfp4_down_residual_bf16_sh_stage4_v6_bfloat16_t_uint32_t_uint8_t_uint32_t_float_bfloat16_t_uint32_t_uint8_t_bfloat16_t_bfloat16_t,threads,147456,288,512,9,512,25.6,12.8,26,13,2,2,10,10,SATURATING,97.965,,,
ordinal,59,rmsbfloat16,rmsbfloat16,threads,512,512,1,16,1,0.05,0.025,1,1,1,1,6,6,SINGLE_TG,9.069,,,
ordinal,60,nvfp4_qkv_h64_r1_v1_lm1_pw1_se1_sd1_bfloat16_t_uint32_t_uint8_t_uint8_t_uint8_t_bfloat16_t,custom_kernel_laguna_decode_nvfp4_qkv_h64_r1_v1_lm1_pw1_se1_sd1_bfloat16_t_uint32_t_uint8_t_uint8_t_uint8_t_bfloat16_t,threads,327680,64,5120,2,5120,256.0,128.0,256,128,3,6,48,24,SATURATING,949.885,,,
ordinal,61,sliding_fused_attn_ring_v1_bfloat16_t_bfloat16_t_bfloat16_t_bfloat16_t_bfloat16_t_float_bfloat16_t_bfloat16_t_uint32_tc_floatc_bfloat16_t,custom_kernel_laguna_sliding_fused_attn_ring_v1_bfloat16_t_bfloat16_t_bfloat16_t_bfloat16_t_bfloat16_t_float_bfloat16_t_bfloat16_t_uint32_tc_floatc_bfloat16_t,threads,32768,1024,32,32,32,1.6,0.8,2,1,1,1,3,3,SUB_C_UNDERFILL,9.069,,,
ordinal,62,gate_sp_h64_v1_bfloat16_t_uint32_t_bfloat16_t_bfloat16_t_bfloat16_t,custom_kernel_laguna_gate_sp_h64_v1_bfloat16_t_uint32_t_bfloat16_t_bfloat16_t_bfloat16_t,threads,512,64,8,2,8,0.4,0.2,1,1,1,1,48,24,SUB_C_UNDERFILL,9.069,,,
ordinal,63,oproj_act_h64_v1_lm1_pw1_sc1_se1_bfloat16_t_bfloat16_t_uint32_t_uint8_t_uint8_t_uint8_t_bfloat16_t,custom_kernel_laguna_oproj_act_h64_v1_lm1_pw1_sc1_se1_bfloat16_t_bfloat16_t_uint32_t_uint8_t_uint8_t_uint8_t_bfloat16_t,threads,16384,64,256,2,256,12.8,6.4,13,7,1,1,48,24,SATURATING,53.517,,,
ordinal,64,residual_rms_router_bf16_2048_rpg8_keys_v1_pf1_bfloat16_t_bfloat16_t_bfloat16_t_bfloat16_t_float_bfloat16_t_bfloat16_t_bfloat16_t_uint32_t,custom_kernel_laguna_residual_rms_router_bf16_2048_rpg8_keys_v1_pf1_bfloat16_t_bfloat16_t_bfloat16_t_bfloat16_t_float_bfloat16_t_bfloat16_t_bfloat16_t_uint32_t,threads,16384,512,32,16,32,1.6,0.8,2,1,1,1,6,6,SUB_C_UNDERFILL,9.069,,,
ordinal,65,shared_nvfp4_swiglu_qmv_rows1_halved_bf16_v1_bfloat16_t_uint32_t_uint8_t_bfloat16_t,custom_kernel_laguna_shared_nvfp4_swiglu_qmv_rows1_halved_bf16_v1_bfloat16_t_uint32_t_uint8_t_bfloat16_t,threads,16384,64,256,2,256,12.8,6.4,13,7,1,1,48,24,SATURATING,53.517,,,
ordinal,66,prefill_router_tournament_ordinal_norm_active64_v2_bfloat16_t_float_uint32_t_float,custom_kernel_laguna_prefill_router_tournament_ordinal_norm_active64_v2_bfloat16_t_float_uint32_t_float,threads,256,256,1,8,1,0.05,0.025,1,1,1,1,12,12,SINGLE_TG,9.069,,,
ordinal,67,routed_nvfp4_swiglu_qmv_packed_top8keys_r1_bf16_v2_bfloat16_t_uint32_t_uint8_t_uint32_t_bfloat16_t,custom_kernel_laguna_routed_nvfp4_swiglu_qmv_packed_top8keys_r1_bf16_v2_bfloat16_t_uint32_t_uint8_t_uint32_t_bfloat16_t,threads,131072,64,2048,2,2048,102.4,51.2,103,52,2,3,48,24,SATURATING,386.877,,,
ordinal,68,routed_shared_nvfp4_down_residual_bf16_sh_stage4_v6_bfloat16_t_uint32_t_uint8_t_uint32_t_float_bfloat16_t_uint32_t_uint8_t_bfloat16_t_bfloat16_t,custom_kernel_laguna_routed_shared_nvfp4_down_residual_bf16_sh_stage4_v6_bfloat16_t_uint32_t_uint8_t_uint32_t_float_bfloat16_t_uint32_t_uint8_t_bfloat16_t_bfloat16_t,threads,147456,288,512,9,512,25.6,12.8,26,13,2,2,10,10,SATURATING,97.965,,,
ordinal,69,rmsbfloat16,rmsbfloat16,threads,512,512,1,16,1,0.05,0.025,1,1,1,1,6,6,SINGLE_TG,9.069,,,
ordinal,70,nvfp4_qkv_h64_r1_v1_lm1_pw1_se1_sd1_bfloat16_t_uint32_t_uint8_t_uint8_t_uint8_t_bfloat16_t,custom_kernel_laguna_decode_nvfp4_qkv_h64_r1_v1_lm1_pw1_se1_sd1_bfloat16_t_uint32_t_uint8_t_uint8_t_uint8_t_bfloat16_t,threads,327680,64,5120,2,5120,256.0,128.0,256,128,3,6,48,24,SATURATING,949.885,,,
ordinal,71,sliding_fused_attn_ring_v1_bfloat16_t_bfloat16_t_bfloat16_t_bfloat16_t_bfloat16_t_float_bfloat16_t_bfloat16_t_uint32_tc_floatc_bfloat16_t,custom_kernel_laguna_sliding_fused_attn_ring_v1_bfloat16_t_bfloat16_t_bfloat16_t_bfloat16_t_bfloat16_t_float_bfloat16_t_bfloat16_t_uint32_tc_floatc_bfloat16_t,threads,32768,1024,32,32,32,1.6,0.8,2,1,1,1,3,3,SUB_C_UNDERFILL,9.069,,,
ordinal,72,gate_sp_h64_v1_bfloat16_t_uint32_t_bfloat16_t_bfloat16_t_bfloat16_t,custom_kernel_laguna_gate_sp_h64_v1_bfloat16_t_uint32_t_bfloat16_t_bfloat16_t_bfloat16_t,threads,512,64,8,2,8,0.4,0.2,1,1,1,1,48,24,SUB_C_UNDERFILL,9.069,,,
ordinal,73,oproj_act_h64_v1_lm1_pw1_sc1_se1_bfloat16_t_bfloat16_t_uint32_t_uint8_t_uint8_t_uint8_t_bfloat16_t,custom_kernel_laguna_oproj_act_h64_v1_lm1_pw1_sc1_se1_bfloat16_t_bfloat16_t_uint32_t_uint8_t_uint8_t_uint8_t_bfloat16_t,threads,16384,64,256,2,256,12.8,6.4,13,7,1,1,48,24,SATURATING,53.517,,,
ordinal,74,residual_rms_router_bf16_2048_rpg8_keys_v1_pf1_bfloat16_t_bfloat16_t_bfloat16_t_bfloat16_t_float_bfloat16_t_bfloat16_t_bfloat16_t_uint32_t,custom_kernel_laguna_residual_rms_router_bf16_2048_rpg8_keys_v1_pf1_bfloat16_t_bfloat16_t_bfloat16_t_bfloat16_t_float_bfloat16_t_bfloat16_t_bfloat16_t_uint32_t,threads,16384,512,32,16,32,1.6,0.8,2,1,1,1,6,6,SUB_C_UNDERFILL,9.069,,,
ordinal,75,shared_nvfp4_swiglu_qmv_rows1_halved_bf16_v1_bfloat16_t_uint32_t_uint8_t_bfloat16_t,custom_kernel_laguna_shared_nvfp4_swiglu_qmv_rows1_halved_bf16_v1_bfloat16_t_uint32_t_uint8_t_bfloat16_t,threads,16384,64,256,2,256,12.8,6.4,13,7,1,1,48,24,SATURATING,53.517,,,
ordinal,76,prefill_router_tournament_ordinal_norm_active64_v2_bfloat16_t_float_uint32_t_float,custom_kernel_laguna_prefill_router_tournament_ordinal_norm_active64_v2_bfloat16_t_float_uint32_t_float,threads,256,256,1,8,1,0.05,0.025,1,1,1,1,12,12,SINGLE_TG,9.069,,,
ordinal,77,routed_nvfp4_swiglu_qmv_packed_top8keys_r1_bf16_v2_bfloat16_t_uint32_t_uint8_t_uint32_t_bfloat16_t,custom_kernel_laguna_routed_nvfp4_swiglu_qmv_packed_top8keys_r1_bf16_v2_bfloat16_t_uint32_t_uint8_t_uint32_t_bfloat16_t,threads,131072,64,2048,2,2048,102.4,51.2,103,52,2,3,48,24,SATURATING,386.877,,,
ordinal,78,routed_shared_nvfp4_down_residual_bf16_sh_stage4_v6_bfloat16_t_uint32_t_uint8_t_uint32_t_float_bfloat16_t_uint32_t_uint8_t_bfloat16_t_bfloat16_t,custom_kernel_laguna_routed_shared_nvfp4_down_residual_bf16_sh_stage4_v6_bfloat16_t_uint32_t_uint8_t_uint32_t_float_bfloat16_t_uint32_t_uint8_t_bfloat16_t_bfloat16_t,threads,147456,288,512,9,512,25.6,12.8,26,13,2,2,10,10,SATURATING,97.965,,,
ordinal,79,rmsbfloat16,rmsbfloat16,threads,512,512,1,16,1,0.05,0.025,1,1,1,1,6,6,SINGLE_TG,9.069,,,
ordinal,80,nvfp4_qkv_h48_r1_v1_lm1_pw1_se1_sd1_bfloat16_t_uint32_t_uint8_t_uint8_t_uint8_t_bfloat16_t,custom_kernel_laguna_decode_nvfp4_qkv_h48_r1_v1_lm1_pw1_se1_sd1_bfloat16_t_uint32_t_uint8_t_uint8_t_uint8_t_bfloat16_t,threads,262144,64,4096,2,4096,204.8,102.4,205,103,3,5,48,24,SATURATING,764.685,,,
ordinal,81,full_fused_attn_grow_v1_bfloat16_t_bfloat16_t_bfloat16_t_bfloat16_t_bfloat16_t_float_bfloat16_t_bfloat16_t_uint32_tc_floatc_bfloat16_t,custom_kernel_laguna_full_fused_attn_grow_v1_bfloat16_t_bfloat16_t_bfloat16_t_bfloat16_t_bfloat16_t_float_bfloat16_t_bfloat16_t_uint32_tc_floatc_bfloat16_t,threads,24576,1024,24,32,24,1.2,0.6,2,1,1,1,3,3,SUB_C_UNDERFILL,9.069,,,
ordinal,82,gate_sp_h48_v1_bfloat16_t_uint32_t_bfloat16_t_bfloat16_t_bfloat16_t,custom_kernel_laguna_gate_sp_h48_v1_bfloat16_t_uint32_t_bfloat16_t_bfloat16_t_bfloat16_t,threads,384,64,6,2,6,0.3,0.15,1,1,1,1,48,24,SUB_C_UNDERFILL,9.069,,,
ordinal,83,oproj_act_h48_v1_lm1_pw1_sc1_se1_bfloat16_t_bfloat16_t_uint32_t_uint8_t_uint8_t_uint8_t_bfloat16_t,custom_kernel_laguna_oproj_act_h48_v1_lm1_pw1_sc1_se1_bfloat16_t_bfloat16_t_uint32_t_uint8_t_uint8_t_uint8_t_bfloat16_t,threads,16384,64,256,2,256,12.8,6.4,13,7,1,1,48,24,SATURATING,53.517,,,
ordinal,84,residual_rms_router_bf16_2048_rpg8_keys_v1_pf1_bfloat16_t_bfloat16_t_bfloat16_t_bfloat16_t_float_bfloat16_t_bfloat16_t_bfloat16_t_uint32_t,custom_kernel_laguna_residual_rms_router_bf16_2048_rpg8_keys_v1_pf1_bfloat16_t_bfloat16_t_bfloat16_t_bfloat16_t_float_bfloat16_t_bfloat16_t_bfloat16_t_uint32_t,threads,16384,512,32,16,32,1.6,0.8,2,1,1,1,6,6,SUB_C_UNDERFILL,9.069,,,
ordinal,85,shared_nvfp4_swiglu_qmv_rows1_halved_bf16_v1_bfloat16_t_uint32_t_uint8_t_bfloat16_t,custom_kernel_laguna_shared_nvfp4_swiglu_qmv_rows1_halved_bf16_v1_bfloat16_t_uint32_t_uint8_t_bfloat16_t,threads,16384,64,256,2,256,12.8,6.4,13,7,1,1,48,24,SATURATING,53.517,,,
ordinal,86,prefill_router_tournament_ordinal_norm_active64_v2_bfloat16_t_float_uint32_t_float,custom_kernel_laguna_prefill_router_tournament_ordinal_norm_active64_v2_bfloat16_t_float_uint32_t_float,threads,256,256,1,8,1,0.05,0.025,1,1,1,1,12,12,SINGLE_TG,9.069,,,
ordinal,87,routed_nvfp4_swiglu_qmv_packed_top8keys_r1_bf16_v2_bfloat16_t_uint32_t_uint8_t_uint32_t_bfloat16_t,custom_kernel_laguna_routed_nvfp4_swiglu_qmv_packed_top8keys_r1_bf16_v2_bfloat16_t_uint32_t_uint8_t_uint32_t_bfloat16_t,threads,131072,64,2048,2,2048,102.4,51.2,103,52,2,3,48,24,SATURATING,386.877,,,
ordinal,88,routed_shared_nvfp4_down_residual_bf16_sh_stage4_v6_bfloat16_t_uint32_t_uint8_t_uint32_t_float_bfloat16_t_uint32_t_uint8_t_bfloat16_t_bfloat16_t,custom_kernel_laguna_routed_shared_nvfp4_down_residual_bf16_sh_stage4_v6_bfloat16_t_uint32_t_uint8_t_uint32_t_float_bfloat16_t_uint32_t_uint8_t_bfloat16_t_bfloat16_t,threads,147456,288,512,9,512,25.6,12.8,26,13,2,2,10,10,SATURATING,97.965,,,
ordinal,89,rmsbfloat16,rmsbfloat16,threads,512,512,1,16,1,0.05,0.025,1,1,1,1,6,6,SINGLE_TG,9.069,,,
ordinal,90,nvfp4_qkv_h64_r1_v1_lm1_pw1_se1_sd1_bfloat16_t_uint32_t_uint8_t_uint8_t_uint8_t_bfloat16_t,custom_kernel_laguna_decode_nvfp4_qkv_h64_r1_v1_lm1_pw1_se1_sd1_bfloat16_t_uint32_t_uint8_t_uint8_t_uint8_t_bfloat16_t,threads,327680,64,5120,2,5120,256.0,128.0,256,128,3,6,48,24,SATURATING,949.885,,,
ordinal,91,sliding_fused_attn_ring_v1_bfloat16_t_bfloat16_t_bfloat16_t_bfloat16_t_bfloat16_t_float_bfloat16_t_bfloat16_t_uint32_tc_floatc_bfloat16_t,custom_kernel_laguna_sliding_fused_attn_ring_v1_bfloat16_t_bfloat16_t_bfloat16_t_bfloat16_t_bfloat16_t_float_bfloat16_t_bfloat16_t_uint32_tc_floatc_bfloat16_t,threads,32768,1024,32,32,32,1.6,0.8,2,1,1,1,3,3,SUB_C_UNDERFILL,9.069,,,
ordinal,92,gate_sp_h64_v1_bfloat16_t_uint32_t_bfloat16_t_bfloat16_t_bfloat16_t,custom_kernel_laguna_gate_sp_h64_v1_bfloat16_t_uint32_t_bfloat16_t_bfloat16_t_bfloat16_t,threads,512,64,8,2,8,0.4,0.2,1,1,1,1,48,24,SUB_C_UNDERFILL,9.069,,,
ordinal,93,oproj_act_h64_v1_lm1_pw1_sc1_se1_bfloat16_t_bfloat16_t_uint32_t_uint8_t_uint8_t_uint8_t_bfloat16_t,custom_kernel_laguna_oproj_act_h64_v1_lm1_pw1_sc1_se1_bfloat16_t_bfloat16_t_uint32_t_uint8_t_uint8_t_uint8_t_bfloat16_t,threads,16384,64,256,2,256,12.8,6.4,13,7,1,1,48,24,SATURATING,53.517,,,
ordinal,94,residual_rms_router_bf16_2048_rpg8_keys_v1_pf1_bfloat16_t_bfloat16_t_bfloat16_t_bfloat16_t_float_bfloat16_t_bfloat16_t_bfloat16_t_uint32_t,custom_kernel_laguna_residual_rms_router_bf16_2048_rpg8_keys_v1_pf1_bfloat16_t_bfloat16_t_bfloat16_t_bfloat16_t_float_bfloat16_t_bfloat16_t_bfloat16_t_uint32_t,threads,16384,512,32,16,32,1.6,0.8,2,1,1,1,6,6,SUB_C_UNDERFILL,9.069,,,
ordinal,95,shared_nvfp4_swiglu_qmv_rows1_halved_bf16_v1_bfloat16_t_uint32_t_uint8_t_bfloat16_t,custom_kernel_laguna_shared_nvfp4_swiglu_qmv_rows1_halved_bf16_v1_bfloat16_t_uint32_t_uint8_t_bfloat16_t,threads,16384,64,256,2,256,12.8,6.4,13,7,1,1,48,24,SATURATING,53.517,,,
ordinal,96,prefill_router_tournament_ordinal_norm_active64_v2_bfloat16_t_float_uint32_t_float,custom_kernel_laguna_prefill_router_tournament_ordinal_norm_active64_v2_bfloat16_t_float_uint32_t_float,threads,256,256,1,8,1,0.05,0.025,1,1,1,1,12,12,SINGLE_TG,9.069,,,
ordinal,97,routed_nvfp4_swiglu_qmv_packed_top8keys_r1_bf16_v2_bfloat16_t_uint32_t_uint8_t_uint32_t_bfloat16_t,custom_kernel_laguna_routed_nvfp4_swiglu_qmv_packed_top8keys_r1_bf16_v2_bfloat16_t_uint32_t_uint8_t_uint32_t_bfloat16_t,threads,131072,64,2048,2,2048,102.4,51.2,103,52,2,3,48,24,SATURATING,386.877,,,
ordinal,98,routed_shared_nvfp4_down_residual_bf16_sh_stage4_v6_bfloat16_t_uint32_t_uint8_t_uint32_t_float_bfloat16_t_uint32_t_uint8_t_bfloat16_t_bfloat16_t,custom_kernel_laguna_routed_shared_nvfp4_down_residual_bf16_sh_stage4_v6_bfloat16_t_uint32_t_uint8_t_uint32_t_float_bfloat16_t_uint32_t_uint8_t_bfloat16_t_bfloat16_t,threads,147456,288,512,9,512,25.6,12.8,26,13,2,2,10,10,SATURATING,97.965,,,
ordinal,99,rmsbfloat16,rmsbfloat16,threads,512,512,1,16,1,0.05,0.025,1,1,1,1,6,6,SINGLE_TG,9.069,,,
ordinal,100,nvfp4_qkv_h64_r1_v1_lm1_pw1_se1_sd1_bfloat16_t_uint32_t_uint8_t_uint8_t_uint8_t_bfloat16_t,custom_kernel_laguna_decode_nvfp4_qkv_h64_r1_v1_lm1_pw1_se1_sd1_bfloat16_t_uint32_t_uint8_t_uint8_t_uint8_t_bfloat16_t,threads,327680,64,5120,2,5120,256.0,128.0,256,128,3,6,48,24,SATURATING,949.885,,,
ordinal,101,sliding_fused_attn_ring_v1_bfloat16_t_bfloat16_t_bfloat16_t_bfloat16_t_bfloat16_t_float_bfloat16_t_bfloat16_t_uint32_tc_floatc_bfloat16_t,custom_kernel_laguna_sliding_fused_attn_ring_v1_bfloat16_t_bfloat16_t_bfloat16_t_bfloat16_t_bfloat16_t_float_bfloat16_t_bfloat16_t_uint32_tc_floatc_bfloat16_t,threads,32768,1024,32,32,32,1.6,0.8,2,1,1,1,3,3,SUB_C_UNDERFILL,9.069,,,
ordinal,102,gate_sp_h64_v1_bfloat16_t_uint32_t_bfloat16_t_bfloat16_t_bfloat16_t,custom_kernel_laguna_gate_sp_h64_v1_bfloat16_t_uint32_t_bfloat16_t_bfloat16_t_bfloat16_t,threads,512,64,8,2,8,0.4,0.2,1,1,1,1,48,24,SUB_C_UNDERFILL,9.069,,,
ordinal,103,oproj_act_h64_v1_lm1_pw1_sc1_se1_bfloat16_t_bfloat16_t_uint32_t_uint8_t_uint8_t_uint8_t_bfloat16_t,custom_kernel_laguna_oproj_act_h64_v1_lm1_pw1_sc1_se1_bfloat16_t_bfloat16_t_uint32_t_uint8_t_uint8_t_uint8_t_bfloat16_t,threads,16384,64,256,2,256,12.8,6.4,13,7,1,1,48,24,SATURATING,53.517,,,
ordinal,104,residual_rms_router_bf16_2048_rpg8_keys_v1_pf1_bfloat16_t_bfloat16_t_bfloat16_t_bfloat16_t_float_bfloat16_t_bfloat16_t_bfloat16_t_uint32_t,custom_kernel_laguna_residual_rms_router_bf16_2048_rpg8_keys_v1_pf1_bfloat16_t_bfloat16_t_bfloat16_t_bfloat16_t_float_bfloat16_t_bfloat16_t_bfloat16_t_uint32_t,threads,16384,512,32,16,32,1.6,0.8,2,1,1,1,6,6,SUB_C_UNDERFILL,9.069,,,
ordinal,105,shared_nvfp4_swiglu_qmv_rows1_halved_bf16_v1_bfloat16_t_uint32_t_uint8_t_bfloat16_t,custom_kernel_laguna_shared_nvfp4_swiglu_qmv_rows1_halved_bf16_v1_bfloat16_t_uint32_t_uint8_t_bfloat16_t,threads,16384,64,256,2,256,12.8,6.4,13,7,1,1,48,24,SATURATING,53.517,,,
ordinal,106,prefill_router_tournament_ordinal_norm_active64_v2_bfloat16_t_float_uint32_t_float,custom_kernel_laguna_prefill_router_tournament_ordinal_norm_active64_v2_bfloat16_t_float_uint32_t_float,threads,256,256,1,8,1,0.05,0.025,1,1,1,1,12,12,SINGLE_TG,9.069,,,
ordinal,107,routed_nvfp4_swiglu_qmv_packed_top8keys_r1_bf16_v2_bfloat16_t_uint32_t_uint8_t_uint32_t_bfloat16_t,custom_kernel_laguna_routed_nvfp4_swiglu_qmv_packed_top8keys_r1_bf16_v2_bfloat16_t_uint32_t_uint8_t_uint32_t_bfloat16_t,threads,131072,64,2048,2,2048,102.4,51.2,103,52,2,3,48,24,SATURATING,386.877,,,
ordinal,108,routed_shared_nvfp4_down_residual_bf16_sh_stage4_v6_bfloat16_t_uint32_t_uint8_t_uint32_t_float_bfloat16_t_uint32_t_uint8_t_bfloat16_t_bfloat16_t,custom_kernel_laguna_routed_shared_nvfp4_down_residual_bf16_sh_stage4_v6_bfloat16_t_uint32_t_uint8_t_uint32_t_float_bfloat16_t_uint32_t_uint8_t_bfloat16_t_bfloat16_t,threads,147456,288,512,9,512,25.6,12.8,26,13,2,2,10,10,SATURATING,97.965,,,
ordinal,109,rmsbfloat16,rmsbfloat16,threads,512,512,1,16,1,0.05,0.025,1,1,1,1,6,6,SINGLE_TG,9.069,,,
ordinal,110,nvfp4_qkv_h64_r1_v1_lm1_pw1_se1_sd1_bfloat16_t_uint32_t_uint8_t_uint8_t_uint8_t_bfloat16_t,custom_kernel_laguna_decode_nvfp4_qkv_h64_r1_v1_lm1_pw1_se1_sd1_bfloat16_t_uint32_t_uint8_t_uint8_t_uint8_t_bfloat16_t,threads,327680,64,5120,2,5120,256.0,128.0,256,128,3,6,48,24,SATURATING,949.885,,,
ordinal,111,sliding_fused_attn_ring_v1_bfloat16_t_bfloat16_t_bfloat16_t_bfloat16_t_bfloat16_t_float_bfloat16_t_bfloat16_t_uint32_tc_floatc_bfloat16_t,custom_kernel_laguna_sliding_fused_attn_ring_v1_bfloat16_t_bfloat16_t_bfloat16_t_bfloat16_t_bfloat16_t_float_bfloat16_t_bfloat16_t_uint32_tc_floatc_bfloat16_t,threads,32768,1024,32,32,32,1.6,0.8,2,1,1,1,3,3,SUB_C_UNDERFILL,9.069,,,
ordinal,112,gate_sp_h64_v1_bfloat16_t_uint32_t_bfloat16_t_bfloat16_t_bfloat16_t,custom_kernel_laguna_gate_sp_h64_v1_bfloat16_t_uint32_t_bfloat16_t_bfloat16_t_bfloat16_t,threads,512,64,8,2,8,0.4,0.2,1,1,1,1,48,24,SUB_C_UNDERFILL,9.069,,,
ordinal,113,oproj_act_h64_v1_lm1_pw1_sc1_se1_bfloat16_t_bfloat16_t_uint32_t_uint8_t_uint8_t_uint8_t_bfloat16_t,custom_kernel_laguna_oproj_act_h64_v1_lm1_pw1_sc1_se1_bfloat16_t_bfloat16_t_uint32_t_uint8_t_uint8_t_uint8_t_bfloat16_t,threads,16384,64,256,2,256,12.8,6.4,13,7,1,1,48,24,SATURATING,53.517,,,
ordinal,114,residual_rms_router_bf16_2048_rpg8_keys_v1_pf1_bfloat16_t_bfloat16_t_bfloat16_t_bfloat16_t_float_bfloat16_t_bfloat16_t_bfloat16_t_uint32_t,custom_kernel_laguna_residual_rms_router_bf16_2048_rpg8_keys_v1_pf1_bfloat16_t_bfloat16_t_bfloat16_t_bfloat16_t_float_bfloat16_t_bfloat16_t_bfloat16_t_uint32_t,threads,16384,512,32,16,32,1.6,0.8,2,1,1,1,6,6,SUB_C_UNDERFILL,9.069,,,
ordinal,115,shared_nvfp4_swiglu_qmv_rows1_halved_bf16_v1_bfloat16_t_uint32_t_uint8_t_bfloat16_t,custom_kernel_laguna_shared_nvfp4_swiglu_qmv_rows1_halved_bf16_v1_bfloat16_t_uint32_t_uint8_t_bfloat16_t,threads,16384,64,256,2,256,12.8,6.4,13,7,1,1,48,24,SATURATING,53.517,,,
ordinal,116,prefill_router_tournament_ordinal_norm_active64_v2_bfloat16_t_float_uint32_t_float,custom_kernel_laguna_prefill_router_tournament_ordinal_norm_active64_v2_bfloat16_t_float_uint32_t_float,threads,256,256,1,8,1,0.05,0.025,1,1,1,1,12,12,SINGLE_TG,9.069,,,
ordinal,117,routed_nvfp4_swiglu_qmv_packed_top8keys_r1_bf16_v2_bfloat16_t_uint32_t_uint8_t_uint32_t_bfloat16_t,custom_kernel_laguna_routed_nvfp4_swiglu_qmv_packed_top8keys_r1_bf16_v2_bfloat16_t_uint32_t_uint8_t_uint32_t_bfloat16_t,threads,131072,64,2048,2,2048,102.4,51.2,103,52,2,3,48,24,SATURATING,386.877,,,
ordinal,118,routed_shared_nvfp4_down_residual_bf16_sh_stage4_v6_bfloat16_t_uint32_t_uint8_t_uint32_t_float_bfloat16_t_uint32_t_uint8_t_bfloat16_t_bfloat16_t,custom_kernel_laguna_routed_shared_nvfp4_down_residual_bf16_sh_stage4_v6_bfloat16_t_uint32_t_uint8_t_uint32_t_float_bfloat16_t_uint32_t_uint8_t_bfloat16_t_bfloat16_t,threads,147456,288,512,9,512,25.6,12.8,26,13,2,2,10,10,SATURATING,97.965,,,
ordinal,119,rmsbfloat16,rmsbfloat16,threads,512,512,1,16,1,0.05,0.025,1,1,1,1,6,6,SINGLE_TG,9.069,,,
ordinal,120,nvfp4_qkv_h48_r1_v1_lm1_pw1_se1_sd1_bfloat16_t_uint32_t_uint8_t_uint8_t_uint8_t_bfloat16_t,custom_kernel_laguna_decode_nvfp4_qkv_h48_r1_v1_lm1_pw1_se1_sd1_bfloat16_t_uint32_t_uint8_t_uint8_t_uint8_t_bfloat16_t,threads,262144,64,4096,2,4096,204.8,102.4,205,103,3,5,48,24,SATURATING,764.685,,,
ordinal,121,full_fused_attn_grow_v1_bfloat16_t_bfloat16_t_bfloat16_t_bfloat16_t_bfloat16_t_float_bfloat16_t_bfloat16_t_uint32_tc_floatc_bfloat16_t,custom_kernel_laguna_full_fused_attn_grow_v1_bfloat16_t_bfloat16_t_bfloat16_t_bfloat16_t_bfloat16_t_float_bfloat16_t_bfloat16_t_uint32_tc_floatc_bfloat16_t,threads,24576,1024,24,32,24,1.2,0.6,2,1,1,1,3,3,SUB_C_UNDERFILL,9.069,,,
ordinal,122,gate_sp_h48_v1_bfloat16_t_uint32_t_bfloat16_t_bfloat16_t_bfloat16_t,custom_kernel_laguna_gate_sp_h48_v1_bfloat16_t_uint32_t_bfloat16_t_bfloat16_t_bfloat16_t,threads,384,64,6,2,6,0.3,0.15,1,1,1,1,48,24,SUB_C_UNDERFILL,9.069,,,
ordinal,123,oproj_act_h48_v1_lm1_pw1_sc1_se1_bfloat16_t_bfloat16_t_uint32_t_uint8_t_uint8_t_uint8_t_bfloat16_t,custom_kernel_laguna_oproj_act_h48_v1_lm1_pw1_sc1_se1_bfloat16_t_bfloat16_t_uint32_t_uint8_t_uint8_t_uint8_t_bfloat16_t,threads,16384,64,256,2,256,12.8,6.4,13,7,1,1,48,24,SATURATING,53.517,,,
ordinal,124,residual_rms_router_bf16_2048_rpg8_keys_v1_pf1_bfloat16_t_bfloat16_t_bfloat16_t_bfloat16_t_float_bfloat16_t_bfloat16_t_bfloat16_t_uint32_t,custom_kernel_laguna_residual_rms_router_bf16_2048_rpg8_keys_v1_pf1_bfloat16_t_bfloat16_t_bfloat16_t_bfloat16_t_float_bfloat16_t_bfloat16_t_bfloat16_t_uint32_t,threads,16384,512,32,16,32,1.6,0.8,2,1,1,1,6,6,SUB_C_UNDERFILL,9.069,,,
ordinal,125,shared_nvfp4_swiglu_qmv_rows1_halved_bf16_v1_bfloat16_t_uint32_t_uint8_t_bfloat16_t,custom_kernel_laguna_shared_nvfp4_swiglu_qmv_rows1_halved_bf16_v1_bfloat16_t_uint32_t_uint8_t_bfloat16_t,threads,16384,64,256,2,256,12.8,6.4,13,7,1,1,48,24,SATURATING,53.517,,,
ordinal,126,prefill_router_tournament_ordinal_norm_active64_v2_bfloat16_t_float_uint32_t_float,custom_kernel_laguna_prefill_router_tournament_ordinal_norm_active64_v2_bfloat16_t_float_uint32_t_float,threads,256,256,1,8,1,0.05,0.025,1,1,1,1,12,12,SINGLE_TG,9.069,,,
ordinal,127,routed_nvfp4_swiglu_qmv_packed_top8keys_r1_bf16_v2_bfloat16_t_uint32_t_uint8_t_uint32_t_bfloat16_t,custom_kernel_laguna_routed_nvfp4_swiglu_qmv_packed_top8keys_r1_bf16_v2_bfloat16_t_uint32_t_uint8_t_uint32_t_bfloat16_t,threads,131072,64,2048,2,2048,102.4,51.2,103,52,2,3,48,24,SATURATING,386.877,,,
ordinal,128,routed_shared_nvfp4_down_residual_bf16_sh_stage4_v6_bfloat16_t_uint32_t_uint8_t_uint32_t_float_bfloat16_t_uint32_t_uint8_t_bfloat16_t_bfloat16_t,custom_kernel_laguna_routed_shared_nvfp4_down_residual_bf16_sh_stage4_v6_bfloat16_t_uint32_t_uint8_t_uint32_t_float_bfloat16_t_uint32_t_uint8_t_bfloat16_t_bfloat16_t,threads,147456,288,512,9,512,25.6,12.8,26,13,2,2,10,10,SATURATING,97.965,,,
ordinal,129,rmsbfloat16,rmsbfloat16,threads,512,512,1,16,1,0.05,0.025,1,1,1,1,6,6,SINGLE_TG,9.069,,,
ordinal,130,nvfp4_qkv_h64_r1_v1_lm1_pw1_se1_sd1_bfloat16_t_uint32_t_uint8_t_uint8_t_uint8_t_bfloat16_t,custom_kernel_laguna_decode_nvfp4_qkv_h64_r1_v1_lm1_pw1_se1_sd1_bfloat16_t_uint32_t_uint8_t_uint8_t_uint8_t_bfloat16_t,threads,327680,64,5120,2,5120,256.0,128.0,256,128,3,6,48,24,SATURATING,949.885,,,
ordinal,131,sliding_fused_attn_ring_v1_bfloat16_t_bfloat16_t_bfloat16_t_bfloat16_t_bfloat16_t_float_bfloat16_t_bfloat16_t_uint32_tc_floatc_bfloat16_t,custom_kernel_laguna_sliding_fused_attn_ring_v1_bfloat16_t_bfloat16_t_bfloat16_t_bfloat16_t_bfloat16_t_float_bfloat16_t_bfloat16_t_uint32_tc_floatc_bfloat16_t,threads,32768,1024,32,32,32,1.6,0.8,2,1,1,1,3,3,SUB_C_UNDERFILL,9.069,,,
ordinal,132,gate_sp_h64_v1_bfloat16_t_uint32_t_bfloat16_t_bfloat16_t_bfloat16_t,custom_kernel_laguna_gate_sp_h64_v1_bfloat16_t_uint32_t_bfloat16_t_bfloat16_t_bfloat16_t,threads,512,64,8,2,8,0.4,0.2,1,1,1,1,48,24,SUB_C_UNDERFILL,9.069,,,
ordinal,133,oproj_act_h64_v1_lm1_pw1_sc1_se1_bfloat16_t_bfloat16_t_uint32_t_uint8_t_uint8_t_uint8_t_bfloat16_t,custom_kernel_laguna_oproj_act_h64_v1_lm1_pw1_sc1_se1_bfloat16_t_bfloat16_t_uint32_t_uint8_t_uint8_t_uint8_t_bfloat16_t,threads,16384,64,256,2,256,12.8,6.4,13,7,1,1,48,24,SATURATING,53.517,,,
ordinal,134,residual_rms_router_bf16_2048_rpg8_keys_v1_pf1_bfloat16_t_bfloat16_t_bfloat16_t_bfloat16_t_float_bfloat16_t_bfloat16_t_bfloat16_t_uint32_t,custom_kernel_laguna_residual_rms_router_bf16_2048_rpg8_keys_v1_pf1_bfloat16_t_bfloat16_t_bfloat16_t_bfloat16_t_float_bfloat16_t_bfloat16_t_bfloat16_t_uint32_t,threads,16384,512,32,16,32,1.6,0.8,2,1,1,1,6,6,SUB_C_UNDERFILL,9.069,,,
ordinal,135,shared_nvfp4_swiglu_qmv_rows1_halved_bf16_v1_bfloat16_t_uint32_t_uint8_t_bfloat16_t,custom_kernel_laguna_shared_nvfp4_swiglu_qmv_rows1_halved_bf16_v1_bfloat16_t_uint32_t_uint8_t_bfloat16_t,threads,16384,64,256,2,256,12.8,6.4,13,7,1,1,48,24,SATURATING,53.517,,,
ordinal,136,prefill_router_tournament_ordinal_norm_active64_v2_bfloat16_t_float_uint32_t_float,custom_kernel_laguna_prefill_router_tournament_ordinal_norm_active64_v2_bfloat16_t_float_uint32_t_float,threads,256,256,1,8,1,0.05,0.025,1,1,1,1,12,12,SINGLE_TG,9.069,,,
ordinal,137,routed_nvfp4_swiglu_qmv_packed_top8keys_r1_bf16_v2_bfloat16_t_uint32_t_uint8_t_uint32_t_bfloat16_t,custom_kernel_laguna_routed_nvfp4_swiglu_qmv_packed_top8keys_r1_bf16_v2_bfloat16_t_uint32_t_uint8_t_uint32_t_bfloat16_t,threads,131072,64,2048,2,2048,102.4,51.2,103,52,2,3,48,24,SATURATING,386.877,,,
ordinal,138,routed_shared_nvfp4_down_residual_bf16_sh_stage4_v6_bfloat16_t_uint32_t_uint8_t_uint32_t_float_bfloat16_t_uint32_t_uint8_t_bfloat16_t_bfloat16_t,custom_kernel_laguna_routed_shared_nvfp4_down_residual_bf16_sh_stage4_v6_bfloat16_t_uint32_t_uint8_t_uint32_t_float_bfloat16_t_uint32_t_uint8_t_bfloat16_t_bfloat16_t,threads,147456,288,512,9,512,25.6,12.8,26,13,2,2,10,10,SATURATING,97.965,,,
ordinal,139,rmsbfloat16,rmsbfloat16,threads,512,512,1,16,1,0.05,0.025,1,1,1,1,6,6,SINGLE_TG,9.069,,,
ordinal,140,nvfp4_qkv_h64_r1_v1_lm1_pw1_se1_sd1_bfloat16_t_uint32_t_uint8_t_uint8_t_uint8_t_bfloat16_t,custom_kernel_laguna_decode_nvfp4_qkv_h64_r1_v1_lm1_pw1_se1_sd1_bfloat16_t_uint32_t_uint8_t_uint8_t_uint8_t_bfloat16_t,threads,327680,64,5120,2,5120,256.0,128.0,256,128,3,6,48,24,SATURATING,949.885,,,
ordinal,141,sliding_fused_attn_ring_v1_bfloat16_t_bfloat16_t_bfloat16_t_bfloat16_t_bfloat16_t_float_bfloat16_t_bfloat16_t_uint32_tc_floatc_bfloat16_t,custom_kernel_laguna_sliding_fused_attn_ring_v1_bfloat16_t_bfloat16_t_bfloat16_t_bfloat16_t_bfloat16_t_float_bfloat16_t_bfloat16_t_uint32_tc_floatc_bfloat16_t,threads,32768,1024,32,32,32,1.6,0.8,2,1,1,1,3,3,SUB_C_UNDERFILL,9.069,,,
ordinal,142,gate_sp_h64_v1_bfloat16_t_uint32_t_bfloat16_t_bfloat16_t_bfloat16_t,custom_kernel_laguna_gate_sp_h64_v1_bfloat16_t_uint32_t_bfloat16_t_bfloat16_t_bfloat16_t,threads,512,64,8,2,8,0.4,0.2,1,1,1,1,48,24,SUB_C_UNDERFILL,9.069,,,
ordinal,143,oproj_act_h64_v1_lm1_pw1_sc1_se1_bfloat16_t_bfloat16_t_uint32_t_uint8_t_uint8_t_uint8_t_bfloat16_t,custom_kernel_laguna_oproj_act_h64_v1_lm1_pw1_sc1_se1_bfloat16_t_bfloat16_t_uint32_t_uint8_t_uint8_t_uint8_t_bfloat16_t,threads,16384,64,256,2,256,12.8,6.4,13,7,1,1,48,24,SATURATING,53.517,,,
ordinal,144,residual_rms_router_bf16_2048_rpg8_keys_v1_pf1_bfloat16_t_bfloat16_t_bfloat16_t_bfloat16_t_float_bfloat16_t_bfloat16_t_bfloat16_t_uint32_t,custom_kernel_laguna_residual_rms_router_bf16_2048_rpg8_keys_v1_pf1_bfloat16_t_bfloat16_t_bfloat16_t_bfloat16_t_float_bfloat16_t_bfloat16_t_bfloat16_t_uint32_t,threads,16384,512,32,16,32,1.6,0.8,2,1,1,1,6,6,SUB_C_UNDERFILL,9.069,,,
ordinal,145,shared_nvfp4_swiglu_qmv_rows1_halved_bf16_v1_bfloat16_t_uint32_t_uint8_t_bfloat16_t,custom_kernel_laguna_shared_nvfp4_swiglu_qmv_rows1_halved_bf16_v1_bfloat16_t_uint32_t_uint8_t_bfloat16_t,threads,16384,64,256,2,256,12.8,6.4,13,7,1,1,48,24,SATURATING,53.517,,,
ordinal,146,prefill_router_tournament_ordinal_norm_active64_v2_bfloat16_t_float_uint32_t_float,custom_kernel_laguna_prefill_router_tournament_ordinal_norm_active64_v2_bfloat16_t_float_uint32_t_float,threads,256,256,1,8,1,0.05,0.025,1,1,1,1,12,12,SINGLE_TG,9.069,,,
ordinal,147,routed_nvfp4_swiglu_qmv_packed_top8keys_r1_bf16_v2_bfloat16_t_uint32_t_uint8_t_uint32_t_bfloat16_t,custom_kernel_laguna_routed_nvfp4_swiglu_qmv_packed_top8keys_r1_bf16_v2_bfloat16_t_uint32_t_uint8_t_uint32_t_bfloat16_t,threads,131072,64,2048,2,2048,102.4,51.2,103,52,2,3,48,24,SATURATING,386.877,,,
ordinal,148,routed_shared_nvfp4_down_residual_bf16_sh_stage4_v6_bfloat16_t_uint32_t_uint8_t_uint32_t_float_bfloat16_t_uint32_t_uint8_t_bfloat16_t_bfloat16_t,custom_kernel_laguna_routed_shared_nvfp4_down_residual_bf16_sh_stage4_v6_bfloat16_t_uint32_t_uint8_t_uint32_t_float_bfloat16_t_uint32_t_uint8_t_bfloat16_t_bfloat16_t,threads,147456,288,512,9,512,25.6,12.8,26,13,2,2,10,10,SATURATING,97.965,,,
ordinal,149,rmsbfloat16,rmsbfloat16,threads,512,512,1,16,1,0.05,0.025,1,1,1,1,6,6,SINGLE_TG,9.069,,,
ordinal,150,nvfp4_qkv_h64_r1_v1_lm1_pw1_se1_sd1_bfloat16_t_uint32_t_uint8_t_uint8_t_uint8_t_bfloat16_t,custom_kernel_laguna_decode_nvfp4_qkv_h64_r1_v1_lm1_pw1_se1_sd1_bfloat16_t_uint32_t_uint8_t_uint8_t_uint8_t_bfloat16_t,threads,327680,64,5120,2,5120,256.0,128.0,256,128,3,6,48,24,SATURATING,949.885,,,
ordinal,151,sliding_fused_attn_ring_v1_bfloat16_t_bfloat16_t_bfloat16_t_bfloat16_t_bfloat16_t_float_bfloat16_t_bfloat16_t_uint32_tc_floatc_bfloat16_t,custom_kernel_laguna_sliding_fused_attn_ring_v1_bfloat16_t_bfloat16_t_bfloat16_t_bfloat16_t_bfloat16_t_float_bfloat16_t_bfloat16_t_uint32_tc_floatc_bfloat16_t,threads,32768,1024,32,32,32,1.6,0.8,2,1,1,1,3,3,SUB_C_UNDERFILL,9.069,,,
ordinal,152,gate_sp_h64_v1_bfloat16_t_uint32_t_bfloat16_t_bfloat16_t_bfloat16_t,custom_kernel_laguna_gate_sp_h64_v1_bfloat16_t_uint32_t_bfloat16_t_bfloat16_t_bfloat16_t,threads,512,64,8,2,8,0.4,0.2,1,1,1,1,48,24,SUB_C_UNDERFILL,9.069,,,
ordinal,153,oproj_act_h64_v1_lm1_pw1_sc1_se1_bfloat16_t_bfloat16_t_uint32_t_uint8_t_uint8_t_uint8_t_bfloat16_t,custom_kernel_laguna_oproj_act_h64_v1_lm1_pw1_sc1_se1_bfloat16_t_bfloat16_t_uint32_t_uint8_t_uint8_t_uint8_t_bfloat16_t,threads,16384,64,256,2,256,12.8,6.4,13,7,1,1,48,24,SATURATING,53.517,,,
ordinal,154,residual_rms_router_bf16_2048_rpg8_keys_v1_pf1_bfloat16_t_bfloat16_t_bfloat16_t_bfloat16_t_float_bfloat16_t_bfloat16_t_bfloat16_t_uint32_t,custom_kernel_laguna_residual_rms_router_bf16_2048_rpg8_keys_v1_pf1_bfloat16_t_bfloat16_t_bfloat16_t_bfloat16_t_float_bfloat16_t_bfloat16_t_bfloat16_t_uint32_t,threads,16384,512,32,16,32,1.6,0.8,2,1,1,1,6,6,SUB_C_UNDERFILL,9.069,,,
ordinal,155,shared_nvfp4_swiglu_qmv_rows1_halved_bf16_v1_bfloat16_t_uint32_t_uint8_t_bfloat16_t,custom_kernel_laguna_shared_nvfp4_swiglu_qmv_rows1_halved_bf16_v1_bfloat16_t_uint32_t_uint8_t_bfloat16_t,threads,16384,64,256,2,256,12.8,6.4,13,7,1,1,48,24,SATURATING,53.517,,,
ordinal,156,prefill_router_tournament_ordinal_norm_active64_v2_bfloat16_t_float_uint32_t_float,custom_kernel_laguna_prefill_router_tournament_ordinal_norm_active64_v2_bfloat16_t_float_uint32_t_float,threads,256,256,1,8,1,0.05,0.025,1,1,1,1,12,12,SINGLE_TG,9.069,,,
ordinal,157,routed_nvfp4_swiglu_qmv_packed_top8keys_r1_bf16_v2_bfloat16_t_uint32_t_uint8_t_uint32_t_bfloat16_t,custom_kernel_laguna_routed_nvfp4_swiglu_qmv_packed_top8keys_r1_bf16_v2_bfloat16_t_uint32_t_uint8_t_uint32_t_bfloat16_t,threads,131072,64,2048,2,2048,102.4,51.2,103,52,2,3,48,24,SATURATING,386.877,,,
ordinal,158,routed_shared_nvfp4_down_residual_bf16_sh_stage4_v6_bfloat16_t_uint32_t_uint8_t_uint32_t_float_bfloat16_t_uint32_t_uint8_t_bfloat16_t_bfloat16_t,custom_kernel_laguna_routed_shared_nvfp4_down_residual_bf16_sh_stage4_v6_bfloat16_t_uint32_t_uint8_t_uint32_t_float_bfloat16_t_uint32_t_uint8_t_bfloat16_t_bfloat16_t,threads,147456,288,512,9,512,25.6,12.8,26,13,2,2,10,10,SATURATING,97.965,,,
ordinal,159,rmsbfloat16,rmsbfloat16,threads,512,512,1,16,1,0.05,0.025,1,1,1,1,6,6,SINGLE_TG,9.069,,,
ordinal,160,nvfp4_qkv_h48_r1_v1_lm1_pw1_se1_sd1_bfloat16_t_uint32_t_uint8_t_uint8_t_uint8_t_bfloat16_t,custom_kernel_laguna_decode_nvfp4_qkv_h48_r1_v1_lm1_pw1_se1_sd1_bfloat16_t_uint32_t_uint8_t_uint8_t_uint8_t_bfloat16_t,threads,262144,64,4096,2,4096,204.8,102.4,205,103,3,5,48,24,SATURATING,764.685,,,
ordinal,161,full_fused_attn_grow_v1_bfloat16_t_bfloat16_t_bfloat16_t_bfloat16_t_bfloat16_t_float_bfloat16_t_bfloat16_t_uint32_tc_floatc_bfloat16_t,custom_kernel_laguna_full_fused_attn_grow_v1_bfloat16_t_bfloat16_t_bfloat16_t_bfloat16_t_bfloat16_t_float_bfloat16_t_bfloat16_t_uint32_tc_floatc_bfloat16_t,threads,24576,1024,24,32,24,1.2,0.6,2,1,1,1,3,3,SUB_C_UNDERFILL,9.069,,,
ordinal,162,gate_sp_h48_v1_bfloat16_t_uint32_t_bfloat16_t_bfloat16_t_bfloat16_t,custom_kernel_laguna_gate_sp_h48_v1_bfloat16_t_uint32_t_bfloat16_t_bfloat16_t_bfloat16_t,threads,384,64,6,2,6,0.3,0.15,1,1,1,1,48,24,SUB_C_UNDERFILL,9.069,,,
ordinal,163,oproj_act_h48_v1_lm1_pw1_sc1_se1_bfloat16_t_bfloat16_t_uint32_t_uint8_t_uint8_t_uint8_t_bfloat16_t,custom_kernel_laguna_oproj_act_h48_v1_lm1_pw1_sc1_se1_bfloat16_t_bfloat16_t_uint32_t_uint8_t_uint8_t_uint8_t_bfloat16_t,threads,16384,64,256,2,256,12.8,6.4,13,7,1,1,48,24,SATURATING,53.517,,,
ordinal,164,residual_rms_router_bf16_2048_rpg8_keys_v1_pf1_bfloat16_t_bfloat16_t_bfloat16_t_bfloat16_t_float_bfloat16_t_bfloat16_t_bfloat16_t_uint32_t,custom_kernel_laguna_residual_rms_router_bf16_2048_rpg8_keys_v1_pf1_bfloat16_t_bfloat16_t_bfloat16_t_bfloat16_t_float_bfloat16_t_bfloat16_t_bfloat16_t_uint32_t,threads,16384,512,32,16,32,1.6,0.8,2,1,1,1,6,6,SUB_C_UNDERFILL,9.069,,,
ordinal,165,shared_nvfp4_swiglu_qmv_rows1_halved_bf16_v1_bfloat16_t_uint32_t_uint8_t_bfloat16_t,custom_kernel_laguna_shared_nvfp4_swiglu_qmv_rows1_halved_bf16_v1_bfloat16_t_uint32_t_uint8_t_bfloat16_t,threads,16384,64,256,2,256,12.8,6.4,13,7,1,1,48,24,SATURATING,53.517,,,
ordinal,166,prefill_router_tournament_ordinal_norm_active64_v2_bfloat16_t_float_uint32_t_float,custom_kernel_laguna_prefill_router_tournament_ordinal_norm_active64_v2_bfloat16_t_float_uint32_t_float,threads,256,256,1,8,1,0.05,0.025,1,1,1,1,12,12,SINGLE_TG,9.069,,,
ordinal,167,routed_nvfp4_swiglu_qmv_packed_top8keys_r1_bf16_v2_bfloat16_t_uint32_t_uint8_t_uint32_t_bfloat16_t,custom_kernel_laguna_routed_nvfp4_swiglu_qmv_packed_top8keys_r1_bf16_v2_bfloat16_t_uint32_t_uint8_t_uint32_t_bfloat16_t,threads,131072,64,2048,2,2048,102.4,51.2,103,52,2,3,48,24,SATURATING,386.877,,,
ordinal,168,routed_shared_nvfp4_down_residual_bf16_sh_stage4_v6_bfloat16_t_uint32_t_uint8_t_uint32_t_float_bfloat16_t_uint32_t_uint8_t_bfloat16_t_bfloat16_t,custom_kernel_laguna_routed_shared_nvfp4_down_residual_bf16_sh_stage4_v6_bfloat16_t_uint32_t_uint8_t_uint32_t_float_bfloat16_t_uint32_t_uint8_t_bfloat16_t_bfloat16_t,threads,147456,288,512,9,512,25.6,12.8,26,13,2,2,10,10,SATURATING,97.965,,,
ordinal,169,rmsbfloat16,rmsbfloat16,threads,512,512,1,16,1,0.05,0.025,1,1,1,1,6,6,SINGLE_TG,9.069,,,
ordinal,170,nvfp4_qkv_h64_r1_v1_lm1_pw1_se1_sd1_bfloat16_t_uint32_t_uint8_t_uint8_t_uint8_t_bfloat16_t,custom_kernel_laguna_decode_nvfp4_qkv_h64_r1_v1_lm1_pw1_se1_sd1_bfloat16_t_uint32_t_uint8_t_uint8_t_uint8_t_bfloat16_t,threads,327680,64,5120,2,5120,256.0,128.0,256,128,3,6,48,24,SATURATING,949.885,,,
ordinal,171,sliding_fused_attn_ring_v1_bfloat16_t_bfloat16_t_bfloat16_t_bfloat16_t_bfloat16_t_float_bfloat16_t_bfloat16_t_uint32_tc_floatc_bfloat16_t,custom_kernel_laguna_sliding_fused_attn_ring_v1_bfloat16_t_bfloat16_t_bfloat16_t_bfloat16_t_bfloat16_t_float_bfloat16_t_bfloat16_t_uint32_tc_floatc_bfloat16_t,threads,32768,1024,32,32,32,1.6,0.8,2,1,1,1,3,3,SUB_C_UNDERFILL,9.069,,,
ordinal,172,gate_sp_h64_v1_bfloat16_t_uint32_t_bfloat16_t_bfloat16_t_bfloat16_t,custom_kernel_laguna_gate_sp_h64_v1_bfloat16_t_uint32_t_bfloat16_t_bfloat16_t_bfloat16_t,threads,512,64,8,2,8,0.4,0.2,1,1,1,1,48,24,SUB_C_UNDERFILL,9.069,,,
ordinal,173,oproj_act_h64_v1_lm1_pw1_sc1_se1_bfloat16_t_bfloat16_t_uint32_t_uint8_t_uint8_t_uint8_t_bfloat16_t,custom_kernel_laguna_oproj_act_h64_v1_lm1_pw1_sc1_se1_bfloat16_t_bfloat16_t_uint32_t_uint8_t_uint8_t_uint8_t_bfloat16_t,threads,16384,64,256,2,256,12.8,6.4,13,7,1,1,48,24,SATURATING,53.517,,,
ordinal,174,residual_rms_router_bf16_2048_rpg8_keys_v1_pf1_bfloat16_t_bfloat16_t_bfloat16_t_bfloat16_t_float_bfloat16_t_bfloat16_t_bfloat16_t_uint32_t,custom_kernel_laguna_residual_rms_router_bf16_2048_rpg8_keys_v1_pf1_bfloat16_t_bfloat16_t_bfloat16_t_bfloat16_t_float_bfloat16_t_bfloat16_t_bfloat16_t_uint32_t,threads,16384,512,32,16,32,1.6,0.8,2,1,1,1,6,6,SUB_C_UNDERFILL,9.069,,,
ordinal,175,shared_nvfp4_swiglu_qmv_rows1_halved_bf16_v1_bfloat16_t_uint32_t_uint8_t_bfloat16_t,custom_kernel_laguna_shared_nvfp4_swiglu_qmv_rows1_halved_bf16_v1_bfloat16_t_uint32_t_uint8_t_bfloat16_t,threads,16384,64,256,2,256,12.8,6.4,13,7,1,1,48,24,SATURATING,53.517,,,
ordinal,176,prefill_router_tournament_ordinal_norm_active64_v2_bfloat16_t_float_uint32_t_float,custom_kernel_laguna_prefill_router_tournament_ordinal_norm_active64_v2_bfloat16_t_float_uint32_t_float,threads,256,256,1,8,1,0.05,0.025,1,1,1,1,12,12,SINGLE_TG,9.069,,,
ordinal,177,routed_nvfp4_swiglu_qmv_packed_top8keys_r1_bf16_v2_bfloat16_t_uint32_t_uint8_t_uint32_t_bfloat16_t,custom_kernel_laguna_routed_nvfp4_swiglu_qmv_packed_top8keys_r1_bf16_v2_bfloat16_t_uint32_t_uint8_t_uint32_t_bfloat16_t,threads,131072,64,2048,2,2048,102.4,51.2,103,52,2,3,48,24,SATURATING,386.877,,,
ordinal,178,routed_shared_nvfp4_down_residual_bf16_sh_stage4_v6_bfloat16_t_uint32_t_uint8_t_uint32_t_float_bfloat16_t_uint32_t_uint8_t_bfloat16_t_bfloat16_t,custom_kernel_laguna_routed_shared_nvfp4_down_residual_bf16_sh_stage4_v6_bfloat16_t_uint32_t_uint8_t_uint32_t_float_bfloat16_t_uint32_t_uint8_t_bfloat16_t_bfloat16_t,threads,147456,288,512,9,512,25.6,12.8,26,13,2,2,10,10,SATURATING,97.965,,,
ordinal,179,rmsbfloat16,rmsbfloat16,threads,512,512,1,16,1,0.05,0.025,1,1,1,1,6,6,SINGLE_TG,9.069,,,
ordinal,180,nvfp4_qkv_h64_r1_v1_lm1_pw1_se1_sd1_bfloat16_t_uint32_t_uint8_t_uint8_t_uint8_t_bfloat16_t,custom_kernel_laguna_decode_nvfp4_qkv_h64_r1_v1_lm1_pw1_se1_sd1_bfloat16_t_uint32_t_uint8_t_uint8_t_uint8_t_bfloat16_t,threads,327680,64,5120,2,5120,256.0,128.0,256,128,3,6,48,24,SATURATING,949.885,,,
ordinal,181,sliding_fused_attn_ring_v1_bfloat16_t_bfloat16_t_bfloat16_t_bfloat16_t_bfloat16_t_float_bfloat16_t_bfloat16_t_uint32_tc_floatc_bfloat16_t,custom_kernel_laguna_sliding_fused_attn_ring_v1_bfloat16_t_bfloat16_t_bfloat16_t_bfloat16_t_bfloat16_t_float_bfloat16_t_bfloat16_t_uint32_tc_floatc_bfloat16_t,threads,32768,1024,32,32,32,1.6,0.8,2,1,1,1,3,3,SUB_C_UNDERFILL,9.069,,,
ordinal,182,gate_sp_h64_v1_bfloat16_t_uint32_t_bfloat16_t_bfloat16_t_bfloat16_t,custom_kernel_laguna_gate_sp_h64_v1_bfloat16_t_uint32_t_bfloat16_t_bfloat16_t_bfloat16_t,threads,512,64,8,2,8,0.4,0.2,1,1,1,1,48,24,SUB_C_UNDERFILL,9.069,,,
ordinal,183,oproj_act_h64_v1_lm1_pw1_sc1_se1_bfloat16_t_bfloat16_t_uint32_t_uint8_t_uint8_t_uint8_t_bfloat16_t,custom_kernel_laguna_oproj_act_h64_v1_lm1_pw1_sc1_se1_bfloat16_t_bfloat16_t_uint32_t_uint8_t_uint8_t_uint8_t_bfloat16_t,threads,16384,64,256,2,256,12.8,6.4,13,7,1,1,48,24,SATURATING,53.517,,,
ordinal,184,residual_rms_router_bf16_2048_rpg8_keys_v1_pf1_bfloat16_t_bfloat16_t_bfloat16_t_bfloat16_t_float_bfloat16_t_bfloat16_t_bfloat16_t_uint32_t,custom_kernel_laguna_residual_rms_router_bf16_2048_rpg8_keys_v1_pf1_bfloat16_t_bfloat16_t_bfloat16_t_bfloat16_t_float_bfloat16_t_bfloat16_t_bfloat16_t_uint32_t,threads,16384,512,32,16,32,1.6,0.8,2,1,1,1,6,6,SUB_C_UNDERFILL,9.069,,,
ordinal,185,shared_nvfp4_swiglu_qmv_rows1_halved_bf16_v1_bfloat16_t_uint32_t_uint8_t_bfloat16_t,custom_kernel_laguna_shared_nvfp4_swiglu_qmv_rows1_halved_bf16_v1_bfloat16_t_uint32_t_uint8_t_bfloat16_t,threads,16384,64,256,2,256,12.8,6.4,13,7,1,1,48,24,SATURATING,53.517,,,
ordinal,186,prefill_router_tournament_ordinal_norm_active64_v2_bfloat16_t_float_uint32_t_float,custom_kernel_laguna_prefill_router_tournament_ordinal_norm_active64_v2_bfloat16_t_float_uint32_t_float,threads,256,256,1,8,1,0.05,0.025,1,1,1,1,12,12,SINGLE_TG,9.069,,,
ordinal,187,routed_nvfp4_swiglu_qmv_packed_top8keys_r1_bf16_v2_bfloat16_t_uint32_t_uint8_t_uint32_t_bfloat16_t,custom_kernel_laguna_routed_nvfp4_swiglu_qmv_packed_top8keys_r1_bf16_v2_bfloat16_t_uint32_t_uint8_t_uint32_t_bfloat16_t,threads,131072,64,2048,2,2048,102.4,51.2,103,52,2,3,48,24,SATURATING,386.877,,,
ordinal,188,routed_shared_nvfp4_down_residual_bf16_sh_stage4_v6_bfloat16_t_uint32_t_uint8_t_uint32_t_float_bfloat16_t_uint32_t_uint8_t_bfloat16_t_bfloat16_t,custom_kernel_laguna_routed_shared_nvfp4_down_residual_bf16_sh_stage4_v6_bfloat16_t_uint32_t_uint8_t_uint32_t_float_bfloat16_t_uint32_t_uint8_t_bfloat16_t_bfloat16_t,threads,147456,288,512,9,512,25.6,12.8,26,13,2,2,10,10,SATURATING,97.965,,,
ordinal,189,rmsbfloat16,rmsbfloat16,threads,512,512,1,16,1,0.05,0.025,1,1,1,1,6,6,SINGLE_TG,9.069,,,
ordinal,190,nvfp4_qkv_h64_r1_v1_lm1_pw1_se1_sd1_bfloat16_t_uint32_t_uint8_t_uint8_t_uint8_t_bfloat16_t,custom_kernel_laguna_decode_nvfp4_qkv_h64_r1_v1_lm1_pw1_se1_sd1_bfloat16_t_uint32_t_uint8_t_uint8_t_uint8_t_bfloat16_t,threads,327680,64,5120,2,5120,256.0,128.0,256,128,3,6,48,24,SATURATING,949.885,,,
ordinal,191,sliding_fused_attn_ring_v1_bfloat16_t_bfloat16_t_bfloat16_t_bfloat16_t_bfloat16_t_float_bfloat16_t_bfloat16_t_uint32_tc_floatc_bfloat16_t,custom_kernel_laguna_sliding_fused_attn_ring_v1_bfloat16_t_bfloat16_t_bfloat16_t_bfloat16_t_bfloat16_t_float_bfloat16_t_bfloat16_t_uint32_tc_floatc_bfloat16_t,threads,32768,1024,32,32,32,1.6,0.8,2,1,1,1,3,3,SUB_C_UNDERFILL,9.069,,,
ordinal,192,gate_sp_h64_v1_bfloat16_t_uint32_t_bfloat16_t_bfloat16_t_bfloat16_t,custom_kernel_laguna_gate_sp_h64_v1_bfloat16_t_uint32_t_bfloat16_t_bfloat16_t_bfloat16_t,threads,512,64,8,2,8,0.4,0.2,1,1,1,1,48,24,SUB_C_UNDERFILL,9.069,,,
ordinal,193,oproj_act_h64_v1_lm1_pw1_sc1_se1_bfloat16_t_bfloat16_t_uint32_t_uint8_t_uint8_t_uint8_t_bfloat16_t,custom_kernel_laguna_oproj_act_h64_v1_lm1_pw1_sc1_se1_bfloat16_t_bfloat16_t_uint32_t_uint8_t_uint8_t_uint8_t_bfloat16_t,threads,16384,64,256,2,256,12.8,6.4,13,7,1,1,48,24,SATURATING,53.517,,,
ordinal,194,residual_rms_router_bf16_2048_rpg8_keys_v1_pf1_bfloat16_t_bfloat16_t_bfloat16_t_bfloat16_t_float_bfloat16_t_bfloat16_t_bfloat16_t_uint32_t,custom_kernel_laguna_residual_rms_router_bf16_2048_rpg8_keys_v1_pf1_bfloat16_t_bfloat16_t_bfloat16_t_bfloat16_t_float_bfloat16_t_bfloat16_t_bfloat16_t_uint32_t,threads,16384,512,32,16,32,1.6,0.8,2,1,1,1,6,6,SUB_C_UNDERFILL,9.069,,,
ordinal,195,shared_nvfp4_swiglu_qmv_rows1_halved_bf16_v1_bfloat16_t_uint32_t_uint8_t_bfloat16_t,custom_kernel_laguna_shared_nvfp4_swiglu_qmv_rows1_halved_bf16_v1_bfloat16_t_uint32_t_uint8_t_bfloat16_t,threads,16384,64,256,2,256,12.8,6.4,13,7,1,1,48,24,SATURATING,53.517,,,
ordinal,196,prefill_router_tournament_ordinal_norm_active64_v2_bfloat16_t_float_uint32_t_float,custom_kernel_laguna_prefill_router_tournament_ordinal_norm_active64_v2_bfloat16_t_float_uint32_t_float,threads,256,256,1,8,1,0.05,0.025,1,1,1,1,12,12,SINGLE_TG,9.069,,,
ordinal,197,routed_nvfp4_swiglu_qmv_packed_top8keys_r1_bf16_v2_bfloat16_t_uint32_t_uint8_t_uint32_t_bfloat16_t,custom_kernel_laguna_routed_nvfp4_swiglu_qmv_packed_top8keys_r1_bf16_v2_bfloat16_t_uint32_t_uint8_t_uint32_t_bfloat16_t,threads,131072,64,2048,2,2048,102.4,51.2,103,52,2,3,48,24,SATURATING,386.877,,,
ordinal,198,routed_shared_nvfp4_down_residual_bf16_sh_stage4_v6_bfloat16_t_uint32_t_uint8_t_uint32_t_float_bfloat16_t_uint32_t_uint8_t_bfloat16_t_bfloat16_t,custom_kernel_laguna_routed_shared_nvfp4_down_residual_bf16_sh_stage4_v6_bfloat16_t_uint32_t_uint8_t_uint32_t_float_bfloat16_t_uint32_t_uint8_t_bfloat16_t_bfloat16_t,threads,147456,288,512,9,512,25.6,12.8,26,13,2,2,10,10,SATURATING,97.965,,,
ordinal,199,rmsbfloat16,rmsbfloat16,threads,512,512,1,16,1,0.05,0.025,1,1,1,1,6,6,SINGLE_TG,9.069,,,
ordinal,200,nvfp4_qkv_h48_r1_v1_lm1_pw1_se1_sd1_bfloat16_t_uint32_t_uint8_t_uint8_t_uint8_t_bfloat16_t,custom_kernel_laguna_decode_nvfp4_qkv_h48_r1_v1_lm1_pw1_se1_sd1_bfloat16_t_uint32_t_uint8_t_uint8_t_uint8_t_bfloat16_t,threads,262144,64,4096,2,4096,204.8,102.4,205,103,3,5,48,24,SATURATING,764.685,,,
ordinal,201,full_fused_attn_grow_v1_bfloat16_t_bfloat16_t_bfloat16_t_bfloat16_t_bfloat16_t_float_bfloat16_t_bfloat16_t_uint32_tc_floatc_bfloat16_t,custom_kernel_laguna_full_fused_attn_grow_v1_bfloat16_t_bfloat16_t_bfloat16_t_bfloat16_t_bfloat16_t_float_bfloat16_t_bfloat16_t_uint32_tc_floatc_bfloat16_t,threads,24576,1024,24,32,24,1.2,0.6,2,1,1,1,3,3,SUB_C_UNDERFILL,9.069,,,
ordinal,202,gate_sp_h48_v1_bfloat16_t_uint32_t_bfloat16_t_bfloat16_t_bfloat16_t,custom_kernel_laguna_gate_sp_h48_v1_bfloat16_t_uint32_t_bfloat16_t_bfloat16_t_bfloat16_t,threads,384,64,6,2,6,0.3,0.15,1,1,1,1,48,24,SUB_C_UNDERFILL,9.069,,,
ordinal,203,oproj_act_h48_v1_lm1_pw1_sc1_se1_bfloat16_t_bfloat16_t_uint32_t_uint8_t_uint8_t_uint8_t_bfloat16_t,custom_kernel_laguna_oproj_act_h48_v1_lm1_pw1_sc1_se1_bfloat16_t_bfloat16_t_uint32_t_uint8_t_uint8_t_uint8_t_bfloat16_t,threads,16384,64,256,2,256,12.8,6.4,13,7,1,1,48,24,SATURATING,53.517,,,
ordinal,204,residual_rms_router_bf16_2048_rpg8_keys_v1_pf1_bfloat16_t_bfloat16_t_bfloat16_t_bfloat16_t_float_bfloat16_t_bfloat16_t_bfloat16_t_uint32_t,custom_kernel_laguna_residual_rms_router_bf16_2048_rpg8_keys_v1_pf1_bfloat16_t_bfloat16_t_bfloat16_t_bfloat16_t_float_bfloat16_t_bfloat16_t_bfloat16_t_uint32_t,threads,16384,512,32,16,32,1.6,0.8,2,1,1,1,6,6,SUB_C_UNDERFILL,9.069,,,
ordinal,205,shared_nvfp4_swiglu_qmv_rows1_halved_bf16_v1_bfloat16_t_uint32_t_uint8_t_bfloat16_t,custom_kernel_laguna_shared_nvfp4_swiglu_qmv_rows1_halved_bf16_v1_bfloat16_t_uint32_t_uint8_t_bfloat16_t,threads,16384,64,256,2,256,12.8,6.4,13,7,1,1,48,24,SATURATING,53.517,,,
ordinal,206,prefill_router_tournament_ordinal_norm_active64_v2_bfloat16_t_float_uint32_t_float,custom_kernel_laguna_prefill_router_tournament_ordinal_norm_active64_v2_bfloat16_t_float_uint32_t_float,threads,256,256,1,8,1,0.05,0.025,1,1,1,1,12,12,SINGLE_TG,9.069,,,
ordinal,207,routed_nvfp4_swiglu_qmv_packed_top8keys_r1_bf16_v2_bfloat16_t_uint32_t_uint8_t_uint32_t_bfloat16_t,custom_kernel_laguna_routed_nvfp4_swiglu_qmv_packed_top8keys_r1_bf16_v2_bfloat16_t_uint32_t_uint8_t_uint32_t_bfloat16_t,threads,131072,64,2048,2,2048,102.4,51.2,103,52,2,3,48,24,SATURATING,386.877,,,
ordinal,208,routed_shared_nvfp4_down_residual_bf16_sh_stage4_v6_bfloat16_t_uint32_t_uint8_t_uint32_t_float_bfloat16_t_uint32_t_uint8_t_bfloat16_t_bfloat16_t,custom_kernel_laguna_routed_shared_nvfp4_down_residual_bf16_sh_stage4_v6_bfloat16_t_uint32_t_uint8_t_uint32_t_float_bfloat16_t_uint32_t_uint8_t_bfloat16_t_bfloat16_t,threads,147456,288,512,9,512,25.6,12.8,26,13,2,2,10,10,SATURATING,97.965,,,
ordinal,209,rmsbfloat16,rmsbfloat16,threads,512,512,1,16,1,0.05,0.025,1,1,1,1,6,6,SINGLE_TG,9.069,,,
ordinal,210,nvfp4_qkv_h64_r1_v1_lm1_pw1_se1_sd1_bfloat16_t_uint32_t_uint8_t_uint8_t_uint8_t_bfloat16_t,custom_kernel_laguna_decode_nvfp4_qkv_h64_r1_v1_lm1_pw1_se1_sd1_bfloat16_t_uint32_t_uint8_t_uint8_t_uint8_t_bfloat16_t,threads,327680,64,5120,2,5120,256.0,128.0,256,128,3,6,48,24,SATURATING,949.885,,,
ordinal,211,sliding_fused_attn_ring_v1_bfloat16_t_bfloat16_t_bfloat16_t_bfloat16_t_bfloat16_t_float_bfloat16_t_bfloat16_t_uint32_tc_floatc_bfloat16_t,custom_kernel_laguna_sliding_fused_attn_ring_v1_bfloat16_t_bfloat16_t_bfloat16_t_bfloat16_t_bfloat16_t_float_bfloat16_t_bfloat16_t_uint32_tc_floatc_bfloat16_t,threads,32768,1024,32,32,32,1.6,0.8,2,1,1,1,3,3,SUB_C_UNDERFILL,9.069,,,
ordinal,212,gate_sp_h64_v1_bfloat16_t_uint32_t_bfloat16_t_bfloat16_t_bfloat16_t,custom_kernel_laguna_gate_sp_h64_v1_bfloat16_t_uint32_t_bfloat16_t_bfloat16_t_bfloat16_t,threads,512,64,8,2,8,0.4,0.2,1,1,1,1,48,24,SUB_C_UNDERFILL,9.069,,,
ordinal,213,oproj_act_h64_v1_lm1_pw1_sc1_se1_bfloat16_t_bfloat16_t_uint32_t_uint8_t_uint8_t_uint8_t_bfloat16_t,custom_kernel_laguna_oproj_act_h64_v1_lm1_pw1_sc1_se1_bfloat16_t_bfloat16_t_uint32_t_uint8_t_uint8_t_uint8_t_bfloat16_t,threads,16384,64,256,2,256,12.8,6.4,13,7,1,1,48,24,SATURATING,53.517,,,
ordinal,214,residual_rms_router_bf16_2048_rpg8_keys_v1_pf1_bfloat16_t_bfloat16_t_bfloat16_t_bfloat16_t_float_bfloat16_t_bfloat16_t_bfloat16_t_uint32_t,custom_kernel_laguna_residual_rms_router_bf16_2048_rpg8_keys_v1_pf1_bfloat16_t_bfloat16_t_bfloat16_t_bfloat16_t_float_bfloat16_t_bfloat16_t_bfloat16_t_uint32_t,threads,16384,512,32,16,32,1.6,0.8,2,1,1,1,6,6,SUB_C_UNDERFILL,9.069,,,
ordinal,215,shared_nvfp4_swiglu_qmv_rows1_halved_bf16_v1_bfloat16_t_uint32_t_uint8_t_bfloat16_t,custom_kernel_laguna_shared_nvfp4_swiglu_qmv_rows1_halved_bf16_v1_bfloat16_t_uint32_t_uint8_t_bfloat16_t,threads,16384,64,256,2,256,12.8,6.4,13,7,1,1,48,24,SATURATING,53.517,,,
ordinal,216,prefill_router_tournament_ordinal_norm_active64_v2_bfloat16_t_float_uint32_t_float,custom_kernel_laguna_prefill_router_tournament_ordinal_norm_active64_v2_bfloat16_t_float_uint32_t_float,threads,256,256,1,8,1,0.05,0.025,1,1,1,1,12,12,SINGLE_TG,9.069,,,
ordinal,217,routed_nvfp4_swiglu_qmv_packed_top8keys_r1_bf16_v2_bfloat16_t_uint32_t_uint8_t_uint32_t_bfloat16_t,custom_kernel_laguna_routed_nvfp4_swiglu_qmv_packed_top8keys_r1_bf16_v2_bfloat16_t_uint32_t_uint8_t_uint32_t_bfloat16_t,threads,131072,64,2048,2,2048,102.4,51.2,103,52,2,3,48,24,SATURATING,386.877,,,
ordinal,218,routed_shared_nvfp4_down_residual_bf16_sh_stage4_v6_bfloat16_t_uint32_t_uint8_t_uint32_t_float_bfloat16_t_uint32_t_uint8_t_bfloat16_t_bfloat16_t,custom_kernel_laguna_routed_shared_nvfp4_down_residual_bf16_sh_stage4_v6_bfloat16_t_uint32_t_uint8_t_uint32_t_float_bfloat16_t_uint32_t_uint8_t_bfloat16_t_bfloat16_t,threads,147456,288,512,9,512,25.6,12.8,26,13,2,2,10,10,SATURATING,97.965,,,
ordinal,219,rmsbfloat16,rmsbfloat16,threads,512,512,1,16,1,0.05,0.025,1,1,1,1,6,6,SINGLE_TG,9.069,,,
ordinal,220,nvfp4_qkv_h64_r1_v1_lm1_pw1_se1_sd1_bfloat16_t_uint32_t_uint8_t_uint8_t_uint8_t_bfloat16_t,custom_kernel_laguna_decode_nvfp4_qkv_h64_r1_v1_lm1_pw1_se1_sd1_bfloat16_t_uint32_t_uint8_t_uint8_t_uint8_t_bfloat16_t,threads,327680,64,5120,2,5120,256.0,128.0,256,128,3,6,48,24,SATURATING,949.885,,,
ordinal,221,sliding_fused_attn_ring_v1_bfloat16_t_bfloat16_t_bfloat16_t_bfloat16_t_bfloat16_t_float_bfloat16_t_bfloat16_t_uint32_tc_floatc_bfloat16_t,custom_kernel_laguna_sliding_fused_attn_ring_v1_bfloat16_t_bfloat16_t_bfloat16_t_bfloat16_t_bfloat16_t_float_bfloat16_t_bfloat16_t_uint32_tc_floatc_bfloat16_t,threads,32768,1024,32,32,32,1.6,0.8,2,1,1,1,3,3,SUB_C_UNDERFILL,9.069,,,
ordinal,222,gate_sp_h64_v1_bfloat16_t_uint32_t_bfloat16_t_bfloat16_t_bfloat16_t,custom_kernel_laguna_gate_sp_h64_v1_bfloat16_t_uint32_t_bfloat16_t_bfloat16_t_bfloat16_t,threads,512,64,8,2,8,0.4,0.2,1,1,1,1,48,24,SUB_C_UNDERFILL,9.069,,,
ordinal,223,oproj_act_h64_v1_lm1_pw1_sc1_se1_bfloat16_t_bfloat16_t_uint32_t_uint8_t_uint8_t_uint8_t_bfloat16_t,custom_kernel_laguna_oproj_act_h64_v1_lm1_pw1_sc1_se1_bfloat16_t_bfloat16_t_uint32_t_uint8_t_uint8_t_uint8_t_bfloat16_t,threads,16384,64,256,2,256,12.8,6.4,13,7,1,1,48,24,SATURATING,53.517,,,
ordinal,224,residual_rms_router_bf16_2048_rpg8_keys_v1_pf1_bfloat16_t_bfloat16_t_bfloat16_t_bfloat16_t_float_bfloat16_t_bfloat16_t_bfloat16_t_uint32_t,custom_kernel_laguna_residual_rms_router_bf16_2048_rpg8_keys_v1_pf1_bfloat16_t_bfloat16_t_bfloat16_t_bfloat16_t_float_bfloat16_t_bfloat16_t_bfloat16_t_uint32_t,threads,16384,512,32,16,32,1.6,0.8,2,1,1,1,6,6,SUB_C_UNDERFILL,9.069,,,
ordinal,225,shared_nvfp4_swiglu_qmv_rows1_halved_bf16_v1_bfloat16_t_uint32_t_uint8_t_bfloat16_t,custom_kernel_laguna_shared_nvfp4_swiglu_qmv_rows1_halved_bf16_v1_bfloat16_t_uint32_t_uint8_t_bfloat16_t,threads,16384,64,256,2,256,12.8,6.4,13,7,1,1,48,24,SATURATING,53.517,,,
ordinal,226,prefill_router_tournament_ordinal_norm_active64_v2_bfloat16_t_float_uint32_t_float,custom_kernel_laguna_prefill_router_tournament_ordinal_norm_active64_v2_bfloat16_t_float_uint32_t_float,threads,256,256,1,8,1,0.05,0.025,1,1,1,1,12,12,SINGLE_TG,9.069,,,
ordinal,227,routed_nvfp4_swiglu_qmv_packed_top8keys_r1_bf16_v2_bfloat16_t_uint32_t_uint8_t_uint32_t_bfloat16_t,custom_kernel_laguna_routed_nvfp4_swiglu_qmv_packed_top8keys_r1_bf16_v2_bfloat16_t_uint32_t_uint8_t_uint32_t_bfloat16_t,threads,131072,64,2048,2,2048,102.4,51.2,103,52,2,3,48,24,SATURATING,386.877,,,
ordinal,228,routed_shared_nvfp4_down_residual_bf16_sh_stage4_v6_bfloat16_t_uint32_t_uint8_t_uint32_t_float_bfloat16_t_uint32_t_uint8_t_bfloat16_t_bfloat16_t,custom_kernel_laguna_routed_shared_nvfp4_down_residual_bf16_sh_stage4_v6_bfloat16_t_uint32_t_uint8_t_uint32_t_float_bfloat16_t_uint32_t_uint8_t_bfloat16_t_bfloat16_t,threads,147456,288,512,9,512,25.6,12.8,26,13,2,2,10,10,SATURATING,97.965,,,
ordinal,229,rmsbfloat16,rmsbfloat16,threads,512,512,1,16,1,0.05,0.025,1,1,1,1,6,6,SINGLE_TG,9.069,,,
ordinal,230,nvfp4_qkv_h64_r1_v1_lm1_pw1_se1_sd1_bfloat16_t_uint32_t_uint8_t_uint8_t_uint8_t_bfloat16_t,custom_kernel_laguna_decode_nvfp4_qkv_h64_r1_v1_lm1_pw1_se1_sd1_bfloat16_t_uint32_t_uint8_t_uint8_t_uint8_t_bfloat16_t,threads,327680,64,5120,2,5120,256.0,128.0,256,128,3,6,48,24,SATURATING,949.885,,,
ordinal,231,sliding_fused_attn_ring_v1_bfloat16_t_bfloat16_t_bfloat16_t_bfloat16_t_bfloat16_t_float_bfloat16_t_bfloat16_t_uint32_tc_floatc_bfloat16_t,custom_kernel_laguna_sliding_fused_attn_ring_v1_bfloat16_t_bfloat16_t_bfloat16_t_bfloat16_t_bfloat16_t_float_bfloat16_t_bfloat16_t_uint32_tc_floatc_bfloat16_t,threads,32768,1024,32,32,32,1.6,0.8,2,1,1,1,3,3,SUB_C_UNDERFILL,9.069,,,
ordinal,232,gate_sp_h64_v1_bfloat16_t_uint32_t_bfloat16_t_bfloat16_t_bfloat16_t,custom_kernel_laguna_gate_sp_h64_v1_bfloat16_t_uint32_t_bfloat16_t_bfloat16_t_bfloat16_t,threads,512,64,8,2,8,0.4,0.2,1,1,1,1,48,24,SUB_C_UNDERFILL,9.069,,,
ordinal,233,oproj_act_h64_v1_lm1_pw1_sc1_se1_bfloat16_t_bfloat16_t_uint32_t_uint8_t_uint8_t_uint8_t_bfloat16_t,custom_kernel_laguna_oproj_act_h64_v1_lm1_pw1_sc1_se1_bfloat16_t_bfloat16_t_uint32_t_uint8_t_uint8_t_uint8_t_bfloat16_t,threads,16384,64,256,2,256,12.8,6.4,13,7,1,1,48,24,SATURATING,53.517,,,
ordinal,234,residual_rms_router_bf16_2048_rpg8_keys_v1_pf1_bfloat16_t_bfloat16_t_bfloat16_t_bfloat16_t_float_bfloat16_t_bfloat16_t_bfloat16_t_uint32_t,custom_kernel_laguna_residual_rms_router_bf16_2048_rpg8_keys_v1_pf1_bfloat16_t_bfloat16_t_bfloat16_t_bfloat16_t_float_bfloat16_t_bfloat16_t_bfloat16_t_uint32_t,threads,16384,512,32,16,32,1.6,0.8,2,1,1,1,6,6,SUB_C_UNDERFILL,9.069,,,
ordinal,235,shared_nvfp4_swiglu_qmv_rows1_halved_bf16_v1_bfloat16_t_uint32_t_uint8_t_bfloat16_t,custom_kernel_laguna_shared_nvfp4_swiglu_qmv_rows1_halved_bf16_v1_bfloat16_t_uint32_t_uint8_t_bfloat16_t,threads,16384,64,256,2,256,12.8,6.4,13,7,1,1,48,24,SATURATING,53.517,,,
ordinal,236,prefill_router_tournament_ordinal_norm_active64_v2_bfloat16_t_float_uint32_t_float,custom_kernel_laguna_prefill_router_tournament_ordinal_norm_active64_v2_bfloat16_t_float_uint32_t_float,threads,256,256,1,8,1,0.05,0.025,1,1,1,1,12,12,SINGLE_TG,9.069,,,
ordinal,237,routed_nvfp4_swiglu_qmv_packed_top8keys_r1_bf16_v2_bfloat16_t_uint32_t_uint8_t_uint32_t_bfloat16_t,custom_kernel_laguna_routed_nvfp4_swiglu_qmv_packed_top8keys_r1_bf16_v2_bfloat16_t_uint32_t_uint8_t_uint32_t_bfloat16_t,threads,131072,64,2048,2,2048,102.4,51.2,103,52,2,3,48,24,SATURATING,386.877,,,
ordinal,238,routed_shared_nvfp4_down_residual_bf16_sh_stage4_v6_bfloat16_t_uint32_t_uint8_t_uint32_t_float_bfloat16_t_uint32_t_uint8_t_bfloat16_t_bfloat16_t,custom_kernel_laguna_routed_shared_nvfp4_down_residual_bf16_sh_stage4_v6_bfloat16_t_uint32_t_uint8_t_uint32_t_float_bfloat16_t_uint32_t_uint8_t_bfloat16_t_bfloat16_t,threads,147456,288,512,9,512,25.6,12.8,26,13,2,2,10,10,SATURATING,97.965,,,
ordinal,239,rmsbfloat16,rmsbfloat16,threads,512,512,1,16,1,0.05,0.025,1,1,1,1,6,6,SINGLE_TG,9.069,,,
ordinal,240,nvfp4_qkv_h48_r1_v1_lm1_pw1_se1_sd1_bfloat16_t_uint32_t_uint8_t_uint8_t_uint8_t_bfloat16_t,custom_kernel_laguna_decode_nvfp4_qkv_h48_r1_v1_lm1_pw1_se1_sd1_bfloat16_t_uint32_t_uint8_t_uint8_t_uint8_t_bfloat16_t,threads,262144,64,4096,2,4096,204.8,102.4,205,103,3,5,48,24,SATURATING,764.685,,,
ordinal,241,full_fused_attn_grow_v1_bfloat16_t_bfloat16_t_bfloat16_t_bfloat16_t_bfloat16_t_float_bfloat16_t_bfloat16_t_uint32_tc_floatc_bfloat16_t,custom_kernel_laguna_full_fused_attn_grow_v1_bfloat16_t_bfloat16_t_bfloat16_t_bfloat16_t_bfloat16_t_float_bfloat16_t_bfloat16_t_uint32_tc_floatc_bfloat16_t,threads,24576,1024,24,32,24,1.2,0.6,2,1,1,1,3,3,SUB_C_UNDERFILL,9.069,,,
ordinal,242,gate_sp_h48_v1_bfloat16_t_uint32_t_bfloat16_t_bfloat16_t_bfloat16_t,custom_kernel_laguna_gate_sp_h48_v1_bfloat16_t_uint32_t_bfloat16_t_bfloat16_t_bfloat16_t,threads,384,64,6,2,6,0.3,0.15,1,1,1,1,48,24,SUB_C_UNDERFILL,9.069,,,
ordinal,243,oproj_act_h48_v1_lm1_pw1_sc1_se1_bfloat16_t_bfloat16_t_uint32_t_uint8_t_uint8_t_uint8_t_bfloat16_t,custom_kernel_laguna_oproj_act_h48_v1_lm1_pw1_sc1_se1_bfloat16_t_bfloat16_t_uint32_t_uint8_t_uint8_t_uint8_t_bfloat16_t,threads,16384,64,256,2,256,12.8,6.4,13,7,1,1,48,24,SATURATING,53.517,,,
ordinal,244,residual_rms_router_bf16_2048_rpg8_keys_v1_pf1_bfloat16_t_bfloat16_t_bfloat16_t_bfloat16_t_float_bfloat16_t_bfloat16_t_bfloat16_t_uint32_t,custom_kernel_laguna_residual_rms_router_bf16_2048_rpg8_keys_v1_pf1_bfloat16_t_bfloat16_t_bfloat16_t_bfloat16_t_float_bfloat16_t_bfloat16_t_bfloat16_t_uint32_t,threads,16384,512,32,16,32,1.6,0.8,2,1,1,1,6,6,SUB_C_UNDERFILL,9.069,,,
ordinal,245,shared_nvfp4_swiglu_qmv_rows1_halved_bf16_v1_bfloat16_t_uint32_t_uint8_t_bfloat16_t,custom_kernel_laguna_shared_nvfp4_swiglu_qmv_rows1_halved_bf16_v1_bfloat16_t_uint32_t_uint8_t_bfloat16_t,threads,16384,64,256,2,256,12.8,6.4,13,7,1,1,48,24,SATURATING,53.517,,,
ordinal,246,prefill_router_tournament_ordinal_norm_active64_v2_bfloat16_t_float_uint32_t_float,custom_kernel_laguna_prefill_router_tournament_ordinal_norm_active64_v2_bfloat16_t_float_uint32_t_float,threads,256,256,1,8,1,0.05,0.025,1,1,1,1,12,12,SINGLE_TG,9.069,,,
ordinal,247,routed_nvfp4_swiglu_qmv_packed_top8keys_r1_bf16_v2_bfloat16_t_uint32_t_uint8_t_uint32_t_bfloat16_t,custom_kernel_laguna_routed_nvfp4_swiglu_qmv_packed_top8keys_r1_bf16_v2_bfloat16_t_uint32_t_uint8_t_uint32_t_bfloat16_t,threads,131072,64,2048,2,2048,102.4,51.2,103,52,2,3,48,24,SATURATING,386.877,,,
ordinal,248,routed_shared_nvfp4_down_residual_bf16_sh_stage4_v6_bfloat16_t_uint32_t_uint8_t_uint32_t_float_bfloat16_t_uint32_t_uint8_t_bfloat16_t_bfloat16_t,custom_kernel_laguna_routed_shared_nvfp4_down_residual_bf16_sh_stage4_v6_bfloat16_t_uint32_t_uint8_t_uint32_t_float_bfloat16_t_uint32_t_uint8_t_bfloat16_t_bfloat16_t,threads,147456,288,512,9,512,25.6,12.8,26,13,2,2,10,10,SATURATING,97.965,,,
ordinal,249,rmsbfloat16,rmsbfloat16,threads,512,512,1,16,1,0.05,0.025,1,1,1,1,6,6,SINGLE_TG,9.069,,,
ordinal,250,nvfp4_qkv_h64_r1_v1_lm1_pw1_se1_sd1_bfloat16_t_uint32_t_uint8_t_uint8_t_uint8_t_bfloat16_t,custom_kernel_laguna_decode_nvfp4_qkv_h64_r1_v1_lm1_pw1_se1_sd1_bfloat16_t_uint32_t_uint8_t_uint8_t_uint8_t_bfloat16_t,threads,327680,64,5120,2,5120,256.0,128.0,256,128,3,6,48,24,SATURATING,949.885,,,
ordinal,251,sliding_fused_attn_ring_v1_bfloat16_t_bfloat16_t_bfloat16_t_bfloat16_t_bfloat16_t_float_bfloat16_t_bfloat16_t_uint32_tc_floatc_bfloat16_t,custom_kernel_laguna_sliding_fused_attn_ring_v1_bfloat16_t_bfloat16_t_bfloat16_t_bfloat16_t_bfloat16_t_float_bfloat16_t_bfloat16_t_uint32_tc_floatc_bfloat16_t,threads,32768,1024,32,32,32,1.6,0.8,2,1,1,1,3,3,SUB_C_UNDERFILL,9.069,,,
ordinal,252,gate_sp_h64_v1_bfloat16_t_uint32_t_bfloat16_t_bfloat16_t_bfloat16_t,custom_kernel_laguna_gate_sp_h64_v1_bfloat16_t_uint32_t_bfloat16_t_bfloat16_t_bfloat16_t,threads,512,64,8,2,8,0.4,0.2,1,1,1,1,48,24,SUB_C_UNDERFILL,9.069,,,
ordinal,253,oproj_act_h64_v1_lm1_pw1_sc1_se1_bfloat16_t_bfloat16_t_uint32_t_uint8_t_uint8_t_uint8_t_bfloat16_t,custom_kernel_laguna_oproj_act_h64_v1_lm1_pw1_sc1_se1_bfloat16_t_bfloat16_t_uint32_t_uint8_t_uint8_t_uint8_t_bfloat16_t,threads,16384,64,256,2,256,12.8,6.4,13,7,1,1,48,24,SATURATING,53.517,,,
ordinal,254,residual_rms_router_bf16_2048_rpg8_keys_v1_pf1_bfloat16_t_bfloat16_t_bfloat16_t_bfloat16_t_float_bfloat16_t_bfloat16_t_bfloat16_t_uint32_t,custom_kernel_laguna_residual_rms_router_bf16_2048_rpg8_keys_v1_pf1_bfloat16_t_bfloat16_t_bfloat16_t_bfloat16_t_float_bfloat16_t_bfloat16_t_bfloat16_t_uint32_t,threads,16384,512,32,16,32,1.6,0.8,2,1,1,1,6,6,SUB_C_UNDERFILL,9.069,,,
ordinal,255,shared_nvfp4_swiglu_qmv_rows1_halved_bf16_v1_bfloat16_t_uint32_t_uint8_t_bfloat16_t,custom_kernel_laguna_shared_nvfp4_swiglu_qmv_rows1_halved_bf16_v1_bfloat16_t_uint32_t_uint8_t_bfloat16_t,threads,16384,64,256,2,256,12.8,6.4,13,7,1,1,48,24,SATURATING,53.517,,,
ordinal,256,prefill_router_tournament_ordinal_norm_active64_v2_bfloat16_t_float_uint32_t_float,custom_kernel_laguna_prefill_router_tournament_ordinal_norm_active64_v2_bfloat16_t_float_uint32_t_float,threads,256,256,1,8,1,0.05,0.025,1,1,1,1,12,12,SINGLE_TG,9.069,,,
ordinal,257,routed_nvfp4_swiglu_qmv_packed_top8keys_r1_bf16_v2_bfloat16_t_uint32_t_uint8_t_uint32_t_bfloat16_t,custom_kernel_laguna_routed_nvfp4_swiglu_qmv_packed_top8keys_r1_bf16_v2_bfloat16_t_uint32_t_uint8_t_uint32_t_bfloat16_t,threads,131072,64,2048,2,2048,102.4,51.2,103,52,2,3,48,24,SATURATING,386.877,,,
ordinal,258,routed_shared_nvfp4_down_residual_bf16_sh_stage4_v6_bfloat16_t_uint32_t_uint8_t_uint32_t_float_bfloat16_t_uint32_t_uint8_t_bfloat16_t_bfloat16_t,custom_kernel_laguna_routed_shared_nvfp4_down_residual_bf16_sh_stage4_v6_bfloat16_t_uint32_t_uint8_t_uint32_t_float_bfloat16_t_uint32_t_uint8_t_bfloat16_t_bfloat16_t,threads,147456,288,512,9,512,25.6,12.8,26,13,2,2,10,10,SATURATING,97.965,,,
ordinal,259,rmsbfloat16,rmsbfloat16,threads,512,512,1,16,1,0.05,0.025,1,1,1,1,6,6,SINGLE_TG,9.069,,,
ordinal,260,nvfp4_qkv_h64_r1_v1_lm1_pw1_se1_sd1_bfloat16_t_uint32_t_uint8_t_uint8_t_uint8_t_bfloat16_t,custom_kernel_laguna_decode_nvfp4_qkv_h64_r1_v1_lm1_pw1_se1_sd1_bfloat16_t_uint32_t_uint8_t_uint8_t_uint8_t_bfloat16_t,threads,327680,64,5120,2,5120,256.0,128.0,256,128,3,6,48,24,SATURATING,949.885,,,
ordinal,261,sliding_fused_attn_ring_v1_bfloat16_t_bfloat16_t_bfloat16_t_bfloat16_t_bfloat16_t_float_bfloat16_t_bfloat16_t_uint32_tc_floatc_bfloat16_t,custom_kernel_laguna_sliding_fused_attn_ring_v1_bfloat16_t_bfloat16_t_bfloat16_t_bfloat16_t_bfloat16_t_float_bfloat16_t_bfloat16_t_uint32_tc_floatc_bfloat16_t,threads,32768,1024,32,32,32,1.6,0.8,2,1,1,1,3,3,SUB_C_UNDERFILL,9.069,,,
ordinal,262,gate_sp_h64_v1_bfloat16_t_uint32_t_bfloat16_t_bfloat16_t_bfloat16_t,custom_kernel_laguna_gate_sp_h64_v1_bfloat16_t_uint32_t_bfloat16_t_bfloat16_t_bfloat16_t,threads,512,64,8,2,8,0.4,0.2,1,1,1,1,48,24,SUB_C_UNDERFILL,9.069,,,
ordinal,263,oproj_act_h64_v1_lm1_pw1_sc1_se1_bfloat16_t_bfloat16_t_uint32_t_uint8_t_uint8_t_uint8_t_bfloat16_t,custom_kernel_laguna_oproj_act_h64_v1_lm1_pw1_sc1_se1_bfloat16_t_bfloat16_t_uint32_t_uint8_t_uint8_t_uint8_t_bfloat16_t,threads,16384,64,256,2,256,12.8,6.4,13,7,1,1,48,24,SATURATING,53.517,,,
ordinal,264,residual_rms_router_bf16_2048_rpg8_keys_v1_pf1_bfloat16_t_bfloat16_t_bfloat16_t_bfloat16_t_float_bfloat16_t_bfloat16_t_bfloat16_t_uint32_t,custom_kernel_laguna_residual_rms_router_bf16_2048_rpg8_keys_v1_pf1_bfloat16_t_bfloat16_t_bfloat16_t_bfloat16_t_float_bfloat16_t_bfloat16_t_bfloat16_t_uint32_t,threads,16384,512,32,16,32,1.6,0.8,2,1,1,1,6,6,SUB_C_UNDERFILL,9.069,,,
ordinal,265,shared_nvfp4_swiglu_qmv_rows1_halved_bf16_v1_bfloat16_t_uint32_t_uint8_t_bfloat16_t,custom_kernel_laguna_shared_nvfp4_swiglu_qmv_rows1_halved_bf16_v1_bfloat16_t_uint32_t_uint8_t_bfloat16_t,threads,16384,64,256,2,256,12.8,6.4,13,7,1,1,48,24,SATURATING,53.517,,,
ordinal,266,prefill_router_tournament_ordinal_norm_active64_v2_bfloat16_t_float_uint32_t_float,custom_kernel_laguna_prefill_router_tournament_ordinal_norm_active64_v2_bfloat16_t_float_uint32_t_float,threads,256,256,1,8,1,0.05,0.025,1,1,1,1,12,12,SINGLE_TG,9.069,,,
ordinal,267,routed_nvfp4_swiglu_qmv_packed_top8keys_r1_bf16_v2_bfloat16_t_uint32_t_uint8_t_uint32_t_bfloat16_t,custom_kernel_laguna_routed_nvfp4_swiglu_qmv_packed_top8keys_r1_bf16_v2_bfloat16_t_uint32_t_uint8_t_uint32_t_bfloat16_t,threads,131072,64,2048,2,2048,102.4,51.2,103,52,2,3,48,24,SATURATING,386.877,,,
ordinal,268,routed_shared_nvfp4_down_residual_bf16_sh_stage4_v6_bfloat16_t_uint32_t_uint8_t_uint32_t_float_bfloat16_t_uint32_t_uint8_t_bfloat16_t_bfloat16_t,custom_kernel_laguna_routed_shared_nvfp4_down_residual_bf16_sh_stage4_v6_bfloat16_t_uint32_t_uint8_t_uint32_t_float_bfloat16_t_uint32_t_uint8_t_bfloat16_t_bfloat16_t,threads,147456,288,512,9,512,25.6,12.8,26,13,2,2,10,10,SATURATING,97.965,,,
ordinal,269,rmsbfloat16,rmsbfloat16,threads,512,512,1,16,1,0.05,0.025,1,1,1,1,6,6,SINGLE_TG,9.069,,,
ordinal,270,nvfp4_qkv_h64_r1_v1_lm1_pw1_se1_sd1_bfloat16_t_uint32_t_uint8_t_uint8_t_uint8_t_bfloat16_t,custom_kernel_laguna_decode_nvfp4_qkv_h64_r1_v1_lm1_pw1_se1_sd1_bfloat16_t_uint32_t_uint8_t_uint8_t_uint8_t_bfloat16_t,threads,327680,64,5120,2,5120,256.0,128.0,256,128,3,6,48,24,SATURATING,949.885,,,
ordinal,271,sliding_fused_attn_ring_v1_bfloat16_t_bfloat16_t_bfloat16_t_bfloat16_t_bfloat16_t_float_bfloat16_t_bfloat16_t_uint32_tc_floatc_bfloat16_t,custom_kernel_laguna_sliding_fused_attn_ring_v1_bfloat16_t_bfloat16_t_bfloat16_t_bfloat16_t_bfloat16_t_float_bfloat16_t_bfloat16_t_uint32_tc_floatc_bfloat16_t,threads,32768,1024,32,32,32,1.6,0.8,2,1,1,1,3,3,SUB_C_UNDERFILL,9.069,,,
ordinal,272,gate_sp_h64_v1_bfloat16_t_uint32_t_bfloat16_t_bfloat16_t_bfloat16_t,custom_kernel_laguna_gate_sp_h64_v1_bfloat16_t_uint32_t_bfloat16_t_bfloat16_t_bfloat16_t,threads,512,64,8,2,8,0.4,0.2,1,1,1,1,48,24,SUB_C_UNDERFILL,9.069,,,
ordinal,273,oproj_act_h64_v1_lm1_pw1_sc1_se1_bfloat16_t_bfloat16_t_uint32_t_uint8_t_uint8_t_uint8_t_bfloat16_t,custom_kernel_laguna_oproj_act_h64_v1_lm1_pw1_sc1_se1_bfloat16_t_bfloat16_t_uint32_t_uint8_t_uint8_t_uint8_t_bfloat16_t,threads,16384,64,256,2,256,12.8,6.4,13,7,1,1,48,24,SATURATING,53.517,,,
ordinal,274,residual_rms_router_bf16_2048_rpg8_keys_v1_pf1_bfloat16_t_bfloat16_t_bfloat16_t_bfloat16_t_float_bfloat16_t_bfloat16_t_bfloat16_t_uint32_t,custom_kernel_laguna_residual_rms_router_bf16_2048_rpg8_keys_v1_pf1_bfloat16_t_bfloat16_t_bfloat16_t_bfloat16_t_float_bfloat16_t_bfloat16_t_bfloat16_t_uint32_t,threads,16384,512,32,16,32,1.6,0.8,2,1,1,1,6,6,SUB_C_UNDERFILL,9.069,,,
ordinal,275,shared_nvfp4_swiglu_qmv_rows1_halved_bf16_v1_bfloat16_t_uint32_t_uint8_t_bfloat16_t,custom_kernel_laguna_shared_nvfp4_swiglu_qmv_rows1_halved_bf16_v1_bfloat16_t_uint32_t_uint8_t_bfloat16_t,threads,16384,64,256,2,256,12.8,6.4,13,7,1,1,48,24,SATURATING,53.517,,,
ordinal,276,prefill_router_tournament_ordinal_norm_active64_v2_bfloat16_t_float_uint32_t_float,custom_kernel_laguna_prefill_router_tournament_ordinal_norm_active64_v2_bfloat16_t_float_uint32_t_float,threads,256,256,1,8,1,0.05,0.025,1,1,1,1,12,12,SINGLE_TG,9.069,,,
ordinal,277,routed_nvfp4_swiglu_qmv_packed_top8keys_r1_bf16_v2_bfloat16_t_uint32_t_uint8_t_uint32_t_bfloat16_t,custom_kernel_laguna_routed_nvfp4_swiglu_qmv_packed_top8keys_r1_bf16_v2_bfloat16_t_uint32_t_uint8_t_uint32_t_bfloat16_t,threads,131072,64,2048,2,2048,102.4,51.2,103,52,2,3,48,24,SATURATING,386.877,,,
ordinal,278,routed_shared_nvfp4_down_residual_bf16_sh_stage4_v6_bfloat16_t_uint32_t_uint8_t_uint32_t_float_bfloat16_t_uint32_t_uint8_t_bfloat16_t_bfloat16_t,custom_kernel_laguna_routed_shared_nvfp4_down_residual_bf16_sh_stage4_v6_bfloat16_t_uint32_t_uint8_t_uint32_t_float_bfloat16_t_uint32_t_uint8_t_bfloat16_t_bfloat16_t,threads,147456,288,512,9,512,25.6,12.8,26,13,2,2,10,10,SATURATING,97.965,,,
ordinal,279,rmsbfloat16,rmsbfloat16,threads,512,512,1,16,1,0.05,0.025,1,1,1,1,6,6,SINGLE_TG,9.069,,,
ordinal,280,nvfp4_qkv_h48_r1_v1_lm1_pw1_se1_sd1_bfloat16_t_uint32_t_uint8_t_uint8_t_uint8_t_bfloat16_t,custom_kernel_laguna_decode_nvfp4_qkv_h48_r1_v1_lm1_pw1_se1_sd1_bfloat16_t_uint32_t_uint8_t_uint8_t_uint8_t_bfloat16_t,threads,262144,64,4096,2,4096,204.8,102.4,205,103,3,5,48,24,SATURATING,764.685,,,
ordinal,281,full_fused_attn_grow_v1_bfloat16_t_bfloat16_t_bfloat16_t_bfloat16_t_bfloat16_t_float_bfloat16_t_bfloat16_t_uint32_tc_floatc_bfloat16_t,custom_kernel_laguna_full_fused_attn_grow_v1_bfloat16_t_bfloat16_t_bfloat16_t_bfloat16_t_bfloat16_t_float_bfloat16_t_bfloat16_t_uint32_tc_floatc_bfloat16_t,threads,24576,1024,24,32,24,1.2,0.6,2,1,1,1,3,3,SUB_C_UNDERFILL,9.069,,,
ordinal,282,gate_sp_h48_v1_bfloat16_t_uint32_t_bfloat16_t_bfloat16_t_bfloat16_t,custom_kernel_laguna_gate_sp_h48_v1_bfloat16_t_uint32_t_bfloat16_t_bfloat16_t_bfloat16_t,threads,384,64,6,2,6,0.3,0.15,1,1,1,1,48,24,SUB_C_UNDERFILL,9.069,,,
ordinal,283,oproj_act_h48_v1_lm1_pw1_sc1_se1_bfloat16_t_bfloat16_t_uint32_t_uint8_t_uint8_t_uint8_t_bfloat16_t,custom_kernel_laguna_oproj_act_h48_v1_lm1_pw1_sc1_se1_bfloat16_t_bfloat16_t_uint32_t_uint8_t_uint8_t_uint8_t_bfloat16_t,threads,16384,64,256,2,256,12.8,6.4,13,7,1,1,48,24,SATURATING,53.517,,,
ordinal,284,residual_rms_router_bf16_2048_rpg8_keys_v1_pf1_bfloat16_t_bfloat16_t_bfloat16_t_bfloat16_t_float_bfloat16_t_bfloat16_t_bfloat16_t_uint32_t,custom_kernel_laguna_residual_rms_router_bf16_2048_rpg8_keys_v1_pf1_bfloat16_t_bfloat16_t_bfloat16_t_bfloat16_t_float_bfloat16_t_bfloat16_t_bfloat16_t_uint32_t,threads,16384,512,32,16,32,1.6,0.8,2,1,1,1,6,6,SUB_C_UNDERFILL,9.069,,,
ordinal,285,shared_nvfp4_swiglu_qmv_rows1_halved_bf16_v1_bfloat16_t_uint32_t_uint8_t_bfloat16_t,custom_kernel_laguna_shared_nvfp4_swiglu_qmv_rows1_halved_bf16_v1_bfloat16_t_uint32_t_uint8_t_bfloat16_t,threads,16384,64,256,2,256,12.8,6.4,13,7,1,1,48,24,SATURATING,53.517,,,
ordinal,286,prefill_router_tournament_ordinal_norm_active64_v2_bfloat16_t_float_uint32_t_float,custom_kernel_laguna_prefill_router_tournament_ordinal_norm_active64_v2_bfloat16_t_float_uint32_t_float,threads,256,256,1,8,1,0.05,0.025,1,1,1,1,12,12,SINGLE_TG,9.069,,,
ordinal,287,routed_nvfp4_swiglu_qmv_packed_top8keys_r1_bf16_v2_bfloat16_t_uint32_t_uint8_t_uint32_t_bfloat16_t,custom_kernel_laguna_routed_nvfp4_swiglu_qmv_packed_top8keys_r1_bf16_v2_bfloat16_t_uint32_t_uint8_t_uint32_t_bfloat16_t,threads,131072,64,2048,2,2048,102.4,51.2,103,52,2,3,48,24,SATURATING,386.877,,,
ordinal,288,routed_shared_nvfp4_down_residual_bf16_sh_stage4_v6_bfloat16_t_uint32_t_uint8_t_uint32_t_float_bfloat16_t_uint32_t_uint8_t_bfloat16_t_bfloat16_t,custom_kernel_laguna_routed_shared_nvfp4_down_residual_bf16_sh_stage4_v6_bfloat16_t_uint32_t_uint8_t_uint32_t_float_bfloat16_t_uint32_t_uint8_t_bfloat16_t_bfloat16_t,threads,147456,288,512,9,512,25.6,12.8,26,13,2,2,10,10,SATURATING,97.965,,,
ordinal,289,rmsbfloat16,rmsbfloat16,threads,512,512,1,16,1,0.05,0.025,1,1,1,1,6,6,SINGLE_TG,9.069,,,
ordinal,290,nvfp4_qkv_h64_r1_v1_lm1_pw1_se1_sd1_bfloat16_t_uint32_t_uint8_t_uint8_t_uint8_t_bfloat16_t,custom_kernel_laguna_decode_nvfp4_qkv_h64_r1_v1_lm1_pw1_se1_sd1_bfloat16_t_uint32_t_uint8_t_uint8_t_uint8_t_bfloat16_t,threads,327680,64,5120,2,5120,256.0,128.0,256,128,3,6,48,24,SATURATING,949.885,,,
ordinal,291,sliding_fused_attn_ring_v1_bfloat16_t_bfloat16_t_bfloat16_t_bfloat16_t_bfloat16_t_float_bfloat16_t_bfloat16_t_uint32_tc_floatc_bfloat16_t,custom_kernel_laguna_sliding_fused_attn_ring_v1_bfloat16_t_bfloat16_t_bfloat16_t_bfloat16_t_bfloat16_t_float_bfloat16_t_bfloat16_t_uint32_tc_floatc_bfloat16_t,threads,32768,1024,32,32,32,1.6,0.8,2,1,1,1,3,3,SUB_C_UNDERFILL,9.069,,,
ordinal,292,gate_sp_h64_v1_bfloat16_t_uint32_t_bfloat16_t_bfloat16_t_bfloat16_t,custom_kernel_laguna_gate_sp_h64_v1_bfloat16_t_uint32_t_bfloat16_t_bfloat16_t_bfloat16_t,threads,512,64,8,2,8,0.4,0.2,1,1,1,1,48,24,SUB_C_UNDERFILL,9.069,,,
ordinal,293,oproj_act_h64_v1_lm1_pw1_sc1_se1_bfloat16_t_bfloat16_t_uint32_t_uint8_t_uint8_t_uint8_t_bfloat16_t,custom_kernel_laguna_oproj_act_h64_v1_lm1_pw1_sc1_se1_bfloat16_t_bfloat16_t_uint32_t_uint8_t_uint8_t_uint8_t_bfloat16_t,threads,16384,64,256,2,256,12.8,6.4,13,7,1,1,48,24,SATURATING,53.517,,,
ordinal,294,residual_rms_router_bf16_2048_rpg8_keys_v1_pf1_bfloat16_t_bfloat16_t_bfloat16_t_bfloat16_t_float_bfloat16_t_bfloat16_t_bfloat16_t_uint32_t,custom_kernel_laguna_residual_rms_router_bf16_2048_rpg8_keys_v1_pf1_bfloat16_t_bfloat16_t_bfloat16_t_bfloat16_t_float_bfloat16_t_bfloat16_t_bfloat16_t_uint32_t,threads,16384,512,32,16,32,1.6,0.8,2,1,1,1,6,6,SUB_C_UNDERFILL,9.069,,,
ordinal,295,shared_nvfp4_swiglu_qmv_rows1_halved_bf16_v1_bfloat16_t_uint32_t_uint8_t_bfloat16_t,custom_kernel_laguna_shared_nvfp4_swiglu_qmv_rows1_halved_bf16_v1_bfloat16_t_uint32_t_uint8_t_bfloat16_t,threads,16384,64,256,2,256,12.8,6.4,13,7,1,1,48,24,SATURATING,53.517,,,
ordinal,296,prefill_router_tournament_ordinal_norm_active64_v2_bfloat16_t_float_uint32_t_float,custom_kernel_laguna_prefill_router_tournament_ordinal_norm_active64_v2_bfloat16_t_float_uint32_t_float,threads,256,256,1,8,1,0.05,0.025,1,1,1,1,12,12,SINGLE_TG,9.069,,,
ordinal,297,routed_nvfp4_swiglu_qmv_packed_top8keys_r1_bf16_v2_bfloat16_t_uint32_t_uint8_t_uint32_t_bfloat16_t,custom_kernel_laguna_routed_nvfp4_swiglu_qmv_packed_top8keys_r1_bf16_v2_bfloat16_t_uint32_t_uint8_t_uint32_t_bfloat16_t,threads,131072,64,2048,2,2048,102.4,51.2,103,52,2,3,48,24,SATURATING,386.877,,,
ordinal,298,routed_shared_nvfp4_down_residual_bf16_sh_stage4_v6_bfloat16_t_uint32_t_uint8_t_uint32_t_float_bfloat16_t_uint32_t_uint8_t_bfloat16_t_bfloat16_t,custom_kernel_laguna_routed_shared_nvfp4_down_residual_bf16_sh_stage4_v6_bfloat16_t_uint32_t_uint8_t_uint32_t_float_bfloat16_t_uint32_t_uint8_t_bfloat16_t_bfloat16_t,threads,147456,288,512,9,512,25.6,12.8,26,13,2,2,10,10,SATURATING,97.965,,,
ordinal,299,rmsbfloat16,rmsbfloat16,threads,512,512,1,16,1,0.05,0.025,1,1,1,1,6,6,SINGLE_TG,9.069,,,
ordinal,300,nvfp4_qkv_h64_r1_v1_lm1_pw1_se1_sd1_bfloat16_t_uint32_t_uint8_t_uint8_t_uint8_t_bfloat16_t,custom_kernel_laguna_decode_nvfp4_qkv_h64_r1_v1_lm1_pw1_se1_sd1_bfloat16_t_uint32_t_uint8_t_uint8_t_uint8_t_bfloat16_t,threads,327680,64,5120,2,5120,256.0,128.0,256,128,3,6,48,24,SATURATING,949.885,,,
ordinal,301,sliding_fused_attn_ring_v1_bfloat16_t_bfloat16_t_bfloat16_t_bfloat16_t_bfloat16_t_float_bfloat16_t_bfloat16_t_uint32_tc_floatc_bfloat16_t,custom_kernel_laguna_sliding_fused_attn_ring_v1_bfloat16_t_bfloat16_t_bfloat16_t_bfloat16_t_bfloat16_t_float_bfloat16_t_bfloat16_t_uint32_tc_floatc_bfloat16_t,threads,32768,1024,32,32,32,1.6,0.8,2,1,1,1,3,3,SUB_C_UNDERFILL,9.069,,,
ordinal,302,gate_sp_h64_v1_bfloat16_t_uint32_t_bfloat16_t_bfloat16_t_bfloat16_t,custom_kernel_laguna_gate_sp_h64_v1_bfloat16_t_uint32_t_bfloat16_t_bfloat16_t_bfloat16_t,threads,512,64,8,2,8,0.4,0.2,1,1,1,1,48,24,SUB_C_UNDERFILL,9.069,,,
ordinal,303,oproj_act_h64_v1_lm1_pw1_sc1_se1_bfloat16_t_bfloat16_t_uint32_t_uint8_t_uint8_t_uint8_t_bfloat16_t,custom_kernel_laguna_oproj_act_h64_v1_lm1_pw1_sc1_se1_bfloat16_t_bfloat16_t_uint32_t_uint8_t_uint8_t_uint8_t_bfloat16_t,threads,16384,64,256,2,256,12.8,6.4,13,7,1,1,48,24,SATURATING,53.517,,,
ordinal,304,residual_rms_router_bf16_2048_rpg8_keys_v1_pf1_bfloat16_t_bfloat16_t_bfloat16_t_bfloat16_t_float_bfloat16_t_bfloat16_t_bfloat16_t_uint32_t,custom_kernel_laguna_residual_rms_router_bf16_2048_rpg8_keys_v1_pf1_bfloat16_t_bfloat16_t_bfloat16_t_bfloat16_t_float_bfloat16_t_bfloat16_t_bfloat16_t_uint32_t,threads,16384,512,32,16,32,1.6,0.8,2,1,1,1,6,6,SUB_C_UNDERFILL,9.069,,,
ordinal,305,shared_nvfp4_swiglu_qmv_rows1_halved_bf16_v1_bfloat16_t_uint32_t_uint8_t_bfloat16_t,custom_kernel_laguna_shared_nvfp4_swiglu_qmv_rows1_halved_bf16_v1_bfloat16_t_uint32_t_uint8_t_bfloat16_t,threads,16384,64,256,2,256,12.8,6.4,13,7,1,1,48,24,SATURATING,53.517,,,
ordinal,306,prefill_router_tournament_ordinal_norm_active64_v2_bfloat16_t_float_uint32_t_float,custom_kernel_laguna_prefill_router_tournament_ordinal_norm_active64_v2_bfloat16_t_float_uint32_t_float,threads,256,256,1,8,1,0.05,0.025,1,1,1,1,12,12,SINGLE_TG,9.069,,,
ordinal,307,routed_nvfp4_swiglu_qmv_packed_top8keys_r1_bf16_v2_bfloat16_t_uint32_t_uint8_t_uint32_t_bfloat16_t,custom_kernel_laguna_routed_nvfp4_swiglu_qmv_packed_top8keys_r1_bf16_v2_bfloat16_t_uint32_t_uint8_t_uint32_t_bfloat16_t,threads,131072,64,2048,2,2048,102.4,51.2,103,52,2,3,48,24,SATURATING,386.877,,,
ordinal,308,routed_shared_nvfp4_down_residual_bf16_sh_stage4_v6_bfloat16_t_uint32_t_uint8_t_uint32_t_float_bfloat16_t_uint32_t_uint8_t_bfloat16_t_bfloat16_t,custom_kernel_laguna_routed_shared_nvfp4_down_residual_bf16_sh_stage4_v6_bfloat16_t_uint32_t_uint8_t_uint32_t_float_bfloat16_t_uint32_t_uint8_t_bfloat16_t_bfloat16_t,threads,147456,288,512,9,512,25.6,12.8,26,13,2,2,10,10,SATURATING,97.965,,,
ordinal,309,rmsbfloat16,rmsbfloat16,threads,512,512,1,16,1,0.05,0.025,1,1,1,1,6,6,SINGLE_TG,9.069,,,
ordinal,310,nvfp4_qkv_h64_r1_v1_lm1_pw1_se1_sd1_bfloat16_t_uint32_t_uint8_t_uint8_t_uint8_t_bfloat16_t,custom_kernel_laguna_decode_nvfp4_qkv_h64_r1_v1_lm1_pw1_se1_sd1_bfloat16_t_uint32_t_uint8_t_uint8_t_uint8_t_bfloat16_t,threads,327680,64,5120,2,5120,256.0,128.0,256,128,3,6,48,24,SATURATING,949.885,,,
ordinal,311,sliding_fused_attn_ring_v1_bfloat16_t_bfloat16_t_bfloat16_t_bfloat16_t_bfloat16_t_float_bfloat16_t_bfloat16_t_uint32_tc_floatc_bfloat16_t,custom_kernel_laguna_sliding_fused_attn_ring_v1_bfloat16_t_bfloat16_t_bfloat16_t_bfloat16_t_bfloat16_t_float_bfloat16_t_bfloat16_t_uint32_tc_floatc_bfloat16_t,threads,32768,1024,32,32,32,1.6,0.8,2,1,1,1,3,3,SUB_C_UNDERFILL,9.069,,,
ordinal,312,gate_sp_h64_v1_bfloat16_t_uint32_t_bfloat16_t_bfloat16_t_bfloat16_t,custom_kernel_laguna_gate_sp_h64_v1_bfloat16_t_uint32_t_bfloat16_t_bfloat16_t_bfloat16_t,threads,512,64,8,2,8,0.4,0.2,1,1,1,1,48,24,SUB_C_UNDERFILL,9.069,,,
ordinal,313,oproj_act_h64_v1_lm1_pw1_sc1_se1_bfloat16_t_bfloat16_t_uint32_t_uint8_t_uint8_t_uint8_t_bfloat16_t,custom_kernel_laguna_oproj_act_h64_v1_lm1_pw1_sc1_se1_bfloat16_t_bfloat16_t_uint32_t_uint8_t_uint8_t_uint8_t_bfloat16_t,threads,16384,64,256,2,256,12.8,6.4,13,7,1,1,48,24,SATURATING,53.517,,,
ordinal,314,residual_rms_router_bf16_2048_rpg8_keys_v1_pf1_bfloat16_t_bfloat16_t_bfloat16_t_bfloat16_t_float_bfloat16_t_bfloat16_t_bfloat16_t_uint32_t,custom_kernel_laguna_residual_rms_router_bf16_2048_rpg8_keys_v1_pf1_bfloat16_t_bfloat16_t_bfloat16_t_bfloat16_t_float_bfloat16_t_bfloat16_t_bfloat16_t_uint32_t,threads,16384,512,32,16,32,1.6,0.8,2,1,1,1,6,6,SUB_C_UNDERFILL,9.069,,,
ordinal,315,shared_nvfp4_swiglu_qmv_rows1_halved_bf16_v1_bfloat16_t_uint32_t_uint8_t_bfloat16_t,custom_kernel_laguna_shared_nvfp4_swiglu_qmv_rows1_halved_bf16_v1_bfloat16_t_uint32_t_uint8_t_bfloat16_t,threads,16384,64,256,2,256,12.8,6.4,13,7,1,1,48,24,SATURATING,53.517,,,
ordinal,316,prefill_router_tournament_ordinal_norm_active64_v2_bfloat16_t_float_uint32_t_float,custom_kernel_laguna_prefill_router_tournament_ordinal_norm_active64_v2_bfloat16_t_float_uint32_t_float,threads,256,256,1,8,1,0.05,0.025,1,1,1,1,12,12,SINGLE_TG,9.069,,,
ordinal,317,routed_nvfp4_swiglu_qmv_packed_top8keys_r1_bf16_v2_bfloat16_t_uint32_t_uint8_t_uint32_t_bfloat16_t,custom_kernel_laguna_routed_nvfp4_swiglu_qmv_packed_top8keys_r1_bf16_v2_bfloat16_t_uint32_t_uint8_t_uint32_t_bfloat16_t,threads,131072,64,2048,2,2048,102.4,51.2,103,52,2,3,48,24,SATURATING,386.877,,,
ordinal,318,routed_shared_nvfp4_down_residual_bf16_sh_stage4_v6_bfloat16_t_uint32_t_uint8_t_uint32_t_float_bfloat16_t_uint32_t_uint8_t_bfloat16_t_bfloat16_t,custom_kernel_laguna_routed_shared_nvfp4_down_residual_bf16_sh_stage4_v6_bfloat16_t_uint32_t_uint8_t_uint32_t_float_bfloat16_t_uint32_t_uint8_t_bfloat16_t_bfloat16_t,threads,147456,288,512,9,512,25.6,12.8,26,13,2,2,10,10,SATURATING,97.965,,,
ordinal,319,rmsbfloat16,rmsbfloat16,threads,512,512,1,16,1,0.05,0.025,1,1,1,1,6,6,SINGLE_TG,9.069,,,
ordinal,320,nvfp4_qkv_h48_r1_v1_lm1_pw1_se1_sd1_bfloat16_t_uint32_t_uint8_t_uint8_t_uint8_t_bfloat16_t,custom_kernel_laguna_decode_nvfp4_qkv_h48_r1_v1_lm1_pw1_se1_sd1_bfloat16_t_uint32_t_uint8_t_uint8_t_uint8_t_bfloat16_t,threads,262144,64,4096,2,4096,204.8,102.4,205,103,3,5,48,24,SATURATING,764.685,,,
ordinal,321,full_fused_attn_grow_v1_bfloat16_t_bfloat16_t_bfloat16_t_bfloat16_t_bfloat16_t_float_bfloat16_t_bfloat16_t_uint32_tc_floatc_bfloat16_t,custom_kernel_laguna_full_fused_attn_grow_v1_bfloat16_t_bfloat16_t_bfloat16_t_bfloat16_t_bfloat16_t_float_bfloat16_t_bfloat16_t_uint32_tc_floatc_bfloat16_t,threads,24576,1024,24,32,24,1.2,0.6,2,1,1,1,3,3,SUB_C_UNDERFILL,9.069,,,
ordinal,322,gate_sp_h48_v1_bfloat16_t_uint32_t_bfloat16_t_bfloat16_t_bfloat16_t,custom_kernel_laguna_gate_sp_h48_v1_bfloat16_t_uint32_t_bfloat16_t_bfloat16_t_bfloat16_t,threads,384,64,6,2,6,0.3,0.15,1,1,1,1,48,24,SUB_C_UNDERFILL,9.069,,,
ordinal,323,oproj_act_h48_v1_lm1_pw1_sc1_se1_bfloat16_t_bfloat16_t_uint32_t_uint8_t_uint8_t_uint8_t_bfloat16_t,custom_kernel_laguna_oproj_act_h48_v1_lm1_pw1_sc1_se1_bfloat16_t_bfloat16_t_uint32_t_uint8_t_uint8_t_uint8_t_bfloat16_t,threads,16384,64,256,2,256,12.8,6.4,13,7,1,1,48,24,SATURATING,53.517,,,
ordinal,324,residual_rms_router_bf16_2048_rpg8_keys_v1_pf1_bfloat16_t_bfloat16_t_bfloat16_t_bfloat16_t_float_bfloat16_t_bfloat16_t_bfloat16_t_uint32_t,custom_kernel_laguna_residual_rms_router_bf16_2048_rpg8_keys_v1_pf1_bfloat16_t_bfloat16_t_bfloat16_t_bfloat16_t_float_bfloat16_t_bfloat16_t_bfloat16_t_uint32_t,threads,16384,512,32,16,32,1.6,0.8,2,1,1,1,6,6,SUB_C_UNDERFILL,9.069,,,
ordinal,325,shared_nvfp4_swiglu_qmv_rows1_halved_bf16_v1_bfloat16_t_uint32_t_uint8_t_bfloat16_t,custom_kernel_laguna_shared_nvfp4_swiglu_qmv_rows1_halved_bf16_v1_bfloat16_t_uint32_t_uint8_t_bfloat16_t,threads,16384,64,256,2,256,12.8,6.4,13,7,1,1,48,24,SATURATING,53.517,,,
ordinal,326,prefill_router_tournament_ordinal_norm_active64_v2_bfloat16_t_float_uint32_t_float,custom_kernel_laguna_prefill_router_tournament_ordinal_norm_active64_v2_bfloat16_t_float_uint32_t_float,threads,256,256,1,8,1,0.05,0.025,1,1,1,1,12,12,SINGLE_TG,9.069,,,
ordinal,327,routed_nvfp4_swiglu_qmv_packed_top8keys_r1_bf16_v2_bfloat16_t_uint32_t_uint8_t_uint32_t_bfloat16_t,custom_kernel_laguna_routed_nvfp4_swiglu_qmv_packed_top8keys_r1_bf16_v2_bfloat16_t_uint32_t_uint8_t_uint32_t_bfloat16_t,threads,131072,64,2048,2,2048,102.4,51.2,103,52,2,3,48,24,SATURATING,386.877,,,
ordinal,328,routed_shared_nvfp4_down_residual_bf16_sh_stage4_v6_bfloat16_t_uint32_t_uint8_t_uint32_t_float_bfloat16_t_uint32_t_uint8_t_bfloat16_t_bfloat16_t,custom_kernel_laguna_routed_shared_nvfp4_down_residual_bf16_sh_stage4_v6_bfloat16_t_uint32_t_uint8_t_uint32_t_float_bfloat16_t_uint32_t_uint8_t_bfloat16_t_bfloat16_t,threads,147456,288,512,9,512,25.6,12.8,26,13,2,2,10,10,SATURATING,97.965,,,
ordinal,329,rmsbfloat16,rmsbfloat16,threads,512,512,1,16,1,0.05,0.025,1,1,1,1,6,6,SINGLE_TG,9.069,,,
ordinal,330,nvfp4_qkv_h64_r1_v1_lm1_pw1_se1_sd1_bfloat16_t_uint32_t_uint8_t_uint8_t_uint8_t_bfloat16_t,custom_kernel_laguna_decode_nvfp4_qkv_h64_r1_v1_lm1_pw1_se1_sd1_bfloat16_t_uint32_t_uint8_t_uint8_t_uint8_t_bfloat16_t,threads,327680,64,5120,2,5120,256.0,128.0,256,128,3,6,48,24,SATURATING,949.885,,,
ordinal,331,sliding_fused_attn_ring_v1_bfloat16_t_bfloat16_t_bfloat16_t_bfloat16_t_bfloat16_t_float_bfloat16_t_bfloat16_t_uint32_tc_floatc_bfloat16_t,custom_kernel_laguna_sliding_fused_attn_ring_v1_bfloat16_t_bfloat16_t_bfloat16_t_bfloat16_t_bfloat16_t_float_bfloat16_t_bfloat16_t_uint32_tc_floatc_bfloat16_t,threads,32768,1024,32,32,32,1.6,0.8,2,1,1,1,3,3,SUB_C_UNDERFILL,9.069,,,
ordinal,332,gate_sp_h64_v1_bfloat16_t_uint32_t_bfloat16_t_bfloat16_t_bfloat16_t,custom_kernel_laguna_gate_sp_h64_v1_bfloat16_t_uint32_t_bfloat16_t_bfloat16_t_bfloat16_t,threads,512,64,8,2,8,0.4,0.2,1,1,1,1,48,24,SUB_C_UNDERFILL,9.069,,,
ordinal,333,oproj_act_h64_v1_lm1_pw1_sc1_se1_bfloat16_t_bfloat16_t_uint32_t_uint8_t_uint8_t_uint8_t_bfloat16_t,custom_kernel_laguna_oproj_act_h64_v1_lm1_pw1_sc1_se1_bfloat16_t_bfloat16_t_uint32_t_uint8_t_uint8_t_uint8_t_bfloat16_t,threads,16384,64,256,2,256,12.8,6.4,13,7,1,1,48,24,SATURATING,53.517,,,
ordinal,334,residual_rms_router_bf16_2048_rpg8_keys_v1_pf1_bfloat16_t_bfloat16_t_bfloat16_t_bfloat16_t_float_bfloat16_t_bfloat16_t_bfloat16_t_uint32_t,custom_kernel_laguna_residual_rms_router_bf16_2048_rpg8_keys_v1_pf1_bfloat16_t_bfloat16_t_bfloat16_t_bfloat16_t_float_bfloat16_t_bfloat16_t_bfloat16_t_uint32_t,threads,16384,512,32,16,32,1.6,0.8,2,1,1,1,6,6,SUB_C_UNDERFILL,9.069,,,
ordinal,335,shared_nvfp4_swiglu_qmv_rows1_halved_bf16_v1_bfloat16_t_uint32_t_uint8_t_bfloat16_t,custom_kernel_laguna_shared_nvfp4_swiglu_qmv_rows1_halved_bf16_v1_bfloat16_t_uint32_t_uint8_t_bfloat16_t,threads,16384,64,256,2,256,12.8,6.4,13,7,1,1,48,24,SATURATING,53.517,,,
ordinal,336,prefill_router_tournament_ordinal_norm_active64_v2_bfloat16_t_float_uint32_t_float,custom_kernel_laguna_prefill_router_tournament_ordinal_norm_active64_v2_bfloat16_t_float_uint32_t_float,threads,256,256,1,8,1,0.05,0.025,1,1,1,1,12,12,SINGLE_TG,9.069,,,
ordinal,337,routed_nvfp4_swiglu_qmv_packed_top8keys_r1_bf16_v2_bfloat16_t_uint32_t_uint8_t_uint32_t_bfloat16_t,custom_kernel_laguna_routed_nvfp4_swiglu_qmv_packed_top8keys_r1_bf16_v2_bfloat16_t_uint32_t_uint8_t_uint32_t_bfloat16_t,threads,131072,64,2048,2,2048,102.4,51.2,103,52,2,3,48,24,SATURATING,386.877,,,
ordinal,338,routed_shared_nvfp4_down_residual_bf16_sh_stage4_v6_bfloat16_t_uint32_t_uint8_t_uint32_t_float_bfloat16_t_uint32_t_uint8_t_bfloat16_t_bfloat16_t,custom_kernel_laguna_routed_shared_nvfp4_down_residual_bf16_sh_stage4_v6_bfloat16_t_uint32_t_uint8_t_uint32_t_float_bfloat16_t_uint32_t_uint8_t_bfloat16_t_bfloat16_t,threads,147456,288,512,9,512,25.6,12.8,26,13,2,2,10,10,SATURATING,97.965,,,
ordinal,339,rmsbfloat16,rmsbfloat16,threads,512,512,1,16,1,0.05,0.025,1,1,1,1,6,6,SINGLE_TG,9.069,,,
ordinal,340,nvfp4_qkv_h64_r1_v1_lm1_pw1_se1_sd1_bfloat16_t_uint32_t_uint8_t_uint8_t_uint8_t_bfloat16_t,custom_kernel_laguna_decode_nvfp4_qkv_h64_r1_v1_lm1_pw1_se1_sd1_bfloat16_t_uint32_t_uint8_t_uint8_t_uint8_t_bfloat16_t,threads,327680,64,5120,2,5120,256.0,128.0,256,128,3,6,48,24,SATURATING,949.885,,,
ordinal,341,sliding_fused_attn_ring_v1_bfloat16_t_bfloat16_t_bfloat16_t_bfloat16_t_bfloat16_t_float_bfloat16_t_bfloat16_t_uint32_tc_floatc_bfloat16_t,custom_kernel_laguna_sliding_fused_attn_ring_v1_bfloat16_t_bfloat16_t_bfloat16_t_bfloat16_t_bfloat16_t_float_bfloat16_t_bfloat16_t_uint32_tc_floatc_bfloat16_t,threads,32768,1024,32,32,32,1.6,0.8,2,1,1,1,3,3,SUB_C_UNDERFILL,9.069,,,
ordinal,342,gate_sp_h64_v1_bfloat16_t_uint32_t_bfloat16_t_bfloat16_t_bfloat16_t,custom_kernel_laguna_gate_sp_h64_v1_bfloat16_t_uint32_t_bfloat16_t_bfloat16_t_bfloat16_t,threads,512,64,8,2,8,0.4,0.2,1,1,1,1,48,24,SUB_C_UNDERFILL,9.069,,,
ordinal,343,oproj_act_h64_v1_lm1_pw1_sc1_se1_bfloat16_t_bfloat16_t_uint32_t_uint8_t_uint8_t_uint8_t_bfloat16_t,custom_kernel_laguna_oproj_act_h64_v1_lm1_pw1_sc1_se1_bfloat16_t_bfloat16_t_uint32_t_uint8_t_uint8_t_uint8_t_bfloat16_t,threads,16384,64,256,2,256,12.8,6.4,13,7,1,1,48,24,SATURATING,53.517,,,
ordinal,344,residual_rms_router_bf16_2048_rpg8_keys_v1_pf1_bfloat16_t_bfloat16_t_bfloat16_t_bfloat16_t_float_bfloat16_t_bfloat16_t_bfloat16_t_uint32_t,custom_kernel_laguna_residual_rms_router_bf16_2048_rpg8_keys_v1_pf1_bfloat16_t_bfloat16_t_bfloat16_t_bfloat16_t_float_bfloat16_t_bfloat16_t_bfloat16_t_uint32_t,threads,16384,512,32,16,32,1.6,0.8,2,1,1,1,6,6,SUB_C_UNDERFILL,9.069,,,
ordinal,345,shared_nvfp4_swiglu_qmv_rows1_halved_bf16_v1_bfloat16_t_uint32_t_uint8_t_bfloat16_t,custom_kernel_laguna_shared_nvfp4_swiglu_qmv_rows1_halved_bf16_v1_bfloat16_t_uint32_t_uint8_t_bfloat16_t,threads,16384,64,256,2,256,12.8,6.4,13,7,1,1,48,24,SATURATING,53.517,,,
ordinal,346,prefill_router_tournament_ordinal_norm_active64_v2_bfloat16_t_float_uint32_t_float,custom_kernel_laguna_prefill_router_tournament_ordinal_norm_active64_v2_bfloat16_t_float_uint32_t_float,threads,256,256,1,8,1,0.05,0.025,1,1,1,1,12,12,SINGLE_TG,9.069,,,
ordinal,347,routed_nvfp4_swiglu_qmv_packed_top8keys_r1_bf16_v2_bfloat16_t_uint32_t_uint8_t_uint32_t_bfloat16_t,custom_kernel_laguna_routed_nvfp4_swiglu_qmv_packed_top8keys_r1_bf16_v2_bfloat16_t_uint32_t_uint8_t_uint32_t_bfloat16_t,threads,131072,64,2048,2,2048,102.4,51.2,103,52,2,3,48,24,SATURATING,386.877,,,
ordinal,348,routed_shared_nvfp4_down_residual_bf16_sh_stage4_v6_bfloat16_t_uint32_t_uint8_t_uint32_t_float_bfloat16_t_uint32_t_uint8_t_bfloat16_t_bfloat16_t,custom_kernel_laguna_routed_shared_nvfp4_down_residual_bf16_sh_stage4_v6_bfloat16_t_uint32_t_uint8_t_uint32_t_float_bfloat16_t_uint32_t_uint8_t_bfloat16_t_bfloat16_t,threads,147456,288,512,9,512,25.6,12.8,26,13,2,2,10,10,SATURATING,97.965,,,
ordinal,349,rmsbfloat16,rmsbfloat16,threads,512,512,1,16,1,0.05,0.025,1,1,1,1,6,6,SINGLE_TG,9.069,,,
ordinal,350,nvfp4_qkv_h64_r1_v1_lm1_pw1_se1_sd1_bfloat16_t_uint32_t_uint8_t_uint8_t_uint8_t_bfloat16_t,custom_kernel_laguna_decode_nvfp4_qkv_h64_r1_v1_lm1_pw1_se1_sd1_bfloat16_t_uint32_t_uint8_t_uint8_t_uint8_t_bfloat16_t,threads,327680,64,5120,2,5120,256.0,128.0,256,128,3,6,48,24,SATURATING,949.885,,,
ordinal,351,sliding_fused_attn_ring_v1_bfloat16_t_bfloat16_t_bfloat16_t_bfloat16_t_bfloat16_t_float_bfloat16_t_bfloat16_t_uint32_tc_floatc_bfloat16_t,custom_kernel_laguna_sliding_fused_attn_ring_v1_bfloat16_t_bfloat16_t_bfloat16_t_bfloat16_t_bfloat16_t_float_bfloat16_t_bfloat16_t_uint32_tc_floatc_bfloat16_t,threads,32768,1024,32,32,32,1.6,0.8,2,1,1,1,3,3,SUB_C_UNDERFILL,9.069,,,
ordinal,352,gate_sp_h64_v1_bfloat16_t_uint32_t_bfloat16_t_bfloat16_t_bfloat16_t,custom_kernel_laguna_gate_sp_h64_v1_bfloat16_t_uint32_t_bfloat16_t_bfloat16_t_bfloat16_t,threads,512,64,8,2,8,0.4,0.2,1,1,1,1,48,24,SUB_C_UNDERFILL,9.069,,,
ordinal,353,oproj_act_h64_v1_lm1_pw1_sc1_se1_bfloat16_t_bfloat16_t_uint32_t_uint8_t_uint8_t_uint8_t_bfloat16_t,custom_kernel_laguna_oproj_act_h64_v1_lm1_pw1_sc1_se1_bfloat16_t_bfloat16_t_uint32_t_uint8_t_uint8_t_uint8_t_bfloat16_t,threads,16384,64,256,2,256,12.8,6.4,13,7,1,1,48,24,SATURATING,53.517,,,
ordinal,354,residual_rms_router_bf16_2048_rpg8_keys_v1_pf1_bfloat16_t_bfloat16_t_bfloat16_t_bfloat16_t_float_bfloat16_t_bfloat16_t_bfloat16_t_uint32_t,custom_kernel_laguna_residual_rms_router_bf16_2048_rpg8_keys_v1_pf1_bfloat16_t_bfloat16_t_bfloat16_t_bfloat16_t_float_bfloat16_t_bfloat16_t_bfloat16_t_uint32_t,threads,16384,512,32,16,32,1.6,0.8,2,1,1,1,6,6,SUB_C_UNDERFILL,9.069,,,
ordinal,355,shared_nvfp4_swiglu_qmv_rows1_halved_bf16_v1_bfloat16_t_uint32_t_uint8_t_bfloat16_t,custom_kernel_laguna_shared_nvfp4_swiglu_qmv_rows1_halved_bf16_v1_bfloat16_t_uint32_t_uint8_t_bfloat16_t,threads,16384,64,256,2,256,12.8,6.4,13,7,1,1,48,24,SATURATING,53.517,,,
ordinal,356,prefill_router_tournament_ordinal_norm_active64_v2_bfloat16_t_float_uint32_t_float,custom_kernel_laguna_prefill_router_tournament_ordinal_norm_active64_v2_bfloat16_t_float_uint32_t_float,threads,256,256,1,8,1,0.05,0.025,1,1,1,1,12,12,SINGLE_TG,9.069,,,
ordinal,357,routed_nvfp4_swiglu_qmv_packed_top8keys_r1_bf16_v2_bfloat16_t_uint32_t_uint8_t_uint32_t_bfloat16_t,custom_kernel_laguna_routed_nvfp4_swiglu_qmv_packed_top8keys_r1_bf16_v2_bfloat16_t_uint32_t_uint8_t_uint32_t_bfloat16_t,threads,131072,64,2048,2,2048,102.4,51.2,103,52,2,3,48,24,SATURATING,386.877,,,
ordinal,358,routed_shared_nvfp4_down_residual_bf16_sh_stage4_v6_bfloat16_t_uint32_t_uint8_t_uint32_t_float_bfloat16_t_uint32_t_uint8_t_bfloat16_t_bfloat16_t,custom_kernel_laguna_routed_shared_nvfp4_down_residual_bf16_sh_stage4_v6_bfloat16_t_uint32_t_uint8_t_uint32_t_float_bfloat16_t_uint32_t_uint8_t_bfloat16_t_bfloat16_t,threads,147456,288,512,9,512,25.6,12.8,26,13,2,2,10,10,SATURATING,97.965,,,
ordinal,359,rmsbfloat16,rmsbfloat16,threads,512,512,1,16,1,0.05,0.025,1,1,1,1,6,6,SINGLE_TG,9.069,,,
ordinal,360,nvfp4_qkv_h48_r1_v1_lm1_pw1_se1_sd1_bfloat16_t_uint32_t_uint8_t_uint8_t_uint8_t_bfloat16_t,custom_kernel_laguna_decode_nvfp4_qkv_h48_r1_v1_lm1_pw1_se1_sd1_bfloat16_t_uint32_t_uint8_t_uint8_t_uint8_t_bfloat16_t,threads,262144,64,4096,2,4096,204.8,102.4,205,103,3,5,48,24,SATURATING,764.685,,,
ordinal,361,full_fused_attn_grow_v1_bfloat16_t_bfloat16_t_bfloat16_t_bfloat16_t_bfloat16_t_float_bfloat16_t_bfloat16_t_uint32_tc_floatc_bfloat16_t,custom_kernel_laguna_full_fused_attn_grow_v1_bfloat16_t_bfloat16_t_bfloat16_t_bfloat16_t_bfloat16_t_float_bfloat16_t_bfloat16_t_uint32_tc_floatc_bfloat16_t,threads,24576,1024,24,32,24,1.2,0.6,2,1,1,1,3,3,SUB_C_UNDERFILL,9.069,,,
ordinal,362,gate_sp_h48_v1_bfloat16_t_uint32_t_bfloat16_t_bfloat16_t_bfloat16_t,custom_kernel_laguna_gate_sp_h48_v1_bfloat16_t_uint32_t_bfloat16_t_bfloat16_t_bfloat16_t,threads,384,64,6,2,6,0.3,0.15,1,1,1,1,48,24,SUB_C_UNDERFILL,9.069,,,
ordinal,363,oproj_act_h48_v1_lm1_pw1_sc1_se1_bfloat16_t_bfloat16_t_uint32_t_uint8_t_uint8_t_uint8_t_bfloat16_t,custom_kernel_laguna_oproj_act_h48_v1_lm1_pw1_sc1_se1_bfloat16_t_bfloat16_t_uint32_t_uint8_t_uint8_t_uint8_t_bfloat16_t,threads,16384,64,256,2,256,12.8,6.4,13,7,1,1,48,24,SATURATING,53.517,,,
ordinal,364,residual_rms_router_bf16_2048_rpg8_keys_v1_pf1_bfloat16_t_bfloat16_t_bfloat16_t_bfloat16_t_float_bfloat16_t_bfloat16_t_bfloat16_t_uint32_t,custom_kernel_laguna_residual_rms_router_bf16_2048_rpg8_keys_v1_pf1_bfloat16_t_bfloat16_t_bfloat16_t_bfloat16_t_float_bfloat16_t_bfloat16_t_bfloat16_t_uint32_t,threads,16384,512,32,16,32,1.6,0.8,2,1,1,1,6,6,SUB_C_UNDERFILL,9.069,,,
ordinal,365,shared_nvfp4_swiglu_qmv_rows1_halved_bf16_v1_bfloat16_t_uint32_t_uint8_t_bfloat16_t,custom_kernel_laguna_shared_nvfp4_swiglu_qmv_rows1_halved_bf16_v1_bfloat16_t_uint32_t_uint8_t_bfloat16_t,threads,16384,64,256,2,256,12.8,6.4,13,7,1,1,48,24,SATURATING,53.517,,,
ordinal,366,prefill_router_tournament_ordinal_norm_active64_v2_bfloat16_t_float_uint32_t_float,custom_kernel_laguna_prefill_router_tournament_ordinal_norm_active64_v2_bfloat16_t_float_uint32_t_float,threads,256,256,1,8,1,0.05,0.025,1,1,1,1,12,12,SINGLE_TG,9.069,,,
ordinal,367,routed_nvfp4_swiglu_qmv_packed_top8keys_r1_bf16_v2_bfloat16_t_uint32_t_uint8_t_uint32_t_bfloat16_t,custom_kernel_laguna_routed_nvfp4_swiglu_qmv_packed_top8keys_r1_bf16_v2_bfloat16_t_uint32_t_uint8_t_uint32_t_bfloat16_t,threads,131072,64,2048,2,2048,102.4,51.2,103,52,2,3,48,24,SATURATING,386.877,,,
ordinal,368,routed_shared_nvfp4_down_residual_bf16_sh_stage4_v6_bfloat16_t_uint32_t_uint8_t_uint32_t_float_bfloat16_t_uint32_t_uint8_t_bfloat16_t_bfloat16_t,custom_kernel_laguna_routed_shared_nvfp4_down_residual_bf16_sh_stage4_v6_bfloat16_t_uint32_t_uint8_t_uint32_t_float_bfloat16_t_uint32_t_uint8_t_bfloat16_t_bfloat16_t,threads,147456,288,512,9,512,25.6,12.8,26,13,2,2,10,10,SATURATING,97.965,,,
ordinal,369,rmsbfloat16,rmsbfloat16,threads,512,512,1,16,1,0.05,0.025,1,1,1,1,6,6,SINGLE_TG,9.069,,,
ordinal,370,nvfp4_qkv_h64_r1_v1_lm1_pw1_se1_sd1_bfloat16_t_uint32_t_uint8_t_uint8_t_uint8_t_bfloat16_t,custom_kernel_laguna_decode_nvfp4_qkv_h64_r1_v1_lm1_pw1_se1_sd1_bfloat16_t_uint32_t_uint8_t_uint8_t_uint8_t_bfloat16_t,threads,327680,64,5120,2,5120,256.0,128.0,256,128,3,6,48,24,SATURATING,949.885,,,
ordinal,371,sliding_fused_attn_ring_v1_bfloat16_t_bfloat16_t_bfloat16_t_bfloat16_t_bfloat16_t_float_bfloat16_t_bfloat16_t_uint32_tc_floatc_bfloat16_t,custom_kernel_laguna_sliding_fused_attn_ring_v1_bfloat16_t_bfloat16_t_bfloat16_t_bfloat16_t_bfloat16_t_float_bfloat16_t_bfloat16_t_uint32_tc_floatc_bfloat16_t,threads,32768,1024,32,32,32,1.6,0.8,2,1,1,1,3,3,SUB_C_UNDERFILL,9.069,,,
ordinal,372,gate_sp_h64_v1_bfloat16_t_uint32_t_bfloat16_t_bfloat16_t_bfloat16_t,custom_kernel_laguna_gate_sp_h64_v1_bfloat16_t_uint32_t_bfloat16_t_bfloat16_t_bfloat16_t,threads,512,64,8,2,8,0.4,0.2,1,1,1,1,48,24,SUB_C_UNDERFILL,9.069,,,
ordinal,373,oproj_act_h64_v1_lm1_pw1_sc1_se1_bfloat16_t_bfloat16_t_uint32_t_uint8_t_uint8_t_uint8_t_bfloat16_t,custom_kernel_laguna_oproj_act_h64_v1_lm1_pw1_sc1_se1_bfloat16_t_bfloat16_t_uint32_t_uint8_t_uint8_t_uint8_t_bfloat16_t,threads,16384,64,256,2,256,12.8,6.4,13,7,1,1,48,24,SATURATING,53.517,,,
ordinal,374,residual_rms_router_bf16_2048_rpg8_keys_v1_pf1_bfloat16_t_bfloat16_t_bfloat16_t_bfloat16_t_float_bfloat16_t_bfloat16_t_bfloat16_t_uint32_t,custom_kernel_laguna_residual_rms_router_bf16_2048_rpg8_keys_v1_pf1_bfloat16_t_bfloat16_t_bfloat16_t_bfloat16_t_float_bfloat16_t_bfloat16_t_bfloat16_t_uint32_t,threads,16384,512,32,16,32,1.6,0.8,2,1,1,1,6,6,SUB_C_UNDERFILL,9.069,,,
ordinal,375,shared_nvfp4_swiglu_qmv_rows1_halved_bf16_v1_bfloat16_t_uint32_t_uint8_t_bfloat16_t,custom_kernel_laguna_shared_nvfp4_swiglu_qmv_rows1_halved_bf16_v1_bfloat16_t_uint32_t_uint8_t_bfloat16_t,threads,16384,64,256,2,256,12.8,6.4,13,7,1,1,48,24,SATURATING,53.517,,,
ordinal,376,prefill_router_tournament_ordinal_norm_active64_v2_bfloat16_t_float_uint32_t_float,custom_kernel_laguna_prefill_router_tournament_ordinal_norm_active64_v2_bfloat16_t_float_uint32_t_float,threads,256,256,1,8,1,0.05,0.025,1,1,1,1,12,12,SINGLE_TG,9.069,,,
ordinal,377,routed_nvfp4_swiglu_qmv_packed_top8keys_r1_bf16_v2_bfloat16_t_uint32_t_uint8_t_uint32_t_bfloat16_t,custom_kernel_laguna_routed_nvfp4_swiglu_qmv_packed_top8keys_r1_bf16_v2_bfloat16_t_uint32_t_uint8_t_uint32_t_bfloat16_t,threads,131072,64,2048,2,2048,102.4,51.2,103,52,2,3,48,24,SATURATING,386.877,,,
ordinal,378,routed_shared_nvfp4_down_residual_bf16_sh_stage4_v6_bfloat16_t_uint32_t_uint8_t_uint32_t_float_bfloat16_t_uint32_t_uint8_t_bfloat16_t_bfloat16_t,custom_kernel_laguna_routed_shared_nvfp4_down_residual_bf16_sh_stage4_v6_bfloat16_t_uint32_t_uint8_t_uint32_t_float_bfloat16_t_uint32_t_uint8_t_bfloat16_t_bfloat16_t,threads,147456,288,512,9,512,25.6,12.8,26,13,2,2,10,10,SATURATING,97.965,,,
ordinal,379,rmsbfloat16,rmsbfloat16,threads,512,512,1,16,1,0.05,0.025,1,1,1,1,6,6,SINGLE_TG,9.069,,,
ordinal,380,nvfp4_qkv_h64_r1_v1_lm1_pw1_se1_sd1_bfloat16_t_uint32_t_uint8_t_uint8_t_uint8_t_bfloat16_t,custom_kernel_laguna_decode_nvfp4_qkv_h64_r1_v1_lm1_pw1_se1_sd1_bfloat16_t_uint32_t_uint8_t_uint8_t_uint8_t_bfloat16_t,threads,327680,64,5120,2,5120,256.0,128.0,256,128,3,6,48,24,SATURATING,949.885,,,
ordinal,381,sliding_fused_attn_ring_v1_bfloat16_t_bfloat16_t_bfloat16_t_bfloat16_t_bfloat16_t_float_bfloat16_t_bfloat16_t_uint32_tc_floatc_bfloat16_t,custom_kernel_laguna_sliding_fused_attn_ring_v1_bfloat16_t_bfloat16_t_bfloat16_t_bfloat16_t_bfloat16_t_float_bfloat16_t_bfloat16_t_uint32_tc_floatc_bfloat16_t,threads,32768,1024,32,32,32,1.6,0.8,2,1,1,1,3,3,SUB_C_UNDERFILL,9.069,,,
ordinal,382,gate_sp_h64_v1_bfloat16_t_uint32_t_bfloat16_t_bfloat16_t_bfloat16_t,custom_kernel_laguna_gate_sp_h64_v1_bfloat16_t_uint32_t_bfloat16_t_bfloat16_t_bfloat16_t,threads,512,64,8,2,8,0.4,0.2,1,1,1,1,48,24,SUB_C_UNDERFILL,9.069,,,
ordinal,383,oproj_act_h64_v1_lm1_pw1_sc1_se1_bfloat16_t_bfloat16_t_uint32_t_uint8_t_uint8_t_uint8_t_bfloat16_t,custom_kernel_laguna_oproj_act_h64_v1_lm1_pw1_sc1_se1_bfloat16_t_bfloat16_t_uint32_t_uint8_t_uint8_t_uint8_t_bfloat16_t,threads,16384,64,256,2,256,12.8,6.4,13,7,1,1,48,24,SATURATING,53.517,,,
ordinal,384,residual_rms_router_bf16_2048_rpg8_keys_v1_pf1_bfloat16_t_bfloat16_t_bfloat16_t_bfloat16_t_float_bfloat16_t_bfloat16_t_bfloat16_t_uint32_t,custom_kernel_laguna_residual_rms_router_bf16_2048_rpg8_keys_v1_pf1_bfloat16_t_bfloat16_t_bfloat16_t_bfloat16_t_float_bfloat16_t_bfloat16_t_bfloat16_t_uint32_t,threads,16384,512,32,16,32,1.6,0.8,2,1,1,1,6,6,SUB_C_UNDERFILL,9.069,,,
ordinal,385,shared_nvfp4_swiglu_qmv_rows1_halved_bf16_v1_bfloat16_t_uint32_t_uint8_t_bfloat16_t,custom_kernel_laguna_shared_nvfp4_swiglu_qmv_rows1_halved_bf16_v1_bfloat16_t_uint32_t_uint8_t_bfloat16_t,threads,16384,64,256,2,256,12.8,6.4,13,7,1,1,48,24,SATURATING,53.517,,,
ordinal,386,prefill_router_tournament_ordinal_norm_active64_v2_bfloat16_t_float_uint32_t_float,custom_kernel_laguna_prefill_router_tournament_ordinal_norm_active64_v2_bfloat16_t_float_uint32_t_float,threads,256,256,1,8,1,0.05,0.025,1,1,1,1,12,12,SINGLE_TG,9.069,,,
ordinal,387,routed_nvfp4_swiglu_qmv_packed_top8keys_r1_bf16_v2_bfloat16_t_uint32_t_uint8_t_uint32_t_bfloat16_t,custom_kernel_laguna_routed_nvfp4_swiglu_qmv_packed_top8keys_r1_bf16_v2_bfloat16_t_uint32_t_uint8_t_uint32_t_bfloat16_t,threads,131072,64,2048,2,2048,102.4,51.2,103,52,2,3,48,24,SATURATING,386.877,,,
ordinal,388,routed_shared_nvfp4_down_residual_bf16_sh_stage4_v6_bfloat16_t_uint32_t_uint8_t_uint32_t_float_bfloat16_t_uint32_t_uint8_t_bfloat16_t_bfloat16_t,custom_kernel_laguna_routed_shared_nvfp4_down_residual_bf16_sh_stage4_v6_bfloat16_t_uint32_t_uint8_t_uint32_t_float_bfloat16_t_uint32_t_uint8_t_bfloat16_t_bfloat16_t,threads,147456,288,512,9,512,25.6,12.8,26,13,2,2,10,10,SATURATING,97.965,,,
ordinal,389,rmsbfloat16,rmsbfloat16,threads,512,512,1,16,1,0.05,0.025,1,1,1,1,6,6,SINGLE_TG,9.069,,,
ordinal,390,nvfp4_qkv_h64_r1_v1_lm1_pw1_se1_sd1_bfloat16_t_uint32_t_uint8_t_uint8_t_uint8_t_bfloat16_t,custom_kernel_laguna_decode_nvfp4_qkv_h64_r1_v1_lm1_pw1_se1_sd1_bfloat16_t_uint32_t_uint8_t_uint8_t_uint8_t_bfloat16_t,threads,327680,64,5120,2,5120,256.0,128.0,256,128,3,6,48,24,SATURATING,949.885,,,
ordinal,391,sliding_fused_attn_ring_v1_bfloat16_t_bfloat16_t_bfloat16_t_bfloat16_t_bfloat16_t_float_bfloat16_t_bfloat16_t_uint32_tc_floatc_bfloat16_t,custom_kernel_laguna_sliding_fused_attn_ring_v1_bfloat16_t_bfloat16_t_bfloat16_t_bfloat16_t_bfloat16_t_float_bfloat16_t_bfloat16_t_uint32_tc_floatc_bfloat16_t,threads,32768,1024,32,32,32,1.6,0.8,2,1,1,1,3,3,SUB_C_UNDERFILL,9.069,,,
ordinal,392,gate_sp_h64_v1_bfloat16_t_uint32_t_bfloat16_t_bfloat16_t_bfloat16_t,custom_kernel_laguna_gate_sp_h64_v1_bfloat16_t_uint32_t_bfloat16_t_bfloat16_t_bfloat16_t,threads,512,64,8,2,8,0.4,0.2,1,1,1,1,48,24,SUB_C_UNDERFILL,9.069,,,
ordinal,393,oproj_act_h64_v1_lm1_pw1_sc1_se1_bfloat16_t_bfloat16_t_uint32_t_uint8_t_uint8_t_uint8_t_bfloat16_t,custom_kernel_laguna_oproj_act_h64_v1_lm1_pw1_sc1_se1_bfloat16_t_bfloat16_t_uint32_t_uint8_t_uint8_t_uint8_t_bfloat16_t,threads,16384,64,256,2,256,12.8,6.4,13,7,1,1,48,24,SATURATING,53.517,,,
ordinal,394,residual_rms_router_bf16_2048_rpg8_keys_v1_pf1_bfloat16_t_bfloat16_t_bfloat16_t_bfloat16_t_float_bfloat16_t_bfloat16_t_bfloat16_t_uint32_t,custom_kernel_laguna_residual_rms_router_bf16_2048_rpg8_keys_v1_pf1_bfloat16_t_bfloat16_t_bfloat16_t_bfloat16_t_float_bfloat16_t_bfloat16_t_bfloat16_t_uint32_t,threads,16384,512,32,16,32,1.6,0.8,2,1,1,1,6,6,SUB_C_UNDERFILL,9.069,,,
ordinal,395,shared_nvfp4_swiglu_qmv_rows1_halved_bf16_v1_bfloat16_t_uint32_t_uint8_t_bfloat16_t,custom_kernel_laguna_shared_nvfp4_swiglu_qmv_rows1_halved_bf16_v1_bfloat16_t_uint32_t_uint8_t_bfloat16_t,threads,16384,64,256,2,256,12.8,6.4,13,7,1,1,48,24,SATURATING,53.517,,,
ordinal,396,prefill_router_tournament_ordinal_norm_active64_v2_bfloat16_t_float_uint32_t_float,custom_kernel_laguna_prefill_router_tournament_ordinal_norm_active64_v2_bfloat16_t_float_uint32_t_float,threads,256,256,1,8,1,0.05,0.025,1,1,1,1,12,12,SINGLE_TG,9.069,,,
ordinal,397,routed_nvfp4_swiglu_qmv_packed_top8keys_r1_bf16_v2_bfloat16_t_uint32_t_uint8_t_uint32_t_bfloat16_t,custom_kernel_laguna_routed_nvfp4_swiglu_qmv_packed_top8keys_r1_bf16_v2_bfloat16_t_uint32_t_uint8_t_uint32_t_bfloat16_t,threads,131072,64,2048,2,2048,102.4,51.2,103,52,2,3,48,24,SATURATING,386.877,,,
ordinal,398,routed_shared_nvfp4_down_residual_bf16_sh_stage4_v6_bfloat16_t_uint32_t_uint8_t_uint32_t_float_bfloat16_t_uint32_t_uint8_t_bfloat16_t_bfloat16_t,custom_kernel_laguna_routed_shared_nvfp4_down_residual_bf16_sh_stage4_v6_bfloat16_t_uint32_t_uint8_t_uint32_t_float_bfloat16_t_uint32_t_uint8_t_bfloat16_t_bfloat16_t,threads,147456,288,512,9,512,25.6,12.8,26,13,2,2,10,10,SATURATING,97.965,,,
ordinal,399,rmsbfloat16,rmsbfloat16,threads,512,512,1,16,1,0.05,0.025,1,1,1,1,6,6,SINGLE_TG,9.069,,,
ordinal,400,lmhead_int5_base_coarse_delta_bf16_v1_bfloat16_t_uint8_t_uint8_t_float_bfloat16_t,custom_kernel_laguna_lmhead_int5_base_coarse_delta_bf16_v1_bfloat16_t_uint8_t_uint8_t_float_bfloat16_t,threads,3211264,512,6272,16,6272,313.6,156.8,314,157,27,27,6,6,SATURATING,1164.717,,,
ordinal,401,lmhead_coarse_argmax_stage1_v5_float_float_uint32_t,custom_kernel_laguna_lmhead_coarse_argmax_stage1_v5_float_float_uint32_t,threads,28672,224,128,7,128,6.4,3.2,7,4,1,1,13,13,NEAR_C,31.293,,,
ordinal,402,lmhead_exact_winner_bf16_midpoint_threshold_v1_float_uint32_t_bfloat16_t_bfloat16_t_float,custom_kernel_laguna_lmhead_exact_winner_bf16_midpoint_threshold_v1_float_uint32_t_bfloat16_t_bfloat16_t_float,threads,32,32,1,1,1,0.05,0.025,1,1,1,1,96,24,SINGLE_TG,9.069,,,
ordinal,403,lmhead_exact_fused_int5_sparse_refine_v1_float_bfloat16_t_floatc_bfloat16_t_bfloat16_t_uint8_t_uint8_t_bfloat16_t,custom_kernel_laguna_lmhead_exact_fused_int5_sparse_refine_v1_float_bfloat16_t_floatc_bfloat16_t_bfloat16_t_uint8_t_uint8_t_bfloat16_t,threads,802816,256,3136,8,3136,156.8,78.4,157,79,7,7,12,12,SATURATING,586.893,,,
ordinal,404,gather_frontbfloat16_int32_int_2,gather_frontbfloat16_int32_int_2,threads,50176,1024,49,32,49,2.45,1.225,3,2,1,1,3,3,NEAR_C,16.477,,,
ordinal,405,argmax_bfloat16,argmax_bfloat16,threads,1024,1024,1,32,1,0.05,0.025,1,1,1,1,3,3,SINGLE_TG,9.069,,,
ordinal,406,gather_frontbfloat16_int32_int_2,gather_frontbfloat16_int32_int_2,threads,50176,1024,49,32,49,2.45,1.225,3,2,1,1,3,3,NEAR_C,16.477,,,
ordinal,407,vn_copybfloat16float32,vn_copybfloat16float32,threads,50176,1024,49,32,49,2.45,1.225,3,2,1,1,3,3,NEAR_C,16.477,,,
